timestamp,rssi,noise_floor,agc_gain,fft_gain,subcarrier_0,subcarrier_1,subcarrier_2,subcarrier_3,subcarrier_4,subcarrier_5,subcarrier_6,subcarrier_7,subcarrier_8,subcarrier_9,subcarrier_10,subcarrier_11,subcarrier_12,subcarrier_13,subcarrier_14,subcarrier_15,subcarrier_16,subcarrier_17,subcarrier_18,subcarrier_19,subcarrier_20,subcarrier_21,subcarrier_22,subcarrier_23,subcarrier_24,subcarrier_25,subcarrier_26,subcarrier_27,subcarrier_28,subcarrier_29,subcarrier_30,subcarrier_31,subcarrier_32,subcarrier_33,subcarrier_34,subcarrier_35,subcarrier_36,subcarrier_37,subcarrier_38,subcarrier_39,subcarrier_40,subcarrier_41,subcarrier_42,subcarrier_43,subcarrier_44,subcarrier_45,subcarrier_46,subcarrier_47,subcarrier_48,subcarrier_49,subcarrier_50,subcarrier_51
0,-42,-96,21,9,71.84706115722656,68.24954223632812,68.65857696533203,66.21932983398438,67.05221557617188,65.45991516113281,65.92420196533203,65.39112854003906,66.64083099365234,69.31810760498047,70.66116333007812,70.66116333007812,72.4706802368164,74.4311752319336,73.43023681640625,74.94664764404297,74.625732421875,74.4311752319336,73.7834701538086,75.1664810180664,74.4311752319336,74.94664764404297,73.57308959960938,74.94664764404297,74.4311752319336,74.30342864990234,74.4311752319336,73.9256362915039,71.58910369873047,72.06941223144531,69.77105712890625,70.66116333007812,67.08203887939453,65.30696868896484,65.79513549804688,65.0,62.7694206237793,62.032249450683594,58.52349853515625,59.13543701171875,58.18934631347656,54.708316802978516,56.04462432861328,52.63079071044922,52.17279052734375,50.80354309082031,49.497474670410156,48.25971221923828,48.041648864746094,46.0,46.010868072509766,44.40720748901367
0,-42,-96,21,9,69.89277648925781,66.7607650756836,67.44627380371094,66.94026947021484,65.11528015136719,64.62971496582031,65.37583923339844,65.19202423095703,66.00757598876953,67.02984619140625,69.00724792480469,70.0,71.0,71.0,73.06161499023438,73.10950469970703,74.1687240600586,73.10950469970703,74.24284362792969,75.23961639404297,73.24616241455078,74.24284362792969,73.17103576660156,75.1664810180664,73.10950469970703,73.06161499023438,73.06161499023438,72.0,72.00694274902344,70.0,70.0,70.0,68.00735473632812,66.0302963256836,65.03076171875,64.1248779296875,63.28506851196289,60.29925537109375,58.4208869934082,58.694122314453125,57.55866622924805,54.7448616027832,53.93514633178711,52.39274597167969,52.39274597167969,49.72926712036133,48.08325958251953,47.434165954589844,46.097721099853516,46.06517028808594,43.90899658203125,42.43819046020508
0,-42,-96,20,13,74.65252685546875,71.61005401611328,72.94518280029297,68.79679870605469,68.96376037597656,68.0,69.35416412353516,69.46221923828125,70.57620239257812,71.51223754882812,73.38937377929688,74.0,74.3303451538086,76.24303436279297,74.3303451538086,77.6208724975586,75.43209075927734,78.84795379638672,76.15773010253906,77.36924743652344,76.65507507324219,77.36924743652344,77.6208724975586,78.33900451660156,78.16009521484375,75.43209075927734,76.92203521728516,76.24303436279297,74.3303451538086,76.5375747680664,71.7844009399414,72.11102294921875,70.83784484863281,68.70953369140625,68.3520278930664,68.70953369140625,65.0,62.64982223510742,61.717098236083984,60.373836517333984,61.269893646240234,58.13776779174805,58.66856002807617,56.080299377441406,53.5350341796875,52.69725036621094,51.400390625,51.22499465942383,50.32891845703125,49.51767349243164,46.75468063354492,45.0
0,-42,-96,21,9,69.89277648925781,64.81512451171875,67.47592163085938,65.29930877685547,65.79513549804688,64.35060119628906,66.52819061279297,65.29930877685547,66.21932983398438,66.84310150146484,69.65629577636719,70.80254364013672,70.21395874023438,71.02816009521484,71.02816009521484,72.11102294921875,71.56116485595703,73.49829864501953,72.40165710449219,73.7834701538086,72.67048645019531,74.88658142089844,71.84706115722656,74.88658142089844,74.40430450439453,73.23933410644531,73.81734466552734,72.62230682373047,71.21797180175781,71.0633544921875,68.88395690917969,68.7677230834961,66.70832061767578,65.85590362548828,63.70243453979492,62.93647766113281,61.55485534667969,59.46427536010742,58.898216247558594,58.13776779174805,57.48912811279297,54.20331954956055,54.4058837890625,51.61395263671875,49.648765563964844,49.39635467529297,48.87739944458008,47.41307830810547,47.01063537597656,45.54119110107422,43.96589660644531,41.9761848449707
0,-42,-96,20,13,74.20242309570312,71.70076751708984,70.1783447265625,70.00714111328125,68.62215423583984,68.01470184326172,68.24954223632812,67.80117797851562,68.818603515625,70.45565795898438,73.24616241455078,74.09453582763672,75.47184753417969,74.4311752319336,74.4311752319336,77.89736938476562,76.47875213623047,76.05918884277344,76.92203521728516,79.60527801513672,77.89736938476562,77.82672882080078,76.94153594970703,77.82672882080078,77.41446685791016,76.05918884277344,76.05918884277344,76.15773010253906,75.29276275634766,73.43023681640625,73.24616241455078,71.34423828125,70.1783447265625,69.3397445678711,68.50547790527344,65.45991516113281,64.40496826171875,63.60031509399414,61.400325775146484,59.81638717651367,59.03388977050781,58.898216247558594,58.13776779174805,55.90169906616211,53.740116119384766,50.990196228027344,50.990196228027344,49.67897033691406,48.60041046142578,46.87216567993164,46.647613525390625,45.18849563598633
0,-42,-96,20,13,71.17584228515625,70.7742919921875,68.70953369140625,68.3520278930664,67.05221557617188,67.18630981445312,67.46851348876953,68.06614685058594,67.74215698242188,70.45565795898438,72.3394775390625,72.11102294921875,75.1664810180664,75.1065902709961,75.1664810180664,77.10382843017578,77.05841827392578,76.16429901123047,77.05841827392578,77.16217041015625,77.16217041015625,77.16217041015625,75.1065902709961,77.02597045898438,78.05767059326172,76.10519409179688,75.32595825195312,75.32595825195312,74.67261505126953,71.44927978515625,72.00694274902344,71.84706115722656,70.03570556640625,68.06614685058594,66.70832061767578,64.32728576660156,64.53681182861328,63.56099319458008,62.09669876098633,61.98386764526367,58.18934631347656,58.18934631347656,56.64803695678711,54.7813835144043,54.12947463989258,51.0,51.4781494140625,50.774009704589844,49.09175109863281,48.010414123535156,44.821868896484375,45.25483322143555
0,-42,-96,20,13,73.35530090332031,72.56031799316406,69.6419448852539,69.6419448852539,67.67569732666016,67.80117797851562,69.65629577636719,68.7677230834961,69.35416412353516,71.4212875366211,72.86288452148438,73.0,75.92759704589844,75.1664810180664,76.48529052734375,77.46611785888672,76.83749389648438,76.69419860839844,78.4091796875,79.5110092163086,77.23341369628906,78.74642944335938,75.28611755371094,77.801025390625,78.24320983886719,77.46611785888672,76.5767593383789,77.23341369628906,75.82215881347656,74.41101837158203,71.4212875366211,72.12489318847656,71.44927978515625,68.62215423583984,67.20863342285156,67.20863342285156,64.35060119628906,63.70243453979492,61.61980056762695,59.66573715209961,59.66573715209961,57.628116607666016,57.20139694213867,55.217750549316406,55.75840759277344,51.4781494140625,51.88448715209961,49.658836364746094,50.08992004394531,48.84669876098633,46.48655700683594,44.14748001098633
0,-42,-96,20,13,71.84706115722656,71.02816009521484,70.29224395751953,68.88395690917969,67.94115447998047,67.17886352539062,67.94115447998047,68.01470184326172,70.29224395751953,69.02897644042969,72.20111083984375,72.11102294921875,74.88658142089844,74.625732421875,76.5506362915039,74.94664764404297,74.4311752319336,75.29276275634766,77.02597045898438,77.69813537597656,74.4311752319336,77.5241928100586,74.94664764404297,77.41446685791016,77.02597045898438,75.29276275634766,75.80237579345703,75.47184753417969,74.94664764404297,72.40165710449219,70.72481536865234,71.28113555908203,69.63475799560547,67.80117797851562,67.80117797851562,65.0,63.60031509399414,62.801273345947266,60.4400520324707,61.073726654052734,58.2580451965332,58.051700592041016,56.58621597290039,55.865909576416016,53.75872039794922,51.088157653808594,51.855567932128906,50.6063232421875,46.615447998046875,47.16990661621094,47.01063537597656,44.777225494384766
0,-42,-96,20,13,70.0927963256836,67.72000885009766,67.05221557617188,67.05221557617188,65.55150604248047,63.56099319458008,64.40496826171875,66.24198150634766,66.73080444335938,69.3397445678711,69.3397445678711,70.21395874023438,72.20111083984375,72.20111083984375,71.61005401611328,74.63243103027344,73.60027313232422,73.81734466552734,73.40980529785156,74.20242309570312,75.80237579345703,75.0,72.80110168457031,74.02702331542969,75.0,75.0,74.63243103027344,72.67048645019531,70.1783447265625,69.89277648925781,68.26419067382812,69.1158447265625,67.74215698242188,66.24198150634766,65.3681869506836,64.0078125,62.17716598510742,59.93329620361328,59.50630187988281,58.600341796875,56.080299377441406,55.154327392578125,54.424259185791016,52.201534271240234,50.59644317626953,50.96076965332031,48.50773239135742,49.030601501464844,46.52956008911133,45.27692413330078,44.0113639831543,43.011627197265625
0,-42,-96,20,13,72.0,71.02816009521484,69.2603759765625,71.44927978515625,65.92420196533203,68.24954223632812,67.6830825805664,69.37578582763672,70.88018035888672,68.62215423583984,72.44998168945312,72.80110168457031,74.09453582763672,74.84651184082031,78.0,74.73285675048828,78.79086303710938,74.32361602783203,80.11241912841797,76.55716705322266,78.0,77.47257232666016,73.53910827636719,78.79086303710938,77.47257232666016,77.077880859375,77.6208724975586,73.73601531982422,75.61084747314453,71.86793518066406,74.0,71.7844009399414,71.47027587890625,66.7607650756836,67.72000885009766,64.28841400146484,66.21932983398438,62.585941314697266,60.20797348022461,62.169124603271484,58.051700592041016,60.67124557495117,56.32051086425781,56.4358024597168,53.23532485961914,52.009613037109375,53.0,50.0099983215332,48.166378021240234,47.381431579589844,46.69047164916992,46.3249397277832
0,-42,-96,21,10,71.16881561279297,73.37574768066406,68.680419921875,72.80110168457031,67.6830825805664,71.84706115722656,70.57620239257812,72.24956512451172,72.11102294921875,70.0,73.00685119628906,75.0,76.00657653808594,76.02631378173828,80.02499389648438,77.02597045898438,81.1541748046875,76.02631378173828,82.15229797363281,80.15609741210938,80.05622863769531,81.05553436279297,76.10519409179688,81.22191619873047,79.15807342529297,81.05553436279297,81.05553436279297,76.0,77.0064926147461,74.0,76.00657653808594,73.02738952636719,72.06246948242188,70.11418914794922,68.11754608154297,66.12110137939453,65.19202423095703,64.38167572021484,62.513999938964844,63.639610290527344,58.85575485229492,60.8276252746582,57.070133209228516,56.29387283325195,54.81787872314453,53.45091247558594,50.59644317626953,51.62363815307617,47.423622131347656,49.19349670410156,47.50789260864258,46.3249397277832
0,-42,-96,21,9,71.50524139404297,67.20863342285156,67.89698028564453,66.52819061279297,65.4369888305664,64.40496826171875,66.0302963256836,66.0378646850586,67.74215698242188,67.60177612304688,68.88395690917969,70.66116333007812,72.91776275634766,72.44998168945312,73.79024505615234,75.1531753540039,72.49827575683594,72.49827575683594,73.9256362915039,74.32361602783203,74.24958038330078,76.05918884277344,74.24958038330078,74.84651184082031,75.1531753540039,75.1531753540039,75.1531753540039,73.34848022460938,71.5541763305664,71.5541763305664,68.96376037597656,68.47627258300781,68.09552001953125,65.0,65.51335906982422,63.812225341796875,62.12889862060547,60.74536895751953,61.032779693603516,58.00862121582031,57.00876998901367,55.60575485229492,53.90732955932617,51.7397346496582,51.62363815307617,49.497474670410156,50.990196228027344,48.27007293701172,47.01063537597656,45.486263275146484,45.27692413330078,42.48529052734375
0,-42,-96,20,13,70.03570556640625,72.56720733642578,67.18630981445312,70.60453033447266,66.7607650756836,68.70953369140625,65.92420196533203,69.46221923828125,70.26378631591797,67.60177612304688,71.02112579345703,72.94518280029297,73.7834701538086,75.7165756225586,76.00657653808594,73.49829864501953,77.66595458984375,72.94518280029297,77.66595458984375,76.5506362915039,76.85050201416016,77.38862609863281,73.23933410644531,74.81310272216797,77.42092895507812,76.02631378173828,77.93586730957031,74.94664764404297,76.32168579101562,69.97142028808594,73.43023681640625,71.11962127685547,71.5541763305664,67.08203887939453,66.18912506103516,63.95310592651367,63.50590515136719,62.60990524291992,62.169124603271484,63.158531188964844,57.00876998901367,57.584720611572266,54.424259185791016,55.36244201660156,52.88667297363281,51.195701599121094,52.17279052734375,49.36598205566406,47.381431579589844,47.26520919799805,45.09988784790039,44.0113639831543
0,-42,-96,20,13,73.16419982910156,71.51223754882812,71.47027587890625,68.680419921875,70.3420181274414,68.24954223632812,68.88395690917969,67.47592163085938,69.2603759765625,71.11258697509766,71.02816009521484,74.0,76.0,75.0,76.0,77.0064926147461,77.02597045898438,77.02597045898438,77.10382843017578,78.05767059326172,77.0064926147461,77.0064926147461,77.05841827392578,78.10249328613281,78.00640869140625,78.0,77.02597045898438,77.0,75.0,75.0,72.06246948242188,72.06246948242188,71.02816009521484,69.1158447265625,67.18630981445312,67.18630981445312,64.28063201904297,62.28964614868164,61.52235412597656,60.29925537109375,58.54912567138672,57.706153869628906,58.051700592041016,53.36665725708008,52.63079071044922,51.244510650634766,52.201534271240234,49.39635467529297,48.84669876098633,47.423622131347656,46.52956008911133,43.8292121887207
0,-42,-96,20,13,70.26378631591797,69.7782211303711,67.779052734375,67.779052734375,66.7607650756836,66.7607650756836,65.96968841552734,66.0984115600586,66.0984115600586,69.58448028564453,70.45565795898438,71.25306701660156,71.25306701660156,72.24956512451172,72.17340087890625,75.05997467041016,76.05918884277344,73.02738952636719,76.00657653808594,76.02631378173828,75.02666473388672,75.05997467041016,74.06078338623047,75.0,75.05997467041016,75.02666473388672,73.06161499023438,72.24956512451172,72.17340087890625,71.17584228515625,70.25667572021484,68.35934448242188,68.4689712524414,65.4904556274414,65.4904556274414,63.639610290527344,62.801273345947266,60.20797348022461,59.228370666503906,59.228370666503906,57.27128601074219,54.81787872314453,54.81787872314453,53.45091247558594,50.9215087890625,49.97999572753906,48.84669876098633,47.92702865600586,47.85394287109375,46.647613525390625,44.65422821044922,42.01190185546875
0,-42,-96,20,13,73.40980529785156,68.7677230834961,71.44927978515625,70.03570556640625,68.62215423583984,68.01470184326172,68.60028839111328,68.818603515625,71.28113555908203,71.56116485595703,73.7834701538086,74.4311752319336,75.80237579345703,74.79304504394531,75.1797866821289,77.82672882080078,75.58438873291016,76.47875213623047,76.48529052734375,77.38862609863281,77.36924743652344,78.72102355957031,76.94153594970703,79.15807342529297,79.60527801513672,77.36924743652344,76.47875213623047,76.47875213623047,74.24284362792969,75.1797866821289,72.20111083984375,72.56031799316406,72.20111083984375,68.26419067382812,67.11929321289062,65.19202423095703,64.07027435302734,63.60031509399414,63.0079345703125,60.80295944213867,60.0,57.628116607666016,58.13776779174805,54.5618896484375,53.75872039794922,52.345008850097656,50.2493782043457,50.93132781982422,49.04079818725586,46.615447998046875,44.94440841674805,45.17742919921875
0,-42,-96,21,9,70.45565795898438,66.48307800292969,67.26811981201172,65.30696868896484,66.21932983398438,63.324562072753906,65.14598846435547,66.73080444335938,65.92420196533203,68.15423583984375,68.94200134277344,70.21395874023438,70.68238830566406,70.66116333007812,71.5541763305664,72.06941223144531,71.19690704345703,72.94518280029297,73.43023681640625,73.82411193847656,72.00694274902344,73.43023681640625,71.5541763305664,73.43023681640625,72.89718627929688,70.66116333007812,72.44998168945312,71.5541763305664,68.87670135498047,70.68238830566406,67.62396240234375,67.23094177246094,66.85057830810547,64.25729370117188,62.96824645996094,61.6846809387207,61.032779693603516,59.77457809448242,57.00876998901367,56.04462432861328,57.28001403808594,55.785301208496094,54.34151077270508,51.788028717041016,51.35172653198242,49.36598205566406,48.041648864746094,47.095645904541016,47.0,45.09988784790039,43.28972244262695,41.9761848449707
0,-42,-96,20,13,72.53275299072266,68.65857696533203,70.21395874023438,68.06614685058594,67.36467742919922,64.19501495361328,68.02940368652344,68.00735473632812,69.00724792480469,71.00704193115234,71.02816009521484,71.11258697509766,72.17340087890625,73.24616241455078,72.24956512451172,77.64663696289062,73.68174743652344,77.41446685791016,74.67261505126953,76.65507507324219,76.53103637695312,76.53103637695312,77.3175277709961,76.65507507324219,76.41989135742188,75.23961639404297,75.32595825195312,75.23961639404297,72.24956512451172,74.24284362792969,71.0633544921875,70.028564453125,71.02816009521484,67.00746154785156,66.0,66.0,64.03124237060547,63.12685775756836,60.20797348022461,58.215118408203125,59.21148681640625,56.14267349243164,57.706153869628906,52.77309799194336,53.15073013305664,52.39274597167969,50.695167541503906,47.434165954589844,48.84669876098633,46.097721099853516,44.29446792602539,42.19004440307617
0,-42,-96,20,13,73.40980529785156,73.75635528564453,69.42621612548828,70.03570556640625,67.17886352539062,68.01470184326172,68.11754608154297,69.20259857177734,71.61005401611328,69.065185546875,73.49829864501953,74.94664764404297,74.4311752319336,74.4311752319336,78.03204345703125,76.15773010253906,76.15773010253906,75.29276275634766,77.89736938476562,77.02597045898438,77.89736938476562,78.39005279541016,74.79304504394531,77.02597045898438,77.89736938476562,77.89736938476562,77.5241928100586,76.00657653808594,76.5506362915039,72.71863555908203,73.23933410644531,71.84706115722656,71.61005401611328,69.065185546875,67.62396240234375,65.6048812866211,65.0,63.89052963256836,62.481998443603516,61.61980056762695,58.728187561035156,57.314918518066406,55.17245864868164,55.17245864868164,53.75872039794922,51.7397346496582,51.22499465942383,50.21951675415039,48.54894256591797,49.24428939819336,46.06517028808594,44.384681701660156
0,-42,-96,20,13,70.29224395751953,70.29224395751953,69.3108901977539,68.59300231933594,67.20863342285156,65.94694519042969,65.4369888305664,68.4105224609375,66.85057830810547,69.89277648925781,71.02112579345703,72.20111083984375,74.4311752319336,75.29276275634766,74.4311752319336,76.47875213623047,75.13321685791016,73.35530090332031,74.6860122680664,76.05918884277344,76.05918884277344,76.05918884277344,74.70609283447266,76.02631378173828,75.59100341796875,76.5375747680664,76.5375747680664,74.30342864990234,72.56031799316406,73.43023681640625,69.1158447265625,70.1783447265625,69.3397445678711,67.67569732666016,66.0302963256836,65.21502685546875,63.0079345703125,62.00806427001953,59.81638717651367,59.66573715209961,58.2580451965332,56.7274169921875,55.226806640625,52.345008850097656,52.32590103149414,50.990196228027344,49.81967544555664,49.81967544555664,46.615447998046875,45.79301071166992,44.29446792602539,43.46262741088867
0,-42,-96,20,13,71.0,69.0,69.02897644042969,68.06614685058594,65.27633666992188,65.76473236083984,65.11528015136719,65.51335906982422,65.96968841552734,67.72000885009766,70.51950073242188,71.7844009399414,73.38937377929688,72.44998168945312,73.38937377929688,74.46475982666016,74.09453582763672,76.32168579101562,74.46475982666016,74.09453582763672,75.96051788330078,75.02666473388672,75.7693862915039,76.15773010253906,76.32168579101562,75.02666473388672,75.61084747314453,73.38937377929688,72.11102294921875,71.16881561279297,69.92138671875,69.92138671875,67.72000885009766,66.21932983398438,64.76110076904297,64.56005096435547,64.03124237060547,61.188232421875,60.20797348022461,59.03388977050781,58.85575485229492,57.55866622924805,56.32051086425781,54.230987548828125,51.03919982910156,50.0,50.0,48.093658447265625,48.093658447265625,47.16990661621094,43.5660400390625,44.14748001098633
0,-42,-96,21,9,70.21395874023438,67.72000885009766,67.6830825805664,66.2872543334961,64.93843078613281,64.38167572021484,64.1248779296875,67.00746154785156,67.0,69.0,70.0,69.065185546875,71.11258697509766,71.17584228515625,73.24616241455078,72.3394775390625,72.56031799316406,73.43704986572266,74.4311752319336,74.5452880859375,74.5452880859375,74.4311752319336,72.3394775390625,73.55270385742188,75.32595825195312,74.3303451538086,72.3394775390625,71.17584228515625,73.10950469970703,71.17584228515625,70.06425476074219,67.06713104248047,68.11754608154297,65.03076171875,64.0,63.0,62.00806427001953,60.074954986572266,59.21148681640625,58.03447341918945,57.21887969970703,54.33230972290039,53.46026611328125,52.611785888671875,50.48762130737305,49.030601501464844,49.47726821899414,48.764739990234375,46.48655700683594,46.2385139465332,43.382022857666016,43.046485900878906
0,-42,-96,20,13,73.00685119628906,71.21797180175781,70.83784484863281,68.01470184326172,68.59300231933594,67.94115447998047,68.01470184326172,68.7677230834961,69.20259857177734,70.80254364013672,71.02816009521484,73.49829864501953,73.7834701538086,75.47184753417969,76.5506362915039,75.80237579345703,78.23043060302734,74.4311752319336,78.03204345703125,77.5241928100586,76.32168579101562,78.03204345703125,76.00657653808594,78.39005279541016,77.5241928100586,78.23043060302734,78.23043060302734,76.27581787109375,75.45197296142578,74.06078338623047,72.20111083984375,71.61005401611328,72.00694274902344,68.24954223632812,67.62396240234375,66.06814575195312,65.29930877685547,63.78087615966797,61.61980056762695,60.87692642211914,58.694122314453125,57.982757568359375,56.58621597290039,54.488529205322266,53.26349639892578,51.400390625,52.201534271240234,49.09175109863281,46.647613525390625,47.01063537597656,45.18849563598633,46.48655700683594
0,-42,-96,20,13,73.10950469970703,70.0927963256836,70.72481536865234,69.29646301269531,67.35725402832031,68.88395690917969,66.21932983398438,67.67569732666016,69.065185546875,69.3397445678711,71.86793518066406,72.56031799316406,74.79304504394531,73.9256362915039,77.02597045898438,75.59100341796875,76.47875213623047,74.24284362792969,77.36924743652344,78.71467590332031,77.41446685791016,78.29431915283203,73.82411193847656,77.41446685791016,77.89736938476562,75.66372680664062,77.02597045898438,74.94664764404297,76.32168579101562,72.71863555908203,72.67048645019531,72.11102294921875,71.02816009521484,67.42403411865234,66.40029907226562,63.60031509399414,64.81512451171875,61.073726654052734,60.95900344848633,60.95900344848633,55.865909576416016,57.28001403808594,55.865909576416016,54.451812744140625,53.81449508666992,51.22499465942383,51.400390625,50.21951675415039,47.16990661621094,47.41307830810547,46.097721099853516,44.94440841674805
0,-42,-96,20,13,72.56720733642578,70.8307876586914,69.6419448852539,68.96376037597656,67.67569732666016,68.70953369140625,68.54196166992188,66.70832061767578,69.77105712890625,68.88395690917969,73.82411193847656,73.06161499023438,74.94664764404297,74.94664764404297,74.4311752319336,77.10382843017578,77.10382843017578,75.47184753417969,77.66595458984375,77.38862609863281,74.94664764404297,77.10382843017578,75.47184753417969,77.93586730957031,76.85050201416016,76.85050201416016,77.5241928100586,74.4311752319336,74.4311752319336,72.06941223144531,72.4706802368164,71.5541763305664,71.11258697509766,68.87670135498047,65.79513549804688,65.39112854003906,65.0,62.96824645996094,61.6846809387207,59.13543701171875,59.13543701171875,58.18934631347656,56.32051086425781,55.785301208496094,52.39274597167969,50.80354309082031,50.635955810546875,49.36598205566406,47.04253387451172,46.0,45.0444221496582,44.283180236816406
0,-42,-96,20,13,73.82411193847656,71.34423828125,70.25667572021484,69.1158447265625,70.00714111328125,65.0,68.06614685058594,67.26811981201172,70.57620239257812,71.84706115722656,72.00694274902344,73.16419982910156,75.13321685791016,74.52516174316406,74.52516174316406,76.68767547607422,76.40026092529297,76.15773010253906,76.40026092529297,77.1297607421875,76.68767547607422,78.10249328613281,77.66595458984375,77.36924743652344,77.87811279296875,75.70997619628906,75.50496673583984,76.11833190917969,72.99314880371094,74.3303451538086,71.56814575195312,71.56814575195312,70.34912872314453,68.26419067382812,69.2603759765625,66.27216339111328,64.19501495361328,63.03173828125,62.00806427001953,60.0,59.0,58.0,58.03447341918945,55.145263671875,53.33854293823242,51.4781494140625,51.788028717041016,50.21951675415039,49.72926712036133,46.840152740478516,47.16990661621094,44.283180236816406
0,-42,-96,20,13,73.06161499023438,71.34423828125,70.72481536865234,70.45565795898438,66.84310150146484,68.01470184326172,68.680419921875,67.88224792480469,70.72481536865234,70.76722717285156,74.41101837158203,74.65252685546875,74.20242309570312,74.02702331542969,76.05918884277344,78.00640869140625,77.42092895507812,75.80237579345703,78.00640869140625,78.60025787353516,77.6208724975586,78.4091796875,77.0064926147461,78.23681640625,77.801025390625,77.801025390625,76.216796875,75.28611755371094,75.92759704589844,74.02702331542969,72.91776275634766,72.18032836914062,70.76722717285156,69.3108901977539,67.89698028564453,68.59300231933594,65.05382537841797,62.2414665222168,62.28964614868164,60.20797348022461,59.54829788208008,58.13776779174805,57.628116607666016,55.803226470947266,54.64430618286133,50.477718353271484,52.47856521606445,51.0,49.658836364746094,48.84669876098633,44.59820556640625,45.607017517089844
0,-42,-96,20,13,75.1664810180664,71.86793518066406,69.46221923828125,68.88395690917969,68.44705963134766,66.85057830810547,68.00735473632812,68.680419921875,71.16881561279297,70.3420181274414,72.53275299072266,74.21590423583984,75.92759704589844,75.70997619628906,76.68767547607422,77.66595458984375,76.11833190917969,77.46611785888672,78.08969116210938,78.26238250732422,78.26238250732422,78.44743347167969,78.26238250732422,78.08969116210938,78.64476776123047,78.85429382324219,78.64476776123047,75.43209075927734,77.36924743652344,73.24616241455078,73.76313781738281,71.56814575195312,71.16881561279297,68.00735473632812,69.57010650634766,67.05221557617188,66.128662109375,63.324562072753906,62.7694206237793,61.32699203491211,59.50630187988281,57.697486877441406,58.13776779174805,55.009090423583984,54.58937454223633,51.97114562988281,51.312767028808594,51.61395263671875,48.41487503051758,47.423622131347656,45.25483322143555,43.931766510009766
0,-42,-96,21,9,71.0,70.00714111328125,68.18357849121094,68.18357849121094,64.62971496582031,66.2872543334961,65.51335906982422,67.72000885009766,67.72000885009766,67.05221557617188,69.6419448852539,71.30918884277344,72.23572540283203,72.61542510986328,75.7693862915039,73.00685119628906,75.64390563964844,73.00685119628906,76.05918884277344,76.15773010253906,75.23961639404297,76.15773010253906,73.40980529785156,75.58438873291016,76.05918884277344,76.05918884277344,74.84651184082031,72.80110168457031,75.02666473388672,68.70953369140625,69.57010650634766,70.51950073242188,68.3081283569336,66.7607650756836,66.7607650756836,63.89052963256836,61.6846809387207,61.13100814819336,59.90826416015625,59.43904495239258,56.08921432495117,58.24946212768555,54.7448616027832,51.35172653198242,51.35172653198242,51.03919982910156,49.01020431518555,49.0,46.0,46.04345703125,44.18144226074219,43.931766510009766
0,-42,-96,20,13,73.87828063964844,74.20242309570312,68.818603515625,72.42237091064453,68.26419067382812,71.19690704345703,68.96376037597656,70.66116333007812,71.5541763305664,69.46221923828125,74.3303451538086,74.94664764404297,77.16217041015625,75.89466094970703,79.71198272705078,77.16217041015625,80.0062484741211,74.94664764404297,80.95677947998047,79.71198272705078,78.18567657470703,79.12016296386719,76.216796875,79.12016296386719,80.0062484741211,79.37883758544922,79.71198272705078,74.84651184082031,78.0,73.53910827636719,73.82411193847656,74.24958038330078,72.00694274902344,69.77105712890625,70.32780456542969,65.76473236083984,64.8459701538086,64.0078125,63.631752014160156,62.433963775634766,57.688819885253906,59.64059066772461,55.217750549316406,55.803226470947266,54.5618896484375,52.345008850097656,52.32590103149414,50.990196228027344,47.423622131347656,46.22769546508789,48.41487503051758,45.486263275146484
0,-42,-96,21,9,70.72481536865234,70.71067810058594,66.52819061279297,69.35416412353516,65.29930877685547,67.20118713378906,65.21502685546875,68.50547790527344,68.79679870605469,66.73080444335938,71.11962127685547,71.5541763305664,72.44998168945312,73.34848022460938,75.13321685791016,71.5541763305664,77.82030487060547,72.44998168945312,76.05918884277344,75.13321685791016,76.47875213623047,75.59100341796875,73.79024505615234,75.64390563964844,76.05918884277344,76.92203521728516,75.66372680664062,73.43023681640625,75.29276275634766,69.83551788330078,71.86793518066406,69.3397445678711,69.3397445678711,65.21502685546875,66.0302963256836,61.61168670654297,63.0079345703125,61.400325775146484,60.605281829833984,59.66573715209961,56.63920974731445,56.63920974731445,53.75872039794922,53.037723541259766,52.40229034423828,49.67897033691406,49.04079818725586,48.010414123535156,44.65422821044922,46.3249397277832,43.416587829589844,42.54409408569336
0,-42,-96,20,13,73.75635528564453,72.36711883544922,70.85901641845703,69.72087097167969,68.26419067382812,70.11418914794922,67.00746154785156,69.0,71.00704193115234,70.25667572021484,71.34423828125,73.68174743652344,74.81310272216797,76.79192352294922,77.64663696289062,77.78174591064453,77.92945861816406,76.79192352294922,77.92945861816406,77.78174591064453,77.78174591064453,77.92945861816406,76.94153594970703,77.27871704101562,77.92945861816406,77.78174591064453,77.78174591064453,77.41446685791016,75.32595825195312,72.3394775390625,71.11258697509766,72.06246948242188,71.0633544921875,69.00724792480469,67.0,65.0076904296875,64.0,64.0,63.0,61.032779693603516,59.21148681640625,58.30952072143555,57.314918518066406,53.46026611328125,53.75872039794922,52.17279052734375,50.447994232177734,50.96076965332031,47.75981521606445,47.75981521606445,45.617977142333984,43.90899658203125
0,-42,-96,20,13,72.80110168457031,70.83784484863281,70.00714111328125,69.46221923828125,70.26378631591797,67.5351791381836,67.60177612304688,67.23094177246094,70.49113464355469,71.02816009521484,72.20111083984375,74.20242309570312,75.43209075927734,74.81310272216797,75.43209075927734,77.33692169189453,76.5767593383789,77.46611785888672,77.23341369628906,77.46611785888672,78.4091796875,77.46611785888672,75.43209075927734,77.23341369628906,78.10249328613281,77.46611785888672,77.20103454589844,74.81310272216797,73.40980529785156,72.80110168457031,71.28113555908203,71.28113555908203,71.86793518066406,67.41661834716797,69.1158447265625,67.74215698242188,65.0,63.52952194213867,61.773780822753906,58.5918083190918,59.03388977050781,56.79788589477539,56.79788589477539,55.154327392578125,54.424259185791016,52.201534271240234,50.695167541503906,50.447994232177734,48.83646011352539,49.36598205566406,46.173583984375,45.0
0,-42,-96,21,9,72.00694274902344,71.11258697509766,71.25306701660156,69.58448028564453,69.72087097167969,68.44705963134766,68.44705963134766,70.0927963256836,70.60453033447266,70.51950073242188,72.44998168945312,74.09453582763672,75.96051788330078,75.3923110961914,77.2528305053711,77.47257232666016,77.87811279296875,76.69419860839844,77.87811279296875,78.39005279541016,76.89603424072266,78.0,77.077880859375,79.15807342529297,77.87811279296875,78.0,76.69419860839844,75.61084747314453,75.61084747314453,75.27283477783203,73.68174743652344,73.08214569091797,70.60453033447266,68.680419921875,68.4105224609375,66.7607650756836,66.21932983398438,64.76110076904297,63.150611877441406,60.01666259765625,58.85575485229492,58.694122314453125,57.42821502685547,54.33230972290039,55.081756591796875,54.00925827026367,51.0,51.03919982910156,49.162994384765625,48.25971221923828,47.51841735839844,46.3249397277832
0,-42,-96,20,13,74.0,72.00694274902344,71.17584228515625,70.25667572021484,67.47592163085938,69.05070495605469,67.6830825805664,69.12307739257812,69.6419448852539,70.51950073242188,72.12489318847656,74.67261505126953,75.61084747314453,75.96051788330078,76.5506362915039,76.32168579101562,78.0,76.32168579101562,78.0,78.39005279541016,76.32168579101562,79.30951690673828,76.32168579101562,79.84986114501953,78.18567657470703,77.6208724975586,78.18567657470703,75.61084747314453,76.216796875,73.68174743652344,73.37574768066406,72.80110168457031,71.16881561279297,68.680419921875,68.680419921875,65.0,64.76110076904297,62.169124603271484,63.150611877441406,61.188232421875,58.85575485229492,58.54912567138672,56.4358024597168,56.14267349243164,53.0848388671875,52.038448333740234,53.0,51.009803771972656,48.093658447265625,48.3735466003418,46.87216567993164,45.607017517089844
0,-42,-96,20,13,72.11102294921875,68.24221801757812,69.81404113769531,67.80117797851562,67.26811981201172,67.17886352539062,67.89698028564453,68.680419921875,68.7677230834961,69.65629577636719,72.00694274902344,72.80110168457031,73.00685119628906,74.63243103027344,72.20111083984375,74.88658142089844,76.27581787109375,75.7165756225586,76.00657653808594,76.5506362915039,76.27581787109375,75.7165756225586,76.27581787109375,76.5506362915039,76.27581787109375,75.45197296142578,75.45197296142578,75.0,73.40980529785156,72.20111083984375,71.84010314941406,71.0633544921875,69.65629577636719,66.06814575195312,67.35725402832031,65.19202423095703,63.03173828125,61.55485534667969,60.10823440551758,57.982757568359375,58.0,55.90169906616211,56.080299377441406,55.31726837158203,52.801513671875,50.80354309082031,50.477718353271484,48.87739944458008,48.3735466003418,47.423622131347656,43.863426208496094,43.011627197265625
0,-42,-96,20,13,69.81404113769531,69.52696990966797,68.01470184326172,68.01470184326172,64.35060119628906,67.89698028564453,67.35725402832031,66.06814575195312,67.00746154785156,67.42403411865234,69.89277648925781,70.72481536865234,71.56116485595703,71.02112579345703,75.47184753417969,74.625732421875,74.09453582763672,73.24616241455078,74.94664764404297,74.09453582763672,75.1664810180664,77.10382843017578,73.24616241455078,74.4311752319336,73.57308959960938,75.47184753417969,74.06078338623047,73.60027313232422,73.81734466552734,70.21395874023438,68.88395690917969,69.52696990966797,68.11754608154297,65.19202423095703,65.79513549804688,62.96824645996094,61.55485534667969,60.10823440551758,59.41380310058594,58.79625701904297,56.85068130493164,55.44366455078125,53.26349639892578,52.201534271240234,51.03919982910156,47.70744323730469,48.87739944458008,47.85394287109375,46.957427978515625,45.694637298583984,43.65776062011719,42.44997024536133
0,-42,-96,20,13,71.47027587890625,72.23572540283203,69.07966613769531,73.00685119628906,68.42514038085938,69.77105712890625,69.46221923828125,69.6419448852539,71.02112579345703,71.02816009521484,73.40980529785156,74.65252685546875,75.43209075927734,76.216796875,78.24320983886719,77.23341369628906,77.33692169189453,76.69419860839844,79.5110092163086,78.8733139038086,78.4091796875,79.02531433105469,76.83749389648438,78.74642944335938,78.8733139038086,77.6208724975586,78.60025787353516,74.40430450439453,76.6093978881836,73.81734466552734,74.09453582763672,73.24616241455078,71.86793518066406,69.83551788330078,68.60028839111328,65.3681869506836,65.0,63.50590515136719,61.717098236083984,61.32699203491211,59.09314727783203,59.61543273925781,57.384666442871094,56.30275344848633,54.708316802978516,52.88667297363281,51.41984176635742,51.788028717041016,48.3735466003418,49.25444030761719,45.0444221496582,45.0
0,-42,-96,20,13,74.73285675048828,70.00714111328125,72.73238372802734,68.62215423583984,70.60453033447266,67.6830825805664,68.65857696533203,68.88395690917969,69.72087097167969,71.44927978515625,74.4311752319336,75.23961639404297,75.05997467041016,76.05918884277344,76.10519409179688,79.02531433105469,76.00657653808594,78.025634765625,76.0,77.02597045898438,77.10382843017578,78.00640869140625,79.10120391845703,79.02531433105469,78.16009521484375,77.23341369628906,78.23043060302734,78.23043060302734,73.24616241455078,77.3175277709961,71.70076751708984,71.70076751708984,69.72087097167969,69.87130737304688,69.05070495605469,68.06614685058594,65.11528015136719,63.78871536254883,60.63827133178711,60.728904724121094,60.16643524169922,56.32051086425781,59.77457809448242,54.424259185791016,54.424259185791016,53.3104133605957,51.89412307739258,51.0,51.4781494140625,48.25971221923828,45.80392837524414,44.59820556640625
0,-42,-96,20,13,72.01388549804688,69.35416412353516,68.70953369140625,67.779052734375,65.14598846435547,66.21932983398438,65.96968841552734,67.26811981201172,69.23149871826172,70.57620239257812,71.56814575195312,72.24956512451172,73.24616241455078,74.24284362792969,74.3303451538086,75.23961639404297,75.1664810180664,75.23961639404297,75.05997467041016,75.32595825195312,76.32168579101562,77.3175277709961,74.24284362792969,76.16429901123047,77.23341369628906,75.23961639404297,75.42546081542969,75.80237579345703,73.97972869873047,71.70076751708984,69.05070495605469,70.21395874023438,70.21395874023438,65.73431396484375,65.73431396484375,65.51335906982422,63.56099319458008,61.84658432006836,60.728904724121094,58.8217658996582,58.18934631347656,55.36244201660156,55.71355438232422,54.230987548828125,52.39274597167969,51.0,50.6063232421875,48.87739944458008,46.87216567993164,45.80392837524414,44.68780517578125,43.13930892944336
0,-42,-96,21,9,73.10950469970703,70.0927963256836,70.72481536865234,70.03570556640625,68.680419921875,68.24954223632812,69.20259857177734,68.24221801757812,69.3397445678711,71.86793518066406,72.71863555908203,73.9256362915039,74.30342864990234,75.1797866821289,75.66372680664062,79.15807342529297,76.48529052734375,76.47875213623047,76.967529296875,77.82672882080078,77.5241928100586,77.82672882080078,77.89736938476562,79.15807342529297,76.5375747680664,76.94153594970703,77.02597045898438,74.79304504394531,73.9256362915039,73.43023681640625,71.86793518066406,71.02112579345703,69.89277648925781,67.20118713378906,66.40029907226562,66.61080932617188,65.21502685546875,62.801273345947266,61.22091293334961,59.66573715209961,60.30754470825195,58.13776779174805,57.314918518066406,53.740116119384766,53.075416564941406,52.49761962890625,50.447994232177734,48.41487503051758,49.09175109863281,47.16990661621094,46.957427978515625,45.31004333496094
0,-42,-96,20,13,72.17340087890625,71.02816009521484,71.0,69.02897644042969,67.26811981201172,68.26419067382812,67.47592163085938,69.23149871826172,69.23149871826172,71.0633544921875,73.49829864501953,73.76313781738281,77.20103454589844,76.5375747680664,76.843994140625,77.79460144042969,77.49193572998047,74.63243103027344,78.10890197753906,77.79460144042969,78.74642944335938,78.44743347167969,75.58438873291016,77.16217041015625,78.10890197753906,77.49193572998047,76.92203521728516,76.40026092529297,75.43209075927734,74.46475982666016,71.80529022216797,73.00685119628906,71.19690704345703,68.06614685058594,67.08203887939453,65.92420196533203,64.62971496582031,61.66035842895508,61.400325775146484,62.28964614868164,58.07753372192383,58.03447341918945,58.03447341918945,55.009090423583984,53.0,51.03919982910156,51.088157653808594,50.35871505737305,47.67599105834961,46.3249397277832,44.92215347290039,43.65776062011719
0,-42,-96,20,14,76.11833190917969,73.68174743652344,74.4311752319336,71.25306701660156,72.00694274902344,70.00714111328125,72.00694274902344,72.11102294921875,73.33484649658203,73.55270385742188,74.67261505126953,77.10382843017578,75.95393371582031,76.29547882080078,79.42921447753906,80.60397338867188,79.83106994628906,79.62411499023438,80.60397338867188,82.56512451171875,80.60397338867188,79.62411499023438,78.44743347167969,81.78630828857422,80.60397338867188,81.39410400390625,80.41144561767578,79.90619659423828,75.95393371582031,77.78174591064453,73.55270385742188,75.53807067871094,73.43704986572266,71.25306701660156,69.1158447265625,69.1158447265625,68.02940368652344,65.0076904296875,65.0076904296875,62.0,63.0079345703125,60.0,60.074954986572266,57.21887969970703,55.226806640625,53.600372314453125,53.600372314453125,52.39274597167969,51.244510650634766,49.648765563964844,46.81879806518555,45.617977142333984
0,-42,-96,21,9,70.57620239257812,68.94925689697266,66.21932983398438,66.21932983398438,65.30696868896484,65.11528015136719,66.75328063964844,67.26811981201172,67.26811981201172,68.11754608154297,70.028564453125,71.0,73.0,72.0,74.0,72.02777099609375,76.05918884277344,74.02702331542969,75.1065902709961,75.02666473388672,74.0,75.02666473388672,73.0,75.1065902709961,75.00666809082031,75.00666809082031,75.0,71.0,74.0,71.0,71.00704193115234,70.06425476074219,68.11754608154297,64.28063201904297,65.27633666992188,62.28964614868164,62.28964614868164,60.67124557495117,59.53990173339844,58.85575485229492,55.73149871826172,55.90169906616211,55.31726837158203,53.36665725708008,52.63079071044922,50.0,48.10405349731445,48.84669876098633,46.097721099853516,44.29446792602539,43.5660400390625,43.011627197265625
0,-42,-96,20,13,74.1080322265625,73.33484649658203,71.44927978515625,71.70076751708984,69.05070495605469,69.85699462890625,68.680419921875,68.96376037597656,72.73238372802734,72.11102294921875,73.73601531982422,75.23961639404297,77.47257232666016,75.64390563964844,77.87811279296875,77.38862609863281,78.29431915283203,77.82030487060547,78.72102355957031,78.29431915283203,77.87811279296875,79.2022705078125,77.87811279296875,81.39410400390625,78.29431915283203,78.29431915283203,77.87811279296875,77.077880859375,76.69419860839844,76.32168579101562,74.3303451538086,74.3303451538086,71.7844009399414,69.57010650634766,68.3081283569336,67.72000885009766,67.05221557617188,63.06346130371094,60.63827133178711,61.392181396484375,59.43904495239258,58.051700592041016,58.051700592041016,55.578773498535156,53.33854293823242,52.239830017089844,51.009803771972656,51.0,50.0099983215332,49.09175109863281,46.389652252197266,42.95346450805664
0,-42,-96,21,9,68.65857696533203,69.12307739257812,68.680419921875,67.05221557617188,65.45991516113281,65.92420196533203,65.79513549804688,66.64833068847656,67.11929321289062,67.23094177246094,70.49113464355469,71.28113555908203,71.56116485595703,73.49829864501953,75.1664810180664,73.81734466552734,75.21302795410156,72.42237091064453,75.80237579345703,76.02631378173828,75.21302795410156,74.63243103027344,73.00685119628906,75.80237579345703,74.63243103027344,75.21302795410156,73.49829864501953,71.56116485595703,72.40165710449219,70.1783447265625,71.34423828125,70.8307876586914,68.96376037597656,66.24198150634766,65.29930877685547,62.64982223510742,62.17716598510742,60.373836517333984,60.41522979736328,58.600341796875,55.154327392578125,55.54277801513672,54.424259185791016,54.08327102661133,50.96076965332031,49.72926712036133,48.50773239135742,49.81967544555664,45.7055778503418,45.27692413330078,44.04542922973633,43.011627197265625
0,-42,-96,21,10,74.06078338623047,72.00694274902344,71.0,73.00685119628906,67.26811981201172,70.45565795898438,69.46221923828125,70.21395874023438,71.38627624511719,70.8307876586914,75.18643188476562,75.0,76.5375747680664,76.5375747680664,76.5375747680664,77.79460144042969,77.79460144042969,76.843994140625,78.74642944335938,79.69943237304688,78.16009521484375,79.69943237304688,76.843994140625,79.05693817138672,78.74642944335938,77.20103454589844,77.20103454589844,75.69015502929688,77.36924743652344,73.00685119628906,74.73285675048828,73.34848022460938,70.85901641845703,68.06614685058594,67.89698028564453,66.75328063964844,65.4904556274414,64.49806213378906,64.38167572021484,62.28964614868164,58.03447341918945,57.07889175415039,57.0,56.0,54.08327102661133,53.15073013305664,50.15974426269531,50.48762130737305,48.66210174560547,48.05205535888672,45.880279541015625,44.94440841674805
0,-42,-96,20,14,72.56031799316406,68.4689712524414,71.11258697509766,68.11754608154297,68.00735473632812,67.0,68.18357849121094,67.26811981201172,69.46221923828125,71.44927978515625,71.84706115722656,73.16419982910156,74.14849853515625,74.3303451538086,74.52516174316406,77.87811279296875,76.68767547607422,76.68767547607422,75.92759704589844,77.87811279296875,77.27871704101562,76.68767547607422,76.48529052734375,78.85429382324219,77.46611785888672,76.48529052734375,74.96665954589844,75.66372680664062,73.82411193847656,73.68174743652344,69.46221923828125,72.3394775390625,70.34912872314453,68.11754608154297,67.11929321289062,66.00757598876953,65.0076904296875,63.0,61.0,60.0,60.0333251953125,57.07889175415039,57.21887969970703,53.33854293823242,53.600372314453125,50.990196228027344,50.0099983215332,49.72926712036133,49.04079818725586,47.75981521606445,45.18849563598633,42.05948257446289
0,-42,-96,20,13,72.4706802368164,72.00694274902344,71.61005401611328,71.28113555908203,69.3397445678711,68.09552001953125,68.88395690917969,67.97793579101562,70.68238830566406,70.7742919921875,72.80110168457031,74.09453582763672,75.61084747314453,76.216796875,75.96051788330078,77.16217041015625,78.74642944335938,75.27283477783203,80.0062484741211,79.37883758544922,77.8331527709961,77.16217041015625,76.216796875,77.79460144042969,79.05693817138672,78.77182006835938,77.8331527709961,76.15773010253906,76.69419860839844,73.53910827636719,73.40980529785156,71.58910369873047,71.5541763305664,68.42514038085938,68.88395690917969,66.24198150634766,65.3681869506836,63.631752014160156,61.91122817993164,61.057350158691406,58.52349853515625,58.8217658996582,56.859474182128906,55.217750549316406,54.037025451660156,52.40229034423828,51.6623649597168,50.93132781982422,47.423622131347656,48.27007293701172,47.20169448852539,44.777225494384766
0,-42,-96,21,9,72.83543395996094,70.72481536865234,71.58910369873047,69.42621612548828,69.65629577636719,66.61080932617188,68.50547790527344,68.79679870605469,70.49113464355469,72.56031799316406,73.82411193847656,74.24284362792969,74.30342864990234,75.1531753540039,76.48529052734375,77.87811279296875,76.967529296875,76.05918884277344,77.47257232666016,77.87811279296875,76.48529052734375,77.87811279296875,78.72102355957031,78.29431915283203,78.29431915283203,76.92203521728516,75.13321685791016,76.94153594970703,73.82411193847656,75.1797866821289,73.06161499023438,72.71863555908203,71.69379425048828,67.95587158203125,67.41661834716797,66.2872543334961,65.21502685546875,63.0079345703125,63.60031509399414,59.81638717651367,59.66573715209961,57.00876998901367,58.13776779174805,55.90169906616211,53.740116119384766,53.037723541259766,51.088157653808594,50.447994232177734,48.60041046142578,47.70744323730469,46.14108657836914,44.283180236816406
0,-42,-96,20,13,72.00694274902344,67.47592163085938,67.26811981201172,67.17886352539062,66.48307800292969,63.78087615966797,65.6048812866211,65.21502685546875,69.89277648925781,69.63475799560547,69.89277648925781,71.56116485595703,72.94518280029297,72.40165710449219,73.57308959960938,76.05918884277344,73.43023681640625,75.29276275634766,73.82411193847656,76.47875213623047,74.70609283447266,75.59100341796875,75.29276275634766,75.29276275634766,75.80237579345703,74.4311752319336,75.29276275634766,74.94664764404297,71.02112579345703,72.71863555908203,69.3397445678711,69.3397445678711,69.3397445678711,66.0302963256836,65.21502685546875,63.60031509399414,63.25345993041992,60.20797348022461,59.46427536010742,56.63920974731445,58.13776779174805,53.75872039794922,54.451812744140625,52.345008850097656,53.740116119384766,49.67897033691406,49.67897033691406,49.20365905761719,46.3249397277832,45.17742919921875,46.097721099853516,42.72002029418945
0,-42,-96,20,13,74.3303451538086,71.38627624511719,70.3420181274414,70.60453033447266,67.35725402832031,68.70953369140625,70.00714111328125,69.46221923828125,71.5541763305664,72.44998168945312,75.59100341796875,75.1797866821289,75.29276275634766,74.94664764404297,77.02597045898438,78.54934692382812,78.23043060302734,77.69813537597656,78.03204345703125,78.892333984375,77.89736938476562,79.75587463378906,78.03204345703125,77.17512512207031,78.892333984375,78.39005279541016,78.29431915283203,77.41446685791016,74.24284362792969,75.59100341796875,72.44998168945312,73.40980529785156,71.69379425048828,69.6419448852539,67.779052734375,68.70953369140625,67.41661834716797,63.90618133544922,61.98386764526367,60.728904724121094,60.4400520324707,58.52349853515625,59.66573715209961,55.31726837158203,53.75872039794922,52.345008850097656,51.15662384033203,51.088157653808594,51.009803771972656,49.0,46.097721099853516,44.40720748901367
0,-42,-96,20,13,73.43704986572266,70.25667572021484,72.02777099609375,70.00714111328125,69.065185546875,66.0302963256836,69.35416412353516,68.35934448242188,69.87130737304688,72.00694274902344,73.16419982910156,74.3303451538086,75.70997619628906,74.21590423583984,76.40026092529297,79.4040298461914,76.24303436279297,78.16009521484375,76.24303436279297,78.44743347167969,75.43209075927734,76.24303436279297,77.6208724975586,77.88452911376953,77.36924743652344,76.40026092529297,76.40026092529297,77.6208724975586,73.24616241455078,74.46475982666016,72.56720733642578,72.36711883544922,71.19690704345703,68.73136138916016,68.06614685058594,65.4904556274414,66.48307800292969,62.28964614868164,60.20797348022461,58.215118408203125,58.30952072143555,58.215118408203125,58.03447341918945,55.0,54.0,51.03919982910156,51.244510650634766,49.36598205566406,48.83646011352539,47.29693603515625,46.173583984375,42.72002029418945
0,-42,-96,20,13,73.7834701538086,71.69379425048828,72.00694274902344,69.7782211303711,68.94200134277344,69.46221923828125,69.28924560546875,71.47027587890625,71.84010314941406,72.2772445678711,72.7804946899414,73.54590606689453,77.10382843017578,77.10382843017578,77.46611785888672,78.08969116210938,77.92945861816406,76.94153594970703,77.92945861816406,78.91767883300781,77.92945861816406,78.91767883300781,77.78174591064453,78.63841247558594,78.91767883300781,77.92945861816406,77.92945861816406,77.27871704101562,75.50496673583984,74.3303451538086,72.7804946899414,72.2772445678711,72.03471374511719,70.3420181274414,68.680419921875,67.18630981445312,65.802734375,63.89052963256836,62.62587356567383,61.032779693603516,60.16643524169922,58.18934631347656,57.775428771972656,55.54277801513672,54.5618896484375,52.77309799194336,51.4781494140625,49.92995071411133,50.21951675415039,49.04079818725586,46.097721099853516,45.27692413330078
0,-42,-96,21,9,67.26811981201172,65.79513549804688,66.06814575195312,64.20280456542969,63.0079345703125,63.812225341796875,64.14047241210938,65.76473236083984,65.29930877685547,66.21178436279297,68.02940368652344,69.46221923828125,71.86793518066406,69.6419448852539,72.61542510986328,72.44998168945312,73.05477142333984,70.57620239257812,73.05477142333984,73.38937377929688,73.16419982910156,73.05477142333984,72.44998168945312,73.05477142333984,73.38937377929688,73.05477142333984,72.44998168945312,70.93659210205078,70.93659210205078,68.70953369140625,69.35416412353516,68.94200134277344,66.64083099365234,63.56099319458008,63.50590515136719,62.60990524291992,60.373836517333984,59.05929183959961,58.18075180053711,56.93856430053711,54.20331954956055,55.226806640625,53.5350341796875,51.865211486816406,50.0,47.801673889160156,49.67897033691406,46.69047164916992,45.25483322143555,43.27817153930664,43.416587829589844,40.224369049072266
0,-42,-96,20,13,74.63243103027344,74.94664764404297,70.57620239257812,71.30918884277344,68.44705963134766,70.23532104492188,69.83551788330078,70.8307876586914,71.86793518066406,69.89277648925781,75.80237579345703,74.65252685546875,76.216796875,74.20242309570312,79.2022705078125,76.05918884277344,80.28075408935547,76.83749389648438,80.43009185791016,79.8122787475586,78.4091796875,79.4040298461914,75.60423278808594,78.74642944335938,79.5110092163086,78.4091796875,79.4040298461914,77.66595458984375,77.10382843017578,74.06078338623047,74.625732421875,71.34423828125,71.69379425048828,70.71067810058594,69.77105712890625,66.24198150634766,66.24198150634766,64.88451385498047,63.06346130371094,63.071388244628906,58.18075180053711,59.09314727783203,55.71355438232422,56.30275344848633,52.88667297363281,52.39274597167969,51.195701599121094,51.62363815307617,49.497474670410156,48.3735466003418,46.173583984375,45.0
0,-42,-96,20,13,73.10950469970703,72.00694274902344,69.0,70.0,69.065185546875,66.37017059326172,67.74215698242188,68.06614685058594,69.23149871826172,69.63475799560547,72.53275299072266,74.04052734375,75.28611755371094,74.04052734375,76.65507507324219,75.28611755371094,77.16217041015625,75.0,77.16217041015625,77.49193572998047,77.49193572998047,78.74642944335938,75.28611755371094,77.79460144042969,77.49193572998047,77.49193572998047,75.69015502929688,75.43209075927734,73.24616241455078,72.03471374511719,73.54590606689453,71.38627624511719,71.38627624511719,68.06614685058594,67.89698028564453,64.62971496582031,64.62971496582031,63.3876953125,62.20128631591797,61.20457458496094,58.07753372192383,57.00876998901367,57.03507614135742,55.009090423583984,53.037723541259766,52.239830017089844,51.35172653198242,50.635955810546875,46.87216567993164,47.53945541381836,46.173583984375,44.777225494384766
0,-42,-96,20,13,71.56814575195312,67.36467742919922,70.1783447265625,66.06814575195312,68.0,67.02984619140625,66.18912506103516,67.26811981201172,69.58448028564453,69.87130737304688,71.84706115722656,72.36711883544922,74.14849853515625,73.34848022460938,75.50496673583984,77.36924743652344,75.18643188476562,75.70997619628906,75.92759704589844,77.1297607421875,75.70997619628906,77.1297607421875,75.92759704589844,76.15773010253906,77.87811279296875,76.68767547607422,75.50496673583984,74.3303451538086,72.99314880371094,72.00694274902344,69.58448028564453,71.56814575195312,69.35416412353516,66.27216339111328,67.36467742919922,64.19501495361328,63.19810104370117,62.07253646850586,62.00806427001953,59.0,58.0,56.00892639160156,56.035701751708984,52.15361785888672,53.15073013305664,50.48762130737305,50.48762130737305,50.80354309082031,47.53945541381836,46.48655700683594,43.65776062011719,43.382022857666016
0,-42,-96,20,13,72.42237091064453,71.16881561279297,70.3420181274414,70.61161041259766,68.06614685058594,65.6201171875,67.26811981201172,68.18357849121094,70.11418914794922,71.02816009521484,71.0,73.0,74.00675964355469,75.02666473388672,77.0,76.16429901123047,76.2364730834961,76.16429901123047,77.23341369628906,77.23341369628906,77.05841827392578,79.15807342529297,77.05841827392578,77.16217041015625,77.05841827392578,77.10382843017578,77.02597045898438,77.0064926147461,74.0,73.0,72.00694274902344,71.00704193115234,71.11258697509766,67.18630981445312,68.18357849121094,67.26811981201172,64.38167572021484,64.49806213378906,61.52235412597656,61.66035842895508,58.85575485229492,58.85575485229492,57.070133209228516,53.851646423339844,52.63079071044922,52.49761962890625,51.865211486816406,51.62363815307617,47.423622131347656,47.85394287109375,44.94440841674805,45.607017517089844
0,-42,-96,20,13,72.42237091064453,73.49829864501953,70.8307876586914,71.69379425048828,67.97793579101562,70.68238830566406,69.46221923828125,69.6419448852539,69.6419448852539,69.57010650634766,74.04052734375,73.49829864501953,76.40026092529297,77.36924743652344,79.8122787475586,75.69015502929688,79.55501556396484,75.69015502929688,80.08120727539062,78.58753204345703,79.12016296386719,78.84795379638672,75.28611755371094,79.30951690673828,80.08120727539062,79.8122787475586,79.05693817138672,75.27283477783203,77.49193572998047,73.38937377929688,73.73601531982422,73.9256362915039,71.69379425048828,69.35416412353516,68.87670135498047,64.40496826171875,65.29930877685547,64.41273498535156,62.265560150146484,61.91122817993164,57.688819885253906,60.20797348022461,54.64430618286133,55.803226470947266,54.20331954956055,50.990196228027344,50.990196228027344,50.91168975830078,48.10405349731445,46.86149978637695,45.80392837524414,44.41846466064453
0,-42,-96,20,13,72.20111083984375,69.20259857177734,68.01470184326172,67.26811981201172,65.76473236083984,65.79513549804688,65.85590362548828,68.01470184326172,67.47592163085938,68.24221801757812,69.3397445678711,70.72481536865234,72.71863555908203,73.06161499023438,73.24616241455078,74.94664764404297,73.9256362915039,73.9256362915039,74.79304504394531,74.94664764404297,75.1664810180664,75.47184753417969,74.4311752319336,76.94153594970703,76.15773010253906,73.57308959960938,74.09453582763672,73.7834701538086,72.71863555908203,71.02112579345703,69.63475799560547,69.40460968017578,68.4105224609375,66.21932983398438,66.06814575195312,64.03124237060547,62.801273345947266,59.66573715209961,59.66573715209961,58.051700592041016,57.314918518066406,55.90169906616211,54.451812744140625,52.345008850097656,51.088157653808594,49.81967544555664,50.0,49.09175109863281,47.16990661621094,46.14108657836914,45.17742919921875,41.78516387939453
0,-42,-96,20,13,70.0927963256836,71.30918884277344,68.3081283569336,68.94925689697266,65.92420196533203,65.92420196533203,68.42514038085938,67.11929321289062,68.60028839111328,67.74215698242188,69.97142028808594,71.86793518066406,72.94518280029297,74.06078338623047,75.21302795410156,74.40430450439453,75.0,74.40430450439453,76.40026092529297,75.60423278808594,75.0,75.80237579345703,72.80110168457031,75.80237579345703,76.6093978881836,77.42092895507812,76.6093978881836,74.06078338623047,74.3303451538086,70.45565795898438,71.02112579345703,69.3397445678711,69.1158447265625,67.74215698242188,66.24198150634766,63.1347770690918,62.17716598510742,61.717098236083984,60.835845947265625,59.50630187988281,55.94640350341797,57.775428771972656,55.154327392578125,53.141319274902344,52.55473327636719,50.28916549682617,49.04079818725586,47.53945541381836,45.7055778503418,45.39823913574219,45.0444221496582,42.0
0,-42,-96,20,13,70.57620239257812,70.85901641845703,69.05070495605469,68.65857696533203,66.94026947021484,66.48307800292969,67.35725402832031,68.70953369140625,68.70953369140625,68.87670135498047,71.11258697509766,71.5541763305664,72.00694274902344,73.35530090332031,75.1797866821289,73.35530090332031,76.5375747680664,74.24284362792969,76.15773010253906,75.1797866821289,75.59100341796875,77.41446685791016,75.1797866821289,76.15773010253906,76.5375747680664,75.66372680664062,76.02631378173828,74.73285675048828,72.49827575683594,71.58910369873047,70.38465881347656,68.70953369140625,68.70953369140625,66.48307800292969,67.35725402832031,64.19501495361328,62.032249450683594,61.98386764526367,60.4400520324707,60.16643524169922,57.27128601074219,56.29387283325195,53.93514633178711,53.93514633178711,53.33854293823242,51.15662384033203,50.2493782043457,50.0,47.0,45.0111083984375,45.27692413330078,43.73785400390625
0,-42,-96,20,13,70.03570556640625,68.88395690917969,69.46221923828125,70.25667572021484,67.02984619140625,65.0,68.0,66.06814575195312,67.18630981445312,69.35416412353516,71.56814575195312,72.83543395996094,72.83543395996094,72.99314880371094,73.82411193847656,75.13321685791016,75.31268310546875,74.14849853515625,75.31268310546875,75.13321685791016,75.80237579345703,76.94153594970703,75.80237579345703,75.31268310546875,74.96665954589844,74.96665954589844,73.55270385742188,74.4311752319336,72.44308471679688,73.33484649658203,70.1783447265625,69.065185546875,69.02897644042969,68.0,65.0,64.0,64.0,60.0,59.07622146606445,59.13543701171875,58.215118408203125,56.22277069091797,56.32051086425781,53.46026611328125,51.788028717041016,49.24428939819336,49.47726821899414,48.08325958251953,46.81879806518555,45.31004333496094,43.863426208496094,41.67733383178711
0,-42,-96,20,13,73.24616241455078,73.00685119628906,72.00694274902344,71.02112579345703,69.35416412353516,70.25667572021484,70.06425476074219,71.0,72.0,72.06246948242188,75.1065902709961,75.23961639404297,77.23341369628906,75.32595825195312,76.2364730834961,78.51751708984375,78.51751708984375,77.3175277709961,78.51751708984375,79.5110092163086,78.23043060302734,78.31346893310547,77.23341369628906,80.5046615600586,78.4091796875,78.23043060302734,78.23043060302734,77.16217041015625,76.05918884277344,74.02702331542969,74.0,73.00685119628906,71.00704193115234,70.00714111328125,70.028564453125,68.02940368652344,65.12296295166016,64.1248779296875,63.28506851196289,61.29437255859375,59.6824951171875,58.54912567138672,58.051700592041016,55.10898208618164,55.31726837158203,52.88667297363281,53.45091247558594,51.26402282714844,48.84669876098633,47.423622131347656,44.777225494384766,44.65422821044922
0,-42,-96,20,13,71.5541763305664,68.54196166992188,67.779052734375,68.70953369140625,66.40782928466797,66.7607650756836,67.6830825805664,67.26811981201172,68.06614685058594,69.72087097167969,71.70076751708984,71.44927978515625,71.34423828125,72.3394775390625,74.5452880859375,76.2364730834961,74.1687240600586,75.23961639404297,76.2364730834961,75.23961639404297,75.23961639404297,75.1664810180664,75.1664810180664,77.23341369628906,77.3175277709961,76.32168579101562,76.32168579101562,72.56031799316406,71.84706115722656,71.84706115722656,71.02112579345703,71.02112579345703,69.05070495605469,65.51335906982422,65.51335906982422,65.30696868896484,63.324562072753906,60.4400520324707,59.4810905456543,57.87054443359375,56.920997619628906,55.36244201660156,55.154327392578125,52.92447280883789,51.078372955322266,49.658836364746094,49.648765563964844,48.87739944458008,46.3249397277832,45.0,43.27817153930664,43.13930892944336
0,-42,-96,21,8,69.89277648925781,70.0,66.21932983398438,67.62396240234375,63.70243453979492,67.17886352539062,65.0691909790039,65.85590362548828,68.11754608154297,66.21932983398438,70.0,70.21395874023438,71.61005401611328,72.42237091064453,75.45197296142578,71.28113555908203,76.5506362915039,72.11102294921875,75.7165756225586,74.625732421875,74.63243103027344,75.45197296142578,70.45565795898438,74.625732421875,74.06078338623047,75.45197296142578,73.81734466552734,70.60453033447266,72.80110168457031,69.40460968017578,70.29224395751953,68.88395690917969,68.01470184326172,64.44377136230469,63.03173828125,60.20797348022461,61.55485534667969,60.10823440551758,60.10823440551758,59.41380310058594,53.81449508666992,56.63920974731445,52.49761962890625,53.413482666015625,51.400390625,50.21951675415039,49.09175109863281,47.50789260864258,45.17742919921875,45.694637298583984,44.0113639831543,43.011627197265625
0,-42,-96,20,13,71.5541763305664,68.42514038085938,70.32780456542969,67.23094177246094,66.0378646850586,64.637451171875,67.62396240234375,66.06814575195312,67.35725402832031,68.680419921875,70.03570556640625,71.4212875366211,72.12489318847656,72.12489318847656,73.55270385742188,75.00666809082031,75.1664810180664,75.00666809082031,73.66138458251953,75.82215881347656,75.74298858642578,77.15568542480469,74.2765121459961,75.00666809082031,74.2765121459961,76.41989135742188,75.00666809082031,72.12489318847656,72.12489318847656,72.12489318847656,69.35416412353516,70.03570556640625,70.29224395751953,66.70832061767578,66.70832061767578,63.411354064941406,62.801273345947266,60.216278076171875,60.605281829833984,56.859474182128906,56.859474182128906,56.035701751708984,54.918121337890625,52.35456085205078,51.0,50.08992004394531,48.754486083984375,48.84669876098633,46.81879806518555,45.880279541015625,44.14748001098633,42.42640686035156
0,-42,-96,20,14,71.86793518066406,70.22820281982422,69.57010650634766,69.6419448852539,68.88395690917969,67.6830825805664,67.89698028564453,68.4689712524414,71.34423828125,71.25306701660156,73.10950469970703,73.00685119628906,76.02631378173828,74.0,77.0,77.02597045898438,76.00657653808594,76.00657653808594,78.025634765625,78.0,78.0,79.00633239746094,78.0,78.025634765625,78.0,78.0,78.0,76.0,76.00657653808594,73.0,72.11102294921875,72.17340087890625,71.25306701660156,69.18092346191406,68.4689712524414,65.4904556274414,64.38167572021484,62.64982223510742,61.814239501953125,60.01666259765625,58.85575485229492,57.070133209228516,57.48912811279297,54.81787872314453,52.201534271240234,50.59644317626953,50.32891845703125,50.32891845703125,49.658836364746094,46.14108657836914,44.94440841674805,43.600460052490234
0,-42,-96,20,13,73.49829864501953,71.0633544921875,72.7804946899414,69.23149871826172,70.71067810058594,68.26419067382812,68.11754608154297,69.0,71.0,72.00694274902344,74.00675964355469,75.1065902709961,76.16429901123047,76.10519409179688,76.16429901123047,77.41446685791016,77.5241928100586,77.3175277709961,77.64663696289062,78.51751708984375,77.41446685791016,77.5241928100586,77.41446685791016,79.4040298461914,77.23341369628906,77.41446685791016,77.23341369628906,78.16009521484375,75.1664810180664,76.2364730834961,72.00694274902344,73.00685119628906,71.0,70.0,67.0,66.0,66.0302963256836,63.071388244628906,61.20457458496094,59.304298400878906,60.29925537109375,58.30952072143555,58.54912567138672,55.73149871826172,53.600372314453125,52.17279052734375,51.92301940917969,49.04079818725586,49.648765563964844,47.53945541381836,44.72135925292969,44.10215377807617
0,-42,-96,20,13,72.56720733642578,72.00694274902344,69.72087097167969,68.35934448242188,67.26811981201172,69.00724792480469,68.0,68.02940368652344,71.11258697509766,67.47592163085938,71.56814575195312,73.68174743652344,74.96665954589844,75.95393371582031,76.94153594970703,77.10382843017578,77.46611785888672,75.13321685791016,78.44743347167969,78.44743347167969,77.46611785888672,78.44743347167969,75.31268310546875,79.30951690673828,78.64476776123047,78.44743347167969,78.44743347167969,75.95393371582031,75.95393371582031,72.99314880371094,71.34423828125,72.44308471679688,71.34423828125,69.35416412353516,70.25667572021484,66.27216339111328,65.19202423095703,62.032249450683594,62.032249450683594,63.0,58.00862121582031,58.0,56.00892639160156,56.080299377441406,53.23532485961914,51.35172653198242,50.35871505737305,47.85394287109375,46.3249397277832,46.840152740478516,45.221675872802734,43.863426208496094
0,-42,-96,21,9,67.47592163085938,67.08203887939453,65.51335906982422,65.73431396484375,64.03124237060547,63.89052963256836,63.5688591003418,65.0,65.39112854003906,65.79513549804688,69.31810760498047,69.77105712890625,70.21395874023438,69.77105712890625,72.00694274902344,71.19690704345703,72.06941223144531,71.11962127685547,73.9256362915039,72.94518280029297,73.35530090332031,72.94518280029297,72.4706802368164,73.9256362915039,72.94518280029297,71.5541763305664,72.44998168945312,71.11258697509766,69.85699462890625,70.68238830566406,67.23094177246094,67.779052734375,65.92420196533203,65.78753662109375,62.032249450683594,61.98386764526367,61.032779693603516,58.8217658996582,58.24087905883789,56.04462432861328,55.31726837158203,52.39274597167969,53.93514633178711,50.635955810546875,49.36598205566406,47.26520919799805,47.04253387451172,47.01063537597656,45.0111083984375,45.09988784790039,42.19004440307617,41.0
0,-42,-96,21,9,71.02112579345703,66.61080932617188,69.2603759765625,66.18912506103516,65.0691909790039,65.0076904296875,65.0076904296875,67.02984619140625,67.06713104248047,69.46221923828125,70.71067810058594,72.00694274902344,72.99314880371094,72.00694274902344,72.00694274902344,73.16419982910156,73.34848022460938,74.14849853515625,74.3303451538086,75.95393371582031,75.80237579345703,76.94153594970703,73.97972869873047,76.48529052734375,75.13321685791016,73.97972869873047,73.68174743652344,73.43704986572266,71.44927978515625,71.34423828125,71.25306701660156,70.00714111328125,69.02897644042969,66.0,65.0,64.0,63.0,60.0,60.008331298828125,58.13776779174805,57.314918518066406,55.3263053894043,55.3263053894043,51.62363815307617,51.97114562988281,49.47726821899414,50.0,49.648765563964844,48.10405349731445,47.16990661621094,44.283180236816406,43.5660400390625
0,-42,-96,20,13,73.34848022460938,72.7804946899414,71.56814575195312,69.92138671875,68.62215423583984,66.48307800292969,69.46221923828125,70.21395874023438,71.5541763305664,71.69379425048828,74.4311752319336,74.09453582763672,75.1664810180664,77.10382843017578,76.00657653808594,77.66595458984375,78.23681640625,78.49203491210938,76.02631378173828,78.23681640625,76.5506362915039,79.05693817138672,77.10382843017578,78.00640869140625,78.23681640625,78.23681640625,77.10382843017578,77.93586730957031,74.94664764404297,74.4311752319336,71.34423828125,72.94518280029297,72.06941223144531,69.35416412353516,69.77105712890625,66.64833068847656,64.8459701538086,63.56099319458008,63.158531188964844,60.008331298828125,59.236812591552734,56.64803695678711,58.52349853515625,54.424259185791016,53.45091247558594,52.39274597167969,52.17279052734375,51.62363815307617,49.36598205566406,48.166378021240234,48.093658447265625,45.0111083984375
0,-42,-96,20,13,72.0,70.028564453125,71.25306701660156,68.35934448242188,68.59300231933594,66.0984115600586,67.6830825805664,69.37578582763672,68.96376037597656,70.51950073242188,71.7844009399414,74.3303451538086,75.27283477783203,75.96051788330078,75.27283477783203,78.39005279541016,76.55716705322266,78.0,75.64390563964844,77.47257232666016,76.69419860839844,78.0,77.2528305053711,79.7057113647461,78.54934692382812,76.89603424072266,76.5506362915039,78.43468475341797,74.3303451538086,75.27283477783203,70.83784484863281,71.7844009399414,71.47027587890625,67.72000885009766,66.21932983398438,66.48307800292969,64.32728576660156,62.96824645996094,62.169124603271484,59.03388977050781,60.8276252746582,57.706153869628906,57.314918518066406,54.33230972290039,53.23532485961914,52.009613037109375,51.0,50.0099983215332,48.25971221923828,45.39823913574219,45.7055778503418,43.96589660644531
0,-42,-96,21,9,70.38465881347656,70.26378631591797,66.24198150634766,68.0,65.0,66.5732650756836,65.45991516113281,65.6048812866211,66.21932983398438,68.01470184326172,70.0927963256836,71.4212875366211,72.12489318847656,72.12489318847656,72.83543395996094,73.55270385742188,73.55270385742188,71.4212875366211,76.41989135742188,75.66372680664062,74.24958038330078,73.53910827636719,72.12489318847656,74.96665954589844,77.79460144042969,75.66372680664062,74.24958038330078,70.76722717285156,74.2765121459961,69.3108901977539,70.1783447265625,68.7677230834961,68.24954223632812,65.6048812866211,64.81512451171875,62.00806427001953,62.801273345947266,61.29437255859375,60.216278076171875,58.24946212768555,56.035701751708984,55.75840759277344,53.0,51.4781494140625,51.0,49.24428939819336,48.84669876098633,49.39635467529297,47.12748718261719,46.57252502441406,44.9110221862793,41.43669891357422
0,-42,-96,21,9,72.4706802368164,70.66116333007812,70.26378631591797,69.46221923828125,68.3520278930664,67.35725402832031,68.680419921875,68.4105224609375,70.0927963256836,72.36711883544922,72.83543395996094,73.55270385742188,75.53807067871094,76.32168579101562,75.42546081542969,77.41446685791016,77.3175277709961,76.41989135742188,77.3175277709961,77.41446685791016,77.41446685791016,78.51751708984375,77.3175277709961,79.22752380371094,78.23043060302734,77.3175277709961,77.5241928100586,75.95393371582031,74.81310272216797,73.97972869873047,72.36711883544922,72.36711883544922,71.38627624511719,69.63475799560547,67.18630981445312,65.96968841552734,64.53681182861328,63.06346130371094,62.361846923828125,60.4400520324707,59.13543701171875,57.245086669921875,56.30275344848633,55.154327392578125,53.712196350097656,50.990196228027344,50.08992004394531,48.54894256591797,48.54894256591797,47.20169448852539,45.80392837524414,43.185646057128906
0,-42,-96,21,9,71.84706115722656,69.89277648925781,68.26419067382812,68.47627258300781,68.0,66.21178436279297,67.23094177246094,68.70953369140625,69.28924560546875,70.21395874023438,71.56814575195312,73.24616241455078,73.00685119628906,73.97972869873047,76.40026092529297,76.15773010253906,76.90253448486328,75.70997619628906,74.73285675048828,77.36924743652344,75.18643188476562,78.85429382324219,76.48529052734375,75.13321685791016,78.64476776123047,75.70997619628906,76.90253448486328,75.69015502929688,73.49829864501953,73.49829864501953,70.21395874023438,68.62215423583984,69.57010650634766,66.73080444335938,68.00735473632812,65.45991516113281,63.90618133544922,62.3939094543457,62.3939094543457,59.09314727783203,58.600341796875,55.46169662475586,56.35601043701172,51.4781494140625,51.97114562988281,50.774009704589844,51.865211486816406,50.0,48.41487503051758,46.010868072509766,45.96738052368164,43.27817153930664
0,-42,-96,20,13,71.02112579345703,69.58448028564453,68.35934448242188,67.26811981201172,66.0302963256836,65.0,68.02940368652344,67.26811981201172,67.18630981445312,67.60177612304688,70.71067810058594,72.00694274902344,72.99314880371094,73.97972869873047,74.14849853515625,74.14849853515625,75.13321685791016,74.96665954589844,76.11833190917969,76.29547882080078,75.13321685791016,75.95393371582031,73.16419982910156,75.50496673583984,74.96665954589844,75.95393371582031,74.81310272216797,72.44308471679688,73.33484649658203,70.25667572021484,70.25667572021484,68.18357849121094,69.065185546875,67.00746154785156,66.0,64.0,63.0,61.00819778442383,59.13543701171875,59.07622146606445,57.314918518066406,56.32051086425781,54.451812744140625,51.4781494140625,51.62363815307617,50.21951675415039,48.27007293701172,49.04079818725586,46.81879806518555,44.384681701660156,43.863426208496094,42.54409408569336
0,-42,-96,21,10,72.91776275634766,67.88224792480469,70.72481536865234,65.85590362548828,68.88395690917969,65.0,66.85057830810547,67.95587158203125,69.6419448852539,70.8307876586914,72.06941223144531,72.94518280029297,73.35530090332031,73.82411193847656,72.44998168945312,76.02631378173828,74.24958038330078,75.58438873291016,74.24958038330078,76.48529052734375,76.47875213623047,77.36924743652344,79.15807342529297,76.48529052734375,76.94153594970703,75.59100341796875,74.30342864990234,75.66372680664062,70.8307876586914,73.9256362915039,68.50547790527344,71.02112579345703,69.065185546875,68.24221801757812,68.00735473632812,66.61080932617188,64.03124237060547,62.62587356567383,61.717098236083984,58.13776779174805,58.13776779174805,55.226806640625,57.314918518066406,51.6623649597168,53.075416564941406,51.088157653808594,50.447994232177734,49.20365905761719,48.25971221923828,46.647613525390625,44.72135925292969,43.08131790161133
0,-42,-96,21,9,74.0,69.6419448852539,70.7742919921875,68.54196166992188,68.42514038085938,65.29930877685547,68.79679870605469,66.5732650756836,71.28113555908203,70.45565795898438,72.42237091064453,73.00685119628906,74.20242309570312,73.40980529785156,74.65252685546875,77.33692169189453,74.41101837158203,75.28611755371094,76.5767593383789,77.89736938476562,76.05918884277344,77.33692169189453,76.83749389648438,77.46611785888672,77.6208724975586,77.0064926147461,76.83749389648438,75.60423278808594,73.40980529785156,75.60423278808594,71.28113555908203,73.00685119628906,69.89277648925781,67.74215698242188,67.11929321289062,66.73080444335938,64.49806213378906,63.50590515136719,61.269893646240234,59.50630187988281,58.600341796875,56.79788589477539,58.694122314453125,54.424259185791016,53.48831558227539,52.49761962890625,51.41984176635742,49.47726821899414,49.648765563964844,47.26520919799805,46.04345703125,44.0113639831543
0,-42,-96,20,13,72.44998168945312,70.66116333007812,68.60028839111328,70.1783447265625,67.67569732666016,70.0,68.88395690917969,68.88395690917969,70.0927963256836,72.12489318847656,72.12489318847656,73.55270385742188,75.74298858642578,75.82215881347656,75.74298858642578,78.10249328613281,76.69419860839844,76.5767593383789,78.10249328613281,78.74642944335938,77.89736938476562,77.98717498779297,76.5767593383789,78.8733139038086,78.74642944335938,77.98717498779297,76.48529052734375,76.5767593383789,75.74298858642578,75.00666809082031,72.12489318847656,72.12489318847656,70.72481536865234,69.35416412353516,65.79513549804688,67.26811981201172,65.85590362548828,61.61980056762695,61.717098236083984,59.66573715209961,59.03388977050781,58.41232681274414,56.859474182128906,54.64430618286133,53.0,51.4781494140625,50.990196228027344,50.08992004394531,48.46648406982422,47.16990661621094,46.840152740478516,45.12205505371094
0,-42,-96,20,13,72.69112396240234,71.25306701660156,71.11258697509766,69.02897644042969,67.0,69.02897644042969,69.2603759765625,67.47592163085938,70.71067810058594,69.05070495605469,72.56720733642578,73.00685119628906,76.40026092529297,73.24616241455078,76.40026092529297,75.43209075927734,77.36924743652344,75.43209075927734,78.58753204345703,78.33900451660156,76.15773010253906,79.30951690673828,76.40026092529297,77.88452911376953,78.33900451660156,77.36924743652344,77.36924743652344,75.50496673583984,75.31268310546875,72.36711883544922,73.97972869873047,70.85901641845703,70.45565795898438,67.47592163085938,68.35934448242188,65.37583923339844,64.28063201904297,63.28506851196289,62.07253646850586,61.032779693603516,58.0,58.0,56.0,54.00925827026367,53.23532485961914,52.345008850097656,50.48762130737305,51.195701599121094,48.05205535888672,47.53945541381836,45.54119110107422,44.777225494384766
0,-42,-96,20,13,71.7844009399414,70.22820281982422,71.30918884277344,69.07966613769531,69.35416412353516,66.64833068847656,68.47627258300781,69.1158447265625,69.89277648925781,71.02816009521484,72.80110168457031,73.24616241455078,74.02702331542969,75.28611755371094,76.83749389648438,76.5767593383789,76.5767593383789,76.5767593383789,77.23341369628906,76.5767593383789,77.6208724975586,78.24320983886719,76.5767593383789,78.56844329833984,77.23341369628906,76.5767593383789,76.69419860839844,77.0064926147461,73.40980529785156,73.40980529785156,71.02816009521484,71.02816009521484,70.45565795898438,67.11929321289062,68.50547790527344,65.73431396484375,64.35060119628906,63.28506851196289,62.64982223510742,60.0333251953125,57.706153869628906,56.79788589477539,56.79788589477539,55.03635025024414,51.62363815307617,50.9215087890625,50.59644317626953,49.72926712036133,49.47726821899414,47.07440948486328,45.54119110107422,43.011627197265625
0,-42,-96,20,13,72.36711883544922,71.02112579345703,69.35416412353516,71.25306701660156,68.02940368652344,68.00735473632812,68.02940368652344,68.26419067382812,69.2603759765625,70.45565795898438,71.70076751708984,72.99314880371094,75.13321685791016,73.97972869873047,77.10382843017578,74.3303451538086,75.70997619628906,75.70997619628906,77.87811279296875,79.07591247558594,78.64476776123047,77.87811279296875,76.29547882080078,77.1297607421875,77.46611785888672,78.26238250732422,77.27871704101562,75.95393371582031,73.97972869873047,73.97972869873047,72.44308471679688,71.56814575195312,71.44927978515625,69.2603759765625,66.27216339111328,66.18912506103516,65.0691909790039,64.0078125,62.00806427001953,62.032249450683594,59.0,58.00862121582031,56.035701751708984,55.081756591796875,54.147945404052734,51.35172653198242,51.62363815307617,50.990196228027344,47.29693603515625,46.840152740478516,45.54119110107422,43.382022857666016
0,-42,-96,20,13,72.83543395996094,72.12489318847656,68.62215423583984,70.0927963256836,66.84310150146484,68.4105224609375,66.85057830810547,69.3397445678711,70.49113464355469,71.34423828125,72.06941223144531,73.79024505615234,76.02631378173828,75.58438873291016,76.48529052734375,76.05918884277344,77.87811279296875,76.48529052734375,78.29431915283203,78.72102355957031,77.82030487060547,77.38862609863281,76.48529052734375,79.2022705078125,79.15807342529297,78.72102355957031,78.26238250732422,74.70609283447266,77.82672882080078,73.35530090332031,73.9256362915039,72.20111083984375,71.02112579345703,68.79679870605469,67.95587158203125,66.85057830810547,66.0302963256836,63.60031509399414,61.400325775146484,60.4400520324707,59.03388977050781,58.898216247558594,57.384666442871094,54.488529205322266,53.740116119384766,51.6623649597168,50.32891845703125,49.04079818725586,47.801673889160156,45.486263275146484,46.647613525390625,44.283180236816406
0,-42,-96,20,13,72.20111083984375,71.40028381347656,69.52696990966797,68.7677230834961,68.680419921875,67.88224792480469,68.680419921875,68.01470184326172,70.29224395751953,70.60453033447266,72.20111083984375,74.40430450439453,76.02631378173828,75.45197296142578,77.66595458984375,77.38862609863281,76.5506362915039,75.7165756225586,78.49203491210938,79.32212829589844,77.66595458984375,78.23681640625,76.02631378173828,77.38862609863281,78.23681640625,78.23681640625,78.00640869140625,74.20242309570312,76.216796875,73.40980529785156,72.4706802368164,73.75635528564453,70.76722717285156,69.35416412353516,67.20863342285156,66.48307800292969,63.639610290527344,63.639610290527344,62.93647766113281,60.20797348022461,58.898216247558594,58.2580451965332,57.00876998901367,55.217750549316406,53.25410842895508,52.47856521606445,51.97114562988281,51.0,47.85394287109375,47.53945541381836,47.12748718261719,46.57252502441406
0,-42,-96,21,10,74.32361602783203,71.11258697509766,72.44998168945312,70.71067810058594,69.97142028808594,69.89277648925781,71.61005401611328,71.40028381347656,72.4706802368164,72.91776275634766,76.38062286376953,77.077880859375,78.51751708984375,77.8331527709961,79.20858764648438,78.56844329833984,78.64476776123047,78.51751708984375,80.72174072265625,82.134033203125,82.07313537597656,79.98124694824219,77.8331527709961,80.80841827392578,78.56844329833984,80.05622863769531,79.20858764648438,77.79460144042969,78.51751708984375,77.15568542480469,75.00666809082031,74.2765121459961,73.59347534179688,69.35416412353516,70.1783447265625,67.35725402832031,67.35725402832031,64.03124237060547,63.25345993041992,60.605281829833984,61.61168670654297,59.40538787841797,58.52349853515625,55.226806640625,56.4358024597168,52.839378356933594,52.77309799194336,51.89412307739258,50.695167541503906,49.04079818725586,46.840152740478516,46.87216567993164
0,-42,-96,21,9,72.11102294921875,72.00694274902344,70.00714111328125,71.0633544921875,68.18357849121094,68.4689712524414,69.87130737304688,69.42621612548828,70.40596771240234,69.85699462890625,73.49829864501953,74.04052734375,74.63243103027344,75.58438873291016,77.79460144042969,76.216796875,78.10890197753906,74.63243103027344,78.43468475341797,77.79460144042969,78.16009521484375,79.69943237304688,76.5375747680664,79.05693817138672,78.74642944335938,78.44743347167969,79.12016296386719,75.43209075927734,77.36924743652344,73.24616241455078,72.7804946899414,72.56720733642578,70.03570556640625,70.03570556640625,67.74215698242188,65.76473236083984,65.76473236083984,62.513999938964844,62.28964614868164,61.29437255859375,58.03447341918945,59.03388977050781,58.0,56.0,54.08327102661133,52.15361785888672,51.35172653198242,50.48762130737305,47.67599105834961,48.50773239135742,46.840152740478516,46.2385139465332
0,-42,-96,20,13,70.22820281982422,68.70953369140625,69.7782211303711,68.42514038085938,66.24198150634766,65.0,65.45991516113281,66.61080932617188,67.62396240234375,68.88395690917969,71.0633544921875,70.93659210205078,72.91776275634766,72.86288452148438,75.00666809082031,73.55270385742188,74.24958038330078,73.55270385742188,75.66372680664062,75.66372680664062,76.41989135742188,75.66372680664062,73.55270385742188,77.077880859375,75.69015502929688,75.00666809082031,74.2765121459961,74.41101837158203,72.91776275634766,71.50524139404297,71.70076751708984,70.1783447265625,68.88395690917969,66.21932983398438,65.4369888305664,63.60031509399414,63.60031509399414,61.032779693603516,59.64059066772461,58.52349853515625,56.603885650634766,55.75840759277344,56.080299377441406,52.35456085205078,51.429561614990234,49.24428939819336,48.84669876098633,48.10405349731445,45.221675872802734,46.57252502441406,46.097721099853516,43.416587829589844
0,-42,-96,20,13,72.80110168457031,72.53275299072266,69.63475799560547,72.36711883544922,69.87130737304688,70.57620239257812,68.26419067382812,70.06425476074219,72.06246948242188,71.0,74.06078338623047,74.1080322265625,77.23341369628906,77.23341369628906,78.16009521484375,76.2364730834961,78.31346893310547,75.42546081542969,78.4091796875,78.23043060302734,78.16009521484375,79.22752380371094,77.23341369628906,77.5241928100586,78.23043060302734,79.22752380371094,77.16217041015625,77.0064926147461,77.05841827392578,73.06161499023438,75.0,72.0,71.00704193115234,69.1158447265625,69.18092346191406,66.06814575195312,66.06814575195312,63.19810104370117,62.28964614868164,63.3876953125,59.53990173339844,58.54912567138672,57.070133209228516,55.31726837158203,54.5710563659668,52.201534271240234,52.49761962890625,50.695167541503906,47.92702865600586,47.01063537597656,46.06517028808594,45.79301071166992
0,-42,-96,20,13,73.40980529785156,70.21395874023438,70.45565795898438,69.3397445678711,68.09552001953125,67.11929321289062,69.35416412353516,68.15423583984375,67.779052734375,70.22820281982422,73.05477142333984,73.68174743652344,75.28611755371094,74.3303451538086,74.63243103027344,77.20103454589844,74.46475982666016,78.16009521484375,77.88452911376953,78.33900451660156,77.20103454589844,78.58753204345703,78.16009521484375,77.36924743652344,77.20103454589844,76.65507507324219,76.24303436279297,77.16217041015625,74.0,75.27283477783203,70.57620239257812,70.93659210205078,70.57620239257812,67.779052734375,67.62396240234375,66.30987548828125,64.88451385498047,62.169124603271484,59.9416389465332,59.05929183959961,58.18075180053711,57.30619430541992,57.45433044433594,54.08327102661133,53.5350341796875,51.400390625,49.04079818725586,49.67897033691406,48.10405349731445,46.69047164916992,45.343135833740234,42.20189666748047
0,-42,-96,21,10,74.0,72.12489318847656,73.24616241455078,71.0633544921875,73.54590606689453,70.03570556640625,70.45565795898438,71.34423828125,73.10950469970703,74.06078338623047,74.00675964355469,76.0,79.0,78.025634765625,79.00633239746094,81.09870910644531,80.22468566894531,81.1541748046875,81.1541748046875,82.15229797363281,81.02468872070312,82.09750366210938,80.09993743896484,81.22191619873047,81.09870910644531,80.09993743896484,80.02499389648438,81.02468872070312,77.02597045898438,78.00640869140625,74.0,73.0,73.06161499023438,72.06246948242188,72.11102294921875,70.11418914794922,68.06614685058594,65.27633666992188,64.38167572021484,62.3939094543457,61.52235412597656,58.694122314453125,60.01666259765625,55.90169906616211,56.29387283325195,54.120235443115234,52.49761962890625,51.54609680175781,50.695167541503906,49.658836364746094,46.957427978515625,46.3249397277832
0,-42,-96,21,9,68.62215423583984,67.17886352539062,65.79513549804688,67.26811981201172,64.03124237060547,65.6048812866211,64.40496826171875,64.8999252319336,66.5732650756836,66.37017059326172,67.60177612304688,69.83551788330078,72.00694274902344,70.66116333007812,72.00694274902344,72.44998168945312,72.89718627929688,71.5541763305664,73.79024505615234,73.35530090332031,72.00694274902344,72.94518280029297,73.43023681640625,74.24958038330078,72.94518280029297,72.94518280029297,73.06161499023438,70.8307876586914,71.86793518066406,69.1158447265625,68.50547790527344,69.065185546875,66.61080932617188,63.60031509399414,62.00806427001953,62.00806427001953,62.00806427001953,58.898216247558594,58.898216247558594,58.051700592041016,54.451812744140625,54.451812744140625,53.037723541259766,50.990196228027344,49.67897033691406,47.801673889160156,48.010414123535156,46.3249397277832,44.777225494384766,43.8292121887207,42.04759216308594,41.78516387939453
0,-42,-96,20,13,75.74298858642578,70.00714111328125,74.2765121459961,67.26811981201172,71.70076751708984,65.6048812866211,69.63475799560547,69.3397445678711,71.02112579345703,74.4311752319336,74.4311752319336,73.35530090332031,77.82672882080078,78.26238250732422,74.24284362792969,79.2022705078125,75.1531753540039,79.62411499023438,75.1531753540039,79.2022705078125,79.15807342529297,79.62411499023438,80.52949523925781,79.2022705078125,80.05622863769531,77.38862609863281,78.29431915283203,79.60527801513672,73.35530090332031,77.82672882080078,70.71067810058594,74.4311752319336,73.06161499023438,69.6419448852539,69.1158447265625,68.26419067382812,65.73431396484375,64.07027435302734,63.0079345703125,59.40538787841797,62.42595672607422,56.40035629272461,61.073726654052734,53.15073013305664,53.81449508666992,53.037723541259766,51.62363815307617,51.6623649597168,50.447994232177734,47.434165954589844,46.04345703125,44.41846466064453
0,-42,-96,20,13,74.20242309570312,71.0633544921875,71.50524139404297,70.03570556640625,67.88224792480469,66.52819061279297,68.7677230834961,68.24954223632812,71.61005401611328,72.20111083984375,73.81734466552734,75.45197296142578,76.00657653808594,75.1664810180664,76.5506362915039,78.54934692382812,77.5241928100586,78.892333984375,77.17512512207031,78.54934692382812,77.38862609863281,77.17512512207031,78.23043060302734,78.03204345703125,77.38862609863281,77.93586730957031,77.66595458984375,77.42092895507812,75.21302795410156,76.02631378173828,72.80110168457031,71.84010314941406,71.84010314941406,69.52696990966797,67.47592163085938,68.01470184326172,65.11528015136719,64.38167572021484,62.2414665222168,61.52235412597656,60.14149856567383,58.0,56.85068130493164,54.81787872314453,53.600372314453125,54.4058837890625,51.865211486816406,50.2493782043457,50.537113189697266,48.84669876098633,47.53945541381836,43.96589660644531
0,-42,-96,20,13,73.10950469970703,71.25306701660156,71.44927978515625,70.57620239257812,70.03570556640625,68.88395690917969,69.6419448852539,70.60453033447266,71.47027587890625,70.83784484863281,72.44998168945312,74.46475982666016,76.69419860839844,77.47257232666016,77.6208724975586,77.87811279296875,77.87811279296875,76.55716705322266,77.87811279296875,78.79086303710938,78.79086303710938,79.7057113647461,77.47257232666016,78.29431915283203,78.0,77.077880859375,77.2528305053711,77.8331527709961,76.89603424072266,74.3303451538086,73.37574768066406,72.73238372802734,72.80110168457031,70.60453033447266,69.6419448852539,66.21932983398438,64.03124237060547,63.348243713378906,64.13267517089844,61.98386764526367,58.85575485229492,57.706153869628906,58.30952072143555,56.32051086425781,54.08327102661133,51.009803771972656,51.0,52.08646774291992,50.15974426269531,48.25971221923828,45.7055778503418,44.643028259277344
0,-42,-96,20,13,71.19690704345703,69.35416412353516,65.7419204711914,68.94200134277344,65.92420196533203,67.06713104248047,66.7607650756836,66.94026947021484,69.37578582763672,68.06614685058594,72.18032836914062,72.00694274902344,73.55270385742188,74.81310272216797,75.95393371582031,74.67261505126953,75.66372680664062,73.55270385742188,76.53103637695312,74.81310272216797,76.65507507324219,76.94153594970703,72.44308471679688,77.41446685791016,76.65507507324219,77.5241928100586,76.79192352294922,74.14849853515625,74.3303451538086,71.19690704345703,71.80529022216797,70.8307876586914,70.0927963256836,66.4906005859375,66.21932983398438,63.60031509399414,63.60031509399414,61.032779693603516,61.032779693603516,61.032779693603516,55.154327392578125,57.384666442871094,54.625999450683594,54.5618896484375,51.429561614990234,50.537113189697266,48.87739944458008,48.54894256591797,45.486263275146484,45.0,44.68780517578125,43.185646057128906
0,-42,-96,20,13,72.06941223144531,71.5541763305664,68.42514038085938,70.68238830566406,68.70953369140625,68.3520278930664,68.00735473632812,68.680419921875,70.0927963256836,71.80529022216797,73.54590606689453,73.97972869873047,74.96665954589844,76.94153594970703,77.92945861816406,77.78174591064453,77.64663696289062,76.79192352294922,77.64663696289062,78.91767883300781,77.92945861816406,78.91767883300781,76.94153594970703,79.6303939819336,78.91767883300781,77.92945861816406,77.10382843017578,74.52516174316406,76.29547882080078,75.50496673583984,73.97972869873047,72.7804946899414,71.30918884277344,68.4105224609375,68.680419921875,66.7607650756836,66.48307800292969,62.297672271728516,61.35144805908203,61.6846809387207,60.16643524169922,57.93962478637695,55.94640350341797,55.009090423583984,53.23532485961914,51.97114562988281,51.107730865478516,49.648765563964844,48.60041046142578,47.6340217590332,46.69047164916992,44.59820556640625
0,-42,-96,21,9,70.29224395751953,68.7677230834961,70.00714111328125,69.29646301269531,65.0691909790039,67.35725402832031,64.81512451171875,66.61080932617188,67.67569732666016,69.3397445678711,71.86793518066406,71.34423828125,73.9256362915039,73.43023681640625,74.4311752319336,74.70609283447266,75.1797866821289,72.4706802368164,75.59100341796875,75.66372680664062,77.02597045898438,77.89736938476562,72.94518280029297,77.36924743652344,76.5375747680664,75.66372680664062,75.29276275634766,73.57308959960938,74.4311752319336,71.86793518066406,71.28113555908203,69.89277648925781,69.63475799560547,66.0302963256836,66.40029907226562,63.60031509399414,62.801273345947266,60.4400520324707,59.66573715209961,58.79625701904297,57.384666442871094,55.90169906616211,53.740116119384766,54.451812744140625,51.6623649597168,49.67897033691406,48.60041046142578,48.60041046142578,46.87216567993164,46.647613525390625,44.72135925292969,42.154476165771484
0,-42,-96,20,13,74.04052734375,71.47027587890625,70.22820281982422,70.00714111328125,68.94200134277344,67.97793579101562,67.11929321289062,69.97142028808594,69.6419448852539,72.67048645019531,72.42237091064453,74.20242309570312,75.60423278808594,75.43209075927734,75.60423278808594,77.6208724975586,76.69419860839844,76.83749389648438,77.46611785888672,78.8733139038086,78.24320983886719,78.74642944335938,79.02531433105469,77.33692169189453,78.10249328613281,76.83749389648438,77.0064926147461,76.40026092529297,75.80237579345703,73.23933410644531,73.49829864501953,71.56116485595703,70.1783447265625,69.3397445678711,69.1158447265625,67.23094177246094,64.49806213378906,63.1347770690918,63.06346130371094,60.8276252746582,57.697486877441406,57.697486877441406,56.859474182128906,54.7813835144043,52.55473327636719,51.865211486816406,50.0,50.447994232177734,48.05205535888672,46.52956008911133,45.27692413330078,44.0
0,-42,-96,21,9,73.24616241455078,68.680419921875,71.7844009399414,69.28924560546875,69.07966613769531,66.70832061767578,68.87670135498047,68.88395690917969,69.97142028808594,70.8307876586914,73.7834701538086,74.63243103027344,75.80237579345703,75.0,76.02631378173828,78.4091796875,74.81310272216797,75.0,76.40026092529297,78.4091796875,77.42092895507812,79.2022705078125,76.6093978881836,79.64923095703125,77.0064926147461,77.20103454589844,76.843994140625,76.6093978881836,73.81734466552734,74.06078338623047,71.86793518066406,72.71863555908203,71.02112579345703,70.32780456542969,67.60177612304688,66.73080444335938,65.0,62.64982223510742,60.8276252746582,59.03388977050781,59.50630187988281,57.27128601074219,56.080299377441406,54.424259185791016,52.81098556518555,51.92301940917969,50.96076965332031,49.47726821899414,47.85394287109375,46.389652252197266,45.17742919921875,45.0
0,-42,-96,20,13,73.0,71.0,71.17584228515625,68.26419067382812,67.47592163085938,66.91038513183594,68.65857696533203,67.46851348876953,69.6419448852539,71.56814575195312,72.42237091064453,73.68174743652344,75.27283477783203,75.27283477783203,75.27283477783203,77.6208724975586,78.0,76.69419860839844,76.15773010253906,78.39005279541016,76.32168579101562,78.39005279541016,77.6208724975586,77.47257232666016,76.32168579101562,77.2528305053711,77.2528305053711,75.96051788330078,75.61084747314453,73.73601531982422,71.47027587890625,71.7844009399414,70.21395874023438,67.72000885009766,67.72000885009766,66.48307800292969,65.0,63.348243713378906,61.188232421875,60.20797348022461,59.03388977050781,57.87054443359375,57.55866622924805,54.33230972290039,52.345008850097656,51.03919982910156,51.03919982910156,50.0,47.04253387451172,46.27094268798828,46.389652252197266,44.14748001098633
0,-42,-96,20,14,75.32595825195312,73.10950469970703,73.0,73.00685119628906,72.06246948242188,71.17584228515625,71.34423828125,71.56814575195312,72.83543395996094,73.16419982910156,75.92759704589844,76.65507507324219,76.65507507324219,79.55501556396484,78.33900451660156,80.28075408935547,82.71033477783203,78.84795379638672,82.00609588623047,82.22530364990234,81.02468872070312,80.04998779296875,79.30951690673828,82.2800064086914,81.74349975585938,80.77747344970703,78.85429382324219,78.64476776123047,79.42921447753906,75.70997619628906,75.13321685791016,74.4311752319336,73.43704986572266,72.44308471679688,69.2603759765625,68.26419067382812,67.36467742919922,65.0691909790039,65.0691909790039,63.0,62.0,60.0,58.03447341918945,56.080299377441406,57.14017868041992,52.611785888671875,53.600372314453125,51.195701599121094,50.695167541503906,49.33558654785156,48.383880615234375,47.01063537597656
0,-42,-96,20,13,71.28113555908203,69.3397445678711,69.1158447265625,67.60177612304688,67.5351791381836,68.02940368652344,68.15423583984375,68.3520278930664,68.94925689697266,69.2603759765625,72.80110168457031,73.49829864501953,75.18643188476562,75.18643188476562,76.65507507324219,77.87811279296875,76.90253448486328,76.15773010253906,77.87811279296875,77.36924743652344,77.36924743652344,78.33900451660156,76.40026092529297,77.66595458984375,78.33900451660156,76.40026092529297,77.88452911376953,76.24303436279297,73.76313781738281,73.08214569091797,71.51223754882812,71.16881561279297,71.51223754882812,67.779052734375,66.85057830810547,65.0,64.47480010986328,62.2414665222168,61.269893646240234,59.9416389465332,59.05929183959961,58.18075180053711,56.93856430053711,54.37830352783203,51.312767028808594,50.21951675415039,51.22499465942383,49.67897033691406,45.96738052368164,45.96738052368164,45.343135833740234,45.221675872802734
0,-42,-96,20,13,72.20111083984375,73.23933410644531,71.02112579345703,69.1158447265625,67.60177612304688,70.66116333007812,70.26378631591797,69.46221923828125,70.57620239257812,69.6419448852539,75.27283477783203,74.0,76.843994140625,76.5375747680664,79.4040298461914,77.6208724975586,79.8122787475586,76.65507507324219,80.52328491210938,79.30951690673828,79.12016296386719,79.12016296386719,76.92203521728516,79.12016296386719,78.44743347167969,80.36167907714844,80.36167907714844,76.843994140625,77.16217041015625,74.94664764404297,72.80110168457031,72.80110168457031,71.30918884277344,69.46221923828125,68.54196166992188,67.11929321289062,64.8459701538086,64.41273498535156,63.52952194213867,61.29437255859375,58.66856002807617,60.0333251953125,56.30275344848633,56.035701751708984,53.823787689208984,52.801513671875,51.22499465942383,50.990196228027344,48.08325958251953,48.166378021240234,46.75468063354492,45.486263275146484
0,-42,-96,20,13,73.38937377929688,71.47027587890625,70.60453033447266,68.15423583984375,67.46851348876953,65.92420196533203,68.4689712524414,67.26811981201172,71.0633544921875,71.0633544921875,74.06078338623047,76.02631378173828,74.00675964355469,75.0,75.0,78.16009521484375,77.05841827392578,77.05841827392578,77.16217041015625,77.16217041015625,77.02597045898438,79.05693817138672,77.0064926147461,79.05693817138672,77.0,78.00640869140625,76.00657653808594,76.0,75.0,75.0,72.06246948242188,71.0633544921875,71.0633544921875,68.18357849121094,67.26811981201172,65.27633666992188,65.37583923339844,61.814239501953125,61.814239501953125,60.01666259765625,59.03388977050781,56.29387283325195,55.54277801513672,54.81787872314453,53.16013717651367,50.59644317626953,49.76947021484375,49.76947021484375,48.754486083984375,47.01063537597656,46.3249397277832,42.20189666748047
0,-42,-96,20,13,74.24284362792969,71.5541763305664,70.8307876586914,69.97142028808594,67.67569732666016,67.42403411865234,68.88395690917969,68.11754608154297,70.0927963256836,70.0927963256836,73.55270385742188,74.2765121459961,75.69015502929688,75.66372680664062,75.69015502929688,77.23341369628906,77.23341369628906,76.48529052734375,77.89736938476562,78.74642944335938,77.8331527709961,79.39773559570312,75.74298858642578,79.24645233154297,77.79460144042969,78.49203491210938,76.41989135742188,76.3675308227539,74.95331573486328,73.53910827636719,73.55270385742188,70.76722717285156,69.52696990966797,68.7677230834961,68.01470184326172,66.06814575195312,64.81512451171875,63.0079345703125,61.032779693603516,61.29437255859375,59.40538787841797,58.00862121582031,58.830265045166016,56.080299377441406,52.839378356933594,51.4781494140625,50.08992004394531,51.078372955322266,47.75981521606445,47.801673889160156,45.35416030883789,44.40720748901367
0,-42,-96,20,13,72.36711883544922,71.02112579345703,69.58448028564453,70.45565795898438,67.18630981445312,69.00724792480469,70.00714111328125,70.028564453125,70.25667572021484,69.2603759765625,71.25306701660156,74.5452880859375,75.80237579345703,75.66372680664062,76.79192352294922,76.29547882080078,77.27871704101562,76.11833190917969,77.66595458984375,78.64476776123047,76.94153594970703,78.64476776123047,74.96665954589844,78.26238250732422,78.26238250732422,76.94153594970703,77.92945861816406,75.80237579345703,76.53103637695312,72.69112396240234,73.33484649658203,72.3394775390625,71.44927978515625,69.18092346191406,68.11754608154297,65.0691909790039,65.0,64.0,62.0,60.0333251953125,58.03447341918945,58.07753372192383,56.22277069091797,56.32051086425781,52.345008850097656,51.788028717041016,50.990196228027344,50.21951675415039,48.383880615234375,49.39635467529297,44.384681701660156,43.8292121887207
0,-42,-96,21,9,77.10382843017578,71.19690704345703,71.70076751708984,70.45565795898438,70.25667572021484,69.02897644042969,69.0,71.0,71.11258697509766,72.24956512451172,73.55270385742188,74.96665954589844,76.94153594970703,78.08969116210938,76.94153594970703,78.08969116210938,78.08969116210938,78.08969116210938,77.27871704101562,78.08969116210938,79.76214599609375,79.90619659423828,79.07591247558594,80.04998779296875,80.41144561767578,78.26238250732422,77.92945861816406,78.77182006835938,75.53807067871094,75.42546081542969,73.33484649658203,74.24284362792969,74.1687240600586,71.02816009521484,70.028564453125,67.06713104248047,64.1248779296875,64.07027435302734,63.03173828125,62.0,60.0333251953125,59.07622146606445,59.13543701171875,55.226806640625,53.46026611328125,52.611785888671875,51.41984176635742,50.447994232177734,48.50773239135742,46.840152740478516,47.16990661621094,43.382022857666016
0,-42,-96,21,9,69.37578582763672,65.73431396484375,68.88395690917969,64.77654266357422,66.37017059326172,63.12685775756836,65.0076904296875,64.0,66.00757598876953,69.065185546875,69.18092346191406,70.25667572021484,71.25306701660156,71.44927978515625,70.34912872314453,73.97972869873047,72.00694274902344,73.97972869873047,72.99314880371094,74.96665954589844,71.70076751708984,74.96665954589844,73.68174743652344,73.97972869873047,74.67261505126953,71.84706115722656,71.70076751708984,73.55270385742188,71.44927978515625,71.56814575195312,68.26419067382812,68.11754608154297,66.06814575195312,66.0302963256836,64.03124237060547,64.0,62.00806427001953,60.0,58.00862121582031,57.00876998901367,57.00876998901367,54.037025451660156,54.147945404052734,51.35172653198242,49.36598205566406,48.83646011352539,48.27007293701172,46.57252502441406,47.12748718261719,43.65776062011719,42.54409408569336,40.70626449584961
0,-42,-96,20,13,72.56720733642578,70.21395874023438,70.57620239257812,68.4689712524414,70.25667572021484,68.02940368652344,69.0,69.0,71.02816009521484,71.25306701660156,72.44308471679688,71.56814575195312,75.95393371582031,76.94153594970703,77.78174591064453,77.92945861816406,75.13321685791016,77.92945861816406,78.44743347167969,78.08969116210938,77.64663696289062,79.24645233154297,78.08969116210938,78.64476776123047,78.08969116210938,77.92945861816406,77.92945861816406,77.64663696289062,74.4311752319336,74.67261505126953,71.25306701660156,71.25306701660156,70.1783447265625,66.0302963256836,68.00735473632812,66.00757598876953,64.0078125,64.0078125,62.0,61.032779693603516,59.03388977050781,57.03507614135742,57.07889175415039,54.230987548828125,52.345008850097656,51.97114562988281,51.195701599121094,49.72926712036133,46.57252502441406,46.48655700683594,45.694637298583984,42.48529052734375
0,-42,-96,20,13,74.65252685546875,69.52696990966797,71.4212875366211,68.59300231933594,69.35416412353516,68.01470184326172,68.4105224609375,68.60028839111328,68.818603515625,71.56116485595703,71.56116485595703,73.57308959960938,74.4311752319336,75.66372680664062,75.29276275634766,77.02597045898438,77.89736938476562,77.89736938476562,78.29431915283203,77.41446685791016,78.29431915283203,77.89736938476562,77.89736938476562,77.02597045898438,77.89736938476562,77.5241928100586,76.66159057617188,75.47184753417969,76.5506362915039,73.7834701538086,71.61005401611328,71.02816009521484,70.80254364013672,68.4105224609375,69.02897644042969,67.47592163085938,64.81512451171875,63.78087615966797,62.2414665222168,61.55485534667969,60.10823440551758,57.982757568359375,55.90169906616211,55.90169906616211,53.26349639892578,51.22499465942383,52.201534271240234,49.648765563964844,48.54894256591797,48.30113983154297,47.01063537597656,45.54119110107422
0,-42,-96,21,9,72.4706802368164,72.20111083984375,70.1783447265625,69.3397445678711,68.00735473632812,68.24954223632812,68.01470184326172,67.89698028564453,70.00714111328125,70.03570556640625,72.13875579833984,73.66138458251953,75.1664810180664,75.07329559326172,76.5767593383789,76.69419860839844,77.801025390625,76.05918884277344,77.801025390625,78.60025787353516,76.216796875,78.8733139038086,75.43209075927734,77.801025390625,76.05918884277344,78.8733139038086,77.6208724975586,76.5767593383789,75.92759704589844,72.34638977050781,72.13875579833984,70.76722717285156,70.72481536865234,69.3108901977539,67.17886352539062,65.76473236083984,63.65532302856445,62.28964614868164,61.61980056762695,60.30754470825195,57.628116607666016,56.85068130493164,57.00876998901367,55.217750549316406,53.00943374633789,51.62363815307617,50.2493782043457,50.11985778808594,48.84669876098633,47.16990661621094,44.271888732910156,45.35416030883789
0,-42,-96,20,13,72.00694274902344,71.0633544921875,69.35416412353516,68.680419921875,66.48307800292969,66.52819061279297,69.02897644042969,68.60028839111328,70.45565795898438,69.3397445678711,72.40165710449219,73.57308959960938,74.94664764404297,75.29276275634766,75.29276275634766,77.89736938476562,77.89736938476562,76.15773010253906,77.02597045898438,77.89736938476562,77.02597045898438,77.89736938476562,75.29276275634766,77.41446685791016,77.02597045898438,78.77182006835938,77.5241928100586,75.47184753417969,75.47184753417969,72.71863555908203,71.02816009521484,72.42237091064453,72.42237091064453,67.42403411865234,68.60028839111328,64.20280456542969,64.81512451171875,62.481998443603516,61.61980056762695,60.20797348022461,58.0,57.28001403808594,57.28001403808594,54.451812744140625,53.75872039794922,50.447994232177734,51.22499465942383,49.648765563964844,47.16990661621094,47.01063537597656,44.72135925292969,44.777225494384766
0,-42,-96,20,13,69.72087097167969,70.03570556640625,65.30696868896484,68.65857696533203,64.28841400146484,67.05221557617188,66.40782928466797,66.85057830810547,68.54196166992188,67.11929321289062,71.5541763305664,71.11962127685547,72.4706802368164,72.94518280029297,74.30342864990234,73.06161499023438,77.5241928100586,72.20111083984375,77.17512512207031,75.29276275634766,75.66372680664062,76.15773010253906,72.56031799316406,75.29276275634766,75.29276275634766,76.5375747680664,75.66372680664062,70.66116333007812,74.24284362792969,70.66116333007812,71.58910369873047,69.85699462890625,69.46221923828125,65.92420196533203,65.92420196533203,62.032249450683594,62.032249450683594,60.406951904296875,58.18934631347656,60.083274841308594,55.36244201660156,58.52349853515625,54.5710563659668,55.31726837158203,51.788028717041016,49.648765563964844,48.3735466003418,48.166378021240234,45.0,45.0,45.0111083984375,44.283180236816406
0,-42,-96,20,13,74.4311752319336,71.25306701660156,71.0,69.00724792480469,71.00704193115234,67.06713104248047,70.34912872314453,68.4689712524414,71.84706115722656,73.16419982910156,72.36711883544922,75.50496673583984,76.15773010253906,76.15773010253906,75.18643188476562,80.65357971191406,75.96051788330078,79.8122787475586,75.0,77.88452911376953,78.58753204345703,79.8122787475586,80.36167907714844,78.16009521484375,79.55501556396484,78.58753204345703,75.69015502929688,77.1297607421875,74.21590423583984,78.10249328613281,71.38627624511719,72.36711883544922,72.00694274902344,68.73136138916016,68.88395690917969,69.58448028564453,65.4904556274414,63.28506851196289,62.20128631591797,60.20797348022461,62.07253646850586,57.03507614135742,59.0,54.0,54.00925827026367,52.08646774291992,52.345008850097656,50.35871505737305,50.990196228027344,47.29693603515625,48.08325958251953,46.2385139465332
0,-42,-96,20,13,74.1687240600586,71.11258697509766,72.0,69.00724792480469,69.18092346191406,68.26419067382812,67.74215698242188,70.03570556640625,70.21395874023438,73.24616241455078,73.00685119628906,73.49829864501953,75.96051788330078,74.3303451538086,74.04052734375,80.0062484741211,75.89466094970703,78.74642944335938,77.16217041015625,78.10890197753906,77.79460144042969,77.16217041015625,78.74642944335938,78.10890197753906,79.05693817138672,77.49193572998047,78.16009521484375,77.20103454589844,73.49829864501953,75.43209075927734,71.0633544921875,72.03471374511719,71.38627624511719,69.42621612548828,68.24954223632812,67.08203887939453,64.93843078613281,61.400325775146484,60.530982971191406,58.30952072143555,60.29925537109375,56.32051086425781,58.07753372192383,54.00925827026367,53.037723541259766,52.0,51.088157653808594,50.15974426269531,49.36598205566406,47.07440948486328,46.097721099853516,43.011627197265625
0,-42,-96,20,13,73.37574768066406,73.08214569091797,70.8307876586914,69.63475799560547,69.05070495605469,69.58448028564453,69.2603759765625,70.11418914794922,71.02816009521484,72.0,74.00675964355469,76.02631378173828,75.1065902709961,77.23341369628906,77.16217041015625,77.3175277709961,77.5241928100586,77.41446685791016,78.4091796875,79.4040298461914,77.23341369628906,78.4091796875,78.31346893310547,78.51751708984375,78.31346893310547,77.23341369628906,77.41446685791016,76.2364730834961,77.23341369628906,75.23961639404297,74.06078338623047,73.02738952636719,72.0,70.0,69.0,67.0,66.00757598876953,64.03124237060547,61.073726654052734,61.13100814819336,60.13318634033203,58.30952072143555,57.314918518066406,55.44366455078125,54.58937454223633,53.36665725708008,52.63079071044922,50.695167541503906,49.97999572753906,48.10405349731445,46.097721099853516,44.29446792602539
0,-42,-96,21,9,69.42621612548828,66.84310150146484,67.80117797851562,64.637451171875,67.67569732666016,63.812225341796875,67.11929321289062,65.76473236083984,67.5425796508789,69.85699462890625,70.7742919921875,71.69379425048828,70.93659210205078,73.73601531982422,71.86793518066406,77.16217041015625,74.3303451538086,75.27283477783203,74.3303451538086,75.61084747314453,75.3923110961914,75.61084747314453,76.32168579101562,74.67261505126953,75.96051788330078,75.02666473388672,74.32361602783203,75.23961639404297,70.68238830566406,74.32361602783203,69.77105712890625,69.77105712890625,68.88395690917969,65.3681869506836,67.11929321289062,65.86349487304688,63.28506851196289,60.20797348022461,58.52349853515625,56.61272048950195,57.688819885253906,54.4058837890625,56.85068130493164,51.7397346496582,50.32891845703125,50.93132781982422,48.10405349731445,47.423622131347656,47.20169448852539,46.04345703125,44.41846466064453,41.59326934814453
0,-42,-96,21,9,72.00694274902344,69.83551788330078,73.06161499023438,67.41661834716797,66.85057830810547,67.00746154785156,68.01470184326172,68.01470184326172,69.3108901977539,70.00714111328125,72.12489318847656,73.55270385742188,76.41989135742188,74.2765121459961,75.00666809082031,75.92759704589844,75.92759704589844,75.82215881347656,76.69419860839844,77.23341369628906,76.48529052734375,77.23341369628906,75.74298858642578,77.23341369628906,77.15568542480469,77.15568542480469,77.15568542480469,74.96665954589844,74.2765121459961,73.55270385742188,70.03570556640625,71.44927978515625,69.35416412353516,67.35725402832031,67.35725402832031,66.06814575195312,64.81512451171875,62.20128631591797,61.61168670654297,59.90826416015625,56.859474182128906,56.035701751708984,56.603885650634766,51.97114562988281,52.35456085205078,51.429561614990234,49.658836364746094,50.695167541503906,50.59644317626953,46.57252502441406,45.12205505371094,43.416587829589844
0,-42,-96,20,13,72.2772445678711,71.16881561279297,70.51950073242188,69.89277648925781,68.70953369140625,67.5425796508789,68.0,68.96376037597656,69.97142028808594,71.86793518066406,73.49829864501953,73.49829864501953,75.21302795410156,74.06078338623047,77.42092895507812,76.6093978881836,78.00640869140625,75.21302795410156,77.801025390625,78.00640869140625,76.6093978881836,78.23681640625,76.40026092529297,77.801025390625,78.23681640625,77.42092895507812,76.843994140625,76.5506362915039,75.47184753417969,73.24616241455078,72.56031799316406,73.06161499023438,70.71067810058594,67.11929321289062,68.42514038085938,64.88451385498047,64.41273498535156,63.56099319458008,62.2414665222168,60.926185607910156,57.245086669921875,58.52349853515625,56.920997619628906,53.75872039794922,53.16013717651367,51.41984176635742,50.990196228027344,49.36598205566406,49.36598205566406,47.16990661621094,45.0,43.046485900878906
0,-42,-96,20,13,73.55270385742188,73.97972869873047,70.21395874023438,69.23149871826172,69.37578582763672,69.2603759765625,68.00735473632812,68.70953369140625,69.85699462890625,72.44998168945312,74.24958038330078,75.13321685791016,77.41446685791016,75.1797866821289,78.77182006835938,78.39005279541016,78.03204345703125,78.39005279541016,77.69813537597656,81.6333236694336,77.41446685791016,79.25907135009766,78.03204345703125,79.92496490478516,79.4040298461914,78.892333984375,78.77182006835938,77.41446685791016,75.66372680664062,73.35530090332031,72.44998168945312,73.34848022460938,71.58910369873047,69.35416412353516,68.94200134277344,65.39112854003906,66.30987548828125,63.694583892822266,62.96824645996094,61.35144805908203,59.13543701171875,58.18934631347656,57.28001403808594,54.81787872314453,54.34151077270508,52.39274597167969,51.788028717041016,51.35172653198242,49.25444030761719,48.041648864746094,47.0,44.18144226074219
0,-42,-96,21,9,68.0,67.0,67.06713104248047,64.19501495361328,64.28063201904297,63.50590515136719,64.93843078613281,64.32728576660156,65.96968841552734,67.18630981445312,68.680419921875,68.62215423583984,70.83784484863281,71.51223754882812,72.11102294921875,71.51223754882812,72.61542510986328,72.44998168945312,74.09453582763672,74.3303451538086,72.11102294921875,71.51223754882812,74.3303451538086,74.84651184082031,71.51223754882812,73.38937377929688,72.11102294921875,73.05477142333984,70.21395874023438,69.57010650634766,68.680419921875,67.91170501708984,66.94026947021484,64.53681182861328,62.36986541748047,62.585941314697266,60.41522979736328,59.03388977050781,58.694122314453125,55.44366455078125,56.56854248046875,53.33854293823242,53.23532485961914,52.038448333740234,49.01020431518555,49.01020431518555,46.010868072509766,47.095645904541016,46.389652252197266,45.54119110107422,42.95346450805664,41.1096076965332
0,-42,-96,20,13,72.80110168457031,71.02816009521484,71.86793518066406,69.97142028808594,68.0,67.97793579101562,69.46221923828125,68.70953369140625,71.51223754882812,72.11102294921875,74.94664764404297,74.94664764404297,76.92203521728516,75.69015502929688,75.69015502929688,77.87811279296875,77.1297607421875,77.36924743652344,78.85429382324219,78.10249328613281,77.36924743652344,79.30951690673828,78.33900451660156,79.07591247558594,79.30951690673828,77.36924743652344,77.36924743652344,78.84795379638672,74.04052734375,76.24303436279297,72.42237091064453,73.68174743652344,72.44998168945312,68.70953369140625,68.3520278930664,66.85057830810547,65.0,63.56099319458008,61.32699203491211,59.03388977050781,60.41522979736328,56.79788589477539,57.30619430541992,54.20331954956055,53.0,51.312767028808594,50.80354309082031,50.0,48.91830062866211,47.381431579589844,45.343135833740234,43.8292121887207
0,-42,-96,20,13,74.46475982666016,73.00685119628906,71.80529022216797,71.19690704345703,70.71067810058594,68.35934448242188,69.2603759765625,71.0633544921875,71.0,73.00685119628906,73.02738952636719,76.05918884277344,77.10382843017578,78.16009521484375,78.05767059326172,79.22752380371094,78.23043060302734,78.16009521484375,78.23043060302734,80.22468566894531,80.09993743896484,79.22752380371094,78.16009521484375,79.30951690673828,82.15229797363281,79.10120391845703,79.10120391845703,77.0,78.0,76.00657653808594,74.00675964355469,75.00666809082031,72.11102294921875,70.11418914794922,69.18092346191406,65.19202423095703,65.27633666992188,62.3939094543457,63.50590515136719,62.64982223510742,59.03388977050781,58.85575485229492,56.29387283325195,53.851646423339844,52.63079071044922,52.49761962890625,50.9215087890625,51.26402282714844,48.84669876098633,46.51881408691406,45.79301071166992,43.8292121887207
0,-42,-96,21,9,71.58910369873047,71.21797180175781,66.61080932617188,67.67569732666016,66.2872543334961,67.23094177246094,65.3681869506836,67.08203887939453,67.08203887939453,69.85699462890625,69.46221923828125,71.86793518066406,73.38937377929688,74.3303451538086,75.96051788330078,74.3303451538086,75.27283477783203,74.3303451538086,77.16217041015625,77.49193572998047,76.69419860839844,77.2528305053711,74.09453582763672,76.216796875,76.5506362915039,76.32168579101562,75.7693862915039,73.40980529785156,75.23961639404297,70.26378631591797,71.5541763305664,70.66116333007812,69.83551788330078,66.24198150634766,67.23094177246094,63.631752014160156,63.631752014160156,61.057350158691406,60.74536895751953,59.07622146606445,55.803226470947266,57.42821502685547,54.671749114990234,53.90732955932617,51.6623649597168,50.20956039428711,48.83646011352539,48.166378021240234,46.86149978637695,45.221675872802734,44.10215377807617,42.94182205200195
0,-42,-96,21,9,69.3397445678711,66.85057830810547,65.4369888305664,66.06814575195312,65.94694519042969,64.35060119628906,65.05382537841797,65.11528015136719,66.60330200195312,66.70832061767578,67.62396240234375,70.80254364013672,71.40028381347656,71.61005401611328,72.20111083984375,74.06078338623047,71.84706115722656,71.61005401611328,74.06078338623047,74.40430450439453,73.60027313232422,75.0,72.80110168457031,72.67048645019531,74.40430450439453,74.40430450439453,73.40980529785156,72.62230682373047,71.84010314941406,71.0633544921875,68.01470184326172,68.01470184326172,67.20863342285156,65.76473236083984,64.35060119628906,63.639610290527344,60.8276252746582,57.314918518066406,59.46427536010742,57.384666442871094,55.44366455078125,54.81787872314453,53.600372314453125,52.201534271240234,51.312767028808594,48.87739944458008,48.3735466003418,46.51881408691406,44.283180236816406,44.94440841674805,42.05948257446289,42.20189666748047
0,-42,-96,20,13,73.97972869873047,72.53275299072266,71.7844009399414,70.83784484863281,68.70953369140625,69.46221923828125,69.85699462890625,70.21395874023438,70.71067810058594,70.32780456542969,73.24616241455078,74.3303451538086,75.7165756225586,76.843994140625,77.10382843017578,77.66595458984375,78.23681640625,77.10382843017578,78.00640869140625,79.32212829589844,76.5506362915039,78.49203491210938,77.10382843017578,80.0,78.23681640625,77.66595458984375,79.61155700683594,75.47184753417969,76.66159057617188,74.4311752319336,72.4706802368164,72.4706802368164,71.5541763305664,68.88395690917969,68.02940368652344,66.70832061767578,66.21178436279297,63.56099319458008,62.3939094543457,61.09828186035156,58.52349853515625,57.245086669921875,57.87054443359375,54.708316802978516,54.34151077270508,52.95280838012695,51.788028717041016,50.35871505737305,49.162994384765625,48.010414123535156,46.0,45.09988784790039
0,-42,-96,20,13,72.24956512451172,70.25667572021484,71.70076751708984,69.72087097167969,67.46851348876953,66.70832061767578,68.680419921875,67.35725402832031,69.28924560546875,69.6419448852539,73.73601531982422,73.00685119628906,75.64390563964844,74.73285675048828,75.1531753540039,77.36924743652344,76.92203521728516,75.58438873291016,77.82030487060547,77.82672882080078,76.967529296875,78.71467590332031,77.38862609863281,79.17701721191406,78.72102355957031,77.87811279296875,76.55716705322266,77.077880859375,75.7693862915039,73.53910827636719,74.67261505126953,71.51223754882812,71.16881561279297,68.62215423583984,67.35725402832031,66.7607650756836,64.56005096435547,62.361846923828125,60.87692642211914,59.43904495239258,59.228370666503906,59.228370666503906,56.56854248046875,55.578773498535156,54.33230972290039,52.239830017089844,51.088157653808594,50.0,48.041648864746094,47.16990661621094,45.39823913574219,44.14748001098633
0,-42,-96,21,9,74.3303451538086,72.00694274902344,71.44927978515625,69.35416412353516,69.065185546875,67.0,69.0,70.06425476074219,70.1783447265625,71.44927978515625,73.55270385742188,75.80237579345703,76.94153594970703,75.95393371582031,76.94153594970703,78.26238250732422,78.26238250732422,78.26238250732422,78.44743347167969,80.23091888427734,78.08969116210938,78.44743347167969,78.08969116210938,79.42921447753906,79.07591247558594,78.08969116210938,77.92945861816406,77.92945861816406,74.67261505126953,76.53103637695312,72.24956512451172,72.17340087890625,71.17584228515625,70.06425476074219,68.06614685058594,67.06713104248047,67.02984619140625,64.0,63.0,61.00819778442383,60.0333251953125,58.03447341918945,58.30952072143555,55.3263053894043,54.451812744140625,51.788028717041016,52.95280838012695,50.447994232177734,48.764739990234375,47.75981521606445,45.694637298583984,45.18849563598633
0,-42,-96,20,13,73.0,71.0,71.0633544921875,68.18357849121094,69.46221923828125,68.4689712524414,68.88395690917969,69.23149871826172,68.88395690917969,71.56814575195312,72.73238372802734,72.11102294921875,75.61084747314453,75.61084747314453,75.27283477783203,75.96051788330078,76.32168579101562,75.27283477783203,75.96051788330078,77.8331527709961,77.16217041015625,77.8331527709961,75.96051788330078,77.47257232666016,76.32168579101562,75.96051788330078,76.216796875,75.27283477783203,74.94664764404297,74.0,71.56814575195312,71.30918884277344,70.3420181274414,67.6830825805664,67.46851348876953,65.51335906982422,64.76110076904297,63.348243713378906,62.169124603271484,58.694122314453125,58.54912567138672,56.56854248046875,56.32051086425781,54.230987548828125,53.037723541259766,51.0,51.009803771972656,49.09175109863281,47.26520919799805,46.389652252197266,45.54119110107422,43.416587829589844
0,-42,-96,21,9,73.24616241455078,73.00685119628906,72.11102294921875,69.3397445678711,68.96376037597656,68.88395690917969,69.7782211303711,69.46221923828125,72.23572540283203,71.16881561279297,74.94664764404297,74.63243103027344,75.69015502929688,77.88452911376953,77.49193572998047,78.84795379638672,78.58753204345703,77.88452911376953,78.33900451660156,79.55501556396484,77.88452911376953,79.30951690673828,77.88452911376953,79.30951690673828,78.84795379638672,79.55501556396484,78.58753204345703,77.79460144042969,75.89466094970703,74.63243103027344,74.3303451538086,72.44998168945312,70.00714111328125,68.70953369140625,67.779052734375,65.92420196533203,65.0,62.64982223510742,63.071388244628906,60.41522979736328,61.29437255859375,56.82429122924805,57.80138397216797,55.56977462768555,53.5350341796875,54.4058837890625,51.400390625,51.855567932128906,48.91830062866211,47.381431579589844,45.25483322143555,45.607017517089844
0,-42,-96,20,14,73.66138458251953,73.0,71.84010314941406,70.80254364013672,68.00735473632812,70.45565795898438,68.79679870605469,68.88395690917969,70.23532104492188,71.5541763305664,73.82411193847656,75.1531753540039,76.69419860839844,76.15773010253906,79.30951690673828,78.0,80.77747344970703,78.54934692382812,80.23091888427734,79.7057113647461,79.7057113647461,79.7057113647461,78.39005279541016,79.12016296386719,80.62257385253906,79.30951690673828,78.29431915283203,76.02631378173828,77.36924743652344,75.13321685791016,73.82411193847656,73.43023681640625,72.20111083984375,68.26419067382812,68.50547790527344,67.41661834716797,66.8879623413086,63.24555206298828,62.801273345947266,61.400325775146484,58.41232681274414,58.898216247558594,56.7274169921875,55.865909576416016,55.154327392578125,50.990196228027344,51.7397346496582,50.0,50.0,47.16990661621094,45.27692413330078,44.72135925292969
0,-42,-96,21,9,71.84010314941406,70.0,69.3397445678711,67.95587158203125,66.8879623413086,66.24198150634766,66.18912506103516,67.11929321289062,69.85699462890625,69.07966613769531,70.57620239257812,72.44998168945312,73.38937377929688,73.68174743652344,75.27283477783203,75.89466094970703,75.96051788330078,74.94664764404297,74.3303451538086,76.843994140625,75.27283477783203,76.216796875,76.216796875,76.24303436279297,76.216796875,75.27283477783203,75.27283477783203,75.02666473388672,73.16419982910156,73.53910827636719,69.7782211303711,69.35416412353516,70.21395874023438,67.08203887939453,65.76473236083984,65.29930877685547,63.95310592651367,61.057350158691406,60.20797348022461,59.36328887939453,57.688819885253906,55.4707145690918,55.803226470947266,54.4058837890625,51.22499465942383,50.93132781982422,49.51767349243164,47.381431579589844,48.166378021240234,46.22769546508789,45.80392837524414,41.34005355834961
0,-42,-96,20,13,71.58910369873047,71.4212875366211,69.35416412353516,69.35416412353516,69.52696990966797,69.02897644042969,69.065185546875,68.79679870605469,68.26419067382812,71.02112579345703,72.71863555908203,73.9256362915039,74.4311752319336,74.30342864990234,78.29431915283203,76.02631378173828,76.47875213623047,75.59100341796875,79.60527801513672,78.29431915283203,77.82030487060547,78.72102355957031,75.59100341796875,79.17701721191406,80.13114166259766,76.5375747680664,77.02597045898438,76.00657653808594,75.80237579345703,74.4311752319336,73.49829864501953,72.94518280029297,70.1783447265625,68.24221801757812,68.00735473632812,65.0,64.66065216064453,63.70243453979492,60.87692642211914,60.20797348022461,58.051700592041016,58.0,57.28001403808594,54.488529205322266,53.075416564941406,51.22499465942383,52.801513671875,50.6063232421875,48.87739944458008,48.30113983154297,47.01063537597656,43.32435989379883
0,-42,-96,21,9,74.2765121459961,72.12489318847656,69.35416412353516,70.83784484863281,67.62396240234375,70.0,68.24221801757812,69.3397445678711,71.86793518066406,70.71067810058594,73.82411193847656,74.24284362792969,75.58438873291016,76.48529052734375,79.15807342529297,76.48529052734375,77.87811279296875,76.92203521728516,78.79086303710938,79.15807342529297,78.26238250732422,79.60527801513672,76.967529296875,78.79086303710938,79.62411499023438,78.72102355957031,79.60527801513672,76.15773010253906,77.41446685791016,73.43023681640625,73.57308959960938,74.4311752319336,71.56116485595703,69.3397445678711,68.50547790527344,66.0302963256836,65.45991516113281,64.40496826171875,62.801273345947266,62.00806427001953,58.898216247558594,58.898216247558594,57.384666442871094,55.90169906616211,54.451812744140625,51.6623649597168,49.67897033691406,52.009613037109375,48.25971221923828,48.02082824707031,46.14108657836914,44.283180236816406
0,-42,-96,20,14,73.17103576660156,71.44927978515625,73.43704986572266,70.71067810058594,69.63475799560547,68.88395690917969,70.88018035888672,69.89277648925781,70.22820281982422,71.51223754882812,75.96051788330078,75.3923110961914,76.69419860839844,75.64390563964844,77.47257232666016,79.62411499023438,77.38862609863281,79.2022705078125,79.15807342529297,80.52949523925781,79.2022705078125,78.29431915283203,78.79086303710938,80.11241912841797,78.79086303710938,78.39005279541016,79.30951690673828,78.0,76.32168579101562,76.5506362915039,75.27283477783203,73.05477142333984,72.73238372802734,70.88018035888672,67.72000885009766,67.44627380371094,67.18630981445312,63.56099319458008,61.392181396484375,60.41522979736328,59.84145736694336,58.694122314453125,59.53990173339844,57.42821502685547,54.33230972290039,53.0848388671875,52.0,51.0,51.03919982910156,50.635955810546875,45.7055778503418,44.643028259277344
0,-42,-96,21,9,73.00685119628906,70.68238830566406,69.77105712890625,69.35416412353516,69.46221923828125,67.67569732666016,69.40460968017578,67.62396240234375,70.29224395751953,70.1783447265625,73.59347534179688,73.55270385742188,74.95331573486328,77.077880859375,77.077880859375,77.79460144042969,77.10382843017578,76.3675308227539,76.41989135742188,78.49203491210938,79.19596099853516,79.90619659423828,77.78174591064453,79.24645233154297,79.90619659423828,78.49203491210938,77.077880859375,77.23341369628906,74.2765121459961,75.00666809082031,73.0,70.93659210205078,71.70076751708984,68.24954223632812,68.88395690917969,67.80117797851562,63.60031509399414,62.42595672607422,61.29437255859375,61.29437255859375,58.52349853515625,57.45433044433594,58.18075180053711,55.07267761230469,52.77309799194336,52.39274597167969,51.4781494140625,49.76947021484375,49.33558654785156,46.57252502441406,46.097721099853516,44.40720748901367
0,-42,-96,21,9,71.11258697509766,71.5541763305664,68.96376037597656,69.97142028808594,66.5732650756836,68.24221801757812,69.20259857177734,68.11754608154297,69.52696990966797,68.680419921875,72.83543395996094,72.83543395996094,73.53910827636719,74.2765121459961,77.78174591064453,75.82215881347656,77.23341369628906,75.00666809082031,77.23341369628906,77.23341369628906,76.38062286376953,78.56844329833984,75.00666809082031,77.89736938476562,77.89736938476562,77.10382843017578,77.077880859375,74.95331573486328,74.24958038330078,71.4212875366211,73.55270385742188,72.18032836914062,70.0927963256836,68.11754608154297,67.35725402832031,66.06814575195312,64.03124237060547,62.801273345947266,62.20128631591797,61.032779693603516,56.859474182128906,57.42821502685547,54.918121337890625,54.37830352783203,52.35456085205078,51.429561614990234,49.658836364746094,48.84669876098633,47.75981521606445,48.08325958251953,44.384681701660156,44.55333709716797
0,-42,-96,20,13,73.24616241455078,72.44308471679688,71.84706115722656,70.03570556640625,69.85699462890625,67.72000885009766,68.680419921875,69.89277648925781,72.44998168945312,71.51223754882812,73.9256362915039,74.24958038330078,77.82030487060547,74.24284362792969,78.72102355957031,79.60527801513672,79.17701721191406,78.71467590332031,78.29431915283203,79.15807342529297,78.72102355957031,79.15807342529297,77.36924743652344,80.13114166259766,80.0624771118164,80.52949523925781,79.60527801513672,77.87811279296875,76.05918884277344,76.05918884277344,73.00685119628906,73.73601531982422,72.44998168945312,70.57620239257812,68.3520278930664,67.06713104248047,64.8459701538086,63.89052963256836,64.8459701538086,63.324562072753906,59.90826416015625,58.24087905883789,58.46366500854492,55.31726837158203,52.611785888671875,52.345008850097656,51.15662384033203,51.088157653808594,50.03998565673828,49.0,46.04345703125,45.39823913574219
0,-42,-96,20,14,73.24616241455078,71.25306701660156,69.02897644042969,70.0,68.0,67.18630981445312,67.26811981201172,69.46221923828125,69.58448028564453,70.61161041259766,72.7804946899414,74.46475982666016,75.69015502929688,75.96051788330078,76.65507507324219,75.69015502929688,77.49193572998047,75.0,76.5375747680664,78.16009521484375,77.6208724975586,78.16009521484375,76.24303436279297,76.843994140625,77.49193572998047,76.843994140625,76.24303436279297,75.43209075927734,75.43209075927734,73.49829864501953,71.80529022216797,70.8307876586914,71.38627624511719,68.06614685058594,67.89698028564453,63.95310592651367,63.639610290527344,62.64982223510742,62.3939094543457,60.29925537109375,57.314918518066406,57.07889175415039,57.00876998901367,54.0,52.0,51.15662384033203,50.15974426269531,50.15974426269531,48.66210174560547,46.87216567993164,43.416587829589844,43.011627197265625
0,-42,-96,20,14,75.18643188476562,68.96376037597656,73.05477142333984,71.16881561279297,69.6419448852539,68.94200134277344,70.21395874023438,70.23532104492188,71.34423828125,75.29276275634766,75.47184753417969,76.00657653808594,76.5506362915039,77.10382843017578,77.66595458984375,80.60397338867188,77.6208724975586,80.80223083496094,79.2022705078125,80.0,80.21221923828125,80.80223083496094,80.21221923828125,80.60397338867188,79.6303939819336,79.4040298461914,77.66595458984375,79.05693817138672,75.47184753417969,77.38862609863281,72.71863555908203,74.4311752319336,73.06161499023438,71.11962127685547,68.96376037597656,69.83551788330078,66.18912506103516,64.40496826171875,62.2414665222168,60.926185607910156,61.84658432006836,57.00876998901367,60.406951904296875,55.973209381103516,52.49761962890625,52.88667297363281,50.21951675415039,50.990196228027344,49.648765563964844,49.04079818725586,47.01063537597656,46.010868072509766
0,-42,-96,20,13,71.58910369873047,69.31810760498047,67.5425796508789,69.07966613769531,67.06713104248047,67.67569732666016,68.680419921875,68.15423583984375,68.88395690917969,69.42621612548828,72.00694274902344,72.83543395996094,73.68174743652344,72.69112396240234,74.81310272216797,75.66372680664062,75.42546081542969,75.53807067871094,77.64663696289062,77.64663696289062,75.80237579345703,76.94153594970703,75.95393371582031,77.41446685791016,77.78174591064453,77.78174591064453,77.10382843017578,74.3303451538086,75.31268310546875,72.36711883544922,73.00685119628906,72.53275299072266,69.6419448852539,66.7607650756836,66.7607650756836,64.56005096435547,65.14598846435547,62.297672271728516,60.74536895751953,59.80802536010742,57.775428771972656,56.46237564086914,55.46169662475586,54.120235443115234,51.4781494140625,51.107730865478516,49.92995071411133,48.60041046142578,47.6340217590332,46.75468063354492,45.25483322143555,45.27692413330078
0,-42,-96,20,14,76.32168579101562,73.24616241455078,74.06078338623047,72.00694274902344,73.00685119628906,69.1158447265625,71.25306701660156,70.45565795898438,72.69112396240234,75.13321685791016,74.73285675048828,77.1297607421875,78.33900451660156,77.88452911376953,76.15773010253906,81.74349975585938,79.55501556396484,80.08120727539062,81.04319763183594,82.46211242675781,80.80841827392578,81.02468872070312,81.25269317626953,82.2800064086914,82.9698715209961,81.25269317626953,79.62411499023438,81.39410400390625,77.46611785888672,78.64476776123047,73.97972869873047,75.53807067871094,73.43704986572266,72.3394775390625,70.25667572021484,69.46221923828125,66.48307800292969,66.18912506103516,64.1248779296875,62.00806427001953,62.0,59.0,61.0,55.081756591796875,55.226806640625,53.600372314453125,52.611785888671875,52.17279052734375,51.195701599121094,50.0,46.81879806518555,47.01063537597656
0,-42,-96,20,14,73.37574768066406,74.04052734375,68.88395690917969,72.56720733642578,67.08203887939453,70.57620239257812,69.2603759765625,71.11258697509766,73.02738952636719,70.0,73.00685119628906,74.02702331542969,77.16217041015625,77.16217041015625,81.09870910644531,76.32168579101562,81.3019027709961,77.16217041015625,81.39410400390625,81.3019027709961,79.10120391845703,80.22468566894531,75.23961639404297,80.39900207519531,81.22191619873047,80.15609741210938,81.02468872070312,75.02666473388672,80.0,73.0,76.02631378173828,73.06161499023438,73.02738952636719,69.02897644042969,70.11418914794922,65.12296295166016,65.19202423095703,64.28063201904297,64.49806213378906,64.49806213378906,58.694122314453125,61.0,57.070133209228516,56.51548385620117,55.54277801513672,53.45091247558594,51.54609680175781,52.201534271240234,48.46648406982422,47.88528060913086,47.01063537597656,45.221675872802734
0,-42,-96,20,13,73.57308959960938,70.23532104492188,70.21395874023438,67.5425796508789,69.46221923828125,67.779052734375,68.96376037597656,69.6419448852539,68.15423583984375,71.80529022216797,72.56720733642578,73.34848022460938,76.29547882080078,76.29547882080078,76.29547882080078,77.78174591064453,76.79192352294922,76.94153594970703,77.64663696289062,77.78174591064453,77.92945861816406,78.77182006835938,77.92945861816406,78.77182006835938,77.92945861816406,77.92945861816406,76.94153594970703,76.29547882080078,75.50496673583984,72.36711883544922,72.7804946899414,73.00685119628906,70.3420181274414,69.6419448852539,68.4105224609375,66.7607650756836,65.14598846435547,61.98386764526367,61.6846809387207,60.74536895751953,59.236812591552734,57.384666442871094,57.384666442871094,56.36488342285156,51.88448715209961,51.0,50.2493782043457,50.2493782043457,48.010414123535156,47.801673889160156,44.55333709716797,42.52058410644531
0,-42,-96,21,9,72.83543395996094,70.93659210205078,71.21797180175781,69.81404113769531,67.67569732666016,66.37017059326172,67.23094177246094,68.88395690917969,70.66116333007812,69.85699462890625,72.49827575683594,71.86793518066406,75.02666473388672,75.27283477783203,76.89603424072266,75.61084747314453,76.216796875,75.61084747314453,77.79460144042969,77.16217041015625,77.49193572998047,78.43468475341797,75.27283477783203,77.16217041015625,79.05693817138672,77.16217041015625,76.216796875,75.96051788330078,76.15773010253906,73.53910827636719,72.09021759033203,72.09021759033203,69.85699462890625,68.44705963134766,68.87670135498047,65.7419204711914,65.29930877685547,62.17716598510742,61.91122817993164,61.400325775146484,59.36328887939453,57.688819885253906,56.035701751708984,54.4058837890625,53.600372314453125,51.855567932128906,52.40229034423828,50.20956039428711,48.08325958251953,47.6340217590332,45.80392837524414,44.94440841674805
0,-42,-96,20,13,72.67048645019531,68.79679870605469,70.32780456542969,67.60177612304688,68.88395690917969,65.79513549804688,68.3520278930664,68.62215423583984,70.51950073242188,70.88018035888672,72.53275299072266,73.00685119628906,75.18643188476562,75.92759704589844,76.90253448486328,78.44743347167969,77.10382843017578,76.29547882080078,78.08969116210938,77.27871704101562,77.46611785888672,78.44743347167969,78.44743347167969,79.07591247558594,78.44743347167969,77.66595458984375,76.29547882080078,78.85429382324219,74.73285675048828,73.97972869873047,73.49829864501953,73.24616241455078,71.56814575195312,67.72000885009766,68.680419921875,66.40782928466797,64.51356506347656,63.324562072753906,62.3939094543457,59.80802536010742,61.46543884277344,57.775428771972656,57.27128601074219,54.5618896484375,54.120235443115234,51.4781494140625,51.107730865478516,51.03919982910156,49.20365905761719,47.6340217590332,45.25483322143555,43.863426208496094
0,-42,-96,20,13,70.21395874023438,70.83784484863281,70.38465881347656,69.46221923828125,66.64083099365234,67.5351791381836,68.09552001953125,68.79679870605469,69.3397445678711,69.63475799560547,71.02816009521484,72.80110168457031,73.60027313232422,74.20242309570312,77.0064926147461,76.05918884277344,76.05918884277344,74.65252685546875,76.05918884277344,77.33692169189453,76.05918884277344,78.24320983886719,74.81310272216797,77.0064926147461,77.20103454589844,77.20103454589844,76.6093978881836,75.21302795410156,77.10382843017578,71.56116485595703,72.71863555908203,71.02112579345703,71.02112579345703,68.09552001953125,68.96376037597656,65.76473236083984,64.40496826171875,63.976558685302734,62.64982223510742,60.41522979736328,58.30952072143555,57.93962478637695,56.30275344848633,54.424259185791016,53.45091247558594,51.6623649597168,51.41984176635742,49.81967544555664,47.381431579589844,48.093658447265625,46.0,45.0444221496582
0,-42,-96,20,13,71.28113555908203,70.45565795898438,69.40460968017578,68.24954223632812,68.01470184326172,67.94115447998047,65.76473236083984,67.94115447998047,68.680419921875,71.0633544921875,72.00694274902344,72.80110168457031,75.0,75.21302795410156,77.20103454589844,77.42092895507812,77.42092895507812,74.40430450439453,78.23681640625,77.42092895507812,79.4040298461914,77.20103454589844,75.80237579345703,77.93586730957031,78.23681640625,77.42092895507812,76.83749389648438,75.28611755371094,75.92759704589844,72.4706802368164,71.58910369873047,71.50524139404297,70.72481536865234,68.59300231933594,67.17886352539062,63.639610290527344,63.639610290527344,62.2414665222168,60.87692642211914,60.95900344848633,58.2580451965332,57.00876998901367,55.217750549316406,54.4058837890625,52.430908203125,51.4781494140625,51.4781494140625,48.754486083984375,47.01063537597656,45.694637298583984,45.221675872802734,45.12205505371094
0,-42,-96,21,9,73.06161499023438,71.00704193115234,71.02816009521484,69.065185546875,70.25667572021484,67.60177612304688,67.89698028564453,68.06614685058594,71.0633544921875,73.49829864501953,73.08214569091797,74.63243103027344,74.94664764404297,74.63243103027344,77.79460144042969,76.89603424072266,78.18567657470703,77.49193572998047,77.2528305053711,77.8331527709961,77.16217041015625,79.12016296386719,78.10890197753906,79.47956085205078,77.8331527709961,77.49193572998047,77.16217041015625,76.216796875,74.63243103027344,75.28611755371094,72.53275299072266,71.30918884277344,70.60453033447266,68.65857696533203,69.63475799560547,67.26811981201172,65.51335906982422,63.95310592651367,62.801273345947266,60.8276252746582,59.6824951171875,57.42821502685547,58.215118408203125,57.07889175415039,54.00925827026367,51.0,51.009803771972656,51.088157653808594,49.25444030761719,47.51841735839844,45.89117431640625,44.643028259277344
0,-42,-96,21,9,73.0,69.3108901977539,70.72481536865234,68.680419921875,68.7677230834961,66.21932983398438,68.60028839111328,68.50547790527344,70.1783447265625,71.34423828125,73.9256362915039,72.89718627929688,76.02631378173828,74.24284362792969,75.59100341796875,77.36924743652344,74.24958038330078,77.36924743652344,77.82030487060547,79.15807342529297,77.82672882080078,78.71467590332031,76.02631378173828,77.87811279296875,79.15807342529297,76.02631378173828,75.1797866821289,76.5375747680664,74.79304504394531,74.4311752319336,71.86793518066406,70.49113464355469,71.02112579345703,69.3397445678711,68.24221801757812,67.67569732666016,65.21502685546875,63.0079345703125,61.400325775146484,59.66573715209961,59.66573715209961,56.22277069091797,58.051700592041016,53.740116119384766,53.037723541259766,50.990196228027344,50.447994232177734,49.20365905761719,47.801673889160156,46.3249397277832,45.27692413330078,42.95346450805664
0,-42,-96,20,13,72.02777099609375,71.02816009521484,70.25667572021484,68.4689712524414,68.06614685058594,66.2872543334961,68.15423583984375,67.72000885009766,70.83784484863281,70.57620239257812,71.86793518066406,72.61542510986328,75.23961639404297,76.05918884277344,75.23961639404297,77.82030487060547,77.38862609863281,76.967529296875,76.47875213623047,79.15807342529297,76.48529052734375,79.60527801513672,76.48529052734375,77.36924743652344,77.38862609863281,74.6860122680664,76.967529296875,77.87811279296875,75.64390563964844,74.73285675048828,72.23572540283203,70.38465881347656,70.93659210205078,68.3520278930664,68.00735473632812,66.128662109375,65.45991516113281,62.93647766113281,61.98386764526367,60.4400520324707,60.16643524169922,57.9741325378418,57.27128601074219,53.15073013305664,51.97114562988281,51.35172653198242,51.35172653198242,49.09175109863281,48.0,46.0,45.09988784790039,43.5660400390625
0,-42,-96,21,9,73.24616241455078,69.02897644042969,69.63475799560547,69.3397445678711,68.60028839111328,66.73080444335938,68.87670135498047,68.02940368652344,69.46221923828125,70.57620239257812,73.05477142333984,74.0,74.3303451538086,75.0,75.0,77.6208724975586,75.43209075927734,76.65507507324219,76.65507507324219,78.58753204345703,77.88452911376953,76.92203521728516,77.1297607421875,78.33900451660156,78.33900451660156,74.46475982666016,77.6208724975586,76.24303436279297,73.76313781738281,73.76313781738281,72.73238372802734,72.44998168945312,69.28924560546875,68.3520278930664,67.779052734375,66.85057830810547,65.0,63.158531188964844,63.56099319458008,58.600341796875,59.93329620361328,58.600341796875,57.245086669921875,53.712196350097656,51.97114562988281,50.774009704589844,51.61395263671875,48.41487503051758,48.91830062866211,46.69047164916992,45.25483322143555,43.416587829589844
0,-42,-96,21,9,71.58910369873047,70.03570556640625,67.88224792480469,70.03570556640625,67.35725402832031,66.06814575195312,67.80117797851562,68.24221801757812,69.065185546875,71.34423828125,73.43023681640625,72.00694274902344,74.70609283447266,75.13321685791016,76.47875213623047,76.02631378173828,77.38862609863281,76.48529052734375,77.87811279296875,79.15807342529297,77.36924743652344,79.15807342529297,78.26238250732422,77.87811279296875,77.87811279296875,76.47875213623047,75.13321685791016,76.94153594970703,75.1797866821289,73.82411193847656,72.20111083984375,72.71863555908203,71.02112579345703,68.50547790527344,66.85057830810547,67.67569732666016,64.8999252319336,63.0079345703125,63.0079345703125,59.203041076660156,59.03388977050781,57.628116607666016,57.48912811279297,55.17245864868164,53.740116119384766,52.345008850097656,51.088157653808594,49.67897033691406,48.010414123535156,48.25971221923828,44.41846466064453,45.18849563598633
0,-42,-96,21,9,73.55270385742188,71.4212875366211,71.50524139404297,70.1783447265625,68.24954223632812,69.20259857177734,68.50547790527344,68.26419067382812,69.97142028808594,72.00694274902344,72.89718627929688,75.1531753540039,76.967529296875,77.47257232666016,78.29431915283203,77.47257232666016,77.6208724975586,77.47257232666016,77.6208724975586,79.30951690673828,77.87811279296875,78.79086303710938,77.47257232666016,79.47956085205078,79.30951690673828,78.39005279541016,78.29431915283203,77.38862609863281,77.38862609863281,73.34848022460938,74.70609283447266,72.06941223144531,72.06941223144531,68.47627258300781,68.60028839111328,66.73080444335938,66.0378646850586,64.35060119628906,62.433963775634766,60.20797348022461,60.0,58.00862121582031,57.00876998901367,54.037025451660156,55.226806640625,52.345008850097656,50.91168975830078,49.57822036743164,48.166378021240234,46.22769546508789,46.04345703125,45.27692413330078
0,-42,-96,20,13,72.91776275634766,70.29224395751953,70.0,71.02816009521484,68.50547790527344,67.74215698242188,68.47627258300781,68.87670135498047,69.85699462890625,70.26378631591797,71.69379425048828,74.46475982666016,74.67261505126953,74.3303451538086,75.27283477783203,75.89466094970703,77.79460144042969,74.63243103027344,79.4040298461914,79.69943237304688,76.843994140625,78.44743347167969,76.843994140625,79.69943237304688,78.10890197753906,78.10890197753906,76.843994140625,75.27283477783203,75.27283477783203,74.94664764404297,73.16419982910156,72.23572540283203,69.07966613769531,69.46221923828125,68.02940368652344,67.11929321289062,66.21178436279297,64.8459701538086,61.773780822753906,60.8276252746582,58.18075180053711,58.66856002807617,56.603885650634766,55.75840759277344,54.08327102661133,50.80354309082031,50.447994232177734,50.32891845703125,48.79549026489258,46.66904830932617,45.343135833740234,44.65422821044922
0,-42,-96,20,13,71.02112579345703,69.89277648925781,69.20259857177734,67.80117797851562,68.01470184326172,67.26811981201172,68.59300231933594,68.62215423583984,69.42621612548828,70.29224395751953,72.4706802368164,73.40980529785156,74.20242309570312,74.20242309570312,75.80237579345703,76.843994140625,76.02631378173828,75.0,76.6093978881836,78.23681640625,77.20103454589844,78.23681640625,75.0,77.42092895507812,78.60025787353516,75.80237579345703,77.0064926147461,74.81310272216797,74.81310272216797,72.4706802368164,72.34638977050781,72.91776275634766,71.50524139404297,67.26811981201172,65.79513549804688,65.0691909790039,65.0691909790039,62.28964614868164,62.36986541748047,59.54829788208008,58.898216247558594,57.48912811279297,55.803226470947266,55.217750549316406,52.69725036621094,51.62363815307617,51.4781494140625,50.537113189697266,47.423622131347656,47.16990661621094,44.92215347290039,44.9110221862793
0,-42,-96,21,10,76.24303436279297,71.7844009399414,73.73601531982422,69.6419448852539,70.68238830566406,67.08203887939453,68.96376037597656,69.1158447265625,71.28113555908203,74.06078338623047,74.88658142089844,75.60423278808594,78.4091796875,77.0064926147461,77.0064926147461,78.8733139038086,78.10249328613281,79.02531433105469,78.10249328613281,80.80841827392578,79.5110092163086,79.64923095703125,79.02531433105469,80.15609741210938,79.02531433105469,78.24320983886719,79.02531433105469,79.8122787475586,76.216796875,77.801025390625,73.81734466552734,73.81734466552734,73.81734466552734,70.72481536865234,69.89277648925781,69.1158447265625,66.8879623413086,64.88451385498047,63.1347770690918,62.17716598510742,60.373836517333984,58.13776779174805,58.600341796875,55.94640350341797,54.7813835144043,53.141319274902344,51.54609680175781,52.49761962890625,50.21951675415039,49.648765563964844,48.3735466003418,45.0111083984375
0,-42,-96,21,9,73.00685119628906,72.44998168945312,70.22820281982422,71.7844009399414,69.6419448852539,69.63475799560547,70.21395874023438,70.85901641845703,72.00694274902344,71.34423828125,75.23961639404297,77.10382843017578,77.05841827392578,77.02597045898438,78.025634765625,78.00640869140625,80.0062484741211,77.02597045898438,81.0,80.0062484741211,80.05622863769531,80.0062484741211,78.025634765625,81.0,79.0,81.02468872070312,78.10249328613281,76.16429901123047,77.16217041015625,75.1065902709961,75.23961639404297,74.3303451538086,72.56031799316406,70.57620239257812,70.71067810058594,68.73136138916016,67.74215698242188,64.77654266357422,63.150611877441406,61.61168670654297,60.63827133178711,59.66573715209961,58.94064712524414,57.87054443359375,55.973209381103516,52.0,52.55473327636719,49.658836364746094,47.88528060913086,48.87739944458008,46.87216567993164,45.607017517089844
0,-42,-96,21,10,74.625732421875,72.11102294921875,70.60453033447266,71.21797180175781,69.52696990966797,69.3108901977539,69.3108901977539,68.59300231933594,72.24956512451172,72.62230682373047,74.02702331542969,73.81734466552734,76.02631378173828,77.66595458984375,77.42092895507812,78.49203491210938,77.93586730957031,77.66595458984375,78.77182006835938,79.6303939819336,80.21221923828125,81.02468872070312,78.49203491210938,79.07591247558594,80.70935821533203,79.05693817138672,78.60025787353516,78.00640869140625,76.40026092529297,74.81310272216797,74.65252685546875,74.5184555053711,72.24956512451172,71.50524139404297,68.680419921875,69.35416412353516,67.94115447998047,64.38167572021484,63.639610290527344,60.8276252746582,61.61980056762695,60.20797348022461,59.03388977050781,56.22277069091797,54.4058837890625,54.08327102661133,51.62363815307617,51.97114562988281,49.24428939819336,50.08992004394531,45.31004333496094,46.48655700683594
0,-42,-96,21,9,70.03570556640625,69.87130737304688,69.2603759765625,67.26811981201172,66.06814575195312,65.0,66.06814575195312,66.12110137939453,68.26419067382812,67.36467742919922,71.44927978515625,70.85901641845703,72.00694274902344,72.99314880371094,72.99314880371094,74.95331573486328,74.52516174316406,73.34848022460938,74.95331573486328,75.92759704589844,75.31268310546875,74.73285675048828,73.34848022460938,75.70997619628906,75.31268310546875,75.50496673583984,74.52516174316406,72.00694274902344,72.00694274902344,72.00694274902344,70.71067810058594,69.58448028564453,69.35416412353516,65.27633666992188,66.27216339111328,64.28063201904297,63.071388244628906,62.032249450683594,60.0,59.0,58.0,57.0,56.00892639160156,53.0848388671875,51.244510650634766,49.36598205566406,48.66210174560547,48.27007293701172,46.57252502441406,44.59820556640625,44.0113639831543,43.382022857666016
0,-42,-96,20,13,73.49829864501953,70.88018035888672,70.57620239257812,69.6419448852539,68.94200134277344,68.87670135498047,67.60177612304688,68.60028839111328,70.1783447265625,69.89277648925781,72.67048645019531,73.60027313232422,75.80237579345703,76.216796875,76.40026092529297,76.69419860839844,78.10249328613281,76.83749389648438,77.33692169189453,78.8733139038086,78.24320983886719,78.74642944335938,76.216796875,77.98717498779297,78.24320983886719,78.24320983886719,77.0064926147461,75.60423278808594,76.40026092529297,74.20242309570312,72.67048645019531,74.06078338623047,71.56116485595703,69.3397445678711,66.8879623413086,66.37017059326172,65.86349487304688,64.49806213378906,62.265560150146484,59.9416389465332,58.13776779174805,58.13776779174805,57.775428771972656,55.94640350341797,54.424259185791016,52.81098556518555,51.244510650634766,51.6623649597168,48.05205535888672,49.497474670410156,46.389652252197266,46.0
0,-42,-96,20,13,72.89718627929688,70.23532104492188,72.20111083984375,69.3397445678711,68.00735473632812,66.84310150146484,67.35725402832031,67.94115447998047,70.00714111328125,70.72481536865234,72.86288452148438,75.00666809082031,75.1664810180664,75.1664810180664,75.92759704589844,77.46611785888672,76.216796875,77.6208724975586,76.216796875,77.801025390625,78.10249328613281,78.4091796875,78.24320983886719,77.6208724975586,78.10249328613281,75.28611755371094,77.98717498779297,76.69419860839844,75.92759704589844,75.1664810180664,70.76722717285156,72.18032836914062,70.72481536865234,68.62215423583984,68.59300231933594,67.17886352539062,65.0691909790039,62.28964614868164,61.61980056762695,59.66573715209961,60.30754470825195,58.898216247558594,57.00876998901367,54.20331954956055,54.08327102661133,53.0,51.97114562988281,48.764739990234375,49.24428939819336,46.615447998046875,47.75981521606445,43.416587829589844
0,-42,-96,20,14,75.69015502929688,71.7844009399414,71.30918884277344,67.779052734375,70.26378631591797,70.21395874023438,69.46221923828125,68.60028839111328,71.28113555908203,71.28113555908203,73.49829864501953,75.45197296142578,76.843994140625,76.40026092529297,77.20103454589844,79.5110092163086,76.69419860839844,79.02531433105469,78.10249328613281,80.28075408935547,78.24320983886719,78.8733139038086,77.0064926147461,79.02531433105469,80.60397338867188,79.2022705078125,78.81623840332031,77.20103454589844,74.40430450439453,76.843994140625,73.7834701538086,73.7834701538086,72.94518280029297,69.97142028808594,68.60028839111328,68.0,67.11929321289062,64.8459701538086,62.64982223510742,62.2414665222168,60.926185607910156,57.775428771972656,61.09828186035156,57.245086669921875,54.4058837890625,53.45091247558594,52.63079071044922,51.195701599121094,50.35871505737305,49.25444030761719,48.0,46.04345703125
0,-42,-96,20,13,71.84706115722656,71.84706115722656,69.1158447265625,69.1158447265625,67.11929321289062,67.97793579101562,66.30987548828125,67.779052734375,69.89277648925781,69.89277648925781,72.53275299072266,73.76313781738281,75.69015502929688,77.1297607421875,78.33900451660156,76.48529052734375,79.07591247558594,75.13321685791016,78.44743347167969,79.42921447753906,77.1297607421875,78.44743347167969,75.70997619628906,77.92945861816406,78.44743347167969,77.87811279296875,77.66595458984375,73.54590606689453,75.70997619628906,73.75635528564453,73.24616241455078,72.80110168457031,72.53275299072266,68.00735473632812,67.72000885009766,65.802734375,65.802734375,62.62587356567383,61.6846809387207,62.3939094543457,59.80802536010742,59.80802536010742,57.775428771972656,55.03635025024414,54.120235443115234,51.97114562988281,50.774009704589844,51.62363815307617,47.434165954589844,47.01063537597656,46.010868072509766,44.59820556640625
0,-42,-96,21,9,72.09021759033203,72.44998168945312,66.24198150634766,68.09552001953125,67.41661834716797,67.67569732666016,65.6048812866211,67.35725402832031,69.52696990966797,68.680419921875,71.4212875366211,72.12489318847656,73.53910827636719,75.74298858642578,75.69015502929688,77.23341369628906,75.92759704589844,75.82215881347656,76.5767593383789,75.28611755371094,76.48529052734375,77.23341369628906,75.07329559326172,75.92759704589844,77.98717498779297,77.23341369628906,76.5767593383789,73.66138458251953,75.82215881347656,72.91776275634766,70.72481536865234,71.4212875366211,71.4212875366211,67.89698028564453,67.88224792480469,65.0691909790039,63.65532302856445,62.28964614868164,60.95900344848633,60.30754470825195,58.41232681274414,57.628116607666016,54.4058837890625,55.217750549316406,54.64430618286133,52.15361785888672,51.107730865478516,50.537113189697266,46.957427978515625,46.2385139465332,46.48655700683594,45.35416030883789
0,-42,-96,20,13,72.06246948242188,71.02816009521484,69.00724792480469,68.00735473632812,66.27216339111328,67.18630981445312,67.74215698242188,67.08203887939453,68.44705963134766,67.91170501708984,73.49829864501953,73.76313781738281,74.3303451538086,76.24303436279297,77.49193572998047,74.63243103027344,76.843994140625,74.94664764404297,77.16217041015625,76.216796875,75.28611755371094,77.49193572998047,75.58438873291016,76.216796875,77.16217041015625,77.49193572998047,76.24303436279297,73.49829864501953,75.69015502929688,73.76313781738281,73.00685119628906,68.65857696533203,71.38627624511719,68.06614685058594,66.0984115600586,65.11528015136719,65.11528015136719,61.66035842895508,59.41380310058594,61.29437255859375,58.215118408203125,57.14017868041992,56.035701751708984,55.009090423583984,53.00943374633789,51.009803771972656,50.2493782043457,49.497474670410156,46.52956008911133,45.89117431640625,46.57252502441406,42.72002029418945
0,-42,-96,20,13,73.24616241455078,70.25667572021484,70.57620239257812,67.89698028564453,66.4906005859375,66.48307800292969,66.7607650756836,67.35725402832031,69.28924560546875,70.00714111328125,72.09021759033203,73.34848022460938,75.1531753540039,73.34848022460938,75.58438873291016,76.92203521728516,75.13321685791016,76.02631378173828,77.89736938476562,76.92203521728516,76.92203521728516,78.26238250732422,74.6860122680664,76.5375747680664,77.82672882080078,76.47875213623047,75.58438873291016,75.58438873291016,74.32361602783203,72.91776275634766,71.30918884277344,71.86793518066406,68.70953369140625,68.00735473632812,67.67569732666016,65.78753662109375,64.8459701538086,61.98386764526367,61.6846809387207,59.66573715209961,58.46366500854492,56.75385284423828,56.29387283325195,54.918121337890625,52.345008850097656,53.33854293823242,51.15662384033203,51.009803771972656,49.0,47.04253387451172,46.27094268798828,43.73785400390625
0,-42,-96,21,9,72.99314880371094,69.23149871826172,68.88395690917969,68.680419921875,67.05221557617188,66.73080444335938,68.94200134277344,67.62396240234375,69.77105712890625,69.35416412353516,73.35530090332031,72.94518280029297,73.43023681640625,74.4311752319336,75.47184753417969,76.00657653808594,76.5506362915039,75.47184753417969,76.5506362915039,77.66595458984375,76.5506362915039,77.66595458984375,75.1664810180664,76.5506362915039,78.23043060302734,77.69813537597656,75.47184753417969,74.4311752319336,74.4311752319336,74.4311752319336,72.94518280029297,71.58910369873047,70.23532104492188,68.0,66.64833068847656,65.30696868896484,64.47480010986328,63.158531188964844,61.09828186035156,59.80802536010742,59.46427536010742,57.584720611572266,56.920997619628906,55.081756591796875,52.63079071044922,52.39274597167969,52.39274597167969,48.66210174560547,46.173583984375,46.04345703125,46.0,44.18144226074219
0,-42,-96,20,13,72.7804946899414,67.44627380371094,70.51950073242188,68.00735473632812,68.70953369140625,66.70832061767578,67.08203887939453,66.73080444335938,70.23532104492188,70.49113464355469,71.56116485595703,72.67048645019531,74.88658142089844,75.80237579345703,76.02631378173828,76.6093978881836,75.80237579345703,76.6093978881836,76.216796875,76.6093978881836,75.80237579345703,77.20103454589844,76.40026092529297,76.216796875,77.0064926147461,75.80237579345703,75.0,76.843994140625,72.42237091064453,74.88658142089844,69.3397445678711,70.1783447265625,70.49113464355469,66.37017059326172,69.1158447265625,67.23094177246094,63.1347770690918,64.0078125,62.169124603271484,62.169124603271484,60.41522979736328,56.859474182128906,56.46237564086914,53.48831558227539,54.08327102661133,52.49761962890625,51.6623649597168,49.47726821899414,48.83646011352539,46.389652252197266,45.27692413330078,45.0
0,-42,-96,20,13,71.17584228515625,69.35416412353516,71.56814575195312,69.87130737304688,67.08203887939453,66.94026947021484,68.96376037597656,68.3081283569336,68.70953369140625,70.57620239257812,73.73601531982422,73.53910827636719,75.64390563964844,76.15773010253906,75.23961639404297,76.48529052734375,74.6860122680664,76.05918884277344,79.15807342529297,78.29431915283203,77.47257232666016,76.48529052734375,77.077880859375,78.29431915283203,77.47257232666016,77.87811279296875,77.077880859375,74.46475982666016,74.46475982666016,74.46475982666016,72.44998168945312,70.83784484863281,69.89277648925781,68.96376037597656,66.0984115600586,66.21932983398438,65.0,62.585941314697266,60.41522979736328,59.03388977050781,59.03388977050781,57.87054443359375,55.44366455078125,54.33230972290039,52.15361785888672,51.009803771972656,51.0,51.0,48.25971221923828,48.3735466003418,45.7055778503418,43.680660247802734
0,-42,-96,21,9,72.24956512451172,71.34423828125,70.85901641845703,69.23149871826172,67.6830825805664,67.18630981445312,67.67569732666016,68.00735473632812,68.70953369140625,70.00714111328125,72.61542510986328,73.9256362915039,74.73285675048828,74.24958038330078,76.05918884277344,76.47875213623047,77.82672882080078,76.02631378173828,76.47875213623047,78.77182006835938,76.02631378173828,79.60527801513672,77.82030487060547,77.36924743652344,76.05918884277344,76.967529296875,76.967529296875,74.73285675048828,75.23961639404297,72.61542510986328,72.23572540283203,71.86793518066406,69.6419448852539,68.00735473632812,67.67569732666016,67.05221557617188,66.7607650756836,63.06346130371094,59.66573715209961,59.228370666503906,59.228370666503906,57.070133209228516,56.718605041503906,55.578773498535156,53.33854293823242,51.244510650634766,51.009803771972656,51.0,49.04079818725586,47.381431579589844,45.54119110107422,45.12205505371094
0,-42,-96,20,13,71.34423828125,71.34423828125,70.03570556640625,69.05070495605469,66.70832061767578,67.18630981445312,67.05221557617188,68.70953369140625,70.22820281982422,69.46221923828125,70.68238830566406,72.44998168945312,74.6860122680664,74.6860122680664,76.92203521728516,75.13321685791016,77.36924743652344,75.13321685791016,77.41446685791016,76.47875213623047,76.02631378173828,76.92203521728516,76.47875213623047,77.89736938476562,77.36924743652344,78.26238250732422,77.38862609863281,74.73285675048828,74.73285675048828,73.00685119628906,71.30918884277344,70.38465881347656,70.57620239257812,68.00735473632812,67.67569732666016,65.45991516113281,64.19501495361328,61.6846809387207,62.361846923828125,59.90826416015625,59.228370666503906,57.27128601074219,55.10898208618164,52.77309799194336,52.345008850097656,49.25444030761719,51.15662384033203,48.0,49.0,46.097721099853516,45.39823913574219,44.9110221862793
0,-42,-96,20,13,74.02702331542969,71.0,70.06425476074219,70.1783447265625,68.26419067382812,67.47592163085938,68.06614685058594,68.44705963134766,70.61161041259766,70.60453033447266,73.08214569091797,74.63243103027344,75.58438873291016,75.27283477783203,77.16217041015625,77.8331527709961,76.89603424072266,77.49193572998047,77.8331527709961,78.77182006835938,77.16217041015625,78.10890197753906,78.43468475341797,77.8331527709961,78.43468475341797,77.16217041015625,76.216796875,76.24303436279297,75.28611755371094,74.3303451538086,73.49829864501953,73.24616241455078,71.58910369873047,69.42621612548828,67.46851348876953,66.2872543334961,66.4906005859375,63.639610290527344,61.52235412597656,59.41380310058594,60.29925537109375,58.30952072143555,57.21887969970703,57.03507614135742,55.0,52.009613037109375,52.08646774291992,50.35871505737305,49.497474670410156,47.67599105834961,47.29693603515625,44.92215347290039
0,-42,-96,20,13,72.56031799316406,71.02112579345703,69.89277648925781,68.818603515625,68.60028839111328,67.35725402832031,68.62215423583984,69.35416412353516,69.35416412353516,69.35416412353516,72.24956512451172,73.10950469970703,74.65252685546875,75.28611755371094,75.60423278808594,77.801025390625,77.20103454589844,75.60423278808594,78.00640869140625,78.81623840332031,77.801025390625,78.00640869140625,75.0,78.60025787353516,77.20103454589844,77.801025390625,77.20103454589844,75.28611755371094,76.69419860839844,74.65252685546875,72.91776275634766,70.93659210205078,70.0927963256836,68.680419921875,66.4680404663086,65.0691909790039,64.35060119628906,63.65532302856445,62.28964614868164,60.20797348022461,58.898216247558594,58.898216247558594,57.628116607666016,55.803226470947266,53.823787689208984,52.69725036621094,51.97114562988281,49.73931884765625,50.08992004394531,48.84669876098633,46.173583984375,44.384681701660156
0,-42,-96,21,9,70.72481536865234,69.1158447265625,68.96376037597656,66.24198150634766,66.18912506103516,66.30987548828125,66.48307800292969,68.00735473632812,69.89277648925781,69.37578582763672,71.30918884277344,72.7804946899414,73.75635528564453,73.75635528564453,76.15773010253906,76.68767547607422,74.73285675048828,73.54590606689453,76.48529052734375,74.73285675048828,76.15773010253906,75.92759704589844,73.97972869873047,76.29547882080078,76.68767547607422,75.70997619628906,75.18643188476562,73.49829864501953,73.49829864501953,73.49829864501953,70.21395874023438,69.89277648925781,68.00735473632812,67.06713104248047,66.85057830810547,63.324562072753906,62.96824645996094,61.46543884277344,60.41522979736328,58.600341796875,57.706153869628906,57.245086669921875,55.07267761230469,53.33854293823242,50.774009704589844,50.80354309082031,51.400390625,49.67897033691406,48.91830062866211,45.25483322143555,43.863426208496094,41.231056213378906
0,-42,-96,21,9,73.97972869873047,72.03471374511719,67.72000885009766,69.57010650634766,67.06713104248047,67.23094177246094,67.11929321289062,67.97793579101562,71.11962127685547,70.32780456542969,73.24616241455078,74.3303451538086,76.27581787109375,76.6093978881836,78.49203491210938,76.02631378173828,77.42092895507812,76.27581787109375,77.20103454589844,78.23681640625,76.00657653808594,77.66595458984375,76.02631378173828,77.0064926147461,78.00640869140625,77.42092895507812,77.10382843017578,75.47184753417969,76.00657653808594,72.40165710449219,73.9256362915039,72.56031799316406,70.66116333007812,68.0,69.77105712890625,67.11929321289062,64.88451385498047,62.169124603271484,63.976558685302734,61.32699203491211,57.93962478637695,58.30952072143555,55.36244201660156,54.08327102661133,52.88667297363281,51.41984176635742,51.195701599121094,50.635955810546875,47.51841735839844,47.381431579589844,45.0444221496582,44.0
0,-42,-96,20,13,71.56814575195312,69.87130737304688,70.21395874023438,68.88395690917969,66.48307800292969,66.7607650756836,68.3520278930664,67.779052734375,69.85699462890625,70.68238830566406,71.5541763305664,73.82411193847656,75.1797866821289,74.79304504394531,77.02597045898438,75.29276275634766,74.94664764404297,75.29276275634766,75.80237579345703,77.69813537597656,76.66159057617188,77.69813537597656,77.5241928100586,76.5506362915039,74.94664764404297,75.80237579345703,75.47184753417969,74.79304504394531,73.9256362915039,72.56031799316406,72.00694274902344,70.66116333007812,69.31810760498047,68.87670135498047,68.44705963134766,64.88451385498047,63.56099319458008,62.2414665222168,62.032249450683594,60.16643524169922,59.46427536010742,58.18934631347656,55.6596794128418,54.4058837890625,51.6623649597168,52.39274597167969,51.97114562988281,48.50773239135742,48.3735466003418,47.04253387451172,45.0,42.10700607299805
0,-42,-96,21,10,73.75635528564453,70.60453033447266,71.47027587890625,70.22820281982422,69.28924560546875,69.07966613769531,70.68238830566406,70.66116333007812,72.94518280029297,72.20111083984375,74.625732421875,76.00657653808594,76.27581787109375,76.843994140625,78.49203491210938,79.4040298461914,78.60025787353516,79.6303939819336,79.4040298461914,81.02468872070312,79.32212829589844,79.6303939819336,78.49203491210938,81.4002456665039,79.6303939819336,79.32212829589844,78.23043060302734,77.93586730957031,76.32168579101562,76.32168579101562,73.43023681640625,74.30342864990234,72.89718627929688,70.21395874023438,69.31810760498047,67.5351791381836,67.5425796508789,64.88451385498047,63.694583892822266,61.46543884277344,61.46543884277344,59.80802536010742,60.083274841308594,57.28001403808594,55.785301208496094,53.36665725708008,53.600372314453125,51.62363815307617,49.25444030761719,49.01020431518555,49.0,44.18144226074219
0,-42,-96,20,13,71.34423828125,70.71067810058594,70.03570556640625,68.24954223632812,65.96968841552734,65.802734375,66.0984115600586,67.41661834716797,69.07966613769531,68.54196166992188,70.26378631591797,72.44998168945312,73.34848022460938,73.35530090332031,75.13321685791016,76.05918884277344,77.02597045898438,75.1797866821289,77.02597045898438,76.5375747680664,76.94153594970703,77.02597045898438,75.1797866821289,77.02597045898438,77.41446685791016,76.05918884277344,76.02631378173828,72.44998168945312,73.34848022460938,71.5541763305664,70.7742919921875,70.26378631591797,69.46221923828125,67.779052734375,65.55150604248047,64.51356506347656,64.51356506347656,61.98386764526367,60.728904724121094,60.4400520324707,58.94064712524414,57.723480224609375,56.29387283325195,53.93514633178711,51.788028717041016,51.35172653198242,51.15662384033203,49.04079818725586,46.0,46.04345703125,45.27692413330078,43.73785400390625
0,-42,-96,20,13,72.06941223144531,68.88395690917969,71.11258697509766,69.35416412353516,67.779052734375,66.73080444335938,67.35725402832031,67.72000885009766,68.88395690917969,70.21395874023438,72.00694274902344,71.84706115722656,74.96665954589844,75.42546081542969,74.81310272216797,76.53103637695312,77.3175277709961,76.41989135742188,76.41989135742188,77.64663696289062,76.79192352294922,76.65507507324219,76.65507507324219,77.23341369628906,77.41446685791016,77.64663696289062,76.65507507324219,74.81310272216797,72.83543395996094,73.82411193847656,72.18032836914062,72.36711883544922,71.0633544921875,66.94026947021484,66.21932983398438,65.96968841552734,64.53681182861328,62.361846923828125,60.87692642211914,60.083274841308594,60.083274841308594,56.30275344848633,57.245086669921875,54.424259185791016,52.32590103149414,51.4781494140625,50.6063232421875,48.87739944458008,47.16990661621094,46.04345703125,45.45327377319336,43.13930892944336
0,-42,-96,20,14,74.73285675048828,72.2772445678711,71.47027587890625,70.83784484863281,68.94925689697266,68.54196166992188,72.01388549804688,70.66116333007812,70.23532104492188,72.56031799316406,74.625732421875,77.38862609863281,77.38862609863281,77.10382843017578,77.38862609863281,79.05693817138672,76.843994140625,78.49203491210938,78.23681640625,80.44873809814453,79.07591247558594,79.05693817138672,78.23681640625,79.6303939819336,78.49203491210938,77.38862609863281,76.85050201416016,77.17512512207031,76.32168579101562,76.32168579101562,73.82411193847656,73.35530090332031,71.5541763305664,71.11258697509766,70.21395874023438,68.44705963134766,67.08203887939453,63.56099319458008,62.2414665222168,61.84658432006836,59.80802536010742,58.52349853515625,60.4400520324707,56.32051086425781,55.31726837158203,51.97114562988281,51.788028717041016,51.4781494140625,51.244510650634766,49.01020431518555,47.0,44.18144226074219
0,-42,-96,21,10,74.06078338623047,72.17340087890625,70.45565795898438,69.46221923828125,69.05070495605469,68.44705963134766,67.91170501708984,68.680419921875,73.37574768066406,72.11102294921875,74.3303451538086,75.02666473388672,76.69419860839844,76.32168579101562,78.54934692382812,78.79086303710938,77.87811279296875,77.6208724975586,78.79086303710938,78.0,78.54934692382812,79.84986114501953,78.18567657470703,79.7057113647461,78.54934692382812,78.54934692382812,77.49193572998047,76.843994140625,76.843994140625,75.89466094970703,74.04052734375,72.53275299072266,72.03471374511719,68.88395690917969,67.91170501708984,67.6830825805664,66.70832061767578,64.93843078613281,63.95310592651367,63.50590515136719,59.41380310058594,58.30952072143555,58.13776779174805,57.03507614135742,55.0,52.0,52.08646774291992,51.244510650634766,49.648765563964844,48.83646011352539,47.29693603515625,45.221675872802734
0,-42,-96,21,10,73.53910827636719,71.17584228515625,72.44998168945312,68.88395690917969,68.60028839111328,67.11929321289062,69.63475799560547,68.00735473632812,71.84010314941406,73.0,73.75635528564453,75.07329559326172,77.8331527709961,77.10382843017578,78.51751708984375,79.20858764648438,78.51751708984375,78.51751708984375,77.077880859375,78.51751708984375,77.8331527709961,78.56844329833984,77.15568542480469,79.90619659423828,79.20858764648438,77.15568542480469,76.5767593383789,78.64476776123047,75.28611755371094,74.65252685546875,72.62230682373047,71.40028381347656,71.40028381347656,69.63475799560547,68.50547790527344,69.065185546875,66.5732650756836,63.28506851196289,62.7694206237793,60.90156173706055,59.9416389465332,57.706153869628906,57.27128601074219,53.712196350097656,53.851646423339844,51.54609680175781,51.54609680175781,50.695167541503906,49.24428939819336,47.67599105834961,47.381431579589844,44.0
0,-42,-96,20,14,74.09453582763672,71.17584228515625,72.00694274902344,69.77105712890625,70.49113464355469,66.2872543334961,68.60028839111328,69.65629577636719,70.29224395751953,72.91776275634766,72.91776275634766,74.95331573486328,75.66372680664062,74.2765121459961,76.38062286376953,79.24645233154297,77.89736938476562,78.51751708984375,77.23341369628906,78.64476776123047,77.15568542480469,77.89736938476562,79.30951690673828,78.74642944335938,79.98124694824219,77.8331527709961,77.15568542480469,77.79460144042969,74.24958038330078,76.38062286376953,71.4212875366211,72.83543395996094,72.18032836914062,70.03570556640625,68.680419921875,66.52819061279297,66.70832061767578,63.25345993041992,64.03124237060547,60.605281829833984,60.80295944213867,58.52349853515625,58.52349853515625,55.4707145690918,53.5350341796875,53.23532485961914,52.77309799194336,51.89412307739258,50.32891845703125,46.81879806518555,47.12748718261719,45.89117431640625
0,-42,-96,20,13,73.24616241455078,70.45565795898438,71.40028381347656,69.65629577636719,67.35725402832031,66.48307800292969,67.94115447998047,68.01470184326172,68.88395690917969,72.62230682373047,74.02702331542969,73.60027313232422,76.6093978881836,76.02631378173828,76.02631378173828,77.38862609863281,76.00657653808594,76.27581787109375,77.38862609863281,77.38862609863281,77.38862609863281,78.03204345703125,76.5506362915039,77.93586730957031,77.10382843017578,77.10382843017578,76.5506362915039,75.7165756225586,74.88658142089844,73.23933410644531,72.20111083984375,71.61005401611328,70.21395874023438,69.81404113769531,67.62396240234375,67.47592163085938,65.29930877685547,62.36986541748047,62.96824645996094,59.46427536010742,58.79625701904297,58.0,58.0,54.488529205322266,53.15073013305664,51.22499465942383,49.81967544555664,48.60041046142578,49.09175109863281,47.41307830810547,45.617977142333984,43.65776062011719
0,-42,-96,21,9,71.61005401611328,67.80117797851562,68.7677230834961,68.01470184326172,68.62215423583984,65.76473236083984,68.01470184326172,67.35725402832031,69.81404113769531,72.00694274902344,71.61005401611328,71.84706115722656,74.06078338623047,76.5506362915039,74.88658142089844,76.85050201416016,74.94664764404297,76.85050201416016,75.47184753417969,78.23043060302734,76.27581787109375,78.23043060302734,76.27581787109375,77.17512512207031,76.5506362915039,75.7165756225586,75.45197296142578,75.45197296142578,72.42237091064453,75.21302795410156,70.60453033447266,71.84010314941406,71.0633544921875,66.70832061767578,68.01470184326172,67.26811981201172,65.85590362548828,62.2414665222168,60.81118392944336,58.0,57.28001403808594,56.63920974731445,58.898216247558594,52.63079071044922,52.009613037109375,51.03919982910156,49.92995071411133,49.39635467529297,48.764739990234375,47.01063537597656,46.2385139465332,43.680660247802734
0,-42,-96,21,9,71.44927978515625,69.42621612548828,69.65629577636719,67.80117797851562,66.85057830810547,68.79679870605469,68.60028839111328,67.11929321289062,68.87670135498047,70.68238830566406,72.91776275634766,73.9256362915039,76.32168579101562,75.61084747314453,76.69419860839844,76.216796875,75.61084747314453,75.3923110961914,76.5506362915039,77.8331527709961,77.6208724975586,77.2528305053711,76.32168579101562,77.49193572998047,79.12016296386719,77.6208724975586,76.69419860839844,74.46475982666016,74.84651184082031,72.09021759033203,71.11258697509766,71.5541763305664,71.11258697509766,68.0,66.24198150634766,66.24198150634766,65.3681869506836,61.91122817993164,61.91122817993164,60.20797348022461,58.52349853515625,56.859474182128906,55.803226470947266,54.81787872314453,52.49761962890625,50.32891845703125,50.20956039428711,49.51767349243164,46.097721099853516,46.86149978637695,45.486263275146484,43.90899658203125
0,-42,-96,20,14,72.80110168457031,72.09021759033203,69.31810760498047,70.23532104492188,68.09552001953125,67.95587158203125,68.00735473632812,69.02897644042969,71.84010314941406,71.50524139404297,71.70076751708984,75.00666809082031,77.10382843017578,76.41989135742188,77.79460144042969,75.66372680664062,79.90619659423828,75.66372680664062,79.20858764648438,77.10382843017578,78.51751708984375,79.20858764648438,74.96665954589844,79.20858764648438,79.90619659423828,78.49203491210938,78.49203491210938,76.48529052734375,76.48529052734375,72.18032836914062,73.0,72.91776275634766,71.58910369873047,70.1783447265625,69.81404113769531,67.00746154785156,65.802734375,64.637451171875,61.29437255859375,62.12889862060547,58.830265045166016,60.539241790771484,55.94640350341797,56.35601043701172,54.120235443115234,51.89412307739258,52.801513671875,50.9215087890625,49.33558654785156,47.801673889160156,46.87216567993164,46.389652252197266
0,-42,-96,20,14,74.625732421875,71.56116485595703,70.80254364013672,70.43436431884766,69.42621612548828,68.680419921875,69.29646301269531,70.72481536865234,71.50524139404297,71.70076751708984,74.02702331542969,72.80110168457031,75.80237579345703,76.02631378173828,74.63243103027344,78.49203491210938,78.49203491210938,77.66595458984375,78.77182006835938,79.32212829589844,79.05693817138672,79.88116455078125,77.10382843017578,78.23043060302734,79.05693817138672,78.49203491210938,77.66595458984375,77.42092895507812,76.843994140625,75.21302795410156,73.40980529785156,72.62230682373047,73.24616241455078,69.65629577636719,68.88395690917969,67.35725402832031,65.85590362548828,64.38167572021484,62.28964614868164,62.2414665222168,59.396968841552734,56.56854248046875,58.0,57.384666442871094,54.671749114990234,52.009613037109375,51.61395263671875,50.477718353271484,48.87739944458008,48.30113983154297,45.18849563598633,44.0113639831543
0,-42,-96,21,10,72.4706802368164,69.52696990966797,70.71067810058594,69.3108901977539,68.7677230834961,67.00746154785156,67.20118713378906,67.95587158203125,70.45565795898438,72.20111083984375,73.43023681640625,73.35530090332031,75.13321685791016,73.79024505615234,78.26238250732422,78.72102355957031,76.05918884277344,75.1531753540039,78.79086303710938,78.79086303710938,77.38862609863281,78.29431915283203,76.967529296875,79.2022705078125,78.29431915283203,76.48529052734375,76.92203521728516,76.92203521728516,75.13321685791016,74.30342864990234,72.94518280029297,72.94518280029297,70.71067810058594,69.1158447265625,68.60028839111328,67.41661834716797,65.73431396484375,62.68173599243164,62.20128631591797,60.216278076171875,59.40538787841797,58.41232681274414,57.48912811279297,54.5618896484375,54.488529205322266,51.62363815307617,52.345008850097656,51.088157653808594,49.20365905761719,48.82622146606445,47.16990661621094,44.283180236816406
0,-42,-96,20,13,72.61542510986328,68.70953369140625,70.21395874023438,67.05221557617188,67.18630981445312,65.73431396484375,66.75328063964844,66.61080932617188,69.2603759765625,71.44927978515625,71.25306701660156,73.24616241455078,74.1080322265625,74.06078338623047,74.06078338623047,77.0,76.0,76.00657653808594,77.0,77.0,77.02597045898438,77.0064926147461,76.10519409179688,77.0064926147461,75.1065902709961,76.16429901123047,75.05997467041016,76.10519409179688,72.11102294921875,73.17103576660156,71.34423828125,70.34912872314453,70.57620239257812,68.88395690917969,65.76473236083984,67.08203887939453,65.11528015136719,61.61168670654297,61.61168670654297,59.66573715209961,59.90826416015625,56.75385284423828,55.6596794128418,53.141319274902344,54.424259185791016,52.0,50.56678771972656,51.0,48.87739944458008,46.615447998046875,45.0,43.185646057128906
0,-42,-96,21,10,73.87828063964844,73.60027313232422,69.63475799560547,68.50547790527344,68.26419067382812,70.23532104492188,69.35416412353516,69.46221923828125,70.57620239257812,70.93659210205078,74.09453582763672,74.3303451538086,76.843994140625,76.5375747680664,77.79460144042969,77.20103454589844,77.88452911376953,76.5375747680664,79.8122787475586,80.08120727539062,77.49193572998047,79.8122787475586,76.5375747680664,80.36167907714844,78.74642944335938,79.69943237304688,77.79460144042969,76.5506362915039,76.5506362915039,73.05477142333984,75.3923110961914,73.16419982910156,71.30918884277344,70.38465881347656,68.94200134277344,67.11929321289062,67.08203887939453,64.88451385498047,63.52952194213867,61.29437255859375,60.539241790771484,59.6824951171875,57.14017868041992,56.035701751708984,54.4058837890625,52.63079071044922,51.855567932128906,50.990196228027344,48.08325958251953,47.50789260864258,45.607017517089844,44.10215377807617
0,-42,-96,20,14,78.54934692382812,74.67261505126953,75.28611755371094,73.08214569091797,72.7804946899414,69.23149871826172,73.55270385742188,72.99314880371094,74.4311752319336,75.32595825195312,77.16217041015625,80.0062484741211,80.02499389648438,80.0,80.0062484741211,81.0,81.0,81.0,81.0,82.0,81.02468872070312,83.0,81.0,83.0,82.0,81.0,81.02468872070312,81.09870910644531,79.05693817138672,79.10120391845703,75.23961639404297,73.43704986572266,74.5452880859375,72.44308471679688,72.69112396240234,70.71067810058594,68.73136138916016,67.08203887939453,65.30696868896484,65.51335906982422,62.817195892333984,59.90826416015625,61.13100814819336,57.87054443359375,56.30275344848633,53.712196350097656,54.12947463989258,52.77309799194336,50.11985778808594,50.2493782043457,48.010414123535156,46.097721099853516
0,-42,-96,20,14,72.7804946899414,71.38627624511719,70.71067810058594,70.45565795898438,66.18912506103516,69.065185546875,68.0,69.02897644042969,69.18092346191406,70.34912872314453,71.44927978515625,73.68174743652344,74.96665954589844,75.95393371582031,77.78174591064453,75.31268310546875,78.64476776123047,74.96665954589844,78.44743347167969,78.08969116210938,76.94153594970703,77.10382843017578,74.14849853515625,78.64476776123047,77.10382843017578,77.92945861816406,76.94153594970703,74.67261505126953,75.53807067871094,72.69112396240234,73.33484649658203,72.24956512451172,71.17584228515625,68.11754608154297,67.02984619140625,65.03076171875,65.03076171875,64.0,63.0,62.032249450683594,59.13543701171875,58.07753372192383,57.21887969970703,55.44366455078125,53.600372314453125,50.80354309082031,50.21951675415039,50.695167541503906,48.383880615234375,48.10405349731445,44.777225494384766,45.650848388671875
0,-42,-96,20,14,73.43023681640625,72.89718627929688,69.77105712890625,70.21395874023438,68.15423583984375,69.28924560546875,69.92138671875,68.4105224609375,72.03471374511719,72.56720733642578,72.36711883544922,73.82411193847656,77.78174591064453,76.65507507324219,79.76214599609375,77.64663696289062,79.6303939819336,76.65507507324219,79.5110092163086,79.6303939819336,78.91767883300781,79.76214599609375,75.66372680664062,79.4040298461914,79.5110092163086,79.90619659423828,79.90619659423828,76.29547882080078,76.48529052734375,74.3303451538086,73.75635528564453,72.56720733642578,69.85699462890625,68.88395690917969,69.37578582763672,65.96968841552734,65.802734375,64.56005096435547,63.89052963256836,62.297672271728516,59.236812591552734,61.09828186035156,56.46237564086914,55.54277801513672,54.5618896484375,52.35456085205078,51.88448715209961,50.477718353271484,47.434165954589844,47.01063537597656,46.097721099853516,44.55333709716797
0,-42,-96,20,14,74.52516174316406,74.14849853515625,72.56031799316406,72.44308471679688,70.1783447265625,71.0,70.00714111328125,71.11258697509766,72.3394775390625,72.44308471679688,75.80237579345703,76.94153594970703,78.08969116210938,78.08969116210938,79.07591247558594,78.64476776123047,81.78630828857422,77.46611785888672,81.78630828857422,81.58431243896484,80.41144561767578,81.58431243896484,78.64476776123047,80.80841827392578,80.60397338867188,80.60397338867188,79.42921447753906,77.92945861816406,77.10382843017578,77.10382843017578,75.80237579345703,73.55270385742188,73.43704986572266,72.3394775390625,70.34912872314453,68.26419067382812,67.06713104248047,66.0302963256836,65.03076171875,64.0,61.00819778442383,61.00819778442383,61.073726654052734,57.14017868041992,55.226806640625,54.58937454223633,52.611785888671875,50.990196228027344,50.0,48.703182220458984,46.81879806518555,44.72135925292969
0,-42,-96,21,10,71.84706115722656,71.34423828125,69.2603759765625,69.065185546875,66.0,66.0302963256836,67.18630981445312,67.47592163085938,69.46221923828125,68.88395690917969,71.58910369873047,71.80529022216797,75.18643188476562,75.43209075927734,76.90253448486328,75.43209075927734,76.40026092529297,75.18643188476562,76.92203521728516,76.15773010253906,77.1297607421875,77.36924743652344,74.46475982666016,75.96051788330078,76.92203521728516,76.65507507324219,76.15773010253906,74.73285675048828,75.50496673583984,71.58910369873047,72.00694274902344,71.19690704345703,69.87130737304688,65.76473236083984,66.61080932617188,64.93843078613281,63.50590515136719,63.50590515136719,62.3939094543457,62.20128631591797,58.00862121582031,58.0,57.00876998901367,54.0,53.037723541259766,50.15974426269531,51.244510650634766,49.497474670410156,48.83646011352539,46.097721099853516,45.607017517089844,43.32435989379883
0,-42,-96,20,14,72.00694274902344,71.02112579345703,71.44927978515625,70.34912872314453,68.06614685058594,68.0,69.00724792480469,69.18092346191406,70.25667572021484,70.57620239257812,73.97972869873047,73.34848022460938,74.52516174316406,74.73285675048828,76.48529052734375,75.70997619628906,77.1297607421875,74.73285675048828,78.33900451660156,77.66595458984375,77.66595458984375,77.66595458984375,75.92759704589844,78.84795379638672,77.1297607421875,76.15773010253906,76.68767547607422,74.73285675048828,75.50496673583984,72.56720733642578,72.83543395996094,71.56814575195312,70.45565795898438,67.47592163085938,67.36467742919922,65.4904556274414,64.49806213378906,63.19810104370117,64.28063201904297,61.032779693603516,58.07753372192383,58.0,57.0,55.03635025024414,53.15073013305664,51.4781494140625,52.46903991699219,50.0099983215332,45.89117431640625,48.27007293701172,45.880279541015625,43.08131790161133
0,-42,-96,21,10,74.73285675048828,72.18032836914062,69.58448028564453,71.56814575195312,68.26419067382812,69.065185546875,69.0,69.00724792480469,71.0633544921875,70.25667572021484,73.68174743652344,74.67261505126953,76.79192352294922,76.11833190917969,80.0624771118164,76.29547882080078,80.60397338867188,76.29547882080078,79.42921447753906,80.41144561767578,78.91767883300781,79.24645233154297,76.48529052734375,79.83106994628906,79.62411499023438,77.27871704101562,79.42921447753906,77.10382843017578,76.79192352294922,73.82411193847656,74.67261505126953,72.44308471679688,71.34423828125,69.2603759765625,67.36467742919922,65.27633666992188,65.27633666992188,64.07027435302734,63.12685775756836,63.03173828125,61.0,59.0,57.00876998901367,57.00876998901367,53.23532485961914,52.611785888671875,51.62363815307617,49.81967544555664,49.030601501464844,47.53945541381836,45.221675872802734,44.283180236816406
0,-42,-96,20,14,70.40596771240234,70.21395874023438,69.46221923828125,67.47592163085938,66.12110137939453,66.00757598876953,67.00746154785156,68.06614685058594,69.35416412353516,70.34912872314453,71.56814575195312,72.56031799316406,73.68174743652344,74.3303451538086,75.13321685791016,74.73285675048828,74.73285675048828,73.75635528564453,76.68767547607422,75.92759704589844,76.48529052734375,75.70997619628906,73.34848022460938,76.15773010253906,75.70997619628906,76.48529052734375,75.70997619628906,73.54590606689453,73.34848022460938,72.99314880371094,72.83543395996094,70.57620239257812,68.4689712524414,67.47592163085938,65.4904556274414,65.27633666992188,63.19810104370117,62.07253646850586,60.0333251953125,60.008331298828125,57.00876998901367,58.0,57.00876998901367,54.037025451660156,50.15974426269531,51.35172653198242,49.648765563964844,49.648765563964844,47.29693603515625,45.221675872802734,44.94440841674805,42.54409408569336
0,-42,-96,20,13,72.24956512451172,71.11258697509766,70.06425476074219,70.0,69.02897644042969,68.26419067382812,67.60177612304688,68.73136138916016,70.03570556640625,71.19690704345703,72.03471374511719,73.24616241455078,74.46475982666016,75.69015502929688,77.36924743652344,76.92203521728516,75.96051788330078,74.72616577148438,77.20103454589844,77.88452911376953,76.40026092529297,79.55501556396484,75.43209075927734,78.44743347167969,77.88452911376953,76.92203521728516,77.36924743652344,75.92759704589844,75.18643188476562,73.24616241455078,72.00694274902344,71.84706115722656,71.84706115722656,68.88395690917969,67.60177612304688,64.38167572021484,64.62971496582031,64.28063201904297,61.20457458496094,61.13100814819336,58.03447341918945,57.0,57.0,55.009090423583984,52.15361785888672,51.244510650634766,50.48762130737305,50.635955810546875,47.29693603515625,46.3249397277832,45.221675872802734,42.154476165771484
0,-42,-96,21,10,74.3303451538086,70.25667572021484,70.57620239257812,69.72087097167969,68.88395690917969,67.72000885009766,70.21395874023438,69.28924560546875,69.6419448852539,71.86793518066406,71.30918884277344,72.01388549804688,74.32361602783203,73.40980529785156,74.24284362792969,78.77182006835938,75.66372680664062,76.5375747680664,75.13321685791016,77.02597045898438,79.60527801513672,79.15807342529297,74.70609283447266,77.82030487060547,76.05918884277344,77.38862609863281,75.58438873291016,77.36924743652344,73.34848022460938,76.967529296875,71.58910369873047,70.7742919921875,70.57620239257812,69.6419448852539,68.70953369140625,68.3520278930664,65.45991516113281,63.324562072753906,61.6846809387207,60.16643524169922,59.203041076660156,58.94064712524414,58.051700592041016,53.600372314453125,51.62363815307617,52.239830017089844,50.15974426269531,52.009613037109375,49.0,48.166378021240234,48.3735466003418,43.931766510009766
0,-42,-96,20,14,75.70997619628906,75.43209075927734,73.08214569091797,73.37574768066406,72.44998168945312,72.09021759033203,72.44998168945312,72.44998168945312,74.30342864990234,73.57308959960938,76.85050201416016,76.32168579101562,79.61155700683594,79.88116455078125,81.27114868164062,81.02468872070312,81.84130859375,80.21221923828125,82.20097351074219,83.00602722167969,83.48652648925781,82.4196548461914,80.44873809814453,82.80096435546875,82.4196548461914,80.21221923828125,80.44873809814453,80.4549560546875,79.05693817138672,77.93586730957031,76.32168579101562,75.29276275634766,74.30342864990234,73.35530090332031,71.58910369873047,69.77105712890625,68.42514038085938,67.5425796508789,66.21178436279297,63.976558685302734,63.158531188964844,61.84658432006836,61.09828186035156,58.18934631347656,57.28001403808594,52.88667297363281,53.15073013305664,52.95280838012695,50.635955810546875,49.25444030761719,48.041648864746094,48.010414123535156
0,-42,-96,20,14,74.67261505126953,70.38465881347656,71.58910369873047,68.87670135498047,68.47627258300781,65.86349487304688,70.45565795898438,69.40460968017578,71.21797180175781,73.10950469970703,73.75635528564453,74.41101837158203,75.82215881347656,75.74298858642578,76.41989135742188,80.61017608642578,76.3675308227539,77.077880859375,77.077880859375,79.20858764648438,78.51751708984375,78.49203491210938,79.20858764648438,79.19596099853516,79.20858764648438,77.8331527709961,77.8331527709961,79.24645233154297,73.59347534179688,76.48529052734375,70.1783447265625,73.0,71.70076751708984,70.0,69.02897644042969,67.80117797851562,65.802734375,62.68173599243164,63.51377868652344,59.36328887939453,60.20797348022461,57.45433044433594,58.66856002807617,55.4707145690918,54.5618896484375,52.39274597167969,51.62363815307617,48.703182220458984,48.08325958251953,47.29693603515625,45.7055778503418,44.10215377807617
0,-42,-96,21,10,76.32168579101562,70.7742919921875,72.01388549804688,69.77105712890625,70.32780456542969,67.95587158203125,70.21395874023438,70.0,71.84010314941406,73.66138458251953,74.41101837158203,76.48529052734375,77.10382843017578,77.10382843017578,77.077880859375,80.61017608642578,77.79460144042969,79.20858764648438,77.79460144042969,80.62257385253906,79.20858764648438,79.20858764648438,79.90619659423828,78.51751708984375,78.51751708984375,79.90619659423828,78.49203491210938,79.20858764648438,74.95331573486328,75.66372680664062,73.59347534179688,74.3303451538086,73.66138458251953,69.52696990966797,68.7677230834961,68.7677230834961,66.84310150146484,63.411354064941406,61.61168670654297,61.032779693603516,61.032779693603516,59.07622146606445,59.36328887939453,54.20331954956055,55.56977462768555,52.77309799194336,53.22593307495117,52.0,50.9215087890625,50.0,47.07440948486328,44.55333709716797
0,-42,-96,20,14,73.24616241455078,72.44308471679688,68.88395690917969,70.85901641845703,67.91170501708984,68.4105224609375,69.57010650634766,69.28924560546875,70.00714111328125,70.00714111328125,73.00685119628906,73.82411193847656,76.05918884277344,74.24958038330078,77.87811279296875,77.36924743652344,76.94153594970703,76.02631378173828,78.26238250732422,77.82672882080078,76.92203521728516,78.26238250732422,75.1531753540039,77.82030487060547,78.29431915283203,77.87811279296875,76.48529052734375,74.73285675048828,74.32361602783203,73.00685119628906,71.86793518066406,71.51223754882812,71.86793518066406,68.94925689697266,68.62215423583984,65.14598846435547,66.21932983398438,61.84658432006836,61.84658432006836,61.61168670654297,58.051700592041016,58.051700592041016,57.55866622924805,55.44366455078125,53.33854293823242,52.08646774291992,51.03919982910156,49.0,49.09175109863281,49.36598205566406,45.7055778503418,44.384681701660156
0,-42,-96,21,9,72.91776275634766,67.97793579101562,72.00694274902344,68.09552001953125,69.97142028808594,66.85057830810547,68.818603515625,68.60028839111328,70.29224395751953,72.34638977050781,72.91776275634766,74.2765121459961,74.96665954589844,75.66372680664062,74.2765121459961,78.51751708984375,73.55270385742188,77.077880859375,75.00666809082031,77.077880859375,77.10382843017578,77.077880859375,75.66372680664062,77.10382843017578,76.3675308227539,77.79460144042969,75.69015502929688,76.41989135742188,72.24956512451172,74.3303451538086,70.29224395751953,71.0633544921875,70.60453033447266,67.80117797851562,67.80117797851562,66.61080932617188,64.40496826171875,62.42595672607422,61.29437255859375,60.20797348022461,59.6824951171875,56.93856430053711,58.18075180053711,53.23532485961914,52.801513671875,52.0,51.26402282714844,50.59644317626953,50.695167541503906,46.87216567993164,45.7055778503418,44.18144226074219
0,-42,-96,20,13,73.38937377929688,70.57620239257812,69.46221923828125,67.5425796508789,65.29930877685547,65.86349487304688,67.74215698242188,66.85057830810547,68.818603515625,69.02897644042969,71.0633544921875,73.66138458251953,72.24956512451172,72.91776275634766,75.28611755371094,75.74298858642578,74.3303451538086,74.3303451538086,75.00666809082031,75.74298858642578,75.07329559326172,76.48529052734375,75.74298858642578,75.69015502929688,75.74298858642578,75.74298858642578,75.92759704589844,75.1664810180664,72.4706802368164,71.84010314941406,69.20259857177734,69.20259857177734,70.80254364013672,66.85057830810547,67.67569732666016,65.73431396484375,63.82006072998047,61.29437255859375,61.057350158691406,58.66856002807617,57.245086669921875,57.245086669921875,55.46169662475586,52.92447280883789,51.62363815307617,50.59644317626953,48.383880615234375,48.27007293701172,49.24428939819336,46.097721099853516,45.17742919921875,44.04542922973633
0,-42,-96,20,13,74.96665954589844,72.36711883544922,69.85699462890625,69.6419448852539,66.0984115600586,67.779052734375,69.85699462890625,68.94200134277344,71.5541763305664,69.77105712890625,73.9256362915039,73.57308959960938,74.94664764404297,75.29276275634766,75.80237579345703,75.47184753417969,77.38862609863281,76.5506362915039,76.5506362915039,77.38862609863281,77.17512512207031,78.23043060302734,75.47184753417969,77.66595458984375,76.85050201416016,76.00657653808594,76.85050201416016,74.4311752319336,75.29276275634766,75.29276275634766,72.00694274902344,72.00694274902344,71.5541763305664,69.35416412353516,65.39112854003906,65.79513549804688,64.40496826171875,64.07807922363281,62.3939094543457,61.09828186035156,61.032779693603516,57.245086669921875,56.61272048950195,53.851646423339844,52.39274597167969,51.97114562988281,51.62363815307617,51.35172653198242,48.093658447265625,47.01063537597656,46.0,44.18144226074219
0,-42,-96,20,13,71.61005401611328,68.818603515625,71.21797180175781,68.11754608154297,67.94115447998047,65.0691909790039,68.62215423583984,68.01470184326172,68.88395690917969,70.60453033447266,72.20111083984375,73.81734466552734,74.63243103027344,74.88658142089844,74.63243103027344,77.38862609863281,74.09453582763672,75.47184753417969,75.47184753417969,76.5506362915039,76.27581787109375,77.10382843017578,76.00657653808594,76.32168579101562,77.38862609863281,76.00657653808594,74.3303451538086,75.80237579345703,72.67048645019531,72.67048645019531,71.61005401611328,72.00694274902344,71.84010314941406,68.24954223632812,66.70832061767578,66.70832061767578,65.4369888305664,63.03173828125,60.87692642211914,60.81118392944336,58.694122314453125,58.0,58.051700592041016,54.488529205322266,54.037025451660156,51.400390625,49.648765563964844,49.39635467529297,48.764739990234375,46.06517028808594,45.18849563598633,41.43669891357422
0,-42,-96,20,13,73.49829864501953,73.37574768066406,69.89277648925781,72.44998168945312,66.70832061767578,70.21395874023438,68.88395690917969,70.32780456542969,72.71863555908203,70.72481536865234,74.40430450439453,74.81310272216797,74.20242309570312,76.216796875,76.40026092529297,77.46611785888672,78.24320983886719,73.40980529785156,78.24320983886719,77.46611785888672,79.2022705078125,79.02531433105469,76.05918884277344,79.5110092163086,78.8733139038086,78.8733139038086,79.64923095703125,77.0064926147461,75.80237579345703,73.40980529785156,73.81734466552734,71.84706115722656,71.28113555908203,69.3397445678711,68.79679870605469,67.11929321289062,66.37017059326172,63.631752014160156,63.631752014160156,63.52952194213867,58.13776779174805,59.03388977050781,55.94640350341797,55.54277801513672,54.424259185791016,51.54609680175781,52.201534271240234,50.447994232177734,49.030601501464844,48.66210174560547,46.389652252197266,45.0111083984375
0,-42,-96,21,9,69.97142028808594,67.74215698242188,69.065185546875,66.61080932617188,66.84310150146484,65.29930877685547,65.0691909790039,65.05382537841797,68.01470184326172,68.01470184326172,69.52696990966797,71.21797180175781,71.40028381347656,73.40980529785156,72.80110168457031,74.63243103027344,73.23933410644531,73.60027313232422,73.23933410644531,74.40430450439453,74.20242309570312,73.81734466552734,73.60027313232422,74.06078338623047,75.45197296142578,72.42237091064453,72.42237091064453,73.60027313232422,69.40460968017578,71.61005401611328,69.02897644042969,70.43436431884766,68.11754608154297,65.29930877685547,65.29930877685547,65.19202423095703,61.61980056762695,60.14149856567383,61.52235412597656,57.314918518066406,57.314918518066406,55.226806640625,56.7274169921875,51.855567932128906,51.400390625,48.82622146606445,49.92995071411133,48.3735466003418,48.30113983154297,47.01063537597656,41.78516387939453,40.804412841796875
0,-42,-96,20,13,76.843994140625,71.40028381347656,71.70076751708984,68.7677230834961,70.03570556640625,67.20863342285156,69.42621612548828,70.43436431884766,70.60453033447266,73.00685119628906,73.40980529785156,74.63243103027344,76.843994140625,76.27581787109375,77.66595458984375,79.61155700683594,75.80237579345703,79.07591247558594,76.32168579101562,78.23043060302734,78.23043060302734,79.61155700683594,78.23043060302734,78.77182006835938,79.05693817138672,78.49203491210938,77.93586730957031,78.23681640625,74.63243103027344,76.843994140625,72.20111083984375,73.40980529785156,72.62230682373047,71.0633544921875,70.29224395751953,68.7677230834961,65.79513549804688,64.35060119628906,63.639610290527344,61.55485534667969,62.28964614868164,57.384666442871094,59.66573715209961,56.22277069091797,55.0,54.64430618286133,52.69725036621094,51.4781494140625,49.658836364746094,48.84669876098633,46.81879806518555,44.92215347290039
0,-42,-96,20,13,70.51950073242188,67.72000885009766,69.12307739257812,66.2872543334961,64.93843078613281,64.49806213378906,65.12296295166016,66.06814575195312,67.00746154785156,69.00724792480469,71.0,71.0,72.00694274902344,72.06246948242188,74.06078338623047,75.23961639404297,74.3303451538086,74.1687240600586,73.24616241455078,74.3303451538086,75.1065902709961,76.2364730834961,74.24284362792969,75.23961639404297,75.1664810180664,74.1687240600586,75.1065902709961,75.05997467041016,71.02816009521484,73.06161499023438,70.0,71.0,69.0,66.00757598876953,67.02984619140625,64.1248779296875,64.19501495361328,61.29437255859375,62.28964614868164,59.41380310058594,58.54912567138672,57.706153869628906,56.08921432495117,52.39274597167969,51.6623649597168,50.96076965332031,51.26402282714844,48.10405349731445,47.01063537597656,46.06517028808594,45.27692413330078,42.20189666748047
0,-42,-96,20,13,73.23933410644531,69.40460968017578,69.65629577636719,66.70832061767578,67.26811981201172,65.0691909790039,67.26811981201172,67.35725402832031,69.02897644042969,69.40460968017578,69.40460968017578,72.67048645019531,73.7834701538086,75.1664810180664,73.7834701538086,76.15773010253906,74.79304504394531,78.39005279541016,73.9256362915039,75.29276275634766,74.4311752319336,75.29276275634766,76.15773010253906,75.1797866821289,74.79304504394531,74.79304504394531,74.30342864990234,74.4311752319336,73.06161499023438,74.4311752319336,69.3397445678711,70.1783447265625,69.3397445678711,67.67569732666016,68.50547790527344,66.2872543334961,65.21502685546875,62.801273345947266,62.62587356567383,61.22091293334961,58.898216247558594,55.973209381103516,56.63920974731445,53.740116119384766,53.037723541259766,51.6623649597168,49.67897033691406,50.0,50.21951675415039,46.3249397277832,43.90899658203125,43.382022857666016
0,-42,-96,20,13,74.5184555053711,71.44927978515625,70.71067810058594,70.03570556640625,68.7677230834961,67.00746154785156,68.24221801757812,68.79679870605469,70.1783447265625,72.71863555908203,73.06161499023438,73.35530090332031,74.70609283447266,74.24284362792969,75.59100341796875,78.29431915283203,76.48529052734375,77.38862609863281,75.64390563964844,76.967529296875,77.38862609863281,76.967529296875,78.29431915283203,77.87811279296875,78.29431915283203,76.05918884277344,76.05918884277344,77.82672882080078,73.35530090332031,76.05918884277344,70.32780456542969,70.8307876586914,69.97142028808594,69.3397445678711,68.79679870605469,68.79679870605469,65.45991516113281,63.60031509399414,62.801273345947266,59.81638717651367,62.00806427001953,58.13776779174805,58.051700592041016,54.451812744140625,53.740116119384766,52.345008850097656,51.7397346496582,52.009613037109375,49.648765563964844,48.02082824707031,45.650848388671875,43.863426208496094
0,-42,-96,20,12,71.19690704345703,71.58910369873047,66.64083099365234,68.54196166992188,64.62197875976562,66.40782928466797,65.802734375,66.21932983398438,67.91170501708984,66.2872543334961,69.23149871826172,70.71067810058594,71.70076751708984,73.55270385742188,74.67261505126953,72.44308471679688,75.32595825195312,71.56814575195312,74.24284362792969,75.42546081542969,74.4311752319336,74.3303451538086,71.34423828125,74.1687240600586,75.32595825195312,74.3303451538086,74.67261505126953,70.71067810058594,72.69112396240234,70.85901641845703,69.23149871826172,69.42621612548828,69.63475799560547,66.4906005859375,66.70832061767578,63.78871536254883,64.76110076904297,62.09669876098633,60.4400520324707,60.728904724121094,57.584720611572266,57.584720611572266,54.230987548828125,54.230987548828125,52.32590103149414,49.648765563964844,51.97114562988281,49.39635467529297,48.010414123535156,45.607017517089844,44.04542922973633,42.42640686035156
0,-42,-96,20,12,70.71067810058594,68.87670135498047,65.39112854003906,66.30987548828125,63.5688591003418,65.802734375,64.76110076904297,64.53681182861328,68.06614685058594,65.76473236083984,68.73136138916016,70.34912872314453,70.25667572021484,72.3394775390625,73.24616241455078,72.24956512451172,74.1080322265625,72.17340087890625,73.10950469970703,73.10950469970703,73.17103576660156,74.1687240600586,72.11102294921875,74.06078338623047,73.17103576660156,74.1080322265625,74.1687240600586,71.34423828125,73.24616241455078,69.2603759765625,69.58448028564453,67.60177612304688,68.73136138916016,66.75328063964844,64.77654266357422,63.78871536254883,62.169124603271484,60.20797348022461,59.90826416015625,60.16643524169922,57.567352294921875,56.32051086425781,55.02726745605469,54.08327102661133,50.695167541503906,50.15974426269531,48.754486083984375,49.24428939819336,44.41846466064453,44.65422821044922,43.600460052490234,42.52058410644531
0,-42,-96,20,12,70.43436431884766,69.42621612548828,67.17886352539062,67.17886352539062,65.0691909790039,66.06814575195312,64.81512451171875,64.637451171875,67.67569732666016,68.79679870605469,70.49113464355469,71.34423828125,72.56031799316406,72.56031799316406,72.56031799316406,73.43023681640625,74.24284362792969,73.82411193847656,74.24284362792969,75.1797866821289,73.06161499023438,75.66372680664062,73.9256362915039,74.79304504394531,74.79304504394531,73.06161499023438,73.9256362915039,72.71863555908203,72.71863555908203,70.49113464355469,69.89277648925781,69.89277648925781,68.818603515625,66.40029907226562,66.40029907226562,66.21932983398438,63.411354064941406,63.03173828125,61.55485534667969,60.8276252746582,57.982757568359375,57.28001403808594,56.63920974731445,54.5618896484375,52.63079071044922,50.6063232421875,50.21951675415039,49.39635467529297,48.764739990234375,46.51881408691406,45.31004333496094,41.761226654052734
0,-42,-96,19,18,72.62230682373047,71.40028381347656,66.85057830810547,69.3397445678711,65.86349487304688,66.24198150634766,65.29930877685547,68.44705963134766,68.44705963134766,68.3520278930664,69.57010650634766,72.12489318847656,73.49829864501953,73.49829864501953,76.24303436279297,74.72616577148438,76.65507507324219,72.80110168457031,75.69015502929688,75.58438873291016,76.5375747680664,75.89466094970703,74.04052734375,76.68767547607422,75.18643188476562,76.92203521728516,76.5375747680664,74.0,75.89466094970703,72.11102294921875,71.86793518066406,70.7742919921875,71.58910369873047,67.5425796508789,67.97793579101562,64.88451385498047,65.79513549804688,62.64982223510742,62.60990524291992,62.265560150146484,58.830265045166016,59.36328887939453,55.4707145690918,55.217750549316406,53.26349639892578,52.40229034423828,50.2493782043457,48.166378021240234,47.423622131347656,47.6340217590332,45.607017517089844,44.10215377807617
0,-42,-96,19,18,73.75635528564453,70.0927963256836,70.72481536865234,67.89698028564453,68.680419921875,66.06814575195312,65.802734375,67.95587158203125,68.79679870605469,70.8307876586914,72.94518280029297,72.44998168945312,73.34848022460938,73.79024505615234,74.24284362792969,77.82030487060547,74.24958038330078,76.92203521728516,75.1531753540039,76.48529052734375,77.36924743652344,77.38862609863281,77.36924743652344,76.967529296875,79.15807342529297,76.48529052734375,76.48529052734375,76.94153594970703,75.1797866821289,74.30342864990234,69.97142028808594,72.20111083984375,72.40165710449219,69.3397445678711,69.63475799560547,69.63475799560547,65.21502685546875,65.6048812866211,62.00806427001953,61.073726654052734,62.481998443603516,59.46427536010742,58.0,55.154327392578125,54.488529205322266,51.855567932128906,51.22499465942383,51.61395263671875,49.09175109863281,46.14108657836914,46.957427978515625,43.08131790161133
0,-42,-96,20,12,70.38465881347656,67.11929321289062,64.88451385498047,65.76473236083984,63.28506851196289,64.637451171875,63.82006072998047,63.89052963256836,66.70832061767578,65.85590362548828,67.26811981201172,69.35416412353516,70.72481536865234,70.72481536865234,72.83543395996094,72.12489318847656,73.55270385742188,69.3108901977539,73.59347534179688,73.55270385742188,72.12489318847656,74.24958038330078,71.4212875366211,73.53910827636719,74.24958038330078,74.24958038330078,73.55270385742188,70.83784484863281,73.0,69.42621612548828,68.24954223632812,67.47592163085938,67.62396240234375,65.6048812866211,65.802734375,63.82006072998047,62.96824645996094,62.433963775634766,61.400325775146484,61.400325775146484,57.245086669921875,58.13776779174805,54.12947463989258,53.3104133605957,51.62363815307617,49.97999572753906,49.648765563964844,49.72926712036133,45.89117431640625,45.39823913574219,43.185646057128906,43.0
0,-42,-96,19,18,73.10950469970703,72.11102294921875,71.0,70.00714111328125,68.18357849121094,69.46221923828125,67.89698028564453,69.05070495605469,69.63475799560547,69.37578582763672,72.80110168457031,75.58438873291016,75.27283477783203,75.89466094970703,75.89466094970703,77.49193572998047,77.8331527709961,77.16217041015625,78.18567657470703,77.16217041015625,76.843994140625,78.10890197753906,76.216796875,77.2528305053711,77.49193572998047,78.77182006835938,78.10890197753906,75.58438873291016,76.843994140625,75.58438873291016,73.76313781738281,74.21590423583984,73.00685119628906,70.61161041259766,72.18032836914062,66.4906005859375,66.4906005859375,65.11528015136719,64.77654266357422,64.49806213378906,62.28964614868164,60.20797348022461,59.07622146606445,58.00862121582031,56.00892639160156,54.08327102661133,52.15361785888672,51.4781494140625,49.648765563964844,50.0099983215332,47.53945541381836,46.81879806518555
0,-42,-96,19,17,71.34423828125,71.11258697509766,67.0,68.0,64.03124237060547,65.37583923339844,66.37017059326172,65.92420196533203,67.08203887939453,66.94026947021484,70.3420181274414,72.80110168457031,71.16881561279297,71.7844009399414,74.63243103027344,74.0,75.27283477783203,74.0,76.216796875,75.27283477783203,74.94664764404297,75.27283477783203,74.3303451538086,74.67261505126953,76.216796875,76.216796875,76.216796875,74.04052734375,75.28611755371094,73.08214569091797,72.2772445678711,71.30918884277344,69.85699462890625,68.88395690917969,67.46851348876953,65.11528015136719,65.11528015136719,62.64982223510742,61.52235412597656,61.400325775146484,58.215118408203125,59.21148681640625,56.080299377441406,56.0,54.0,51.03919982910156,51.244510650634766,48.3735466003418,47.67599105834961,46.097721099853516,44.384681701660156,42.72002029418945
0,-42,-96,19,18,73.0,71.17584228515625,71.44927978515625,69.46221923828125,67.46851348876953,67.91170501708984,67.44627380371094,68.3081283569336,70.22820281982422,70.38465881347656,73.00685119628906,74.73285675048828,75.1531753540039,73.34848022460938,76.02631378173828,76.47875213623047,77.41446685791016,76.47875213623047,78.77182006835938,78.29431915283203,76.92203521728516,79.17701721191406,76.92203521728516,78.77182006835938,77.82672882080078,77.36924743652344,78.26238250732422,76.05918884277344,76.967529296875,75.1531753540039,72.09021759033203,74.32361602783203,71.86793518066406,70.93659210205078,69.28924560546875,68.94925689697266,67.67569732666016,65.14598846435547,64.56005096435547,62.09669876098633,63.78871536254883,59.43904495239258,59.03388977050781,56.88584899902344,56.4358024597168,54.230987548828125,54.08327102661133,52.009613037109375,49.0,49.09175109863281,48.50773239135742,46.69047164916992
0,-42,-96,19,18,71.80529022216797,70.0927963256836,68.3081283569336,67.67569732666016,63.694583892822266,63.976558685302734,65.76473236083984,64.49806213378906,67.41661834716797,67.95587158203125,68.818603515625,70.80254364013672,72.00694274902344,72.62230682373047,74.81310272216797,73.87828063964844,75.1664810180664,73.87828063964844,75.82215881347656,75.1664810180664,75.92759704589844,76.5767593383789,73.87828063964844,75.82215881347656,75.82215881347656,75.1664810180664,76.69419860839844,73.87828063964844,74.65252685546875,72.62230682373047,73.60027313232422,71.61005401611328,70.45565795898438,69.065185546875,68.50547790527344,65.45991516113281,64.49806213378906,64.49806213378906,62.265560150146484,61.29437255859375,58.13776779174805,59.03388977050781,56.859474182128906,55.54277801513672,52.55473327636719,51.54609680175781,51.54609680175781,49.47726821899414,47.85394287109375,47.51841735839844,46.27094268798828,44.0
0,-42,-96,19,17,69.00724792480469,68.0,65.0691909790039,66.18912506103516,64.62971496582031,64.13267517089844,65.11528015136719,63.78871536254883,65.52098846435547,66.40782928466797,68.70953369140625,69.46221923828125,70.26378631591797,71.17584228515625,71.69379425048828,71.58910369873047,73.34848022460938,74.24958038330078,73.34848022460938,74.73285675048828,73.40980529785156,75.1531753540039,74.24958038330078,74.24284362792969,76.05918884277344,73.34848022460938,74.32361602783203,74.32361602783203,73.82411193847656,72.09021759033203,70.93659210205078,69.28924560546875,68.00735473632812,68.3081283569336,67.72000885009766,66.40782928466797,65.45991516113281,62.361846923828125,60.16643524169922,59.43904495239258,58.24946212768555,57.27128601074219,56.88584899902344,53.46026611328125,52.15361785888672,51.03919982910156,51.009803771972656,49.0,48.010414123535156,47.04253387451172,45.27692413330078,43.931766510009766
0,-42,-96,19,17,68.94200134277344,66.18912506103516,64.88451385498047,64.49806213378906,61.85466766357422,61.400325775146484,62.62587356567383,63.78087615966797,65.85590362548828,67.17886352539062,67.89698028564453,69.35416412353516,69.52696990966797,71.58910369873047,73.66138458251953,72.34638977050781,72.34638977050781,73.10950469970703,74.65252685546875,74.5184555053711,73.66138458251953,74.41101837158203,73.10950469970703,74.02702331542969,74.41101837158203,74.5184555053711,74.3303451538086,75.00666809082031,72.83543395996094,72.12489318847656,71.44927978515625,70.03570556640625,68.01470184326172,66.60330200195312,66.70832061767578,64.66065216064453,62.62587356567383,61.400325775146484,61.61168670654297,60.464866638183594,58.52349853515625,56.93856430053711,56.4358024597168,54.120235443115234,51.429561614990234,48.84669876098633,48.84669876098633,47.75981521606445,46.840152740478516,44.14748001098633,43.931766510009766,42.10700607299805
0,-42,-96,19,17,68.26419067382812,65.19202423095703,65.802734375,63.60031509399414,63.89052963256836,61.55485534667969,63.639610290527344,63.70243453979492,65.19202423095703,66.21932983398438,67.80117797851562,68.00735473632812,70.45565795898438,71.84706115722656,72.67048645019531,74.3303451538086,72.40165710449219,71.56116485595703,73.24616241455078,74.88658142089844,74.3303451538086,75.7165756225586,74.3303451538086,74.4311752319336,74.625732421875,74.88658142089844,73.81734466552734,74.20242309570312,72.20111083984375,72.80110168457031,71.0633544921875,68.7677230834961,68.7677230834961,66.52819061279297,65.79513549804688,65.79513549804688,63.639610290527344,62.22539520263672,61.55485534667969,59.54829788208008,58.2580451965332,56.85068130493164,55.803226470947266,53.823787689208984,52.69725036621094,50.2493782043457,48.764739990234375,48.30113983154297,47.01063537597656,44.0113639831543,44.92215347290039,42.20189666748047
0,-42,-96,19,17,66.48307800292969,66.60330200195312,64.20280456542969,64.40496826171875,62.68173599243164,62.433963775634766,64.0078125,62.169124603271484,65.39112854003906,65.55150604248047,67.779052734375,70.22820281982422,71.47027587890625,72.42237091064453,73.68174743652344,73.37574768066406,74.3303451538086,73.37574768066406,74.04052734375,75.28611755371094,73.68174743652344,76.24303436279297,73.37574768066406,74.72616577148438,74.94664764404297,74.63243103027344,74.94664764404297,73.38937377929688,75.02666473388672,71.51223754882812,71.30918884277344,72.09021759033203,69.85699462890625,67.97793579101562,67.08203887939453,64.8459701538086,65.76473236083984,61.773780822753906,61.057350158691406,60.20797348022461,56.859474182128906,56.859474182128906,55.217750549316406,52.801513671875,50.447994232177734,49.57822036743164,48.10405349731445,47.381431579589844,46.75468063354492,44.821868896484375,43.011627197265625,41.18252182006836
0,-42,-96,19,16,62.20128631591797,63.89052963256836,60.8276252746582,60.8276252746582,60.87692642211914,59.81638717651367,60.0,60.20797348022461,61.400325775146484,64.49806213378906,65.76473236083984,66.64833068847656,69.31810760498047,68.87670135498047,71.11258697509766,70.68238830566406,70.7742919921875,69.85699462890625,71.17584228515625,72.09021759033203,71.58910369873047,72.91776275634766,71.11258697509766,73.40980529785156,72.01388549804688,71.5541763305664,72.44998168945312,71.11962127685547,71.58910369873047,70.23532104492188,68.79679870605469,68.09552001953125,66.5732650756836,65.19202423095703,64.35060119628906,63.24555206298828,60.80295944213867,59.03388977050781,59.81638717651367,56.7274169921875,55.973209381103516,53.81449508666992,53.75872039794922,50.2493782043457,48.79549026489258,47.50789260864258,47.6340217590332,46.40043258666992,44.65422821044922,43.046485900878906,40.24922180175781,39.924930572509766
0,-42,-96,19,16,60.74536895751953,59.236812591552734,59.03388977050781,59.03388977050781,58.30952072143555,56.30275344848633,58.00862121582031,59.81638717651367,61.073726654052734,62.36986541748047,63.70243453979492,65.0691909790039,67.17886352539062,67.17886352539062,69.29646301269531,69.35416412353516,68.62215423583984,69.35416412353516,70.76722717285156,71.50524139404297,70.71067810058594,70.72481536865234,69.29646301269531,71.44927978515625,72.13875579833984,71.44927978515625,70.72481536865234,69.35416412353516,70.0927963256836,68.01470184326172,66.70832061767578,66.84310150146484,64.81512451171875,63.0079345703125,62.20128631591797,58.8217658996582,59.90826416015625,57.14017868041992,56.603885650634766,53.712196350097656,52.839378356933594,52.35456085205078,50.08992004394531,48.332183837890625,47.92702865600586,44.59820556640625,44.271888732910156,42.72002029418945,40.26164245605469,41.0,40.4474983215332,38.05259704589844
0,-42,-96,19,16,59.66573715209961,60.20797348022461,59.396968841552734,58.694122314453125,57.48912811279297,58.600341796875,59.40538787841797,57.982757568359375,61.057350158691406,60.41522979736328,63.50590515136719,64.88451385498047,67.5425796508789,67.62396240234375,69.7782211303711,67.23094177246094,70.38465881347656,68.02940368652344,70.38465881347656,71.17584228515625,72.01388549804688,70.21395874023438,69.35416412353516,70.38465881347656,71.69379425048828,69.85699462890625,70.21395874023438,70.66116333007812,70.66116333007812,66.18912506103516,66.24198150634766,66.73080444335938,65.19202423095703,62.96824645996094,62.12889862060547,59.36328887939453,56.859474182128906,57.42821502685547,57.80138397216797,54.037025451660156,53.26349639892578,52.49761962890625,49.57822036743164,48.91830062866211,47.381431579589844,45.343135833740234,43.931766510009766,43.416587829589844,42.20189666748047,41.04875183105469,39.96248245239258,37.57658767700195
0,-42,-96,19,16,61.35144805908203,57.567352294921875,58.94064712524414,57.87054443359375,58.54912567138672,56.22277069091797,59.13543701171875,59.03388977050781,63.0,63.03173828125,64.19501495361328,66.27216339111328,67.47592163085938,67.47592163085938,68.4689712524414,69.58448028564453,68.73136138916016,69.72087097167969,69.72087097167969,72.56031799316406,71.17584228515625,73.33484649658203,73.33484649658203,71.70076751708984,73.55270385742188,71.56814575195312,71.25306701660156,71.17584228515625,68.18357849121094,68.18357849121094,67.00746154785156,67.0,67.0,63.0,63.03173828125,62.032249450683594,61.0,58.13776779174805,56.080299377441406,53.33854293823242,54.33230972290039,50.35871505737305,52.345008850097656,47.85394287109375,47.07440948486328,45.35416030883789,43.96589660644531,42.379241943359375,42.72002029418945,39.924930572509766,38.910152435302734,36.359317779541016
0,-42,-96,19,16,62.433963775634766,59.53990173339844,60.835845947265625,59.09314727783203,59.80802536010742,58.8217658996582,59.90826416015625,59.90826416015625,62.801273345947266,65.92420196533203,66.75328063964844,67.47592163085938,70.45565795898438,70.25667572021484,70.45565795898438,72.17340087890625,71.0633544921875,73.17103576660156,72.17340087890625,74.1687240600586,74.3303451538086,74.1687240600586,73.24616241455078,75.23961639404297,74.24284362792969,72.44308471679688,71.44927978515625,73.68174743652344,69.58448028564453,72.69112396240234,67.89698028564453,69.42621612548828,67.46851348876953,64.76110076904297,63.78871536254883,62.817195892333984,59.90826416015625,59.203041076660156,56.32051086425781,55.973209381103516,55.973209381103516,51.865211486816406,52.201534271240234,49.76947021484375,48.332183837890625,46.957427978515625,44.777225494384766,44.29446792602539,43.5660400390625,41.88078308105469,40.45985794067383,38.20994567871094
0,-42,-96,19,17,62.96824645996094,61.6846809387207,59.43904495239258,60.20797348022461,59.53990173339844,60.29925537109375,63.071388244628906,64.0078125,64.0,65.0076904296875,68.06614685058594,71.17584228515625,72.17340087890625,74.24284362792969,75.23961639404297,72.24956512451172,76.32168579101562,74.24284362792969,78.23043060302734,77.23341369628906,76.05918884277344,77.10382843017578,75.05997467041016,77.16217041015625,77.05841827392578,77.05841827392578,77.0064926147461,74.0,77.0,71.0,71.11258697509766,71.17584228515625,70.25667572021484,66.27216339111328,65.4904556274414,63.50590515136719,63.50590515136719,60.01666259765625,59.84145736694336,59.228370666503906,55.31726837158203,54.5710563659668,52.63079071044922,52.201534271240234,48.703182220458984,47.53945541381836,45.694637298583984,47.01063537597656,44.72135925292969,42.94182205200195,42.19004440307617,40.0
0,-42,-96,20,10,55.4707145690918,53.0,53.23532485961914,53.22593307495117,53.3104133605957,53.141319274902344,54.120235443115234,54.81787872314453,57.723480224609375,58.24946212768555,59.228370666503906,60.8276252746582,63.78871536254883,63.95310592651367,65.92420196533203,65.6201171875,65.6201171875,64.77654266357422,67.74215698242188,66.91038513183594,68.88395690917969,67.89698028564453,65.92420196533203,67.89698028564453,68.44705963134766,67.26811981201172,66.70832061767578,65.96968841552734,65.25334930419922,64.03124237060547,63.89052963256836,61.98386764526367,60.083274841308594,58.52349853515625,57.584720611572266,56.30275344848633,55.154327392578125,53.712196350097656,50.56678771972656,50.990196228027344,48.30113983154297,47.41307830810547,47.41307830810547,45.27692413330078,43.5660400390625,41.88078308105469,41.617305755615234,40.45985794067383,39.051246643066406,38.20994567871094,37.48332977294922,35.608985900878906
0,-42,-96,20,10,57.0,53.0848388671875,54.147945404052734,54.451812744140625,54.7448616027832,52.17279052734375,56.04462432861328,56.32051086425781,57.245086669921875,60.16643524169922,61.09828186035156,63.694583892822266,64.07807922363281,65.39112854003906,64.07807922363281,67.62396240234375,65.79513549804688,67.62396240234375,66.70832061767578,68.54196166992188,67.779052734375,68.15423583984375,68.15423583984375,69.46221923828125,69.6419448852539,66.48307800292969,66.128662109375,67.67569732666016,64.19501495361328,66.40782928466797,62.09669876098633,63.06346130371094,62.817195892333984,58.694122314453125,58.24946212768555,58.24946212768555,55.90169906616211,54.58937454223633,51.4781494140625,50.48762130737305,49.497474670410156,47.26520919799805,48.093658447265625,44.10215377807617,45.0444221496582,42.0,42.0,42.01190185546875,40.112342834472656,38.327537536621094,36.67424011230469,35.1710090637207
0,-42,-96,19,16,57.0,57.14017868041992,54.33230972290039,55.73149871826172,56.08921432495117,56.04462432861328,57.567352294921875,58.52349853515625,58.872745513916016,61.84658432006836,63.56099319458008,64.40496826171875,67.97793579101562,68.87670135498047,68.87670135498047,70.21395874023438,71.11962127685547,70.21395874023438,72.44998168945312,72.01388549804688,71.17584228515625,72.49827575683594,69.7782211303711,73.34848022460938,72.49827575683594,71.58910369873047,71.69379425048828,69.07966613769531,69.07966613769531,67.41661834716797,67.35725402832031,66.40782928466797,64.8459701538086,62.09669876098633,62.09669876098633,59.90826416015625,58.694122314453125,56.75385284423828,55.10898208618164,53.93514633178711,50.80354309082031,51.62363815307617,49.36598205566406,47.26520919799805,46.173583984375,44.10215377807617,45.0,44.0,41.04875183105469,42.04759216308594,38.327537536621094,37.85498809814453
0,-42,-96,19,16,58.0,55.90169906616211,55.60575485229492,55.217750549316406,55.75840759277344,57.30619430541992,58.18075180053711,59.93329620361328,62.64982223510742,63.324562072753906,64.51356506347656,66.0984115600586,67.35725402832031,68.680419921875,68.62215423583984,72.12489318847656,71.16881561279297,71.16881561279297,70.21395874023438,71.47027587890625,71.16881561279297,73.38937377929688,71.16881561279297,72.80110168457031,71.47027587890625,71.47027587890625,71.16881561279297,71.51223754882812,68.70953369140625,68.94925689697266,65.39112854003906,67.11929321289062,63.071388244628906,61.269893646240234,61.717098236083984,61.741397857666016,58.600341796875,57.245086669921875,54.58937454223633,53.712196350097656,52.839378356933594,51.107730865478516,50.2493782043457,46.87216567993164,46.615447998046875,45.0,44.204071044921875,43.185646057128906,42.44997024536133,41.01219177246094,40.31128692626953,37.64305877685547
0,-42,-96,19,16,57.0,57.03507614135742,58.215118408203125,56.56854248046875,56.88584899902344,58.46366500854492,58.8217658996582,60.083274841308594,60.74536895751953,61.6846809387207,66.30987548828125,66.30987548828125,68.15423583984375,68.15423583984375,68.54196166992188,69.7782211303711,72.01388549804688,70.26378631591797,73.82411193847656,74.73285675048828,71.30918884277344,73.00685119628906,69.85699462890625,73.53910827636719,73.53910827636719,72.23572540283203,69.28924560546875,68.94925689697266,70.22820281982422,68.00735473632812,68.00735473632812,65.802734375,65.802734375,62.09669876098633,61.84658432006836,58.694122314453125,59.66573715209961,57.070133209228516,55.90169906616211,56.718605041503906,53.600372314453125,51.788028717041016,51.35172653198242,49.162994384765625,48.093658447265625,47.04253387451172,45.0,45.0111083984375,43.104522705078125,44.283180236816406,39.623226165771484,39.051246643066406
0,-42,-96,20,9,53.45091247558594,52.49761962890625,53.851646423339844,52.92447280883789,52.32590103149414,53.712196350097656,53.5350341796875,54.08327102661133,57.42821502685547,57.20139694213867,61.84658432006836,61.717098236083984,63.03173828125,63.03173828125,65.29930877685547,65.79513549804688,64.38167572021484,66.52819061279297,66.52819061279297,66.70832061767578,65.94694519042969,66.60330200195312,65.94694519042969,67.26811981201172,67.35725402832031,65.94694519042969,65.94694519042969,65.29930877685547,64.03124237060547,63.25345993041992,62.20128631591797,61.032779693603516,60.464866638183594,57.688819885253906,57.42821502685547,56.859474182128906,54.64430618286133,53.25410842895508,50.774009704589844,50.6063232421875,49.92995071411133,49.39635467529297,49.24428939819336,46.06517028808594,43.863426208496094,43.08131790161133,43.08131790161133,42.379241943359375,40.52159881591797,41.231056213378906,37.85498809814453,37.336307525634766
0,-42,-96,19,16,57.723480224609375,56.04462432861328,56.64803695678711,54.7813835144043,56.36488342285156,55.4707145690918,57.45433044433594,57.982757568359375,61.61168670654297,61.61168670654297,64.40496826171875,66.21932983398438,66.40029907226562,67.62396240234375,68.88395690917969,70.1783447265625,68.88395690917969,68.88395690917969,70.1783447265625,70.1783447265625,69.65629577636719,71.84010314941406,71.0633544921875,72.34638977050781,71.84010314941406,70.43436431884766,72.00694274902344,68.4105224609375,68.818603515625,66.40029907226562,64.637451171875,64.637451171875,64.07027435302734,61.587337493896484,60.464866638183594,59.6824951171875,57.982757568359375,56.4358024597168,57.30619430541992,53.712196350097656,54.58937454223633,52.35456085205078,51.89412307739258,49.658836364746094,47.01063537597656,46.81879806518555,45.54119110107422,46.173583984375,43.680660247802734,43.17406463623047,41.59326934814453,42.19004440307617
0,-42,-96,19,16,60.01666259765625,57.48912811279297,59.4810905456543,57.245086669921875,59.236812591552734,57.775428771972656,59.03388977050781,60.90156173706055,61.400325775146484,64.14047241210938,65.21502685546875,65.802734375,68.24221801757812,70.0,70.80254364013672,72.20111083984375,71.40028381347656,71.61005401611328,70.80254364013672,72.42237091064453,72.94518280029297,74.06078338623047,72.42237091064453,72.80110168457031,73.00685119628906,72.42237091064453,72.40165710449219,72.71863555908203,69.6419448852539,69.6419448852539,66.73080444335938,66.24198150634766,65.76473236083984,64.41273498535156,63.50590515136719,61.717098236083984,59.9416389465332,59.03388977050781,58.600341796875,57.00876998901367,57.00876998901367,52.92447280883789,55.36244201660156,49.33558654785156,49.04079818725586,48.50773239135742,48.05205535888672,47.67599105834961,46.52956008911133,45.27692413330078,43.104522705078125,42.0
0,-42,-96,20,9,51.855567932128906,51.855567932128906,51.03919982910156,51.865211486816406,49.73931884765625,51.429561614990234,52.801513671875,52.0,53.851646423339844,54.08327102661133,57.567352294921875,59.203041076660156,60.16643524169922,60.87692642211914,62.361846923828125,62.817195892333984,64.03124237060547,61.13100814819336,64.03124237060547,64.56005096435547,63.89052963256836,63.60031509399414,62.93647766113281,64.03124237060547,65.0,62.64183807373047,63.24555206298828,61.35144805908203,63.24555206298828,60.083274841308594,60.74536895751953,59.61543273925781,58.694122314453125,55.94640350341797,55.03635025024414,54.12947463989258,54.12947463989258,52.32590103149414,50.990196228027344,51.0,48.764739990234375,48.87739944458008,46.14108657836914,46.3249397277832,45.221675872802734,43.416587829589844,41.86884307861328,41.03656768798828,39.623226165771484,38.897300720214844,39.051246643066406,37.80211639404297
0,-42,-96,19,15,58.8217658996582,56.920997619628906,55.154327392578125,55.94640350341797,55.94640350341797,56.93856430053711,57.688819885253906,58.600341796875,59.81638717651367,60.30754470825195,63.78087615966797,65.11528015136719,65.79513549804688,67.88224792480469,68.59300231933594,67.89698028564453,69.29646301269531,67.17886352539062,70.00714111328125,70.00714111328125,70.03570556640625,70.72481536865234,68.59300231933594,70.03570556640625,70.72481536865234,70.00714111328125,70.03570556640625,68.62215423583984,70.1783447265625,65.85590362548828,67.47592163085938,65.29930877685547,64.81512451171875,62.00806427001953,62.00806427001953,60.0,59.40538787841797,57.20139694213867,56.859474182128906,56.30275344848633,53.5350341796875,53.5350341796875,51.97114562988281,50.11985778808594,49.19349670410156,47.423622131347656,46.2385139465332,45.880279541015625,43.65776062011719,43.96589660644531,42.20189666748047,40.607879638671875
0,-42,-96,19,15,56.22277069091797,53.15073013305664,55.154327392578125,51.6623649597168,54.671749114990234,52.201534271240234,53.823787689208984,55.226806640625,56.93856430053711,58.13776779174805,59.03388977050781,60.835845947265625,63.071388244628906,63.56099319458008,63.976558685302734,65.39112854003906,64.47480010986328,65.39112854003906,66.70832061767578,66.21178436279297,66.18912506103516,66.64083099365234,67.5425796508789,65.79513549804688,67.08203887939453,66.21178436279297,65.29930877685547,66.24198150634766,64.88451385498047,64.0078125,61.400325775146484,62.96824645996094,60.20797348022461,58.24946212768555,59.07622146606445,56.30275344848633,56.61272048950195,55.0,55.60575485229492,51.855567932128906,52.49761962890625,50.32891845703125,50.20956039428711,48.08325958251953,46.75468063354492,45.343135833740234,44.04542922973633,43.600460052490234,42.43819046020508,40.49691390991211,38.94868469238281,38.4837646484375
0,-42,-96,19,15,57.245086669921875,55.54277801513672,54.5618896484375,55.4707145690918,53.33854293823242,53.823787689208984,55.217750549316406,54.81787872314453,58.13776779174805,58.0,60.10823440551758,62.2414665222168,62.22539520263672,64.38167572021484,65.79513549804688,65.85590362548828,65.85590362548828,66.52819061279297,65.85590362548828,67.20863342285156,66.4680404663086,68.59300231933594,66.52819061279297,67.20863342285156,69.3108901977539,68.59300231933594,68.59300231933594,66.52819061279297,65.85590362548828,65.11528015136719,63.78087615966797,63.25345993041992,62.62587356567383,60.0,60.605281829833984,58.600341796875,57.80138397216797,55.217750549316406,54.64430618286133,55.226806640625,52.15361785888672,51.107730865478516,50.11985778808594,48.30113983154297,47.85394287109375,44.777225494384766,45.880279541015625,45.221675872802734,43.96589660644531,42.20189666748047,40.79215621948242,38.327537536621094
0,-42,-96,19,15,57.982757568359375,54.708316802978516,56.79788589477539,53.712196350097656,54.7813835144043,52.81098556518555,54.81787872314453,54.5710563659668,55.90169906616211,59.03388977050781,60.67124557495117,61.52235412597656,62.513999938964844,63.3876953125,62.513999938964844,68.11754608154297,63.12685775756836,67.26811981201172,65.12296295166016,67.18630981445312,67.47592163085938,67.18630981445312,69.46221923828125,69.2603759765625,67.60177612304688,67.47592163085938,67.74215698242188,67.74215698242188,62.64982223510742,67.89698028564453,62.96824645996094,64.53681182861328,62.36986541748047,61.13100814819336,58.94064712524414,60.4400520324707,57.567352294921875,54.708316802978516,53.75872039794922,52.201534271240234,53.75872039794922,49.04079818725586,50.15974426269531,47.423622131347656,46.06517028808594,45.650848388671875,43.046485900878906,41.34005355834961,43.011627197265625,40.607879638671875,39.051246643066406,36.769554138183594
0,-42,-96,18,18,56.080299377441406,56.82429122924805,54.12947463989258,54.625999450683594,52.81098556518555,55.081756591796875,54.81787872314453,55.31726837158203,55.10898208618164,56.56854248046875,60.29925537109375,60.29925537109375,62.07253646850586,62.07253646850586,65.19202423095703,64.03124237060547,65.0691909790039,65.0691909790039,66.0302963256836,67.11929321289062,65.27633666992188,66.12110137939453,65.12296295166016,69.00724792480469,68.06614685058594,68.11754608154297,68.35934448242188,65.37583923339844,66.37017059326172,63.50590515136719,63.78871536254883,61.98386764526367,62.169124603271484,59.43904495239258,59.66573715209961,57.48912811279297,58.051700592041016,55.31726837158203,53.851646423339844,53.16013717651367,50.28916549682617,50.9215087890625,49.04079818725586,49.76947021484375,46.097721099853516,44.29446792602539,43.416587829589844,43.5660400390625,39.66106414794922,40.224369049072266,39.408119201660156,38.28837966918945
0,-42,-96,18,19,58.18075180053711,56.79788589477539,55.154327392578125,56.080299377441406,54.708316802978516,54.5710563659668,56.718605041503906,56.56854248046875,57.314918518066406,59.21148681640625,63.12685775756836,62.032249450683594,64.0078125,64.0078125,64.0078125,67.0,67.0,67.0,69.00724792480469,69.0,67.0,68.0,67.0,71.0,70.00714111328125,70.0,68.00735473632812,67.06713104248047,69.065185546875,68.11754608154297,66.37017059326172,67.36467742919922,64.38167572021484,61.52235412597656,59.6824951171875,59.84145736694336,59.03388977050781,55.31726837158203,54.5710563659668,52.63079071044922,51.92301940917969,50.695167541503906,49.648765563964844,48.703182220458984,48.10405349731445,45.31004333496094,43.863426208496094,41.62931823730469,40.31128692626953,41.34005355834961,38.832977294921875,37.202152252197266
0,-42,-96,18,18,55.90169906616211,53.33854293823242,54.08327102661133,52.430908203125,53.26349639892578,51.7397346496582,54.451812744140625,53.075416564941406,54.671749114990234,58.2580451965332,58.41232681274414,58.8217658996582,61.032779693603516,61.032779693603516,61.61168670654297,62.96824645996094,63.812225341796875,64.35060119628906,66.5732650756836,66.8879623413086,65.19202423095703,65.19202423095703,66.5732650756836,66.8879623413086,67.95587158203125,66.2872543334961,66.85057830810547,66.0302963256836,65.21502685546875,65.21502685546875,64.03124237060547,64.66065216064453,62.481998443603516,60.20797348022461,58.13776779174805,58.051700592041016,55.90169906616211,54.451812744140625,53.75872039794922,51.6623649597168,50.2493782043457,49.51767349243164,49.67897033691406,47.01063537597656,44.204071044921875,43.600460052490234,41.88078308105469,41.88078308105469,40.31128692626953,40.24922180175781,37.161808013916016,36.055511474609375
0,-41,-96,18,18,55.10898208618164,52.46903991699219,54.147945404052734,54.08327102661133,54.0,53.037723541259766,54.147945404052734,53.46026611328125,55.73149871826172,56.08921432495117,58.694122314453125,59.90826416015625,61.13100814819336,62.361846923828125,61.400325775146484,64.8459701538086,63.89052963256836,64.8459701538086,64.51356506347656,66.40782928466797,66.7607650756836,66.0984115600586,67.72000885009766,67.35725402832031,67.72000885009766,65.52098846435547,67.44627380371094,66.94026947021484,64.76110076904297,66.70832061767578,62.96824645996094,63.95310592651367,61.98386764526367,60.530982971191406,59.41380310058594,59.41380310058594,57.314918518066406,54.147945404052734,54.08327102661133,51.088157653808594,52.038448333740234,49.01020431518555,50.0,46.04345703125,45.0,44.10215377807617,43.28972244262695,40.4474983215332,40.607879638671875,38.832977294921875,37.36308288574219,37.0
0,-41,-96,15,30,55.226806640625,56.718605041503906,55.31726837158203,55.54277801513672,53.16013717651367,53.141319274902344,53.712196350097656,55.03635025024414,55.90169906616211,58.30952072143555,59.16925048828125,60.539241790771484,62.96824645996094,62.96824645996094,66.0378646850586,64.8999252319336,65.45991516113281,63.812225341796875,66.85057830810547,67.67569732666016,67.95587158203125,67.95587158203125,67.41661834716797,68.50547790527344,67.95587158203125,67.41661834716797,68.96376037597656,67.11929321289062,67.5351791381836,65.7419204711914,64.88451385498047,64.40496826171875,62.2414665222168,61.46543884277344,61.09828186035156,58.52349853515625,57.245086669921875,55.6596794128418,55.081756591796875,52.63079071044922,51.41984176635742,52.17279052734375,50.0099983215332,47.67599105834961,46.52956008911133,44.40720748901367,44.10215377807617,43.046485900878906,42.0,42.04759216308594,40.112342834472656,38.63935852050781
0,-41,-96,15,29,55.75840759277344,52.47856521606445,52.32590103149414,50.990196228027344,50.695167541503906,50.59644317626953,52.201534271240234,52.63079071044922,53.36665725708008,55.90169906616211,57.55866622924805,59.53990173339844,60.29925537109375,60.29925537109375,60.406951904296875,63.28506851196289,63.19810104370117,64.28063201904297,64.19501495361328,65.27633666992188,64.38167572021484,65.37583923339844,65.37583923339844,66.27216339111328,65.37583923339844,65.37583923339844,65.76473236083984,66.0984115600586,65.11528015136719,65.92420196533203,61.61168670654297,61.84658432006836,59.90826416015625,60.16643524169922,58.52349853515625,57.567352294921875,56.32051086425781,53.141319274902344,53.141319274902344,51.078372955322266,51.078372955322266,49.24428939819336,48.754486083984375,47.41307830810547,45.17742919921875,43.90899658203125,43.5660400390625,42.43819046020508,41.400482177734375,39.69886779785156,39.69886779785156,37.48332977294922
0,-41,-96,18,17,53.0848388671875,51.244510650634766,52.611785888671875,50.635955810546875,50.447994232177734,50.0,51.54609680175781,51.62363815307617,52.39274597167969,55.03635025024414,56.79788589477539,57.245086669921875,58.5918083190918,59.53990173339844,60.41522979736328,61.057350158691406,61.587337493896484,61.773780822753906,64.14047241210938,64.14047241210938,65.3681869506836,64.49806213378906,64.41273498535156,65.51335906982422,66.73080444335938,66.24198150634766,65.29930877685547,63.95310592651367,63.95310592651367,63.071388244628906,62.2414665222168,61.46543884277344,61.09828186035156,59.46427536010742,58.18934631347656,56.61272048950195,56.61272048950195,53.45091247558594,51.92301940917969,51.41984176635742,50.447994232177734,50.0099983215332,47.85394287109375,47.67599105834961,45.39823913574219,43.104522705078125,44.10215377807617,43.011627197265625,41.0,40.04996871948242,39.20458984375,37.48332977294922
0,-41,-96,15,30,55.44366455078125,55.226806640625,50.93132781982422,53.15073013305664,51.22499465942383,50.80354309082031,51.865211486816406,54.37830352783203,54.20331954956055,54.5618896484375,56.859474182128906,59.61543273925781,60.539241790771484,61.09828186035156,62.3939094543457,63.5688591003418,64.19501495361328,63.5688591003418,64.51356506347656,64.8459701538086,65.19202423095703,65.19202423095703,66.128662109375,66.40782928466797,68.00735473632812,68.00735473632812,67.779052734375,66.30987548828125,65.55150604248047,65.0,62.64982223510742,62.169124603271484,61.717098236083984,61.29437255859375,60.90156173706055,59.4810905456543,57.706153869628906,55.56977462768555,53.851646423339844,55.226806640625,51.865211486816406,50.477718353271484,50.21951675415039,50.0,47.01063537597656,45.343135833740234,45.343135833740234,44.55333709716797,43.863426208496094,42.63801193237305,42.8018684387207,39.96248245239258
0,-41,-96,18,17,51.92301940917969,51.54609680175781,50.695167541503906,50.15974426269531,49.24428939819336,48.3735466003418,49.09175109863281,50.0,51.22499465942383,53.15073013305664,53.15073013305664,55.90169906616211,57.28001403808594,57.982757568359375,60.10823440551758,60.14149856567383,59.41380310058594,59.41380310058594,60.95900344848633,63.70243453979492,62.22539520263672,63.70243453979492,62.93647766113281,63.78087615966797,65.0691909790039,64.35060119628906,63.639610290527344,62.96824645996094,62.2414665222168,62.2414665222168,60.20797348022461,61.073726654052734,58.898216247558594,59.81638717651367,58.600341796875,55.60575485229492,54.20331954956055,53.823787689208984,54.08327102661133,51.312767028808594,50.774009704589844,49.39635467529297,49.24428939819336,45.650848388671875,45.617977142333984,44.283180236816406,43.46262741088867,43.08131790161133,42.379241943359375,40.52159881591797,41.0,39.458839416503906
0,-41,-96,16,25,53.141319274902344,51.078372955322266,50.537113189697266,51.429561614990234,48.54894256591797,48.25971221923828,49.67897033691406,49.57822036743164,51.62363815307617,52.32590103149414,53.75872039794922,55.226806640625,56.7274169921875,57.48912811279297,59.03388977050781,60.0,60.605281829833984,59.81638717651367,62.20128631591797,63.0079345703125,62.00806427001953,62.801273345947266,62.00806427001953,63.60031509399414,64.03124237060547,64.03124237060547,63.411354064941406,61.84658432006836,62.481998443603516,61.073726654052734,60.20797348022461,59.54829788208008,58.728187561035156,57.28001403808594,56.58621597290039,56.56854248046875,54.488529205322266,53.75872039794922,51.7397346496582,51.7397346496582,49.67897033691406,49.04079818725586,47.801673889160156,46.615447998046875,46.615447998046875,44.10215377807617,43.90899658203125,43.5660400390625,41.59326934814453,40.31128692626953,40.16217041015625,38.327537536621094
0,-42,-96,18,16,52.49761962890625,51.62363815307617,49.658836364746094,49.648765563964844,47.50789260864258,48.54894256591797,47.20169448852539,47.801673889160156,48.91830062866211,50.2493782043457,51.62363815307617,53.037723541259766,53.75872039794922,54.5618896484375,57.384666442871094,56.85068130493164,57.628116607666016,56.85068130493164,59.203041076660156,59.03388977050781,58.898216247558594,60.4400520324707,58.13776779174805,60.4400520324707,61.073726654052734,60.95900344848633,60.95900344848633,60.14149856567383,60.14149856567383,57.314918518066406,57.982757568359375,57.28001403808594,56.58621597290039,55.226806640625,55.226806640625,53.90732955932617,53.26349639892578,51.22499465942383,51.400390625,49.40647888183594,48.010414123535156,48.010414123535156,45.486263275146484,44.41846466064453,43.90899658203125,42.48529052734375,42.48529052734375,41.62931823730469,39.560081481933594,38.897300720214844,39.293766021728516,38.470767974853516
0,-42,-96,19,12,52.47856521606445,49.648765563964844,49.40647888183594,47.801673889160156,47.423622131347656,45.25483322143555,46.86149978637695,46.22769546508789,47.434165954589844,49.09175109863281,50.477718353271484,51.107730865478516,53.712196350097656,53.712196350097656,53.712196350097656,56.35601043701172,54.12947463989258,55.46169662475586,56.36488342285156,56.859474182128906,56.35601043701172,57.27128601074219,59.4810905456543,59.03388977050781,58.5918083190918,56.82429122924805,57.706153869628906,58.18075180053711,54.58937454223633,57.30619430541992,53.851646423339844,54.708316802978516,54.37830352783203,52.69725036621094,52.15361785888672,51.865211486816406,50.21951675415039,47.801673889160156,47.01063537597656,45.45327377319336,46.22769546508789,44.04542922973633,43.931766510009766,40.31128692626953,41.72529220581055,40.31128692626953,39.69886779785156,39.69886779785156,39.408119201660156,36.8917350769043,36.715118408203125,34.01470184326172
0,-41,-96,15,28,54.451812744140625,51.62363815307617,50.990196228027344,47.50789260864258,47.801673889160156,46.04345703125,48.02082824707031,46.14108657836914,48.754486083984375,49.24428939819336,50.15974426269531,50.695167541503906,51.62363815307617,53.48831558227539,53.141319274902344,55.6596794128418,54.708316802978516,55.973209381103516,55.36244201660156,56.920997619628906,55.02726745605469,56.920997619628906,56.64803695678711,56.920997619628906,57.584720611572266,56.64803695678711,57.00876998901367,56.46237564086914,54.230987548828125,54.625999450683594,53.22593307495117,53.22593307495117,52.32590103149414,51.429561614990234,51.88448715209961,49.73931884765625,49.73931884765625,48.54894256591797,46.87216567993164,45.221675872802734,44.40720748901367,43.011627197265625,44.04542922973633,41.231056213378906,40.360870361328125,38.94868469238281,38.18376541137695,38.94868469238281,37.64305877685547,37.202152252197266,34.66987228393555,33.61547088623047
0,-41,-96,17,19,54.708316802978516,52.88667297363281,51.6623649597168,49.47726821899414,48.66210174560547,48.50773239135742,48.25971221923828,47.04253387451172,48.041648864746094,48.0,51.03919982910156,51.03919982910156,51.15662384033203,52.239830017089844,53.23532485961914,53.23532485961914,54.451812744140625,54.33230972290039,56.4358024597168,56.22277069091797,55.226806640625,55.226806640625,56.14267349243164,56.4358024597168,56.22277069091797,56.080299377441406,56.035701751708984,56.035701751708984,55.03635025024414,54.0,53.00943374633789,52.009613037109375,53.037723541259766,51.15662384033203,49.25444030761719,49.25444030761719,48.3735466003418,47.51841735839844,45.7055778503418,45.7055778503418,42.95346450805664,42.95346450805664,41.231056213378906,40.804412841796875,39.217342376708984,37.336307525634766,37.161808013916016,36.67424011230469,34.885528564453125,36.715118408203125,34.13209533691406,34.20526123046875
0,-41,-96,18,13,51.6623649597168,50.93132781982422,48.83646011352539,49.57822036743164,46.097721099853516,46.40043258666992,45.221675872802734,44.94440841674805,45.27692413330078,45.17742919921875,46.097721099853516,47.53945541381836,48.46648406982422,48.10405349731445,50.695167541503906,48.703182220458984,50.9215087890625,48.703182220458984,52.81098556518555,50.9215087890625,51.62363815307617,51.865211486816406,49.97999572753906,52.49761962890625,52.81098556518555,50.9215087890625,51.62363815307617,49.76947021484375,50.695167541503906,49.76947021484375,50.08992004394531,48.754486083984375,48.30113983154297,46.52956008911133,44.777225494384766,43.90899658203125,43.046485900878906,43.046485900878906,41.34005355834961,41.04875183105469,38.60051727294922,39.20458984375,37.013511657714844,36.2353401184082,34.71310806274414,33.941123962402344,33.241539001464844,33.241539001464844,31.240999221801758,30.610456466674805,30.232433319091797,30.528675079345703
0,-38,-96,12,35,50.08992004394531,50.08992004394531,48.166378021240234,46.173583984375,44.283180236816406,46.87216567993164,43.931766510009766,45.35416030883789,42.44997024536133,43.96589660644531,44.0113639831543,46.615447998046875,47.01063537597656,45.694637298583984,47.53945541381836,48.754486083984375,49.19349670410156,47.423622131347656,48.332183837890625,48.332183837890625,48.332183837890625,48.754486083984375,46.51881408691406,48.754486083984375,48.754486083984375,49.24428939819336,47.53945541381836,47.16990661621094,48.703182220458984,44.271888732910156,48.08325958251953,48.08325958251953,45.607017517089844,43.17406463623047,42.20189666748047,40.79215621948242,40.607879638671875,39.623226165771484,38.327537536621094,40.199501037597656,37.121421813964844,36.055511474609375,34.01470184326172,36.055511474609375,34.0,32.015621185302734,32.06243896484375,31.256999969482422,29.27456283569336,29.614185333251953,27.892650604248047,26.925823211669922
0,-38,-96,11,38,52.201534271240234,50.32891845703125,49.39635467529297,47.53945541381836,47.01063537597656,44.72135925292969,45.79301071166992,45.79301071166992,44.65422821044922,45.486263275146484,45.80392837524414,47.01063537597656,47.01063537597656,45.607017517089844,49.20365905761719,49.57822036743164,47.50789260864258,47.423622131347656,46.75468063354492,48.166378021240234,48.27007293701172,46.86149978637695,48.41487503051758,48.91830062866211,49.81967544555664,49.67897033691406,49.81967544555664,49.40647888183594,45.80392837524414,47.434165954589844,45.79301071166992,46.87216567993164,44.777225494384766,44.777225494384766,42.94182205200195,42.05948257446289,40.24922180175781,39.39543151855469,37.161808013916016,38.07886505126953,36.400550842285156,36.055511474609375,34.78505325317383,33.83784866333008,33.241539001464844,31.048349380493164,30.5941162109375,30.4138126373291,30.149627685546875,27.073972702026367,27.0,27.018512725830078
0,-40,-96,14,25,49.09175109863281,49.39635467529297,47.01063537597656,47.01063537597656,43.8292121887207,46.06517028808594,42.95346450805664,43.46262741088867,43.65776062011719,42.05948257446289,43.680660247802734,44.384681701660156,44.14748001098633,42.95346450805664,44.9110221862793,44.72135925292969,45.89117431640625,44.72135925292969,46.69047164916992,45.89117431640625,45.89117431640625,45.89117431640625,44.72135925292969,46.52956008911133,45.7055778503418,45.89117431640625,46.097721099853516,44.384681701660156,46.3249397277832,43.17406463623047,43.680660247802734,43.011627197265625,42.05948257446289,40.49691390991211,40.49691390991211,38.62641525268555,38.62641525268555,37.161808013916016,36.24913787841797,34.438350677490234,34.0,34.0,31.764760971069336,31.38471031188965,31.064449310302734,28.600698471069336,27.80287742614746,26.248809814453125,25.495098114013672,26.172504425048828,25.495098114013672,24.20743751525879
0,-37,-96,10,39,51.0,47.01063537597656,46.647613525390625,46.87216567993164,44.10215377807617,44.40720748901367,42.8018684387207,41.86884307861328,42.52058410644531,41.1096076965332,43.863426208496094,43.84062194824219,43.13930892944336,43.863426208496094,43.185646057128906,43.27817153930664,44.04542922973633,44.821868896484375,44.204071044921875,46.097721099853516,43.863426208496094,43.185646057128906,44.68780517578125,45.45327377319336,45.343135833740234,44.55333709716797,43.863426208496094,43.863426208496094,44.55333709716797,43.13930892944336,43.185646057128906,42.52058410644531,41.231056213378906,40.0,38.60051727294922,38.60051727294922,38.832977294921875,36.359317779541016,35.510562896728516,34.48188018798828,32.75667953491211,32.24903106689453,30.870698928833008,30.870698928833008,29.96664810180664,28.792360305786133,28.792360305786133,27.20294189453125,26.68332862854004,25.317977905273438,25.495098114013672,24.083189010620117
0,-37,-96,10,39,49.648765563964844,45.486263275146484,46.3249397277832,44.41846466064453,43.416587829589844,42.05948257446289,42.48529052734375,41.62931823730469,41.231056213378906,41.78516387939453,42.379241943359375,42.72002029418945,42.20189666748047,42.20189666748047,43.011627197265625,43.416587829589844,42.95346450805664,42.72002029418945,41.9761848449707,42.44997024536133,43.416587829589844,42.20189666748047,43.17406463623047,43.931766510009766,41.9761848449707,43.416587829589844,42.72002029418945,41.761226654052734,42.72002029418945,42.72002029418945,40.16217041015625,41.231056213378906,39.924930572509766,37.57658767700195,38.07886505126953,36.67424011230469,35.7770881652832,34.0,32.24903106689453,30.886890411376953,32.75667953491211,30.528675079345703,30.805843353271484,28.600698471069336,29.20616340637207,26.248809814453125,26.248809814453125,24.75883674621582,24.083189010620117,23.34523582458496,23.430749893188477,23.021728515625
0,-37,-96,11,34,47.29693603515625,46.097721099853516,44.72135925292969,44.55333709716797,43.5660400390625,43.416587829589844,43.28972244262695,41.1096076965332,41.0,41.0,43.0,41.04875183105469,43.104522705078125,42.10700607299805,43.28972244262695,42.42640686035156,43.416587829589844,43.416587829589844,42.42640686035156,42.57933807373047,43.416587829589844,42.42640686035156,42.57933807373047,42.7551155090332,43.5660400390625,43.416587829589844,42.57933807373047,42.42640686035156,42.296573638916016,41.43669891357422,40.112342834472656,42.10700607299805,40.04996871948242,37.05401611328125,37.013511657714844,37.013511657714844,36.0,36.0,34.01470184326172,34.01470184326172,32.06243896484375,31.016124725341797,30.265491485595703,29.154760360717773,29.42787742614746,28.44292449951172,27.459060668945312,26.925823211669922,25.0,26.248809814453125,22.847318649291992,22.360679626464844
0,-37,-96,10,37,45.12205505371094,44.72135925292969,43.416587829589844,40.4474983215332,41.43669891357422,39.20458984375,41.1096076965332,40.01249694824219,38.0,39.0128173828125,40.0,40.01249694824219,41.1096076965332,39.0128173828125,40.112342834472656,40.199501037597656,41.19466018676758,40.112342834472656,42.42640686035156,40.199501037597656,41.19466018676758,40.31128692626953,40.199501037597656,42.19004440307617,40.112342834472656,40.199501037597656,41.04875183105469,40.01249694824219,40.0,39.0128173828125,39.0,39.0,37.013511657714844,37.05401611328125,36.055511474609375,36.22154235839844,34.2344856262207,33.241539001464844,32.557640075683594,31.575305938720703,30.805843353271484,30.805843353271484,28.160255432128906,27.513633728027344,27.513633728027344,26.570659637451172,26.0,24.59674835205078,23.706539154052734,23.853721618652344,22.203603744506836,21.260292053222656
0,-37,-96,10,38,48.84669876098633,47.01063537597656,46.097721099853516,45.18849563598633,43.8292121887207,43.416587829589844,40.8166618347168,41.34005355834961,41.04875183105469,42.20189666748047,41.617305755615234,41.231056213378906,41.86884307861328,41.773197174072266,41.773197174072266,41.72529220581055,42.42640686035156,41.72529220581055,43.185646057128906,43.863426208496094,44.55333709716797,42.42640686035156,41.01219177246094,43.13930892944336,43.863426208496094,43.13930892944336,43.13930892944336,43.13930892944336,41.773197174072266,41.773197174072266,40.360870361328125,39.69886779785156,40.607879638671875,39.20458984375,37.80211639404297,38.01315689086914,36.055511474609375,35.510562896728516,34.48188018798828,33.12099075317383,33.12099075317383,31.764760971069336,31.30495262145996,28.635643005371094,28.23118782043457,27.85677719116211,27.85677719116211,26.248809814453125,26.248809814453125,25.495098114013672,24.331050872802734,24.020824432373047
0,-37,-96,10,37,45.7055778503418,44.72135925292969,45.12205505371094,41.773197174072266,41.48493576049805,40.26164245605469,40.16217041015625,38.897300720214844,39.924930572509766,40.31128692626953,39.81205749511719,39.357337951660156,40.70626449584961,40.31128692626953,41.18252182006836,42.19004440307617,41.34005355834961,39.4461669921875,42.19004440307617,40.49691390991211,40.31128692626953,42.19004440307617,40.8166618347168,41.617305755615234,40.49691390991211,39.96248245239258,40.49691390991211,40.49691390991211,39.4461669921875,39.96248245239258,38.94868469238281,38.910152435302734,39.357337951660156,37.161808013916016,36.769554138183594,36.769554138183594,35.46829605102539,34.539833068847656,33.241539001464844,32.280025482177734,32.572994232177734,30.08321762084961,29.120439529418945,28.635643005371094,27.459060668945312,27.166154861450195,27.166154861450195,26.07680892944336,24.020824432373047,24.0,24.0,22.090721130371094
0,-37,-96,10,37,44.0113639831543,42.379241943359375,41.761226654052734,42.05948257446289,40.804412841796875,39.560081481933594,38.832977294921875,38.63935852050781,38.470767974853516,38.470767974853516,38.11823654174805,39.11521530151367,39.11521530151367,39.051246643066406,39.051246643066406,39.0,39.0,39.0,39.0,40.0,39.0,40.01249694824219,38.01315689086914,40.01249694824219,41.0,41.0,40.0,39.0128173828125,39.051246643066406,38.05259704589844,38.11823654174805,37.2155876159668,36.34556198120117,37.336307525634766,36.49657440185547,34.525352478027344,33.95585250854492,33.95585250854492,32.75667953491211,32.015621185302734,30.08321762084961,29.4108829498291,29.4108829498291,28.792360305786133,26.0,26.4007568359375,24.59674835205078,25.05992889404297,24.1867733001709,25.238859176635742,23.600847244262695,21.931713104248047
0,-37,-96,11,34,44.777225494384766,42.48529052734375,42.48529052734375,42.54409408569336,41.62931823730469,40.853397369384766,39.560081481933594,38.897300720214844,39.560081481933594,39.560081481933594,40.79215621948242,39.623226165771484,39.623226165771484,41.30375289916992,40.4474983215332,41.43669891357422,41.19466018676758,41.19466018676758,42.19004440307617,41.30375289916992,41.30375289916992,42.296573638916016,41.19466018676758,42.10700607299805,41.19466018676758,42.19004440307617,42.19004440307617,41.30375289916992,41.43669891357422,39.31920623779297,39.623226165771484,38.63935852050781,38.832977294921875,36.13862228393555,37.36308288574219,35.902645111083984,36.13862228393555,34.48188018798828,33.83784866333008,31.95309066772461,32.31098937988281,31.016124725341797,30.870698928833008,28.635643005371094,27.73084831237793,27.784887313842773,27.459060668945312,25.806976318359375,25.0,25.0,22.671567916870117,23.34523582458496
0,-37,-96,10,37,44.29446792602539,42.94182205200195,42.94182205200195,41.146080017089844,40.24922180175781,39.560081481933594,38.27531814575195,38.62641525268555,38.327537536621094,39.293766021728516,38.327537536621094,39.81205749511719,39.623226165771484,38.832977294921875,39.623226165771484,40.4474983215332,39.31920623779297,38.470767974853516,39.31920623779297,39.458839416503906,41.59326934814453,40.4474983215332,40.4474983215332,40.199501037597656,39.31920623779297,39.458839416503906,40.607879638671875,40.79215621948242,38.832977294921875,38.832977294921875,38.07886505126953,38.327537536621094,37.36308288574219,36.055511474609375,36.055511474609375,36.400550842285156,34.539833068847656,33.61547088623047,32.31098937988281,31.30495262145996,30.870698928833008,29.96664810180664,30.01666259765625,27.459060668945312,26.07680892944336,26.07680892944336,25.0,25.612497329711914,25.495098114013672,24.75883674621582,24.083189010620117,22.803508758544922
0,-37,-96,10,37,43.73785400390625,43.73785400390625,39.81205749511719,40.607879638671875,39.458839416503906,38.20994567871094,38.20994567871094,39.11521530151367,39.0128173828125,37.0,37.013511657714844,37.05401611328125,39.051246643066406,39.11521530151367,40.04996871948242,38.11823654174805,40.4474983215332,38.20994567871094,39.20458984375,40.112342834472656,40.112342834472656,40.04996871948242,39.11521530151367,39.20458984375,40.199501037597656,39.20458984375,40.01249694824219,38.01315689086914,40.0,38.0,38.01315689086914,37.121421813964844,37.05401611328125,34.13209533691406,36.12478256225586,34.13209533691406,34.2344856262207,32.38827133178711,31.575305938720703,31.78049659729004,30.805843353271484,29.120439529418945,27.513633728027344,28.792360305786133,26.925823211669922,25.63201141357422,24.59674835205078,23.706539154052734,24.1867733001709,23.323806762695312,23.021728515625,23.021728515625
0,-37,-96,10,37,44.40720748901367,42.42640686035156,40.79215621948242,40.4474983215332,38.832977294921875,37.85498809814453,38.07886505126953,37.64305877685547,37.64305877685547,37.0,36.400550842285156,35.84689712524414,37.161808013916016,37.57658767700195,38.07886505126953,37.57658767700195,38.01315689086914,36.67424011230469,38.910152435302734,38.470767974853516,37.57658767700195,39.39543151855469,36.67424011230469,37.121421813964844,39.39543151855469,38.910152435302734,39.0,38.07886505126953,38.27531814575195,37.161808013916016,35.735137939453125,36.68787384033203,35.44009017944336,35.1710090637207,33.95585250854492,32.75667953491211,33.734256744384766,30.5941162109375,31.256999969482422,31.14482307434082,30.149627685546875,28.07133674621582,28.017850875854492,27.018512725830078,26.019224166870117,25.0,25.01999282836914,25.179357528686523,24.331050872802734,23.34523582458496,21.3775577545166,20.880613327026367
0,-37,-96,10,36,44.92215347290039,41.48493576049805,41.1096076965332,39.84971618652344,39.217342376708984,38.27531814575195,38.07886505126953,35.84689712524414,35.34119415283203,34.885528564453125,36.359317779541016,36.8917350769043,37.44329071044922,36.619667053222656,36.055511474609375,38.01315689086914,37.80211639404297,37.80211639404297,37.80211639404297,37.80211639404297,38.01315689086914,37.80211639404297,37.80211639404297,37.80211639404297,37.80211639404297,37.80211639404297,38.01315689086914,38.01315689086914,36.619667053222656,35.22782897949219,36.359317779541016,36.2353401184082,35.35533905029297,33.541019439697266,32.649654388427734,33.105892181396484,30.870698928833008,31.38471031188965,29.154760360717773,28.792360305786133,28.23118782043457,27.85677719116211,27.513633728027344,25.0,25.0,24.515300750732422,23.53720474243164,22.360679626464844,23.194826126098633,22.090721130371094,22.090721130371094,22.0
0,-40,-96,12,29,44.04542922973633,43.046485900878906,42.04759216308594,41.01219177246094,39.0,38.01315689086914,38.05259704589844,37.05401611328125,37.121421813964844,37.2155876159668,37.48332977294922,37.656341552734375,37.656341552734375,36.878177642822266,37.85498809814453,38.327537536621094,38.327537536621094,38.327537536621094,38.327537536621094,38.327537536621094,37.85498809814453,38.327537536621094,38.07886505126953,38.327537536621094,39.051246643066406,38.07886505126953,37.85498809814453,37.656341552734375,37.656341552734375,37.656341552734375,36.22154235839844,35.12833786010742,35.12833786010742,34.01470184326172,33.060550689697266,33.0151481628418,32.015621185302734,31.0,30.01666259765625,30.066593170166016,28.017850875854492,27.018512725830078,27.073972702026367,25.179357528686523,24.1867733001709,24.331050872802734,24.515300750732422,23.76972770690918,23.0867919921875,23.0867919921875,21.540658950805664,21.02379608154297
0,-40,-96,12,30,44.40720748901367,42.42640686035156,42.57933807373047,41.43669891357422,39.623226165771484,38.63935852050781,37.656341552734375,35.902645111083984,37.36308288574219,36.68787384033203,36.055511474609375,36.769554138183594,37.161808013916016,37.161808013916016,36.769554138183594,37.57658767700195,37.57658767700195,37.161808013916016,37.57658767700195,37.161808013916016,37.6961555480957,38.07886505126953,37.161808013916016,38.01315689086914,38.4837646484375,38.07886505126953,37.0,37.0,36.68787384033203,36.68787384033203,35.1710090637207,34.928497314453125,34.71310806274414,33.541019439697266,33.37664031982422,32.38827133178711,30.4138126373291,30.265491485595703,30.149627685546875,29.068883895874023,27.018512725830078,27.018512725830078,26.0,25.0,25.01999282836914,23.0867919921875,24.083189010620117,23.194826126098633,23.194826126098633,22.203603744506836,21.587032318115234,20.880613327026367
0,-40,-96,13,25,46.0,45.0,43.011627197265625,43.0,40.01249694824219,40.04996871948242,38.11823654174805,38.20994567871094,37.2155876159668,36.49657440185547,36.67424011230469,37.10795211791992,38.07886505126953,38.07886505126953,38.07886505126953,37.36308288574219,38.60051727294922,37.36308288574219,38.60051727294922,38.327537536621094,37.36308288574219,38.327537536621094,36.400550842285156,38.327537536621094,38.327537536621094,38.327537536621094,37.85498809814453,37.48332977294922,37.48332977294922,35.510562896728516,36.12478256225586,35.12833786010742,35.05709457397461,33.0151481628418,33.0151481628418,31.016124725341797,31.0,30.0,30.01666259765625,29.017236709594727,27.073972702026367,27.166154861450195,25.179357528686523,25.179357528686523,24.1867733001709,23.34523582458496,23.34523582458496,23.76972770690918,21.840330123901367,22.135944366455078,21.540658950805664,21.02379608154297
0,-40,-96,12,28,44.643028259277344,44.643028259277344,42.20189666748047,40.26164245605469,40.024993896484375,38.832977294921875,37.656341552734375,36.49657440185547,36.34556198120117,36.12478256225586,36.055511474609375,37.05401611328125,36.0,35.0,36.0,36.0,37.0,36.0,37.013511657714844,37.013511657714844,37.0,37.0,37.0,37.013511657714844,37.0,37.0,37.05401611328125,36.055511474609375,36.055511474609375,35.12833786010742,35.22782897949219,34.2344856262207,32.38827133178711,31.575305938720703,31.78049659729004,30.805843353271484,29.832868576049805,28.861740112304688,26.925823211669922,26.925823211669922,26.248809814453125,25.63201141357422,24.698177337646484,23.76972770690918,23.76972770690918,22.360679626464844,22.360679626464844,22.825424194335938,21.954498291015625,21.63330841064453,20.808652877807617,19.84943389892578
0,-40,-96,12,29,46.173583984375,43.96589660644531,43.680660247802734,41.761226654052734,40.26164245605469,39.051246643066406,38.832977294921875,37.85498809814453,37.48332977294922,37.2155876159668,37.121421813964844,37.05401611328125,37.05401611328125,36.013885498046875,37.013511657714844,38.0,37.0,37.0,38.0,37.0,37.013511657714844,37.0,37.013511657714844,38.01315689086914,38.0,38.01315689086914,38.05259704589844,37.05401611328125,36.055511474609375,36.22154235839844,34.2344856262207,34.2344856262207,33.541019439697266,32.75667953491211,31.78049659729004,31.78049659729004,30.805843353271484,28.861740112304688,28.160255432128906,27.20294189453125,26.248809814453125,25.298221588134766,25.63201141357422,23.76972770690918,22.847318649291992,22.847318649291992,22.360679626464844,22.360679626464844,21.095022201538086,21.63330841064453,20.808652877807617,20.51828384399414
0,-40,-96,12,29,44.40720748901367,44.40720748901367,41.400482177734375,40.804412841796875,38.41874694824219,38.41874694824219,37.53664779663086,36.06937789916992,35.38361358642578,35.38361358642578,36.12478256225586,36.12478256225586,35.608985900878906,34.828147888183594,35.608985900878906,36.400550842285156,35.80502700805664,35.0,36.619667053222656,36.619667053222656,35.0,36.619667053222656,35.0,36.619667053222656,36.400550842285156,35.608985900878906,36.2353401184082,34.058773040771484,36.12478256225586,33.970577239990234,33.941123962402344,33.941123962402344,32.557640075683594,31.14482307434082,31.240999221801758,29.068883895874023,28.42534065246582,28.42534065246582,27.20294189453125,26.62705421447754,25.238859176635742,24.698177337646484,23.323806762695312,23.323806762695312,23.323806762695312,22.360679626464844,22.360679626464844,21.540658950805664,20.615528106689453,21.189620971679688,19.92485809326172,20.2237491607666
0,-40,-96,12,28,43.863426208496094,42.44997024536133,41.03656768798828,39.623226165771484,38.20994567871094,37.48332977294922,36.12478256225586,35.46829605102539,34.828147888183594,34.20526123046875,34.4093017578125,34.66987228393555,34.66987228393555,34.98571014404297,34.98571014404297,35.35533905029297,35.35533905029297,34.0,35.35533905029297,35.35533905029297,34.48188018798828,34.48188018798828,34.0,34.438350677490234,35.35533905029297,35.35533905029297,35.510562896728516,34.66987228393555,34.66987228393555,33.83784866333008,32.202484130859375,32.80244064331055,32.015621185302734,30.479501724243164,30.479501724243164,29.068883895874023,28.319604873657227,27.58622932434082,27.58622932434082,26.870058059692383,25.45584487915039,24.083189010620117,24.083189010620117,23.430749893188477,22.022714614868164,21.40093421936035,20.808652877807617,21.63330841064453,19.72308349609375,20.124610900878906,19.697715759277344,19.313207626342773
0,-39,-96,12,28,42.44997024536133,41.72529220581055,39.623226165771484,39.623226165771484,36.12478256225586,36.2353401184082,35.608985900878906,34.4093017578125,34.4093017578125,33.2866325378418,34.66987228393555,33.61547088623047,34.0,34.0,34.0,33.541019439697266,35.34119415283203,33.105892181396484,34.01470184326172,34.01470184326172,34.01470184326172,34.01470184326172,34.01470184326172,34.01470184326172,34.438350677490234,34.885528564453125,34.885528564453125,32.24903106689453,34.13209533691406,32.75667953491211,32.4499626159668,31.064449310302734,30.805843353271484,29.4108829498291,30.0,28.42534065246582,28.42534065246582,26.90724754333496,26.248809814453125,26.172504425048828,24.75883674621582,24.75883674621582,24.083189010620117,22.671567916870117,21.260292053222656,20.615528106689453,20.0,21.63330841064453,18.867961883544922,20.124610900878906,19.235383987426758,18.973665237426758
0,-39,-96,12,28,43.96589660644531,43.680660247802734,41.231056213378906,40.26164245605469,39.051246643066406,38.07886505126953,36.67424011230469,36.49657440185547,37.336307525634766,36.22154235839844,36.12478256225586,36.013885498046875,36.013885498046875,36.0,36.0,36.0,36.013885498046875,36.013885498046875,36.013885498046875,36.013885498046875,36.0,37.013511657714844,36.0,36.055511474609375,37.013511657714844,36.0,37.013511657714844,35.0142822265625,35.05709457397461,35.05709457397461,33.13608169555664,33.241539001464844,32.24903106689453,31.256999969482422,31.400636672973633,30.4138126373291,30.4138126373291,28.635643005371094,27.658634185791016,27.892650604248047,25.70992088317871,25.961509704589844,25.0,24.351591110229492,23.76972770690918,22.847318649291992,23.25940704345703,22.360679626464844,21.470911026000977,21.095022201538086,20.808652877807617,20.615528106689453
0,-39,-96,12,28,43.5660400390625,43.5660400390625,40.4474983215332,40.4474983215332,37.336307525634766,38.20994567871094,36.12478256225586,36.055511474609375,35.0142822265625,34.0,36.013885498046875,35.05709457397461,35.12833786010742,35.22782897949219,36.22154235839844,35.22782897949219,36.34556198120117,33.37664031982422,36.49657440185547,35.35533905029297,35.22782897949219,36.22154235839844,34.2344856262207,35.510562896728516,36.34556198120117,36.22154235839844,36.22154235839844,33.13608169555664,35.05709457397461,33.0151481628418,34.01470184326172,33.0,32.0,31.016124725341797,31.016124725341797,29.017236709594727,29.017236709594727,28.07133674621582,27.073972702026367,27.166154861450195,25.317977905273438,26.305892944335938,23.34523582458496,24.515300750732422,23.53720474243164,21.840330123901367,22.135944366455078,22.135944366455078,20.248456954956055,21.02379608154297,20.124610900878906,19.416488647460938
0,-39,-96,12,27,43.382022857666016,41.59326934814453,40.70626449584961,39.357337951660156,38.94868469238281,37.2155876159668,36.359317779541016,35.22782897949219,34.4093017578125,34.4093017578125,34.828147888183594,34.058773040771484,34.71310806274414,33.970577239990234,34.65544509887695,34.65544509887695,34.65544509887695,34.65544509887695,35.38361358642578,34.65544509887695,34.65544509887695,34.65544509887695,36.06937789916992,35.38361358642578,36.06937789916992,34.65544509887695,33.941123962402344,34.65544509887695,33.241539001464844,33.241539001464844,32.649654388427734,32.649654388427734,31.400636672973633,30.610456466674805,30.0,30.0,29.4108829498291,27.459060668945312,26.925823211669922,26.419689178466797,26.419689178466797,25.05992889404297,25.05992889404297,23.706539154052734,23.25940704345703,22.847318649291992,22.472204208374023,22.135944366455078,21.840330123901367,21.587032318115234,20.39607810974121,19.10497283935547
0,-39,-96,12,27,41.78516387939453,39.560081481933594,39.924930572509766,39.0,37.161808013916016,35.34119415283203,34.438350677490234,33.541019439697266,33.12099075317383,33.61547088623047,34.4093017578125,32.80244064331055,33.42155075073242,33.42155075073242,33.42155075073242,34.058773040771484,33.30165100097656,33.30165100097656,33.970577239990234,34.71310806274414,33.42155075073242,34.058773040771484,33.30165100097656,34.65544509887695,33.970577239990234,33.30165100097656,33.42155075073242,33.42155075073242,32.015621185302734,32.015621185302734,30.805843353271484,31.62277603149414,31.064449310302734,30.01666259765625,29.154760360717773,28.301942825317383,27.784887313842773,27.294687271118164,26.419689178466797,24.59674835205078,25.495098114013672,24.166091918945312,23.76972770690918,22.472204208374023,22.135944366455078,21.840330123901367,21.587032318115234,20.615528106689453,20.39607810974121,20.2237491607666,19.10497283935547,19.0
0,-39,-96,12,28,43.65776062011719,41.43669891357422,40.853397369384766,39.560081481933594,39.0,36.24913787841797,35.84689712524414,35.84689712524414,34.885528564453125,34.0,34.13209533691406,34.66987228393555,35.22782897949219,34.4093017578125,35.22782897949219,34.20526123046875,34.20526123046875,34.20526123046875,34.20526123046875,35.0,34.4093017578125,35.0,35.0,35.608985900878906,35.608985900878906,34.4093017578125,33.83784866333008,34.66987228393555,33.83784866333008,34.13209533691406,32.24903106689453,31.764760971069336,31.30495262145996,30.870698928833008,30.870698928833008,29.96664810180664,29.546573638916016,28.23118782043457,27.85677719116211,27.513633728027344,27.513633728027344,25.0,24.73863410949707,23.53720474243164,23.34523582458496,23.194826126098633,22.090721130371094,22.022714614868164,22.0,21.0,20.02498435974121,19.235383987426758
0,-39,-96,12,28,44.204071044921875,42.8018684387207,40.607879638671875,41.231056213378906,37.64305877685547,37.53664779663086,34.71310806274414,35.38361358642578,34.65544509887695,34.828147888183594,34.828147888183594,34.4093017578125,35.22782897949219,33.83784866333008,35.22782897949219,34.66987228393555,34.66987228393555,33.2866325378418,35.84689712524414,34.98571014404297,35.510562896728516,34.66987228393555,34.48188018798828,34.885528564453125,35.84689712524414,35.84689712524414,35.510562896728516,34.66987228393555,35.22782897949219,32.4499626159668,33.60059356689453,32.80244064331055,31.240999221801758,31.240999221801758,31.14482307434082,29.068883895874023,29.068883895874023,28.319604873657227,27.58622932434082,27.58622932434082,25.495098114013672,26.172504425048828,24.83948516845703,24.20743751525879,23.600847244262695,21.63330841064453,22.472204208374023,21.954498291015625,20.59126091003418,20.59126091003418,20.615528106689453,18.681541442871094
0,-39,-96,12,27,41.86884307861328,41.773197174072266,39.623226165771484,38.94868469238281,37.48332977294922,36.06937789916992,33.970577239990234,34.71310806274414,34.058773040771484,33.42155075073242,32.80244064331055,33.60059356689453,33.83784866333008,33.83784866333008,34.66987228393555,32.75667953491211,33.61547088623047,32.24903106689453,34.0,33.61547088623047,33.61547088623047,34.48188018798828,32.75667953491211,34.48188018798828,34.13209533691406,33.61547088623047,34.13209533691406,33.83784866333008,33.83784866333008,32.4499626159668,31.400636672973633,31.400636672973633,30.610456466674805,30.610456466674805,30.479501724243164,28.319604873657227,27.58622932434082,28.284271240234375,27.58622932434082,26.90724754333496,25.495098114013672,25.612497329711914,23.600847244262695,23.021728515625,22.203603744506836,21.954498291015625,21.954498291015625,22.360679626464844,20.615528106689453,20.248456954956055,19.92485809326172,19.416488647460938
0,-39,-96,12,27,42.20189666748047,40.224369049072266,40.224369049072266,38.01315689086914,37.44329071044922,34.66987228393555,34.98571014404297,33.61547088623047,33.541019439697266,34.0,33.105892181396484,33.105892181396484,32.69556427001953,32.31098937988281,31.95309066772461,34.48188018798828,32.572994232177734,32.280025482177734,32.280025482177734,33.241539001464844,32.572994232177734,33.52610778808594,33.52610778808594,33.52610778808594,34.48188018798828,32.572994232177734,32.893768310546875,32.893768310546875,31.016124725341797,31.95309066772461,30.463092803955078,30.870698928833008,30.870698928833008,29.529645919799805,28.17800521850586,28.65309715270996,26.925823211669922,26.925823211669922,26.07680892944336,24.413110733032227,24.413110733032227,23.600847244262695,24.20743751525879,22.671567916870117,21.260292053222656,21.21320343017578,20.51828384399414,20.51828384399414,20.0,18.601076126098633,18.357559204101562,17.8885440826416
0,-39,-96,12,26,42.57933807373047,41.59326934814453,40.4474983215332,39.458839416503906,38.327537536621094,36.22154235839844,36.12478256225586,35.05709457397461,34.01470184326172,33.0,34.0,34.01470184326172,34.058773040771484,34.058773040771484,34.13209533691406,33.241539001464844,34.36568069458008,33.241539001464844,33.37664031982422,33.37664031982422,34.2344856262207,34.36568069458008,33.241539001464844,34.36568069458008,34.2344856262207,34.2344856262207,34.13209533691406,33.060550689697266,33.060550689697266,32.015621185302734,32.0,32.0,31.016124725341797,30.01666259765625,30.066593170166016,29.068883895874023,28.160255432128906,27.294687271118164,26.305892944335938,26.305892944335938,24.515300750732422,24.515300750732422,23.76972770690918,23.0867919921875,22.135944366455078,21.189620971679688,20.248456954956055,21.02379608154297,20.124610900878906,19.72308349609375,19.416488647460938,18.439088821411133
0,-39,-96,12,27,43.46262741088867,41.78516387939453,40.853397369384766,40.853397369384766,38.27531814575195,37.0,36.68787384033203,34.78505325317383,35.1710090637207,34.928497314453125,34.71310806274414,34.525352478027344,35.35533905029297,34.2344856262207,34.2344856262207,34.13209533691406,35.05709457397461,34.058773040771484,35.05709457397461,35.12833786010742,34.13209533691406,35.12833786010742,34.13209533691406,35.05709457397461,35.12833786010742,35.12833786010742,35.12833786010742,34.2344856262207,33.37664031982422,33.37664031982422,32.557640075683594,31.78049659729004,31.78049659729004,31.048349380493164,30.08321762084961,29.120439529418945,28.160255432128906,27.513633728027344,27.513633728027344,26.0,25.079872131347656,25.079872131347656,24.59674835205078,22.360679626464844,21.954498291015625,21.095022201538086,21.095022201538086,20.808652877807617,19.209373474121094,19.84943389892578,19.10497283935547,17.69180679321289
0,-39,-96,12,27,44.0113639831543,43.011627197265625,41.01219177246094,40.01249694824219,38.0,38.0,37.013511657714844,36.055511474609375,35.05709457397461,34.2344856262207,35.510562896728516,34.525352478027344,34.71310806274414,34.71310806274414,34.71310806274414,33.95585250854492,34.20526123046875,34.20526123046875,34.48188018798828,35.1710090637207,34.928497314453125,35.1710090637207,34.20526123046875,35.44009017944336,35.1710090637207,35.1710090637207,35.1710090637207,34.71310806274414,34.525352478027344,31.78049659729004,33.37664031982422,33.241539001464844,32.140316009521484,30.149627685546875,30.066593170166016,29.068883895874023,29.017236709594727,28.0,27.0,26.019224166870117,25.01999282836914,25.079872131347656,24.083189010620117,23.194826126098633,22.203603744506836,21.3775577545166,20.615528106689453,20.615528106689453,19.92485809326172,20.248456954956055,18.384777069091797,17.8885440826416
0,-36,-96,9,40,46.48655700683594,44.271888732910156,42.44997024536133,43.011627197265625,39.84971618652344,38.60051727294922,38.07886505126953,37.85498809814453,36.67424011230469,36.67424011230469,37.2155876159668,37.2155876159668,37.05401611328125,35.0142822265625,36.013885498046875,36.0,36.0,37.0,36.013885498046875,37.013511657714844,36.0,35.0,36.0,37.05401611328125,37.013511657714844,36.013885498046875,37.0,36.0,36.0,35.0142822265625,35.05709457397461,33.13608169555664,33.241539001464844,31.256999969482422,31.575305938720703,31.575305938720703,30.4138126373291,28.44292449951172,28.861740112304688,26.68332862854004,26.925823211669922,26.925823211669922,25.0,23.409399032592773,22.847318649291992,23.25940704345703,21.470911026000977,20.59126091003418,21.095022201538086,20.248456954956055,18.601076126098633,17.804492950439453
0,-39,-96,12,27,44.59820556640625,42.44997024536133,41.72529220581055,40.360870361328125,37.48332977294922,38.897300720214844,36.79673767089844,36.12478256225586,34.828147888183594,34.20526123046875,35.0,35.22782897949219,35.22782897949219,34.66987228393555,34.66987228393555,34.48188018798828,35.35533905029297,34.48188018798828,34.885528564453125,35.35533905029297,35.35533905029297,34.438350677490234,34.48188018798828,34.885528564453125,35.35533905029297,35.84689712524414,34.98571014404297,34.13209533691406,34.66987228393555,34.13209533691406,33.0151481628418,33.0151481628418,32.80244064331055,32.015621185302734,30.610456466674805,29.832868576049805,29.73213768005371,27.58622932434082,26.870058059692383,26.90724754333496,25.495098114013672,25.495098114013672,24.20743751525879,24.20743751525879,22.203603744506836,21.63330841064453,21.095022201538086,20.59126091003418,20.124610900878906,19.697715759277344,19.313207626342773,18.973665237426758
0,-36,-96,9,40,46.097721099853516,45.0444221496582,43.185646057128906,43.185646057128906,40.199501037597656,40.31128692626953,39.458839416503906,38.63935852050781,37.656341552734375,38.07886505126953,38.07886505126953,37.36308288574219,37.947330474853516,37.0,37.336307525634766,35.46829605102539,36.769554138183594,36.769554138183594,37.161808013916016,36.24913787841797,36.769554138183594,36.24913787841797,35.84689712524414,37.57658767700195,36.24913787841797,36.769554138183594,36.769554138183594,35.46829605102539,37.336307525634766,35.46829605102539,35.735137939453125,34.48188018798828,34.20526123046875,32.98484420776367,31.78049659729004,30.805843353271484,30.5941162109375,30.4138126373291,29.27456283569336,28.284271240234375,28.160255432128906,26.172504425048828,24.083189010620117,24.083189010620117,23.0,24.0,23.021728515625,22.022714614868164,20.099750518798828,19.235383987426758,20.39607810974121,20.615528106689453
0,-36,-96,9,41,47.01063537597656,47.01063537597656,46.51881408691406,44.72135925292969,42.94182205200195,42.05948257446289,41.67733383178711,39.96248245239258,39.11521530151367,38.832977294921875,38.832977294921875,37.44329071044922,39.824615478515625,36.878177642822266,39.051246643066406,37.48332977294922,39.623226165771484,36.12478256225586,39.59798049926758,38.18376541137695,38.20994567871094,38.18376541137695,37.48332977294922,38.18376541137695,38.897300720214844,38.20994567871094,38.20994567871094,38.20994567871094,38.28837966918945,36.878177642822266,35.608985900878906,35.608985900878906,35.80502700805664,33.60059356689453,33.0151481628418,32.4499626159668,31.38471031188965,30.886890411376953,29.529645919799805,28.17800521850586,28.65309715270996,27.73084831237793,26.4007568359375,26.0,25.079872131347656,24.041629791259766,24.041629791259766,23.0867919921875,22.360679626464844,22.203603744506836,21.095022201538086,21.0
0,-36,-96,10,35,45.27692413330078,43.863426208496094,42.42640686035156,41.72529220581055,39.59798049926758,38.897300720214844,37.53664779663086,38.20994567871094,36.878177642822266,35.608985900878906,35.80502700805664,36.055511474609375,35.510562896728516,36.8917350769043,36.359317779541016,35.84689712524414,36.715118408203125,34.885528564453125,37.58989334106445,36.2353401184082,35.35533905029297,36.715118408203125,35.35533905029297,37.121421813964844,36.715118408203125,36.715118408203125,35.84689712524414,36.359317779541016,34.66987228393555,34.66987228393555,34.4093017578125,33.0151481628418,32.80244064331055,32.015621185302734,31.400636672973633,30.479501724243164,31.14482307434082,28.284271240234375,28.284271240234375,28.284271240234375,26.172504425048828,26.248809814453125,24.83948516845703,24.20743751525879,23.600847244262695,23.021728515625,21.095022201538086,22.825424194335938,20.124610900878906,20.615528106689453,19.313207626342773,19.92485809326172
0,-36,-96,9,41,48.010414123535156,47.20169448852539,46.40043258666992,47.01063537597656,43.416587829589844,41.231056213378906,40.45985794067383,40.31128692626953,41.03656768798828,38.897300720214844,38.20994567871094,38.94868469238281,39.824615478515625,39.20458984375,39.824615478515625,40.0,38.01315689086914,36.619667053222656,38.27531814575195,38.832977294921875,38.27531814575195,39.11521530151367,39.11521530151367,39.11521530151367,39.66106414794922,39.66106414794922,38.832977294921875,39.408119201660156,37.80211639404297,37.80211639404297,36.878177642822266,37.64305877685547,35.38361358642578,36.06937789916992,34.65544509887695,33.241539001464844,33.241539001464844,31.14482307434082,29.73213768005371,29.068883895874023,29.20616340637207,27.658634185791016,27.80287742614746,25.806976318359375,26.07680892944336,24.698177337646484,24.1867733001709,23.25940704345703,22.847318649291992,22.472204208374023,22.472204208374023,20.39607810974121
0,-36,-96,9,40,47.50789260864258,46.647613525390625,45.27692413330078,44.41846466064453,42.54409408569336,42.48529052734375,41.146080017089844,39.39543151855469,39.0,39.924930572509766,38.62641525268555,38.27531814575195,39.217342376708984,38.897300720214844,38.60051727294922,37.64305877685547,38.07886505126953,39.051246643066406,38.327537536621094,39.293766021728516,38.327537536621094,38.07886505126953,38.07886505126953,38.07886505126953,39.051246643066406,39.293766021728516,38.60051727294922,37.947330474853516,37.0,37.64305877685547,35.11410140991211,36.400550842285156,34.539833068847656,34.01470184326172,34.01470184326172,32.69556427001953,32.202484130859375,30.4138126373291,30.886890411376953,29.681644439697266,28.844409942626953,26.62705421447754,27.20294189453125,27.018512725830078,24.83948516845703,23.34523582458496,21.931713104248047,23.34523582458496,22.022714614868164,21.40093421936035,20.248456954956055,19.72308349609375
0,-36,-96,9,40,47.07440948486328,47.07440948486328,45.7055778503418,44.9110221862793,43.931766510009766,42.57933807373047,40.4474983215332,40.31128692626953,39.31920623779297,38.20994567871094,40.01249694824219,38.0,39.0128173828125,39.0,38.0,39.0128173828125,38.11823654174805,38.11823654174805,39.051246643066406,39.051246643066406,38.01315689086914,38.01315689086914,38.05259704589844,38.11823654174805,38.05259704589844,37.121421813964844,39.0,38.0,37.0,37.0,36.013885498046875,35.12833786010742,36.12478256225586,35.22782897949219,33.241539001464844,32.24903106689453,32.38827133178711,31.575305938720703,30.4138126373291,29.832868576049805,27.892650604248047,28.861740112304688,28.460498809814453,25.63201141357422,26.0,24.59674835205078,24.1867733001709,24.1867733001709,22.825424194335938,23.021728515625,21.63330841064453,20.51828384399414
0,-36,-96,9,40,48.50773239135742,47.51841735839844,46.52956008911133,45.54119110107422,43.73785400390625,41.0,41.0,39.560081481933594,40.804412841796875,39.84971618652344,40.16217041015625,39.924930572509766,39.560081481933594,39.0,39.39543151855469,39.81205749511719,39.357337951660156,39.357337951660156,38.470767974853516,39.824615478515625,38.470767974853516,40.31128692626953,38.07886505126953,39.4461669921875,38.94868469238281,38.94868469238281,40.31128692626953,39.81205749511719,38.910152435302734,38.4837646484375,35.34119415283203,36.24913787841797,36.769554138183594,34.928497314453125,34.1760139465332,34.1760139465332,32.572994232177734,32.280025482177734,31.320919036865234,29.832868576049805,28.861740112304688,29.832868576049805,28.44292449951172,27.459060668945312,26.305892944335938,25.179357528686523,24.083189010620117,25.0,24.0,23.021728515625,22.090721130371094,21.21320343017578
0,-36,-96,9,41,48.27007293701172,47.50789260864258,47.50789260864258,45.45327377319336,43.600460052490234,43.600460052490234,43.011627197265625,41.04875183105469,39.66106414794922,38.587562561035156,41.18252182006836,40.24922180175781,39.81205749511719,40.31128692626953,39.39543151855469,40.853397369384766,40.16217041015625,38.62641525268555,40.49691390991211,38.62641525268555,39.560081481933594,39.217342376708984,39.560081481933594,39.84971618652344,39.560081481933594,39.560081481933594,39.560081481933594,39.0,38.07886505126953,36.769554138183594,37.57658767700195,36.67424011230469,35.7770881652832,35.35533905029297,35.35533905029297,34.48188018798828,33.2866325378418,32.4499626159668,31.62277603149414,28.844409942626953,30.232433319091797,30.0,28.42534065246582,26.248809814453125,26.90724754333496,25.45584487915039,24.083189010620117,24.83948516845703,22.803508758544922,23.600847244262695,22.472204208374023,21.470911026000977
0,-36,-96,9,40,48.87739944458008,48.3735466003418,47.50789260864258,45.27692413330078,44.41846466064453,42.72002029418945,41.88078308105469,40.0,40.804412841796875,40.45985794067383,39.69886779785156,40.360870361328125,40.360870361328125,41.01219177246094,38.897300720214844,40.31128692626953,39.623226165771484,40.31128692626953,40.45985794067383,39.623226165771484,39.623226165771484,41.03656768798828,38.94868469238281,39.69886779785156,39.69886779785156,39.69886779785156,39.59798049926758,39.623226165771484,39.59798049926758,38.18376541137695,36.79673767089844,38.20994567871094,36.878177642822266,35.46829605102539,35.608985900878906,35.608985900878906,34.20526123046875,32.4499626159668,32.4499626159668,32.4499626159668,30.01666259765625,28.301942825317383,29.068883895874023,27.73084831237793,28.23118782043457,26.0,26.925823211669922,25.0,24.73863410949707,24.515300750732422,23.34523582458496,23.0867919921875
0,-36,-96,9,41,48.25971221923828,47.434165954589844,46.40043258666992,44.40720748901367,42.8018684387207,42.01190185546875,41.86884307861328,39.69886779785156,39.69886779785156,40.31128692626953,40.31128692626953,39.69886779785156,39.69886779785156,40.45985794067383,38.28837966918945,39.824615478515625,39.20458984375,39.051246643066406,39.408119201660156,39.20458984375,39.824615478515625,39.20458984375,40.0,40.804412841796875,38.60051727294922,38.01315689086914,37.80211639404297,39.20458984375,36.878177642822266,39.051246643066406,36.878177642822266,36.79673767089844,36.06937789916992,35.35533905029297,33.941123962402344,34.65544509887695,31.827661514282227,32.649654388427734,31.890438079833984,30.610456466674805,31.400636672973633,28.600698471069336,28.844409942626953,26.07680892944336,26.832815170288086,25.05992889404297,24.59674835205078,24.698177337646484,23.0867919921875,23.0867919921875,21.840330123901367,22.360679626464844
0,-36,-96,9,41,50.2493782043457,48.87739944458008,47.16990661621094,46.647613525390625,44.10215377807617,43.26661682128906,42.8018684387207,42.01190185546875,42.63801193237305,41.1096076965332,41.231056213378906,41.03656768798828,40.31128692626953,39.59798049926758,41.773197174072266,40.360870361328125,41.03656768798828,39.69886779785156,41.231056213378906,40.45985794067383,40.45985794067383,41.231056213378906,39.69886779785156,41.231056213378906,40.45985794067383,40.45985794067383,41.1096076965332,38.28837966918945,39.69886779785156,38.897300720214844,38.18376541137695,37.48332977294922,36.79673767089844,36.06937789916992,36.769554138183594,36.12478256225586,34.828147888183594,32.80244064331055,32.202484130859375,32.4499626159668,31.62277603149414,30.528675079345703,30.01666259765625,29.154760360717773,27.784887313842773,27.73084831237793,27.73084831237793,25.63201141357422,25.298221588134766,24.73863410949707,24.515300750732422,22.203603744506836
0,-36,-96,10,36,47.50789260864258,46.097721099853516,46.097721099853516,43.27817153930664,40.360870361328125,41.72529220581055,40.31128692626953,39.623226165771484,39.051246643066406,37.64305877685547,39.824615478515625,38.41874694824219,38.60051727294922,37.44329071044922,37.44329071044922,37.2155876159668,38.07886505126953,36.715118408203125,38.587562561035156,38.07886505126953,38.07886505126953,38.94868469238281,38.07886505126953,38.94868469238281,38.07886505126953,38.07886505126953,37.58989334106445,37.2155876159668,37.2155876159668,37.735923767089844,36.055511474609375,35.22782897949219,35.22782897949219,35.0,35.0,33.60059356689453,34.058773040771484,31.890438079833984,29.73213768005371,30.4138126373291,30.4138126373291,29.0,28.319604873657227,28.319604873657227,26.90724754333496,25.0,25.238859176635742,24.413110733032227,25.05992889404297,24.166091918945312,22.360679626464844,22.135944366455078
0,-36,-96,10,36,46.48655700683594,46.48655700683594,45.607017517089844,43.011627197265625,41.761226654052734,40.26164245605469,41.231056213378906,38.63935852050781,38.470767974853516,37.336307525634766,39.458839416503906,38.327537536621094,39.051246643066406,38.11823654174805,39.11521530151367,38.01315689086914,38.01315689086914,38.01315689086914,39.0,38.0,37.013511657714844,38.0,38.0,38.0,38.0,39.0128173828125,38.01315689086914,38.01315689086914,37.05401611328125,37.05401611328125,36.22154235839844,37.336307525634766,36.22154235839844,35.35533905029297,34.525352478027344,33.541019439697266,33.734256744384766,32.015621185302734,31.048349380493164,30.364452362060547,29.73213768005371,28.792360305786133,29.154760360717773,28.23118782043457,28.635643005371094,26.832815170288086,25.942243576049805,25.238859176635742,24.413110733032227,24.413110733032227,23.430749893188477,21.931713104248047
0,-36,-96,10,37,48.703182220458984,47.75981521606445,46.615447998046875,44.94440841674805,43.863426208496094,40.31128692626953,41.59326934814453,40.24922180175781,39.824615478515625,39.4461669921875,38.587562561035156,39.11521530151367,39.66106414794922,38.832977294921875,38.832977294921875,40.607879638671875,39.20458984375,38.41874694824219,37.53664779663086,39.69886779785156,39.824615478515625,40.45985794067383,40.45985794067383,38.94868469238281,39.824615478515625,39.051246643066406,38.28837966918945,39.824615478515625,38.41874694824219,39.824615478515625,37.202152252197266,38.01315689086914,36.619667053222656,36.359317779541016,35.510562896728516,34.98571014404297,34.48188018798828,33.541019439697266,31.764760971069336,31.78049659729004,32.202484130859375,29.546573638916016,30.463092803955078,28.460498809814453,27.20294189453125,26.925823211669922,27.658634185791016,26.476404190063477,24.331050872802734,24.020824432373047,24.0,22.0
0,-36,-96,10,37,49.09175109863281,48.093658447265625,46.010868072509766,46.04345703125,44.0,44.0113639831543,43.011627197265625,40.04996871948242,40.04996871948242,38.20994567871094,41.43669891357422,40.4474983215332,40.79215621948242,40.26164245605469,41.0,39.293766021728516,40.26164245605469,38.60051727294922,40.804412841796875,42.379241943359375,39.84971618652344,41.43669891357422,39.217342376708984,40.49691390991211,39.560081481933594,41.43669891357422,41.43669891357422,40.16217041015625,40.804412841796875,39.84971618652344,38.897300720214844,39.293766021728516,39.293766021728516,36.878177642822266,37.85498809814453,34.928497314453125,34.71310806274414,34.71310806274414,33.13608169555664,33.241539001464844,31.14482307434082,32.140316009521484,31.016124725341797,30.01666259765625,30.0,29.017236709594727,28.07133674621582,27.073972702026367,25.179357528686523,25.70992088317871,25.495098114013672,23.0867919921875
0,-37,-96,10,38,49.24428939819336,49.24428939819336,47.53945541381836,45.880279541015625,41.48493576049805,43.680660247802734,42.05948257446289,41.43669891357422,40.49691390991211,39.39543151855469,40.31128692626953,38.910152435302734,40.31128692626953,40.31128692626953,42.05948257446289,39.96248245239258,40.49691390991211,38.587562561035156,41.04875183105469,39.96248245239258,39.96248245239258,40.49691390991211,39.66106414794922,40.224369049072266,41.617305755615234,41.04875183105469,41.67733383178711,40.49691390991211,41.34005355834961,38.07886505126953,39.4461669921875,38.94868469238281,38.01315689086914,37.57658767700195,36.67424011230469,34.928497314453125,35.84689712524414,34.1760139465332,34.1760139465332,33.83784866333008,31.320919036865234,31.320919036865234,30.08321762084961,29.832868576049805,28.44292449951172,28.160255432128906,27.166154861450195,26.07680892944336,25.079872131347656,25.01999282836914,25.0,24.1867733001709
0,-37,-96,10,39,49.04079818725586,50.0,46.75468063354492,46.86149978637695,44.821868896484375,43.84062194824219,43.185646057128906,42.42640686035156,42.42640686035156,40.45985794067383,41.400482177734375,42.43819046020508,42.43819046020508,41.04875183105469,43.8292121887207,41.34005355834961,42.54409408569336,39.11521530151367,41.59326934814453,41.34005355834961,41.88078308105469,41.67733383178711,40.31128692626953,41.59326934814453,41.18252182006836,41.67733383178711,42.54409408569336,40.49691390991211,41.88078308105469,40.8166618347168,41.04875183105469,39.20458984375,39.408119201660156,38.41874694824219,38.41874694824219,37.013511657714844,37.013511657714844,34.71310806274414,36.12478256225586,36.06937789916992,32.557640075683594,33.241539001464844,31.14482307434082,31.240999221801758,29.832868576049805,28.844409942626953,29.154760360717773,29.154760360717773,26.419689178466797,25.942243576049805,25.079872131347656,25.298221588134766
0,-37,-96,11,35,51.312767028808594,49.09175109863281,48.54894256591797,48.25971221923828,45.27692413330078,44.29446792602539,43.382022857666016,42.54409408569336,42.54409408569336,42.154476165771484,42.72002029418945,42.05948257446289,43.680660247802734,41.48493576049805,43.680660247802734,42.95346450805664,42.95346450805664,40.26164245605469,42.95346450805664,42.95346450805664,42.95346450805664,42.7551155090332,41.9761848449707,43.73785400390625,42.95346450805664,42.7551155090332,42.57933807373047,42.95346450805664,42.95346450805664,42.20189666748047,42.44997024536133,40.26164245605469,41.48493576049805,38.897300720214844,38.897300720214844,37.336307525634766,37.336307525634766,37.161808013916016,35.84689712524414,34.438350677490234,34.438350677490234,33.541019439697266,32.24903106689453,31.38471031188965,29.681644439697266,29.681644439697266,29.4108829498291,28.600698471069336,26.90724754333496,26.172504425048828,25.495098114013672,24.20743751525879
0,-37,-96,11,36,52.0,50.695167541503906,51.54609680175781,47.75981521606445,47.75981521606445,44.92215347290039,45.12205505371094,42.95346450805664,43.5660400390625,44.55333709716797,44.283180236816406,43.104522705078125,44.04542922973633,44.04542922973633,44.0113639831543,45.0,42.0,44.0,44.0,44.0,44.04542922973633,46.010868072509766,45.0111083984375,44.10215377807617,46.010868072509766,45.0111083984375,44.0113639831543,44.0,44.0113639831543,43.0,42.01190185546875,43.046485900878906,43.104522705078125,41.1096076965332,42.19004440307617,40.31128692626953,38.327537536621094,39.623226165771484,38.470767974853516,36.67424011230469,34.928497314453125,33.734256744384766,34.928497314453125,32.572994232177734,31.62277603149414,30.08321762084961,30.870698928833008,29.96664810180664,29.154760360717773,27.784887313842773,27.20294189453125,25.495098114013672
0,-37,-96,11,36,54.08327102661133,51.078372955322266,50.695167541503906,48.84669876098633,47.01063537597656,46.06517028808594,47.01063537597656,44.41846466064453,44.41846466064453,44.41846466064453,43.8292121887207,45.80392837524414,44.204071044921875,45.0,45.607017517089844,46.86149978637695,45.343135833740234,45.45327377319336,44.59820556640625,46.097721099853516,45.343135833740234,44.59820556640625,46.69047164916992,46.69047164916992,46.010868072509766,46.010868072509766,46.69047164916992,46.22769546508789,44.821868896484375,45.0,44.40720748901367,46.04345703125,43.8292121887207,41.88078308105469,41.88078308105469,41.18252182006836,41.67733383178711,39.357337951660156,38.4837646484375,37.57658767700195,36.67424011230469,35.46829605102539,34.78505325317383,33.52610778808594,32.280025482177734,31.048349380493164,30.805843353271484,30.4138126373291,27.166154861450195,29.068883895874023,30.0,27.018512725830078
0,-37,-96,11,38,54.12947463989258,50.990196228027344,53.600372314453125,48.83646011352539,49.648765563964844,47.16990661621094,46.27094268798828,47.04253387451172,44.0113639831543,46.0,46.0,45.0444221496582,47.16990661621094,45.27692413330078,46.097721099853516,47.381431579589844,46.389652252197266,47.381431579589844,47.51841735839844,46.69047164916992,47.381431579589844,47.51841735839844,47.381431579589844,46.69047164916992,46.69047164916992,46.389652252197266,46.389652252197266,49.25444030761719,46.27094268798828,46.389652252197266,44.10215377807617,46.04345703125,46.0,42.01190185546875,44.0,43.0,40.01249694824219,40.112342834472656,38.20994567871094,38.327537536621094,37.336307525634766,35.510562896728516,36.67424011230469,33.241539001464844,32.280025482177734,31.016124725341797,31.62277603149414,31.38471031188965,31.78049659729004,30.4138126373291,28.301942825317383,28.017850875854492
0,-38,-96,11,38,53.90732955932617,50.32891845703125,52.32590103149414,48.79549026489258,48.79549026489258,46.010868072509766,47.50789260864258,44.821868896484375,45.607017517089844,46.40043258666992,44.10215377807617,45.79301071166992,47.01063537597656,46.52956008911133,47.01063537597656,47.01063537597656,46.52956008911133,47.85394287109375,46.957427978515625,47.88528060913086,48.764739990234375,48.30113983154297,46.52956008911133,46.51881408691406,47.85394287109375,46.957427978515625,47.41307830810547,49.73931884765625,47.01063537597656,47.01063537597656,45.27692413330078,45.79301071166992,45.486263275146484,43.600460052490234,42.8018684387207,40.607879638671875,42.20189666748047,39.824615478515625,42.52058410644531,36.79673767089844,38.18376541137695,35.35533905029297,36.12478256225586,33.30165100097656,32.80244064331055,31.400636672973633,31.064449310302734,31.064449310302734,31.906112670898438,28.635643005371094,29.154760360717773,26.925823211669922
0,-38,-96,12,35,56.32051086425781,52.88667297363281,53.600372314453125,50.990196228027344,50.80354309082031,46.87216567993164,49.36598205566406,48.25971221923828,48.093658447265625,48.041648864746094,50.0099983215332,49.01020431518555,48.0,48.0,48.093658447265625,50.15974426269531,48.166378021240234,49.09175109863281,50.15974426269531,50.2493782043457,50.03998565673828,50.15974426269531,49.09175109863281,50.2493782043457,50.08992004394531,50.15974426269531,50.08992004394531,48.093658447265625,49.09175109863281,49.09175109863281,47.01063537597656,48.0,48.010414123535156,45.0,44.04542922973633,43.046485900878906,42.296573638916016,41.43669891357422,40.31128692626953,39.623226165771484,38.63935852050781,37.85498809814453,36.878177642822266,35.44009017944336,35.1710090637207,33.241539001464844,33.241539001464844,31.38471031188965,32.649654388427734,30.886890411376953,29.4108829498291,28.42534065246582
0,-38,-96,12,36,56.080299377441406,56.080299377441406,53.75872039794922,52.40229034423828,51.62363815307617,50.93132781982422,48.91830062866211,48.41487503051758,49.04079818725586,49.648765563964844,47.70744323730469,48.3735466003418,50.11985778808594,50.11985778808594,50.11985778808594,50.11985778808594,50.08992004394531,47.41307830810547,50.990196228027344,50.56678771972656,51.429561614990234,53.22593307495117,49.658836364746094,51.26402282714844,52.39274597167969,50.990196228027344,50.15974426269531,51.429561614990234,51.429561614990234,48.30113983154297,48.30113983154297,48.3735466003418,46.647613525390625,46.647613525390625,45.79301071166992,44.777225494384766,42.19004440307617,43.26661682128906,43.26661682128906,40.804412841796875,39.824615478515625,38.41874694824219,37.64305877685547,35.38361358642578,35.38361358642578,33.30165100097656,35.38361358642578,33.30165100097656,30.0,31.62277603149414,30.528675079345703,27.73084831237793
0,-38,-96,12,37,60.13318634033203,55.081756591796875,58.03447341918945,55.0,55.009090423583984,50.03998565673828,51.15662384033203,50.2493782043457,51.4781494140625,50.80354309082031,51.62363815307617,52.17279052734375,51.195701599121094,51.41984176635742,52.201534271240234,52.201534271240234,52.201534271240234,53.851646423339844,52.81098556518555,52.201534271240234,51.92301940917969,54.708316802978516,53.16013717651367,52.81098556518555,53.16013717651367,51.92301940917969,53.600372314453125,52.88667297363281,51.6623649597168,53.600372314453125,51.195701599121094,49.030601501464844,49.030601501464844,46.69047164916992,48.83646011352539,47.381431579589844,46.389652252197266,44.283180236816406,44.04542922973633,42.04759216308594,41.0,40.0,40.01249694824219,39.051246643066406,38.20994567871094,35.12833786010742,33.541019439697266,33.541019439697266,32.98484420776367,33.241539001464844,33.83784866333008,30.870698928833008
0,-38,-96,12,36,60.16643524169922,57.87054443359375,57.584720611572266,55.36244201660156,54.120235443115234,51.92301940917969,51.6623649597168,53.36665725708008,50.990196228027344,50.635955810546875,53.23532485961914,51.15662384033203,54.230987548828125,54.147945404052734,52.15361785888672,54.147945404052734,54.08327102661133,53.0848388671875,52.038448333740234,53.037723541259766,54.08327102661133,52.08646774291992,55.081756591796875,53.0,53.037723541259766,52.345008850097656,52.345008850097656,53.33854293823242,50.2493782043457,52.77309799194336,50.80354309082031,49.81967544555664,47.29693603515625,45.607017517089844,49.04079818725586,47.12748718261719,43.680660247802734,44.271888732910156,43.32435989379883,43.32435989379883,40.31128692626953,39.39543151855469,38.4837646484375,37.57658767700195,36.715118408203125,35.22782897949219,36.055511474609375,33.42155075073242,32.015621185302734,32.557640075683594,31.11269760131836,29.73213768005371
0,-38,-96,12,37,61.98386764526367,60.16643524169922,55.6596794128418,56.920997619628906,53.851646423339844,53.851646423339844,53.15073013305664,52.77309799194336,53.75872039794922,50.35871505737305,54.147945404052734,53.15073013305664,54.08327102661133,53.037723541259766,55.03635025024414,55.03635025024414,55.03635025024414,54.0,55.0,55.0,53.0,56.0,55.0,55.03635025024414,55.0,54.0,55.009090423583984,50.0,54.037025451660156,50.15974426269531,51.088157653808594,50.35871505737305,50.35871505737305,48.166378021240234,49.497474670410156,47.51841735839844,44.72135925292969,43.931766510009766,42.20189666748047,42.20189666748047,41.9761848449707,40.26164245605469,38.327537536621094,37.336307525634766,37.6961555480957,36.400550842285156,35.84689712524414,32.649654388427734,33.2866325378418,33.2866325378418,31.62277603149414,33.30165100097656
0,-41,-96,15,26,58.8217658996582,57.28001403808594,57.00876998901367,54.81787872314453,54.34151077270508,52.17279052734375,53.75872039794922,52.46903991699219,52.239830017089844,53.15073013305664,53.15073013305664,53.00943374633789,53.037723541259766,54.0,53.0,54.00925827026367,53.037723541259766,55.0,54.037025451660156,55.03635025024414,54.0,54.00925827026367,55.0,55.03635025024414,54.0,53.0,54.0,53.037723541259766,51.03919982910156,52.038448333740234,50.08992004394531,50.15974426269531,49.25444030761719,46.389652252197266,46.52956008911133,46.52956008911133,44.55333709716797,42.95346450805664,41.9761848449707,39.051246643066406,39.293766021728516,38.07886505126953,37.947330474853516,36.055511474609375,35.11410140991211,33.61547088623047,34.01470184326172,31.764760971069336,30.01666259765625,30.528675079345703,29.4108829498291,28.42534065246582
0,-41,-96,15,27,64.1248779296875,63.03173828125,61.0,61.0,57.03507614135742,58.03447341918945,57.21887969970703,56.56854248046875,56.56854248046875,55.578773498535156,56.88584899902344,57.070133209228516,58.051700592041016,57.48912811279297,59.66573715209961,57.00876998901367,59.203041076660156,58.24087905883789,59.77457809448242,58.8217658996582,59.203041076660156,59.203041076660156,56.75385284423828,59.203041076660156,58.94064712524414,58.46366500854492,58.694122314453125,56.29387283325195,56.29387283325195,55.10898208618164,55.73149871826172,53.600372314453125,53.600372314453125,51.35172653198242,50.35871505737305,48.093658447265625,48.041648864746094,45.0,45.0,45.0,42.0,42.01190185546875,40.01249694824219,40.112342834472656,37.121421813964844,37.2155876159668,37.336307525634766,34.525352478027344,34.928497314453125,33.52610778808594,32.893768310546875,31.78049659729004
0,-41,-96,19,12,65.03076171875,62.20128631591797,62.28964614868164,61.29437255859375,59.53990173339844,58.54912567138672,59.03388977050781,57.48912811279297,57.723480224609375,57.723480224609375,60.4400520324707,59.4810905456543,59.13543701171875,59.46427536010742,59.46427536010742,60.16643524169922,60.539241790771484,60.16643524169922,60.539241790771484,60.926185607910156,61.09828186035156,60.539241790771484,60.406951904296875,61.09828186035156,60.74536895751953,60.406951904296875,60.083274841308594,58.8217658996582,58.8217658996582,57.567352294921875,55.785301208496094,55.081756591796875,54.5710563659668,52.17279052734375,51.195701599121094,50.80354309082031,48.66210174560547,47.26520919799805,45.17742919921875,44.18144226074219,44.10215377807617,41.1096076965332,41.04875183105469,40.0,38.0,38.01315689086914,37.05401611328125,35.05709457397461,34.2344856262207,33.37664031982422,32.75667953491211,31.320919036865234
0,-41,-96,15,29,66.64083099365234,64.41273498535156,64.0078125,63.52952194213867,61.057350158691406,61.587337493896484,61.032779693603516,60.80295944213867,60.605281829833984,60.4400520324707,61.073726654052734,62.28964614868164,62.28964614868164,63.03173828125,64.44377136230469,62.96824645996094,65.0691909790039,60.87692642211914,64.38167572021484,63.70243453979492,63.03173828125,63.70243453979492,61.61980056762695,63.65532302856445,63.70243453979492,63.03173828125,63.25345993041992,62.00806427001953,62.20128631591797,60.80295944213867,59.07622146606445,59.07622146606445,57.688819885253906,56.080299377441406,54.20331954956055,53.712196350097656,52.35456085205078,50.08992004394531,48.754486083984375,47.92702865600586,44.94440841674805,45.31004333496094,42.72002029418945,42.05948257446289,40.804412841796875,39.293766021728516,38.07886505126953,37.656341552734375,36.49657440185547,35.12833786010742,36.013885498046875,35.0
0,-41,-96,15,30,67.94115447998047,65.05382537841797,67.20863342285156,63.78087615966797,62.481998443603516,61.22091293334961,62.801273345947266,61.85466766357422,62.12889862060547,63.812225341796875,65.0,64.41273498535156,65.29930877685547,65.29930877685547,64.41273498535156,67.08203887939453,65.30696868896484,66.18912506103516,66.21178436279297,67.97793579101562,67.08203887939453,67.08203887939453,66.18912506103516,66.70832061767578,66.64833068847656,66.64833068847656,64.41273498535156,65.86349487304688,63.631752014160156,64.66065216064453,60.74536895751953,62.12889862060547,60.464866638183594,58.00862121582031,57.20139694213867,55.60575485229492,54.81787872314453,50.447994232177734,50.447994232177734,48.166378021240234,47.423622131347656,45.27692413330078,45.25483322143555,42.42640686035156,41.773197174072266,40.360870361328125,39.051246643066406,37.80211639404297,38.60051727294922,36.8917350769043,35.510562896728516,35.34119415283203
0,-42,-96,19,15,67.72000885009766,64.28841400146484,65.78753662109375,62.3939094543457,63.56099319458008,61.741397857666016,63.95310592651367,64.0078125,64.0078125,65.51335906982422,65.19202423095703,65.73431396484375,66.85057830810547,67.67569732666016,66.85057830810547,68.818603515625,68.00735473632812,68.818603515625,69.20259857177734,69.40460968017578,69.63475799560547,70.45565795898438,70.45565795898438,69.63475799560547,70.45565795898438,69.63475799560547,67.74215698242188,67.74215698242188,65.86349487304688,66.73080444335938,64.41273498535156,62.17716598510742,63.071388244628906,59.50630187988281,59.61543273925781,58.694122314453125,57.00876998901367,54.08327102661133,51.865211486816406,51.244510650634766,50.0,47.801673889160156,48.27007293701172,45.35416030883789,44.72135925292969,41.59326934814453,42.7551155090332,40.199501037597656,40.04996871948242,39.0128173828125,38.0,36.12478256225586
0,-42,-96,19,15,65.85590362548828,64.53681182861328,63.25345993041992,63.82006072998047,61.587337493896484,61.91122817993164,60.90156173706055,61.717098236083984,62.169124603271484,63.56099319458008,65.39112854003906,65.39112854003906,66.85057830810547,67.779052734375,69.28924560546875,68.94925689697266,69.57010650634766,66.73080444335938,69.2603759765625,69.57010650634766,68.3520278930664,69.89277648925781,67.06713104248047,69.89277648925781,69.6419448852539,69.6419448852539,69.07966613769531,68.02940368652344,68.44705963134766,63.976558685302734,65.29930877685547,63.50590515136719,61.773780822753906,60.41522979736328,58.66856002807617,57.45433044433594,55.75840759277344,53.25410842895508,52.430908203125,51.03919982910156,47.801673889160156,47.20169448852539,45.0,44.04542922973633,43.27817153930664,41.03656768798828,40.360870361328125,39.59798049926758,36.769554138183594,36.878177642822266,36.400550842285156,36.359317779541016
0,-42,-96,20,10,61.98386764526367,61.84658432006836,59.43904495239258,61.98386764526367,58.4208869934082,61.29437255859375,58.13776779174805,60.0,61.0,60.0333251953125,63.071388244628906,64.19501495361328,65.27633666992188,65.27633666992188,68.18357849121094,65.37583923339844,68.35934448242188,65.27633666992188,69.35416412353516,69.35416412353516,69.35416412353516,69.18092346191406,66.37017059326172,68.4689712524414,68.26419067382812,69.2603759765625,69.065185546875,66.0,67.0,63.0,64.07027435302734,62.032249450683594,62.07253646850586,57.07889175415039,59.304298400878906,54.230987548828125,54.33230972290039,52.46903991699219,50.48762130737305,50.635955810546875,46.3249397277832,47.07440948486328,42.7551155090332,42.44997024536133,40.52159881591797,38.60051727294922,38.897300720214844,39.217342376708984,36.055511474609375,36.24913787841797,33.541019439697266,32.24903106689453
0,-42,-96,19,17,70.34912872314453,65.76473236083984,68.44705963134766,64.53681182861328,65.802734375,64.19501495361328,66.85057830810547,66.85057830810547,67.62396240234375,71.11258697509766,72.00694274902344,72.4706802368164,73.43023681640625,74.79304504394531,73.43023681640625,77.17512512207031,73.57308959960938,77.5241928100586,75.80237579345703,77.02597045898438,76.5375747680664,77.89736938476562,78.39005279541016,77.5241928100586,77.89736938476562,75.66372680664062,75.59100341796875,76.48529052734375,71.58910369873047,73.40980529785156,69.07966613769531,68.70953369140625,68.3520278930664,66.73080444335938,64.8459701538086,62.93647766113281,60.728904724121094,57.723480224609375,55.785301208496094,52.39274597167969,53.36665725708008,48.27007293701172,49.81967544555664,45.89117431640625,45.39823913574219,43.416587829589844,43.28972244262695,42.10700607299805,39.0128173828125,40.04996871948242,38.0,37.05401611328125
0,-42,-96,19,18,65.85590362548828,64.66065216064453,63.0079345703125,64.07027435302734,61.91122817993164,62.64982223510742,63.95310592651367,65.30696868896484,66.30987548828125,66.48307800292969,68.94925689697266,70.51950073242188,71.16881561279297,73.08214569091797,74.94664764404297,74.04052734375,75.0,74.04052734375,75.28611755371094,76.5375747680664,76.5506362915039,75.89466094970703,74.0,76.5375747680664,76.843994140625,75.61084747314453,76.69419860839844,72.61542510986328,72.09021759033203,70.7742919921875,69.31810760498047,67.11929321289062,66.24198150634766,64.14047241210938,62.7694206237793,59.6824951171875,57.982757568359375,56.30275344848633,55.4707145690918,53.00943374633789,50.0,49.40647888183594,46.86149978637695,45.45327377319336,42.52058410644531,42.44997024536133,40.31128692626953,41.03656768798828,37.53664779663086,37.64305877685547,36.2353401184082,35.22782897949219
0,-43,-96,19,18,67.72000885009766,65.19202423095703,65.92420196533203,62.2414665222168,65.29930877685547,62.7694206237793,65.73431396484375,65.21502685546875,67.80117797851562,68.60028839111328,70.43436431884766,74.41101837158203,74.5184555053711,73.87828063964844,73.87828063964844,75.82215881347656,75.82215881347656,76.5767593383789,75.92759704589844,78.74642944335938,76.69419860839844,76.5767593383789,77.46611785888672,78.24320983886719,78.24320983886719,77.0064926147461,75.21302795410156,74.625732421875,73.7834701538086,73.7834701538086,69.46221923828125,68.96376037597656,67.60177612304688,64.88451385498047,63.50590515136719,63.50590515136719,60.926185607910156,57.384666442871094,55.154327392578125,53.48831558227539,51.54609680175781,49.648765563964844,50.28916549682617,46.840152740478516,45.607017517089844,42.20189666748047,40.79215621948242,40.79215621948242,40.607879638671875,39.20458984375,37.05401611328125,35.0
0,-43,-96,20,13,63.976558685302734,63.1347770690918,60.20797348022461,61.29437255859375,59.203041076660156,61.073726654052734,62.2414665222168,62.22539520263672,62.2414665222168,62.96824645996094,67.35725402832031,68.11754608154297,68.24954223632812,68.88395690917969,71.0633544921875,72.62230682373047,73.60027313232422,69.65629577636719,73.40980529785156,73.24616241455078,73.87828063964844,72.4706802368164,72.34638977050781,73.24616241455078,73.66138458251953,74.3303451538086,72.86288452148438,70.00714111328125,71.4212875366211,68.59300231933594,68.7677230834961,65.19202423095703,63.25345993041992,60.4400520324707,60.4400520324707,58.00862121582031,57.42821502685547,54.64430618286133,53.0,51.62363815307617,48.02082824707031,49.73931884765625,45.27692413330078,45.17742919921875,42.48529052734375,39.39543151855469,39.39543151855469,39.924930572509766,37.947330474853516,36.68787384033203,34.20526123046875,32.557640075683594
0,-43,-96,20,14,67.26811981201172,66.48307800292969,65.19202423095703,62.481998443603516,60.80295944213867,62.12889862060547,62.7694206237793,64.0078125,65.76473236083984,67.08203887939453,69.77105712890625,69.85699462890625,72.49827575683594,72.09021759033203,72.49827575683594,75.02666473388672,73.73601531982422,76.32168579101562,75.02666473388672,77.2528305053711,75.23961639404297,77.6208724975586,76.967529296875,77.077880859375,76.967529296875,76.48529052734375,74.24958038330078,74.70609283447266,72.94518280029297,70.71067810058594,68.96376037597656,69.6419448852539,66.5732650756836,66.0378646850586,64.8999252319336,61.85466766357422,60.0,57.48912811279297,56.22277069091797,54.037025451660156,52.49761962890625,51.088157653808594,50.2493782043457,45.96738052368164,44.55333709716797,43.863426208496094,41.1096076965332,41.86884307861328,40.0,38.832977294921875,38.27531814575195,37.121421813964844
0,-43,-96,21,11,68.02940368652344,64.62197875976562,66.73080444335938,65.14598846435547,63.78871536254883,62.96824645996094,64.62971496582031,65.27633666992188,67.18630981445312,68.00735473632812,71.0,72.0,73.02738952636719,73.02738952636719,76.00657653808594,77.05841827392578,76.05918884277344,77.05841827392578,77.10382843017578,79.00633239746094,77.0,78.025634765625,79.02531433105469,78.10249328613281,77.02597045898438,77.0,77.02597045898438,77.10382843017578,73.10950469970703,74.1080322265625,71.25306701660156,69.35416412353516,68.4689712524414,66.61080932617188,65.92420196533203,62.513999938964844,61.98386764526367,58.85575485229492,57.27128601074219,55.31726837158203,54.81787872314453,50.447994232177734,51.244510650634766,48.383880615234375,46.81879806518555,44.59820556640625,44.0113639831543,43.863426208496094,41.146080017089844,38.94868469238281,39.11521530151367,38.27531814575195
0,-44,-96,21,11,69.1158447265625,69.02897644042969,66.0,65.19202423095703,64.28063201904297,66.61080932617188,65.30696868896484,65.0,67.44627380371094,68.96376037597656,71.7844009399414,72.42237091064453,75.27283477783203,73.73601531982422,75.61084747314453,75.3923110961914,77.6208724975586,75.96051788330078,78.54934692382812,80.05622863769531,78.74642944335938,79.37883758544922,76.843994140625,79.37883758544922,79.05693817138672,78.16009521484375,78.58753204345703,75.96051788330078,77.36924743652344,72.03471374511719,73.54590606689453,71.19690704345703,70.85901641845703,66.75328063964844,66.75328063964844,64.49806213378906,62.28964614868164,61.20457458496094,58.03447341918945,56.00892639160156,55.009090423583984,55.0,54.0,52.0,49.09175109863281,47.381431579589844,44.55333709716797,44.9110221862793,42.95346450805664,43.416587829589844,40.52159881591797,39.217342376708984
0,-44,-96,21,12,72.11102294921875,68.18357849121094,69.72087097167969,68.24954223632812,66.70832061767578,64.56005096435547,67.35725402832031,69.28924560546875,70.38465881347656,71.58910369873047,72.89718627929688,74.24284362792969,76.66159057617188,77.02597045898438,76.5375747680664,78.39005279541016,77.02597045898438,78.29431915283203,77.5241928100586,78.77182006835938,79.60527801513672,80.52949523925781,80.52949523925781,80.26206970214844,78.77182006835938,78.71467590332031,78.29431915283203,80.11241912841797,76.05918884277344,74.84651184082031,71.51223754882812,71.51223754882812,70.51950073242188,68.96376037597656,67.72000885009766,66.48307800292969,63.60031509399414,61.400325775146484,60.16643524169922,57.48912811279297,57.070133209228516,55.10898208618164,53.600372314453125,50.35871505737305,50.15974426269531,48.010414123535156,47.0,46.0,46.010868072509766,42.01190185546875,41.1096076965332,40.607879638671875
0,-44,-96,22,9,78.64476776123047,75.95393371582031,74.24284362792969,73.33484649658203,72.0,72.0,71.17584228515625,73.43704986572266,74.67261505126953,74.96665954589844,78.26238250732422,77.66595458984375,79.83106994628906,80.80841827392578,82.22530364990234,82.71033477783203,82.00609588623047,82.71033477783203,82.9698715209961,81.4923324584961,83.6779556274414,87.09190368652344,83.9523696899414,84.64632415771484,84.92938232421875,83.74365997314453,82.76472473144531,81.58431243896484,80.23091888427734,79.07591247558594,75.66372680664062,76.79192352294922,75.53807067871094,72.17340087890625,71.17584228515625,70.00714111328125,68.02940368652344,66.0,65.0,62.0,61.0,58.0,58.07753372192383,54.230987548828125,54.230987548828125,51.62363815307617,51.788028717041016,48.83646011352539,46.57252502441406,44.643028259277344,42.72002029418945,41.62931823730469
0,-44,-96,22,9,78.49203491210938,73.60027313232422,73.0,73.0,70.72481536865234,67.20863342285156,71.58910369873047,70.43436431884766,70.80254364013672,73.81734466552734,74.88658142089844,76.5506362915039,76.66159057617188,78.03204345703125,78.77182006835938,79.4040298461914,79.4040298461914,78.892333984375,78.892333984375,79.61155700683594,79.88116455078125,80.99382781982422,79.32212829589844,78.54934692382812,80.15609741210938,80.70935821533203,77.801025390625,78.4091796875,76.216796875,73.87828063964844,73.75635528564453,71.50524139404297,70.76722717285156,67.17886352539062,67.17886352539062,64.35060119628906,62.96824645996094,60.8276252746582,58.13776779174805,57.48912811279297,55.44366455078125,55.60575485229492,55.0,51.03919982910156,49.39635467529297,47.50789260864258,46.14108657836914,43.8292121887207,43.382022857666016,41.78516387939453,39.84971618652344,38.327537536621094
0,-44,-96,21,13,82.134033203125,78.56844329833984,77.78174591064453,75.69015502929688,73.87828063964844,71.21797180175781,70.80254364013672,72.67048645019531,74.94664764404297,73.43023681640625,74.70609283447266,76.47875213623047,79.15807342529297,78.26238250732422,79.17701721191406,80.52949523925781,77.38862609863281,79.62411499023438,79.62411499023438,80.49844360351562,80.0624771118164,81.39410400390625,79.64923095703125,80.95677947998047,81.41252899169922,79.17701721191406,78.77182006835938,78.03204345703125,76.85050201416016,76.00657653808594,71.84706115722656,72.42237091064453,69.40460968017578,68.60028839111328,67.62396240234375,63.411354064941406,61.84658432006836,60.30754470825195,60.20797348022461,57.314918518066406,55.865909576416016,53.037723541259766,52.40229034423828,51.6623649597168,48.27007293701172,47.01063537597656,48.60041046142578,44.65422821044922,43.5660400390625,40.70626449584961,41.146080017089844,39.924930572509766
0,-44,-96,21,14,88.60022735595703,85.44589233398438,84.59905242919922,84.05950164794922,80.13114166259766,79.64923095703125,79.2022705078125,79.30951690673828,79.84986114501953,80.77747344970703,81.3449478149414,82.2192153930664,86.02325439453125,85.38150024414062,85.38150024414062,83.81526947021484,85.72631072998047,83.81526947021484,86.68333435058594,83.48652648925781,84.43340301513672,86.64871978759766,82.54090118408203,85.38150024414062,85.4400405883789,84.15461730957031,83.93450164794922,81.43709564208984,80.52949523925781,77.38862609863281,76.05918884277344,73.82411193847656,72.56031799316406,69.83551788330078,70.8307876586914,66.8879623413086,65.73431396484375,62.68173599243164,61.61168670654297,60.216278076171875,58.41232681274414,57.48912811279297,55.44366455078125,52.40229034423828,50.990196228027344,49.497474670410156,48.83646011352539,48.166378021240234,45.0,45.0,42.19004440307617,42.05948257446289
0,-44,-96,22,11,91.18113708496094,90.47099304199219,86.33075714111328,84.9705810546875,84.59905242919922,79.75587463378906,81.54139709472656,81.27114868164062,81.84130859375,80.60397338867188,83.86894226074219,84.50444030761719,83.73768615722656,83.09632873535156,86.55634307861328,86.37129211425781,86.37129211425781,84.2911605834961,87.1148681640625,85.14693450927734,85.42832946777344,85.14693450927734,82.61961364746094,85.70297241210938,86.05230712890625,85.42832946777344,82.20097351074219,80.44873809814453,81.27114868164062,77.66595458984375,76.32168579101562,74.4311752319336,73.9256362915039,70.23532104492188,69.35416412353516,65.3681869506836,65.76473236083984,62.60990524291992,61.269893646240234,60.41522979736328,57.775428771972656,56.64803695678711,55.154327392578125,52.49761962890625,51.244510650634766,48.764739990234375,48.27007293701172,47.07440948486328,45.7055778503418,45.27692413330078,42.19004440307617,41.01219177246094
0,-44,-96,21,15,92.04889678955078,90.00555419921875,89.02246856689453,90.04998779296875,84.148681640625,84.48076629638672,82.49242401123047,82.87339782714844,85.15867614746094,82.37718200683594,85.61541748046875,88.05680084228516,86.83317565917969,87.36132049560547,90.70832061767578,86.02325439453125,89.5600357055664,85.16454315185547,89.28605651855469,86.58522033691406,88.0738296508789,87.32124328613281,85.61541748046875,86.83317565917969,88.5268325805664,85.37564086914062,85.5102310180664,82.20097351074219,82.03657531738281,77.92945861816406,78.63841247558594,76.2364730834961,74.24284362792969,74.06078338623047,68.11754608154297,68.11754608154297,67.18630981445312,63.03173828125,62.00806427001953,61.032779693603516,57.03507614135742,57.07889175415039,57.21887969970703,54.230987548828125,52.46903991699219,49.648765563964844,48.66210174560547,47.53945541381836,47.29693603515625,46.173583984375,43.32435989379883,42.95346450805664
0,-44,-96,22,11,95.29428100585938,93.05912017822266,88.83692932128906,89.1852035522461,85.98255920410156,82.4196548461914,83.00602722167969,83.24061584472656,85.2760238647461,83.63013458251953,86.31338500976562,86.97700500488281,88.39117431640625,91.24143981933594,89.80534362792969,88.39117431640625,88.39117431640625,87.68124389648438,89.10667419433594,89.10667419433594,88.45903015136719,89.1964111328125,86.27861785888672,86.97700500488281,87.72685241699219,86.27861785888672,85.70297241210938,82.46211242675781,84.50444030761719,78.8733139038086,77.801025390625,77.20103454589844,75.45197296142578,72.11102294921875,72.11102294921875,69.065185546875,66.0302963256836,64.66065216064453,65.51335906982422,63.52952194213867,58.13776779174805,59.03388977050781,55.009090423583984,54.230987548828125,53.851646423339844,49.97999572753906,49.97999572753906,49.72926712036133,46.3249397277832,45.12205505371094,44.9110221862793,43.416587829589844
0,-44,-96,22,12,91.93476104736328,90.55384826660156,86.37129211425781,88.61715698242188,83.73768615722656,83.40863037109375,82.37718200683594,83.21658325195312,82.68010711669922,83.35466766357422,86.45230102539062,86.35391998291016,87.23531341552734,88.58893585205078,87.70974731445312,89.44271850585938,86.76404571533203,87.20664978027344,87.20664978027344,87.20664978027344,88.1192398071289,87.6584243774414,84.07734680175781,86.76981353759766,85.08818817138672,86.83317565917969,84.72307586669922,81.3019027709961,80.77747344970703,78.77182006835938,78.23681640625,75.45197296142578,73.40980529785156,71.61005401611328,72.00694274902344,66.84310150146484,65.29930877685547,63.12685775756836,63.12685775756836,60.8276252746582,58.694122314453125,57.28001403808594,55.865909576416016,54.488529205322266,50.990196228027344,49.67897033691406,49.20365905761719,48.010414123535156,47.16990661621094,44.777225494384766,43.416587829589844,39.924930572509766
0,-44,-96,23,9,96.40020751953125,92.80086517333984,91.8368148803711,89.87213134765625,85.23497009277344,87.23531341552734,88.58893585205078,87.20664978027344,88.10221099853516,86.53900909423828,90.07774353027344,92.11405944824219,92.35800170898438,92.35800170898438,94.33981323242188,95.18928527832031,94.2443618774414,91.7060546875,94.2443618774414,93.30059051513672,91.76055908203125,92.69843292236328,92.11405944824219,92.35800170898438,93.6375961303711,92.4770278930664,90.07774353027344,88.10221099853516,88.56636047363281,85.42832946777344,85.42247772216797,82.76472473144531,78.39005279541016,78.03204345703125,75.29276275634766,74.09453582763672,73.57308959960938,67.67569732666016,69.40460968017578,66.0302963256836,65.802734375,65.0,61.032779693603516,59.54829788208008,58.051700592041016,55.865909576416016,57.28001403808594,53.15073013305664,51.855567932128906,51.03919982910156,48.25971221923828,47.41307830810547
0,-44,-96,22,13,96.60745239257812,94.42987060546875,95.2732925415039,88.60022735595703,91.08238220214844,86.68333435058594,85.61541748046875,90.02777099609375,89.62700653076172,91.08238220214844,92.39588928222656,93.90420532226562,94.64142608642578,95.88534545898438,93.90420532226562,97.51409912109375,94.5304183959961,95.88534545898438,94.33981323242188,97.32933807373047,94.64142608642578,95.63471984863281,96.02603912353516,94.64142608642578,93.38094329833984,93.90420532226562,91.59148406982422,89.62700653076172,88.6453628540039,90.8019790649414,87.32124328613281,83.19855499267578,84.17243957519531,80.52328491210938,78.84795379638672,76.24303436279297,74.67261505126953,72.44998168945312,72.23572540283203,68.15423583984375,68.54196166992188,64.47480010986328,65.30696868896484,61.29437255859375,59.53990173339844,59.53990173339844,57.80138397216797,55.217750549316406,52.63079071044922,50.990196228027344,51.6623649597168,47.6340217590332
0,-45,-96,23,11,96.26006317138672,93.49331665039062,95.18928527832031,94.15412902832031,92.66067504882812,89.89994812011719,91.18113708496094,90.82400512695312,92.97311401367188,92.34716796875,96.84007263183594,96.3016128540039,98.76234436035156,100.42410278320312,100.16985321044922,101.20276641845703,101.0,101.63660430908203,101.0,101.0,99.92497253417969,101.20276641845703,97.74456787109375,101.63660430908203,99.92497253417969,98.23441314697266,97.01546478271484,96.04686737060547,93.40770721435547,91.48223876953125,90.52071380615234,89.28605651855469,88.54377746582031,84.43340301513672,84.43340301513672,80.99382781982422,78.0,75.64390563964844,77.47257232666016,72.01388549804688,70.68238830566406,69.31810760498047,71.11258697509766,65.3681869506836,64.0078125,63.812225341796875,59.64059066772461,57.80138397216797,57.20139694213867,57.314918518066406,53.075416564941406,51.855567932128906
0,-45,-96,23,12,103.07764434814453,103.00485229492188,98.04590606689453,101.07917785644531,95.33625030517578,93.4344711303711,96.33794403076172,94.20191192626953,97.29337310791016,98.71676635742188,101.92153930664062,100.96038818359375,106.32027435302734,104.35516357421875,104.35516357421875,103.73042297363281,108.78418731689453,106.56922912597656,107.83784484863281,107.83784484863281,105.9480972290039,106.25440979003906,102.48902130126953,106.04244232177734,104.67568969726562,106.25440979003906,103.44564056396484,101.53324890136719,100.96038818359375,100.68763732910156,97.74456787109375,98.27003479003906,95.12622833251953,92.57429504394531,87.66413116455078,86.68333435058594,87.132080078125,82.73451232910156,81.04936981201172,78.4091796875,73.43704986572266,77.3175277709961,71.0633544921875,71.02816009521484,67.02984619140625,66.0,64.1248779296875,61.20457458496094,59.53990173339844,57.706153869628906,56.08921432495117,54.424259185791016
0,-45,-96,23,12,98.48857879638672,93.10746765136719,95.77056121826172,91.4166259765625,92.96235656738281,92.0869140625,92.20086669921875,95.0,96.82975006103516,97.08243560791016,98.49365234375,101.98039245605469,101.98039245605469,103.24727630615234,102.55242919921875,106.07544708251953,101.13851928710938,104.69001770019531,103.94710540771484,103.94710540771484,102.72779846191406,106.10372161865234,104.80458068847656,106.07544708251953,105.55093383789062,104.80458068847656,102.17631530761719,102.17631530761719,99.35794067382812,99.63935089111328,95.8018798828125,95.8018798828125,95.13148498535156,91.26883697509766,88.20430755615234,88.83692932128906,85.58621215820312,82.85529327392578,80.62257385253906,79.64923095703125,78.72102355957031,71.17584228515625,73.40980529785156,69.07966613769531,67.35725402832031,65.45991516113281,66.21932983398438,62.585941314697266,62.36986541748047,58.4208869934082,58.07753372192383,54.0
0,-45,-96,23,12,96.79875946044922,93.77632904052734,94.84724426269531,93.03762817382812,87.70974731445312,89.1852035522461,90.42676544189453,92.6552734375,93.23089599609375,95.13148498535156,99.35794067382812,100.6578369140625,101.31633758544922,104.7377700805664,104.7377700805664,103.3247299194336,103.24727630615234,103.3247299194336,106.79419708251953,103.24727630615234,105.418212890625,106.8877944946289,104.80458068847656,106.07544708251953,103.94710540771484,104.80458068847656,104.06248474121094,105.55093383789062,100.6578369140625,98.08159637451172,95.60334777832031,98.40731811523438,94.04785919189453,92.6552734375,92.0869140625,88.00568389892578,87.3670425415039,84.05950164794922,81.6333236694336,79.4040298461914,76.05918884277344,77.02597045898438,74.24284362792969,72.09021759033203,67.62396240234375,65.19202423095703,64.8459701538086,63.24555206298828,59.203041076660156,60.01666259765625,58.694122314453125,54.08327102661133
0,-45,-96,23,13,99.6242904663086,95.96353149414062,98.27003479003906,96.64884948730469,93.03762817382812,95.4620361328125,93.98403930664062,97.14422607421875,96.4624252319336,100.42410278320312,103.3247299194336,105.01904296875,107.70793914794922,108.25894927978516,108.85311126708984,112.61438751220703,110.42192077636719,109.23827362060547,112.17842864990234,111.62885284423828,112.37882232666016,112.5877456665039,110.42192077636719,111.01801300048828,113.77169799804688,114.14026641845703,112.17842864990234,108.17115783691406,108.66921997070312,107.93516540527344,104.12012481689453,106.60675048828125,104.35516357421875,97.73944854736328,97.14422607421875,95.85926818847656,95.2732925415039,89.69392395019531,87.32124328613281,87.72685241699219,84.53401947021484,80.49844360351562,80.95059967041016,76.66159057617188,73.43023681640625,71.28113555908203,70.45565795898438,70.0,66.06814575195312,64.35060119628906,60.87692642211914,58.41232681274414
0,-45,-96,23,14,96.17691802978516,99.82484436035156,94.4933853149414,96.04686737060547,92.41753387451172,93.49331665039062,94.33981323242188,98.97979736328125,98.83824920654297,98.89894104003906,106.23088073730469,107.70329284667969,110.49434661865234,110.13627624511719,112.72089385986328,112.36102294921875,113.88591003417969,108.2681884765625,115.76700592041016,115.8792495727539,114.63420104980469,115.69355773925781,112.72089385986328,116.70903778076172,115.16944122314453,117.74549102783203,113.08846282958984,115.03912353515625,114.12712097167969,110.98197937011719,110.47624206542969,107.35455322265625,109.17874908447266,103.07764434814453,102.21546173095703,99.12618255615234,97.75479888916016,95.18928527832031,90.97252655029297,89.05054473876953,87.20092010498047,83.40863037109375,81.83519744873047,80.72174072265625,79.20858764648438,71.4212875366211,72.13875579833984,70.93659210205078,66.21932983398438,65.0,60.74536895751953,59.05929183959961
0,-45,-96,23,14,91.93476104736328,89.1964111328125,90.42676544189453,91.60785675048828,89.35882568359375,88.32327270507812,89.89437866210938,92.61209106445312,94.42987060546875,96.3846435546875,97.86214447021484,100.5683822631836,105.0047607421875,104.69479370117188,106.89247131347656,107.56393432617188,107.56393432617188,107.85638427734375,107.85638427734375,112.64102172851562,114.16216278076172,112.57886505126953,111.97321319580078,114.48143768310547,113.60017395019531,110.0636215209961,114.16216278076172,111.07205200195312,111.3283462524414,107.56393432617188,110.49434661865234,106.23088073730469,105.60302734375,102.88343048095703,98.38699340820312,99.76472473144531,95.29428100585938,91.92388153076172,89.55445098876953,87.66413116455078,84.05950164794922,82.92768096923828,81.27114868164062,75.60423278808594,75.1664810180664,70.93659210205078,71.44927978515625,69.29646301269531,65.0691909790039,65.29930877685547,62.68173599243164,60.20797348022461
0,-45,-96,23,14,90.78546142578125,87.32124328613281,89.8888168334961,89.1852035522461,88.5268325805664,89.44271850585938,90.79647827148438,90.66973114013672,93.26306915283203,100.17984008789062,101.0197982788086,104.0,109.01834869384766,107.04204559326172,108.00463104248047,112.1115493774414,110.16351318359375,109.04127502441406,114.21470642089844,114.21470642089844,114.15778350830078,118.1524429321289,113.1591796875,117.20921325683594,118.20744323730469,115.43396759033203,115.15641784667969,113.0398178100586,113.0398178100586,114.01753997802734,112.00446319580078,109.00458526611328,113.0177001953125,105.23307800292969,101.2422866821289,104.17293548583984,96.33275604248047,94.64142608642578,91.66242218017578,92.39588928222656,89.26925659179688,85.5102310180664,86.68333435058594,80.52328491210938,78.58753204345703,77.20103454589844,73.38937377929688,71.86793518066406,70.00714111328125,68.02940368652344,62.7694206237793,60.80295944213867
0,-45,-96,24,10,79.98124694824219,79.90619659423828,80.15609741210938,79.64923095703125,79.05693817138672,79.32212829589844,83.72574615478516,85.0,84.09518432617188,86.53900909423828,92.11405944824219,93.30059051513672,98.67117309570312,100.88111877441406,100.5683822631836,103.44564056396484,102.48902130126953,102.78618621826172,105.36128234863281,103.44564056396484,105.6503677368164,109.4805908203125,105.36128234863281,107.44766235351562,109.20164489746094,109.20164489746094,107.85638427734375,108.15729522705078,106.28263854980469,106.25440979003906,104.75209045410156,102.15674591064453,101.76934814453125,99.4032211303711,97.98979187011719,97.08243560791016,93.471923828125,92.57429504394531,89.89437866210938,86.95401000976562,83.52843475341797,84.2199478149414,83.48652648925781,78.81623840332031,75.60423278808594,71.70076751708984,71.44927978515625,69.29646301269531,65.0691909790039,64.35060119628906,60.80295944213867,60.74536895751953
0,-45,-96,23,14,81.22191619873047,81.74349975585938,81.78630828857422,83.43260955810547,80.0062484741211,83.93450164794922,84.5280990600586,87.8179931640625,91.4166259765625,92.78469848632812,99.02020263671875,100.95543670654297,101.83319854736328,103.2279052734375,108.811767578125,107.80074310302734,109.4805908203125,110.0,112.61438751220703,112.61438751220703,114.20157623291016,114.63420104980469,114.63420104980469,115.88356018066406,119.63277435302734,115.80155181884766,116.66190338134766,114.85643005371094,117.20068359375,111.25196838378906,113.71894836425781,111.22050476074219,110.67520141601562,107.37783813476562,105.81587982177734,103.07764434814453,102.08329772949219,95.7131118774414,94.84724426269531,97.08243560791016,91.38927459716797,88.63971710205078,88.95504760742188,84.43340301513672,82.2192153930664,77.49193572998047,77.6208724975586,74.95331573486328,71.84706115722656,70.34912872314453,66.18912506103516,64.03124237060547
0,-45,-96,24,9,72.03471374511719,74.14849853515625,69.2603759765625,73.06161499023438,72.06246948242188,75.32595825195312,77.92945861816406,75.92759704589844,80.28075408935547,82.00609588623047,88.54377746582031,89.53770446777344,91.54779815673828,93.23089599609375,98.4327163696289,96.3846435546875,104.0,97.57561492919922,106.45186614990234,103.46980285644531,103.46980285644531,105.30906677246094,102.55242919921875,106.8877944946289,106.8877944946289,109.59014892578125,109.65856170654297,103.87010955810547,107.15409088134766,103.61949920654297,107.70329284667969,102.18121337890625,102.18121337890625,99.92997741699219,98.97979736328125,92.6552734375,96.4624252319336,92.72000885009766,90.70832061767578,90.70832061767578,86.34812927246094,87.29833984375,80.0624771118164,83.72574615478516,77.5241928100586,77.23341369628906,74.06078338623047,69.00724792480469,67.00746154785156,68.11754608154297,64.38167572021484,63.348243713378906
0,-45,-96,23,13,67.62396240234375,66.84310150146484,66.4680404663086,67.26811981201172,69.20259857177734,70.21395874023438,69.1158447265625,72.56031799316406,75.58438873291016,78.26238250732422,85.08818817138672,86.72946166992188,89.31964874267578,90.75791931152344,93.98403930664062,94.64142608642578,95.60334777832031,95.21029663085938,99.04039764404297,100.57833099365234,99.6242904663086,104.35516357421875,98.37174224853516,103.16007232666016,103.74005889892578,104.40306854248047,104.35516357421875,100.5683822631836,104.67568969726562,100.88111877441406,101.76934814453125,97.30878448486328,96.3846435546875,97.57561492919922,96.25486755371094,93.52005004882812,93.94147491455078,89.55445098876953,87.70974731445312,86.09297180175781,84.2199478149414,80.26206970214844,79.92496490478516,75.80237579345703,75.21302795410156,69.20259857177734,72.34638977050781,69.35416412353516,65.0691909790039,65.29930877685547,61.84658432006836,61.29437255859375
0,-45,-96,23,12,66.85057830810547,64.40496826171875,62.28964614868164,62.2414665222168,64.44377136230469,66.40029907226562,69.89277648925781,69.97142028808594,72.4706802368164,78.26238250732422,80.11241912841797,81.70679473876953,85.4400405883789,86.97700500488281,90.2496566772461,93.30059051513672,92.72000885009766,93.60555267333984,95.81753540039062,96.79875946044922,98.35140991210938,96.76776123046875,98.35140991210938,100.96038818359375,97.71898651123047,101.53324890136719,101.19288635253906,100.90093994140625,97.73944854736328,97.14422607421875,97.69339752197266,97.69339752197266,96.00521087646484,92.61209106445312,92.13577270507812,92.19544219970703,90.8019790649414,86.76981353759766,82.76472473144531,81.98780059814453,81.41252899169922,77.17512512207031,79.6303939819336,74.88658142089844,74.06078338623047,69.20259857177734,68.01470184326172,69.35416412353516,65.76473236083984,63.70243453979492,61.84658432006836,57.42821502685547
0,-45,-96,23,12,64.8999252319336,67.20118713378906,66.70832061767578,65.0691909790039,65.19202423095703,64.81512451171875,70.45565795898438,67.74215698242188,71.69379425048828,74.24284362792969,77.82030487060547,81.02468872070312,84.50444030761719,85.61541748046875,86.92525482177734,90.13877868652344,91.7060546875,92.11405944824219,94.57801055908203,95.63471984863281,93.40770721435547,96.93296813964844,97.86214447021484,99.36800384521484,99.72462463378906,99.02020263671875,98.61541748046875,96.7729263305664,98.0866928100586,98.0866928100586,93.52005004882812,95.2575454711914,93.02149963378906,90.91754150390625,91.4166259765625,88.1192398071289,86.83317565917969,83.00602722167969,83.00602722167969,82.09750366210938,81.02468872070312,77.20103454589844,75.43209075927734,73.24616241455078,72.34638977050781,70.76722717285156,67.17886352539062,67.20863342285156,67.47592163085938,62.42595672607422,60.216278076171875,58.18075180053711
0,-45,-96,23,11,64.14047241210938,62.64982223510742,63.158531188964844,62.7694206237793,60.728904724121094,65.30696868896484,69.46221923828125,68.18357849121094,71.02816009521484,72.02777099609375,79.02531433105469,79.10120391845703,83.09632873535156,83.38465118408203,87.3670425415039,91.54779815673828,91.78779602050781,91.4439697265625,95.75489807128906,95.63471984863281,94.33981323242188,98.73196411132812,98.32598876953125,100.60317993164062,99.60923767089844,99.32270812988281,100.31948852539062,98.18350219726562,98.08159637451172,97.04637908935547,94.04785919189453,93.00537872314453,93.00537872314453,93.0,87.0,88.0511245727539,88.09085845947266,83.05419921875,80.22468566894531,78.23043060302734,78.51751708984375,75.53807067871094,75.66372680664062,72.83543395996094,70.21395874023438,68.15423583984375,68.15423583984375,67.05221557617188,61.46543884277344,63.071388244628906,60.8276252746582,61.400325775146484
0,-45,-96,23,11,64.53681182861328,62.96824645996094,61.717098236083984,62.42595672607422,62.7694206237793,63.50590515136719,65.92420196533203,66.128662109375,69.2603759765625,73.00685119628906,76.90253448486328,80.41144561767578,81.88406372070312,85.84288024902344,86.31338500976562,88.6848373413086,91.66242218017578,88.81441497802734,91.78779602050781,94.3663101196289,94.3663101196289,96.50906372070312,97.86725616455078,98.73196411132812,99.14131164550781,99.29753112792969,99.46356201171875,96.10411071777344,94.9210205078125,93.21480560302734,89.49860382080078,92.19544219970703,91.21403503417969,89.02246856689453,87.36132049560547,84.48076629638672,83.6779556274414,81.60882568359375,80.3243408203125,76.843994140625,76.5506362915039,73.73601531982422,70.7742919921875,69.07966613769531,67.23094177246094,67.97793579101562,65.3681869506836,64.66065216064453,63.51377868652344,59.64059066772461,61.22091293334961,57.314918518066406
0,-45,-96,23,10,60.87692642211914,57.48912811279297,58.54912567138672,56.14267349243164,54.00925827026367,58.03447341918945,59.53990173339844,61.0,63.56099319458008,65.14598846435547,70.83784484863281,73.53910827636719,74.84651184082031,75.23961639404297,79.47956085205078,84.30895233154297,82.63776397705078,83.00602722167969,84.69356536865234,87.46427917480469,85.4400405883789,86.37708282470703,88.25531005859375,89.69392395019531,88.95504760742188,89.53770446777344,87.93179321289062,86.40023040771484,83.81526947021484,84.48076629638672,82.9698715209961,82.71033477783203,82.22530364990234,78.44743347167969,77.27871704101562,77.66595458984375,76.29547882080078,70.40596771240234,70.85901641845703,68.4689712524414,69.72087097167969,66.37017059326172,65.19202423095703,63.071388244628906,62.032249450683594,61.00819778442383,60.008331298828125,58.13776779174805,56.14267349243164,54.451812744140625,54.12947463989258,52.201534271240234
0,-45,-96,22,13,64.62971496582031,58.13776779174805,58.03447341918945,58.07753372192383,55.44366455078125,58.051700592041016,59.77457809448242,60.406951904296875,63.324562072753906,68.54196166992188,68.87670135498047,72.01388549804688,74.6860122680664,78.29431915283203,78.39005279541016,81.98780059814453,82.15229797363281,84.59905242919922,84.2199478149414,87.32124328613281,88.1929702758789,88.58893585205078,87.20664978027344,87.6584243774414,89.44271850585938,87.66413116455078,87.66413116455078,87.46427917480469,85.08818817138672,83.38465118408203,81.70679473876953,82.07923126220703,81.3449478149414,75.27283477783203,75.02666473388672,76.24303436279297,72.80110168457031,69.6419448852539,68.15423583984375,65.0,66.4906005859375,64.03124237060547,64.53681182861328,61.66035842895508,59.03388977050781,57.42821502685547,57.314918518066406,56.14267349243164,54.0,53.0848388671875,52.08646774291992,49.497474670410156
0,-45,-96,22,13,57.9741325378418,56.51548385620117,54.451812744140625,54.08327102661133,54.00925827026367,54.08327102661133,55.73149871826172,56.88584899902344,60.4400520324707,62.297672271728516,67.06713104248047,69.07966613769531,70.38465881347656,73.00685119628906,75.7693862915039,80.23091888427734,79.30951690673828,81.1541748046875,79.7057113647461,83.00602722167969,83.81526947021484,84.50444030761719,84.15461730957031,84.50444030761719,86.37708282470703,84.11896514892578,83.81526947021484,83.81526947021484,81.04319763183594,80.28075408935547,78.85429382324219,78.85429382324219,76.68767547607422,75.13321685791016,72.18032836914062,71.38627624511719,68.24954223632812,66.91038513183594,64.49806213378906,62.513999938964844,63.50590515136719,59.304298400878906,61.13100814819336,57.21887969970703,55.03635025024414,53.00943374633789,54.08327102661133,54.037025451660156,52.239830017089844,50.35871505737305,49.497474670410156,47.29693603515625
0,-45,-96,22,12,58.694122314453125,59.03388977050781,57.314918518066406,55.081756591796875,55.0,56.22277069091797,57.55866622924805,58.24946212768555,60.16643524169922,62.64183807373047,66.0984115600586,70.22820281982422,71.51223754882812,73.16419982910156,75.3923110961914,78.39005279541016,78.92401123046875,80.77747344970703,82.46211242675781,81.70679473876953,84.15461730957031,84.15461730957031,83.16850280761719,83.48652648925781,86.02325439453125,82.2800064086914,84.89994049072266,82.46211242675781,82.46211242675781,81.25269317626953,77.46611785888672,76.29547882080078,74.96665954589844,72.99314880371094,72.69112396240234,70.57620239257812,68.4689712524414,66.37017059326172,63.19810104370117,63.12685775756836,62.20128631591797,59.07622146606445,59.07622146606445,57.00876998901367,56.0,54.0,55.081756591796875,52.15361785888672,51.4781494140625,49.81967544555664,49.24428939819336,47.12748718261719
0,-45,-96,21,15,58.0,58.694122314453125,55.60575485229492,55.217750549316406,55.07267761230469,56.35601043701172,56.46237564086914,58.18934631347656,60.728904724121094,61.84658432006836,66.94026947021484,68.44705963134766,72.36711883544922,72.99314880371094,75.31268310546875,78.26238250732422,79.42921447753906,79.24645233154297,83.18653869628906,83.02409362792969,82.76472473144531,85.90692901611328,83.19855499267578,86.12200927734375,87.55569458007812,85.37564086914062,84.20214080810547,82.56512451171875,82.2192153930664,80.0062484741211,78.18567657470703,77.49193572998047,74.09453582763672,72.80110168457031,70.38465881347656,68.15423583984375,67.11929321289062,65.39112854003906,63.95310592651367,61.717098236083984,59.9416389465332,59.53990173339844,57.30619430541992,57.30619430541992,56.080299377441406,53.5350341796875,53.823787689208984,50.80354309082031,51.22499465942383,49.57822036743164,47.381431579589844,49.04079818725586
0,-45,-96,22,11,59.46427536010742,55.0,54.64430618286133,54.708316802978516,53.22593307495117,57.93962478637695,53.45091247558594,56.75385284423828,57.48912811279297,60.67124557495117,64.62971496582031,66.37017059326172,69.065185546875,71.34423828125,74.3303451538086,75.1065902709961,78.10249328613281,77.23341369628906,81.09870910644531,83.2946548461914,81.49846649169922,81.39410400390625,79.5110092163086,84.48076629638672,84.85281372070312,83.72574615478516,82.37718200683594,79.83106994628906,79.83106994628906,78.85429382324219,79.07591247558594,77.6208724975586,75.69015502929688,71.56814575195312,69.2603759765625,67.72000885009766,66.0984115600586,63.89052963256836,62.62587356567383,60.74536895751953,59.236812591552734,58.872745513916016,56.859474182128906,54.625999450683594,55.46169662475586,53.22593307495117,53.22593307495117,51.4781494140625,49.73931884765625,50.21951675415039,49.20365905761719,48.166378021240234
0,-45,-96,22,11,56.7274169921875,53.075416564941406,55.226806640625,52.63079071044922,53.5350341796875,51.107730865478516,51.429561614990234,53.851646423339844,56.64803695678711,60.4400520324707,62.09669876098633,65.96968841552734,67.46851348876953,69.63475799560547,69.63475799560547,75.50496673583984,74.3303451538086,74.52516174316406,77.27871704101562,78.64476776123047,78.85429382324219,80.28075408935547,79.30951690673828,79.83106994628906,81.4923324584961,79.8122787475586,78.16009521484375,81.90848541259766,78.10890197753906,76.5375747680664,70.57620239257812,71.86793518066406,70.93659210205078,69.46221923828125,67.23094177246094,66.30987548828125,63.976558685302734,61.269893646240234,60.8276252746582,59.03388977050781,58.13776779174805,54.120235443115234,55.4707145690918,52.35456085205078,53.33854293823242,51.312767028808594,49.92995071411133,48.82622146606445,50.80354309082031,46.86149978637695,45.96738052368164,44.59820556640625
0,-45,-96,22,10,57.80138397216797,58.2580451965332,55.154327392578125,54.671749114990234,54.037025451660156,53.5350341796875,55.07267761230469,56.35601043701172,58.694122314453125,60.539241790771484,63.5688591003418,66.7607650756836,68.00735473632812,71.84010314941406,73.08214569091797,73.97972869873047,75.18643188476562,75.28611755371094,78.33900451660156,79.4040298461914,80.3243408203125,79.69943237304688,79.05693817138672,79.69943237304688,82.2192153930664,82.2800064086914,81.70679473876953,79.47956085205078,78.29431915283203,78.79086303710938,75.1531753540039,72.89718627929688,72.4706802368164,70.71067810058594,70.23532104492188,67.60177612304688,65.3681869506836,62.96824645996094,64.14047241210938,60.20797348022461,59.07622146606445,58.52349853515625,57.982757568359375,56.035701751708984,55.0,53.413482666015625,52.49761962890625,52.40229034423828,50.20956039428711,50.32891845703125,48.41487503051758,48.82622146606445
0,-45,-96,22,9,56.22277069091797,53.600372314453125,51.97114562988281,52.88667297363281,53.48831558227539,50.56678771972656,51.429561614990234,55.56977462768555,56.859474182128906,58.24946212768555,61.61168670654297,62.801273345947266,65.6048812866211,68.24954223632812,68.88395690917969,71.50524139404297,72.18032836914062,74.5184555053711,72.34638977050781,75.1664810180664,74.81310272216797,76.83749389648438,77.801025390625,76.83749389648438,78.81623840332031,78.00640869140625,77.66595458984375,75.1664810180664,73.7834701538086,76.32168579101562,70.8307876586914,70.8307876586914,70.23532104492188,68.0,66.24198150634766,66.24198150634766,63.06346130371094,61.741397857666016,60.008331298828125,60.008331298828125,58.600341796875,56.46237564086914,57.00876998901367,53.48831558227539,53.141319274902344,50.28916549682617,49.72926712036133,50.447994232177734,48.83646011352539,48.50773239135742,48.166378021240234,46.010868072509766
0,-44,-96,21,13,56.88584899902344,52.39274597167969,53.75872039794922,51.26402282714844,52.801513671875,49.73931884765625,54.08327102661133,54.20331954956055,56.7274169921875,58.13776779174805,61.55485534667969,62.93647766113281,63.65532302856445,65.0691909790039,67.17886352539062,70.0927963256836,71.50524139404297,72.24956512451172,73.59347534179688,75.82215881347656,75.66372680664062,77.10382843017578,76.38062286376953,77.077880859375,78.49203491210938,75.66372680664062,77.10382843017578,75.82215881347656,74.5184555053711,74.41101837158203,72.42237091064453,71.21797180175781,70.60453033447266,67.42403411865234,68.00735473632812,65.45991516113281,65.45991516113281,62.433963775634766,61.587337493896484,57.982757568359375,57.80138397216797,57.80138397216797,57.30619430541992,54.58937454223633,52.77309799194336,51.88448715209961,51.078372955322266,50.695167541503906,49.97999572753906,49.72926712036133,47.85394287109375,46.27094268798828
0,-44,-96,21,12,55.6596794128418,53.48831558227539,53.22593307495117,51.429561614990234,50.2493782043457,50.0,51.855567932128906,53.037723541259766,55.17245864868164,58.13776779174805,59.03388977050781,62.00806427001953,64.81512451171875,66.40029907226562,67.20118713378906,70.45565795898438,69.89277648925781,71.84706115722656,72.42237091064453,74.06078338623047,73.60027313232422,75.45197296142578,75.0,74.40430450439453,75.43209075927734,75.0,75.43209075927734,73.75635528564453,72.91776275634766,73.75635528564453,70.0927963256836,69.3108901977539,70.00714111328125,67.17886352539062,67.17886352539062,64.35060119628906,63.65532302856445,60.87692642211914,60.95900344848633,59.03388977050781,58.13776779174805,56.080299377441406,57.628116607666016,54.20331954956055,52.201534271240234,50.477718353271484,51.312767028808594,51.107730865478516,50.11985778808594,49.19349670410156,47.16990661621094,47.12748718261719
0,-44,-96,21,12,56.080299377441406,55.60575485229492,53.25410842895508,53.0,48.30113983154297,52.55473327636719,52.81098556518555,52.39274597167969,56.08921432495117,55.90169906616211,59.53990173339844,62.3939094543457,64.19501495361328,66.12110137939453,67.11929321289062,68.02940368652344,70.028564453125,68.02940368652344,71.0633544921875,73.02738952636719,72.17340087890625,75.1065902709961,73.17103576660156,75.1065902709961,75.23961639404297,75.23961639404297,76.41989135742188,73.55270385742188,74.81310272216797,71.70076751708984,71.02112579345703,69.87130737304688,69.23149871826172,67.08203887939453,66.0984115600586,63.56099319458008,64.76110076904297,61.13100814819336,62.09669876098633,61.13100814819336,56.61272048950195,57.28001403808594,54.4058837890625,54.08327102661133,53.141319274902344,51.62363815307617,51.078372955322266,50.08992004394531,48.3735466003418,47.50789260864258,49.40647888183594,47.50789260864258
0,-44,-96,21,11,55.31726837158203,54.4058837890625,51.865211486816406,51.62363815307617,49.648765563964844,51.4781494140625,49.97999572753906,53.45091247558594,54.5710563659668,55.10898208618164,57.706153869628906,60.406951904296875,62.28964614868164,64.1248779296875,66.37017059326172,66.0302963256836,68.02940368652344,66.12110137939453,70.028564453125,70.1783447265625,70.45565795898438,71.17584228515625,70.11418914794922,71.11258697509766,72.17340087890625,72.24956512451172,72.17340087890625,69.46221923828125,70.45565795898438,68.59300231933594,68.88395690917969,66.91038513183594,67.26811981201172,63.95310592651367,64.13267517089844,62.169124603271484,61.98386764526367,59.66573715209961,58.46366500854492,58.94064712524414,56.75385284423828,57.00876998901367,54.708316802978516,54.08327102661133,52.55473327636719,51.62363815307617,50.990196228027344,50.08992004394531,50.11985778808594,48.87739944458008,49.39635467529297,47.01063537597656
0,-44,-96,20,15,55.973209381103516,52.32590103149414,50.990196228027344,49.04079818725586,49.92995071411133,50.6063232421875,49.658836364746094,50.695167541503906,52.201534271240234,53.16013717651367,57.28001403808594,58.694122314453125,60.20797348022461,62.169124603271484,62.96824645996094,65.92420196533203,65.76473236083984,66.75328063964844,66.61080932617188,69.58448028564453,68.88395690917969,70.57620239257812,67.89698028564453,70.85901641845703,70.21395874023438,72.00694274902344,70.03570556640625,70.03570556640625,69.23149871826172,68.24954223632812,66.70832061767578,67.26811981201172,67.18630981445312,64.53681182861328,64.03124237060547,63.60031509399414,63.24555206298828,60.406951904296875,58.872745513916016,57.87054443359375,58.52349853515625,54.424259185791016,54.7813835144043,52.39274597167969,52.92447280883789,50.08992004394531,50.08992004394531,50.6063232421875,50.2493782043457,47.20169448852539,46.097721099853516,45.96738052368164
0,-44,-96,20,14,55.785301208496094,54.34151077270508,52.46903991699219,50.15974426269531,49.0,49.04079818725586,49.25444030761719,49.497474670410156,50.990196228027344,52.88667297363281,54.4058837890625,56.61272048950195,59.80802536010742,60.926185607910156,61.46543884277344,62.7694206237793,62.2414665222168,65.0,65.79513549804688,67.23094177246094,67.41661834716797,67.779052734375,66.85057830810547,68.02940368652344,69.07966613769531,69.28924560546875,69.6419448852539,68.3520278930664,67.06713104248047,68.00735473632812,64.51356506347656,67.05221557617188,64.8459701538086,64.03124237060547,62.09669876098633,62.09669876098633,61.13100814819336,58.46366500854492,58.24946212768555,58.051700592041016,56.56854248046875,55.90169906616211,54.58937454223633,52.345008850097656,54.147945404052734,52.038448333740234,51.0,50.0099983215332,49.162994384765625,49.25444030761719,49.648765563964844,48.08325958251953
0,-44,-96,21,11,53.0,52.038448333740234,48.50773239135742,47.85394287109375,45.607017517089844,46.48655700683594,47.53945541381836,48.754486083984375,48.764739990234375,51.312767028808594,53.823787689208984,55.60575485229492,56.85068130493164,58.2580451965332,61.073726654052734,61.717098236083984,62.36986541748047,61.61980056762695,65.19202423095703,65.19202423095703,65.29930877685547,66.60330200195312,66.60330200195312,66.52819061279297,68.11754608154297,67.35725402832031,67.35725402832031,67.00746154785156,68.24954223632812,66.21932983398438,66.61080932617188,65.0,63.24555206298828,63.24555206298828,61.587337493896484,61.032779693603516,60.74536895751953,59.07622146606445,57.982757568359375,58.30952072143555,56.82429122924805,56.35601043701172,54.5618896484375,51.89412307739258,52.801513671875,50.32891845703125,51.62363815307617,49.04079818725586,49.04079818725586,48.83646011352539,47.85394287109375,46.010868072509766
0,-44,-96,21,11,55.081756591796875,52.39274597167969,50.635955810546875,49.25444030761719,48.041648864746094,46.0,49.01020431518555,47.381431579589844,49.030601501464844,52.63079071044922,53.45091247558594,56.64803695678711,57.384666442871094,58.30952072143555,59.236812591552734,61.84658432006836,60.008331298828125,63.158531188964844,63.56099319458008,66.30987548828125,64.07807922363281,66.70832061767578,64.07807922363281,66.64083099365234,66.21178436279297,65.79513549804688,66.30987548828125,66.85057830810547,65.55150604248047,65.39112854003906,65.19202423095703,66.128662109375,65.45991516113281,63.24555206298828,61.98386764526367,61.98386764526367,62.62587356567383,59.4810905456543,59.4810905456543,57.00876998901367,58.24946212768555,56.29387283325195,56.88584899902344,54.918121337890625,55.44366455078125,54.230987548828125,53.037723541259766,52.009613037109375,51.009803771972656,51.009803771972656,49.25444030761719,47.85394287109375
0,-44,-96,21,10,53.5350341796875,50.11985778808594,50.537113189697266,48.84669876098633,47.434165954589844,46.097721099853516,46.69047164916992,48.25971221923828,49.04079818725586,49.0,53.037723541259766,55.226806640625,57.21887969970703,57.55866622924805,58.54912567138672,60.530982971191406,61.814239501953125,60.530982971191406,63.150611877441406,63.78871536254883,64.77654266357422,64.77654266357422,64.93843078613281,66.2872543334961,66.2872543334961,66.91038513183594,65.92420196533203,65.76473236083984,65.76473236083984,65.4904556274414,66.48307800292969,65.4904556274414,64.28063201904297,63.19810104370117,63.19810104370117,63.19810104370117,63.19810104370117,60.074954986572266,60.008331298828125,59.0,57.0,57.00876998901367,56.035701751708984,56.22277069091797,55.578773498535156,52.611785888671875,52.95280838012695,51.41984176635742,50.21951675415039,50.59644317626953,49.97999572753906,49.658836364746094
0,-44,-96,21,10,51.03919982910156,48.82622146606445,46.86149978637695,45.27692413330078,43.185646057128906,43.27817153930664,44.10215377807617,44.41846466064453,45.17742919921875,46.615447998046875,49.04079818725586,49.648765563964844,51.54609680175781,53.16013717651367,55.081756591796875,56.29387283325195,55.31726837158203,57.27128601074219,58.051700592041016,58.24946212768555,58.694122314453125,60.63827133178711,59.228370666503906,61.188232421875,61.392181396484375,62.169124603271484,63.150611877441406,61.392181396484375,62.36986541748047,61.392181396484375,61.84658432006836,60.87692642211914,61.400325775146484,59.4810905456543,59.203041076660156,58.24087905883789,58.52349853515625,56.920997619628906,55.36244201660156,56.30275344848633,54.424259185791016,53.851646423339844,53.3104133605957,52.801513671875,52.77309799194336,49.24428939819336,50.774009704589844,49.648765563964844,48.82622146606445,47.6340217590332,47.423622131347656,46.010868072509766
0,-44,-96,21,11,55.56977462768555,53.0,50.21951675415039,51.855567932128906,47.381431579589844,48.10405349731445,48.27007293701172,49.40647888183594,49.39635467529297,49.19349670410156,51.89412307739258,55.54277801513672,58.30952072143555,59.236812591552734,61.09828186035156,60.74536895751953,63.90618133544922,60.74536895751953,66.0984115600586,65.78753662109375,65.78753662109375,66.73080444335938,64.19501495361328,67.72000885009766,68.62215423583984,69.2603759765625,69.57010650634766,68.00735473632812,69.89277648925781,64.8459701538086,68.70953369140625,66.85057830810547,67.23094177246094,66.30987548828125,66.64083099365234,63.56099319458008,63.071388244628906,63.06346130371094,63.06346130371094,64.49806213378906,60.539241790771484,62.433963775634766,58.830265045166016,58.24946212768555,57.00876998901367,54.671749114990234,55.973209381103516,56.58621597290039,50.93132781982422,50.32891845703125,51.400390625,52.15361785888672
0,-44,-96,21,11,54.671749114990234,52.40229034423828,50.93132781982422,48.91830062866211,47.434165954589844,46.3249397277832,46.52956008911133,47.01063537597656,48.46648406982422,50.0,51.6623649597168,54.12947463989258,55.90169906616211,57.706153869628906,59.6824951171875,59.6824951171875,60.530982971191406,60.406951904296875,64.28063201904297,63.28506851196289,63.50590515136719,65.4904556274414,62.513999938964844,66.06814575195312,66.27216339111328,66.48307800292969,66.37017059326172,66.37017059326172,66.37017059326172,66.27216339111328,66.75328063964844,66.91038513183594,66.91038513183594,64.93843078613281,64.93843078613281,64.13267517089844,63.150611877441406,62.585941314697266,61.84658432006836,62.361846923828125,59.13543701171875,59.77457809448242,58.872745513916016,58.872745513916016,55.54277801513672,55.46169662475586,54.120235443115234,54.708316802978516,54.08327102661133,53.25410842895508,52.63079071044922,50.20956039428711
0,-44,-96,21,11,54.488529205322266,51.855567932128906,50.21951675415039,48.82622146606445,47.01063537597656,47.01063537597656,46.615447998046875,46.173583984375,49.24428939819336,51.97114562988281,53.600372314453125,55.226806640625,55.145263671875,58.13776779174805,59.03388977050781,61.073726654052734,62.00806427001953,62.00806427001953,63.0,64.0,64.0,66.0,66.0,66.06814575195312,67.0,66.0,68.0,68.00735473632812,66.0,67.0,66.00757598876953,66.0302963256836,66.12110137939453,66.06814575195312,66.12110137939453,66.18912506103516,63.28506851196289,62.513999938964844,63.50590515136719,62.64982223510742,61.98386764526367,59.228370666503906,60.20797348022461,56.75385284423828,57.28001403808594,55.973209381103516,56.30275344848633,57.00876998901367,54.5618896484375,54.120235443115234,52.15361785888672,50.80354309082031
0,-44,-96,21,11,50.990196228027344,48.41487503051758,48.010414123535156,45.79301071166992,44.72135925292969,42.54409408569336,44.643028259277344,45.35416030883789,45.89117431640625,48.3735466003418,49.162994384765625,52.08646774291992,53.00943374633789,55.0,55.0,56.0,56.080299377441406,58.03447341918945,59.03388977050781,60.074954986572266,59.03388977050781,61.073726654052734,61.073726654052734,63.19810104370117,64.07027435302734,62.20128631591797,65.19202423095703,65.0691909790039,64.1248779296875,63.0079345703125,63.0079345703125,63.071388244628906,63.0,61.00819778442383,63.0,62.0,61.032779693603516,61.032779693603516,60.074954986572266,59.13543701171875,59.41380310058594,57.55866622924805,57.55866622924805,54.918121337890625,55.10898208618164,53.36665725708008,53.851646423339844,55.02726745605469,52.201534271240234,50.56678771972656,50.11985778808594,49.09175109863281
0,-44,-96,21,12,55.145263671875,53.037723541259766,50.0099983215332,52.15361785888672,48.66210174560547,48.27007293701172,48.383880615234375,49.97999572753906,51.4781494140625,51.4781494140625,55.75840759277344,57.14017868041992,57.42821502685547,59.203041076660156,62.20128631591797,62.801273345947266,64.03124237060547,63.411354064941406,66.06814575195312,66.21932983398438,67.00746154785156,67.62396240234375,65.94694519042969,70.03570556640625,69.35416412353516,70.0927963256836,72.24956512451172,68.24954223632812,70.93659210205078,67.26811981201172,69.65629577636719,69.81404113769531,69.20259857177734,68.4105224609375,70.0,66.40029907226562,67.80117797851562,66.61080932617188,66.5732650756836,68.26419067382812,63.1347770690918,65.3681869506836,61.773780822753906,59.4810905456543,61.741397857666016,59.80802536010742,59.80802536010742,61.032779693603516,58.24087905883789,57.723480224609375,56.08921432495117,55.226806640625
0,-44,-96,21,12,51.26402282714844,51.078372955322266,48.764739990234375,46.647613525390625,45.607017517089844,48.10405349731445,48.10405349731445,48.41487503051758,48.82622146606445,49.92995071411133,54.37830352783203,55.4707145690918,56.82429122924805,58.5918083190918,60.373836517333984,61.84658432006836,61.84658432006836,62.2414665222168,64.07807922363281,65.92420196533203,64.25729370117188,66.85057830810547,65.19202423095703,67.779052734375,67.779052734375,67.41661834716797,69.57010650634766,68.3520278930664,71.51223754882812,68.94925689697266,67.779052734375,70.22820281982422,68.54196166992188,67.779052734375,69.46221923828125,66.70832061767578,67.11929321289062,64.8459701538086,67.08203887939453,66.24198150634766,64.0078125,63.28506851196289,62.433963775634766,62.433963775634766,60.464866638183594,58.8217658996582,58.600341796875,59.66573715209961,57.314918518066406,57.314918518066406,56.7274169921875,55.0
0,-44,-96,21,13,53.600372314453125,51.088157653808594,50.0,51.088157653808594,47.381431579589844,47.85394287109375,48.383880615234375,50.32891845703125,51.4781494140625,54.120235443115234,56.4358024597168,58.830265045166016,60.20797348022461,60.464866638183594,61.85466766357422,64.8999252319336,64.637451171875,66.61080932617188,66.40029907226562,69.40460968017578,68.60028839111328,69.81404113769531,69.02897644042969,69.65629577636719,70.60453033447266,71.84010314941406,73.24616241455078,73.40980529785156,73.60027313232422,72.80110168457031,71.40028381347656,73.60027313232422,73.23933410644531,72.42237091064453,70.45565795898438,71.56116485595703,72.40165710449219,69.97142028808594,70.32780456542969,67.60177612304688,69.35416412353516,67.08203887939453,67.08203887939453,65.39112854003906,63.158531188964844,63.324562072753906,63.5688591003418,62.09669876098633,61.392181396484375,60.01666259765625,60.29925537109375,59.07622146606445
0,-44,-96,21,12,52.0,50.537113189697266,48.02082824707031,46.04345703125,48.91830062866211,45.96738052368164,47.50789260864258,48.60041046142578,51.312767028808594,52.35456085205078,55.46169662475586,58.13776779174805,60.926185607910156,62.2414665222168,63.56099319458008,64.07807922363281,66.30987548828125,65.55150604248047,67.67569732666016,69.28924560546875,68.70953369140625,67.41661834716797,68.94925689697266,71.47027587890625,71.16881561279297,70.88018035888672,71.7844009399414,71.86793518066406,72.44998168945312,71.7844009399414,72.44998168945312,73.16419982910156,72.23572540283203,72.61542510986328,70.26378631591797,70.38465881347656,69.46221923828125,69.35416412353516,69.7782211303711,69.31810760498047,65.86349487304688,66.73080444335938,66.8879623413086,64.35060119628906,63.24555206298828,62.20128631591797,61.400325775146484,60.95900344848633,60.14149856567383,59.41380310058594,58.13776779174805,56.40035629272461
0,-44,-96,20,16,55.44366455078125,50.93132781982422,49.57822036743164,46.615447998046875,49.39635467529297,47.41307830810547,50.695167541503906,53.141319274902344,54.120235443115234,55.785301208496094,59.43904495239258,60.41522979736328,63.150611877441406,62.96824645996094,65.76473236083984,68.35934448242188,67.36467742919922,68.35934448242188,69.35416412353516,71.25306701660156,69.46221923828125,70.1783447265625,72.17340087890625,73.17103576660156,73.33484649658203,74.1080322265625,75.1065902709961,76.16429901123047,74.1687240600586,75.05997467041016,74.3303451538086,75.1664810180664,74.4311752319336,73.33484649658203,72.69112396240234,74.67261505126953,74.81310272216797,71.02112579345703,70.40596771240234,69.42621612548828,70.8307876586914,66.70832061767578,69.6419448852539,68.00735473632812,65.802734375,63.5688591003418,63.694583892822266,61.32699203491211,63.52952194213867,61.057350158691406,59.90826416015625,60.605281829833984
0,-44,-96,21,13,54.34151077270508,54.451812744140625,52.038448333740234,51.0,51.088157653808594,50.2493782043457,52.17279052734375,54.5710563659668,57.00876998901367,57.93962478637695,60.539241790771484,62.64982223510742,64.40496826171875,66.64833068847656,69.77105712890625,69.35416412353516,68.96376037597656,70.71067810058594,70.32780456542969,73.82411193847656,73.35530090332031,74.79304504394531,73.43023681640625,76.32168579101562,76.32168579101562,77.17512512207031,76.66159057617188,76.66159057617188,75.80237579345703,77.69813537597656,76.15773010253906,77.89736938476562,77.41446685791016,75.13321685791016,76.02631378173828,75.13321685791016,76.02631378173828,73.34848022460938,74.73285675048828,73.00685119628906,71.69379425048828,72.23572540283203,69.6419448852539,68.3081283569336,67.72000885009766,67.6830825805664,65.73431396484375,65.11528015136719,63.50590515136719,64.19501495361328,62.032249450683594,61.032779693603516
0,-44,-96,21,12,55.10898208618164,51.35172653198242,52.038448333740234,50.0,51.088157653808594,51.62363815307617,52.95280838012695,54.5710563659668,56.32051086425781,56.64803695678711,61.46543884277344,61.741397857666016,64.88451385498047,64.8459701538086,67.11929321289062,71.11258697509766,71.11258697509766,72.01388549804688,72.00694274902344,72.91776275634766,71.58910369873047,74.6860122680664,73.34848022460938,74.30342864990234,74.70609283447266,74.79304504394531,76.92203521728516,76.02631378173828,75.59100341796875,76.47875213623047,75.58438873291016,76.15773010253906,76.55716705322266,74.46475982666016,74.09453582763672,76.15773010253906,73.00685119628906,72.80110168457031,70.83784484863281,69.6419448852539,69.6419448852539,69.6419448852539,69.12307739257812,67.08203887939453,64.93843078613281,64.62971496582031,64.28063201904297,64.03124237060547,63.0,61.0,61.13100814819336,59.6824951171875
0,-44,-96,21,13,60.01666259765625,56.04462432861328,56.920997619628906,55.46169662475586,56.35601043701172,54.708316802978516,57.688819885253906,59.203041076660156,60.95900344848633,62.96824645996094,66.48307800292969,68.59300231933594,71.44927978515625,72.34638977050781,73.66138458251953,74.02702331542969,76.83749389648438,76.69419860839844,78.4091796875,78.4091796875,78.8733139038086,79.02531433105469,78.24320983886719,81.60882568359375,80.21221923828125,82.80096435546875,83.00602722167969,81.60882568359375,82.4196548461914,80.80223083496094,82.61961364746094,82.61961364746094,81.21575927734375,79.8122787475586,78.8733139038086,80.91971588134766,78.64476776123047,77.89736938476562,77.15568542480469,75.00666809082031,76.38062286376953,77.077880859375,72.86288452148438,71.58910369873047,71.0633544921875,69.20259857177734,68.00735473632812,67.67569732666016,67.23094177246094,68.0,67.11929321289062,64.8459701538086
0,-44,-96,21,13,56.30275344848633,55.803226470947266,55.31726837158203,53.81449508666992,55.226806640625,55.44366455078125,56.61272048950195,57.982757568359375,60.0333251953125,61.717098236083984,64.8459701538086,66.21178436279297,68.54196166992188,69.07966613769531,71.30918884277344,72.44998168945312,72.44998168945312,72.11102294921875,74.3303451538086,74.0,73.05477142333984,75.89466094970703,74.94664764404297,75.96051788330078,78.16009521484375,76.5375747680664,78.16009521484375,78.16009521484375,78.16009521484375,78.16009521484375,77.49193572998047,77.79460144042969,77.16217041015625,76.843994140625,75.27283477783203,74.67261505126953,74.09453582763672,74.67261505126953,71.69379425048828,72.61542510986328,73.40980529785156,70.68238830566406,69.77105712890625,68.88395690917969,66.37017059326172,65.51335906982422,65.73431396484375,65.21502685546875,63.25345993041992,63.12685775756836,61.52235412597656,59.66573715209961
0,-43,-96,20,16,59.46427536010742,57.00876998901367,57.42821502685547,56.080299377441406,55.90169906616211,57.00876998901367,58.18934631347656,59.4810905456543,60.63827133178711,63.56099319458008,65.51335906982422,67.08203887939453,68.88395690917969,70.57620239257812,71.56814575195312,73.24616241455078,72.24956512451172,73.24616241455078,74.06078338623047,76.10519409179688,77.10382843017578,77.05841827392578,78.10249328613281,78.00640869140625,81.05553436279297,79.02531433105469,81.00617218017578,81.02468872070312,80.0,80.0,79.10120391845703,80.05622863769531,78.05767059326172,78.10249328613281,77.16217041015625,76.16429901123047,75.42546081542969,74.5452880859375,74.5452880859375,71.84706115722656,73.97972869873047,71.19690704345703,70.40596771240234,68.65857696533203,67.91170501708984,66.7607650756836,66.0984115600586,65.78753662109375,63.694583892822266,62.169124603271484,63.1347770690918,59.90826416015625
0,-43,-96,21,12,60.80295944213867,59.07622146606445,57.80138397216797,57.706153869628906,56.46237564086914,57.584720611572266,58.52349853515625,62.09669876098633,62.585941314697266,64.13267517089844,67.89698028564453,67.47592163085938,69.58448028564453,70.45565795898438,75.32595825195312,72.11102294921875,75.05997467041016,73.10950469970703,75.05997467041016,77.05841827392578,75.1664810180664,78.05767059326172,76.02631378173828,79.00633239746094,79.05693817138672,79.02531433105469,81.02468872070312,78.10249328613281,81.05553436279297,77.02597045898438,79.10120391845703,79.15807342529297,81.3019027709961,76.53103637695312,77.3175277709961,74.4311752319336,75.66372680664062,74.81310272216797,74.3303451538086,72.7804946899414,71.80529022216797,72.7804946899414,68.88395690917969,69.92138671875,68.00735473632812,65.19202423095703,65.55150604248047,64.07807922363281,61.717098236083984,63.631752014160156,59.90826416015625,60.4400520324707
0,-43,-96,21,12,59.16925048828125,57.245086669921875,58.30952072143555,57.384666442871094,58.52349853515625,57.48912811279297,59.84145736694336,59.53990173339844,63.19810104370117,66.06814575195312,67.06713104248047,69.00724792480469,72.0,70.0,72.0,75.02666473388672,74.02702331542969,75.00666809082031,76.10519409179688,77.16217041015625,76.10519409179688,77.16217041015625,77.10382843017578,78.05767059326172,79.15807342529297,77.10382843017578,80.22468566894531,80.09993743896484,78.16009521484375,79.10120391845703,77.0064926147461,78.10249328613281,78.00640869140625,77.0,77.0,77.0,75.00666809082031,73.02738952636719,72.17340087890625,71.25306701660156,70.25667572021484,69.46221923828125,68.73136138916016,64.93843078613281,66.0984115600586,65.30696868896484,65.0,64.56005096435547,63.24555206298828,60.926185607910156,60.373836517333984,58.30952072143555
0,-43,-96,21,13,64.76110076904297,64.8459701538086,65.0,63.158531188964844,61.773780822753906,63.1347770690918,63.812225341796875,65.45991516113281,68.4105224609375,68.88395690917969,72.24956512451172,72.13875579833984,75.66372680664062,76.3675308227539,78.49203491210938,78.51751708984375,79.24645233154297,78.49203491210938,80.05622863769531,81.39410400390625,80.65978240966797,82.07313537597656,80.80841827392578,82.46211242675781,83.09632873535156,83.63013458251953,85.04116821289062,84.2199478149414,83.73768615722656,81.56592559814453,82.87943267822266,82.8070068359375,82.07313537597656,80.62257385253906,80.61017608642578,79.19596099853516,79.19596099853516,75.66372680664062,74.96665954589844,75.1664810180664,74.41101837158203,73.75635528564453,73.40980529785156,71.40028381347656,70.21395874023438,67.41661834716797,67.23094177246094,69.35416412353516,65.7419204711914,64.47480010986328,64.07807922363281,63.324562072753906
0,-43,-96,21,12,60.530982971191406,59.43904495239258,57.28001403808594,59.203041076660156,57.584720611572266,60.008331298828125,59.4810905456543,60.8276252746582,63.1347770690918,61.29437255859375,66.0302963256836,66.85057830810547,69.20259857177734,70.60453033447266,73.40980529785156,69.81404113769531,75.43209075927734,72.00694274902344,75.28611755371094,74.02702331542969,75.43209075927734,76.83749389648438,73.75635528564453,75.82215881347656,77.98717498779297,78.10249328613281,79.5110092163086,76.40026092529297,78.10249328613281,74.81310272216797,75.60423278808594,76.40026092529297,76.6093978881836,74.63243103027344,75.1664810180664,71.84706115722656,73.23933410644531,71.56116485595703,71.34423828125,69.83551788330078,68.0,69.77105712890625,65.7419204711914,64.40496826171875,64.62197875976562,62.96824645996094,62.297672271728516,62.09669876098633,57.723480224609375,58.24946212768555,57.87054443359375,58.13776779174805
0,-43,-96,21,12,65.30696868896484,64.03124237060547,61.6846809387207,62.62587356567383,61.46543884277344,59.93329620361328,65.0,65.51335906982422,66.0302963256836,66.85057830810547,71.40028381347656,72.00694274902344,73.75635528564453,72.62230682373047,76.83749389648438,76.48529052734375,76.41989135742188,75.82215881347656,79.93122100830078,79.98124694824219,78.51751708984375,80.62257385253906,78.49203491210938,81.32035064697266,80.62257385253906,82.02438354492188,81.32035064697266,79.93122100830078,81.3449478149414,79.90619659423828,82.134033203125,79.24645233154297,79.24645233154297,77.98717498779297,77.23341369628906,75.82215881347656,75.28611755371094,75.43209075927734,72.80110168457031,73.00685119628906,71.02816009521484,71.28113555908203,69.6419448852539,67.41661834716797,67.23094177246094,64.49806213378906,64.41273498535156,64.40496826171875,62.3939094543457,62.93647766113281,59.203041076660156,59.03388977050781
0,-43,-96,20,16,65.78753662109375,64.25729370117188,62.64982223510742,63.071388244628906,65.0,61.85466766357422,63.82006072998047,66.40029907226562,66.84310150146484,68.01470184326172,71.44927978515625,72.12489318847656,74.24958038330078,74.24958038330078,75.66372680664062,77.077880859375,77.79460144042969,77.79460144042969,77.15568542480469,80.62257385253906,78.49203491210938,80.62257385253906,79.30951690673828,81.56592559814453,80.05622863769531,80.80841827392578,80.62257385253906,82.03657531738281,81.32035064697266,79.93122100830078,77.79460144042969,80.65978240966797,78.56844329833984,77.89736938476562,77.33692169189453,75.00666809082031,75.07329559326172,75.1664810180664,74.02702331542969,70.0,70.45565795898438,69.065185546875,69.1158447265625,66.5732650756836,66.73080444335938,64.41273498535156,63.95310592651367,63.694583892822266,61.09828186035156,60.74536895751953,58.24087905883789,56.29387283325195
0,-43,-96,21,12,62.68173599243164,61.61168670654297,63.411354064941406,63.03173828125,60.8276252746582,62.93647766113281,63.25345993041992,64.03124237060547,65.0,65.45991516113281,69.065185546875,69.3397445678711,73.24616241455078,72.71863555908203,74.09453582763672,75.66372680664062,76.05918884277344,72.56031799316406,77.02597045898438,76.5375747680664,77.5241928100586,78.29431915283203,76.05918884277344,78.77182006835938,77.41446685791016,79.17701721191406,81.41252899169922,78.39005279541016,78.892333984375,76.15773010253906,76.85050201416016,76.85050201416016,77.38862609863281,75.1664810180664,74.06078338623047,71.28113555908203,72.20111083984375,71.21797180175781,69.65629577636719,69.65629577636719,66.60330200195312,67.26811981201172,65.79513549804688,65.05382537841797,61.55485534667969,60.20797348022461,60.95900344848633,60.0,58.24946212768555,59.36328887939453,55.94640350341797,54.625999450683594
0,-43,-96,20,16,68.50547790527344,66.37017059326172,65.76473236083984,67.97793579101562,65.39112854003906,67.06713104248047,68.96376037597656,67.18630981445312,70.0927963256836,69.63475799560547,74.3303451538086,75.95393371582031,77.10382843017578,78.91767883300781,80.8949966430664,80.62257385253906,81.39410400390625,79.5110092163086,83.2946548461914,84.59314727783203,82.73451232910156,82.38932037353516,83.38465118408203,84.2911605834961,84.48076629638672,85.47514343261719,84.71717834472656,84.59314727783203,84.71717834472656,84.48076629638672,84.01190185546875,82.20097351074219,81.21575927734375,80.41144561767578,79.62411499023438,76.29547882080078,77.66595458984375,75.18643188476562,75.18643188476562,74.04052734375,72.42237091064453,70.21395874023438,70.51950073242188,68.70953369140625,65.92420196533203,66.70832061767578,65.7419204711914,64.0078125,63.28506851196289,61.587337493896484,59.64059066772461,57.628116607666016
0,-43,-96,21,12,67.74215698242188,68.44705963134766,66.94026947021484,67.18630981445312,66.0984115600586,65.19202423095703,65.39112854003906,68.87670135498047,70.66116333007812,69.35416412353516,71.19690704345703,75.80237579345703,77.69813537597656,76.32168579101562,79.07591247558594,79.61155700683594,80.15609741210938,80.15609741210938,80.70935821533203,80.70935821533203,82.15229797363281,83.76156616210938,81.54139709472656,81.84130859375,84.31488800048828,83.23461151123047,84.59905242919922,82.49242401123047,81.3019027709961,82.68010711669922,77.89736938476562,79.25907135009766,80.52949523925781,77.41446685791016,78.71467590332031,76.92203521728516,74.24958038330078,74.24958038330078,75.23961639404297,72.61542510986328,70.22820281982422,70.83784484863281,69.2603759765625,66.0984115600586,65.0,61.61168670654297,64.13267517089844,63.78871536254883,61.400325775146484,59.07622146606445,59.0,57.07889175415039
0,-43,-96,21,11,65.79513549804688,64.62197875976562,63.90618133544922,66.0984115600586,65.25334930419922,65.11528015136719,64.93843078613281,67.60177612304688,67.36467742919922,71.0633544921875,72.00694274902344,72.00694274902344,75.0,77.0,77.0,77.05841827392578,77.05841827392578,77.05841827392578,78.16009521484375,80.09993743896484,80.02499389648438,80.09993743896484,79.10120391845703,81.39410400390625,84.148681640625,79.15807342529297,80.3056640625,81.05553436279297,79.10120391845703,79.22752380371094,78.025634765625,79.0,78.00640869140625,76.0,75.0,75.0,73.0,72.02777099609375,73.06161499023438,69.1158447265625,68.26419067382812,66.27216339111328,67.47592163085938,64.77654266357422,63.95310592651367,60.41522979736328,61.392181396484375,59.90826416015625,59.4810905456543,58.872745513916016,56.46237564086914,53.66563034057617
0,-43,-96,21,12,65.52098846435547,65.0,65.11528015136719,65.11528015136719,63.3876953125,64.38167572021484,66.0302963256836,67.0,68.0,67.02984619140625,72.17340087890625,73.33484649658203,75.42546081542969,75.32595825195312,76.65507507324219,78.77182006835938,76.94153594970703,78.77182006835938,78.91767883300781,80.0624771118164,78.63841247558594,81.04936981201172,79.07591247558594,81.58431243896484,82.37718200683594,83.02409362792969,83.86298370361328,81.74349975585938,80.7527084350586,80.8949966430664,77.3175277709961,80.5046615600586,79.22752380371094,75.23961639404297,77.10382843017578,74.24284362792969,74.1687240600586,71.02816009521484,71.0,69.0,69.0,66.00757598876953,66.0302963256836,63.12685775756836,63.19810104370117,61.814239501953125,60.20797348022461,59.43904495239258,57.9741325378418,56.32051086425781,54.08327102661133,54.625999450683594
0,-43,-96,20,15,68.00735473632812,67.67569732666016,66.48307800292969,65.96968841552734,66.2872543334961,67.74215698242188,66.61080932617188,69.35416412353516,70.25667572021484,69.00724792480469,74.02702331542969,76.05918884277344,77.05841827392578,77.16217041015625,77.0,78.05767059326172,80.02499389648438,78.10249328613281,81.1541748046875,82.00609588623047,80.0062484741211,81.00617218017578,81.09870910644531,85.28775024414062,82.2192153930664,83.15046691894531,84.0238037109375,82.0,83.0,80.0062484741211,79.02531433105469,80.02499389648438,78.16009521484375,77.23341369628906,77.41446685791016,75.23961639404297,75.1065902709961,72.24956512451172,70.45565795898438,69.72087097167969,68.88395690917969,68.24954223632812,67.6830825805664,65.96968841552734,63.89052963256836,61.6846809387207,60.74536895751953,60.008331298828125,57.775428771972656,58.600341796875,55.07267761230469,54.918121337890625
0,-43,-96,20,15,66.91038513183594,63.95310592651367,67.91170501708984,65.52098846435547,64.51356506347656,64.8459701538086,66.70832061767578,66.64083099365234,68.47627258300781,70.23532104492188,72.56031799316406,72.71863555908203,76.85050201416016,75.1664810180664,74.3303451538086,79.05693817138672,76.843994140625,79.32212829589844,77.20103454589844,78.00640869140625,79.4040298461914,80.0,81.02468872070312,81.4002456665039,81.02468872070312,80.80223083496094,81.02468872070312,80.44873809814453,78.00640869140625,79.88116455078125,76.27581787109375,77.66595458984375,78.49203491210938,75.1664810180664,74.94664764404297,74.4311752319336,73.43023681640625,69.35416412353516,68.88395690917969,67.08203887939453,69.31810760498047,64.8459701538086,64.88451385498047,60.539241790771484,61.46543884277344,58.52349853515625,57.87054443359375,56.75385284423828,56.75385284423828,54.7448616027832,54.451812744140625,52.08646774291992
0,-43,-96,21,11,63.60031509399414,64.8459701538086,64.88451385498047,64.88451385498047,63.06346130371094,64.49806213378906,64.66065216064453,66.5732650756836,68.24221801757812,70.0,70.43436431884766,72.34638977050781,75.28611755371094,74.41101837158203,77.33692169189453,77.15568542480469,78.56844329833984,76.5767593383789,78.49203491210938,79.24645233154297,78.56844329833984,80.72174072265625,78.56844329833984,79.20858764648438,80.65978240966797,80.65978240966797,82.134033203125,77.98717498779297,80.80841827392578,78.74642944335938,79.64923095703125,77.6208724975586,76.40026092529297,75.0,74.40430450439453,72.67048645019531,71.84706115722656,69.89277648925781,69.97142028808594,68.09552001953125,65.86349487304688,67.60177612304688,65.30696868896484,63.50590515136719,60.926185607910156,59.236812591552734,58.872745513916016,58.52349853515625,57.00876998901367,55.31726837158203,54.918121337890625,53.23532485961914
0,-43,-96,21,11,67.67569732666016,64.66065216064453,65.76473236083984,65.29930877685547,64.07807922363281,64.25729370117188,67.67569732666016,67.35725402832031,69.37578582763672,68.680419921875,71.58910369873047,73.34848022460938,75.50496673583984,75.95393371582031,78.44743347167969,77.78174591064453,77.92945861816406,77.78174591064453,78.63841247558594,80.0624771118164,80.41144561767578,81.04936981201172,79.90619659423828,82.60750579833984,82.73451232910156,81.04936981201172,82.03657531738281,79.90619659423828,81.21575927734375,78.26238250732422,78.85429382324219,78.10249328613281,77.6208724975586,76.65507507324219,74.46475982666016,73.76313781738281,73.08214569091797,73.37574768066406,71.47027587890625,70.22820281982422,67.06713104248047,66.48307800292969,64.07807922363281,62.2414665222168,61.717098236083984,59.6824951171875,59.6824951171875,57.982757568359375,56.61272048950195,55.0,53.90732955932617,50.93132781982422
0,-43,-96,21,11,63.411354064941406,61.85466766357422,64.14047241210938,60.8276252746582,61.717098236083984,62.169124603271484,63.324562072753906,63.90618133544922,65.45991516113281,68.62215423583984,69.92138671875,70.3420181274414,71.0633544921875,72.03471374511719,71.80529022216797,74.73285675048828,76.48529052734375,76.29547882080078,75.31268310546875,78.44743347167969,75.50496673583984,77.66595458984375,76.29547882080078,78.08969116210938,78.44743347167969,78.44743347167969,76.90253448486328,78.10249328613281,74.95331573486328,76.68767547607422,74.46475982666016,75.96051788330078,75.28611755371094,71.16881561279297,72.42237091064453,71.47027587890625,71.47027587890625,68.00735473632812,66.48307800292969,65.19202423095703,64.07807922363281,62.64982223510742,61.717098236083984,59.4810905456543,58.18075180053711,57.45433044433594,55.75840759277344,53.823787689208984,54.20331954956055,51.7397346496582,51.088157653808594,48.08325958251953
0,-43,-96,21,11,68.4105224609375,66.94026947021484,67.08203887939453,67.08203887939453,68.59300231933594,66.18912506103516,68.02940368652344,68.0,71.0,72.02777099609375,75.1664810180664,75.32595825195312,76.41989135742188,77.64663696289062,78.51751708984375,77.78174591064453,77.78174591064453,79.76214599609375,80.8949966430664,80.7527084350586,80.62257385253906,82.73451232910156,79.76214599609375,82.20097351074219,83.02409362792969,82.87339782714844,83.72574615478516,81.74349975585938,81.74349975585938,81.49846649169922,79.4040298461914,78.23043060302734,77.23341369628906,75.1065902709961,76.02631378173828,75.1065902709961,75.02666473388672,73.00685119628906,72.0,69.00724792480469,66.06814575195312,66.12110137939453,66.37017059326172,61.52235412597656,61.814239501953125,60.01666259765625,58.24946212768555,57.48912811279297,56.75385284423828,56.32051086425781,54.424259185791016,50.990196228027344
0,-42,-96,20,14,64.49806213378906,65.19202423095703,65.0,65.0,64.07027435302734,65.27633666992188,65.4904556274414,66.0984115600586,66.0984115600586,68.88395690917969,71.0633544921875,71.56814575195312,74.72616577148438,73.08214569091797,75.96051788330078,75.58438873291016,74.94664764404297,74.94664764404297,77.16217041015625,77.16217041015625,76.843994140625,77.79460144042969,77.16217041015625,77.8331527709961,80.0062484741211,77.49193572998047,78.43468475341797,78.74642944335938,76.843994140625,75.89466094970703,75.96051788330078,75.96051788330078,74.95331573486328,72.2772445678711,73.75635528564453,71.80529022216797,69.42621612548828,68.06614685058594,68.06614685058594,65.92420196533203,65.4904556274414,64.38167572021484,61.29437255859375,59.00847244262695,58.03447341918945,57.00876998901367,58.03447341918945,56.080299377441406,54.33230972290039,53.46026611328125,51.788028717041016,49.72926712036133
0,-42,-96,20,14,65.4904556274414,65.4904556274414,64.93843078613281,65.30696868896484,66.21932983398438,66.40782928466797,65.78753662109375,68.70953369140625,70.38465881347656,72.01388549804688,73.35530090332031,72.06941223144531,75.29276275634766,75.80237579345703,76.5375747680664,78.03204345703125,77.17512512207031,76.32168579101562,77.17512512207031,78.892333984375,79.25907135009766,79.75587463378906,78.23043060302734,80.70935821533203,80.70935821533203,80.4549560546875,81.3019027709961,81.4923324584961,79.75587463378906,76.32168579101562,75.59100341796875,78.29431915283203,78.29431915283203,73.34848022460938,75.58438873291016,72.44998168945312,72.44998168945312,70.66116333007812,70.38465881347656,68.70953369140625,65.78753662109375,65.45991516113281,62.93647766113281,59.4810905456543,61.61168670654297,58.24946212768555,58.051700592041016,57.706153869628906,55.578773498535156,53.33854293823242,53.15073013305664,51.0
0,-42,-96,21,10,65.0,64.03124237060547,63.78087615966797,64.44377136230469,65.76473236083984,65.19202423095703,64.81512451171875,66.40029907226562,68.24221801757812,70.45565795898438,71.34423828125,71.34423828125,73.06161499023438,74.30342864990234,75.29276275634766,78.71467590332031,75.13321685791016,76.05918884277344,76.47875213623047,78.71467590332031,78.71467590332031,77.82672882080078,77.82672882080078,78.29431915283203,79.15807342529297,79.15807342529297,78.29431915283203,79.17701721191406,76.47875213623047,76.47875213623047,75.29276275634766,76.66159057617188,75.80237579345703,73.24616241455078,72.20111083984375,72.40165710449219,70.72481536865234,68.818603515625,67.20118713378906,64.81512451171875,65.6048812866211,62.62587356567383,63.89052963256836,60.14149856567383,58.728187561035156,56.56854248046875,55.865909576416016,54.5618896484375,53.413482666015625,53.00943374633789,51.312767028808594,49.24428939819336
0,-42,-96,20,14,68.01470184326172,66.40029907226562,66.85057830810547,64.35060119628906,65.86349487304688,66.64833068847656,66.18912506103516,65.79513549804688,70.38465881347656,70.22820281982422,74.0,72.42237091064453,76.5375747680664,75.69015502929688,77.20103454589844,78.84795379638672,78.10249328613281,77.6208724975586,79.83106994628906,78.33900451660156,79.55501556396484,81.25269317626953,79.07591247558594,81.78630828857422,81.25269317626953,81.25269317626953,82.0,79.55501556396484,79.8122787475586,78.58753204345703,75.96051788330078,78.16009521484375,76.843994140625,75.28611755371094,74.63243103027344,73.37574768066406,72.11102294921875,69.28924560546875,70.38465881347656,68.70953369140625,67.5425796508789,64.88451385498047,63.50590515136719,61.717098236083984,60.90156173706055,57.14017868041992,57.14017868041992,56.035701751708984,55.0,53.26349639892578,51.088157653808594,50.20956039428711
0,-42,-96,21,10,65.39112854003906,64.25729370117188,64.19501495361328,65.52098846435547,64.76110076904297,66.70832061767578,66.61080932617188,68.4689712524414,69.46221923828125,69.2603759765625,72.17340087890625,73.06161499023438,73.02738952636719,75.00666809082031,77.0064926147461,77.0064926147461,80.0,76.0,81.0,80.0,80.0062484741211,80.0062484741211,79.02531433105469,80.0,80.0,81.0,81.0,78.025634765625,80.05622863769531,77.05841827392578,77.3175277709961,77.23341369628906,75.42546081542969,73.43704986572266,74.4311752319336,72.56031799316406,70.71067810058594,68.88395690917969,68.24954223632812,67.46851348876953,65.0,64.03124237060547,61.13100814819336,59.77457809448242,60.74536895751953,57.245086669921875,57.775428771972656,54.5618896484375,53.23532485961914,52.15361785888672,52.15361785888672,49.40647888183594
0,-42,-96,21,10,66.64083099365234,65.39112854003906,64.8459701538086,66.40782928466797,67.18630981445312,66.94026947021484,66.2872543334961,66.75328063964844,71.84706115722656,71.44927978515625,74.3303451538086,75.1664810180664,76.05918884277344,76.02631378173828,79.22752380371094,78.05767059326172,79.00633239746094,81.05553436279297,79.00633239746094,80.05622863769531,80.09993743896484,81.05553436279297,81.00617218017578,81.0,82.00609588623047,81.00617218017578,82.05486297607422,81.1541748046875,80.22468566894531,79.22752380371094,76.41989135742188,77.41446685791016,77.5241928100586,74.81310272216797,74.96665954589844,73.97972869873047,71.70076751708984,70.40596771240234,67.91170501708984,67.6830825805664,65.96968841552734,64.56005096435547,64.19501495361328,60.406951904296875,61.46543884277344,57.384666442871094,58.18075180053711,58.13776779174805,54.58937454223633,53.0,51.865211486816406,50.6063232421875
0,-42,-96,20,14,63.78871536254883,64.49806213378906,65.0691909790039,65.0691909790039,62.0,66.00757598876953,65.19202423095703,66.37017059326172,67.47592163085938,68.88395690917969,71.84706115722656,73.34848022460938,74.52516174316406,74.95331573486328,76.68767547607422,77.36924743652344,78.33900451660156,76.15773010253906,78.84795379638672,80.52328491210938,79.83106994628906,80.04998779296875,77.87811279296875,82.00609588623047,79.30951690673828,81.02468872070312,79.62411499023438,78.85429382324219,79.83106994628906,76.68767547607422,76.29547882080078,77.10382843017578,74.81310272216797,73.68174743652344,72.56031799316406,71.56814575195312,71.44927978515625,69.2603759765625,67.11929321289062,67.06713104248047,65.03076171875,65.0,62.00806427001953,62.07253646850586,60.20797348022461,56.32051086425781,55.44366455078125,55.90169906616211,50.990196228027344,52.17279052734375,50.96076965332031,49.39635467529297
0,-42,-96,21,10,65.19202423095703,65.802734375,63.411354064941406,64.81512451171875,64.53681182861328,65.0691909790039,65.76473236083984,66.52819061279297,68.7677230834961,70.0,71.02816009521484,73.49829864501953,76.00657653808594,76.00657653808594,78.23681640625,77.38862609863281,77.93586730957031,77.66595458984375,77.69813537597656,79.32212829589844,79.6303939819336,80.44873809814453,78.77182006835938,80.62257385253906,80.77747344970703,79.61155700683594,80.44873809814453,79.6303939819336,79.05693817138672,79.6303939819336,77.20103454589844,79.02531433105469,76.69419860839844,74.5184555053711,74.41101837158203,71.0633544921875,71.70076751708984,68.11754608154297,68.680419921875,67.17886352539062,65.76473236083984,63.65532302856445,62.481998443603516,61.61980056762695,60.0,58.8217658996582,55.4707145690918,56.080299377441406,53.851646423339844,52.839378356933594,51.88448715209961,49.39635467529297
0,-42,-96,21,10,61.52235412597656,59.53990173339844,60.01666259765625,61.392181396484375,61.13100814819336,61.032779693603516,62.96824645996094,62.7694206237793,66.30987548828125,64.40496826171875,69.31810760498047,69.77105712890625,72.94518280029297,72.94518280029297,75.59100341796875,74.79304504394531,75.29276275634766,73.35530090332031,75.29276275634766,75.66372680664062,75.59100341796875,76.15773010253906,75.66372680664062,77.17512512207031,78.03204345703125,77.5241928100586,77.82672882080078,76.47875213623047,75.58438873291016,73.79024505615234,73.34848022460938,74.24958038330078,73.9256362915039,70.7742919921875,69.6419448852539,69.07966613769531,69.28924560546875,67.06713104248047,64.51356506347656,62.64183807373047,61.400325775146484,61.13100814819336,59.90826416015625,58.051700592041016,57.706153869628906,54.58937454223633,53.33854293823242,53.0848388671875,50.0099983215332,51.0,49.01020431518555,46.27094268798828
0,-42,-96,20,14,62.7694206237793,63.52952194213867,65.30696868896484,64.07807922363281,65.19202423095703,64.19501495361328,65.52098846435547,66.94026947021484,68.15423583984375,70.21395874023438,71.02112579345703,73.68174743652344,76.53103637695312,73.68174743652344,76.53103637695312,77.41446685791016,75.42546081542969,79.4040298461914,79.4040298461914,80.39900207519531,79.5110092163086,78.51751708984375,79.30951690673828,81.22191619873047,81.39410400390625,79.4040298461914,79.5110092163086,80.7527084350586,78.51751708984375,77.5241928100586,75.66372680664062,76.94153594970703,74.3303451538086,74.14849853515625,73.75635528564453,71.38627624511719,70.40596771240234,67.91170501708984,67.18630981445312,66.7607650756836,66.0984115600586,63.90618133544922,63.5688591003418,60.539241790771484,57.775428771972656,55.46169662475586,55.4707145690918,54.58937454223633,54.20331954956055,52.15361785888672,50.0,48.27007293701172
0,-42,-96,21,10,61.91122817993164,61.91122817993164,61.717098236083984,62.64982223510742,61.09828186035156,62.62587356567383,62.361846923828125,64.28841400146484,66.70832061767578,66.4906005859375,68.24954223632812,71.02112579345703,73.68174743652344,73.55270385742188,74.96665954589844,74.4311752319336,75.42546081542969,74.4311752319336,77.41446685791016,77.41446685791016,75.66372680664062,77.41446685791016,75.53807067871094,79.30951690673828,78.51751708984375,79.6303939819336,78.51751708984375,74.67261505126953,77.5241928100586,74.5452880859375,75.13321685791016,74.3303451538086,73.97972869873047,71.38627624511719,70.61161041259766,68.65857696533203,68.88395690917969,66.94026947021484,65.0,64.28841400146484,61.400325775146484,61.032779693603516,60.406951904296875,60.16643524169922,56.46237564086914,53.712196350097656,54.5618896484375,52.77309799194336,50.6063232421875,49.39635467529297,48.82622146606445,47.50789260864258
0,-43,-96,20,14,62.96824645996094,61.6846809387207,63.78871536254883,64.32728576660156,64.77654266357422,64.28063201904297,65.12296295166016,65.03076171875,69.0,72.0,73.0,73.06161499023438,74.1687240600586,74.1080322265625,77.23341369628906,77.41446685791016,77.5241928100586,76.41989135742188,78.63841247558594,78.4091796875,76.32168579101562,80.62257385253906,77.41446685791016,80.8949966430664,80.3056640625,78.4091796875,80.39900207519531,79.4040298461914,79.4040298461914,78.4091796875,77.23341369628906,76.10519409179688,75.1065902709961,74.06078338623047,73.06161499023438,72.00694274902344,71.0,68.00735473632812,67.02984619140625,66.12110137939453,65.12296295166016,62.20128631591797,63.3876953125,59.53990173339844,57.55866622924805,56.08921432495117,55.31726837158203,54.5710563659668,53.45091247558594,51.865211486816406,49.76947021484375,47.41307830810547
0,-42,-96,21,10,62.3939094543457,59.84145736694336,62.169124603271484,59.90826416015625,63.24555206298828,60.406951904296875,64.62197875976562,65.0,67.11929321289062,67.97793579101562,70.23532104492188,72.00694274902344,72.94518280029297,72.4706802368164,72.94518280029297,77.17512512207031,74.4311752319336,75.80237579345703,76.32168579101562,77.5241928100586,77.41446685791016,77.5241928100586,77.5241928100586,77.17512512207031,78.39005279541016,76.15773010253906,76.5375747680664,77.82672882080078,73.82411193847656,76.94153594970703,73.79024505615234,75.1531753540039,74.73285675048828,72.61542510986328,70.38465881347656,70.7742919921875,68.70953369140625,68.3520278930664,65.45991516113281,63.60031509399414,63.60031509399414,59.203041076660156,61.84658432006836,58.24946212768555,57.706153869628906,54.58937454223633,53.23532485961914,52.239830017089844,52.038448333740234,51.0,49.04079818725586,46.27094268798828
0,-43,-96,20,14,62.817195892333984,60.4400520324707,64.51356506347656,62.032249450683594,64.47480010986328,61.741397857666016,64.41273498535156,65.51335906982422,66.37017059326172,70.1783447265625,70.45565795898438,72.42237091064453,72.20111083984375,75.0,75.80237579345703,79.02531433105469,76.05918884277344,77.801025390625,77.6208724975586,79.8122787475586,79.2022705078125,80.60397338867188,79.8122787475586,80.43009185791016,81.4002456665039,79.8122787475586,79.4040298461914,79.6303939819336,76.843994140625,79.4040298461914,74.3303451538086,75.47184753417969,74.94664764404297,73.9256362915039,74.4311752319336,73.9256362915039,70.71067810058594,68.88395690917969,67.08203887939453,63.976558685302734,66.70832061767578,61.84658432006836,62.032249450683594,58.52349853515625,56.61272048950195,54.120235443115234,55.54277801513672,54.34151077270508,52.95280838012695,49.25444030761719,48.166378021240234,46.0
0,-43,-96,21,10,63.52952194213867,63.28506851196289,63.24555206298828,63.60031509399414,63.78087615966797,65.11528015136719,66.4680404663086,66.52819061279297,68.01470184326172,68.88395690917969,72.62230682373047,73.40980529785156,75.0,77.20103454589844,78.23681640625,78.77182006835938,78.23043060302734,77.38862609863281,79.07591247558594,79.92496490478516,79.32212829589844,81.54139709472656,78.77182006835938,81.3019027709961,80.4549560546875,81.54139709472656,80.4549560546875,79.32212829589844,77.93586730957031,77.17512512207031,79.05693817138672,79.05693817138672,76.6093978881836,73.60027313232422,74.40430450439453,72.20111083984375,71.84010314941406,70.43436431884766,69.52696990966797,65.85590362548828,64.53681182861328,63.70243453979492,62.22539520263672,60.14149856567383,56.58621597290039,56.7274169921875,54.671749114990234,55.0,52.430908203125,52.69725036621094,49.73931884765625,46.957427978515625
0,-42,-96,21,10,61.84658432006836,61.269893646240234,59.6824951171875,59.36328887939453,61.032779693603516,60.80295944213867,64.53681182861328,63.70243453979492,66.48307800292969,67.88224792480469,68.59300231933594,70.00714111328125,72.13875579833984,74.3303451538086,73.66138458251953,75.1664810180664,74.5184555053711,75.1664810180664,75.1664810180664,77.6208724975586,75.28611755371094,76.05918884277344,75.92759704589844,77.33692169189453,75.82215881347656,77.33692169189453,75.92759704589844,75.92759704589844,74.41101837158203,75.1664810180664,73.59347534179688,73.66138458251953,73.59347534179688,70.72481536865234,70.00714111328125,69.29646301269531,68.01470184326172,65.29930877685547,65.4369888305664,63.25345993041992,62.62587356567383,59.81638717651367,60.605281829833984,57.688819885253906,56.035701751708984,54.37830352783203,52.839378356933594,50.11985778808594,49.658836364746094,48.703182220458984,48.703182220458984,45.880279541015625
0,-43,-96,21,10,60.216278076171875,59.66573715209961,60.8276252746582,61.52235412597656,60.20797348022461,62.481998443603516,62.00806427001953,63.60031509399414,66.2872543334961,66.0378646850586,68.26419067382812,69.97142028808594,72.56031799316406,73.06161499023438,74.79304504394531,72.94518280029297,74.70609283447266,73.43023681640625,76.94153594970703,76.94153594970703,75.66372680664062,77.41446685791016,74.30342864990234,76.94153594970703,77.89736938476562,77.41446685791016,78.39005279541016,76.32168579101562,76.32168579101562,73.9256362915039,74.625732421875,75.7165756225586,72.94518280029297,70.45565795898438,69.63475799560547,68.00735473632812,67.80117797851562,64.03124237060547,65.29930877685547,63.89052963256836,60.87692642211914,62.96824645996094,57.982757568359375,58.0,55.90169906616211,52.63079071044922,52.801513671875,51.865211486816406,48.25971221923828,48.02082824707031,46.52956008911133,46.615447998046875
0,-42,-96,21,10,59.6824951171875,60.41522979736328,58.600341796875,61.741397857666016,60.539241790771484,62.297672271728516,62.93647766113281,65.52098846435547,64.03124237060547,65.30696868896484,68.88395690917969,70.71067810058594,71.56814575195312,72.44308471679688,73.82411193847656,73.43704986572266,75.53807067871094,72.56031799316406,76.41989135742188,75.53807067871094,74.81310272216797,76.65507507324219,74.4311752319336,75.23961639404297,76.32168579101562,80.39900207519531,78.4091796875,75.53807067871094,76.79192352294922,73.68174743652344,73.97972869873047,73.16419982910156,73.75635528564453,70.61161041259766,70.8307876586914,67.6830825805664,67.6830825805664,65.96968841552734,64.03124237060547,64.8459701538086,61.032779693603516,60.083274841308594,58.30952072143555,57.384666442871094,55.03635025024414,53.22593307495117,52.77309799194336,50.11985778808594,48.3735466003418,48.25971221923828,46.615447998046875,44.68780517578125
0,-43,-96,20,14,61.52235412597656,59.6824951171875,60.63827133178711,60.16643524169922,62.93647766113281,61.6846809387207,63.694583892822266,63.56099319458008,65.39112854003906,68.42514038085938,69.35416412353516,70.32780456542969,71.69379425048828,72.56031799316406,72.56031799316406,74.79304504394531,75.29276275634766,74.79304504394531,75.80237579345703,76.15773010253906,74.79304504394531,78.29431915283203,76.15773010253906,76.85050201416016,77.69813537597656,76.66159057617188,77.82672882080078,76.47875213623047,74.70609283447266,75.13321685791016,73.34848022460938,73.40980529785156,72.49827575683594,71.17584228515625,70.57620239257812,71.30918884277344,69.07966613769531,64.62197875976562,64.51356506347656,62.64183807373047,63.06346130371094,61.13100814819336,60.63827133178711,58.051700592041016,56.56854248046875,54.33230972290039,54.147945404052734,53.037723541259766,51.03919982910156,49.0,48.0,47.26520919799805
0,-42,-96,20,14,62.96824645996094,61.32699203491211,64.0078125,63.631752014160156,62.12889862060547,63.82006072998047,64.03124237060547,65.19202423095703,67.26811981201172,68.680419921875,71.50524139404297,72.86288452148438,74.24958038330078,74.2765121459961,77.79460144042969,77.15568542480469,77.15568542480469,77.15568542480469,78.74642944335938,80.91971588134766,76.48529052734375,80.91971588134766,77.89736938476562,79.39773559570312,79.30951690673828,79.30951690673828,80.80841827392578,77.89736938476562,77.15568542480469,76.48529052734375,77.10382843017578,76.41989135742188,77.15568542480469,72.86288452148438,72.12489318847656,71.44927978515625,70.83784484863281,68.24954223632812,65.6048812866211,64.53681182861328,63.25345993041992,62.62587356567383,59.64059066772461,59.64059066772461,57.688819885253906,57.14017868041992,54.20331954956055,52.35456085205078,50.56678771972656,51.26402282714844,50.59644317626953,48.08325958251953
0,-42,-96,21,10,61.98386764526367,63.50590515136719,60.13318634033203,63.03173828125,63.0,64.03124237060547,65.19202423095703,65.37583923339844,67.47592163085938,67.08203887939453,71.58910369873047,72.7804946899414,73.97972869873047,74.21590423583984,75.43209075927734,75.43209075927734,78.16009521484375,74.46475982666016,77.79460144042969,77.20103454589844,76.40026092529297,78.84795379638672,75.0,77.16217041015625,78.44743347167969,78.16009521484375,80.77747344970703,76.15773010253906,77.6208724975586,73.76313781738281,76.15773010253906,74.73285675048828,74.52516174316406,72.18032836914062,72.00694274902344,69.05070495605469,69.87130737304688,66.75328063964844,65.4904556274414,67.26811981201172,62.12889862060547,63.12685775756836,59.03388977050781,59.03388977050781,57.0,55.03635025024414,55.081756591796875,53.46026611328125,49.25444030761719,49.648765563964844,48.83646011352539,45.35416030883789
0,-42,-96,20,14,63.03173828125,63.25345993041992,61.400325775146484,64.40496826171875,61.587337493896484,61.91122817993164,64.49806213378906,65.3681869506836,68.42514038085938,69.7782211303711,70.38465881347656,72.61542510986328,73.73601531982422,74.3303451538086,77.2528305053711,74.0,76.843994140625,75.96051788330078,76.843994140625,77.49193572998047,78.54934692382812,80.05622863769531,76.5506362915039,77.49193572998047,79.37883758544922,77.49193572998047,80.41144561767578,77.6208724975586,77.8331527709961,76.69419860839844,73.9256362915039,73.82411193847656,74.24958038330078,71.5541763305664,72.44998168945312,69.77105712890625,68.42514038085938,67.11929321289062,65.3681869506836,64.66065216064453,63.28506851196289,62.12889862060547,59.64059066772461,60.0,55.31726837158203,53.81449508666992,54.488529205322266,52.32590103149414,49.51767349243164,48.10405349731445,48.27007293701172,47.434165954589844
0,-43,-96,21,10,60.30754470825195,58.600341796875,61.29437255859375,60.20797348022461,60.8276252746582,61.269893646240234,62.64982223510742,63.324562072753906,65.55150604248047,67.67569732666016,67.72000885009766,69.6419448852539,72.53275299072266,72.2772445678711,71.0633544921875,74.73285675048828,73.34848022460938,74.52516174316406,75.31268310546875,77.46611785888672,75.92759704589844,74.73285675048828,75.70997619628906,76.79192352294922,78.26238250732422,76.48529052734375,76.48529052734375,76.48529052734375,74.14849853515625,75.31268310546875,73.75635528564453,74.95331573486328,73.24616241455078,69.6419448852539,70.3420181274414,68.4105224609375,68.680419921875,66.0984115600586,65.14598846435547,62.62587356567383,62.62587356567383,60.74536895751953,60.926185607910156,55.94640350341797,55.46169662475586,55.009090423583984,52.77309799194336,51.4781494140625,49.92995071411133,50.21951675415039,48.010414123535156,46.69047164916992
0,-42,-96,20,14,62.297672271728516,60.16643524169922,61.13100814819336,63.150611877441406,63.78871536254883,62.513999938964844,65.12296295166016,65.0691909790039,66.0,68.0,72.00694274902344,73.06161499023438,72.17340087890625,74.06078338623047,74.06078338623047,75.23961639404297,76.2364730834961,75.32595825195312,76.32168579101562,78.23043060302734,78.23043060302734,79.4040298461914,76.41989135742188,78.4091796875,79.4040298461914,77.3175277709961,77.23341369628906,77.10382843017578,76.10519409179688,76.16429901123047,73.00685119628906,75.0,75.0,71.0,72.00694274902344,71.0,69.00724792480469,67.11929321289062,65.12296295166016,65.37583923339844,62.513999938964844,60.530982971191406,60.530982971191406,57.706153869628906,57.070133209228516,54.5710563659668,52.88667297363281,52.49761962890625,51.54609680175781,48.10405349731445,48.332183837890625,47.88528060913086
0,-43,-96,20,14,59.66573715209961,59.203041076660156,60.406951904296875,60.16643524169922,60.926185607910156,60.373836517333984,63.52952194213867,63.631752014160156,66.0378646850586,66.2872543334961,68.50547790527344,69.63475799560547,69.63475799560547,72.20111083984375,73.23933410644531,72.80110168457031,73.40980529785156,74.20242309570312,74.02702331542969,75.43209075927734,75.21302795410156,77.20103454589844,75.60423278808594,76.69419860839844,77.801025390625,76.40026092529297,75.21302795410156,76.843994140625,74.06078338623047,76.02631378173828,71.56116485595703,73.7834701538086,71.86793518066406,70.32780456542969,70.32780456542969,70.32780456542969,67.60177612304688,65.29930877685547,65.30696868896484,63.56099319458008,61.46543884277344,59.61543273925781,59.80802536010742,55.6596794128418,55.36244201660156,52.88667297363281,52.63079071044922,50.80354309082031,49.497474670410156,48.25971221923828,47.095645904541016,46.0
0,-43,-96,20,14,62.513999938964844,60.20797348022461,61.032779693603516,61.0,62.032249450683594,61.20457458496094,65.4904556274414,63.639610290527344,65.92420196533203,67.26811981201172,70.8307876586914,72.2772445678711,73.49829864501953,73.76313781738281,73.76313781738281,75.58438873291016,74.94664764404297,76.5375747680664,76.843994140625,77.79460144042969,76.5375747680664,77.79460144042969,76.5375747680664,79.37883758544922,78.74642944335938,77.79460144042969,76.843994140625,76.24303436279297,74.63243103027344,76.5375747680664,74.72616577148438,75.69015502929688,73.00685119628906,71.80529022216797,70.8307876586914,70.8307876586914,70.21395874023438,66.0984115600586,65.76473236083984,63.78871536254883,63.3876953125,61.400325775146484,61.20457458496094,58.03447341918945,57.00876998901367,55.0,53.0,54.147945404052734,50.2493782043457,50.35871505737305,48.66210174560547,45.607017517089844
0,-43,-96,20,13,59.90826416015625,58.24946212768555,59.53990173339844,60.406951904296875,61.20457458496094,59.00847244262695,63.0,62.032249450683594,64.19501495361328,67.11929321289062,68.26419067382812,70.34912872314453,71.70076751708984,71.56814575195312,71.34423828125,72.18032836914062,73.16419982910156,72.00694274902344,75.13321685791016,75.31268310546875,70.85901641845703,74.96665954589844,73.97972869873047,74.3303451538086,79.42921447753906,73.34848022460938,74.4311752319336,69.87130737304688,75.95393371582031,73.68174743652344,74.24284362792969,75.66372680664062,72.44308471679688,69.2603759765625,68.11754608154297,71.11258697509766,67.0,67.0,64.0,63.0079345703125,64.0,59.13543701171875,60.20797348022461,56.32051086425781,56.4358024597168,52.611785888671875,52.17279052734375,51.41984176635742,51.92301940917969,50.28916549682617,47.16990661621094,44.283180236816406
0,-43,-96,20,13,61.392181396484375,61.188232421875,62.513999938964844,61.29437255859375,63.071388244628906,62.0,64.0078125,64.19501495361328,66.27216339111328,68.35934448242188,69.72087097167969,72.00694274902344,73.97972869873047,75.31268310546875,76.29547882080078,75.92759704589844,74.95331573486328,75.18643188476562,77.36924743652344,78.10249328613281,76.90253448486328,78.33900451660156,77.36924743652344,79.8122787475586,79.30951690673828,78.33900451660156,78.58753204345703,77.36924743652344,77.36924743652344,75.43209075927734,74.21590423583984,75.70997619628906,73.34848022460938,72.18032836914062,72.00694274902344,70.03570556640625,69.05070495605469,68.4689712524414,67.47592163085938,64.38167572021484,63.28506851196289,62.07253646850586,61.073726654052734,58.0,57.0,56.00892639160156,53.0848388671875,53.23532485961914,49.36598205566406,49.36598205566406,47.67599105834961,46.57252502441406
0,-43,-96,21,10,59.09314727783203,58.872745513916016,57.28001403808594,59.203041076660156,57.27128601074219,59.03388977050781,59.84145736694336,61.52235412597656,64.49806213378906,64.1248779296875,67.0,68.0,69.0,70.0,73.0,71.0,74.00675964355469,71.0,75.02666473388672,73.0,73.00685119628906,74.00675964355469,73.0,74.1080322265625,74.06078338623047,75.0,75.0,72.0,75.00666809082031,72.0,72.06246948242188,71.17584228515625,70.34912872314453,68.18357849121094,67.47592163085938,66.27216339111328,66.48307800292969,64.49806213378906,64.49806213378906,62.801273345947266,60.41522979736328,59.43904495239258,57.723480224609375,55.081756591796875,52.49761962890625,51.865211486816406,51.62363815307617,50.990196228027344,47.01063537597656,46.06517028808594,46.647613525390625,44.65422821044922
0,-43,-96,20,14,61.09828186035156,60.74536895751953,61.13100814819336,61.84658432006836,60.41522979736328,63.50590515136719,63.50590515136719,65.37583923339844,67.26811981201172,68.00735473632812,70.0,72.02777099609375,73.02738952636719,73.10950469970703,74.00675964355469,76.10519409179688,75.1664810180664,75.05997467041016,77.3175277709961,77.05841827392578,77.0,78.00640869140625,78.05767059326172,79.4040298461914,78.23043060302734,78.16009521484375,77.05841827392578,76.05918884277344,76.05918884277344,76.05918884277344,75.0,75.0,73.02738952636719,72.11102294921875,73.06161499023438,71.0633544921875,70.028564453125,68.11754608154297,66.27216339111328,65.4904556274414,63.50590515136719,61.66035842895508,60.20797348022461,58.24946212768555,57.9741325378418,54.4058837890625,55.02726745605469,51.865211486816406,52.0,50.15974426269531,49.19349670410156,47.01063537597656
0,-43,-96,20,14,62.07253646850586,62.0,62.00806427001953,64.19501495361328,62.513999938964844,64.62971496582031,66.70832061767578,65.0,67.72000885009766,68.00735473632812,73.37574768066406,71.7844009399414,74.0,74.3303451538086,76.5506362915039,76.69419860839844,78.54934692382812,75.02666473388672,79.7057113647461,79.7057113647461,77.2528305053711,79.7057113647461,77.6208724975586,79.30951690673828,78.92401123046875,80.23091888427734,79.30951690673828,78.0,78.54934692382812,75.96051788330078,77.8331527709961,75.27283477783203,75.27283477783203,72.11102294921875,73.68174743652344,70.88018035888672,71.30918884277344,67.6830825805664,65.73431396484375,66.2872543334961,64.13267517089844,62.96824645996094,60.530982971191406,60.530982971191406,57.42821502685547,55.081756591796875,55.009090423583984,53.0,50.0099983215332,50.2493782043457,49.36598205566406,48.66210174560547
0,-43,-96,20,14,63.19810104370117,60.008331298828125,65.0076904296875,61.00819778442383,64.28063201904297,62.513999938964844,65.76473236083984,64.13267517089844,66.94026947021484,69.12307739257812,72.80110168457031,72.12489318847656,74.63243103027344,74.0,74.94664764404297,77.2528305053711,75.61084747314453,77.8331527709961,78.92401123046875,78.18567657470703,77.16217041015625,78.77182006835938,78.10890197753906,79.84986114501953,78.18567657470703,78.77182006835938,79.71198272705078,78.54934692382812,76.5506362915039,77.49193572998047,75.89466094970703,76.843994140625,75.58438873291016,73.76313781738281,73.49829864501953,73.24616241455078,72.03471374511719,69.85699462890625,67.6830825805664,65.92420196533203,65.92420196533203,63.78871536254883,64.49806213378906,59.304298400878906,59.13543701171875,57.00876998901367,55.0,54.0,53.037723541259766,52.239830017089844,49.497474670410156,47.85394287109375
0,-43,-96,20,14,61.35144805908203,61.84658432006836,63.50590515136719,63.06346130371094,62.7694206237793,60.74536895751953,65.21502685546875,65.6048812866211,67.47592163085938,68.680419921875,72.24956512451172,72.91776275634766,74.95331573486328,74.24958038330078,74.96665954589844,77.10382843017578,77.15568542480469,77.10382843017578,77.15568542480469,78.51751708984375,78.51751708984375,79.24645233154297,77.8331527709961,80.15609741210938,80.65978240966797,77.8331527709961,79.30951690673828,79.98124694824219,77.15568542480469,77.8331527709961,74.96665954589844,75.66372680664062,75.66372680664062,74.24958038330078,72.91776275634766,74.41101837158203,70.0927963256836,68.11754608154297,66.84310150146484,66.40029907226562,65.6048812866211,62.42595672607422,62.68173599243164,60.74536895751953,57.45433044433594,56.4358024597168,55.4707145690918,54.5618896484375,52.39274597167969,50.32891845703125,49.33558654785156,48.50773239135742
0,-43,-96,21,10,57.00876998901367,58.52349853515625,57.80138397216797,59.16925048828125,58.5918083190918,60.926185607910156,60.539241790771484,60.083274841308594,63.5688591003418,63.324562072753906,66.21932983398438,67.18630981445312,67.91170501708984,67.91170501708984,72.2772445678711,71.80529022216797,71.58910369873047,70.61161041259766,74.52516174316406,73.75635528564453,73.75635528564453,73.75635528564453,72.56720733642578,74.14849853515625,74.73285675048828,73.54590606689453,74.73285675048828,73.00685119628906,74.21590423583984,73.00685119628906,71.56814575195312,71.30918884277344,71.16881561279297,69.2603759765625,68.62215423583984,66.128662109375,66.128662109375,63.694583892822266,61.84658432006836,63.56099319458008,60.8276252746582,60.373836517333984,57.706153869628906,56.4358024597168,53.33854293823242,52.69725036621094,51.61395263671875,50.6063232421875,49.67897033691406,46.69047164916992,45.96738052368164,44.68780517578125
0,-43,-96,20,14,60.20797348022461,58.18075180053711,60.373836517333984,60.41522979736328,60.16643524169922,60.083274841308594,61.400325775146484,63.324562072753906,65.73431396484375,66.4906005859375,68.44705963134766,69.87130737304688,72.00694274902344,72.00694274902344,74.14849853515625,73.55270385742188,73.43704986572266,74.67261505126953,73.43704986572266,74.5452880859375,75.53807067871094,76.41989135742188,74.4311752319336,76.53103637695312,78.63841247558594,75.66372680664062,75.80237579345703,76.79192352294922,74.81310272216797,75.80237579345703,73.16419982910156,73.34848022460938,73.54590606689453,71.80529022216797,70.8307876586914,69.12307739257812,67.18630981445312,67.44627380371094,65.14598846435547,63.5688591003418,64.51356506347656,61.09828186035156,61.84658432006836,58.18075180053711,56.36488342285156,55.4707145690918,52.839378356933594,51.97114562988281,50.477718353271484,49.40647888183594,48.27007293701172,45.96738052368164
0,-43,-96,20,14,62.20128631591797,60.0,60.0,62.032249450683594,61.52235412597656,59.6824951171875,63.78871536254883,63.06346130371094,65.25334930419922,66.7607650756836,68.680419921875,68.3081283569336,71.7844009399414,71.7844009399414,72.42237091064453,74.3303451538086,72.80110168457031,74.3303451538086,75.02666473388672,76.5506362915039,76.32168579101562,75.96051788330078,75.02666473388672,77.49193572998047,76.843994140625,77.8331527709961,76.89603424072266,76.216796875,74.94664764404297,74.94664764404297,73.37574768066406,72.42237091064453,74.3303451538086,72.42237091064453,71.30918884277344,69.85699462890625,67.26811981201172,66.2872543334961,64.77654266357422,64.62971496582031,63.50590515136719,60.406951904296875,59.13543701171875,57.14017868041992,56.035701751708984,54.00925827026367,52.0,53.037723541259766,50.15974426269531,49.648765563964844,48.05205535888672,47.801673889160156
0,-43,-96,20,14,62.032249450683594,61.00819778442383,62.12889862060547,62.28964614868164,60.67124557495117,62.169124603271484,62.585941314697266,64.28841400146484,65.802734375,67.05221557617188,69.28924560546875,70.22820281982422,72.44998168945312,73.16419982910156,75.02666473388672,74.73285675048828,74.73285675048828,74.32361602783203,75.64390563964844,76.05918884277344,75.3923110961914,78.79086303710938,74.73285675048828,76.05918884277344,78.79086303710938,76.967529296875,77.87811279296875,76.55716705322266,74.84651184082031,73.9256362915039,72.80110168457031,74.67261505126953,72.44998168945312,71.7844009399414,72.11102294921875,69.57010650634766,68.62215423583984,68.00735473632812,67.44627380371094,66.94026947021484,63.56099319458008,63.348243713378906,61.814239501953125,58.54912567138672,57.42821502685547,56.22277069091797,54.08327102661133,54.00925827026367,52.0,50.0099983215332,49.25444030761719,46.69047164916992
0,-43,-96,20,13,59.0,58.215118408203125,58.4208869934082,58.85575485229492,59.228370666503906,58.46366500854492,61.6846809387207,61.032779693603516,62.62587356567383,64.07807922363281,65.79513549804688,67.5425796508789,69.35416412353516,70.68238830566406,70.68238830566406,71.11962127685547,71.58910369873047,72.94518280029297,72.94518280029297,72.4706802368164,72.4706802368164,73.35530090332031,72.00694274902344,73.9256362915039,73.82411193847656,72.94518280029297,73.43023681640625,72.4706802368164,72.4706802368164,72.4706802368164,72.44998168945312,69.7782211303711,72.44998168945312,69.46221923828125,68.94200134277344,67.62396240234375,65.92420196533203,63.90618133544922,63.5688591003418,61.35144805908203,60.4400520324707,60.728904724121094,58.46366500854492,56.29387283325195,52.95280838012695,52.611785888671875,52.345008850097656,50.2493782043457,50.03998565673828,49.01020431518555,45.0111083984375,44.283180236816406
0,-43,-96,21,10,61.35144805908203,60.16643524169922,61.32699203491211,60.8276252746582,58.66856002807617,61.91122817993164,62.68173599243164,62.801273345947266,64.81512451171875,63.25345993041992,68.11754608154297,70.0927963256836,72.18032836914062,73.55270385742188,74.96665954589844,74.24958038330078,74.24958038330078,72.83543395996094,74.2765121459961,75.69015502929688,74.95331573486328,77.8331527709961,73.55270385742188,76.48529052734375,77.10382843017578,77.79460144042969,77.8331527709961,75.69015502929688,76.38062286376953,72.86288452148438,72.83543395996094,74.3303451538086,73.59347534179688,72.91776275634766,70.76722717285156,69.42621612548828,68.7677230834961,66.84310150146484,67.00746154785156,66.40029907226562,62.20128631591797,63.0079345703125,59.36328887939453,58.52349853515625,58.30952072143555,55.009090423583984,54.120235443115234,54.12947463989258,52.0,50.59644317626953,48.703182220458984,48.50773239135742
0,-43,-96,20,14,61.057350158691406,59.4810905456543,59.09314727783203,60.926185607910156,61.35144805908203,60.4400520324707,62.817195892333984,63.56099319458008,64.13267517089844,65.76473236083984,68.88395690917969,69.58448028564453,71.44927978515625,71.44927978515625,73.43704986572266,72.11102294921875,73.10950469970703,73.10950469970703,75.05997467041016,77.05841827392578,76.10519409179688,76.05918884277344,74.1080322265625,78.10249328613281,77.05841827392578,77.05841827392578,77.0064926147461,74.1687240600586,75.05997467041016,74.06078338623047,73.33484649658203,73.17103576660156,73.33484649658203,72.44308471679688,70.45565795898438,70.45565795898438,69.72087097167969,67.08203887939453,66.2872543334961,66.4906005859375,64.76110076904297,61.61168670654297,60.16643524169922,59.203041076660156,56.61272048950195,53.48831558227539,53.48831558227539,52.39274597167969,51.89412307739258,49.24428939819336,48.3735466003418,47.20169448852539
0,-43,-96,20,14,60.80295944213867,59.66573715209961,60.14149856567383,58.694122314453125,59.46427536010742,60.4400520324707,62.20128631591797,63.60031509399414,63.812225341796875,65.86349487304688,67.74215698242188,69.35416412353516,70.71067810058594,70.23532104492188,70.71067810058594,73.34848022460938,72.01388549804688,72.44998168945312,72.49827575683594,76.05918884277344,74.24958038330078,74.73285675048828,74.32361602783203,78.0,75.1531753540039,75.64390563964844,75.23961639404297,75.1531753540039,72.91776275634766,75.64390563964844,73.40980529785156,73.79024505615234,71.5541763305664,69.77105712890625,71.11962127685547,70.66116333007812,69.35416412353516,66.37017059326172,65.51335906982422,63.812225341796875,64.35060119628906,59.40538787841797,62.00806427001953,57.628116607666016,56.85068130493164,54.5618896484375,53.81449508666992,53.037723541259766,50.93132781982422,49.67897033691406,48.27007293701172,46.04345703125
0,-43,-96,21,10,56.63920974731445,56.56854248046875,58.051700592041016,56.080299377441406,57.80138397216797,58.24946212768555,58.30952072143555,60.20797348022461,61.29437255859375,64.41273498535156,65.29930877685547,67.08203887939453,66.21178436279297,67.11929321289062,69.35416412353516,71.86793518066406,68.70953369140625,70.38465881347656,70.00714111328125,71.30918884277344,70.7742919921875,72.23572540283203,71.86793518066406,72.80110168457031,72.23572540283203,72.61542510986328,72.23572540283203,70.38465881347656,70.38465881347656,72.61542510986328,69.85699462890625,70.26378631591797,69.7782211303711,68.88395690917969,67.97793579101562,68.0,66.24198150634766,63.631752014160156,61.587337493896484,60.464866638183594,61.29437255859375,58.24946212768555,59.40538787841797,54.81787872314453,52.49761962890625,51.6623649597168,50.20956039428711,49.51767349243164,49.81967544555664,47.801673889160156,46.04345703125,45.79301071166992
0,-43,-96,21,10,61.587337493896484,60.41522979736328,59.50630187988281,59.09314727783203,60.406951904296875,60.083274841308594,62.361846923828125,63.06346130371094,63.78871536254883,66.2872543334961,68.88395690917969,69.72087097167969,70.57620239257812,72.44308471679688,72.44308471679688,73.43704986572266,73.33484649658203,73.33484649658203,73.24616241455078,74.4311752319336,74.5452880859375,75.42546081542969,75.32595825195312,76.05918884277344,76.2364730834961,76.2364730834961,74.3303451538086,75.42546081542969,74.4311752319336,74.4311752319336,72.44308471679688,73.55270385742188,72.83543395996094,72.00694274902344,71.19690704345703,70.40596771240234,70.21395874023438,66.70832061767578,66.94026947021484,65.25334930419922,63.89052963256836,60.728904724121094,60.74536895751953,57.93962478637695,57.384666442871094,54.5618896484375,54.5618896484375,53.33854293823242,50.774009704589844,51.03919982910156,49.40647888183594,47.50789260864258
0,-43,-96,20,14,62.513999938964844,59.13543701171875,61.0,61.0,62.07253646850586,61.400325775146484,64.62971496582031,63.150611877441406,65.73431396484375,67.91170501708984,69.12307739257812,70.3420181274414,72.12489318847656,74.04052734375,71.16881561279297,75.27283477783203,73.05477142333984,75.89466094970703,73.38937377929688,77.8331527709961,76.216796875,76.32168579101562,77.49193572998047,76.69419860839844,77.49193572998047,76.5506362915039,76.5506362915039,77.16217041015625,76.216796875,78.10890197753906,74.63243103027344,75.58438873291016,74.3303451538086,73.37574768066406,71.84010314941406,72.53275299072266,70.8307876586914,69.42621612548828,67.89698028564453,64.77654266357422,64.77654266357422,62.64982223510742,63.3876953125,58.13776779174805,58.07753372192383,57.00876998901367,56.0,54.00925827026367,53.0848388671875,50.48762130737305,49.81967544555664,47.801673889160156
0,-43,-96,20,14,61.13100814819336,62.36986541748047,60.67124557495117,64.38167572021484,60.20797348022461,64.03124237060547,63.0,65.0076904296875,67.18630981445312,65.37583923339844,70.45565795898438,72.56031799316406,73.82411193847656,72.99314880371094,75.95393371582031,74.3303451538086,76.68767547607422,74.14849853515625,77.66595458984375,76.48529052734375,76.29547882080078,76.68767547607422,74.52516174316406,76.40026092529297,77.87811279296875,78.85429382324219,78.64476776123047,74.73285675048828,77.66595458984375,74.73285675048828,77.27871704101562,76.94153594970703,74.81310272216797,73.82411193847656,73.55270385742188,69.58448028564453,72.56031799316406,68.35934448242188,68.11754608154297,69.02897644042969,63.03173828125,65.0076904296875,61.0,62.07253646850586,58.13776779174805,57.55866622924805,56.56854248046875,54.58937454223633,52.39274597167969,50.695167541503906,50.695167541503906,50.9215087890625
0,-43,-96,20,14,63.06346130371094,61.773780822753906,59.07622146606445,63.0079345703125,61.073726654052734,63.78087615966797,63.65532302856445,64.38167572021484,65.85590362548828,65.94694519042969,70.83784484863281,72.34638977050781,73.40980529785156,72.20111083984375,75.80237579345703,72.67048645019531,76.27581787109375,74.06078338623047,77.66595458984375,76.85050201416016,75.1664810180664,76.85050201416016,73.7834701538086,76.85050201416016,77.93586730957031,78.49203491210938,76.85050201416016,75.45197296142578,77.93586730957031,74.625732421875,75.21302795410156,77.10382843017578,74.63243103027344,70.80254364013672,72.20111083984375,70.60453033447266,71.0633544921875,68.680419921875,67.20863342285156,66.52819061279297,65.0691909790039,63.639610290527344,60.14149856567383,60.20797348022461,59.54829788208008,55.60575485229492,54.81787872314453,53.25410842895508,52.15361785888672,51.97114562988281,50.537113189697266,48.84669876098633
0,-43,-96,20,13,60.41522979736328,59.4810905456543,59.13543701171875,59.80802536010742,59.09314727783203,59.93329620361328,61.29437255859375,62.265560150146484,64.66065216064453,62.42595672607422,66.61080932617188,69.20259857177734,69.81404113769531,70.43436431884766,73.24616241455078,71.58910369873047,73.66138458251953,71.0633544921875,73.59347534179688,73.66138458251953,74.41101837158203,74.41101837158203,71.58910369873047,74.2765121459961,75.00666809082031,75.00666809082031,74.2765121459961,73.59347534179688,75.00666809082031,72.86288452148438,73.0,73.75635528564453,73.10950469970703,71.21797180175781,70.29224395751953,68.4105224609375,68.60028839111328,66.85057830810547,65.45991516113281,64.8999252319336,62.12889862060547,62.433963775634766,59.16925048828125,57.245086669921875,57.697486877441406,55.03635025024414,55.54277801513672,52.55473327636719,49.648765563964844,50.695167541503906,48.50773239135742,46.52956008911133
0,-43,-96,20,14,61.400325775146484,57.42821502685547,61.587337493896484,59.16925048828125,60.373836517333984,60.008331298828125,61.84658432006836,62.032249450683594,63.24555206298828,66.7607650756836,66.7607650756836,68.88395690917969,71.0633544921875,69.85699462890625,69.85699462890625,73.54590606689453,70.61161041259766,73.75635528564453,72.36711883544922,74.73285675048828,73.75635528564453,73.75635528564453,74.52516174316406,74.14849853515625,74.3303451538086,73.34848022460938,73.75635528564453,74.73285675048828,72.7804946899414,74.95331573486328,71.0633544921875,74.46475982666016,72.80110168457031,69.92138671875,71.16881561279297,69.57010650634766,68.3081283569336,66.48307800292969,65.19202423095703,63.694583892822266,62.2414665222168,59.50630187988281,61.717098236083984,56.4358024597168,56.93856430053711,54.37830352783203,53.25410842895508,52.201534271240234,51.22499465942383,48.91830062866211,48.79549026489258,44.59820556640625
0,-43,-96,20,14,60.008331298828125,61.09828186035156,60.4400520324707,61.13100814819336,60.41522979736328,60.8276252746582,62.513999938964844,64.19501495361328,65.0691909790039,67.02984619140625,70.0,68.0,71.00704193115234,73.00685119628906,73.00685119628906,73.06161499023438,73.10950469970703,73.06161499023438,74.24284362792969,75.1664810180664,76.10519409179688,76.2364730834961,74.1080322265625,76.41989135742188,76.2364730834961,77.23341369628906,75.32595825195312,76.10519409179688,75.1664810180664,75.1065902709961,73.00685119628906,75.00666809082031,75.0,72.0,72.0,70.0,69.02897644042969,68.26419067382812,67.36467742919922,65.4904556274414,65.6201171875,62.801273345947266,61.98386764526367,58.24946212768555,58.94064712524414,56.04462432861328,55.36244201660156,54.424259185791016,52.55473327636719,51.89412307739258,50.11985778808594,47.50789260864258
0,-43,-96,20,14,60.0333251953125,58.13776779174805,59.61543273925781,59.80802536010742,59.13543701171875,58.94064712524414,60.63827133178711,61.98386764526367,63.639610290527344,65.6201171875,67.60177612304688,68.35934448242188,69.2603759765625,69.2603759765625,72.17340087890625,73.02738952636719,72.06246948242188,73.02738952636719,72.00694274902344,73.00685119628906,73.02738952636719,73.00685119628906,73.00685119628906,75.0,76.00657653808594,73.0,75.0,76.00657653808594,73.0,74.0,73.06161499023438,73.06161499023438,73.10950469970703,71.17584228515625,69.18092346191406,70.34912872314453,67.47592163085938,65.4904556274414,65.92420196533203,65.92420196533203,63.95310592651367,60.20797348022461,60.87692642211914,56.75385284423828,56.32051086425781,54.4058837890625,54.424259185791016,52.55473327636719,50.08992004394531,51.0,47.50789260864258,46.87216567993164
0,-43,-96,21,10,57.55866622924805,56.56854248046875,57.03507614135742,57.00876998901367,57.0,57.07889175415039,57.42821502685547,59.53990173339844,59.6824951171875,61.392181396484375,62.817195892333984,65.25334930419922,67.44627380371094,67.44627380371094,67.18630981445312,68.3081283569336,68.00735473632812,68.00735473632812,68.3081283569336,70.51950073242188,69.57010650634766,72.12489318847656,68.62215423583984,71.51223754882812,70.22820281982422,69.28924560546875,71.16881561279297,70.51950073242188,69.89277648925781,69.89277648925781,68.00735473632812,69.92138671875,70.0927963256836,68.4105224609375,66.94026947021484,66.21932983398438,65.73431396484375,63.348243713378906,63.95310592651367,62.513999938964844,59.304298400878906,58.30952072143555,57.21887969970703,56.035701751708984,53.00943374633789,53.0,52.0,50.08992004394531,49.162994384765625,47.51841735839844,46.87216567993164,43.680660247802734
0,-43,-96,21,10,61.032779693603516,57.07889175415039,59.53990173339844,58.54912567138672,60.87692642211914,59.203041076660156,61.35144805908203,61.6846809387207,61.84658432006836,66.30987548828125,66.21178436279297,68.42514038085938,70.66116333007812,71.11962127685547,68.88395690917969,72.94518280029297,70.71067810058594,71.19690704345703,70.8307876586914,73.06161499023438,73.43023681640625,74.4311752319336,74.4311752319336,74.625732421875,75.80237579345703,73.24616241455078,73.24616241455078,74.4311752319336,72.56031799316406,74.79304504394531,71.19690704345703,72.4706802368164,72.4706802368164,71.5541763305664,69.77105712890625,69.77105712890625,68.44705963134766,67.23094177246094,65.0,64.62197875976562,63.90618133544922,60.406951904296875,62.297672271728516,57.9741325378418,56.75385284423828,54.34151077270508,52.95280838012695,52.611785888671875,53.33854293823242,51.15662384033203,47.01063537597656,47.04253387451172
0,-43,-96,20,14,61.13100814819336,59.43904495239258,60.530982971191406,60.530982971191406,59.13543701171875,60.0,62.0,62.032249450683594,65.12296295166016,65.27633666992188,65.4904556274414,68.73136138916016,70.85901641845703,69.87130737304688,72.83543395996094,72.36711883544922,72.56720733642578,70.21395874023438,72.7804946899414,73.97972869873047,73.97972869873047,74.52516174316406,74.52516174316406,73.97972869873047,74.95331573486328,73.97972869873047,74.52516174316406,74.52516174316406,73.34848022460938,73.34848022460938,72.00694274902344,72.56031799316406,71.56814575195312,71.44927978515625,69.35416412353516,69.46221923828125,69.2603759765625,65.19202423095703,65.03076171875,64.0,63.0,61.0,59.07622146606445,59.21148681640625,55.578773498535156,54.58937454223633,54.918121337890625,51.97114562988281,50.447994232177734,50.695167541503906,47.75981521606445,45.694637298583984
0,-43,-96,21,10,63.50590515136719,61.84658432006836,61.09828186035156,61.35144805908203,61.400325775146484,61.84658432006836,64.62971496582031,65.4904556274414,65.37583923339844,68.26419067382812,70.1783447265625,72.06246948242188,72.0,72.0,74.0,74.00675964355469,75.00666809082031,75.00666809082031,75.1065902709961,76.10519409179688,75.05997467041016,77.16217041015625,75.1065902709961,76.32168579101562,77.16217041015625,76.2364730834961,76.32168579101562,76.10519409179688,75.05997467041016,76.16429901123047,75.00666809082031,73.06161499023438,75.00666809082031,73.0,73.0,73.0,71.0,70.11418914794922,67.18630981445312,66.18912506103516,65.27633666992188,64.38167572021484,63.50590515136719,60.01666259765625,57.87054443359375,58.46366500854492,57.00876998901367,54.120235443115234,52.81098556518555,51.62363815307617,51.4781494140625,49.648765563964844
0,-43,-96,21,10,56.30275344848633,56.61272048950195,57.28001403808594,57.27128601074219,56.88584899902344,56.32051086425781,58.30952072143555,59.13543701171875,61.0,62.0,65.0,64.0078125,66.12110137939453,66.18912506103516,68.11754608154297,68.18357849121094,68.26419067382812,69.35416412353516,70.45565795898438,70.25667572021484,69.18092346191406,70.34912872314453,69.46221923828125,70.71067810058594,70.45565795898438,70.45565795898438,71.34423828125,70.45565795898438,69.46221923828125,71.17584228515625,68.18357849121094,68.06614685058594,68.02940368652344,67.00746154785156,66.0,65.0,66.0,64.0078125,62.07253646850586,61.13100814819336,61.29437255859375,59.41380310058594,57.706153869628906,55.90169906616211,55.10898208618164,52.39274597167969,53.851646423339844,51.54609680175781,49.97999572753906,47.53945541381836,46.51881408691406,45.79301071166992
0,-43,-96,21,10,60.74536895751953,57.30619430541992,59.93329620361328,57.27128601074219,58.694122314453125,59.46427536010742,60.728904724121094,61.13100814819336,64.03124237060547,65.51335906982422,67.08203887939453,67.89698028564453,67.89698028564453,68.59300231933594,67.89698028564453,72.44308471679688,69.46221923828125,72.44308471679688,70.34912872314453,73.43704986572266,72.44308471679688,73.43704986572266,73.43704986572266,74.24284362792969,73.33484649658203,73.24616241455078,73.24616241455078,73.43704986572266,70.45565795898438,74.3303451538086,70.57620239257812,72.69112396240234,71.84706115722656,70.40596771240234,69.42621612548828,71.38627624511719,67.6830825805664,66.70832061767578,66.21932983398438,63.60031509399414,63.89052963256836,59.77457809448242,61.6846809387207,56.080299377441406,55.94640350341797,55.46169662475586,53.66563034057617,52.47856521606445,53.0,50.80354309082031,50.6063232421875,47.50789260864258
0,-43,-96,20,14,60.30754470825195,60.605281829833984,60.20797348022461,59.36328887939453,59.4810905456543,59.93329620361328,60.926185607910156,62.7694206237793,62.96824645996094,64.51356506347656,67.44627380371094,69.37578582763672,71.30918884277344,69.85699462890625,72.03471374511719,71.58910369873047,72.18032836914062,71.58910369873047,74.3303451538086,74.73285675048828,74.73285675048828,75.92759704589844,72.7804946899414,74.96665954589844,74.3303451538086,74.14849853515625,76.29547882080078,74.3303451538086,75.70997619628906,74.3303451538086,74.95331573486328,74.73285675048828,75.69015502929688,70.88018035888672,71.84010314941406,69.92138671875,69.6419448852539,68.3081283569336,68.00735473632812,67.41661834716797,62.7694206237793,64.07807922363281,63.071388244628906,59.4810905456543,58.66856002807617,56.30275344848633,55.4707145690918,54.4058837890625,52.801513671875,51.855567932128906,49.57822036743164,48.166378021240234
0,-43,-96,21,10,60.10823440551758,58.728187561035156,60.4400520324707,59.40538787841797,59.07622146606445,59.6824951171875,62.60990524291992,62.169124603271484,63.56099319458008,65.39112854003906,67.779052734375,69.28924560546875,69.28924560546875,71.16881561279297,70.57620239257812,74.0,71.7844009399414,73.05477142333984,74.04052734375,74.3303451538086,73.37574768066406,75.28611755371094,75.58438873291016,75.28611755371094,75.96051788330078,75.28611755371094,76.5375747680664,75.89466094970703,74.0,74.94664764404297,74.3303451538086,73.38937377929688,74.0,70.00714111328125,72.61542510986328,71.17584228515625,69.31810760498047,68.42514038085938,67.11929321289062,65.3681869506836,65.3681869506836,61.587337493896484,61.85466766357422,58.52349853515625,58.00862121582031,56.40035629272461,55.973209381103516,53.75872039794922,53.037723541259766,51.855567932128906,49.04079818725586,47.70744323730469
0,-43,-96,21,10,61.392181396484375,58.94064712524414,59.77457809448242,57.245086669921875,58.18075180053711,59.50630187988281,59.4810905456543,60.90156173706055,63.631752014160156,62.433963775634766,66.0302963256836,66.0302963256836,67.20118713378906,68.00735473632812,70.21395874023438,70.60453033447266,72.00694274902344,70.43436431884766,72.62230682373047,71.40028381347656,70.80254364013672,72.00694274902344,72.00694274902344,73.10950469970703,73.87828063964844,73.24616241455078,72.80110168457031,72.62230682373047,72.00694274902344,71.21797180175781,70.45565795898438,70.45565795898438,71.28113555908203,68.50547790527344,69.1158447265625,67.41661834716797,67.23094177246094,65.3681869506836,64.41273498535156,63.95310592651367,61.32699203491211,61.84658432006836,60.16643524169922,57.245086669921875,57.87054443359375,54.81787872314453,54.5710563659668,50.990196228027344,49.648765563964844,49.36598205566406,48.041648864746094,47.0
0,-43,-96,21,10,60.0,56.85068130493164,60.87692642211914,57.982757568359375,60.20797348022461,58.2580451965332,60.216278076171875,61.032779693603516,62.433963775634766,66.0378646850586,67.41661834716797,66.24198150634766,68.47627258300781,67.60177612304688,68.0,72.44998168945312,67.97793579101562,72.44998168945312,69.7782211303711,73.40980529785156,72.01388549804688,72.01388549804688,72.44998168945312,73.82411193847656,72.44998168945312,72.44998168945312,72.44998168945312,74.6860122680664,70.21395874023438,73.79024505615234,70.71067810058594,72.4706802368164,70.66116333007812,68.96376037597656,68.60028839111328,69.6419448852539,68.50547790527344,66.0302963256836,64.20280456542969,62.62587356567383,64.66065216064453,59.03388977050781,62.28964614868164,57.28001403808594,56.56854248046875,55.17245864868164,53.90732955932617,52.49761962890625,52.801513671875,49.09175109863281,48.3735466003418,47.01063537597656
0,-43,-96,21,10,61.717098236083984,58.41232681274414,61.032779693603516,60.74536895751953,59.53990173339844,59.93329620361328,62.2414665222168,62.2414665222168,64.62197875976562,65.78753662109375,69.28924560546875,69.2603759765625,71.47027587890625,69.6419448852539,72.12489318847656,73.24616241455078,71.0633544921875,74.46475982666016,74.73285675048828,75.18643188476562,74.21590423583984,74.95331573486328,75.43209075927734,76.68767547607422,75.18643188476562,74.73285675048828,74.95331573486328,75.70997619628906,74.95331573486328,77.1297607421875,73.76313781738281,73.76313781738281,74.3303451538086,73.68174743652344,70.51950073242188,71.16881561279297,70.22820281982422,69.07966613769531,67.23094177246094,65.30696868896484,65.30696868896484,62.60990524291992,64.0078125,60.539241790771484,58.52349853515625,57.688819885253906,55.803226470947266,54.20331954956055,53.26349639892578,53.037723541259766,49.51767349243164,49.20365905761719
0,-43,-96,20,14,61.400325775146484,59.203041076660156,58.24946212768555,59.84145736694336,60.406951904296875,59.07622146606445,61.032779693603516,63.0,65.0076904296875,65.27633666992188,68.35934448242188,69.46221923828125,69.72087097167969,70.71067810058594,70.57620239257812,73.97972869873047,72.18032836914062,74.3303451538086,74.52516174316406,74.96665954589844,74.14849853515625,74.3303451538086,74.52516174316406,75.92759704589844,75.70997619628906,74.73285675048828,74.52516174316406,76.29547882080078,74.3303451538086,75.70997619628906,72.99314880371094,73.82411193847656,72.83543395996094,72.83543395996094,70.45565795898438,71.44927978515625,71.44927978515625,68.18357849121094,66.06814575195312,65.03076171875,66.0,63.0,63.0079345703125,59.07622146606445,58.215118408203125,56.56854248046875,55.578773498535156,53.15073013305664,53.600372314453125,50.695167541503906,50.59644317626953,47.53945541381836
0,-43,-96,21,10,58.54912567138672,59.304298400878906,58.07753372192383,60.008331298828125,58.00862121582031,59.21148681640625,59.53990173339844,61.98386764526367,62.36986541748047,62.585941314697266,65.73431396484375,67.44627380371094,67.72000885009766,68.680419921875,69.92138671875,69.2603759765625,72.11102294921875,70.21395874023438,72.11102294921875,71.16881561279297,72.11102294921875,72.44998168945312,70.57620239257812,72.80110168457031,72.44998168945312,73.73601531982422,74.67261505126953,71.7844009399414,74.0,72.11102294921875,72.42237091064453,72.42237091064453,71.16881561279297,68.96376037597656,68.4105224609375,67.44627380371094,68.88395690917969,66.4906005859375,66.2872543334961,65.92420196533203,61.52235412597656,63.50590515136719,61.13100814819336,59.07622146606445,58.00862121582031,56.0,54.037025451660156,55.03635025024414,51.244510650634766,50.48762130737305,49.030601501464844,46.840152740478516
0,-43,-96,20,14,59.84145736694336,59.66573715209961,60.728904724121094,59.203041076660156,59.46427536010742,60.008331298828125,61.741397857666016,61.717098236083984,63.1347770690918,65.51335906982422,67.11929321289062,68.00735473632812,70.21395874023438,70.80254364013672,70.21395874023438,72.62230682373047,71.40028381347656,71.21797180175781,73.24616241455078,73.24616241455078,74.02702331542969,74.65252685546875,73.24616241455078,75.82215881347656,75.1664810180664,74.5184555053711,76.05918884277344,75.92759704589844,74.65252685546875,74.5184555053711,73.40980529785156,74.40430450439453,73.81734466552734,71.02816009521484,71.84706115722656,69.63475799560547,69.63475799560547,66.0378646850586,67.74215698242188,65.86349487304688,64.88451385498047,63.50590515136719,63.071388244628906,60.008331298828125,57.00876998901367,56.920997619628906,55.36244201660156,54.81787872314453,53.36665725708008,50.80354309082031,49.36598205566406,49.09175109863281
0,-43,-96,20,14,62.20128631591797,62.0,61.00819778442383,62.20128631591797,59.53990173339844,60.8276252746582,64.03124237060547,62.09669876098633,65.45991516113281,66.7607650756836,68.3081283569336,69.28924560546875,71.16881561279297,71.51223754882812,71.69379425048828,73.34848022460938,74.24958038330078,72.91776275634766,74.24958038330078,74.6860122680664,74.24958038330078,75.59100341796875,75.1531753540039,76.02631378173828,76.967529296875,75.1531753540039,76.92203521728516,75.13321685791016,74.6860122680664,73.79024505615234,74.73285675048828,75.1531753540039,75.3923110961914,72.61542510986328,73.00685119628906,71.51223754882812,69.28924560546875,68.3081283569336,68.00735473632812,67.44627380371094,64.8459701538086,64.03124237060547,64.32728576660156,61.0,57.87054443359375,57.55866622924805,56.32051086425781,57.21887969970703,55.0,53.037723541259766,50.2493782043457,49.648765563964844
0,-43,-96,21,10,62.28964614868164,61.66035842895508,56.29387283325195,62.09669876098633,57.28001403808594,60.16643524169922,60.539241790771484,62.2414665222168,63.071388244628906,63.06346130371094,66.24198150634766,65.86349487304688,66.73080444335938,69.6419448852539,74.09453582763672,69.6419448852539,72.40165710449219,67.95587158203125,72.11102294921875,72.11102294921875,71.56116485595703,74.3303451538086,71.28113555908203,73.00685119628906,76.02631378173828,74.63243103027344,74.63243103027344,72.11102294921875,73.49829864501953,69.63475799560547,72.40165710449219,71.56116485595703,71.69379425048828,70.8307876586914,70.23532104492188,68.09552001953125,68.0,67.5351791381836,66.21178436279297,67.62396240234375,61.84658432006836,63.694583892822266,60.406951904296875,58.8217658996582,58.24087905883789,55.54277801513672,55.31726837158203,53.600372314453125,51.35172653198242,49.25444030761719,50.03998565673828,49.04079818725586
0,-43,-96,20,14,63.89052963256836,60.605281829833984,60.216278076171875,61.057350158691406,60.90156173706055,60.373836517333984,63.071388244628906,62.2414665222168,63.694583892822266,66.48307800292969,68.3081283569336,69.6419448852539,70.0927963256836,71.0633544921875,71.56814575195312,72.7804946899414,72.7804946899414,74.46475982666016,71.80529022216797,75.18643188476562,73.76313781738281,75.18643188476562,74.95331573486328,75.13321685791016,75.31268310546875,74.52516174316406,76.90253448486328,75.92759704589844,74.95331573486328,74.73285675048828,74.72616577148438,73.37574768066406,75.27283477783203,71.7844009399414,72.11102294921875,71.16881561279297,71.7844009399414,69.6419448852539,68.3520278930664,65.79513549804688,67.11929321289062,63.95310592651367,64.88451385498047,60.0333251953125,58.52349853515625,56.40035629272461,57.628116607666016,55.973209381103516,54.488529205322266,53.037723541259766,50.93132781982422,50.447994232177734
0,-43,-96,21,10,60.30754470825195,60.605281829833984,59.07622146606445,60.20797348022461,58.18075180053711,59.4810905456543,60.926185607910156,60.539241790771484,60.406951904296875,62.297672271728516,65.802734375,68.00735473632812,68.680419921875,67.72000885009766,69.37578582763672,67.91170501708984,71.80529022216797,68.88395690917969,71.80529022216797,72.56720733642578,70.8307876586914,71.58910369873047,70.61161041259766,73.54590606689453,73.75635528564453,73.54590606689453,73.54590606689453,71.80529022216797,72.7804946899414,72.56720733642578,72.2772445678711,71.30918884277344,70.60453033447266,68.3081283569336,69.2603759765625,68.62215423583984,68.3520278930664,65.55150604248047,65.92420196533203,64.88451385498047,61.32699203491211,62.60990524291992,60.41522979736328,58.30952072143555,56.603885650634766,55.4707145690918,53.600372314453125,52.49761962890625,50.32891845703125,50.93132781982422,48.166378021240234,46.22769546508789
0,-43,-96,20,14,63.694583892822266,63.24555206298828,62.09669876098633,62.817195892333984,61.98386764526367,61.66035842895508,65.19202423095703,65.0691909790039,65.03076171875,66.00757598876953,69.0,70.0,73.02738952636719,70.11418914794922,73.10950469970703,73.24616241455078,73.43704986572266,73.24616241455078,74.4311752319336,74.5452880859375,73.43704986572266,75.42546081542969,75.42546081542969,75.42546081542969,76.41989135742188,75.53807067871094,75.42546081542969,76.41989135742188,74.4311752319336,75.42546081542969,74.24284362792969,74.1687240600586,74.1687240600586,74.06078338623047,73.02738952636719,72.0,72.00694274902344,71.02816009521484,68.11754608154297,66.06814575195312,65.19202423095703,65.27633666992188,64.77654266357422,62.96824645996094,58.85575485229492,58.694122314453125,57.9741325378418,55.6596794128418,54.424259185791016,54.12947463989258,53.22593307495117,49.24428939819336
0,-43,-96,20,14,63.0,61.073726654052734,61.52235412597656,60.8276252746582,60.41522979736328,60.63827133178711,61.032779693603516,62.93647766113281,63.694583892822266,64.62197875976562,67.62396240234375,69.7782211303711,70.68238830566406,70.66116333007812,72.44998168945312,72.94518280029297,72.94518280029297,72.94518280029297,74.79304504394531,74.30342864990234,74.30342864990234,75.66372680664062,74.79304504394531,76.32168579101562,75.29276275634766,75.29276275634766,77.02597045898438,74.79304504394531,75.29276275634766,74.79304504394531,75.59100341796875,74.24284362792969,73.34848022460938,72.44998168945312,71.58910369873047,71.5541763305664,70.26378631591797,69.07966613769531,67.41661834716797,66.40782928466797,65.45991516113281,63.60031509399414,63.324562072753906,62.09669876098633,58.85575485229492,57.55866622924805,56.4358024597168,54.230987548828125,53.037723541259766,52.0,50.03998565673828,49.25444030761719
0,-43,-96,20,14,63.82006072998047,59.03388977050781,60.95900344848633,58.728187561035156,61.55485534667969,60.95900344848633,62.00806427001953,61.400325775146484,64.07027435302734,64.66065216064453,66.37017059326172,69.46221923828125,70.71067810058594,71.58910369873047,72.06941223144531,72.44998168945312,72.44998168945312,72.44998168945312,72.01388549804688,74.73285675048828,73.82411193847656,73.82411193847656,72.91776275634766,74.84651184082031,76.05918884277344,76.05918884277344,75.64390563964844,75.1531753540039,74.32361602783203,73.40980529785156,73.34848022460938,72.89718627929688,73.35530090332031,72.00694274902344,74.30342864990234,69.83551788330078,69.46221923828125,69.1158447265625,67.41661834716797,67.11929321289062,65.21502685546875,63.60031509399414,63.25345993041992,60.30754470825195,58.728187561035156,56.56854248046875,57.28001403808594,56.63920974731445,53.413482666015625,52.801513671875,51.312767028808594,49.24428939819336
0,-43,-96,21,10,60.80295944213867,56.22277069091797,58.728187561035156,56.56854248046875,60.20797348022461,57.80138397216797,60.216278076171875,59.64059066772461,62.433963775634766,65.3681869506836,65.3681869506836,67.11929321289062,67.5351791381836,69.7782211303711,68.87670135498047,72.49827575683594,69.46221923828125,70.7742919921875,70.38465881347656,70.7742919921875,71.17584228515625,72.61542510986328,73.53910827636719,72.44998168945312,72.80110168457031,71.86793518066406,73.16419982910156,75.02666473388672,70.93659210205078,74.09453582763672,70.38465881347656,70.7742919921875,71.58910369873047,70.21395874023438,69.7782211303711,71.11258697509766,68.42514038085938,67.11929321289062,65.3681869506836,63.631752014160156,65.19202423095703,60.20797348022461,63.24555206298828,57.20139694213867,57.00876998901367,55.31726837158203,54.488529205322266,53.75872039794922,51.6623649597168,49.81967544555664,50.6063232421875,47.16990661621094
0,-43,-96,21,10,61.400325775146484,58.898216247558594,58.0,57.28001403808594,59.46427536010742,56.22277069091797,58.8217658996582,59.64059066772461,60.464866638183594,63.631752014160156,64.49806213378906,64.88451385498047,68.0,68.42514038085938,69.77105712890625,70.68238830566406,68.44705963134766,69.31810760498047,71.17584228515625,72.01388549804688,71.11258697509766,72.44998168945312,71.58910369873047,71.69379425048828,72.49827575683594,71.58910369873047,73.82411193847656,72.44998168945312,72.44998168945312,71.11258697509766,69.77105712890625,72.4706802368164,72.06941223144531,69.83551788330078,69.46221923828125,68.60028839111328,67.95587158203125,67.95587158203125,66.2872543334961,62.801273345947266,64.03124237060547,61.717098236083984,60.95900344848633,58.728187561035156,56.56854248046875,55.973209381103516,54.5618896484375,54.037025451660156,53.00943374633789,51.312767028808594,50.11985778808594,48.332183837890625
0,-43,-96,21,9,59.03388977050781,57.20139694213867,57.14017868041992,59.6824951171875,57.30619430541992,57.697486877441406,59.09314727783203,59.236812591552734,61.35144805908203,61.98386764526367,63.06346130371094,64.76110076904297,65.51335906982422,66.4906005859375,66.70832061767578,68.24954223632812,69.05070495605469,68.24954223632812,70.03570556640625,70.03570556640625,70.40596771240234,70.03570556640625,69.58448028564453,71.34423828125,71.44927978515625,71.70076751708984,71.56814575195312,71.44927978515625,72.69112396240234,69.58448028564453,70.85901641845703,69.87130737304688,71.02112579345703,67.08203887939453,67.46851348876953,65.11528015136719,65.51335906982422,65.51335906982422,63.06346130371094,63.324562072753906,61.6846809387207,61.032779693603516,58.872745513916016,58.872745513916016,55.94640350341797,55.009090423583984,54.120235443115234,51.97114562988281,50.2493782043457,48.25971221923828,47.20169448852539,47.423622131347656
0,-43,-96,20,14,63.06346130371094,63.56099319458008,60.8276252746582,63.50590515136719,61.13100814819336,63.0079345703125,62.00806427001953,64.07027435302734,65.27633666992188,66.48307800292969,68.59300231933594,69.87130737304688,71.02112579345703,72.18032836914062,73.34848022460938,71.80529022216797,73.97972869873047,73.97972869873047,75.18643188476562,73.24616241455078,74.95331573486328,75.43209075927734,73.24616241455078,76.843994140625,75.69015502929688,75.69015502929688,75.28611755371094,75.69015502929688,75.96051788330078,74.72616577148438,76.15773010253906,74.95331573486328,75.18643188476562,73.75635528564453,71.80529022216797,72.56720733642578,72.18032836914062,69.87130737304688,67.74215698242188,67.47592163085938,65.27633666992188,65.12296295166016,63.071388244628906,63.0,59.0,57.03507614135742,56.14267349243164,57.314918518066406,55.578773498535156,53.93514633178711,51.41984176635742,50.59644317626953
0,-43,-96,20,14,63.89052963256836,59.90826416015625,62.169124603271484,60.01666259765625,61.66035842895508,59.21148681640625,62.07253646850586,63.0079345703125,63.0,65.0691909790039,66.27216339111328,68.4689712524414,71.44927978515625,69.87130737304688,69.72087097167969,73.16419982910156,71.38627624511719,73.54590606689453,72.56720733642578,74.3303451538086,72.99314880371094,74.3303451538086,74.52516174316406,74.46475982666016,74.95331573486328,74.73285675048828,75.70997619628906,74.73285675048828,74.73285675048828,74.95331573486328,73.75635528564453,74.52516174316406,74.14849853515625,71.70076751708984,72.56031799316406,72.69112396240234,69.58448028564453,67.47592163085938,69.35416412353516,66.18912506103516,66.12110137939453,64.03124237060547,64.0,61.032779693603516,59.13543701171875,57.42821502685547,57.55866622924805,56.718605041503906,55.10898208618164,51.41984176635742,52.49761962890625,49.39635467529297
0,-43,-96,21,11,60.30754470825195,60.14149856567383,57.982757568359375,58.728187561035156,58.898216247558594,58.8217658996582,59.07622146606445,60.539241790771484,61.400325775146484,61.269893646240234,63.56099319458008,65.0,65.0,66.48307800292969,67.779052734375,68.3520278930664,70.22820281982422,68.00735473632812,71.7844009399414,71.16881561279297,71.7844009399414,70.83784484863281,69.2603759765625,72.12489318847656,72.42237091064453,73.08214569091797,71.56814575195312,71.47027587890625,73.68174743652344,68.96376037597656,71.47027587890625,70.83784484863281,69.89277648925781,68.94925689697266,69.6419448852539,67.41661834716797,67.06713104248047,65.0,64.88451385498047,65.30696868896484,62.64982223510742,63.1347770690918,59.16925048828125,58.830265045166016,57.14017868041992,55.803226470947266,55.0,54.5618896484375,50.32891845703125,50.91168975830078,48.79549026489258,46.86149978637695
0,-43,-96,21,10,61.073726654052734,60.14149856567383,59.41380310058594,58.728187561035156,60.30754470825195,60.0,59.64059066772461,59.90826416015625,63.631752014160156,64.88451385498047,65.29930877685547,67.08203887939453,67.5425796508789,68.94200134277344,70.26378631591797,72.23572540283203,70.57620239257812,70.00714111328125,72.44998168945312,70.93659210205078,70.93659210205078,73.38937377929688,71.86793518066406,74.0,74.0,73.73601531982422,74.3303451538086,72.11102294921875,73.38937377929688,73.38937377929688,70.93659210205078,72.23572540283203,70.7742919921875,71.17584228515625,70.68238830566406,70.26378631591797,69.35416412353516,67.08203887939453,65.3681869506836,66.24198150634766,64.0078125,60.74536895751953,60.74536895751953,61.85466766357422,57.20139694213867,56.080299377441406,55.973209381103516,55.17245864868164,54.451812744140625,51.088157653808594,50.447994232177734,48.82622146606445
0,-43,-96,21,10,63.06346130371094,62.64982223510742,63.694583892822266,62.96824645996094,60.728904724121094,63.06346130371094,62.169124603271484,63.639610290527344,64.62971496582031,65.4904556274414,68.4689712524414,71.25306701660156,71.25306701660156,71.11258697509766,73.06161499023438,73.0,73.0,73.00685119628906,73.0,74.0,74.0,75.0,73.0,77.0,76.0,75.0,77.0064926147461,74.0,76.00657653808594,75.0,75.02666473388672,75.00666809082031,73.00685119628906,73.06161499023438,73.06161499023438,71.25306701660156,72.44308471679688,69.58448028564453,66.91038513183594,68.06614685058594,66.0984115600586,64.13267517089844,64.76110076904297,62.64183807373047,60.16643524169922,59.13543701171875,57.584720611572266,56.859474182128906,55.46169662475586,54.20331954956055,52.69725036621094,51.400390625
0,-43,-96,21,10,60.0333251953125,61.29437255859375,59.09314727783203,58.18075180053711,59.80802536010742,58.52349853515625,59.203041076660156,60.87692642211914,61.188232421875,61.52235412597656,64.49806213378906,65.27633666992188,66.27216339111328,67.11929321289062,67.26811981201172,68.06614685058594,69.02897644042969,68.00735473632812,69.0,71.02816009521484,70.06425476074219,71.00704193115234,70.0,72.00694274902344,73.0,73.0,73.0,72.0,73.0,71.0,71.00704193115234,71.0633544921875,70.06425476074219,69.1158447265625,69.18092346191406,66.18912506103516,68.18357849121094,65.37583923339844,64.49806213378906,62.64982223510742,62.801273345947266,61.66035842895508,59.228370666503906,58.694122314453125,58.24087905883789,54.708316802978516,54.7813835144043,53.3104133605957,51.89412307739258,51.429561614990234,48.764739990234375,47.70744323730469
0,-43,-96,21,10,63.071388244628906,60.008331298828125,60.406951904296875,58.8217658996582,58.94064712524414,59.43904495239258,62.513999938964844,61.29437255859375,63.19810104370117,64.19501495361328,66.12110137939453,67.02984619140625,70.028564453125,68.0,69.0,71.02816009521484,72.11102294921875,72.02777099609375,72.11102294921875,73.33484649658203,71.17584228515625,73.24616241455078,72.17340087890625,73.33484649658203,73.17103576660156,74.1687240600586,73.24616241455078,73.24616241455078,72.24956512451172,73.17103576660156,72.11102294921875,73.10950469970703,72.02777099609375,71.02816009521484,71.00704193115234,70.0,70.028564453125,66.06814575195312,66.27216339111328,65.19202423095703,65.19202423095703,62.3939094543457,61.814239501953125,58.694122314453125,57.87054443359375,57.48912811279297,57.723480224609375,55.36244201660156,54.424259185791016,53.712196350097656,50.537113189697266,47.50789260864258
0,-43,-96,20,14,64.25729370117188,64.07807922363281,61.717098236083984,64.0078125,61.91122817993164,64.07027435302734,62.801273345947266,63.25345993041992,64.53681182861328,65.19202423095703,68.59300231933594,70.00714111328125,70.72481536865234,70.72481536865234,73.59347534179688,71.44927978515625,74.41101837158203,72.24956512451172,75.28611755371094,74.5184555053711,74.5184555053711,75.92759704589844,73.87828063964844,75.43209075927734,76.05918884277344,75.92759704589844,76.83749389648438,74.5184555053711,76.5767593383789,73.75635528564453,77.15568542480469,75.82215881347656,72.91776275634766,72.13875579833984,71.4212875366211,70.72481536865234,70.00714111328125,67.94115447998047,66.21932983398438,67.47592163085938,64.03124237060547,66.61080932617188,61.85466766357422,62.12889862060547,60.74536895751953,58.66856002807617,58.5918083190918,56.79788589477539,53.3104133605957,53.75872039794922,52.88667297363281,51.788028717041016
0,-43,-96,21,10,61.717098236083984,60.10823440551758,59.41380310058594,61.61980056762695,59.66573715209961,59.40538787841797,60.216278076171875,60.464866638183594,62.433963775634766,64.88451385498047,64.8459701538086,66.64083099365234,68.94200134277344,68.54196166992188,70.7742919921875,70.00714111328125,70.93659210205078,66.85057830810547,71.86793518066406,70.38465881347656,70.7742919921875,72.23572540283203,70.57620239257812,72.73238372802734,74.0,71.51223754882812,73.38937377929688,72.80110168457031,72.44998168945312,71.16881561279297,71.69379425048828,72.23572540283203,72.44998168945312,71.5541763305664,70.66116333007812,67.97793579101562,68.42514038085938,65.76473236083984,65.3681869506836,65.86349487304688,63.28506851196289,62.96824645996094,59.64059066772461,60.0,58.2580451965332,55.973209381103516,55.154327392578125,54.451812744140625,51.6623649597168,51.088157653808594,50.6063232421875,48.02082824707031
0,-43,-96,21,10,60.87692642211914,60.30754470825195,61.400325775146484,60.80295944213867,60.74536895751953,60.0333251953125,59.9416389465332,61.32699203491211,61.84658432006836,63.694583892822266,64.8459701538086,66.0984115600586,67.72000885009766,68.00735473632812,69.2603759765625,70.3420181274414,69.12307739257812,70.0927963256836,68.88395690917969,72.03471374511719,72.03471374511719,71.80529022216797,71.80529022216797,74.14849853515625,74.73285675048828,72.7804946899414,72.7804946899414,73.75635528564453,74.21590423583984,71.80529022216797,72.2772445678711,72.2772445678711,70.60453033447266,70.21395874023438,68.3081283569336,68.62215423583984,68.94925689697266,66.128662109375,65.55150604248047,65.0,62.2414665222168,62.60990524291992,61.717098236083984,58.18075180053711,57.45433044433594,56.603885650634766,56.035701751708984,55.803226470947266,52.63079071044922,52.40229034423828,48.79549026489258,48.91830062866211
0,-43,-96,20,14,63.976558685302734,63.071388244628906,62.7694206237793,63.5688591003418,61.6846809387207,62.09669876098633,62.585941314697266,63.348243713378906,64.77654266357422,65.27633666992188,69.1158447265625,69.0,72.0,72.0,72.06246948242188,73.00685119628906,73.06161499023438,73.0,73.10950469970703,74.0,73.0,76.00657653808594,73.10950469970703,75.42546081542969,76.41989135742188,76.32168579101562,76.16429901123047,76.16429901123047,76.16429901123047,75.1664810180664,73.10950469970703,75.0,74.0,73.0,73.0,71.0,70.0,69.0,68.00735473632812,67.18630981445312,65.27633666992188,65.4904556274414,64.49806213378906,60.67124557495117,59.228370666503906,58.24087905883789,58.52349853515625,57.245086669921875,55.6596794128418,52.201534271240234,52.0,50.11985778808594
0,-43,-96,21,10,62.265560150146484,60.90156173706055,60.41522979736328,60.008331298828125,59.80802536010742,59.4810905456543,62.09669876098633,60.41522979736328,63.150611877441406,64.13267517089844,65.6201171875,65.76473236083984,69.35416412353516,70.45565795898438,70.34912872314453,70.25667572021484,70.1783447265625,70.25667572021484,72.11102294921875,73.10950469970703,71.25306701660156,73.17103576660156,71.17584228515625,73.06161499023438,73.17103576660156,73.17103576660156,74.1687240600586,73.33484649658203,73.24616241455078,73.24616241455078,72.44308471679688,72.44308471679688,72.56031799316406,70.71067810058594,69.87130737304688,70.03570556640625,67.46851348876953,66.4906005859375,67.18630981445312,65.0,62.361846923828125,61.032779693603516,61.6846809387207,59.236812591552734,57.27128601074219,55.90169906616211,55.4707145690918,55.07267761230469,52.47856521606445,50.80354309082031,50.447994232177734,48.08325958251953
0,-43,-96,20,14,65.19202423095703,61.0,63.0,61.00819778442383,61.29437255859375,58.85575485229492,61.392181396484375,62.09669876098633,63.324562072753906,63.89052963256836,66.40782928466797,67.41661834716797,69.6419448852539,69.07966613769531,70.00714111328125,70.38465881347656,71.17584228515625,71.58910369873047,71.11258697509766,73.34848022460938,72.44998168945312,73.79024505615234,72.44998168945312,73.35530090332031,73.79024505615234,73.82411193847656,74.30342864990234,76.02631378173828,73.34848022460938,72.89718627929688,72.01388549804688,74.24958038330078,72.44998168945312,71.58910369873047,71.17584228515625,70.26378631591797,67.779052734375,68.3520278930664,67.67569732666016,65.45991516113281,64.56005096435547,61.400325775146484,64.03124237060547,58.694122314453125,58.24946212768555,56.718605041503906,55.578773498535156,54.58937454223633,52.08646774291992,53.0,50.0099983215332,49.25444030761719
0,-43,-96,20,14,63.639610290527344,60.41522979736328,64.03124237060547,62.64183807373047,62.297672271728516,60.16643524169922,62.169124603271484,63.50590515136719,65.3681869506836,65.86349487304688,68.26419067382812,68.50547790527344,69.63475799560547,69.63475799560547,68.818603515625,75.43209075927734,71.70076751708984,73.24616241455078,74.5184555053711,74.5184555053711,73.87828063964844,74.5184555053711,74.5184555053711,77.15568542480469,74.41101837158203,74.41101837158203,73.66138458251953,75.82215881347656,74.41101837158203,76.48529052734375,74.5184555053711,73.87828063964844,75.28611755371094,72.00694274902344,72.00694274902344,72.62230682373047,70.80254364013672,69.89277648925781,67.67569732666016,64.35060119628906,67.41661834716797,63.631752014160156,64.88451385498047,59.03388977050781,59.03388977050781,59.09314727783203,56.46237564086914,55.71355438232422,55.36244201660156,54.5710563659668,50.990196228027344,49.25444030761719
0,-43,-96,20,14,65.0,65.0691909790039,64.19501495361328,63.50590515136719,62.96824645996094,62.817195892333984,63.06346130371094,64.51356506347656,65.19202423095703,67.41661834716797,69.6419448852539,69.85699462890625,71.17584228515625,72.01388549804688,72.01388549804688,73.34848022460938,73.35530090332031,73.35530090332031,74.70609283447266,75.66372680664062,73.35530090332031,74.70609283447266,74.70609283447266,75.66372680664062,76.05918884277344,76.05918884277344,75.29276275634766,76.94153594970703,76.94153594970703,76.05918884277344,74.24958038330078,75.13321685791016,75.1531753540039,74.24958038330078,73.00685119628906,72.49827575683594,71.69379425048828,69.28924560546875,68.94925689697266,67.67569732666016,66.7607650756836,64.8459701538086,65.0,61.61168670654297,61.188232421875,57.706153869628906,57.55866622924805,57.07889175415039,56.035701751708984,56.0,52.08646774291992,50.635955810546875
0,-43,-96,21,10,60.083274841308594,61.09828186035156,60.926185607910156,61.32699203491211,60.373836517333984,59.6824951171875,58.52349853515625,62.20128631591797,61.400325775146484,62.481998443603516,64.66065216064453,65.85590362548828,67.20863342285156,68.62215423583984,70.03570556640625,69.29646301269531,69.29646301269531,69.29646301269531,72.18032836914062,71.44927978515625,70.72481536865234,72.18032836914062,70.0927963256836,73.66138458251953,71.44927978515625,72.24956512451172,73.66138458251953,71.44927978515625,73.55270385742188,70.03570556640625,72.83543395996094,71.4212875366211,70.71067810058594,70.00714111328125,69.35416412353516,67.26811981201172,68.11754608154297,64.66065216064453,65.6048812866211,63.60031509399414,61.61168670654297,62.20128631591797,59.90826416015625,58.830265045166016,56.93856430053711,55.009090423583984,55.46169662475586,53.3104133605957,52.201534271240234,51.92301940917969,49.47726821899414,49.648765563964844
0,-43,-96,21,10,60.008331298828125,61.46543884277344,60.083274841308594,59.4810905456543,58.694122314453125,59.228370666503906,59.6824951171875,60.406951904296875,62.28964614868164,62.032249450683594,65.0,65.0,67.00746154785156,67.06713104248047,68.02940368652344,70.06425476074219,70.11418914794922,68.11754608154297,70.25667572021484,69.2603759765625,70.25667572021484,70.1783447265625,69.46221923828125,71.56814575195312,71.44927978515625,72.44308471679688,72.44308471679688,70.34912872314453,72.3394775390625,69.35416412353516,69.18092346191406,71.11258697509766,71.02816009521484,68.02940368652344,70.00714111328125,67.06713104248047,67.0,65.0,65.03076171875,65.0076904296875,63.12685775756836,62.20128631591797,60.530982971191406,58.54912567138672,57.87054443359375,55.54277801513672,55.54277801513672,53.45091247558594,51.54609680175781,50.9215087890625,48.84669876098633,47.41307830810547
0,-43,-96,21,10,61.773780822753906,61.717098236083984,60.008331298828125,61.09828186035156,60.083274841308594,61.400325775146484,59.203041076660156,62.817195892333984,61.98386764526367,63.639610290527344,65.6201171875,67.47592163085938,67.26811981201172,69.1158447265625,68.35934448242188,71.17584228515625,71.11258697509766,69.065185546875,72.06246948242188,73.17103576660156,72.24956512451172,73.10950469970703,72.11102294921875,73.00685119628906,73.02738952636719,73.02738952636719,73.06161499023438,73.10950469970703,73.24616241455078,72.17340087890625,72.44308471679688,71.56814575195312,71.70076751708984,71.70076751708984,68.88395690917969,67.89698028564453,68.24954223632812,66.2872543334961,66.4906005859375,65.25334930419922,63.324562072753906,62.93647766113281,61.032779693603516,60.16643524169922,57.384666442871094,55.46169662475586,55.4707145690918,54.20331954956055,52.15361785888672,51.61395263671875,50.6063232421875,48.10405349731445
0,-43,-96,20,14,62.09669876098633,61.61168670654297,60.8276252746582,60.67124557495117,61.29437255859375,60.13318634033203,61.00819778442383,62.0,62.07253646850586,64.07027435302734,65.19202423095703,66.48307800292969,68.4689712524414,68.59300231933594,69.46221923828125,69.87130737304688,70.03570556640625,71.02112579345703,70.21395874023438,72.36711883544922,72.00694274902344,73.16419982910156,72.99314880371094,72.7804946899414,73.54590606689453,73.54590606689453,74.14849853515625,73.16419982910156,73.97972869873047,73.16419982910156,73.68174743652344,72.69112396240234,71.44927978515625,71.25306701660156,71.25306701660156,70.11418914794922,70.11418914794922,67.00746154785156,67.0,65.0,65.03076171875,62.07253646850586,63.12685775756836,59.304298400878906,57.55866622924805,55.90169906616211,57.27128601074219,53.851646423339844,52.49761962890625,51.54609680175781,50.695167541503906,48.30113983154297
0,-43,-96,21,10,64.28841400146484,64.03124237060547,63.150611877441406,62.64982223510742,62.28964614868164,62.12889862060547,64.0078125,65.0,66.00757598876953,66.18912506103516,68.4689712524414,69.58448028564453,70.71067810058594,70.21395874023438,72.00694274902344,73.34848022460938,74.73285675048828,72.56720733642578,73.97972869873047,74.73285675048828,74.73285675048828,74.95331573486328,73.00685119628906,75.96051788330078,75.96051788330078,75.18643188476562,75.69015502929688,74.21590423583984,75.69015502929688,75.69015502929688,74.21590423583984,74.73285675048828,74.3303451538086,72.36711883544922,73.97972869873047,70.21395874023438,70.21395874023438,67.74215698242188,68.4689712524414,66.48307800292969,65.12296295166016,66.12110137939453,64.1248779296875,61.0,61.0,58.03447341918945,57.314918518066406,56.56854248046875,54.58937454223633,53.93514633178711,53.36665725708008,50.28916549682617
0,-43,-96,21,10,62.801273345947266,61.392181396484375,62.361846923828125,60.083274841308594,60.74536895751953,60.926185607910156,63.06346130371094,60.373836517333984,62.7694206237793,65.51335906982422,66.37017059326172,65.45991516113281,67.67569732666016,68.00735473632812,68.24221801757812,71.40028381347656,69.02897644042969,70.0,71.70076751708984,72.62230682373047,71.40028381347656,72.00694274902344,71.21797180175781,73.10950469970703,73.24616241455078,72.4706802368164,73.87828063964844,73.87828063964844,72.4706802368164,73.24616241455078,70.80254364013672,71.61005401611328,70.21395874023438,70.45565795898438,69.065185546875,70.1783447265625,68.79679870605469,67.23094177246094,65.3681869506836,64.41273498535156,64.41273498535156,61.717098236083984,61.84658432006836,59.236812591552734,59.236812591552734,55.973209381103516,56.04462432861328,54.5710563659668,52.95280838012695,52.611785888671875,51.244510650634766,49.0
0,-43,-96,20,14,65.27633666992188,65.0076904296875,61.0,63.03173828125,62.20128631591797,63.3876953125,63.78871536254883,64.13267517089844,65.51335906982422,65.25334930419922,67.72000885009766,69.57010650634766,69.57010650634766,69.28924560546875,72.11102294921875,70.93659210205078,73.53910827636719,72.80110168457031,75.23961639404297,74.46475982666016,74.67261505126953,76.69419860839844,73.53910827636719,76.48529052734375,77.47257232666016,76.69419860839844,77.077880859375,73.9256362915039,76.967529296875,73.9256362915039,75.02666473388672,74.67261505126953,75.89466094970703,71.47027587890625,73.37574768066406,69.92138671875,70.51950073242188,67.91170501708984,68.15423583984375,66.4906005859375,66.2872543334961,65.30696868896484,62.801273345947266,62.513999938964844,60.20797348022461,57.0,58.0,57.00876998901367,53.15073013305664,55.3263053894043,53.600372314453125,50.447994232177734
0,-43,-96,21,10,63.25345993041992,60.95900344848633,59.41380310058594,62.2414665222168,60.95900344848633,61.22091293334961,58.8217658996582,60.20797348022461,62.433963775634766,63.06346130371094,64.88451385498047,67.5425796508789,67.97793579101562,68.94200134277344,70.26378631591797,69.07966613769531,72.23572540283203,68.15423583984375,71.86793518066406,70.57620239257812,70.00714111328125,71.86793518066406,70.00714111328125,72.73238372802734,73.05477142333984,72.11102294921875,74.67261505126953,71.51223754882812,73.16419982910156,70.00714111328125,71.30918884277344,72.09021759033203,72.09021759033203,70.26378631591797,70.21395874023438,67.08203887939453,67.08203887939453,67.11929321289062,65.3681869506836,65.86349487304688,61.587337493896484,64.35060119628906,61.032779693603516,60.216278076171875,57.80138397216797,56.85068130493164,56.58621597290039,54.451812744140625,51.6623649597168,51.088157653808594,50.6063232421875,49.09175109863281
0,-43,-96,21,10,65.76473236083984,64.40496826171875,61.84658432006836,62.3939094543457,60.74536895751953,61.13100814819336,62.585941314697266,64.32728576660156,64.93843078613281,65.6201171875,68.4689712524414,69.35416412353516,71.25306701660156,71.17584228515625,73.10950469970703,73.00685119628906,73.0,72.00694274902344,73.0,73.0,74.00675964355469,74.0,74.0,77.0064926147461,75.0,74.0,76.0,74.0,76.0,75.0,73.06161499023438,74.06078338623047,73.10950469970703,73.10950469970703,72.17340087890625,70.34912872314453,70.45565795898438,68.73136138916016,67.74215698242188,66.91038513183594,65.51335906982422,64.93843078613281,62.817195892333984,61.13100814819336,60.4400520324707,56.30275344848633,57.00876998901367,55.94640350341797,55.009090423583984,53.712196350097656,52.15361785888672,50.0
0,-43,-96,21,10,64.0,61.032779693603516,61.29437255859375,57.55866622924805,60.67124557495117,58.24946212768555,60.16643524169922,59.77457809448242,62.62587356567383,63.324562072753906,63.694583892822266,66.85057830810547,68.54196166992188,67.11929321289062,68.87670135498047,71.5541763305664,67.60177612304688,71.11962127685547,67.23094177246094,72.06941223144531,71.19690704345703,73.06161499023438,72.94518280029297,72.20111083984375,72.94518280029297,72.56031799316406,74.09453582763672,74.4311752319336,69.97142028808594,74.4311752319336,71.19690704345703,72.06941223144531,71.58910369873047,69.35416412353516,69.77105712890625,70.21395874023438,68.44705963134766,67.779052734375,65.55150604248047,62.3939094543457,64.8459701538086,61.09828186035156,61.032779693603516,57.28001403808594,57.28001403808594,54.34151077270508,56.08921432495117,53.600372314453125,54.147945404052734,51.03919982910156,50.0,48.041648864746094
0,-43,-96,20,14,65.55150604248047,66.128662109375,63.89052963256836,64.03124237060547,62.36986541748047,62.513999938964844,63.3876953125,64.38167572021484,66.12110137939453,66.0302963256836,69.0,70.00714111328125,72.06246948242188,73.17103576660156,73.06161499023438,74.3303451538086,74.3303451538086,73.43704986572266,74.5452880859375,73.43704986572266,75.32595825195312,76.53103637695312,75.53807067871094,74.81310272216797,76.79192352294922,75.80237579345703,77.92945861816406,76.79192352294922,75.95393371582031,75.66372680664062,73.43704986572266,75.42546081542969,75.23961639404297,73.24616241455078,73.10950469970703,72.11102294921875,72.17340087890625,70.00714111328125,69.02897644042969,68.0,66.0,65.0691909790039,65.12296295166016,61.29437255859375,59.53990173339844,58.85575485229492,58.24946212768555,58.46366500854492,55.081756591796875,53.45091247558594,53.48831558227539,52.77309799194336
0,-43,-96,20,14,66.18912506103516,63.3876953125,63.639610290527344,63.150611877441406,62.817195892333984,62.09669876098633,63.5688591003418,63.694583892822266,65.0,65.0,68.44705963134766,68.87670135498047,69.77105712890625,69.77105712890625,70.66116333007812,73.06161499023438,73.24616241455078,71.69379425048828,73.9256362915039,74.09453582763672,74.4311752319336,75.47184753417969,73.57308959960938,74.625732421875,75.47184753417969,75.47184753417969,76.32168579101562,76.32168579101562,75.47184753417969,75.80237579345703,73.9256362915039,73.35530090332031,73.82411193847656,72.44998168945312,71.5541763305664,70.21395874023438,69.85699462890625,69.6419448852539,68.3520278930664,66.73080444335938,65.78753662109375,64.51356506347656,63.324562072753906,59.90826416015625,58.051700592041016,58.051700592041016,57.55866622924805,56.56854248046875,55.081756591796875,54.0,51.088157653808594,49.25444030761719
0,-43,-96,21,9,62.28964614868164,60.530982971191406,60.20797348022461,60.20797348022461,59.90826416015625,59.77457809448242,60.406951904296875,61.46543884277344,63.158531188964844,63.071388244628906,63.95310592651367,65.3681869506836,67.11929321289062,66.73080444335938,67.60177612304688,68.79679870605469,69.6419448852539,68.26419067382812,69.89277648925781,70.1783447265625,69.97142028808594,71.02112579345703,69.3397445678711,71.02816009521484,71.28113555908203,70.72481536865234,72.11102294921875,71.02112579345703,71.86793518066406,70.1783447265625,70.8307876586914,70.8307876586914,71.11962127685547,68.0,68.0,68.0,66.18912506103516,64.88451385498047,64.47480010986328,63.694583892822266,61.09828186035156,60.74536895751953,61.032779693603516,58.24087905883789,55.54277801513672,54.34151077270508,52.95280838012695,54.33230972290039,51.35172653198242,51.088157653808594,50.03998565673828,48.041648864746094
0,-43,-96,20,14,63.639610290527344,61.61980056762695,61.717098236083984,59.81638717651367,60.216278076171875,60.20797348022461,61.91122817993164,61.29437255859375,63.50590515136719,63.071388244628906,65.39112854003906,66.30987548828125,68.15423583984375,69.28924560546875,69.28924560546875,70.83784484863281,68.62215423583984,69.2603759765625,70.21395874023438,71.47027587890625,70.51950073242188,69.92138671875,71.16881561279297,71.56814575195312,72.53275299072266,74.04052734375,72.80110168457031,72.12489318847656,71.47027587890625,73.37574768066406,70.83784484863281,70.83784484863281,70.22820281982422,69.6419448852539,69.28924560546875,69.46221923828125,67.62396240234375,65.7419204711914,64.40496826171875,62.60990524291992,63.50590515136719,61.29437255859375,60.539241790771484,57.45433044433594,56.30275344848633,55.217750549316406,54.81787872314453,53.15073013305664,53.75872039794922,50.990196228027344,50.447994232177734,48.010414123535156
0,-43,-96,21,10,63.89052963256836,63.60031509399414,61.29437255859375,62.12889862060547,62.265560150146484,62.60990524291992,63.071388244628906,63.071388244628906,62.032249450683594,63.90618133544922,68.3081283569336,68.00735473632812,68.00735473632812,67.44627380371094,69.37578582763672,69.63475799560547,70.61161041259766,70.61161041259766,73.75635528564453,74.52516174316406,71.80529022216797,73.54590606689453,72.56720733642578,73.82411193847656,74.52516174316406,74.3303451538086,75.31268310546875,73.16419982910156,74.52516174316406,73.34848022460938,74.52516174316406,73.24616241455078,71.30918884277344,70.3420181274414,68.88395690917969,68.00735473632812,67.72000885009766,67.67569732666016,66.128662109375,66.48307800292969,63.324562072753906,62.7694206237793,61.32699203491211,59.93329620361328,58.13776779174805,56.4358024597168,55.75840759277344,55.4707145690918,52.801513671875,51.855567932128906,50.32891845703125,48.83646011352539
0,-43,-96,20,14,65.94694519042969,64.03124237060547,61.61168670654297,64.35060119628906,63.631752014160156,63.06346130371094,64.47480010986328,64.47480010986328,65.19202423095703,65.55150604248047,66.73080444335938,68.96376037597656,70.88018035888672,70.60453033447266,70.3420181274414,71.80529022216797,73.75635528564453,70.8307876586914,74.52516174316406,74.73285675048828,73.75635528564453,74.3303451538086,74.3303451538086,73.97972869873047,74.3303451538086,76.11833190917969,77.10382843017578,74.3303451538086,75.50496673583984,74.3303451538086,73.75635528564453,74.95331573486328,73.00685119628906,70.60453033447266,71.30918884277344,70.60453033447266,68.96376037597656,68.3081283569336,68.00735473632812,66.48307800292969,65.55150604248047,63.694583892822266,61.741397857666016,62.2414665222168,59.9416389465332,57.30619430541992,56.93856430053711,55.4707145690918,53.600372314453125,52.49761962890625,51.7397346496582,49.51767349243164
0,-43,-96,20,14,67.36467742919922,64.19501495361328,65.0,65.0,65.0076904296875,63.12685775756836,64.62971496582031,65.11528015136719,66.94026947021484,68.65857696533203,69.12307739257812,69.37578582763672,70.88018035888672,71.7844009399414,72.12489318847656,73.05477142333984,71.51223754882812,74.3303451538086,74.84651184082031,74.84651184082031,75.02666473388672,74.84651184082031,76.15773010253906,76.55716705322266,75.7693862915039,76.967529296875,76.55716705322266,75.7693862915039,75.23961639404297,76.69419860839844,72.23572540283203,74.09453582763672,73.16419982910156,71.16881561279297,72.11102294921875,71.16881561279297,70.21395874023438,67.72000885009766,68.15423583984375,65.96968841552734,65.73431396484375,62.585941314697266,64.93843078613281,60.530982971191406,60.530982971191406,59.304298400878906,58.07753372192383,57.00876998901367,55.009090423583984,54.147945404052734,52.345008850097656,49.81967544555664
0,-43,-96,20,14,66.40782928466797,65.25334930419922,64.03124237060547,64.13267517089844,61.52235412597656,62.3939094543457,64.28063201904297,64.0078125,65.0076904296875,65.0076904296875,68.06614685058594,69.1158447265625,71.34423828125,71.34423828125,72.3394775390625,73.43704986572266,74.5452880859375,72.56031799316406,74.96665954589844,73.55270385742188,73.55270385742188,73.43704986572266,73.68174743652344,74.14849853515625,74.96665954589844,74.96665954589844,75.80237579345703,73.43704986572266,76.53103637695312,73.55270385742188,74.4311752319336,73.33484649658203,73.17103576660156,73.17103576660156,73.02738952636719,69.02897644042969,69.02897644042969,68.0,67.0,65.0691909790039,65.19202423095703,64.28063201904297,63.50590515136719,62.513999938964844,60.20797348022461,57.48912811279297,58.694122314453125,54.708316802978516,55.6596794128418,52.92447280883789,52.801513671875,50.11985778808594
0,-43,-96,20,14,66.0984115600586,66.70832061767578,63.324562072753906,65.14598846435547,62.297672271728516,65.0,63.56099319458008,64.41273498535156,66.18912506103516,65.86349487304688,68.26419067382812,70.1783447265625,72.11102294921875,71.28113555908203,72.67048645019531,71.02816009521484,72.20111083984375,72.42237091064453,75.43209075927734,75.60423278808594,73.60027313232422,74.81310272216797,72.80110168457031,75.1664810180664,77.0064926147461,76.05918884277344,77.6208724975586,75.80237579345703,76.6093978881836,74.20242309570312,76.843994140625,75.21302795410156,74.3303451538086,72.11102294921875,71.56116485595703,69.6419448852539,70.8307876586914,68.96376037597656,68.0,68.0,63.976558685302734,65.0,61.84658432006836,61.09828186035156,60.083274841308594,59.77457809448242,57.9741325378418,57.27128601074219,53.600372314453125,53.46026611328125,53.15073013305664,52.0
0,-43,-96,20,13,63.631752014160156,66.5732650756836,62.801273345947266,63.60031509399414,60.30754470825195,62.28964614868164,62.93647766113281,63.03173828125,65.11528015136719,63.411354064941406,66.21932983398438,68.00735473632812,69.40460968017578,69.3397445678711,72.94518280029297,69.1158447265625,72.71863555908203,69.1158447265625,73.06161499023438,72.56031799316406,72.20111083984375,73.9256362915039,69.1158447265625,72.4706802368164,73.43023681640625,75.66372680664062,75.66372680664062,73.43023681640625,77.02597045898438,71.19690704345703,73.9256362915039,71.69379425048828,71.86793518066406,70.1783447265625,69.3397445678711,68.26419067382812,68.24221801757812,66.40029907226562,65.802734375,66.21932983398438,63.25345993041992,63.78087615966797,58.79625701904297,60.87692642211914,58.694122314453125,55.973209381103516,56.7274169921875,54.037025451660156,52.201534271240234,50.477718353271484,49.73931884765625,50.990196228027344
0,-43,-96,20,14,66.2872543334961,63.812225341796875,65.3681869506836,62.265560150146484,63.50590515136719,61.84658432006836,64.8459701538086,64.19501495361328,64.8459701538086,66.94026947021484,67.6830825805664,69.23149871826172,70.03570556640625,71.02112579345703,70.21395874023438,72.69112396240234,72.56031799316406,73.55270385742188,73.55270385742188,74.81310272216797,73.68174743652344,74.5452880859375,73.43704986572266,76.2364730834961,77.3175277709961,74.3303451538086,73.43704986572266,75.66372680664062,73.55270385742188,76.41989135742188,74.67261505126953,74.81310272216797,74.14849853515625,71.80529022216797,71.58910369873047,71.58910369873047,70.21395874023438,67.91170501708984,66.94026947021484,66.48307800292969,64.51356506347656,62.96824645996094,63.694583892822266,60.539241790771484,59.03388977050781,58.13776779174805,57.30619430541992,57.45433044433594,55.226806640625,53.00943374633789,51.22499465942383,50.2493782043457
0,-43,-96,20,14,66.48307800292969,65.37583923339844,64.07027435302734,65.03076171875,64.03124237060547,64.07027435302734,65.4904556274414,62.801273345947266,65.92420196533203,66.4906005859375,69.85699462890625,69.37578582763672,70.3420181274414,70.88018035888672,71.84010314941406,71.47027587890625,74.0,72.11102294921875,75.61084747314453,73.05477142333984,73.05477142333984,74.3303451538086,73.38937377929688,77.47257232666016,76.32168579101562,75.3923110961914,76.69419860839844,74.67261505126953,76.216796875,74.67261505126953,76.843994140625,74.94664764404297,73.68174743652344,72.42237091064453,72.12489318847656,71.16881561279297,69.37578582763672,68.88395690917969,66.4906005859375,67.26811981201172,64.77654266357422,65.92420196533203,64.38167572021484,63.28506851196289,59.13543701171875,57.00876998901367,57.0,57.00876998901367,55.081756591796875,54.33230972290039,51.62363815307617,50.447994232177734
0,-43,-96,21,10,62.07253646850586,61.0,62.0,61.073726654052734,61.29437255859375,58.4208869934082,60.67124557495117,60.20797348022461,60.63827133178711,64.03124237060547,64.19501495361328,66.73080444335938,66.73080444335938,68.70953369140625,69.28924560546875,68.94200134277344,68.02940368652344,70.7742919921875,69.35416412353516,70.38465881347656,71.51223754882812,71.30918884277344,69.85699462890625,72.44998168945312,72.44998168945312,71.58910369873047,72.01388549804688,72.44998168945312,72.44998168945312,71.11258697509766,68.94200134277344,70.57620239257812,70.00714111328125,69.28924560546875,69.28924560546875,69.28924560546875,67.41661834716797,64.8459701538086,64.51356506347656,63.324562072753906,63.324562072753906,58.94064712524414,60.63827133178711,57.87054443359375,57.55866622924805,55.226806640625,56.035701751708984,54.037025451660156,54.0,51.0,49.09175109863281,47.67599105834961
0,-43,-96,20,14,66.4906005859375,66.94026947021484,66.21932983398438,65.14598846435547,63.694583892822266,66.30987548828125,65.7419204711914,67.11929321289062,68.0,68.79679870605469,69.63475799560547,70.21395874023438,72.42237091064453,72.20111083984375,75.60423278808594,73.87828063964844,75.92759704589844,74.5184555053711,75.92759704589844,75.1664810180664,76.05918884277344,76.69419860839844,75.1664810180664,77.10382843017578,77.89736938476562,77.15568542480469,77.8331527709961,77.23341369628906,77.15568542480469,76.48529052734375,75.82215881347656,75.92759704589844,75.28611755371094,74.02702331542969,74.02702331542969,72.62230682373047,72.00694274902344,70.21395874023438,69.63475799560547,68.79679870605469,66.37017059326172,66.37017059326172,65.3681869506836,64.0078125,62.169124603271484,60.008331298828125,60.16643524169922,57.245086669921875,56.61272048950195,57.00876998901367,53.36665725708008,51.62363815307617
0,-43,-96,20,14,65.11528015136719,64.53681182861328,63.411354064941406,62.20128631591797,62.12889862060547,61.91122817993164,63.06346130371094,63.50590515136719,64.8459701538086,65.55150604248047,68.70953369140625,68.94925689697266,68.62215423583984,70.21395874023438,71.16881561279297,73.37574768066406,73.08214569091797,71.7844009399414,72.80110168457031,72.42237091064453,73.08214569091797,72.12489318847656,72.53275299072266,73.97972869873047,75.18643188476562,74.95331573486328,75.0,74.04052734375,75.28611755371094,74.3303451538086,72.42237091064453,74.0,73.05477142333984,70.57620239257812,71.51223754882812,69.28924560546875,68.70953369140625,66.30987548828125,67.11929321289062,65.76473236083984,64.88451385498047,63.631752014160156,63.631752014160156,61.057350158691406,58.52349853515625,55.803226470947266,57.48912811279297,54.5618896484375,55.17245864868164,53.81449508666992,53.15073013305664,50.6063232421875
0,-43,-96,21,10,65.3681869506836,62.169124603271484,63.158531188964844,61.84658432006836,63.5688591003418,60.083274841308594,64.03124237060547,63.78871536254883,64.13267517089844,66.0984115600586,67.89698028564453,68.59300231933594,70.45565795898438,69.46221923828125,70.45565795898438,74.1687240600586,71.25306701660156,73.24616241455078,71.0633544921875,73.10950469970703,72.17340087890625,73.06161499023438,74.1080322265625,74.06078338623047,74.24284362792969,75.1065902709961,73.10950469970703,74.1687240600586,73.33484649658203,76.2364730834961,72.44308471679688,73.43704986572266,73.43704986572266,70.71067810058594,70.45565795898438,72.00694274902344,70.21395874023438,66.94026947021484,65.96968841552734,65.52098846435547,67.44627380371094,61.6846809387207,62.96824645996094,60.74536895751953,59.236812591552734,57.775428771972656,55.009090423583984,54.20331954956055,55.226806640625,53.600372314453125,51.22499465942383,49.57822036743164
0,-43,-96,20,15,68.15423583984375,63.95310592651367,66.75328063964844,65.37583923339844,66.12110137939453,63.0079345703125,66.00757598876953,66.0302963256836,67.18630981445312,67.26811981201172,69.46221923828125,71.70076751708984,71.84706115722656,72.99314880371094,71.19690704345703,76.90253448486328,73.75635528564453,76.68767547607422,74.46475982666016,76.40026092529297,76.90253448486328,77.88452911376953,76.90253448486328,77.6208724975586,77.36924743652344,77.1297607421875,77.6208724975586,77.6208724975586,75.18643188476562,79.07591247558594,75.70997619628906,74.73285675048828,74.73285675048828,73.16419982910156,73.16419982910156,74.14849853515625,70.57620239257812,69.46221923828125,68.26419067382812,66.18912506103516,66.12110137939453,65.0691909790039,66.0,61.0,60.008331298828125,59.21148681640625,59.41380310058594,56.718605041503906,56.08921432495117,53.600372314453125,54.4058837890625,51.26402282714844
0,-43,-96,20,14,67.95587158203125,65.3681869506836,64.88451385498047,63.50590515136719,63.694583892822266,61.46543884277344,64.19501495361328,63.324562072753906,66.94026947021484,68.65857696533203,68.44705963134766,70.21395874023438,70.85901641845703,72.56031799316406,73.68174743652344,73.43704986572266,73.33484649658203,72.3394775390625,74.24284362792969,74.1687240600586,73.43704986572266,75.23961639404297,74.24284362792969,75.05997467041016,76.10519409179688,76.2364730834961,76.16429901123047,78.16009521484375,74.1687240600586,75.1664810180664,73.33484649658203,75.23961639404297,73.43704986572266,72.56031799316406,73.55270385742188,71.70076751708984,70.03570556640625,68.06614685058594,68.44705963134766,66.70832061767578,65.96968841552734,63.324562072753906,62.64183807373047,59.77457809448242,60.406951904296875,57.384666442871094,57.775428771972656,56.36488342285156,55.94640350341797,53.0,51.865211486816406,50.447994232177734
0,-43,-96,20,14,64.62197875976562,62.64982223510742,63.50590515136719,63.52952194213867,60.90156173706055,59.90826416015625,61.29437255859375,62.42595672607422,63.411354064941406,64.53681182861328,67.26811981201172,66.48307800292969,69.29646301269531,68.59300231933594,70.71067810058594,70.72481536865234,70.00714111328125,70.00714111328125,71.50524139404297,70.72481536865234,70.71067810058594,72.13875579833984,71.44927978515625,72.34638977050781,73.66138458251953,73.66138458251953,73.59347534179688,72.86288452148438,72.13875579833984,70.00714111328125,70.72481536865234,70.03570556640625,72.34638977050781,68.7677230834961,69.65629577636719,66.84310150146484,66.06814575195312,66.21932983398438,63.60031509399414,61.85466766357422,61.057350158691406,61.91122817993164,60.539241790771484,58.18075180053711,55.90169906616211,54.230987548828125,54.7813835144043,53.75872039794922,51.244510650634766,50.96076965332031,49.24428939819336,49.36598205566406
0,-43,-96,20,14,66.7607650756836,65.96968841552734,66.4906005859375,63.95310592651367,64.49806213378906,63.3876953125,64.07027435302734,65.0076904296875,66.0,67.06713104248047,69.1158447265625,70.1783447265625,72.44308471679688,71.44927978515625,72.56031799316406,73.82411193847656,71.84706115722656,72.99314880371094,73.34848022460938,74.14849853515625,73.97972869873047,75.50496673583984,74.52516174316406,74.95331573486328,75.70997619628906,74.73285675048828,74.95331573486328,74.73285675048828,75.70997619628906,74.73285675048828,73.16419982910156,74.3303451538086,73.97972869873047,73.16419982910156,72.69112396240234,70.57620239257812,70.45565795898438,69.2603759765625,67.06713104248047,66.12110137939453,66.06814575195312,64.0078125,63.0,60.0333251953125,59.07622146606445,58.215118408203125,57.42821502685547,57.55866622924805,54.918121337890625,54.34151077270508,51.54609680175781,50.695167541503906
0,-43,-96,21,10,63.60031509399414,63.06346130371094,62.817195892333984,61.188232421875,61.814239501953125,60.29925537109375,61.13100814819336,63.0079345703125,63.0,63.0079345703125,65.12296295166016,65.27633666992188,68.4689712524414,68.4689712524414,69.46221923828125,68.4689712524414,69.58448028564453,68.73136138916016,70.57620239257812,69.58448028564453,69.46221923828125,71.70076751708984,68.73136138916016,71.19690704345703,71.19690704345703,71.19690704345703,72.18032836914062,71.56814575195312,70.71067810058594,70.71067810058594,70.71067810058594,71.44927978515625,70.34912872314453,68.26419067382812,70.11418914794922,67.11929321289062,66.12110137939453,65.0,65.0,65.0,62.07253646850586,61.13100814819336,61.29437255859375,57.42821502685547,56.4358024597168,54.7448616027832,53.600372314453125,54.4058837890625,52.201534271240234,50.9215087890625,49.76947021484375,47.01063537597656
0,-43,-96,20,14,65.6048812866211,66.61080932617188,65.73431396484375,64.66065216064453,61.91122817993164,63.06346130371094,62.64982223510742,64.07807922363281,65.19202423095703,65.45991516113281,69.2603759765625,69.2603759765625,72.53275299072266,69.6419448852539,71.30918884277344,70.0927963256836,72.7804946899414,71.80529022216797,73.75635528564453,74.73285675048828,73.75635528564453,73.75635528564453,73.54590606689453,75.31268310546875,74.52516174316406,74.3303451538086,74.52516174316406,74.73285675048828,74.73285675048828,74.73285675048828,73.75635528564453,74.95331573486328,73.24616241455078,70.0927963256836,70.88018035888672,70.21395874023438,68.62215423583984,68.00735473632812,66.48307800292969,65.55150604248047,64.47480010986328,62.64982223510742,63.50590515136719,59.53990173339844,57.30619430541992,57.982757568359375,57.14017868041992,56.61272048950195,53.26349639892578,53.81449508666992,52.345008850097656,50.447994232177734
0,-43,-96,20,14,67.95587158203125,65.86349487304688,66.24198150634766,64.41273498535156,63.50590515136719,63.694583892822266,63.324562072753906,65.78753662109375,65.45991516113281,65.0,67.91170501708984,68.65857696533203,70.40596771240234,71.02112579345703,72.36711883544922,72.83543395996094,73.16419982910156,73.16419982910156,73.82411193847656,74.3303451538086,74.14849853515625,72.99314880371094,73.82411193847656,74.4311752319336,74.67261505126953,74.67261505126953,75.95393371582031,75.13321685791016,74.96665954589844,74.3303451538086,73.54590606689453,73.97972869873047,72.7804946899414,71.30918884277344,69.6419448852539,69.37578582763672,68.15423583984375,67.35725402832031,66.40782928466797,66.48307800292969,65.0,62.2414665222168,62.2414665222168,61.717098236083984,60.0333251953125,57.45433044433594,57.688819885253906,56.035701751708984,54.81787872314453,53.90732955932617,50.20956039428711,51.088157653808594
0,-43,-96,21,10,61.84658432006836,62.032249450683594,59.77457809448242,63.06346130371094,58.694122314453125,60.01666259765625,61.814239501953125,60.406951904296875,61.29437255859375,62.032249450683594,64.0078125,65.0,66.0,67.0,69.00724792480469,66.12110137939453,70.1783447265625,68.06614685058594,70.25667572021484,68.06614685058594,70.06425476074219,70.25667572021484,67.26811981201172,70.57620239257812,71.34423828125,70.25667572021484,72.44308471679688,68.35934448242188,72.24956512451172,68.35934448242188,71.11258697509766,69.02897644042969,69.00724792480469,67.0,66.0,64.0,65.0,64.0078125,63.12685775756836,63.12685775756836,59.304298400878906,60.29925537109375,57.55866622924805,56.88584899902344,55.31726837158203,53.600372314453125,53.16013717651367,51.865211486816406,50.9215087890625,49.76947021484375,49.648765563964844,46.647613525390625
0,-43,-96,20,14,70.11418914794922,66.18912506103516,67.47592163085938,65.6201171875,67.26811981201172,63.06346130371094,66.21932983398438,65.45991516113281,67.41661834716797,70.00714111328125,70.38465881347656,70.68238830566406,71.58910369873047,72.44998168945312,72.44998168945312,74.24284362792969,72.94518280029297,73.82411193847656,72.94518280029297,74.79304504394531,74.70609283447266,75.29276275634766,76.66159057617188,76.32168579101562,75.80237579345703,74.94664764404297,76.32168579101562,77.02597045898438,75.29276275634766,75.80237579345703,73.35530090332031,73.82411193847656,73.35530090332031,72.44998168945312,71.5541763305664,72.44998168945312,70.68238830566406,69.46221923828125,67.62396240234375,66.48307800292969,67.41661834716797,64.51356506347656,63.89052963256836,60.16643524169922,59.90826416015625,59.228370666503906,57.55866622924805,56.56854248046875,56.4358024597168,55.03635025024414,53.0,50.08992004394531
0,-43,-96,21,10,63.95310592651367,62.64982223510742,62.7694206237793,61.057350158691406,61.61168670654297,61.84658432006836,62.481998443603516,61.55485534667969,62.93647766113281,63.65532302856445,66.48307800292969,65.94694519042969,66.70832061767578,68.88395690917969,68.88395690917969,70.0,68.00735473632812,68.00735473632812,69.63475799560547,70.21395874023438,70.80254364013672,71.84706115722656,69.63475799560547,72.94518280029297,71.28113555908203,71.28113555908203,72.94518280029297,70.45565795898438,69.63475799560547,71.28113555908203,68.818603515625,70.21395874023438,70.80254364013672,68.00735473632812,67.80117797851562,66.21932983398438,66.06814575195312,65.19202423095703,64.53681182861328,62.96824645996094,61.52235412597656,58.694122314453125,59.46427536010742,57.384666442871094,56.080299377441406,55.0,54.4058837890625,54.37830352783203,51.107730865478516,51.88448715209961,48.332183837890625,46.81879806518555
0,-43,-96,20,15,69.07966613769531,67.67569732666016,68.3081283569336,66.48307800292969,65.73431396484375,66.0984115600586,66.48307800292969,66.18912506103516,68.02940368652344,69.065185546875,70.00714111328125,71.0,75.00666809082031,72.02777099609375,73.06161499023438,75.32595825195312,73.43704986572266,74.3303451538086,75.53807067871094,76.53103637695312,75.66372680664062,75.80237579345703,76.53103637695312,77.64663696289062,77.64663696289062,77.64663696289062,76.79192352294922,77.64663696289062,76.79192352294922,77.78174591064453,75.66372680664062,76.65507507324219,75.66372680664062,73.55270385742188,73.33484649658203,71.17584228515625,72.06246948242188,70.00714111328125,66.0,66.0,66.00757598876953,65.0,64.07027435302734,64.1248779296875,62.28964614868164,59.41380310058594,57.87054443359375,57.27128601074219,57.00876998901367,53.75872039794922,51.26402282714844,50.990196228027344
0,-43,-96,20,14,67.89698028564453,64.35060119628906,64.44377136230469,63.78087615966797,63.25345993041992,63.82006072998047,63.51377868652344,66.37017059326172,65.86349487304688,66.18912506103516,67.5351791381836,69.35416412353516,71.58910369873047,71.69379425048828,71.17584228515625,71.51223754882812,71.86793518066406,71.51223754882812,72.44998168945312,71.16881561279297,70.93659210205078,74.09453582763672,73.38937377929688,74.94664764404297,75.27283477783203,74.0,74.3303451538086,74.67261505126953,73.73601531982422,73.38937377929688,71.30918884277344,74.84651184082031,72.09021759033203,71.58910369873047,71.11258697509766,70.68238830566406,68.44705963134766,67.11929321289062,65.3681869506836,65.3681869506836,63.631752014160156,62.433963775634766,61.85466766357422,60.0,59.03388977050781,55.973209381103516,56.58621597290039,55.865909576416016,53.81449508666992,52.63079071044922,52.009613037109375,48.87739944458008
0,-43,-96,20,14,69.065185546875,68.50547790527344,64.88451385498047,65.29930877685547,63.976558685302734,65.55150604248047,65.92420196533203,65.45991516113281,68.62215423583984,65.25334930419922,70.0927963256836,70.61161041259766,70.8307876586914,73.34848022460938,74.52516174316406,72.99314880371094,73.97972869873047,72.69112396240234,74.67261505126953,73.97972869873047,74.14849853515625,73.97972869873047,72.83543395996094,74.3303451538086,74.5452880859375,76.79192352294922,77.5241928100586,74.96665954589844,76.65507507324219,73.68174743652344,73.16419982910156,74.14849853515625,73.75635528564453,72.56720733642578,71.80529022216797,70.8307876586914,70.8307876586914,67.44627380371094,67.72000885009766,67.35725402832031,64.25729370117188,65.19202423095703,61.84658432006836,60.926185607910156,59.50630187988281,59.05929183959961,57.80138397216797,57.14017868041992,53.25410842895508,53.413482666015625,51.855567932128906,50.990196228027344
0,-43,-96,21,10,62.09669876098633,63.78871536254883,59.03388977050781,63.50590515136719,57.314918518066406,62.12889862060547,60.0,60.0,62.032249450683594,60.13318634033203,65.19202423095703,65.37583923339844,65.4904556274414,65.4904556274414,68.73136138916016,65.76473236083984,70.03570556640625,65.76473236083984,70.21395874023438,69.63475799560547,68.24954223632812,69.63475799560547,66.2872543334961,69.85699462890625,70.8307876586914,70.8307876586914,70.8307876586914,67.46851348876953,70.61161041259766,66.4906005859375,70.03570556640625,67.08203887939453,67.74215698242188,66.75328063964844,65.4904556274414,63.50590515136719,65.4904556274414,64.07027435302734,63.071388244628906,64.03124237060547,57.0,62.0,57.0,57.14017868041992,56.14267349243164,53.46026611328125,53.600372314453125,51.97114562988281,49.030601501464844,49.04079818725586,48.703182220458984,47.423622131347656
0,-43,-96,21,10,66.4680404663086,66.4680404663086,63.03173828125,65.29930877685547,62.00806427001953,64.637451171875,61.85466766357422,64.07027435302734,65.19202423095703,64.88451385498047,68.42514038085938,66.70832061767578,70.26378631591797,69.46221923828125,71.58910369873047,70.7742919921875,70.00714111328125,68.54196166992188,73.16419982910156,70.7742919921875,71.17584228515625,71.69379425048828,69.28924560546875,73.68174743652344,71.16881561279297,72.11102294921875,74.67261505126953,71.69379425048828,72.80110168457031,70.00714111328125,71.17584228515625,72.44998168945312,71.5541763305664,68.88395690917969,69.35416412353516,66.64833068847656,68.42514038085938,65.3681869506836,64.49806213378906,64.66065216064453,61.85466766357422,63.51377868652344,60.80295944213867,59.81638717651367,56.7274169921875,55.865909576416016,55.865909576416016,53.81449508666992,52.49761962890625,52.009613037109375,51.400390625,49.73931884765625
0,-43,-96,20,14,66.21932983398438,64.56005096435547,68.00735473632812,65.19202423095703,63.158531188964844,63.95310592651367,65.76473236083984,65.3681869506836,65.86349487304688,67.67569732666016,68.00735473632812,69.40460968017578,71.40028381347656,70.60453033447266,69.81404113769531,73.87828063964844,71.58910369873047,73.75635528564453,73.66138458251953,75.07329559326172,73.75635528564453,73.66138458251953,73.59347534179688,75.66372680664062,74.24958038330078,74.96665954589844,75.00666809082031,75.00666809082031,72.91776275634766,73.59347534179688,72.91776275634766,73.0,72.34638977050781,72.34638977050781,71.21797180175781,70.60453033447266,71.21797180175781,68.00735473632812,66.0302963256836,64.35060119628906,65.19202423095703,62.96824645996094,61.91122817993164,61.29437255859375,59.93329620361328,57.27128601074219,56.080299377441406,55.36244201660156,53.45091247558594,53.45091247558594,51.41984176635742,49.648765563964844
0,-43,-96,20,14,66.0984115600586,64.56005096435547,65.73431396484375,63.56099319458008,63.639610290527344,63.639610290527344,63.3876953125,65.27633666992188,64.07027435302734,65.0691909790039,67.0,67.00746154785156,68.02940368652344,68.02940368652344,69.00724792480469,71.11258697509766,70.25667572021484,71.11258697509766,71.17584228515625,72.17340087890625,72.17340087890625,71.34423828125,71.17584228515625,73.43704986572266,73.33484649658203,71.34423828125,72.17340087890625,73.24616241455078,71.17584228515625,72.11102294921875,71.0633544921875,71.0,71.00704193115234,70.0,68.0,70.0,68.00735473632812,65.19202423095703,64.19501495361328,62.513999938964844,61.52235412597656,59.6824951171875,60.20797348022461,58.46366500854492,57.00876998901367,55.36244201660156,54.08327102661133,52.201534271240234,53.712196350097656,51.88448715209961,49.24428939819336,48.010414123535156
0,-43,-96,21,10,67.00746154785156,65.0,64.8999252319336,64.66065216064453,63.52952194213867,62.60990524291992,63.158531188964844,64.25729370117188,64.62197875976562,67.06713104248047,68.94925689697266,68.62215423583984,70.60453033447266,69.92138671875,69.37578582763672,71.56814575195312,70.0927963256836,70.0927963256836,72.7804946899414,73.75635528564453,72.56720733642578,72.56720733642578,71.80529022216797,73.54590606689453,73.75635528564453,73.54590606689453,73.54590606689453,73.75635528564453,73.97972869873047,71.80529022216797,70.60453033447266,70.3420181274414,71.56814575195312,68.680419921875,69.2603759765625,68.62215423583984,67.41661834716797,66.48307800292969,65.92420196533203,64.07807922363281,63.071388244628906,60.41522979736328,60.835845947265625,57.80138397216797,56.93856430053711,55.226806640625,55.75840759277344,53.600372314453125,52.49761962890625,50.990196228027344,49.57822036743164,48.41487503051758
0,-43,-96,20,14,67.11929321289062,63.976558685302734,67.11929321289062,63.694583892822266,63.90618133544922,61.6846809387207,64.03124237060547,65.0,66.2872543334961,66.2872543334961,65.92420196533203,68.73136138916016,69.58448028564453,68.4689712524414,70.57620239257812,72.17340087890625,69.18092346191406,72.24956512451172,70.11418914794922,71.11258697509766,71.25306701660156,72.11102294921875,73.24616241455078,73.00685119628906,73.06161499023438,73.06161499023438,73.06161499023438,73.10950469970703,71.17584228515625,73.10950469970703,70.34912872314453,70.45565795898438,70.45565795898438,68.4689712524414,70.57620239257812,68.88395690917969,66.91038513183594,64.32728576660156,63.56099319458008,63.06346130371094,63.06346130371094,59.203041076660156,61.6846809387207,57.584720611572266,54.424259185791016,55.154327392578125,54.5618896484375,54.5618896484375,52.47856521606445,51.312767028808594,49.40647888183594,47.423622131347656
0,-43,-96,20,14,71.56814575195312,67.74215698242188,67.08203887939453,66.4906005859375,64.03124237060547,64.56005096435547,67.67569732666016,69.28924560546875,69.07966613769531,69.85699462890625,70.21395874023438,71.5541763305664,72.00694274902344,73.35530090332031,73.35530090332031,75.29276275634766,74.09453582763672,73.06161499023438,74.09453582763672,75.29276275634766,74.94664764404297,76.32168579101562,74.94664764404297,75.1664810180664,76.00657653808594,75.47184753417969,76.85050201416016,76.32168579101562,75.80237579345703,74.625732421875,73.9256362915039,74.79304504394531,73.35530090332031,72.4706802368164,72.00694274902344,70.66116333007812,69.77105712890625,69.35416412353516,67.62396240234375,67.23094177246094,63.694583892822266,64.25729370117188,64.19501495361328,60.16643524169922,59.203041076660156,58.46366500854492,57.87054443359375,57.55866622924805,55.3263053894043,55.081756591796875,53.0,50.15974426269531
0,-43,-96,21,10,64.8459701538086,65.45991516113281,65.55150604248047,64.07807922363281,63.50590515136719,63.06346130371094,64.0078125,64.14047241210938,65.19202423095703,64.637451171875,67.00746154785156,66.84310150146484,68.24954223632812,68.11754608154297,69.02897644042969,69.42621612548828,71.44927978515625,69.35416412353516,71.44927978515625,70.76722717285156,71.50524139404297,70.83784484863281,70.00714111328125,73.53910827636719,72.12489318847656,70.71067810058594,72.83543395996094,71.44927978515625,71.44927978515625,69.29646301269531,70.0927963256836,70.83784484863281,69.52696990966797,66.84310150146484,67.62396240234375,66.84310150146484,65.4369888305664,64.40496826171875,63.60031509399414,61.85466766357422,61.29437255859375,60.20797348022461,58.30952072143555,57.706153869628906,55.90169906616211,55.03635025024414,54.625999450683594,54.08327102661133,52.49761962890625,50.96076965332031,49.030601501464844,48.66210174560547
0,-43,-96,21,10,67.11929321289062,65.86349487304688,63.812225341796875,64.637451171875,63.60031509399414,64.53681182861328,65.85590362548828,63.70243453979492,65.76473236083984,65.79513549804688,68.680419921875,68.88395690917969,70.1783447265625,70.60453033447266,71.84010314941406,70.80254364013672,73.00685119628906,70.80254364013672,72.67048645019531,71.84706115722656,71.61005401611328,70.45565795898438,71.02816009521484,72.94518280029297,72.11102294921875,72.94518280029297,72.94518280029297,71.28113555908203,72.94518280029297,71.28113555908203,72.20111083984375,71.61005401611328,70.60453033447266,69.81404113769531,69.65629577636719,66.70832061767578,66.70832061767578,65.94694519042969,64.38167572021484,66.48307800292969,62.2414665222168,62.22539520263672,61.61980056762695,60.20797348022461,57.628116607666016,55.0,56.035701751708984,54.37830352783203,53.33854293823242,51.429561614990234,50.56678771972656,48.10405349731445
0,-43,-96,21,10,68.0,65.7419204711914,64.62197875976562,64.62197875976562,62.297672271728516,63.60031509399414,63.78871536254883,65.73431396484375,64.93843078613281,64.93843078613281,66.91038513183594,67.74215698242188,68.4689712524414,70.45565795898438,69.35416412353516,71.25306701660156,71.34423828125,70.1783447265625,72.11102294921875,72.11102294921875,71.25306701660156,73.17103576660156,70.06425476074219,73.06161499023438,72.11102294921875,73.10950469970703,72.11102294921875,71.11258697509766,71.17584228515625,71.25306701660156,70.34912872314453,71.44927978515625,69.46221923828125,69.72087097167969,68.73136138916016,66.91038513183594,66.2872543334961,64.53681182861328,65.0,62.09669876098633,61.400325775146484,59.4810905456543,60.083274841308594,59.46427536010742,57.384666442871094,54.12947463989258,53.66563034057617,53.23532485961914,50.477718353271484,50.6063232421875,49.67897033691406,48.83646011352539
0,-43,-96,20,14,68.3520278930664,65.55150604248047,66.21178436279297,64.40496826171875,64.88451385498047,64.49806213378906,64.35060119628906,66.0378646850586,66.61080932617188,66.40029907226562,68.24954223632812,70.0927963256836,71.50524139404297,71.50524139404297,71.50524139404297,70.71067810058594,71.4212875366211,71.4212875366211,70.71067810058594,71.4212875366211,72.18032836914062,73.53910827636719,70.71067810058594,72.91776275634766,73.55270385742188,73.59347534179688,74.3303451538086,74.96665954589844,72.13875579833984,72.83543395996094,72.13875579833984,72.86288452148438,72.18032836914062,71.58910369873047,70.29224395751953,70.0927963256836,67.35725402832031,65.19202423095703,66.40029907226562,63.60031509399414,64.20280456542969,60.0,63.28506851196289,58.830265045166016,58.18075180053711,55.46169662475586,55.46169662475586,55.54277801513672,53.48831558227539,53.75872039794922,50.96076965332031,49.648765563964844
0,-43,-96,20,14,68.18357849121094,65.6201171875,65.76473236083984,64.32728576660156,63.56099319458008,62.09669876098633,65.45991516113281,64.8459701538086,65.92420196533203,65.92420196533203,68.02940368652344,68.87670135498047,71.5541763305664,70.23532104492188,72.4706802368164,72.56031799316406,70.8307876586914,71.19690704345703,71.86793518066406,72.94518280029297,73.57308959960938,73.7834701538086,71.86793518066406,72.11102294921875,72.67048645019531,72.94518280029297,72.67048645019531,72.11102294921875,73.7834701538086,71.28113555908203,71.02112579345703,70.1783447265625,71.86793518066406,67.74215698242188,69.1158447265625,68.09552001953125,67.11929321289062,65.3681869506836,65.29930877685547,63.50590515136719,62.64982223510742,60.41522979736328,61.84658432006836,58.872745513916016,59.13543701171875,56.32051086425781,56.32051086425781,54.81787872314453,53.75872039794922,51.62363815307617,51.15662384033203,49.0
0,-43,-96,21,10,69.07966613769531,66.70832061767578,67.11929321289062,65.86349487304688,66.37017059326172,64.35060119628906,64.40496826171875,64.20280456542969,67.00746154785156,66.52819061279297,68.680419921875,68.62215423583984,70.00714111328125,70.71067810058594,71.4212875366211,72.13875579833984,71.44927978515625,70.72481536865234,70.83784484863281,72.24956512451172,72.91776275634766,72.91776275634766,72.24956512451172,73.87828063964844,73.0,73.75635528564453,73.75635528564453,73.66138458251953,74.41101837158203,73.0,70.72481536865234,71.44927978515625,70.71067810058594,69.29646301269531,70.00714111328125,69.29646301269531,66.52819061279297,65.94694519042969,66.06814575195312,64.66065216064453,63.0079345703125,61.400325775146484,61.032779693603516,58.52349853515625,57.45433044433594,55.94640350341797,55.90169906616211,53.712196350097656,52.92447280883789,51.54609680175781,50.96076965332031,50.0099983215332
0,-43,-96,20,13,65.73431396484375,67.67569732666016,64.40496826171875,63.60031509399414,61.84658432006836,62.36986541748047,63.639610290527344,62.2414665222168,65.85590362548828,64.66065216064453,65.4369888305664,67.00746154785156,68.60028839111328,68.24221801757812,70.21395874023438,69.89277648925781,70.72481536865234,68.50547790527344,71.02112579345703,69.89277648925781,70.45565795898438,70.72481536865234,69.6419448852539,71.19690704345703,71.86793518066406,72.71863555908203,71.86793518066406,68.79679870605469,71.56116485595703,68.79679870605469,70.72481536865234,70.45565795898438,70.21395874023438,67.20118713378906,67.62396240234375,65.6048812866211,65.6048812866211,64.03124237060547,64.66065216064453,63.12685775756836,60.87692642211914,60.8276252746582,58.0,58.0,58.13776779174805,54.20331954956055,53.823787689208984,53.25410842895508,50.774009704589844,50.6063232421875,49.19349670410156,48.46648406982422
0,-43,-96,20,13,65.29930877685547,64.40496826171875,64.07807922363281,64.07807922363281,62.62587356567383,61.032779693603516,64.03124237060547,63.56099319458008,64.32728576660156,66.0984115600586,64.93843078613281,67.47592163085938,69.2603759765625,69.35416412353516,69.2603759765625,69.18092346191406,68.02940368652344,68.11754608154297,70.06425476074219,71.0633544921875,71.0633544921875,71.0633544921875,69.02897644042969,71.0,72.0,71.00704193115234,71.00704193115234,71.00704193115234,71.02816009521484,70.00714111328125,70.028564453125,71.17584228515625,69.1158447265625,69.18092346191406,68.26419067382812,65.27633666992188,65.37583923339844,63.50590515136719,63.639610290527344,61.98386764526367,61.188232421875,59.228370666503906,59.43904495239258,57.28001403808594,54.08327102661133,54.424259185791016,53.851646423339844,52.801513671875,51.89412307739258,51.4781494140625,50.2493782043457,47.01063537597656
0,-43,-96,20,13,66.2872543334961,66.0984115600586,64.49806213378906,65.37583923339844,64.1248779296875,64.0,64.0,64.03124237060547,64.1248779296875,65.27633666992188,67.47592163085938,68.73136138916016,69.72087097167969,70.03570556640625,72.00694274902344,70.03570556640625,71.38627624511719,68.65857696533203,70.8307876586914,72.7804946899414,71.58910369873047,71.0633544921875,67.91170501708984,72.12489318847656,72.53275299072266,73.49829864501953,73.49829864501953,71.0633544921875,72.53275299072266,70.3420181274414,71.80529022216797,71.38627624511719,72.00694274902344,70.03570556640625,67.08203887939453,66.91038513183594,66.75328063964844,64.62971496582031,64.49806213378906,63.28506851196289,62.20128631591797,61.13100814819336,58.03447341918945,59.0,58.0,54.230987548828125,54.147945404052734,54.33230972290039,51.4781494140625,50.990196228027344,48.50773239135742,48.703182220458984
0,-43,-96,21,9,65.78753662109375,66.0984115600586,65.25334930419922,65.51335906982422,62.585941314697266,63.95310592651367,64.38167572021484,64.28063201904297,64.1248779296875,64.03124237060547,67.00746154785156,68.0,67.00746154785156,69.00724792480469,71.0,70.06425476074219,70.028564453125,69.1158447265625,71.17584228515625,71.0633544921875,70.028564453125,71.11258697509766,71.11258697509766,72.3394775390625,72.24956512451172,71.34423828125,71.11258697509766,71.0633544921875,71.0633544921875,69.1158447265625,71.02816009521484,70.0,69.0,68.00735473632812,68.00735473632812,66.00757598876953,65.0691909790039,64.1248779296875,64.28063201904297,63.3876953125,60.530982971191406,59.6824951171875,59.228370666503906,58.46366500854492,55.785301208496094,54.4058837890625,54.08327102661133,53.48831558227539,51.078372955322266,50.537113189697266,50.6063232421875,46.615447998046875
0,-43,-96,20,13,64.38167572021484,64.62971496582031,64.93843078613281,63.150611877441406,61.61168670654297,62.93647766113281,61.032779693603516,61.35144805908203,63.324562072753906,63.56099319458008,66.21178436279297,66.64833068847656,68.0,67.11929321289062,67.11929321289062,67.23094177246094,69.1158447265625,68.60028839111328,68.79679870605469,70.1783447265625,67.74215698242188,69.3397445678711,69.3397445678711,69.3397445678711,70.45565795898438,69.065185546875,70.45565795898438,69.3397445678711,71.02112579345703,69.3397445678711,67.74215698242188,68.79679870605469,66.8879623413086,67.23094177246094,66.73080444335938,64.14047241210938,65.3681869506836,63.1347770690918,61.29437255859375,61.717098236083984,60.41522979736328,60.008331298828125,59.236812591552734,56.64803695678711,55.973209381103516,53.16013717651367,53.851646423339844,52.17279052734375,50.990196228027344,49.36598205566406,49.36598205566406,47.0
0,-43,-96,20,13,64.47480010986328,62.17716598510742,62.17716598510742,62.265560150146484,60.20797348022461,61.29437255859375,62.20128631591797,60.4400520324707,62.481998443603516,62.28964614868164,62.93647766113281,65.0691909790039,66.4680404663086,65.79513549804688,67.89698028564453,67.94115447998047,67.26811981201172,67.26811981201172,68.01470184326172,68.01470184326172,67.26811981201172,67.89698028564453,66.70832061767578,67.47592163085938,68.88395690917969,69.65629577636719,68.11754608154297,68.01470184326172,68.01470184326172,68.01470184326172,67.20863342285156,66.52819061279297,66.4680404663086,64.35060119628906,65.0691909790039,62.2414665222168,62.93647766113281,60.95900344848633,59.66573715209961,60.30754470825195,57.80138397216797,56.61272048950195,56.859474182128906,55.4707145690918,55.07267761230469,51.4781494140625,52.32590103149414,50.15974426269531,49.76947021484375,48.703182220458984,46.840152740478516,45.89117431640625
0,-42,-96,20,13,67.67569732666016,63.0079345703125,65.4369888305664,62.481998443603516,65.19202423095703,59.41380310058594,62.2414665222168,62.96824645996094,65.29930877685547,65.4369888305664,65.4369888305664,67.00746154785156,67.20118713378906,66.85057830810547,67.42403411865234,70.1783447265625,68.26419067382812,69.3397445678711,67.74215698242188,69.6419448852539,69.3397445678711,68.09552001953125,70.49113464355469,68.60028839111328,69.6419448852539,68.79679870605469,69.46221923828125,71.34423828125,67.74215698242188,71.86793518066406,66.0378646850586,69.3397445678711,68.50547790527344,66.0302963256836,63.82006072998047,67.20118713378906,64.81512451171875,63.25345993041992,62.36986541748047,58.898216247558594,60.87692642211914,56.58621597290039,59.396968841552734,53.037723541259766,54.488529205322266,53.26349639892578,52.801513671875,52.430908203125,52.47856521606445,50.6063232421875,48.30113983154297,47.92702865600586
0,-43,-96,20,13,64.88451385498047,65.29930877685547,63.071388244628906,63.158531188964844,62.032249450683594,61.6846809387207,60.728904724121094,62.361846923828125,61.84658432006836,62.585941314697266,64.13267517089844,65.92420196533203,67.08203887939453,67.74215698242188,67.89698028564453,69.46221923828125,70.45565795898438,67.47592163085938,69.2603759765625,68.26419067382812,69.18092346191406,69.18092346191406,66.18912506103516,68.06614685058594,70.11418914794922,70.1783447265625,71.11258697509766,69.2603759765625,70.25667572021484,66.18912506103516,66.27216339111328,66.37017059326172,66.37017059326172,64.49806213378906,64.93843078613281,64.77654266357422,62.96824645996094,62.169124603271484,60.63827133178711,61.61168670654297,58.94064712524414,59.203041076660156,56.61272048950195,54.708316802978516,54.08327102661133,51.62363815307617,52.0,51.0,48.87739944458008,49.09175109863281,45.221675872802734,46.86149978637695
0,-42,-96,20,13,68.44705963134766,66.0984115600586,67.60177612304688,66.27216339111328,65.27633666992188,66.0302963256836,64.0,66.0,65.0691909790039,68.18357849121094,69.2603759765625,68.59300231933594,70.85901641845703,71.02112579345703,70.85901641845703,71.38627624511719,72.00694274902344,72.18032836914062,72.7804946899414,72.36711883544922,71.38627624511719,72.03471374511719,73.00685119628906,73.49829864501953,73.49829864501953,73.24616241455078,73.49829864501953,72.2772445678711,71.80529022216797,73.00685119628906,70.61161041259766,70.40596771240234,69.05070495605469,68.24954223632812,66.91038513183594,66.91038513183594,66.75328063964844,64.49806213378906,64.38167572021484,63.19810104370117,61.20457458496094,61.073726654052734,60.008331298828125,58.00862121582031,58.0,56.035701751708984,56.080299377441406,53.33854293823242,51.62363815307617,51.97114562988281,49.72926712036133,48.383880615234375
0,-42,-96,20,13,66.4906005859375,65.11528015136719,66.48307800292969,64.49806213378906,64.28063201904297,61.13100814819336,66.0,65.0,64.03124237060547,68.06614685058594,68.18357849121094,70.25667572021484,70.34912872314453,70.34912872314453,68.35934448242188,72.83543395996094,69.87130737304688,71.70076751708984,70.03570556640625,69.87130737304688,71.02112579345703,71.84706115722656,72.00694274902344,72.36711883544922,72.18032836914062,70.03570556640625,72.00694274902344,72.00694274902344,69.72087097167969,71.70076751708984,70.45565795898438,71.34423828125,69.2603759765625,68.26419067382812,69.1158447265625,69.065185546875,66.00757598876953,63.0,63.0,61.00819778442383,62.07253646850586,59.13543701171875,60.29925537109375,57.42821502685547,55.578773498535156,52.95280838012695,54.34151077270508,53.16013717651367,51.26402282714844,49.76947021484375,48.84669876098633,47.01063537597656
0,-42,-96,20,13,65.11528015136719,64.32728576660156,65.0,62.64183807373047,62.93647766113281,62.3939094543457,63.158531188964844,62.169124603271484,64.40496826171875,64.49806213378906,66.73080444335938,66.8879623413086,68.79679870605469,68.79679870605469,68.50547790527344,70.1783447265625,67.67569732666016,67.67569732666016,69.40460968017578,67.80117797851562,70.21395874023438,69.40460968017578,68.60028839111328,69.52696990966797,69.65629577636719,69.65629577636719,71.0633544921875,70.60453033447266,68.60028839111328,67.80117797851562,68.24221801757812,68.60028839111328,68.818603515625,66.0302963256836,67.11929321289062,65.45991516113281,63.51377868652344,62.433963775634766,61.400325775146484,61.400325775146484,57.245086669921875,58.600341796875,56.36488342285156,55.94640350341797,53.3104133605957,53.48831558227539,53.141319274902344,52.49761962890625,49.47726821899414,50.0099983215332,47.67599105834961,47.16990661621094
0,-43,-96,20,13,65.51335906982422,63.812225341796875,64.637451171875,63.60031509399414,61.84658432006836,60.95900344848633,63.70243453979492,63.639610290527344,64.35060119628906,65.19202423095703,65.29930877685547,66.40029907226562,68.60028839111328,68.24221801757812,70.0,67.42403411865234,69.89277648925781,67.42403411865234,69.3397445678711,69.3397445678711,68.24221801757812,69.3397445678711,68.79679870605469,68.09552001953125,68.60028839111328,68.60028839111328,70.8307876586914,69.1158447265625,68.79679870605469,69.1158447265625,67.95587158203125,67.95587158203125,67.67569732666016,66.85057830810547,66.0302963256836,65.21502685546875,63.60031509399414,62.20128631591797,62.801273345947266,60.4400520324707,58.898216247558594,57.384666442871094,57.314918518066406,55.17245864868164,53.75872039794922,53.15073013305664,51.7397346496582,52.009613037109375,50.21951675415039,48.54894256591797,48.3735466003418,47.01063537597656
0,-42,-96,20,12,65.76473236083984,61.55485534667969,63.03173828125,61.717098236083984,62.20128631591797,60.216278076171875,60.74536895751953,62.96824645996094,62.433963775634766,64.0078125,65.29930877685547,67.11929321289062,66.21178436279297,66.21178436279297,67.97793579101562,68.94200134277344,66.30987548828125,67.62396240234375,67.23094177246094,68.54196166992188,65.79513549804688,68.54196166992188,67.779052734375,67.41661834716797,70.00714111328125,69.07966613769531,68.15423583984375,69.07966613769531,68.15423583984375,67.779052734375,65.39112854003906,66.64083099365234,66.18912506103516,64.40496826171875,65.76473236083984,64.41273498535156,62.17716598510742,60.90156173706055,60.90156173706055,58.830265045166016,58.52349853515625,57.42821502685547,56.859474182128906,54.20331954956055,54.671749114990234,51.7397346496582,51.62363815307617,50.20956039428711,48.91830062866211,49.04079818725586,47.20169448852539,46.647613525390625
0,-42,-96,20,13,65.39112854003906,63.324562072753906,64.62197875976562,65.78753662109375,63.89052963256836,63.06346130371094,64.32728576660156,63.150611877441406,63.95310592651367,65.6201171875,67.47592163085938,67.36467742919922,70.1783447265625,70.1783447265625,70.11418914794922,69.02897644042969,70.028564453125,70.028564453125,70.0,71.00704193115234,70.028564453125,71.0,70.0,71.0,71.0,69.0,71.0,71.0,71.00704193115234,69.0,67.06713104248047,70.06425476074219,69.065185546875,66.06814575195312,67.18630981445312,64.28063201904297,64.49806213378906,63.639610290527344,61.814239501953125,62.64982223510742,59.228370666503906,59.228370666503906,57.723480224609375,56.04462432861328,54.120235443115234,54.08327102661133,53.48831558227539,52.92447280883789,52.32590103149414,49.24428939819336,48.02082824707031,47.20169448852539
0,-42,-96,20,13,65.29930877685547,66.24198150634766,62.7694206237793,63.812225341796875,63.60031509399414,63.60031509399414,64.81512451171875,63.78087615966797,65.19202423095703,64.35060119628906,65.79513549804688,67.17886352539062,68.62215423583984,67.20863342285156,70.72481536865234,68.680419921875,69.42621612548828,68.01470184326172,71.58910369873047,70.83784484863281,68.680419921875,70.93659210205078,69.52696990966797,71.70076751708984,68.680419921875,69.65629577636719,70.29224395751953,69.42621612548828,70.0927963256836,68.01470184326172,70.00714111328125,70.03570556640625,68.62215423583984,65.05382537841797,65.0691909790039,65.0691909790039,66.60330200195312,64.53681182861328,61.22091293334961,62.00806427001953,59.203041076660156,59.40538787841797,57.688819885253906,57.45433044433594,56.080299377441406,52.35456085205078,52.32590103149414,51.89412307739258,50.695167541503906,50.28916549682617,47.801673889160156,46.69047164916992
0,-42,-96,19,19,70.49113464355469,68.79679870605469,68.24221801757812,67.80117797851562,69.20259857177734,65.85590362548828,66.52819061279297,68.59300231933594,68.59300231933594,70.0927963256836,70.1783447265625,71.70076751708984,71.0633544921875,73.40980529785156,71.21797180175781,74.40430450439453,73.23933410644531,75.0,73.81734466552734,76.02631378173828,72.80110168457031,74.88658142089844,74.06078338623047,74.3303451538086,74.3303451538086,75.1664810180664,74.3303451538086,75.7165756225586,72.67048645019531,75.1664810180664,71.02816009521484,71.61005401611328,72.80110168457031,70.0,70.43436431884766,71.21797180175781,69.02897644042969,66.70832061767578,65.85590362548828,64.38167572021484,62.93647766113281,61.52235412597656,63.65532302856445,60.14149856567383,58.13776779174805,56.85068130493164,55.0,56.30275344848633,56.080299377441406,53.712196350097656,52.77309799194336,49.39635467529297
0,-42,-96,20,13,65.6048812866211,61.85466766357422,64.8999252319336,64.14047241210938,63.631752014160156,62.64982223510742,63.56099319458008,62.64982223510742,63.694583892822266,65.55150604248047,65.45991516113281,67.35725402832031,68.96376037597656,67.72000885009766,67.72000885009766,68.88395690917969,68.88395690917969,69.12307739257812,70.61161041259766,71.0633544921875,69.12307739257812,67.46851348876953,69.42621612548828,71.02112579345703,70.40596771240234,69.23149871826172,70.21395874023438,70.21395874023438,68.24954223632812,69.23149871826172,69.12307739257812,69.85699462890625,66.94026947021484,66.48307800292969,64.28841400146484,64.56005096435547,64.8459701538086,61.98386764526367,61.032779693603516,60.74536895751953,59.80802536010742,58.30952072143555,57.27128601074219,55.94640350341797,55.009090423583984,54.58937454223633,51.62363815307617,51.62363815307617,50.6063232421875,49.67897033691406,48.83646011352539,46.69047164916992
0,-42,-96,20,13,65.03076171875,64.28063201904297,64.28063201904297,64.49806213378906,62.801273345947266,63.150611877441406,64.53681182861328,62.585941314697266,64.56005096435547,63.89052963256836,67.67569732666016,68.00735473632812,68.70953369140625,69.07966613769531,69.6419448852539,69.07966613769531,68.94200134277344,69.07966613769531,69.85699462890625,70.7742919921875,69.07966613769531,69.85699462890625,69.85699462890625,70.26378631591797,70.68238830566406,70.26378631591797,69.85699462890625,69.35416412353516,68.54196166992188,69.46221923828125,69.07966613769531,68.3520278930664,67.41661834716797,67.35725402832031,66.40782928466797,66.40782928466797,63.89052963256836,61.6846809387207,61.400325775146484,60.63827133178711,59.228370666503906,59.43904495239258,58.54912567138672,56.718605041503906,53.33854293823242,54.037025451660156,52.0,53.0,50.0099983215332,51.244510650634766,49.36598205566406,47.29693603515625
0,-42,-96,20,12,65.39112854003906,61.269893646240234,64.88451385498047,62.7694206237793,63.28506851196289,59.64059066772461,61.61168670654297,62.00806427001953,61.717098236083984,63.78087615966797,63.78087615966797,64.38167572021484,65.76473236083984,66.4680404663086,66.4680404663086,68.680419921875,67.26811981201172,67.26811981201172,67.47592163085938,66.84310150146484,68.11754608154297,68.24954223632812,68.01470184326172,67.62396240234375,69.52696990966797,67.47592163085938,67.62396240234375,68.24954223632812,66.84310150146484,68.88395690917969,65.19202423095703,66.60330200195312,66.52819061279297,64.38167572021484,62.96824645996094,63.639610290527344,61.52235412597656,60.8276252746582,59.46427536010742,58.051700592041016,58.898216247558594,56.080299377441406,58.41232681274414,55.217750549316406,53.823787689208984,51.865211486816406,51.62363815307617,51.4781494140625,49.658836364746094,48.46648406982422,48.383880615234375,45.607017517089844
0,-42,-96,20,13,65.3681869506836,65.86349487304688,63.51377868652344,65.21502685546875,61.400325775146484,62.62587356567383,62.28964614868164,62.96824645996094,64.35060119628906,64.35060119628906,66.48307800292969,66.52819061279297,68.01470184326172,68.7677230834961,69.52696990966797,67.80117797851562,71.21797180175781,68.24954223632812,70.60453033447266,71.40028381347656,70.43436431884766,69.40460968017578,68.60028839111328,70.45565795898438,70.80254364013672,70.80254364013672,71.61005401611328,68.60028839111328,70.80254364013672,67.20118713378906,68.88395690917969,69.20259857177734,68.24954223632812,67.35725402832031,67.35725402832031,63.70243453979492,63.70243453979492,62.93647766113281,62.2414665222168,62.93647766113281,58.051700592041016,60.20797348022461,56.85068130493164,56.080299377441406,55.60575485229492,52.69725036621094,52.15361785888672,52.47856521606445,51.0,49.24428939819336,48.10405349731445,48.08325958251953
0,-42,-96,19,19,69.57010650634766,69.89277648925781,67.779052734375,69.35416412353516,67.08203887939453,67.5351791381836,67.60177612304688,66.73080444335938,67.41661834716797,68.24221801757812,71.40028381347656,71.21797180175781,72.00694274902344,71.84010314941406,73.40980529785156,73.10950469970703,73.10950469970703,70.43436431884766,73.66138458251953,73.75635528564453,72.4706802368164,72.34638977050781,73.0,74.95331573486328,75.00666809082031,75.00666809082031,74.3303451538086,72.91776275634766,74.3303451538086,72.24956512451172,73.75635528564453,73.24616241455078,71.0633544921875,70.60453033447266,69.40460968017578,69.20259857177734,68.60028839111328,67.42403411865234,64.637451171875,65.19202423095703,63.28506851196289,63.631752014160156,59.9416389465332,59.03388977050781,60.008331298828125,56.080299377441406,56.64803695678711,53.75872039794922,51.92301940917969,53.36665725708008,51.788028717041016,50.15974426269531
0,-42,-96,20,12,62.7694206237793,61.85466766357422,63.0079345703125,62.00806427001953,61.717098236083984,58.898216247558594,62.28964614868164,60.8276252746582,61.55485534667969,63.78087615966797,65.29930877685547,66.84310150146484,66.40029907226562,65.802734375,66.40029907226562,68.818603515625,66.85057830810547,66.2872543334961,66.85057830810547,68.50547790527344,68.24221801757812,68.24221801757812,67.11929321289062,67.74215698242188,68.26419067382812,67.95587158203125,68.79679870605469,68.79679870605469,66.8879623413086,68.79679870605469,66.85057830810547,65.21502685546875,66.0302963256836,63.82006072998047,62.801273345947266,63.411354064941406,62.00806427001953,59.81638717651367,59.54829788208008,58.79625701904297,59.41380310058594,56.58621597290039,55.865909576416016,53.75872039794922,53.26349639892578,52.009613037109375,52.201534271240234,50.477718353271484,49.39635467529297,48.3735466003418,46.957427978515625,45.880279541015625
0,-42,-96,20,13,65.3681869506836,64.14047241210938,65.45991516113281,63.0079345703125,62.00806427001953,62.481998443603516,64.44377136230469,64.35060119628906,63.639610290527344,65.79513549804688,67.26811981201172,68.01470184326172,69.65629577636719,68.11754608154297,69.52696990966797,71.21797180175781,69.63475799560547,67.80117797851562,70.21395874023438,70.21395874023438,70.0,71.40028381347656,70.21395874023438,70.45565795898438,69.89277648925781,69.89277648925781,69.89277648925781,71.02816009521484,70.45565795898438,69.89277648925781,68.818603515625,69.02897644042969,67.62396240234375,67.47592163085938,66.06814575195312,65.94694519042969,62.36986541748047,63.03173828125,62.96824645996094,61.52235412597656,60.8276252746582,58.0,58.13776779174805,56.7274169921875,55.60575485229492,53.600372314453125,54.08327102661133,52.69725036621094,51.4781494140625,50.11985778808594,48.84669876098633,45.221675872802734
0,-42,-96,20,13,63.812225341796875,65.3681869506836,64.88451385498047,64.8459701538086,63.071388244628906,62.7694206237793,62.96824645996094,62.93647766113281,63.324562072753906,64.56005096435547,65.96968841552734,66.70832061767578,68.24954223632812,68.24954223632812,68.44705963134766,68.06614685058594,70.03570556640625,68.73136138916016,71.70076751708984,70.57620239257812,69.87130737304688,70.45565795898438,66.61080932617188,70.25667572021484,71.25306701660156,70.25667572021484,69.35416412353516,68.4689712524414,69.46221923828125,67.36467742919922,68.73136138916016,67.60177612304688,66.91038513183594,65.76473236083984,66.0984115600586,63.95310592651367,65.30696868896484,64.32728576660156,60.63827133178711,60.16643524169922,59.77457809448242,59.4810905456543,57.87054443359375,56.30275344848633,54.7813835144043,52.39274597167969,51.89412307739258,51.4781494140625,51.4781494140625,49.92995071411133,48.60041046142578,46.69047164916992
0,-42,-96,20,13,65.29930877685547,64.40496826171875,64.62197875976562,65.0,63.89052963256836,62.93647766113281,64.76110076904297,61.61168670654297,65.11528015136719,65.11528015136719,67.89698028564453,66.37017059326172,69.58448028564453,67.47592163085938,69.2603759765625,70.1783447265625,69.065185546875,68.18357849121094,71.0633544921875,71.0633544921875,71.11258697509766,71.00704193115234,70.06425476074219,72.02777099609375,71.00704193115234,71.02816009521484,71.0,71.02816009521484,70.00714111328125,70.0,68.02940368652344,69.065185546875,68.11754608154297,66.18912506103516,64.28063201904297,65.27633666992188,64.28063201904297,63.50590515136719,62.801273345947266,60.67124557495117,58.85575485229492,58.85575485229492,58.24946212768555,56.75385284423828,55.081756591796875,53.45091247558594,52.81098556518555,52.55473327636719,51.4781494140625,50.537113189697266,48.3735466003418,46.615447998046875
0,-42,-96,20,13,66.0302963256836,65.73431396484375,63.631752014160156,64.49806213378906,64.88451385498047,63.976558685302734,63.158531188964844,64.25729370117188,63.90618133544922,64.51356506347656,67.35725402832031,68.680419921875,68.680419921875,66.7607650756836,69.6419448852539,68.88395690917969,70.0927963256836,69.12307739257812,69.63475799560547,70.8307876586914,69.85699462890625,71.80529022216797,70.61161041259766,70.21395874023438,70.40596771240234,71.58910369873047,69.42621612548828,69.85699462890625,69.85699462890625,69.85699462890625,68.4105224609375,67.18630981445312,67.72000885009766,66.7607650756836,66.7607650756836,65.14598846435547,63.5688591003418,62.032249450683594,62.032249450683594,62.7694206237793,60.008331298828125,59.50630187988281,58.600341796875,55.94640350341797,54.20331954956055,53.0,54.08327102661133,53.600372314453125,50.447994232177734,50.2493782043457,49.497474670410156,46.75468063354492
0,-42,-96,20,12,65.27633666992188,62.801273345947266,61.814239501953125,63.150611877441406,61.84658432006836,60.4400520324707,63.24555206298828,61.6846809387207,63.694583892822266,65.0,64.47480010986328,66.21178436279297,68.02940368652344,67.5425796508789,65.7419204711914,68.88395690917969,68.0,66.64833068847656,68.09552001953125,67.60177612304688,68.42514038085938,68.09552001953125,68.09552001953125,69.46221923828125,69.83551788330078,68.96376037597656,67.74215698242188,69.35416412353516,66.73080444335938,68.0,65.76473236083984,65.76473236083984,66.64833068847656,64.8459701538086,64.40496826171875,63.56099319458008,63.158531188964844,61.46543884277344,60.74536895751953,59.46427536010742,59.13543701171875,56.61272048950195,57.00876998901367,54.81787872314453,53.15073013305664,51.788028717041016,52.77309799194336,52.345008850097656,51.244510650634766,50.0,48.010414123535156,46.389652252197266
0,-42,-96,19,19,69.02897644042969,66.18912506103516,69.46221923828125,65.6201171875,66.91038513183594,63.150611877441406,66.21932983398438,66.48307800292969,67.35725402832031,69.57010650634766,70.22820281982422,70.57620239257812,71.51223754882812,72.23572540283203,71.69379425048828,73.79024505615234,71.11962127685547,73.79024505615234,72.00694274902344,72.89718627929688,72.44998168945312,74.24284362792969,74.24284362792969,74.70609283447266,73.79024505615234,73.35530090332031,73.43023681640625,74.30342864990234,72.06941223144531,74.30342864990234,70.23532104492188,72.00694274902344,71.5541763305664,70.68238830566406,69.7782211303711,69.7782211303711,67.62396240234375,63.90618133544922,63.90618133544922,62.96824645996094,63.90618133544922,59.46427536010742,62.64183807373047,57.00876998901367,56.75385284423828,56.08921432495117,55.73149871826172,55.44366455078125,55.145263671875,53.037723541259766,52.0,48.25971221923828
0,-42,-96,20,13,65.76473236083984,65.29930877685547,64.47480010986328,62.7694206237793,61.6846809387207,62.93647766113281,65.0,64.53681182861328,65.30696868896484,65.51335906982422,65.11528015136719,67.08203887939453,69.05070495605469,69.87130737304688,69.58448028564453,71.25306701660156,70.25667572021484,71.25306701660156,71.17584228515625,71.11258697509766,69.1158447265625,71.0633544921875,71.17584228515625,71.17584228515625,71.11258697509766,71.17584228515625,71.0633544921875,71.11258697509766,70.1783447265625,71.0633544921875,67.26811981201172,69.18092346191406,69.2603759765625,66.27216339111328,67.26811981201172,65.37583923339844,66.0984115600586,62.169124603271484,61.392181396484375,61.392181396484375,60.63827133178711,59.43904495239258,58.94064712524414,56.32051086425781,54.708316802978516,53.75872039794922,53.48831558227539,52.39274597167969,50.537113189697266,49.92995071411133,49.09175109863281,48.91830062866211
0,-42,-96,19,19,71.0633544921875,69.37578582763672,68.00735473632812,68.62215423583984,68.3520278930664,66.85057830810547,67.62396240234375,67.97793579101562,67.08203887939453,69.83551788330078,70.49113464355469,74.3303451538086,72.94518280029297,72.94518280029297,74.3303451538086,73.49829864501953,74.63243103027344,73.23933410644531,74.63243103027344,74.06078338623047,74.88658142089844,76.02631378173828,74.40430450439453,73.40980529785156,75.60423278808594,75.0,75.0,75.21302795410156,74.40430450439453,74.20242309570312,71.84706115722656,72.11102294921875,71.56116485595703,71.86793518066406,70.49113464355469,69.1158447265625,68.79679870605469,66.73080444335938,67.60177612304688,64.41273498535156,64.40496826171875,61.741397857666016,61.741397857666016,59.236812591552734,58.52349853515625,57.567352294921875,57.00876998901367,56.08921432495117,56.08921432495117,53.75872039794922,52.345008850097656,51.009803771972656
0,-42,-96,20,12,64.637451171875,61.85466766357422,63.51377868652344,60.539241790771484,62.17716598510742,60.8276252746582,61.32699203491211,62.032249450683594,62.3939094543457,64.51356506347656,65.14598846435547,64.56005096435547,66.21932983398438,65.25334930419922,65.96968841552734,68.65857696533203,66.70832061767578,67.6830825805664,67.26811981201172,68.44705963134766,67.26811981201172,67.46851348876953,68.06614685058594,67.89698028564453,68.88395690917969,66.75328063964844,67.74215698242188,69.05070495605469,65.92420196533203,68.06614685058594,64.13267517089844,65.51335906982422,64.32728576660156,64.53681182861328,64.76110076904297,63.78871536254883,61.84658432006836,60.16643524169922,58.52349853515625,57.87054443359375,58.872745513916016,56.64803695678711,57.00876998901367,53.3104133605957,52.39274597167969,52.32590103149414,50.537113189697266,49.39635467529297,49.92995071411133,48.010414123535156,47.50789260864258,44.55333709716797
0,-42,-96,20,12,63.19810104370117,63.071388244628906,62.0,63.0,60.0333251953125,63.19810104370117,62.28964614868164,60.530982971191406,61.814239501953125,60.8276252746582,64.32728576660156,64.76110076904297,65.96968841552734,65.25334930419922,67.18630981445312,66.0984115600586,66.0984115600586,64.8459701538086,67.35725402832031,67.35725402832031,65.802734375,66.73080444335938,64.51356506347656,67.779052734375,66.73080444335938,67.06713104248047,67.67569732666016,66.73080444335938,68.3081283569336,64.51356506347656,67.35725402832031,65.52098846435547,65.802734375,63.06346130371094,63.06346130371094,60.16643524169922,61.84658432006836,60.63827133178711,58.46366500854492,59.03388977050781,55.90169906616211,57.706153869628906,55.44366455078125,54.230987548828125,53.15073013305664,51.03919982910156,50.0,51.009803771972656,47.095645904541016,48.25971221923828,46.52956008911133,45.607017517089844
0,-42,-96,19,18,68.94925689697266,65.55150604248047,69.7782211303711,65.30696868896484,66.24198150634766,64.49806213378906,65.0,66.2872543334961,67.67569732666016,68.818603515625,70.60453033447266,70.43436431884766,72.4706802368164,71.70076751708984,71.0633544921875,74.41101837158203,70.1783447265625,71.58910369873047,70.0927963256836,73.66138458251953,71.58910369873047,72.18032836914062,73.66138458251953,72.83543395996094,71.44927978515625,72.86288452148438,73.59347534179688,72.91776275634766,70.0927963256836,72.18032836914062,69.52696990966797,71.70076751708984,71.0633544921875,68.4105224609375,67.80117797851562,69.20259857177734,66.40029907226562,64.637451171875,63.51377868652344,61.057350158691406,62.7694206237793,60.539241790771484,61.29437255859375,57.245086669921875,57.27128601074219,56.46237564086914,55.02726745605469,53.45091247558594,53.16013717651367,51.195701599121094,49.81967544555664,49.09175109863281
0,-42,-96,19,18,68.02940368652344,67.08203887939453,64.88451385498047,66.24198150634766,65.51335906982422,64.07027435302734,65.802734375,65.6048812866211,65.4369888305664,68.01470184326172,69.42621612548828,70.72481536865234,70.00714111328125,70.00714111328125,72.13875579833984,72.12489318847656,71.4212875366211,72.13875579833984,71.44927978515625,72.18032836914062,71.44927978515625,72.91776275634766,71.50524139404297,73.0,72.91776275634766,72.24956512451172,73.66138458251953,72.18032836914062,72.18032836914062,71.44927978515625,70.00714111328125,70.00714111328125,70.71067810058594,69.3108901977539,68.62215423583984,65.85590362548828,65.94694519042969,65.29930877685547,63.25345993041992,63.411354064941406,61.61168670654297,61.29437255859375,59.07622146606445,57.688819885253906,56.93856430053711,54.58937454223633,55.009090423583984,53.22593307495117,52.55473327636719,51.54609680175781,50.447994232177734,48.66210174560547
0,-42,-96,20,12,63.03173828125,59.396968841552734,62.96824645996094,60.30754470825195,61.22091293334961,59.203041076660156,61.61168670654297,60.20797348022461,61.400325775146484,63.631752014160156,61.91122817993164,65.0,64.88451385498047,65.76473236083984,64.41273498535156,68.87670135498047,64.47480010986328,65.79513549804688,63.56099319458008,67.23094177246094,65.39112854003906,66.85057830810547,67.11929321289062,67.23094177246094,66.21178436279297,65.39112854003906,65.92420196533203,68.15423583984375,65.92420196533203,67.23094177246094,64.40496826171875,64.47480010986328,63.56099319458008,62.169124603271484,62.60990524291992,63.95310592651367,61.400325775146484,60.539241790771484,56.859474182128906,55.75840759277344,57.14017868041992,56.30275344848633,56.61272048950195,52.009613037109375,51.400390625,50.447994232177734,50.2493782043457,49.497474670410156,50.32891845703125,49.20365905761719,46.3249397277832,45.650848388671875
0,-42,-96,20,12,63.78871536254883,62.3939094543457,62.20128631591797,61.13100814819336,62.0,60.0,63.03173828125,61.073726654052734,63.3876953125,63.3876953125,64.77654266357422,63.78871536254883,65.92420196533203,66.2872543334961,65.92420196533203,66.70832061767578,64.76110076904297,68.65857696533203,65.96968841552734,68.65857696533203,67.6830825805664,68.65857696533203,65.73431396484375,68.4105224609375,67.18630981445312,66.21932983398438,68.15423583984375,69.12307739257812,64.76110076904297,65.73431396484375,65.73431396484375,65.51335906982422,66.70832061767578,63.95310592651367,61.814239501953125,62.801273345947266,61.814239501953125,59.6824951171875,59.304298400878906,58.30952072143555,58.13776779174805,56.14267349243164,56.035701751708984,54.00925827026367,53.0,52.038448333740234,51.15662384033203,51.244510650634766,48.83646011352539,47.85394287109375,47.29693603515625,44.59820556640625
0,-42,-96,19,18,66.48307800292969,64.19501495361328,65.03076171875,64.0078125,65.0,62.032249450683594,64.28063201904297,63.50590515136719,65.4904556274414,65.76473236083984,66.91038513183594,66.4906005859375,68.24954223632812,68.88395690917969,69.85699462890625,69.12307739257812,68.4105224609375,70.60453033447266,69.37578582763672,71.16881561279297,69.37578582763672,70.88018035888672,70.60453033447266,71.47027587890625,70.88018035888672,68.680419921875,70.21395874023438,70.88018035888672,68.96376037597656,70.21395874023438,68.15423583984375,67.72000885009766,68.4105224609375,65.73431396484375,65.96968841552734,66.70832061767578,65.30696868896484,62.96824645996094,61.52235412597656,60.530982971191406,61.52235412597656,58.30952072143555,59.304298400878906,56.080299377441406,55.03635025024414,54.0,53.00943374633789,53.15073013305664,52.46903991699219,50.80354309082031,49.030601501464844,47.434165954589844
0,-42,-96,20,12,64.41273498535156,60.90156173706055,61.91122817993164,61.587337493896484,60.464866638183594,60.605281829833984,60.4400520324707,61.073726654052734,61.55485534667969,62.96824645996094,65.05382537841797,65.85590362548828,65.19202423095703,65.19202423095703,66.52819061279297,67.62396240234375,66.06814575195312,66.06814575195312,67.62396240234375,67.62396240234375,66.06814575195312,67.62396240234375,67.00746154785156,66.85057830810547,67.20118713378906,67.42403411865234,68.00735473632812,67.80117797851562,65.802734375,66.40029907226562,65.6048812866211,65.4369888305664,65.29930877685547,63.78087615966797,63.78087615966797,63.03173828125,61.61980056762695,60.20797348022461,60.10823440551758,59.396968841552734,58.694122314453125,56.58621597290039,55.973209381103516,53.15073013305664,52.63079071044922,50.80354309082031,50.477718353271484,50.477718353271484,49.73931884765625,47.41307830810547,46.51881408691406,45.54119110107422
0,-42,-96,20,12,62.585941314697266,61.392181396484375,60.16643524169922,61.400325775146484,61.35144805908203,59.80802536010742,60.539241790771484,59.50630187988281,62.64982223510742,62.17716598510742,64.0078125,62.265560150146484,65.0,65.51335906982422,65.86349487304688,64.35060119628906,65.73431396484375,64.35060119628906,66.2872543334961,66.5732650756836,66.5732650756836,67.41661834716797,64.637451171875,66.40029907226562,66.2872543334961,65.21502685546875,65.45991516113281,66.2872543334961,65.73431396484375,66.2872543334961,66.0378646850586,63.631752014160156,65.86349487304688,62.64982223510742,61.773780822753906,61.29437255859375,61.29437255859375,59.03388977050781,58.600341796875,58.18075180053711,57.384666442871094,54.7813835144043,54.7813835144043,54.08327102661133,52.201534271240234,50.21951675415039,50.0099983215332,49.648765563964844,47.51841735839844,47.16990661621094,46.097721099853516,44.0
0,-42,-96,19,18,68.7677230834961,67.62396240234375,64.81512451171875,68.00735473632812,66.0302963256836,66.8879623413086,65.3681869506836,66.64833068847656,68.42514038085938,67.11929321289062,70.26378631591797,69.46221923828125,70.93659210205078,70.38465881347656,73.53910827636719,72.11102294921875,73.38937377929688,71.16881561279297,74.0,73.05477142333984,72.11102294921875,74.0,71.16881561279297,73.68174743652344,73.05477142333984,73.68174743652344,74.0,72.73238372802734,74.0,72.11102294921875,70.57620239257812,71.16881561279297,70.00714111328125,70.00714111328125,68.54196166992188,67.62396240234375,67.08203887939453,65.29930877685547,63.95310592651367,64.49806213378906,62.265560150146484,61.91122817993164,60.20797348022461,59.36328887939453,57.42821502685547,55.60575485229492,55.44366455078125,53.81449508666992,53.740116119384766,53.81449508666992,51.22499465942383,50.21951675415039
0,-42,-96,20,12,63.56099319458008,60.008331298828125,62.3939094543457,60.74536895751953,61.032779693603516,60.16643524169922,60.87692642211914,59.43904495239258,61.98386764526367,61.814239501953125,64.77654266357422,63.639610290527344,65.4904556274414,64.49806213378906,64.28063201904297,67.18630981445312,65.19202423095703,66.18912506103516,65.03076171875,67.06713104248047,66.18912506103516,66.0302963256836,65.0691909790039,68.0,68.00735473632812,68.00735473632812,68.06614685058594,67.06713104248047,65.03076171875,67.11929321289062,63.19810104370117,64.19501495361328,63.28506851196289,63.3876953125,62.513999938964844,62.64982223510742,61.66035842895508,58.85575485229492,58.051700592041016,57.27128601074219,56.51548385620117,54.5710563659668,55.081756591796875,52.49761962890625,52.81098556518555,49.97999572753906,51.4781494140625,48.754486083984375,48.3735466003418,47.70744323730469,46.04345703125,45.45327377319336
0,-42,-96,19,18,67.74215698242188,65.73431396484375,67.42403411865234,63.60031509399414,64.81512451171875,64.44377136230469,65.0691909790039,66.48307800292969,67.17886352539062,66.60330200195312,68.88395690917969,69.02897644042969,69.81404113769531,70.60453033447266,69.81404113769531,72.00694274902344,70.21395874023438,70.45565795898438,68.818603515625,69.63475799560547,70.80254364013672,71.02816009521484,70.45565795898438,73.24616241455078,71.28113555908203,71.28113555908203,71.56116485595703,71.02816009521484,71.28113555908203,72.11102294921875,69.40460968017578,70.0,68.60028839111328,67.80117797851562,67.47592163085938,66.21932983398438,66.21932983398438,63.89052963256836,63.03173828125,62.28964614868164,60.81118392944336,57.982757568359375,60.14149856567383,56.63920974731445,56.080299377441406,54.20331954956055,54.4058837890625,53.5350341796875,52.47856521606445,51.4781494140625,49.658836364746094,47.53945541381836
0,-42,-96,19,18,68.3520278930664,66.85057830810547,65.79513549804688,65.7419204711914,64.41273498535156,65.86349487304688,65.0,65.73431396484375,68.00735473632812,66.40029907226562,69.81404113769531,70.29224395751953,70.43436431884766,71.58910369873047,73.0,72.91776275634766,72.86288452148438,70.72481536865234,73.53910827636719,73.53910827636719,71.44927978515625,72.83543395996094,70.72481536865234,72.86288452148438,72.83543395996094,73.53910827636719,72.83543395996094,71.4212875366211,73.53910827636719,69.29646301269531,70.71067810058594,72.18032836914062,70.76722717285156,67.94115447998047,68.7677230834961,65.94694519042969,67.47592163085938,64.81512451171875,64.40496826171875,63.0079345703125,60.216278076171875,60.74536895751953,59.36328887939453,57.45433044433594,58.66856002807617,55.009090423583984,54.12947463989258,53.3104133605957,51.26402282714844,51.54609680175781,50.695167541503906,49.648765563964844
0,-42,-96,20,12,61.717098236083984,60.14149856567383,62.2414665222168,58.728187561035156,61.073726654052734,59.03388977050781,60.605281829833984,58.8217658996582,61.29437255859375,63.51377868652344,61.91122817993164,65.3681869506836,65.76473236083984,65.29930877685547,65.76473236083984,66.64083099365234,65.7419204711914,66.21178436279297,67.11929321289062,67.11929321289062,67.11929321289062,68.02940368652344,65.39112854003906,67.23094177246094,68.15423583984375,65.0,67.23094177246094,66.30987548828125,65.39112854003906,66.70832061767578,63.071388244628906,63.976558685302734,64.40496826171875,63.95310592651367,61.29437255859375,62.17716598510742,60.41522979736328,59.16925048828125,59.6824951171875,57.14017868041992,56.30275344848633,55.4707145690918,56.30275344848633,52.801513671875,51.855567932128906,51.7397346496582,49.57822036743164,50.91168975830078,50.2493782043457,47.6340217590332,46.40043258666992,45.650848388671875
0,-42,-96,19,18,66.40029907226562,66.61080932617188,64.35060119628906,64.66065216064453,64.49806213378906,63.06346130371094,64.8459701538086,66.21178436279297,66.70832061767578,66.128662109375,68.62215423583984,68.4105224609375,70.60453033447266,71.56814575195312,72.12489318847656,70.88018035888672,72.03471374511719,69.85699462890625,70.8307876586914,70.0927963256836,70.3420181274414,73.00685119628906,70.8307876586914,71.84706115722656,72.36711883544922,72.18032836914062,73.54590606689453,71.80529022216797,72.7804946899414,67.46851348876953,69.85699462890625,69.12307739257812,68.4105224609375,67.44627380371094,68.00735473632812,65.25334930419922,64.56005096435547,63.60031509399414,63.60031509399414,62.62587356567383,60.539241790771484,60.539241790771484,58.18075180053711,57.27128601074219,55.94640350341797,54.708316802978516,53.33854293823242,53.25410842895508,51.03919982910156,49.40647888183594,50.447994232177734,49.497474670410156
0,-42,-96,19,18,65.6048812866211,67.42403411865234,63.812225341796875,66.0378646850586,62.7694206237793,64.0078125,64.40496826171875,63.56099319458008,65.0,66.48307800292969,67.41661834716797,68.3520278930664,68.94925689697266,68.94925689697266,69.89277648925781,69.57010650634766,70.88018035888672,68.3081283569336,71.84010314941406,71.56814575195312,70.88018035888672,71.84010314941406,67.72000885009766,71.30918884277344,72.53275299072266,70.0927963256836,70.3420181274414,69.37578582763672,71.16881561279297,68.680419921875,69.2603759765625,68.3081283569336,68.62215423583984,68.00735473632812,67.41661834716797,63.694583892822266,65.0,62.2414665222168,62.64982223510742,62.169124603271484,59.05929183959961,59.05929183959961,58.30952072143555,57.45433044433594,57.14017868041992,54.08327102661133,53.600372314453125,52.009613037109375,50.990196228027344,50.93132781982422,49.67897033691406,48.82622146606445
0,-42,-96,19,18,69.07966613769531,67.41661834716797,65.78753662109375,68.3081283569336,65.25334930419922,65.73431396484375,65.92420196533203,65.6201171875,67.47592163085938,68.35934448242188,71.17584228515625,72.06246948242188,72.06246948242188,73.02738952636719,73.02738952636719,73.0,72.00694274902344,72.0,73.02738952636719,73.02738952636719,73.00685119628906,73.06161499023438,72.11102294921875,73.17103576660156,75.05997467041016,73.17103576660156,73.24616241455078,73.06161499023438,73.10950469970703,71.11258697509766,71.02816009521484,72.02777099609375,72.0,68.02940368652344,69.00724792480469,67.0,68.0,65.03076171875,65.19202423095703,64.19501495361328,62.20128631591797,61.29437255859375,61.52235412597656,57.55866622924805,57.706153869628906,55.10898208618164,57.48912811279297,54.81787872314453,53.45091247558594,51.26402282714844,50.56678771972656,49.648765563964844
0,-42,-96,20,12,62.64982223510742,61.29437255859375,62.12889862060547,60.008331298828125,60.0,59.00847244262695,60.20797348022461,60.29925537109375,61.66035842895508,61.66035842895508,63.78871536254883,63.78871536254883,65.11528015136719,66.4906005859375,65.30696868896484,66.94026947021484,64.76110076904297,64.76110076904297,66.21932983398438,67.18630981445312,66.21932983398438,66.7607650756836,65.802734375,66.7607650756836,66.48307800292969,65.52098846435547,66.0984115600586,65.25334930419922,65.25334930419922,65.25334930419922,64.76110076904297,65.0,64.76110076904297,63.56099319458008,62.585941314697266,63.150611877441406,60.8276252746582,59.53990173339844,58.30952072143555,56.32051086425781,58.215118408203125,56.14267349243164,55.03635025024414,53.0,51.0,50.0099983215332,51.088157653808594,51.244510650634766,48.83646011352539,48.05205535888672,46.840152740478516,44.59820556640625
0,-42,-96,19,18,66.48307800292969,65.76473236083984,65.6201171875,64.93843078613281,64.76110076904297,64.28841400146484,66.40782928466797,65.78753662109375,66.48307800292969,67.779052734375,69.46221923828125,69.46221923828125,71.17584228515625,70.21395874023438,70.21395874023438,70.66116333007812,72.89718627929688,70.66116333007812,72.06941223144531,72.94518280029297,70.23532104492188,72.06941223144531,71.58910369873047,71.19690704345703,72.94518280029297,71.58910369873047,72.56031799316406,72.94518280029297,71.19690704345703,70.32780456542969,68.88395690917969,71.5541763305664,69.77105712890625,66.64083099365234,67.08203887939453,67.11929321289062,66.30987548828125,63.694583892822266,63.694583892822266,61.09828186035156,60.406951904296875,59.13543701171875,59.4810905456543,57.00876998901367,56.51548385620117,55.10898208618164,53.600372314453125,54.58937454223633,52.15361785888672,51.009803771972656,49.04079818725586,49.25444030761719
0,-42,-96,20,12,61.61168670654297,60.16643524169922,60.728904724121094,61.6846809387207,59.80802536010742,59.61543273925781,61.269893646240234,61.29437255859375,60.90156173706055,62.265560150146484,63.631752014160156,63.812225341796875,65.73431396484375,65.45991516113281,66.2872543334961,65.802734375,67.20118713378906,65.802734375,67.00746154785156,67.62396240234375,66.21932983398438,66.84310150146484,64.81512451171875,67.47592163085938,67.62396240234375,67.62396240234375,68.24954223632812,67.00746154785156,67.62396240234375,66.06814575195312,66.40029907226562,65.6048812866211,65.0,62.20128631591797,63.82006072998047,60.74536895751953,59.90826416015625,60.539241790771484,59.16925048828125,57.80138397216797,57.30619430541992,55.94640350341797,54.58937454223633,54.12947463989258,51.4781494140625,49.76947021484375,51.26402282714844,49.33558654785156,48.50773239135742,47.85394287109375,46.27094268798828,46.04345703125
0,-42,-96,19,19,68.47627258300781,68.42514038085938,67.5425796508789,66.70832061767578,66.128662109375,66.73080444335938,67.35725402832031,67.18630981445312,68.4105224609375,67.46851348876953,70.40596771240234,71.02112579345703,72.83543395996094,71.84706115722656,73.82411193847656,72.56031799316406,74.5452880859375,72.56031799316406,74.1687240600586,75.32595825195312,73.43704986572266,74.4311752319336,73.24616241455078,75.05997467041016,74.1687240600586,75.1065902709961,74.1687240600586,74.24284362792969,74.1687240600586,70.1783447265625,71.34423828125,71.44927978515625,71.56814575195312,68.59300231933594,69.72087097167969,68.88395690917969,66.75328063964844,66.91038513183594,63.150611877441406,63.150611877441406,62.36986541748047,61.61168670654297,60.4400520324707,59.4810905456543,58.18934631347656,55.71355438232422,55.54277801513672,55.94640350341797,54.5618896484375,53.851646423339844,51.312767028808594,51.400390625
0,-42,-96,20,12,60.16643524169922,59.90826416015625,59.03388977050781,58.85575485229492,58.54912567138672,58.215118408203125,59.13543701171875,59.07622146606445,60.008331298828125,60.0,63.071388244628906,63.12685775756836,63.19810104370117,62.28964614868164,64.19501495361328,64.38167572021484,65.4904556274414,63.3876953125,64.77654266357422,64.62971496582031,63.3876953125,65.6201171875,64.77654266357422,65.30696868896484,64.77654266357422,65.92420196533203,65.11528015136719,63.78871536254883,64.77654266357422,63.78871536254883,64.77654266357422,63.50590515136719,63.28506851196289,61.29437255859375,62.20128631591797,60.406951904296875,58.215118408203125,58.215118408203125,57.07889175415039,57.00876998901367,54.0,56.0,53.00943374633789,53.037723541259766,51.244510650634766,49.25444030761719,48.50773239135742,48.05205535888672,47.07440948486328,45.607017517089844,47.434165954589844,44.384681701660156
0,-42,-96,19,19,70.25667572021484,69.065185546875,70.0,68.02940368652344,67.06713104248047,68.18357849121094,67.36467742919922,69.58448028564453,69.72087097167969,70.85901641845703,71.58910369873047,72.7804946899414,73.97972869873047,74.46475982666016,76.40026092529297,75.43209075927734,76.24303436279297,73.76313781738281,74.3303451538086,76.92203521728516,74.46475982666016,76.24303436279297,74.04052734375,76.24303436279297,74.3303451538086,77.20103454589844,76.24303436279297,76.24303436279297,75.28611755371094,73.37574768066406,73.00685119628906,72.03471374511719,73.75635528564453,71.38627624511719,69.87130737304688,69.23149871826172,69.05070495605469,65.76473236083984,66.75328063964844,65.37583923339844,65.19202423095703,62.20128631591797,62.00806427001953,62.0,59.0,57.07889175415039,56.14267349243164,54.451812744140625,53.93514633178711,53.15073013305664,53.851646423339844,52.81098556518555
0,-42,-96,20,12,63.51377868652344,63.82006072998047,62.801273345947266,62.20128631591797,61.717098236083984,60.8276252746582,61.52235412597656,60.10823440551758,64.38167572021484,64.53681182861328,66.06814575195312,66.40029907226562,68.4105224609375,68.00735473632812,68.4105224609375,68.818603515625,68.50547790527344,66.85057830810547,69.3397445678711,69.3397445678711,68.818603515625,69.89277648925781,67.95587158203125,69.97142028808594,69.46221923828125,68.26419067382812,68.26419067382812,68.79679870605469,68.79679870605469,67.11929321289062,66.2872543334961,66.0302963256836,66.0302963256836,65.21502685546875,64.40496826171875,63.82006072998047,62.20128631591797,60.4400520324707,61.073726654052734,58.728187561035156,58.051700592041016,57.314918518066406,57.28001403808594,54.451812744140625,53.75872039794922,51.088157653808594,51.22499465942383,51.400390625,49.648765563964844,48.87739944458008,47.88528060913086,45.694637298583984
0,-42,-96,20,12,61.400325775146484,60.0,59.90826416015625,62.12889862060547,61.057350158691406,60.41522979736328,59.93329620361328,59.93329620361328,60.539241790771484,61.46543884277344,62.7694206237793,63.90618133544922,65.45991516113281,65.45991516113281,66.40782928466797,65.52098846435547,65.802734375,64.19501495361328,67.44627380371094,68.4105224609375,65.802734375,67.44627380371094,65.25334930419922,67.18630981445312,68.4105224609375,66.21932983398438,66.21932983398438,66.48307800292969,67.44627380371094,65.52098846435547,65.52098846435547,65.14598846435547,64.51356506347656,62.297672271728516,61.35144805908203,61.35144805908203,61.09828186035156,58.30952072143555,56.36488342285156,58.13776779174805,56.36488342285156,55.90169906616211,54.58937454223633,53.712196350097656,51.97114562988281,49.39635467529297,50.80354309082031,50.0,48.27007293701172,48.83646011352539,46.75468063354492,45.80392837524414
0,-42,-96,20,12,61.400325775146484,62.433963775634766,59.40538787841797,61.032779693603516,57.80138397216797,59.66573715209961,58.79625701904297,60.8276252746582,60.81118392944336,60.8276252746582,63.03173828125,64.66065216064453,65.4369888305664,64.66065216064453,66.84310150146484,65.802734375,66.40029907226562,64.20280456542969,67.20118713378906,66.40029907226562,65.6048812866211,65.802734375,65.21502685546875,65.45991516113281,67.11929321289062,67.11929321289062,67.67569732666016,64.637451171875,66.0302963256836,64.07027435302734,65.0,64.40496826171875,63.411354064941406,62.00806427001953,62.481998443603516,60.4400520324707,59.03388977050781,58.898216247558594,58.79625701904297,58.0,55.90169906616211,55.154327392578125,53.75872039794922,53.15073013305664,51.088157653808594,50.0,50.0,49.92995071411133,47.50789260864258,47.41307830810547,47.01063537597656,44.59820556640625
0,-42,-96,20,12,62.2414665222168,57.93962478637695,62.62587356567383,58.18934631347656,62.09669876098633,57.48912811279297,60.01666259765625,59.84145736694336,60.530982971191406,64.49806213378906,63.3876953125,64.19501495361328,64.19501495361328,64.19501495361328,63.19810104370117,68.02940368652344,64.0,68.00735473632812,66.0,66.0,67.0,67.0,68.0,67.00746154785156,68.0,67.0,66.0,68.0,65.0,68.0,63.0,65.03076171875,64.03124237060547,63.03173828125,62.12889862060547,62.20128631591797,61.20457458496094,58.4208869934082,58.4208869934082,55.73149871826172,58.694122314453125,53.75872039794922,56.88584899902344,53.36665725708008,51.92301940917969,50.28916549682617,49.33558654785156,49.97999572753906,49.76947021484375,48.30113983154297,46.14108657836914,44.40720748901367
0,-42,-96,20,12,61.400325775146484,59.6824951171875,61.85466766357422,60.216278076171875,59.03388977050781,59.03388977050781,59.54829788208008,61.073726654052734,61.55485534667969,62.2414665222168,63.03173828125,63.89052963256836,65.4369888305664,65.0,65.29930877685547,67.80117797851562,67.00746154785156,64.81512451171875,65.21502685546875,66.40029907226562,66.84310150146484,67.00746154785156,65.0,67.95587158203125,67.11929321289062,66.85057830810547,65.802734375,66.61080932617188,65.802734375,64.637451171875,65.0,66.06814575195312,65.29930877685547,63.03173828125,62.36986541748047,62.36986541748047,60.30754470825195,58.79625701904297,58.728187561035156,57.28001403808594,56.58621597290039,55.90169906616211,55.226806640625,53.90732955932617,52.201534271240234,51.03919982910156,49.92995071411133,49.39635467529297,48.3735466003418,47.88528060913086,46.097721099853516,44.59820556640625
0,-42,-96,19,18,65.03076171875,64.0,65.0076904296875,64.0078125,64.03124237060547,64.38167572021484,62.513999938964844,64.77654266357422,65.92420196533203,64.32728576660156,66.94026947021484,67.18630981445312,67.72000885009766,68.680419921875,69.37578582763672,68.96376037597656,68.96376037597656,68.96376037597656,71.16881561279297,71.56814575195312,70.3420181274414,71.84010314941406,70.21395874023438,71.16881561279297,71.16881561279297,71.7844009399414,71.7844009399414,70.60453033447266,70.21395874023438,68.62215423583984,67.18630981445312,67.91170501708984,68.88395690917969,66.4906005859375,66.0984115600586,65.73431396484375,64.32728576660156,62.96824645996094,60.8276252746582,60.530982971191406,58.30952072143555,58.30952072143555,57.07889175415039,55.009090423583984,55.0,54.08327102661133,53.15073013305664,51.35172653198242,49.648765563964844,50.80354309082031,48.50773239135742,48.703182220458984
0,-42,-96,20,12,62.28964614868164,61.61980056762695,60.4400520324707,61.400325775146484,58.8217658996582,60.464866638183594,61.91122817993164,60.539241790771484,60.90156173706055,60.8276252746582,63.976558685302734,63.976558685302734,65.0,65.39112854003906,66.30987548828125,66.48307800292969,66.128662109375,65.19202423095703,66.73080444335938,67.06713104248047,66.48307800292969,67.06713104248047,64.8459701538086,68.00735473632812,68.3081283569336,67.35725402832031,66.40782928466797,65.78753662109375,66.73080444335938,65.45991516113281,65.19202423095703,65.19202423095703,66.85057830810547,63.158531188964844,63.56099319458008,61.84658432006836,61.32699203491211,59.50630187988281,59.03388977050781,59.03388977050781,55.4707145690918,55.07267761230469,53.851646423339844,53.5350341796875,53.00943374633789,51.400390625,50.6063232421875,50.32891845703125,49.51767349243164,47.381431579589844,46.75468063354492,45.80392837524414
0,-42,-96,19,18,65.27633666992188,65.19202423095703,65.0,65.0,65.0076904296875,65.12296295166016,65.37583923339844,65.6201171875,65.92420196533203,65.92420196533203,69.42621612548828,69.85699462890625,70.8307876586914,69.12307739257812,71.30918884277344,71.16881561279297,70.21395874023438,72.42237091064453,72.42237091064453,71.7844009399414,72.42237091064453,71.47027587890625,71.7844009399414,71.86793518066406,71.7844009399414,71.16881561279297,72.44998168945312,72.11102294921875,70.22820281982422,69.28924560546875,69.2603759765625,70.51950073242188,70.21395874023438,67.44627380371094,67.44627380371094,67.44627380371094,66.21932983398438,64.53681182861328,62.585941314697266,61.188232421875,61.0,59.84145736694336,59.53990173339844,56.4358024597168,55.44366455078125,55.081756591796875,54.037025451660156,54.0,54.08327102661133,51.35172653198242,49.648765563964844,48.27007293701172
0,-42,-96,20,13,63.324562072753906,62.93647766113281,62.361846923828125,61.13100814819336,62.169124603271484,62.169124603271484,61.66035842895508,61.400325775146484,64.28063201904297,64.07027435302734,66.12110137939453,66.0302963256836,66.0,66.0,68.0,69.0,67.0,69.00724792480469,69.1158447265625,69.065185546875,69.00724792480469,70.11418914794922,69.02897644042969,69.065185546875,69.065185546875,69.065185546875,69.18092346191406,69.065185546875,68.02940368652344,69.065185546875,66.0302963256836,67.02984619140625,66.0,64.0,65.0076904296875,64.03124237060547,64.07027435302734,61.13100814819336,60.20797348022461,59.304298400878906,58.30952072143555,56.718605041503906,58.694122314453125,54.12947463989258,54.34151077270508,52.63079071044922,52.63079071044922,51.54609680175781,50.695167541503906,48.332183837890625,49.19349670410156,46.3249397277832
0,-42,-96,19,18,65.92420196533203,65.76473236083984,65.37583923339844,64.38167572021484,65.0691909790039,63.0,65.0076904296875,65.0076904296875,66.18912506103516,66.27216339111328,69.46221923828125,69.58448028564453,71.70076751708984,71.70076751708984,71.70076751708984,72.56720733642578,71.58910369873047,72.36711883544922,70.8307876586914,72.56720733642578,72.18032836914062,72.7804946899414,72.56720733642578,73.00685119628906,71.80529022216797,72.7804946899414,72.7804946899414,71.80529022216797,71.80529022216797,69.85699462890625,67.08203887939453,70.40596771240234,70.21395874023438,67.89698028564453,68.88395690917969,66.48307800292969,65.4904556274414,64.38167572021484,64.19501495361328,63.12685775756836,61.073726654052734,59.03388977050781,59.0,57.0,56.00892639160156,55.03635025024414,55.226806640625,53.600372314453125,52.77309799194336,50.695167541503906,50.28916549682617,49.39635467529297
0,-42,-96,20,12,62.265560150146484,57.982757568359375,61.400325775146484,60.0,61.073726654052734,58.13776779174805,59.41380310058594,60.10823440551758,62.28964614868164,61.55485534667969,63.03173828125,63.03173828125,65.29930877685547,66.21932983398438,64.03124237060547,66.61080932617188,64.40496826171875,65.802734375,64.07027435302734,66.2872543334961,65.802734375,67.95587158203125,65.21502685546875,67.11929321289062,67.42403411865234,65.45991516113281,66.2872543334961,68.50547790527344,64.35060119628906,65.45991516113281,63.82006072998047,64.637451171875,64.637451171875,62.801273345947266,62.20128631591797,62.481998443603516,59.66573715209961,58.79625701904297,58.694122314453125,57.314918518066406,57.314918518066406,53.740116119384766,55.90169906616211,52.345008850097656,51.6623649597168,50.6063232421875,50.6063232421875,50.21951675415039,48.54894256591797,47.41307830810547,47.423622131347656,44.59820556640625
0,-42,-96,20,12,61.717098236083984,59.41380310058594,60.81118392944336,60.10823440551758,59.54829788208008,59.03388977050781,59.81638717651367,60.0,61.85466766357422,63.51377868652344,62.96824645996094,63.631752014160156,65.0,64.88451385498047,65.76473236083984,66.64083099365234,64.40496826171875,65.29930877685547,66.64083099365234,68.44705963134766,65.7419204711914,68.02940368652344,66.21178436279297,68.15423583984375,65.79513549804688,66.70832061767578,66.70832061767578,67.62396240234375,63.976558685302734,65.79513549804688,63.56099319458008,65.29930877685547,64.8459701538086,63.1347770690918,63.1347770690918,61.773780822753906,61.773780822753906,60.0333251953125,58.830265045166016,56.30275344848633,57.14017868041992,54.08327102661133,57.20139694213867,52.801513671875,51.22499465942383,49.57822036743164,48.79549026489258,49.497474670410156,48.83646011352539,47.50789260864258,46.40043258666992,45.27692413330078
0,-42,-96,19,18,68.50547790527344,62.433963775634766,66.24198150634766,63.1347770690918,64.8459701538086,63.158531188964844,64.25729370117188,64.51356506347656,65.14598846435547,68.00735473632812,67.72000885009766,69.85699462890625,70.8307876586914,69.63475799560547,70.8307876586914,72.18032836914062,70.03570556640625,71.19690704345703,70.85901641845703,72.00694274902344,72.00694274902344,71.84706115722656,72.00694274902344,73.55270385742188,72.44308471679688,71.44927978515625,72.56031799316406,72.69112396240234,68.73136138916016,72.56031799316406,69.87130737304688,69.87130737304688,69.05070495605469,69.05070495605469,66.0984115600586,66.4906005859375,66.94026947021484,63.78871536254883,62.361846923828125,60.16643524169922,60.4400520324707,58.52349853515625,60.406951904296875,57.584720611572266,56.080299377441406,54.625999450683594,54.5618896484375,52.77309799194336,53.851646423339844,51.312767028808594,50.6063232421875,48.166378021240234
0,-42,-96,20,12,63.56099319458008,61.269893646240234,62.64982223510742,60.90156173706055,60.539241790771484,60.74536895751953,61.032779693603516,61.22091293334961,61.073726654052734,63.89052963256836,64.53681182861328,65.11528015136719,65.19202423095703,65.0691909790039,66.52819061279297,67.17886352539062,66.4680404663086,65.76473236083984,66.4680404663086,68.59300231933594,66.4680404663086,67.17886352539062,66.4680404663086,67.89698028564453,66.4680404663086,67.17886352539062,68.59300231933594,67.89698028564453,65.79513549804688,66.4680404663086,65.85590362548828,64.53681182861328,63.70243453979492,63.78087615966797,61.84658432006836,61.073726654052734,61.400325775146484,59.40538787841797,58.8217658996582,57.42821502685547,56.30275344848633,55.75840759277344,55.94640350341797,53.712196350097656,52.77309799194336,50.56678771972656,51.4781494140625,49.39635467529297,49.04079818725586,48.27007293701172,47.85394287109375,45.27692413330078
0,-42,-96,20,12,59.84145736694336,59.53990173339844,58.215118408203125,59.13543701171875,59.13543701171875,59.0,58.07753372192383,58.13776779174805,60.20797348022461,60.406951904296875,61.400325775146484,62.801273345947266,63.78871536254883,63.78871536254883,66.2872543334961,65.30696868896484,65.30696868896484,64.13267517089844,66.70832061767578,65.73431396484375,65.51335906982422,64.76110076904297,63.78871536254883,65.73431396484375,66.70832061767578,66.94026947021484,66.94026947021484,64.32728576660156,66.4906005859375,64.76110076904297,64.32728576660156,64.32728576660156,64.13267517089844,61.0,62.801273345947266,59.6824951171875,60.29925537109375,58.30952072143555,58.13776779174805,58.13776779174805,54.00925827026367,55.009090423583984,53.0,53.0,52.038448333740234,51.15662384033203,49.25444030761719,49.497474670410156,47.85394287109375,47.801673889160156,45.54119110107422,45.31004333496094
0,-42,-96,20,12,62.64982223510742,61.84658432006836,62.62587356567383,61.35144805908203,63.324562072753906,60.87692642211914,61.188232421875,61.814239501953125,63.78871536254883,64.62971496582031,63.50590515136719,67.18630981445312,68.18357849121094,68.11754608154297,68.18357849121094,69.065185546875,68.02940368652344,68.02940368652344,69.0,69.00724792480469,69.02897644042969,69.0,68.00735473632812,70.00714111328125,71.0,68.0,69.0,70.0,69.0,68.0,67.06713104248047,68.02940368652344,67.11929321289062,64.19501495361328,65.19202423095703,63.12685775756836,62.28964614868164,61.400325775146484,59.41380310058594,59.53990173339844,58.85575485229492,55.90169906616211,56.88584899902344,54.34151077270508,53.600372314453125,53.16013717651367,51.54609680175781,51.26402282714844,50.15974426269531,48.332183837890625,47.01063537597656,46.04345703125
0,-42,-96,20,12,60.8276252746582,61.188232421875,59.90826416015625,60.87692642211914,57.87054443359375,57.87054443359375,60.74536895751953,60.41522979736328,60.835845947265625,60.373836517333984,64.41273498535156,63.28506851196289,65.0,64.14047241210938,66.73080444335938,64.66065216064453,66.0378646850586,62.433963775634766,68.79679870605469,66.2872543334961,66.0378646850586,66.5732650756836,64.07027435302734,65.802734375,65.45991516113281,66.0302963256836,67.67569732666016,65.73431396484375,66.5732650756836,63.51377868652344,66.5732650756836,64.14047241210938,63.28506851196289,63.1347770690918,61.773780822753906,59.05929183959961,60.41522979736328,59.03388977050781,57.27128601074219,57.27128601074219,54.625999450683594,56.080299377441406,54.230987548828125,52.55473327636719,51.244510650634766,49.04079818725586,49.47726821899414,50.0099983215332,47.67599105834961,47.26520919799805,47.095645904541016,44.0
0,-42,-96,20,12,63.56099319458008,63.071388244628906,61.773780822753906,61.400325775146484,62.433963775634766,63.82006072998047,63.0079345703125,62.20128631591797,62.62587356567383,62.36986541748047,65.11528015136719,66.48307800292969,67.89698028564453,67.17886352539062,67.89698028564453,67.89698028564453,70.03570556640625,67.20863342285156,68.62215423583984,70.03570556640625,68.59300231933594,69.35416412353516,67.94115447998047,68.88395690917969,69.42621612548828,70.1783447265625,68.7677230834961,67.26811981201172,68.680419921875,65.94694519042969,67.17886352539062,66.4680404663086,66.4680404663086,64.35060119628906,65.76473236083984,62.96824645996094,62.2414665222168,62.28964614868164,60.30754470825195,59.66573715209961,57.628116607666016,57.00876998901367,55.0,53.823787689208984,53.25410842895508,50.2493782043457,51.107730865478516,50.537113189697266,48.754486083984375,49.76947021484375,48.383880615234375,47.29693603515625
0,-42,-96,20,12,61.84658432006836,59.80802536010742,61.35144805908203,59.77457809448242,60.16643524169922,59.66573715209961,61.392181396484375,60.01666259765625,62.64982223510742,63.50590515136719,64.28063201904297,66.18912506103516,65.19202423095703,66.06814575195312,65.19202423095703,68.11754608154297,65.03076171875,68.02940368652344,65.0,68.18357849121094,67.11929321289062,68.06614685058594,68.06614685058594,68.0,68.02940368652344,68.02940368652344,68.00735473632812,68.02940368652344,66.0302963256836,68.06614685058594,64.19501495361328,64.38167572021484,65.37583923339844,63.50590515136719,62.64982223510742,63.639610290527344,61.52235412597656,58.85575485229492,58.85575485229492,56.51548385620117,57.27128601074219,53.600372314453125,55.081756591796875,53.45091247558594,52.55473327636719,51.078372955322266,50.56678771972656,49.19349670410156,49.24428939819336,48.54894256591797,46.87216567993164,44.821868896484375
0,-42,-96,19,18,66.06814575195312,63.28506851196289,66.61080932617188,62.64982223510742,66.2872543334961,63.56099319458008,67.44627380371094,63.89052963256836,65.14598846435547,68.94925689697266,68.3520278930664,70.38465881347656,70.38465881347656,71.17584228515625,70.7742919921875,73.34848022460938,71.11258697509766,71.58910369873047,70.66116333007812,72.44998168945312,72.44998168945312,72.89718627929688,73.79024505615234,71.11962127685547,72.89718627929688,70.66116333007812,72.44998168945312,72.44998168945312,70.66116333007812,72.44998168945312,69.35416412353516,70.26378631591797,69.85699462890625,66.70832061767578,69.07966613769531,68.3520278930664,65.19202423095703,63.5688591003418,63.24555206298828,60.4400520324707,61.400325775146484,59.203041076660156,59.90826416015625,56.29387283325195,56.88584899902344,55.578773498535156,55.3263053894043,54.147945404052734,55.03635025024414,52.0,50.15974426269531,49.497474670410156
0,-42,-96,20,12,63.19810104370117,63.19810104370117,60.0333251953125,61.0,60.008331298828125,60.13318634033203,61.29437255859375,59.53990173339844,63.50590515136719,61.814239501953125,64.13267517089844,64.53681182861328,65.51335906982422,65.73431396484375,66.70832061767578,65.0,69.37578582763672,65.25334930419922,67.44627380371094,65.25334930419922,68.00735473632812,67.72000885009766,66.48307800292969,67.35725402832031,67.72000885009766,68.00735473632812,69.2603759765625,67.44627380371094,66.94026947021484,65.25334930419922,64.76110076904297,65.96968841552734,64.76110076904297,63.348243713378906,63.150611877441406,60.20797348022461,60.8276252746582,60.67124557495117,61.400325775146484,58.54912567138672,56.14267349243164,58.13776779174805,54.037025451660156,54.037025451660156,53.0,52.038448333740234,52.08646774291992,49.36598205566406,47.67599105834961,47.07440948486328,47.53945541381836,45.880279541015625
0,-42,-96,20,12,62.28964614868164,62.64982223510742,61.0,62.169124603271484,60.63827133178711,61.13100814819336,61.032779693603516,61.35144805908203,62.62587356567383,62.3939094543457,63.158531188964844,65.79513549804688,64.88451385498047,65.30696868896484,67.5425796508789,67.97793579101562,67.5351791381836,65.76473236083984,67.60177612304688,67.11929321289062,67.5351791381836,69.83551788330078,67.11929321289062,69.1158447265625,68.0,68.96376037597656,68.96376037597656,67.11929321289062,68.47627258300781,65.76473236083984,65.7419204711914,67.08203887939453,64.88451385498047,63.56099319458008,64.47480010986328,62.2414665222168,62.2414665222168,61.09828186035156,60.74536895751953,59.46427536010742,56.920997619628906,59.4810905456543,56.04462432861328,53.851646423339844,52.95280838012695,51.62363815307617,52.46903991699219,51.244510650634766,49.162994384765625,48.0,48.041648864746094,48.25971221923828
0,-43,-96,20,13,63.158531188964844,61.32699203491211,62.17716598510742,62.265560150146484,60.20797348022461,59.90826416015625,62.20128631591797,62.00806427001953,61.073726654052734,63.12685775756836,65.4369888305664,65.11528015136719,66.52819061279297,65.79513549804688,67.89698028564453,67.17886352539062,67.20863342285156,66.48307800292969,67.94115447998047,68.01470184326172,68.680419921875,68.01470184326172,68.62215423583984,68.680419921875,67.94115447998047,67.94115447998047,68.680419921875,68.62215423583984,66.52819061279297,66.52819061279297,66.48307800292969,65.79513549804688,66.4680404663086,63.639610290527344,62.2414665222168,62.2414665222168,61.717098236083984,61.22091293334961,59.66573715209961,57.00876998901367,58.00862121582031,57.20139694213867,55.217750549316406,53.823787689208984,53.5350341796875,51.97114562988281,51.4781494140625,51.88448715209961,48.84669876098633,47.434165954589844,46.840152740478516,45.89117431640625
0,-42,-96,20,12,61.400325775146484,59.81638717651367,63.03173828125,60.87692642211914,60.8276252746582,60.8276252746582,60.95900344848633,60.4400520324707,61.22091293334961,62.42595672607422,64.637451171875,66.5732650756836,67.11929321289062,65.19202423095703,67.11929321289062,67.74215698242188,66.24198150634766,68.26419067382812,68.09552001953125,67.11929321289062,67.23094177246094,67.23094177246094,66.24198150634766,68.47627258300781,66.24198150634766,67.60177612304688,66.24198150634766,67.11929321289062,66.24198150634766,66.73080444335938,65.86349487304688,67.23094177246094,66.8879623413086,63.812225341796875,62.12889862060547,63.51377868652344,61.85466766357422,59.40538787841797,59.203041076660156,57.80138397216797,57.00876998901367,56.080299377441406,55.973209381103516,54.488529205322266,53.740116119384766,50.93132781982422,51.7397346496582,48.91830062866211,50.6063232421875,49.39635467529297,48.02082824707031,46.51881408691406
0,-42,-96,20,12,59.54829788208008,59.81638717651367,60.605281829833984,59.40538787841797,57.688819885253906,57.982757568359375,59.6824951171875,59.9416389465332,59.9416389465332,60.926185607910156,62.7694206237793,63.5688591003418,64.8459701538086,65.45991516113281,65.78753662109375,65.78753662109375,65.45991516113281,64.8459701538086,66.40782928466797,66.40782928466797,66.40782928466797,66.40782928466797,65.802734375,67.6830825805664,67.44627380371094,66.21932983398438,66.7607650756836,66.40782928466797,66.0984115600586,64.8459701538086,64.51356506347656,65.45991516113281,63.5688591003418,61.6846809387207,62.3939094543457,60.74536895751953,60.74536895751953,58.30952072143555,58.30952072143555,57.775428771972656,56.35601043701172,56.35601043701172,54.58937454223633,52.839378356933594,51.312767028808594,50.477718353271484,48.010414123535156,49.04079818725586,49.04079818725586,48.27007293701172,45.96738052368164,44.04542922973633
0,-42,-96,20,13,61.22091293334961,60.95900344848633,62.93647766113281,61.52235412597656,60.10823440551758,60.20797348022461,61.22091293334961,60.605281829833984,62.42595672607422,62.68173599243164,64.35060119628906,65.86349487304688,67.23094177246094,66.24198150634766,67.23094177246094,66.24198150634766,67.11929321289062,67.11929321289062,69.7782211303711,68.0,68.0,68.0,68.42514038085938,70.68238830566406,68.87670135498047,68.44705963134766,68.44705963134766,67.97793579101562,67.97793579101562,66.64083099365234,66.64833068847656,68.0,65.29930877685547,64.0078125,63.1347770690918,63.631752014160156,60.539241790771484,59.6824951171875,58.52349853515625,58.52349853515625,57.20139694213867,55.803226470947266,55.803226470947266,53.413482666015625,53.81449508666992,51.6623649597168,52.32590103149414,50.20956039428711,49.67897033691406,47.801673889160156,46.615447998046875,47.41307830810547
0,-42,-96,19,18,64.40496826171875,64.07807922363281,65.55150604248047,64.25729370117188,62.93647766113281,65.96968841552734,64.03124237060547,65.30696868896484,66.2872543334961,66.91038513183594,67.60177612304688,69.35416412353516,70.45565795898438,70.34912872314453,71.44927978515625,72.44308471679688,72.17340087890625,70.1783447265625,73.10950469970703,73.24616241455078,71.25306701660156,73.10950469970703,70.1783447265625,73.06161499023438,73.10950469970703,72.11102294921875,73.10950469970703,73.33484649658203,72.24956512451172,71.17584228515625,70.45565795898438,72.44308471679688,69.58448028564453,67.47592163085938,66.61080932617188,65.92420196533203,65.11528015136719,64.13267517089844,63.56099319458008,62.585941314697266,60.16643524169922,59.203041076660156,58.52349853515625,58.18934631347656,57.00876998901367,54.12947463989258,55.03635025024414,53.23532485961914,52.839378356933594,51.312767028808594,50.6063232421875,49.67897033691406
0,-42,-96,19,19,66.73080444335938,65.802734375,67.44627380371094,65.73431396484375,66.0984115600586,65.92420196533203,65.6201171875,66.27216339111328,66.37017059326172,67.06713104248047,69.0,69.0,72.0,73.02738952636719,73.00685119628906,73.06161499023438,74.1080322265625,72.11102294921875,73.24616241455078,73.10950469970703,73.10950469970703,76.16429901123047,73.17103576660156,73.82411193847656,74.5452880859375,75.66372680664062,74.67261505126953,73.33484649658203,74.4311752319336,72.3394775390625,70.1783447265625,72.17340087890625,70.06425476074219,68.02940368652344,69.065185546875,66.00757598876953,66.06814575195312,66.00757598876953,66.0,64.0,61.073726654052734,61.073726654052734,60.13318634033203,58.215118408203125,58.694122314453125,55.10898208618164,56.08921432495117,55.54277801513672,52.63079071044922,52.201534271240234,51.62363815307617,50.08992004394531
0,-43,-96,20,12,62.801273345947266,62.36986541748047,60.87692642211914,59.90826416015625,60.4400520324707,61.6846809387207,62.7694206237793,61.741397857666016,63.976558685302734,62.169124603271484,65.29930877685547,65.76473236083984,66.64833068847656,66.73080444335938,66.73080444335938,67.74215698242188,68.26419067382812,67.74215698242188,69.6419448852539,68.79679870605469,66.8879623413086,67.41661834716797,67.95587158203125,69.3397445678711,67.95587158203125,67.11929321289062,69.3397445678711,68.26419067382812,66.8879623413086,67.11929321289062,67.23094177246094,66.8879623413086,66.73080444335938,63.1347770690918,63.52952194213867,62.17716598510742,61.717098236083984,59.93329620361328,60.008331298828125,57.775428771972656,57.384666442871094,57.00876998901367,56.30275344848633,55.6596794128418,53.16013717651367,50.96076965332031,51.41984176635742,51.97114562988281,48.3735466003418,49.162994384765625,47.0,47.04253387451172
0,-43,-96,19,19,66.85057830810547,66.70832061767578,67.5351791381836,66.24198150634766,64.14047241210938,65.19202423095703,66.61080932617188,66.40029907226562,69.02897644042969,68.88395690917969,69.52696990966797,70.0927963256836,70.76722717285156,71.44927978515625,73.53910827636719,74.3303451538086,74.2765121459961,72.18032836914062,73.66138458251953,73.66138458251953,73.66138458251953,73.75635528564453,73.59347534179688,74.5184555053711,72.34638977050781,73.75635528564453,74.5184555053711,73.10950469970703,72.4706802368164,72.34638977050781,70.93659210205078,70.29224395751953,70.83784484863281,70.0927963256836,69.3108901977539,66.48307800292969,66.4680404663086,64.35060119628906,63.65532302856445,63.70243453979492,62.36986541748047,60.95900344848633,59.66573715209961,57.628116607666016,57.00876998901367,56.61272048950195,55.4707145690918,55.226806640625,54.120235443115234,53.712196350097656,52.0,50.96076965332031
0,-42,-96,20,12,63.071388244628906,61.717098236083984,60.90156173706055,61.400325775146484,59.90826416015625,60.216278076171875,61.400325775146484,61.84658432006836,62.36986541748047,62.28964614868164,64.38167572021484,65.76473236083984,66.4680404663086,65.76473236083984,67.17886352539062,68.62215423583984,67.94115447998047,67.20863342285156,68.680419921875,68.680419921875,67.89698028564453,68.01470184326172,68.01470184326172,68.88395690917969,68.11754608154297,68.88395690917969,68.88395690917969,68.7677230834961,68.680419921875,67.35725402832031,66.48307800292969,67.17886352539062,66.4680404663086,64.35060119628906,62.93647766113281,62.93647766113281,62.96824645996094,60.87692642211914,59.46427536010742,58.13776779174805,56.7274169921875,56.85068130493164,57.80138397216797,53.00943374633789,53.5350341796875,51.62363815307617,52.839378356933594,51.0,50.56678771972656,49.76947021484375,47.75981521606445,45.12205505371094
0,-42,-96,19,18,64.35060119628906,61.85466766357422,62.00806427001953,62.00806427001953,61.717098236083984,61.55485534667969,61.55485534667969,62.22539520263672,62.93647766113281,63.89052963256836,66.06814575195312,65.6048812866211,67.62396240234375,68.00735473632812,68.4105224609375,68.60028839111328,68.818603515625,67.00746154785156,69.63475799560547,69.40460968017578,69.81404113769531,69.20259857177734,69.63475799560547,69.63475799560547,69.63475799560547,69.63475799560547,69.63475799560547,70.0,68.60028839111328,68.818603515625,66.84310150146484,67.47592163085938,67.35725402832031,65.85590362548828,64.38167572021484,63.78087615966797,63.03173828125,60.8276252746582,60.81118392944336,59.46427536010742,58.13776779174805,57.48912811279297,57.00876998901367,53.600372314453125,54.64430618286133,52.69725036621094,53.33854293823242,51.429561614990234,50.08992004394531,50.15974426269531,48.703182220458984,46.840152740478516
0,-42,-96,19,18,65.3681869506836,63.95310592651367,65.79513549804688,64.07807922363281,63.694583892822266,63.90618133544922,64.8459701538086,65.25334930419922,66.94026947021484,66.94026947021484,68.88395690917969,70.21395874023438,70.21395874023438,70.03570556640625,69.87130737304688,73.68174743652344,71.70076751708984,71.84706115722656,71.44927978515625,71.44927978515625,72.69112396240234,71.56814575195312,72.69112396240234,72.44308471679688,71.44927978515625,73.43704986572266,72.56031799316406,72.00694274902344,69.72087097167969,72.69112396240234,69.23149871826172,69.05070495605469,69.42621612548828,68.65857696533203,66.94026947021484,66.94026947021484,65.96968841552734,64.28841400146484,62.93647766113281,60.406951904296875,62.297672271728516,59.46427536010742,59.61543273925781,56.859474182128906,58.600341796875,54.5618896484375,55.07267761230469,54.37830352783203,53.25410842895508,52.009613037109375,49.67897033691406,49.51767349243164
0,-43,-96,19,19,66.2872543334961,67.08203887939453,65.6201171875,64.49806213378906,65.12296295166016,64.1248779296875,66.0,66.0,68.02940368652344,68.06614685058594,71.11258697509766,70.34912872314453,72.3394775390625,71.44927978515625,71.34423828125,72.69112396240234,72.83543395996094,73.68174743652344,72.99314880371094,73.97972869873047,73.82411193847656,74.81310272216797,74.81310272216797,74.14849853515625,73.97972869873047,72.83543395996094,73.82411193847656,72.83543395996094,72.69112396240234,71.70076751708984,71.44927978515625,70.34912872314453,71.25306701660156,67.26811981201172,70.1783447265625,67.18630981445312,67.00746154785156,64.0,65.0,64.0,64.0078125,61.032779693603516,60.13318634033203,58.4208869934082,57.314918518066406,55.73149871826172,54.12947463989258,53.600372314453125,52.201534271240234,52.0,52.0,49.648765563964844
0,-43,-96,20,12,59.66573715209961,59.90826416015625,60.083274841308594,59.80802536010742,58.872745513916016,57.775428771972656,58.18075180053711,59.03388977050781,60.8276252746582,61.400325775146484,61.91122817993164,62.96824645996094,64.8999252319336,64.637451171875,64.637451171875,66.0302963256836,65.802734375,66.2872543334961,65.802734375,66.40029907226562,65.21502685546875,66.61080932617188,64.20280456542969,64.03124237060547,67.00746154785156,66.40029907226562,65.802734375,65.802734375,65.802734375,63.82006072998047,63.82006072998047,64.8999252319336,62.433963775634766,61.587337493896484,62.433963775634766,61.057350158691406,59.6824951171875,59.05929183959961,58.66856002807617,58.13776779174805,57.27128601074219,54.12947463989258,53.712196350097656,52.55473327636719,52.201534271240234,50.28916549682617,50.96076965332031,50.0099983215332,47.85394287109375,47.51841735839844,47.26520919799805,47.0
0,-42,-96,20,12,61.84658432006836,61.741397857666016,59.03388977050781,62.17716598510742,60.41522979736328,62.12889862060547,61.032779693603516,60.605281829833984,61.400325775146484,61.073726654052734,64.53681182861328,65.19202423095703,65.0691909790039,65.11528015136719,67.20863342285156,65.76473236083984,68.59300231933594,65.0691909790039,69.29646301269531,66.4680404663086,67.20863342285156,66.4680404663086,66.4680404663086,68.62215423583984,67.89698028564453,67.89698028564453,69.3108901977539,66.4680404663086,67.88224792480469,65.76473236083984,66.48307800292969,66.52819061279297,65.11528015136719,63.03173828125,62.36986541748047,60.30754470825195,61.073726654052734,60.605281829833984,58.41232681274414,58.8217658996582,55.4707145690918,57.14017868041992,53.5350341796875,54.708316802978516,53.712196350097656,51.429561614990234,50.990196228027344,49.76947021484375,46.81879806518555,49.33558654785156,47.29693603515625,46.52956008911133
0,-42,-96,20,12,63.071388244628906,59.00847244262695,60.0,60.0,60.074954986572266,58.215118408203125,58.85575485229492,58.85575485229492,60.63827133178711,62.36986541748047,64.76110076904297,63.60031509399414,65.0,65.25334930419922,66.0984115600586,66.40782928466797,66.128662109375,66.73080444335938,65.19202423095703,67.41661834716797,66.73080444335938,67.41661834716797,67.06713104248047,67.779052734375,67.779052734375,65.92420196533203,65.92420196533203,66.128662109375,65.55150604248047,65.92420196533203,65.78753662109375,65.78753662109375,64.51356506347656,61.98386764526367,61.35144805908203,61.6846809387207,61.13100814819336,59.90826416015625,58.694122314453125,55.785301208496094,55.54277801513672,54.34151077270508,54.12947463989258,53.75872039794922,52.46903991699219,51.244510650634766,50.08992004394531,51.03919982910156,49.0,49.09175109863281,46.27094268798828,45.89117431640625
0,-42,-96,20,12,61.717098236083984,59.54829788208008,59.396968841552734,59.396968841552734,59.46427536010742,58.898216247558594,60.4400520324707,60.605281829833984,62.20128631591797,61.032779693603516,63.51377868652344,65.73431396484375,65.19202423095703,66.8879623413086,66.8879623413086,65.76473236083984,66.73080444335938,66.24198150634766,66.18912506103516,66.64833068847656,66.24198150634766,67.11929321289062,65.76473236083984,65.29930877685547,66.64833068847656,67.97793579101562,67.5351791381836,65.76473236083984,67.11929321289062,65.76473236083984,64.0078125,66.73080444335938,64.14047241210938,62.433963775634766,63.28506851196289,61.587337493896484,61.29437255859375,58.8217658996582,58.00862121582031,58.00862121582031,56.85068130493164,56.7274169921875,54.5618896484375,53.81449508666992,50.93132781982422,51.62363815307617,50.93132781982422,49.81967544555664,48.41487503051758,48.25971221923828,46.87216567993164,46.06517028808594
0,-42,-96,20,12,60.20797348022461,60.539241790771484,57.30619430541992,59.9416389465332,57.27128601074219,60.16643524169922,57.93962478637695,58.872745513916016,61.6846809387207,60.4400520324707,62.09669876098633,63.78871536254883,63.78871536254883,63.56099319458008,65.73431396484375,64.32728576660156,65.51335906982422,63.56099319458008,67.26811981201172,65.73431396484375,65.73431396484375,65.73431396484375,64.32728576660156,67.74215698242188,67.26811981201172,66.0984115600586,66.4906005859375,64.53681182861328,66.70832061767578,62.585941314697266,64.76110076904297,64.56005096435547,63.89052963256836,63.89052963256836,62.297672271728516,60.406951904296875,59.13543701171875,58.52349853515625,56.64803695678711,57.775428771972656,54.625999450683594,57.27128601074219,52.32590103149414,53.712196350097656,51.62363815307617,49.648765563964844,49.40647888183594,49.20365905761719,48.27007293701172,48.10405349731445,46.69047164916992,43.416587829589844
0,-42,-96,20,12,60.87692642211914,60.20797348022461,60.01666259765625,58.85575485229492,58.54912567138672,58.215118408203125,60.0333251953125,61.00819778442383,62.0,62.07253646850586,63.12685775756836,64.1248779296875,66.18912506103516,65.19202423095703,66.27216339111328,66.37017059326172,67.74215698242188,65.76473236083984,66.75328063964844,66.75328063964844,67.74215698242188,67.74215698242188,65.76473236083984,67.08203887939453,67.89698028564453,67.08203887939453,67.08203887939453,65.76473236083984,66.75328063964844,64.93843078613281,65.76473236083984,65.76473236083984,64.62971496582031,63.639610290527344,63.3876953125,61.400325775146484,60.20797348022461,59.07622146606445,59.07622146606445,58.13776779174805,55.0,55.0,54.0,54.037025451660156,51.088157653808594,50.2493782043457,49.36598205566406,49.648765563964844,48.05205535888672,48.27007293701172,45.54119110107422,44.777225494384766
0,-42,-96,20,12,59.6824951171875,58.85575485229492,59.03388977050781,59.43904495239258,57.00876998901367,57.567352294921875,57.93962478637695,59.236812591552734,59.236812591552734,59.61543273925781,60.835845947265625,62.60990524291992,64.40496826171875,64.8459701538086,64.8459701538086,64.0078125,65.76473236083984,64.41273498535156,65.3681869506836,65.3681869506836,65.76473236083984,66.24198150634766,65.76473236083984,67.23094177246094,66.24198150634766,64.49806213378906,66.24198150634766,65.3681869506836,64.88451385498047,64.0078125,64.40496826171875,64.8459701538086,63.071388244628906,61.741397857666016,61.741397857666016,60.41522979736328,58.694122314453125,58.872745513916016,56.30275344848633,56.30275344848633,54.708316802978516,54.4058837890625,53.16013717651367,53.36665725708008,49.24428939819336,47.85394287109375,49.497474670410156,50.2493782043457,47.04253387451172,48.0,46.04345703125,44.40720748901367
0,-42,-96,20,12,60.20797348022461,59.41380310058594,58.85575485229492,58.85575485229492,58.24946212768555,57.723480224609375,58.52349853515625,59.13543701171875,60.406951904296875,61.6846809387207,62.7694206237793,62.3939094543457,63.694583892822266,64.47480010986328,65.79513549804688,63.976558685302734,66.18912506103516,64.40496826171875,65.7419204711914,66.18912506103516,64.8459701538086,67.97793579101562,63.95310592651367,66.64833068847656,67.5351791381836,65.29930877685547,65.76473236083984,66.64833068847656,65.30696868896484,63.95310592651367,63.56099319458008,64.40496826171875,63.56099319458008,62.7694206237793,61.46543884277344,60.539241790771484,59.80802536010742,58.18934631347656,57.87054443359375,55.973209381103516,55.081756591796875,56.04462432861328,54.81787872314453,53.15073013305664,50.0099983215332,50.48762130737305,48.3735466003418,50.08992004394531,48.010414123535156,47.0,46.097721099853516,44.55333709716797
0,-42,-96,20,13,62.42595672607422,61.057350158691406,60.0333251953125,60.90156173706055,59.93329620361328,60.41522979736328,61.46543884277344,62.032249450683594,62.62587356567383,61.032779693603516,64.56005096435547,65.25334930419922,65.96968841552734,66.21932983398438,66.94026947021484,65.51335906982422,66.4906005859375,65.30696868896484,67.08203887939453,67.6830825805664,67.6830825805664,68.24954223632812,66.2872543334961,67.74215698242188,68.06614685058594,69.05070495605469,68.06614685058594,67.26811981201172,66.4906005859375,65.11528015136719,64.76110076904297,65.96968841552734,65.25334930419922,63.60031509399414,63.60031509399414,61.13100814819336,62.361846923828125,60.083274841308594,59.13543701171875,57.584720611572266,57.00876998901367,56.080299377441406,55.94640350341797,54.5618896484375,52.77309799194336,51.4781494140625,50.2493782043457,50.477718353271484,48.010414123535156,48.27007293701172,47.423622131347656,47.423622131347656
0,-42,-96,19,20,68.88395690917969,69.20259857177734,68.818603515625,69.065185546875,67.41661834716797,67.74215698242188,69.35416412353516,68.88395690917969,71.11258697509766,72.49827575683594,73.53910827636719,74.67261505126953,74.09453582763672,74.94664764404297,76.5506362915039,77.79460144042969,76.5375747680664,75.58438873291016,77.49193572998047,75.89466094970703,76.216796875,75.89466094970703,76.5375747680664,76.65507507324219,77.20103454589844,78.16009521484375,78.44743347167969,77.20103454589844,76.92203521728516,73.76313781738281,74.0,73.38937377929688,74.09453582763672,72.23572540283203,71.86793518066406,71.30918884277344,70.00714111328125,68.02940368652344,67.11929321289062,67.5351791381836,64.41273498535156,63.06346130371094,63.631752014160156,61.057350158691406,60.20797348022461,58.600341796875,58.41232681274414,58.2580451965332,56.7274169921875,53.75872039794922,53.75872039794922,52.801513671875
0,-43,-96,19,18,62.64183807373047,62.361846923828125,61.61168670654297,61.61168670654297,61.52235412597656,63.50590515136719,61.20457458496094,63.19810104370117,64.03124237060547,64.0,66.0,67.02984619140625,67.00746154785156,68.06614685058594,70.06425476074219,69.2603759765625,69.35416412353516,68.26419067382812,68.4689712524414,69.35416412353516,69.18092346191406,70.45565795898438,68.26419067382812,69.72087097167969,72.44308471679688,72.56031799316406,70.45565795898438,69.46221923828125,70.45565795898438,68.4689712524414,67.26811981201172,68.18357849121094,66.0302963256836,65.0691909790039,65.0076904296875,65.0076904296875,64.0078125,61.0,61.00819778442383,60.0333251953125,59.03388977050781,58.07753372192383,57.21887969970703,56.22277069091797,55.44366455078125,51.97114562988281,53.15073013305664,50.695167541503906,50.0,49.648765563964844,48.46648406982422,47.01063537597656
0,-42,-96,19,19,67.26811981201172,66.70832061767578,66.7607650756836,68.62215423583984,64.8459701538086,65.19202423095703,66.30987548828125,65.79513549804688,67.11929321289062,67.11929321289062,69.83551788330078,71.34423828125,71.69379425048828,71.02112579345703,75.47184753417969,73.49829864501953,75.7165756225586,73.7834701538086,74.63243103027344,74.625732421875,74.625732421875,74.88658142089844,72.94518280029297,74.40430450439453,74.40430450439453,75.21302795410156,74.88658142089844,73.49829864501953,74.63243103027344,72.67048645019531,71.86793518066406,71.86793518066406,71.69379425048828,68.96376037597656,70.71067810058594,67.60177612304688,67.60177612304688,65.76473236083984,64.8459701538086,64.40496826171875,60.41522979736328,63.158531188964844,61.09828186035156,60.74536895751953,56.61272048950195,56.75385284423828,56.51548385620117,55.10898208618164,53.75872039794922,51.4781494140625,54.08327102661133,51.009803771972656
0,-43,-96,19,18,65.19202423095703,64.44377136230469,65.05382537841797,63.70243453979492,64.53681182861328,63.25345993041992,63.411354064941406,63.82006072998047,66.85057830810547,64.66065216064453,67.74215698242188,67.23094177246094,70.23532104492188,70.71067810058594,71.58910369873047,69.31810760498047,72.44998168945312,68.88395690917969,71.11258697509766,71.5541763305664,72.44998168945312,71.11258697509766,71.11258697509766,72.09021759033203,72.01388549804688,71.58910369873047,72.44998168945312,72.01388549804688,72.01388549804688,71.58910369873047,70.21395874023438,70.23532104492188,70.71067810058594,67.11929321289062,67.60177612304688,65.3681869506836,65.3681869506836,62.433963775634766,62.96824645996094,60.464866638183594,59.64059066772461,59.64059066772461,59.40538787841797,57.80138397216797,55.31726837158203,55.17245864868164,55.154327392578125,54.488529205322266,52.49761962890625,51.22499465942383,50.21951675415039,49.24428939819336
0,-42,-96,20,12,60.605281829833984,57.42821502685547,58.30952072143555,58.30952072143555,59.05929183959961,57.245086669921875,58.600341796875,58.18075180053711,60.74536895751953,60.74536895751953,63.5688591003418,63.24555206298828,63.24555206298828,63.60031509399414,64.8459701538086,65.25334930419922,63.78871536254883,65.0,65.0,65.73431396484375,65.0,65.73431396484375,65.0,65.73431396484375,66.94026947021484,64.76110076904297,64.76110076904297,64.76110076904297,64.76110076904297,65.0,63.324562072753906,62.09669876098633,62.93647766113281,61.032779693603516,61.032779693603516,61.6846809387207,59.46427536010742,57.00876998901367,57.384666442871094,55.154327392578125,55.54277801513672,53.712196350097656,53.23532485961914,51.4781494140625,51.88448715209961,49.39635467529297,49.92995071411133,48.60041046142578,48.27007293701172,46.010868072509766,45.27692413330078,43.931766510009766
0,-43,-96,19,19,64.38167572021484,64.38167572021484,64.66065216064453,64.20280456542969,63.0079345703125,61.29437255859375,63.28506851196289,64.14047241210938,66.24198150634766,66.64833068847656,68.02940368652344,69.85699462890625,70.38465881347656,69.07966613769531,70.7742919921875,72.44998168945312,70.22820281982422,70.22820281982422,69.89277648925781,71.16881561279297,70.57620239257812,71.7844009399414,71.7844009399414,72.42237091064453,72.42237091064453,70.51950073242188,72.42237091064453,70.51950073242188,71.47027587890625,70.51950073242188,68.62215423583984,70.22820281982422,68.94925689697266,66.85057830810547,66.48307800292969,66.85057830810547,65.0,63.56099319458008,61.741397857666016,61.741397857666016,60.8276252746582,60.373836517333984,59.53990173339844,56.4358024597168,54.37830352783203,53.25410842895508,53.00943374633789,53.413482666015625,51.6623649597168,51.62363815307617,50.2493782043457,49.04079818725586
0,-43,-96,20,12,61.073726654052734,60.20797348022461,63.65532302856445,59.396968841552734,61.55485534667969,58.2580451965332,59.81638717651367,59.81638717651367,62.20128631591797,64.07027435302734,63.51377868652344,64.66065216064453,65.51335906982422,67.23094177246094,67.23094177246094,67.5351791381836,65.76473236083984,67.60177612304688,66.18912506103516,68.0,67.11929321289062,68.0,66.64833068847656,67.08203887939453,68.88395690917969,66.64833068847656,67.5351791381836,68.42514038085938,66.18912506103516,67.5351791381836,63.1347770690918,66.37017059326172,65.86349487304688,63.28506851196289,62.96824645996094,62.96824645996094,60.20797348022461,60.464866638183594,59.203041076660156,58.41232681274414,57.628116607666016,54.81787872314453,55.31726837158203,51.6623649597168,52.345008850097656,51.62363815307617,50.990196228027344,50.447994232177734,50.6063232421875,48.54894256591797,48.02082824707031,46.51881408691406
0,-42,-96,20,12,59.93329620361328,58.694122314453125,59.80802536010742,60.74536895751953,60.728904724121094,57.9741325378418,58.94064712524414,60.20797348022461,60.01666259765625,60.8276252746582,62.513999938964844,63.3876953125,65.27633666992188,64.19501495361328,65.19202423095703,67.18630981445312,66.06814575195312,65.12296295166016,66.12110137939453,67.06713104248047,66.18912506103516,68.11754608154297,65.03076171875,67.0,68.00735473632812,66.00757598876953,68.00735473632812,67.06713104248047,67.02984619140625,64.07027435302734,65.19202423095703,66.12110137939453,63.28506851196289,63.28506851196289,63.3876953125,61.52235412597656,62.28964614868164,60.67124557495117,58.85575485229492,58.051700592041016,56.29387283325195,54.34151077270508,55.31726837158203,52.201534271240234,51.54609680175781,49.648765563964844,50.32891845703125,49.658836364746094,47.41307830810547,47.88528060913086,47.16990661621094,45.607017517089844
0,-42,-96,19,18,65.4904556274414,64.38167572021484,64.19501495361328,63.03173828125,63.0,62.00806427001953,64.19501495361328,64.1248779296875,64.49806213378906,66.61080932617188,67.08203887939453,68.24954223632812,70.40596771240234,72.56720733642578,70.8307876586914,72.03471374511719,70.3420181274414,69.85699462890625,70.3420181274414,72.2772445678711,71.80529022216797,73.24616241455078,70.88018035888672,71.84010314941406,72.53275299072266,71.84010314941406,73.08214569091797,71.84010314941406,70.3420181274414,70.60453033447266,68.88395690917969,69.85699462890625,68.88395690917969,66.2872543334961,66.4906005859375,66.0984115600586,66.0984115600586,64.93843078613281,62.513999938964844,61.400325775146484,61.20457458496094,59.21148681640625,58.13776779174805,56.035701751708984,56.0,54.0,55.081756591796875,53.23532485961914,52.611785888671875,52.95280838012695,50.695167541503906,48.703182220458984
0,-42,-96,20,12,59.00847244262695,58.0,57.03507614135742,58.07753372192383,57.21887969970703,56.32051086425781,57.706153869628906,56.88584899902344,58.24946212768555,59.43904495239258,61.13100814819336,61.400325775146484,61.400325775146484,61.98386764526367,63.24555206298828,64.8459701538086,63.90618133544922,62.62587356567383,63.694583892822266,62.96824645996094,64.51356506347656,64.25729370117188,62.96824645996094,64.07807922363281,65.55150604248047,62.7694206237793,64.62197875976562,63.324562072753906,64.47480010986328,62.3939094543457,61.6846809387207,61.35144805908203,61.98386764526367,60.728904724121094,60.728904724121094,59.77457809448242,58.52349853515625,56.75385284423828,56.04462432861328,54.34151077270508,54.12947463989258,53.93514633178711,53.75872039794922,51.62363815307617,50.2493782043457,48.041648864746094,48.010414123535156,47.0,47.01063537597656,46.097721099853516,44.40720748901367,44.14748001098633
0,-42,-96,20,12,61.6846809387207,60.083274841308594,60.16643524169922,58.94064712524414,59.66573715209961,58.694122314453125,57.55866622924805,60.406951904296875,62.28964614868164,63.12685775756836,62.00806427001953,64.0,66.0,67.0,67.0,68.0,67.00746154785156,65.0076904296875,65.0691909790039,66.00757598876953,67.0,68.00735473632812,66.12110137939453,67.18630981445312,68.18357849121094,66.12110137939453,67.06713104248047,68.00735473632812,67.02984619140625,67.02984619140625,63.0,64.0,65.0691909790039,63.0079345703125,63.071388244628906,62.07253646850586,62.032249450683594,58.13776779174805,59.21148681640625,58.30952072143555,58.54912567138672,54.58937454223633,54.7448616027832,51.97114562988281,51.41984176635742,50.28916549682617,49.33558654785156,50.695167541503906,47.75981521606445,47.423622131347656,47.01063537597656,44.65422821044922
0,-43,-96,19,18,63.89052963256836,63.411354064941406,64.40496826171875,63.24555206298828,62.12889862060547,62.7694206237793,62.64982223510742,63.50590515136719,63.071388244628906,65.39112854003906,65.92420196533203,67.06713104248047,69.28924560546875,68.94925689697266,69.28924560546875,69.89277648925781,68.62215423583984,68.62215423583984,68.00735473632812,71.16881561279297,69.89277648925781,71.47027587890625,70.21395874023438,70.0927963256836,71.56814575195312,71.56814575195312,69.6419448852539,71.47027587890625,71.16881561279297,70.21395874023438,67.67569732666016,68.94925689697266,68.3520278930664,66.128662109375,66.48307800292969,63.324562072753906,62.7694206237793,61.46543884277344,62.2414665222168,60.41522979736328,59.4810905456543,56.35601043701172,55.94640350341797,55.56977462768555,55.226806640625,52.430908203125,53.823787689208984,52.009613037109375,51.22499465942383,49.51767349243164,49.51767349243164,49.20365905761719
0,-43,-96,20,12,59.93329620361328,57.384666442871094,59.80802536010742,58.18934631347656,57.00876998901367,58.694122314453125,57.48912811279297,59.43904495239258,60.8276252746582,59.6824951171875,62.513999938964844,63.3876953125,63.19810104370117,64.19501495361328,64.28063201904297,66.18912506103516,66.0302963256836,64.1248779296875,65.03076171875,66.12110137939453,64.19501495361328,67.02984619140625,65.0691909790039,66.00757598876953,66.0302963256836,66.0302963256836,68.02940368652344,64.07027435302734,64.03124237060547,64.1248779296875,65.12296295166016,63.19810104370117,63.28506851196289,62.28964614868164,62.64982223510742,59.53990173339844,59.6824951171875,57.87054443359375,56.88584899902344,57.27128601074219,54.5710563659668,54.34151077270508,55.081756591796875,53.16013717651367,51.54609680175781,49.648765563964844,50.15974426269531,47.85394287109375,47.41307830810547,47.16990661621094,46.87216567993164,43.27817153930664
0,-42,-96,19,19,67.05221557617188,68.4105224609375,65.51335906982422,65.51335906982422,64.93843078613281,66.61080932617188,66.18912506103516,67.11929321289062,69.065185546875,66.0,69.00724792480469,70.00714111328125,73.02738952636719,74.1080322265625,75.1065902709961,74.24284362792969,74.24284362792969,72.24956512451172,73.24616241455078,74.3303451538086,74.24284362792969,76.32168579101562,73.24616241455078,75.66372680664062,74.4311752319336,75.53807067871094,76.53103637695312,74.3303451538086,74.3303451538086,72.24956512451172,72.24956512451172,72.17340087890625,72.02777099609375,71.0633544921875,71.00704193115234,67.00746154785156,69.0,66.00757598876953,66.0302963256836,66.06814575195312,62.28964614868164,63.19810104370117,60.29925537109375,58.85575485229492,58.694122314453125,57.27128601074219,56.51548385620117,56.04462432861328,53.75872039794922,54.7813835144043,52.801513671875,50.537113189697266
0,-42,-96,19,19,67.46851348876953,66.4906005859375,65.802734375,67.44627380371094,64.51356506347656,64.8459701538086,65.92420196533203,65.79513549804688,67.11929321289062,67.5351791381836,69.83551788330078,70.8307876586914,71.86793518066406,72.40165710449219,73.57308959960938,72.94518280029297,74.88658142089844,72.94518280029297,74.88658142089844,74.3303451538086,75.1664810180664,74.06078338623047,72.11102294921875,74.40430450439453,74.40430450439453,74.40430450439453,75.45197296142578,74.63243103027344,73.49829864501953,72.67048645019531,72.40165710449219,71.02112579345703,70.8307876586914,69.46221923828125,68.47627258300781,67.60177612304688,66.73080444335938,66.24198150634766,64.8459701538086,64.40496826171875,60.41522979736328,61.32699203491211,59.236812591552734,58.872745513916016,57.87054443359375,55.36244201660156,55.785301208496094,55.10898208618164,52.95280838012695,52.46903991699219,51.088157653808594,50.0
0,-43,-96,20,12,61.6846809387207,60.16643524169922,59.93329620361328,60.835845947265625,59.9416389465332,60.539241790771484,60.20797348022461,61.032779693603516,60.80295944213867,61.400325775146484,64.81512451171875,64.66065216064453,66.84310150146484,65.19202423095703,67.26811981201172,66.52819061279297,68.62215423583984,65.0691909790039,67.17886352539062,67.89698028564453,68.680419921875,66.4680404663086,67.17886352539062,67.89698028564453,67.17886352539062,68.59300231933594,67.89698028564453,66.4680404663086,67.17886352539062,66.4680404663086,65.79513549804688,65.79513549804688,63.70243453979492,63.03173828125,63.12685775756836,61.22091293334961,61.073726654052734,59.81638717651367,59.203041076660156,58.600341796875,56.035701751708984,57.14017868041992,55.4707145690918,55.226806640625,51.97114562988281,51.0,51.429561614990234,50.15974426269531,48.10405349731445,49.33558654785156,47.29693603515625,47.67599105834961
0,-42,-96,19,19,68.62215423583984,69.57010650634766,65.25334930419922,67.18630981445312,65.30696868896484,66.2872543334961,66.75328063964844,65.6201171875,68.73136138916016,67.18630981445312,71.0,70.0,73.00685119628906,73.00685119628906,76.0,73.02738952636719,76.02631378173828,71.0633544921875,77.10382843017578,77.0064926147461,74.02702331542969,75.05997467041016,72.11102294921875,77.3175277709961,75.32595825195312,75.23961639404297,76.16429901123047,73.10950469970703,75.1664810180664,71.17584228515625,75.02666473388672,72.00694274902344,71.0,71.0,70.0,68.0,68.0,66.0302963256836,64.0078125,66.12110137939453,61.13100814819336,63.19810104370117,59.41380310058594,59.6824951171875,58.051700592041016,56.51548385620117,55.785301208496094,56.32051086425781,53.75872039794922,53.75872039794922,52.39274597167969,50.6063232421875
0,-42,-96,20,13,61.057350158691406,59.64059066772461,61.22091293334961,59.81638717651367,58.898216247558594,58.051700592041016,60.10823440551758,60.81118392944336,61.55485534667969,62.36986541748047,62.62587356567383,62.62587356567383,64.81512451171875,64.20280456542969,66.06814575195312,68.24221801757812,66.0302963256836,65.802734375,66.85057830810547,66.40029907226562,66.40029907226562,66.85057830810547,66.85057830810547,68.79679870605469,67.67569732666016,69.065185546875,67.42403411865234,67.42403411865234,65.0,66.85057830810547,64.03124237060547,66.06814575195312,64.66065216064453,63.12685775756836,62.36986541748047,62.36986541748047,59.54829788208008,59.46427536010742,58.0,55.865909576416016,56.58621597290039,55.17245864868164,56.22277069091797,52.63079071044922,52.201534271240234,49.648765563964844,49.92995071411133,50.6063232421875,49.648765563964844,49.658836364746094,47.53945541381836,44.92215347290039
0,-43,-96,20,12,63.158531188964844,61.09828186035156,61.35144805908203,61.032779693603516,60.16643524169922,59.66573715209961,60.01666259765625,58.85575485229492,62.513999938964844,63.78871536254883,64.49806213378906,64.28063201904297,66.18912506103516,68.18357849121094,67.18630981445312,68.06614685058594,68.02940368652344,68.02940368652344,68.00735473632812,68.02940368652344,67.06713104248047,69.02897644042969,67.06713104248047,69.0,70.0,68.02940368652344,68.00735473632812,68.02940368652344,68.06614685058594,67.06713104248047,66.12110137939453,66.18912506103516,66.27216339111328,64.28063201904297,63.3876953125,63.639610290527344,62.64982223510742,60.01666259765625,59.03388977050781,59.43904495239258,57.48912811279297,55.31726837158203,55.081756591796875,54.120235443115234,52.49761962890625,50.695167541503906,50.56678771972656,50.56678771972656,49.19349670410156,48.87739944458008,48.25971221923828,45.45327377319336
0,-42,-96,19,18,65.03076171875,63.3876953125,63.50590515136719,62.64982223510742,61.0,63.06346130371094,65.45991516113281,62.62587356567383,64.25729370117188,65.19202423095703,66.30987548828125,66.70832061767578,69.35416412353516,69.7782211303711,69.7782211303711,70.71067810058594,68.88395690917969,68.88395690917969,71.19690704345703,70.8307876586914,70.32780456542969,70.8307876586914,68.60028839111328,70.49113464355469,71.69379425048828,70.8307876586914,70.72481536865234,69.6419448852539,69.97142028808594,71.02112579345703,68.47627258300781,69.46221923828125,69.35416412353516,66.24198150634766,66.24198150634766,64.88451385498047,63.95310592651367,62.64982223510742,62.2414665222168,61.32699203491211,60.008331298828125,57.384666442871094,57.584720611572266,56.30275344848633,55.973209381103516,53.16013717651367,52.201534271240234,53.600372314453125,50.635955810546875,50.35871505737305,49.04079818725586,48.0
0,-43,-96,20,12,62.07253646850586,62.20128631591797,60.29925537109375,60.406951904296875,58.85575485229492,59.66573715209961,59.90826416015625,60.16643524169922,62.93647766113281,62.62587356567383,63.5688591003418,65.78753662109375,67.779052734375,66.85057830810547,68.15423583984375,66.70832061767578,69.35416412353516,68.15423583984375,68.87670135498047,68.44705963134766,68.54196166992188,68.44705963134766,65.30696868896484,68.87670135498047,69.7782211303711,68.44705963134766,70.21395874023438,67.5425796508789,68.44705963134766,66.21178436279297,67.23094177246094,67.23094177246094,65.55150604248047,65.19202423095703,62.96824645996094,62.032249450683594,61.6846809387207,60.4400520324707,59.4810905456543,57.9741325378418,55.785301208496094,55.54277801513672,56.29387283325195,55.10898208618164,53.75872039794922,51.35172653198242,51.244510650634766,52.08646774291992,50.0099983215332,49.01020431518555,47.26520919799805,45.54119110107422
0,-43,-96,20,13,60.728904724121094,61.032779693603516,59.80802536010742,60.926185607910156,59.03388977050781,60.8276252746582,60.90156173706055,60.20797348022461,61.91122817993164,61.85466766357422,64.40496826171875,65.4369888305664,67.47592163085938,65.4369888305664,68.24954223632812,66.84310150146484,67.35725402832031,66.70832061767578,69.52696990966797,69.52696990966797,68.7677230834961,69.52696990966797,68.01470184326172,69.35416412353516,69.35416412353516,70.03570556640625,69.42621612548828,67.35725402832031,68.01470184326172,67.26811981201172,68.24954223632812,67.00746154785156,64.81512451171875,63.60031509399414,64.40496826171875,61.61168670654297,63.60031509399414,63.0079345703125,59.90826416015625,60.20797348022461,56.93856430053711,56.93856430053711,54.120235443115234,55.009090423583984,54.12947463989258,51.078372955322266,52.201534271240234,52.49761962890625,49.33558654785156,48.50773239135742,47.07440948486328,47.26520919799805
0,-43,-96,19,18,66.61080932617188,62.96824645996094,64.49806213378906,63.1347770690918,65.3681869506836,62.60990524291992,64.88451385498047,64.07807922363281,65.19202423095703,66.73080444335938,68.3081283569336,69.92138671875,69.92138671875,70.0927963256836,69.92138671875,73.75635528564453,70.61161041259766,71.80529022216797,70.61161041259766,73.75635528564453,70.8307876586914,71.80529022216797,72.7804946899414,72.00694274902344,73.34848022460938,72.36711883544922,72.36711883544922,73.75635528564453,68.44705963134766,72.56720733642578,68.88395690917969,68.88395690917969,69.12307739257812,67.72000885009766,67.72000885009766,68.00735473632812,65.802734375,63.24555206298828,64.51356506347656,61.09828186035156,61.46543884277344,59.236812591552734,61.46543884277344,55.46169662475586,56.35601043701172,55.07267761230469,54.708316802978516,52.69725036621094,53.00943374633789,52.009613037109375,50.447994232177734,49.51767349243164
0,-43,-96,19,18,63.694583892822266,65.55150604248047,62.62587356567383,64.8459701538086,61.84658432006836,63.78871536254883,61.61168670654297,64.93843078613281,64.62971496582031,65.37583923339844,65.27633666992188,67.11929321289062,69.00724792480469,70.028564453125,72.17340087890625,69.065185546875,72.02777099609375,69.065185546875,72.00694274902344,71.11258697509766,71.0633544921875,72.06246948242188,69.02897644042969,72.00694274902344,71.0,72.0,72.00694274902344,70.06425476074219,71.11258697509766,68.06614685058594,68.18357849121094,69.18092346191406,67.36467742919922,66.37017059326172,65.6201171875,64.49806213378906,65.4904556274414,63.639610290527344,61.0,62.36986541748047,59.203041076660156,60.16643524169922,57.28001403808594,56.920997619628906,56.30275344848633,53.3104133605957,53.712196350097656,53.23532485961914,50.11985778808594,50.2493782043457,48.82622146606445,48.27007293701172
0,-43,-96,20,13,64.13267517089844,62.801273345947266,62.3939094543457,61.29437255859375,64.19501495361328,60.0333251953125,64.0,63.0,65.0691909790039,64.19501495361328,65.19202423095703,68.26419067382812,68.26419067382812,67.36467742919922,68.4689712524414,70.71067810058594,69.05070495605469,69.72087097167969,68.06614685058594,69.87130737304688,69.72087097167969,70.21395874023438,69.87130737304688,70.03570556640625,69.87130737304688,69.87130737304688,69.87130737304688,70.03570556640625,67.89698028564453,69.72087097167969,67.47592163085938,68.35934448242188,66.27216339111328,66.12110137939453,64.28063201904297,65.0691909790039,65.03076171875,63.0079345703125,61.00819778442383,59.0,60.008331298828125,58.0,58.13776779174805,55.3263053894043,54.33230972290039,53.600372314453125,52.17279052734375,52.39274597167969,51.54609680175781,49.39635467529297,49.76947021484375,48.30113983154297
0,-43,-96,20,12,60.74536895751953,58.30952072143555,60.926185607910156,58.18075180053711,59.4810905456543,58.830265045166016,59.36328887939453,60.216278076171875,62.20128631591797,62.62587356567383,64.03124237060547,65.29930877685547,66.06814575195312,65.94694519042969,66.06814575195312,67.35725402832031,67.26811981201172,66.60330200195312,65.79513549804688,67.26811981201172,66.52819061279297,67.20863342285156,65.79513549804688,67.17886352539062,67.89698028564453,66.4680404663086,66.48307800292969,67.26811981201172,65.85590362548828,65.85590362548828,65.29930877685547,65.19202423095703,66.06814575195312,63.25345993041992,62.00806427001953,62.62587356567383,60.80295944213867,60.216278076171875,59.36328887939453,56.603885650634766,57.45433044433594,55.226806640625,55.07267761230469,53.712196350097656,53.66563034057617,51.4781494140625,50.32891845703125,50.32891845703125,49.33558654785156,47.29693603515625,47.85394287109375,45.27692413330078
0,-43,-96,20,12,57.706153869628906,57.45433044433594,55.4707145690918,57.688819885253906,55.803226470947266,55.44366455078125,55.973209381103516,57.314918518066406,59.41380310058594,58.694122314453125,60.10823440551758,60.10823440551758,62.36986541748047,63.03173828125,64.53681182861328,61.84658432006836,64.81512451171875,60.4400520324707,65.6048812866211,62.62587356567383,64.03124237060547,65.802734375,61.22091293334961,65.0,64.03124237060547,64.66065216064453,65.4369888305664,63.411354064941406,65.0,62.00806427001953,63.78087615966797,60.30754470825195,61.717098236083984,61.55485534667969,60.14149856567383,58.0,59.396968841552734,55.865909576416016,56.63920974731445,55.226806640625,53.90732955932617,53.90732955932617,51.855567932128906,50.6063232421875,48.010414123535156,48.54894256591797,48.87739944458008,47.88528060913086,46.51881408691406,46.097721099853516,45.54119110107422,44.643028259277344
0,-42,-96,19,19,67.36467742919922,64.19501495361328,66.00757598876953,64.0,66.0,62.032249450683594,64.19501495361328,65.4904556274414,66.48307800292969,67.89698028564453,67.89698028564453,70.40596771240234,71.58910369873047,69.63475799560547,71.58910369873047,73.49829864501953,71.30918884277344,72.03471374511719,71.30918884277344,74.46475982666016,72.03471374511719,73.24616241455078,73.24616241455078,73.76313781738281,72.80110168457031,71.56814575195312,72.2772445678711,73.49829864501953,71.0633544921875,71.80529022216797,70.40596771240234,70.21395874023438,70.03570556640625,67.08203887939453,68.88395690917969,67.89698028564453,65.6201171875,64.28063201904297,64.38167572021484,62.07253646850586,61.032779693603516,61.032779693603516,62.0,57.0,56.00892639160156,55.081756591796875,55.3263053894043,54.7448616027832,54.12947463989258,52.39274597167969,51.54609680175781,48.84669876098633
0,-43,-96,20,13,61.6846809387207,61.032779693603516,62.361846923828125,61.84658432006836,59.228370666503906,59.84145736694336,60.406951904296875,61.52235412597656,62.20128631591797,63.03173828125,64.03124237060547,67.02984619140625,67.0,68.00735473632812,69.0,68.06614685058594,70.11418914794922,67.06713104248047,71.11258697509766,69.065185546875,70.00714111328125,71.17584228515625,68.11754608154297,70.25667572021484,70.1783447265625,70.25667572021484,70.1783447265625,69.1158447265625,67.18630981445312,68.11754608154297,68.00735473632812,68.00735473632812,65.0,65.0,64.0,64.0078125,63.03173828125,60.074954986572266,60.074954986572266,58.215118408203125,58.215118408203125,56.22277069091797,55.578773498535156,54.918121337890625,53.15073013305664,51.41984176635742,51.92301940917969,51.54609680175781,49.04079818725586,48.84669876098633,48.754486083984375,48.02082824707031
0,-43,-96,20,13,62.93647766113281,60.4400520324707,63.78871536254883,60.41522979736328,61.0,60.530982971191406,62.20128631591797,63.12685775756836,63.0079345703125,65.0,65.0,67.00746154785156,68.02940368652344,68.11754608154297,67.11929321289062,71.25306701660156,67.36467742919922,68.26419067382812,67.47592163085938,68.59300231933594,69.35416412353516,69.58448028564453,70.57620239257812,69.58448028564453,70.45565795898438,68.88395690917969,69.87130737304688,71.84706115722656,67.60177612304688,70.85901641845703,66.48307800292969,68.4689712524414,66.37017059326172,67.26811981201172,65.27633666992188,65.27633666992188,64.19501495361328,61.13100814819336,60.0333251953125,59.0,60.0,57.0,58.00862121582031,54.147945404052734,53.15073013305664,53.23532485961914,52.611785888671875,51.4781494140625,52.39274597167969,50.0,48.703182220458984,47.01063537597656
0,-43,-96,19,18,65.0691909790039,65.0691909790039,63.50590515136719,63.50590515136719,62.96824645996094,61.61168670654297,62.09669876098633,63.324562072753906,63.90618133544922,65.45991516113281,67.06713104248047,69.07966613769531,69.07966613769531,68.15423583984375,70.7742919921875,71.11258697509766,71.5541763305664,70.21395874023438,70.66116333007812,69.7782211303711,70.21395874023438,73.35530090332031,69.77105712890625,70.23532104492188,72.4706802368164,70.66116333007812,71.11962127685547,69.77105712890625,69.77105712890625,70.23532104492188,67.11929321289062,69.31810760498047,67.97793579101562,68.02940368652344,65.79513549804688,66.70832061767578,63.694583892822266,62.62587356567383,61.6846809387207,60.406951904296875,57.87054443359375,57.87054443359375,58.24087905883789,55.785301208496094,55.31726837158203,52.95280838012695,52.46903991699219,52.46903991699219,52.15361785888672,50.0099983215332,49.0,47.381431579589844
0,-43,-96,20,13,63.28506851196289,60.406951904296875,62.96824645996094,61.188232421875,61.188232421875,60.4400520324707,61.35144805908203,61.09828186035156,61.09828186035156,62.7694206237793,64.47480010986328,64.8459701538086,65.7419204711914,65.29930877685547,67.97793579101562,68.0,68.0,67.11929321289062,67.11929321289062,67.11929321289062,68.0,69.83551788330078,66.73080444335938,68.96376037597656,69.46221923828125,69.83551788330078,69.83551788330078,68.09552001953125,68.0,65.3681869506836,64.8459701538086,66.18912506103516,65.7419204711914,63.976558685302734,65.39112854003906,63.158531188964844,62.2414665222168,61.46543884277344,59.80802536010742,59.13543701171875,57.87054443359375,56.920997619628906,57.28001403808594,52.63079071044922,53.36665725708008,51.97114562988281,51.62363815307617,51.35172653198242,51.15662384033203,49.01020431518555,48.0,45.27692413330078
0,-43,-96,19,19,65.11528015136719,63.78871536254883,65.52098846435547,62.64183807373047,65.78753662109375,62.96824645996094,64.07807922363281,66.30987548828125,66.21178436279297,68.0,69.83551788330078,68.96376037597656,69.97142028808594,71.34423828125,70.32780456542969,74.625732421875,72.11102294921875,71.86793518066406,72.11102294921875,74.3303451538086,72.20111083984375,72.94518280029297,72.94518280029297,73.81734466552734,72.67048645019531,74.06078338623047,72.40165710449219,73.23933410644531,71.84706115722656,74.3303451538086,69.6419448852539,71.19690704345703,71.19690704345703,68.47627258300781,67.60177612304688,66.64833068847656,67.11929321289062,64.8459701538086,61.32699203491211,60.008331298828125,62.2414665222168,59.236812591552734,59.80802536010742,57.567352294921875,57.567352294921875,55.785301208496094,55.10898208618164,53.93514633178711,53.46026611328125,52.345008850097656,51.009803771972656,49.01020431518555
0,-43,-96,20,13,62.22539520263672,60.20797348022461,60.30754470825195,59.81638717651367,60.80295944213867,58.24946212768555,60.20797348022461,62.265560150146484,62.265560150146484,63.52952194213867,63.50590515136719,65.39112854003906,66.70832061767578,65.39112854003906,65.79513549804688,68.15423583984375,66.85057830810547,67.62396240234375,67.41661834716797,68.70953369140625,68.15423583984375,68.70953369140625,66.48307800292969,68.3520278930664,68.3520278930664,68.3520278930664,68.70953369140625,69.07966613769531,67.23094177246094,66.85057830810547,64.47480010986328,65.79513549804688,63.976558685302734,63.56099319458008,64.40496826171875,63.06346130371094,62.60990524291992,59.53990173339844,59.16925048828125,58.830265045166016,57.982757568359375,54.918121337890625,56.30275344848633,54.4058837890625,52.801513671875,50.447994232177734,50.990196228027344,51.62363815307617,50.2493782043457,48.166378021240234,47.801673889160156,45.486263275146484
0,-43,-96,20,13,63.51377868652344,61.91122817993164,61.29437255859375,61.717098236083984,61.269893646240234,61.84658432006836,61.09828186035156,61.6846809387207,64.19501495361328,62.64183807373047,65.73431396484375,65.30696868896484,67.46851348876953,68.24954223632812,68.44705963134766,69.05070495605469,68.88395690917969,68.88395690917969,68.88395690917969,68.06614685058594,70.03570556640625,70.03570556640625,67.89698028564453,69.35416412353516,69.72087097167969,70.45565795898438,71.84706115722656,70.03570556640625,69.05070495605469,67.89698028564453,67.08203887939453,66.2872543334961,66.4906005859375,65.51335906982422,65.51335906982422,63.78871536254883,64.13267517089844,61.13100814819336,61.13100814819336,60.4400520324707,59.13543701171875,58.18934631347656,56.30275344848633,54.424259185791016,55.54277801513672,53.22593307495117,52.35456085205078,51.62363815307617,49.39635467529297,49.648765563964844,47.20169448852539,46.75468063354492
0,-43,-96,19,18,65.29930877685547,62.169124603271484,63.694583892822266,61.09828186035156,62.62587356567383,60.728904724121094,63.06346130371094,63.348243713378906,64.13267517089844,65.92420196533203,65.76473236083984,67.60177612304688,68.73136138916016,69.46221923828125,68.59300231933594,70.11418914794922,70.11418914794922,71.17584228515625,70.1783447265625,71.17584228515625,71.34423828125,71.17584228515625,70.1783447265625,71.11258697509766,71.11258697509766,70.1783447265625,72.24956512451172,72.24956512451172,69.35416412353516,71.17584228515625,68.26419067382812,67.47592163085938,67.60177612304688,66.75328063964844,65.76473236083984,65.92420196533203,63.150611877441406,62.36986541748047,61.61168670654297,59.90826416015625,59.203041076660156,59.203041076660156,59.4810905456543,55.973209381103516,53.141319274902344,53.3104133605957,53.22593307495117,52.77309799194336,50.6063232421875,49.648765563964844,49.81967544555664,47.423622131347656
0,-43,-96,19,19,67.72000885009766,66.0984115600586,65.78753662109375,65.78753662109375,65.39112854003906,64.88451385498047,65.29930877685547,65.86349487304688,68.09552001953125,67.41661834716797,69.3397445678711,70.45565795898438,70.21395874023438,71.40028381347656,71.40028381347656,73.60027313232422,72.00694274902344,72.00694274902344,71.70076751708984,72.4706802368164,72.62230682373047,74.5184555053711,72.4706802368164,74.41101837158203,75.28611755371094,73.10950469970703,73.75635528564453,74.5184555053711,72.4706802368164,72.34638977050781,69.81404113769531,70.43436431884766,69.81404113769531,68.00735473632812,66.0302963256836,66.85057830810547,65.73431396484375,65.19202423095703,62.96824645996094,62.433963775634766,62.64982223510742,62.265560150146484,60.41522979736328,57.27128601074219,58.18075180053711,55.154327392578125,55.71355438232422,54.08327102661133,54.4058837890625,51.41984176635742,49.81967544555664,49.09175109863281
0,-43,-96,20,13,62.2414665222168,61.46543884277344,61.35144805908203,61.032779693603516,61.98386764526367,59.66573715209961,60.41522979736328,61.188232421875,62.801273345947266,63.50590515136719,65.37583923339844,64.28063201904297,66.06814575195312,66.06814575195312,68.11754608154297,69.00724792480469,66.0,68.0,69.0,70.028564453125,69.065185546875,69.0,68.0,70.028564453125,70.0,68.0,70.0,69.0,67.0,69.0,67.00746154785156,67.02984619140625,66.0302963256836,64.1248779296875,64.1248779296875,63.12685775756836,61.20457458496094,60.20797348022461,58.30952072143555,58.4208869934082,58.54912567138672,55.578773498535156,58.051700592041016,53.15073013305664,52.63079071044922,52.201534271240234,51.865211486816406,51.865211486816406,49.76947021484375,47.423622131347656,47.88528060913086,45.486263275146484
0,-43,-96,20,13,61.29437255859375,62.433963775634766,59.16925048828125,63.52952194213867,59.93329620361328,62.2414665222168,61.84658432006836,61.6846809387207,61.98386764526367,62.93647766113281,65.0,65.73431396484375,66.4906005859375,68.44705963134766,70.61161041259766,68.06614685058594,71.19690704345703,66.0984115600586,71.84706115722656,68.06614685058594,68.24954223632812,71.02112579345703,65.76473236083984,70.45565795898438,71.44927978515625,71.56814575195312,70.85901641845703,67.89698028564453,71.84706115722656,64.77654266357422,69.05070495605469,67.26811981201172,66.2872543334961,65.51335906982422,64.76110076904297,62.585941314697266,61.61168670654297,61.61168670654297,60.87692642211914,62.09669876098633,57.87054443359375,59.13543701171875,55.02726745605469,55.36244201660156,54.7813835144043,50.990196228027344,52.77309799194336,51.4781494140625,49.73931884765625,49.92995071411133,48.010414123535156,47.423622131347656
0,-43,-96,20,12,59.07622146606445,58.0,59.00847244262695,59.13543701171875,58.215118408203125,56.718605041503906,59.03388977050781,59.43904495239258,59.90826416015625,60.87692642211914,61.13100814819336,63.24555206298828,66.40782928466797,64.51356506347656,64.51356506347656,66.85057830810547,65.92420196533203,66.48307800292969,64.47480010986328,66.30987548828125,66.85057830810547,66.70832061767578,66.30987548828125,64.47480010986328,66.30987548828125,65.39112854003906,66.21178436279297,64.88451385498047,63.976558685302734,65.79513549804688,64.07807922363281,63.158531188964844,63.56099319458008,62.032249450683594,62.7694206237793,62.032249450683594,60.406951904296875,58.52349853515625,56.32051086425781,55.36244201660156,56.04462432861328,54.120235443115234,54.5710563659668,52.17279052734375,50.990196228027344,50.635955810546875,49.25444030761719,48.25971221923828,50.0099983215332,48.0,46.04345703125,43.416587829589844
0,-43,-96,20,13,63.631752014160156,60.20797348022461,62.42595672607422,60.80295944213867,61.400325775146484,59.54829788208008,61.55485534667969,62.2414665222168,62.93647766113281,64.35060119628906,65.79513549804688,65.19202423095703,67.35725402832031,66.70832061767578,67.35725402832031,71.40028381347656,68.00735473632812,67.80117797851562,68.00735473632812,70.80254364013672,68.24954223632812,69.40460968017578,69.40460968017578,70.0,70.0,70.21395874023438,69.40460968017578,71.61005401611328,68.24221801757812,69.20259857177734,67.00746154785156,67.62396240234375,66.70832061767578,66.70832061767578,65.29930877685547,64.44377136230469,62.96824645996094,61.52235412597656,62.2414665222168,58.051700592041016,58.728187561035156,55.90169906616211,58.898216247558594,55.44366455078125,54.20331954956055,52.801513671875,53.5350341796875,50.774009704589844,51.0,49.658836364746094,48.46648406982422,45.880279541015625
0,-43,-96,20,13,57.688819885253906,57.688819885253906,56.61272048950195,56.40035629272461,57.48912811279297,56.63920974731445,56.58621597290039,58.0,56.58621597290039,58.898216247558594,59.66573715209961,62.00806427001953,63.25345993041992,62.801273345947266,63.60031509399414,64.40496826171875,63.82006072998047,63.60031509399414,65.21502685546875,64.637451171875,64.40496826171875,64.637451171875,62.42595672607422,64.8999252319336,66.2872543334961,66.2872543334961,64.8999252319336,64.40496826171875,66.0302963256836,61.85466766357422,63.0079345703125,63.60031509399414,62.801273345947266,59.03388977050781,59.66573715209961,59.54829788208008,58.898216247558594,57.384666442871094,55.90169906616211,55.90169906616211,53.740116119384766,53.740116119384766,53.037723541259766,51.6623649597168,51.088157653808594,49.20365905761719,49.20365905761719,47.70744323730469,46.3249397277832,46.06517028808594,43.863426208496094,43.65776062011719
0,-43,-96,19,18,63.694583892822266,62.7694206237793,63.24555206298828,61.6846809387207,64.03124237060547,62.169124603271484,63.95310592651367,64.49806213378906,65.4904556274414,66.18912506103516,67.11929321289062,69.065185546875,69.02897644042969,70.00714111328125,68.0,72.0,71.0,71.0,70.00714111328125,73.0,71.0,73.00685119628906,72.02777099609375,72.11102294921875,71.02816009521484,71.02816009521484,72.00694274902344,72.0,71.0,71.00704193115234,69.0,70.0,68.0,67.02984619140625,67.06713104248047,65.0691909790039,65.12296295166016,62.07253646850586,63.28506851196289,61.400325775146484,61.66035842895508,58.54912567138672,58.85575485229492,56.718605041503906,55.54277801513672,53.600372314453125,54.120235443115234,52.49761962890625,52.55473327636719,51.89412307739258,50.537113189697266,47.16990661621094
0,-43,-96,20,13,62.64183807373047,59.66573715209961,61.188232421875,61.0,59.53990173339844,59.304298400878906,62.12889862060547,61.00819778442383,63.0,63.0,64.0078125,65.0076904296875,65.0691909790039,64.1248779296875,67.11929321289062,67.26811981201172,67.26811981201172,67.26811981201172,68.35934448242188,67.47592163085938,67.26811981201172,69.46221923828125,68.26419067382812,68.35934448242188,69.2603759765625,69.2603759765625,68.35934448242188,68.26419067382812,66.18912506103516,67.26811981201172,66.12110137939453,65.12296295166016,66.12110137939453,64.03124237060547,64.03124237060547,63.0,62.0,61.032779693603516,60.13318634033203,57.07889175415039,58.215118408203125,57.314918518066406,55.44366455078125,54.58937454223633,52.95280838012695,51.788028717041016,51.41984176635742,50.28916549682617,50.32891845703125,48.84669876098633,47.85394287109375,46.647613525390625
0,-43,-96,19,20,71.0633544921875,69.18092346191406,68.73136138916016,69.87130737304688,68.44705963134766,68.65857696533203,69.12307739257812,70.21395874023438,69.92138671875,70.83784484863281,74.67261505126953,73.16419982910156,77.077880859375,74.84651184082031,77.077880859375,75.64390563964844,76.05918884277344,76.05918884277344,77.38862609863281,76.967529296875,77.38862609863281,77.38862609863281,76.05918884277344,77.82030487060547,78.29431915283203,78.29431915283203,79.2022705078125,76.967529296875,77.47257232666016,74.73285675048828,74.46475982666016,75.02666473388672,75.7693862915039,71.51223754882812,72.11102294921875,70.83784484863281,71.47027587890625,68.4105224609375,68.15423583984375,66.94026947021484,66.4906005859375,66.70832061767578,65.11528015136719,62.64982223510742,61.400325775146484,59.13543701171875,58.07753372192383,58.0,56.00892639160156,54.230987548828125,55.44366455078125,54.34151077270508
0,-43,-96,20,14,62.7694206237793,62.7694206237793,61.61168670654297,63.0079345703125,62.00806427001953,63.25345993041992,62.481998443603516,62.36986541748047,65.79513549804688,62.96824645996094,67.47592163085938,66.84310150146484,67.00746154785156,70.0,71.0633544921875,69.81404113769531,70.60453033447266,68.60028839111328,70.21395874023438,70.0,69.65629577636719,70.43436431884766,69.20259857177734,70.45565795898438,68.818603515625,71.02816009521484,70.0,69.065185546875,70.80254364013672,69.20259857177734,70.60453033447266,67.80117797851562,66.60330200195312,66.48307800292969,65.85590362548828,61.61980056762695,62.00806427001953,60.87692642211914,61.61980056762695,61.52235412597656,60.8276252746582,58.728187561035156,58.13776779174805,56.85068130493164,55.217750549316406,52.69725036621094,52.69725036621094,49.73931884765625,51.0,50.11985778808594,50.56678771972656,48.383880615234375
0,-43,-96,19,19,66.48307800292969,64.51356506347656,65.78753662109375,63.694583892822266,63.158531188964844,62.169124603271484,65.29930877685547,64.49806213378906,66.8879623413086,65.73431396484375,68.818603515625,70.0,70.0,69.81404113769531,71.21797180175781,71.84010314941406,70.43436431884766,71.21797180175781,71.70076751708984,71.84010314941406,72.00694274902344,72.62230682373047,71.0633544921875,73.59347534179688,73.0,71.70076751708984,72.4706802368164,72.4706802368164,71.0633544921875,72.4706802368164,70.43436431884766,70.60453033447266,70.0,68.24221801757812,68.00735473632812,66.85057830810547,66.61080932617188,64.07027435302734,63.812225341796875,62.433963775634766,61.91122817993164,60.0333251953125,58.5918083190918,55.90169906616211,55.94640350341797,53.851646423339844,54.7813835144043,54.4058837890625,51.6623649597168,50.447994232177734,51.97114562988281,49.25444030761719
0,-43,-96,20,14,65.4904556274414,64.49806213378906,62.96824645996094,64.32728576660156,62.09669876098633,59.203041076660156,61.98386764526367,63.5688591003418,64.25729370117188,64.62197875976562,67.62396240234375,67.11929321289062,68.44705963134766,70.21395874023438,70.66116333007812,70.23532104492188,70.32780456542969,70.23532104492188,69.35416412353516,70.71067810058594,70.23532104492188,72.06941223144531,69.83551788330078,69.97142028808594,70.8307876586914,70.8307876586914,70.8307876586914,71.69379425048828,69.83551788330078,68.96376037597656,68.0,68.0,68.42514038085938,67.11929321289062,65.79513549804688,64.88451385498047,62.64982223510742,63.694583892822266,62.3939094543457,61.032779693603516,59.46427536010742,59.13543701171875,58.52349853515625,56.04462432861328,54.5710563659668,52.95280838012695,52.611785888671875,53.600372314453125,53.33854293823242,52.009613037109375,49.0,48.166378021240234
0,-43,-96,20,13,60.083274841308594,60.16643524169922,62.2414665222168,59.09314727783203,59.93329620361328,58.18075180053711,60.20797348022461,60.20797348022461,61.61168670654297,62.42595672607422,63.60031509399414,64.03124237060547,66.06814575195312,66.06814575195312,66.84310150146484,68.01470184326172,66.52819061279297,68.01470184326172,67.26811981201172,67.26811981201172,68.01470184326172,67.94115447998047,66.52819061279297,67.17886352539062,69.35416412353516,67.20863342285156,68.680419921875,67.26811981201172,67.26811981201172,66.52819061279297,63.89052963256836,65.29930877685547,65.29930877685547,63.411354064941406,64.03124237060547,62.00806427001953,61.22091293334961,60.464866638183594,58.24946212768555,58.52349853515625,57.688819885253906,56.30275344848633,54.20331954956055,51.4781494140625,52.35456085205078,51.4781494140625,50.695167541503906,50.695167541503906,50.28916549682617,50.695167541503906,45.89117431640625,46.27094268798828
0,-43,-96,20,13,58.4208869934082,58.85575485229492,59.228370666503906,59.228370666503906,57.723480224609375,56.920997619628906,57.245086669921875,57.93962478637695,59.61543273925781,60.008331298828125,62.60990524291992,62.17716598510742,64.88451385498047,63.631752014160156,64.0078125,64.49806213378906,65.51335906982422,65.0,66.0378646850586,65.19202423095703,66.37017059326172,66.0378646850586,65.51335906982422,66.2872543334961,65.73431396484375,65.19202423095703,68.50547790527344,64.66065216064453,66.0378646850586,65.19202423095703,64.49806213378906,63.631752014160156,65.0,61.773780822753906,61.29437255859375,61.773780822753906,59.4810905456543,58.13776779174805,57.27128601074219,57.697486877441406,55.54277801513672,55.154327392578125,54.424259185791016,53.141319274902344,50.28916549682617,49.72926712036133,49.47726821899414,49.030601501464844,47.67599105834961,47.381431579589844,45.0444221496582,45.0
0,-43,-96,20,13,61.188232421875,60.8276252746582,58.694122314453125,59.304298400878906,59.07622146606445,59.0,61.00819778442383,61.00819778442383,63.0,61.29437255859375,64.62971496582031,64.93843078613281,65.92420196533203,65.11528015136719,67.08203887939453,66.0984115600586,68.24954223632812,66.0984115600586,68.24954223632812,68.06614685058594,67.08203887939453,68.06614685058594,66.4906005859375,68.680419921875,69.37578582763672,68.15423583984375,67.91170501708984,67.08203887939453,68.44705963134766,65.96968841552734,65.11528015136719,65.92420196533203,64.93843078613281,64.93843078613281,64.49806213378906,61.66035842895508,62.801273345947266,59.41380310058594,59.41380310058594,58.30952072143555,58.03447341918945,58.03447341918945,54.00925827026367,54.0,55.009090423583984,51.15662384033203,52.239830017089844,50.48762130737305,47.51841735839844,48.66210174560547,47.53945541381836,45.880279541015625
0,-43,-96,20,13,62.169124603271484,61.188232421875,60.29925537109375,59.304298400878906,62.12889862060547,60.008331298828125,62.0,61.032779693603516,64.1248779296875,64.28063201904297,64.07027435302734,66.12110137939453,65.37583923339844,65.37583923339844,68.4689712524414,68.88395690917969,66.91038513183594,69.87130737304688,68.06614685058594,68.06614685058594,67.89698028564453,67.08203887939453,69.87130737304688,68.88395690917969,68.88395690917969,66.91038513183594,67.89698028564453,68.73136138916016,66.75328063964844,68.59300231933594,65.27633666992188,65.6201171875,65.27633666992188,64.28063201904297,64.28063201904297,64.19501495361328,63.071388244628906,61.0,59.0,58.0,58.0,56.035701751708984,58.13776779174805,54.147945404052734,54.33230972290039,52.46903991699219,51.62363815307617,50.21951675415039,52.201534271240234,48.46648406982422,47.92702865600586,46.52956008911133
0,-43,-96,20,13,63.071388244628906,64.0078125,64.0078125,62.032249450683594,60.20797348022461,60.406951904296875,62.64982223510742,63.150611877441406,63.348243713378906,64.53681182861328,66.7607650756836,67.72000885009766,68.96376037597656,68.680419921875,68.3081283569336,68.70953369140625,68.70953369140625,68.94925689697266,71.51223754882812,69.6419448852539,68.70953369140625,70.57620239257812,68.70953369140625,72.09021759033203,70.38465881347656,70.93659210205078,70.93659210205078,68.70953369140625,69.6419448852539,68.70953369140625,68.00735473632812,68.3520278930664,66.40782928466797,66.40782928466797,67.05221557617188,64.8459701538086,62.361846923828125,61.13100814819336,60.63827133178711,60.41522979736328,59.228370666503906,59.03388977050781,58.85575485229492,56.4358024597168,55.3263053894043,55.081756591796875,53.037723541259766,51.0,51.009803771972656,50.2493782043457,48.3735466003418,48.05205535888672
0,-43,-96,20,13,60.835845947265625,59.9416389465332,61.057350158691406,57.982757568359375,61.29437255859375,59.40538787841797,60.4400520324707,58.898216247558594,60.20797348022461,62.2414665222168,64.38167572021484,63.639610290527344,65.0691909790039,65.05382537841797,65.0691909790039,68.01470184326172,66.60330200195312,67.26811981201172,66.60330200195312,68.7677230834961,68.01470184326172,68.11754608154297,68.01470184326172,68.11754608154297,68.11754608154297,66.70832061767578,66.70832061767578,68.01470184326172,66.06814575195312,67.26811981201172,66.52819061279297,67.26811981201172,65.11528015136719,64.35060119628906,63.639610290527344,62.93647766113281,61.61980056762695,59.54829788208008,58.898216247558594,56.7274169921875,58.2580451965332,54.81787872314453,56.035701751708984,53.823787689208984,54.08327102661133,51.62363815307617,51.4781494140625,50.537113189697266,50.08992004394531,47.75981521606445,46.57252502441406,46.097721099853516
0,-43,-96,20,13,60.20797348022461,61.0,59.41380310058594,59.304298400878906,58.07753372192383,60.008331298828125,61.00819778442383,59.07622146606445,62.20128631591797,62.20128631591797,64.28063201904297,66.48307800292969,66.48307800292969,66.48307800292969,66.91038513183594,68.06614685058594,69.05070495605469,66.0984115600586,68.44705963134766,70.21395874023438,68.06614685058594,68.06614685058594,67.08203887939453,68.44705963134766,70.21395874023438,68.44705963134766,68.44705963134766,67.08203887939453,68.88395690917969,64.93843078613281,67.89698028564453,68.88395690917969,67.74215698242188,64.38167572021484,64.49806213378906,62.28964614868164,63.12685775756836,60.20797348022461,60.074954986572266,59.00847244262695,57.0,58.0,57.07889175415039,56.035701751708984,53.15073013305664,51.35172653198242,51.62363815307617,50.80354309082031,48.50773239135742,49.04079818725586,48.10405349731445,46.097721099853516
0,-43,-96,20,13,61.073726654052734,61.0,58.0,60.0333251953125,59.13543701171875,58.30952072143555,58.54912567138672,59.228370666503906,60.20797348022461,61.13100814819336,62.93647766113281,63.89052963256836,63.89052963256836,65.14598846435547,66.0984115600586,65.45991516113281,66.128662109375,66.73080444335938,68.70953369140625,68.70953369140625,66.73080444335938,67.06713104248047,66.48307800292969,67.62396240234375,67.779052734375,68.15423583984375,68.70953369140625,66.128662109375,68.3520278930664,65.19202423095703,65.45991516113281,65.45991516113281,64.19501495361328,61.98386764526367,62.64183807373047,60.728904724121094,61.98386764526367,59.90826416015625,59.90826416015625,58.694122314453125,55.90169906616211,54.7448616027832,55.578773498535156,52.345008850097656,52.345008850097656,51.03919982910156,51.009803771972656,51.009803771972656,50.0099983215332,48.25971221923828,46.389652252197266,46.097721099853516
0,-43,-96,20,13,62.585941314697266,63.348243713378906,62.64982223510742,61.66035842895508,61.29437255859375,60.20797348022461,61.0,64.0,63.03173828125,63.12685775756836,64.28063201904297,67.47592163085938,67.60177612304688,68.59300231933594,69.46221923828125,67.60177612304688,69.72087097167969,67.89698028564453,70.03570556640625,70.85901641845703,69.87130737304688,71.02112579345703,69.05070495605469,70.8307876586914,70.40596771240234,70.40596771240234,70.21395874023438,69.05070495605469,70.03570556640625,68.06614685058594,68.73136138916016,65.76473236083984,68.59300231933594,65.27633666992188,65.27633666992188,64.28063201904297,64.28063201904297,62.20128631591797,62.07253646850586,60.074954986572266,58.00862121582031,58.0,58.0,55.03635025024414,54.147945404052734,52.345008850097656,51.4781494140625,52.95280838012695,51.195701599121094,50.695167541503906,47.75981521606445,48.84669876098633
0,-43,-96,20,13,62.96824645996094,63.60031509399414,60.4400520324707,63.12685775756836,58.79625701904297,62.93647766113281,62.22539520263672,62.28964614868164,63.12685775756836,62.00806427001953,65.0,65.21502685546875,66.61080932617188,66.0302963256836,69.065185546875,67.67569732666016,70.45565795898438,66.0302963256836,69.3397445678711,69.065185546875,68.818603515625,68.24221801757812,66.2872543334961,69.1158447265625,68.79679870605469,69.3397445678711,69.89277648925781,67.67569732666016,70.45565795898438,67.11929321289062,67.20118713378906,66.21932983398438,65.6048812866211,64.81512451171875,65.4369888305664,61.84658432006836,63.25345993041992,61.61980056762695,61.55485534667969,61.55485534667969,57.28001403808594,59.41380310058594,55.90169906616211,56.22277069091797,54.20331954956055,52.430908203125,52.430908203125,52.47856521606445,49.648765563964844,50.537113189697266,47.92702865600586,47.75981521606445
0,-43,-96,20,13,62.265560150146484,61.29437255859375,63.071388244628906,61.32699203491211,60.926185607910156,60.406951904296875,61.400325775146484,62.361846923828125,63.348243713378906,64.13267517089844,65.51335906982422,67.08203887939453,67.89698028564453,67.74215698242188,68.73136138916016,70.34912872314453,69.2603759765625,70.34912872314453,69.18092346191406,71.25306701660156,70.25667572021484,71.11258697509766,70.25667572021484,71.02816009521484,71.17584228515625,68.18357849121094,71.11258697509766,71.25306701660156,68.26419067382812,71.11258697509766,68.26419067382812,65.27633666992188,67.26811981201172,64.38167572021484,65.37583923339844,64.49806213378906,64.93843078613281,61.188232421875,61.188232421875,59.228370666503906,59.228370666503906,57.48912811279297,57.9741325378418,55.081756591796875,53.45091247558594,52.81098556518555,53.851646423339844,55.154327392578125,50.537113189697266,49.73931884765625,49.09175109863281,47.01063537597656
0,-43,-96,20,13,64.28063201904297,61.20457458496094,63.0079345703125,62.0,60.0333251953125,61.073726654052734,61.29437255859375,61.52235412597656,63.78871536254883,64.13267517089844,65.11528015136719,66.2872543334961,67.46851348876953,66.21932983398438,67.18630981445312,70.60453033447266,68.680419921875,69.37578582763672,68.00735473632812,68.00735473632812,69.6419448852539,68.96376037597656,69.6419448852539,69.57010650634766,70.21395874023438,69.92138671875,69.92138671875,68.00735473632812,66.7607650756836,68.680419921875,66.21932983398438,66.21932983398438,65.96968841552734,65.30696868896484,65.11528015136719,65.30696868896484,63.150611877441406,61.814239501953125,60.406951904296875,58.30952072143555,59.304298400878906,57.21887969970703,58.03447341918945,55.03635025024414,54.0,52.0,52.038448333740234,51.35172653198242,51.4781494140625,48.83646011352539,49.47726821899414,46.81879806518555
0,-43,-96,20,13,63.28506851196289,64.77654266357422,63.150611877441406,64.53681182861328,59.90826416015625,61.032779693603516,62.297672271728516,62.3939094543457,63.158531188964844,64.88451385498047,66.21178436279297,67.5425796508789,68.42514038085938,68.88395690917969,69.77105712890625,67.60177612304688,71.34423828125,67.11929321289062,71.34423828125,69.1158447265625,69.46221923828125,69.6419448852539,68.09552001953125,68.79679870605469,70.8307876586914,70.32780456542969,71.34423828125,69.46221923828125,70.8307876586914,68.09552001953125,68.0,67.60177612304688,67.5351791381836,66.18912506103516,66.64083099365234,63.976558685302734,63.976558685302734,62.2414665222168,63.158531188964844,61.09828186035156,59.13543701171875,60.406951904296875,56.920997619628906,55.081756591796875,52.39274597167969,52.95280838012695,53.600372314453125,52.345008850097656,51.244510650634766,51.009803771972656,50.0,50.15974426269531
0,-43,-96,20,13,63.12685775756836,63.411354064941406,61.29437255859375,63.24555206298828,59.6824951171875,62.17716598510742,60.8276252746582,62.2414665222168,62.2414665222168,62.3939094543457,66.128662109375,66.73080444335938,67.67569732666016,67.35725402832031,69.2603759765625,68.680419921875,70.21395874023438,66.7607650756836,71.30918884277344,71.84010314941406,70.51950073242188,70.60453033447266,67.72000885009766,72.03471374511719,71.30918884277344,70.60453033447266,71.30918884277344,68.680419921875,71.30918884277344,66.48307800292969,68.680419921875,67.35725402832031,67.35725402832031,66.40782928466797,64.19501495361328,61.6846809387207,62.96824645996094,62.3939094543457,62.2414665222168,62.2414665222168,57.27128601074219,59.4810905456543,55.009090423583984,56.82429122924805,55.56977462768555,51.865211486816406,53.00943374633789,50.6063232421875,49.67897033691406,49.57822036743164,48.08325958251953,49.67897033691406
0,-43,-96,21,10,62.17716598510742,63.976558685302734,64.62197875976562,63.694583892822266,62.62587356567383,61.400325775146484,64.03124237060547,63.56099319458008,63.95310592651367,65.76473236083984,66.61080932617188,67.60177612304688,69.46221923828125,68.35934448242188,69.46221923828125,71.11258697509766,72.06246948242188,69.18092346191406,73.06161499023438,73.06161499023438,72.11102294921875,73.00685119628906,69.00724792480469,73.00685119628906,73.06161499023438,72.02777099609375,72.02777099609375,72.02777099609375,72.11102294921875,71.00704193115234,72.24956512451172,69.18092346191406,67.18630981445312,67.26811981201172,65.19202423095703,65.37583923339844,65.6201171875,64.62971496582031,61.814239501953125,61.814239501953125,61.0,58.46366500854492,58.46366500854492,56.75385284423828,55.36244201660156,54.08327102661133,52.55473327636719,52.92447280883789,50.08992004394531,51.0,49.39635467529297,48.60041046142578
0,-43,-96,20,14,65.4904556274414,64.49806213378906,62.36986541748047,64.53681182861328,63.06346130371094,64.19501495361328,62.93647766113281,63.90618133544922,65.0,64.88451385498047,67.97793579101562,69.77105712890625,70.23532104492188,70.32780456542969,70.23532104492188,72.06941223144531,70.8307876586914,69.97142028808594,72.40165710449219,73.06161499023438,71.69379425048828,71.69379425048828,71.02112579345703,73.49829864501953,72.94518280029297,73.7834701538086,71.56116485595703,71.34423828125,72.40165710449219,71.02112579345703,68.60028839111328,68.96376037597656,70.66116333007812,68.0,68.0,65.76473236083984,64.88451385498047,64.8459701538086,63.95310592651367,63.158531188964844,60.008331298828125,60.539241790771484,59.80802536010742,56.920997619628906,58.52349853515625,54.5710563659668,55.31726837158203,53.75872039794922,52.611785888671875,51.4781494140625,49.162994384765625,49.0
0,-43,-96,20,13,61.814239501953125,61.188232421875,60.87692642211914,61.400325775146484,61.032779693603516,61.09828186035156,61.84658432006836,62.2414665222168,63.071388244628906,62.60990524291992,65.86349487304688,64.14047241210938,67.74215698242188,68.26419067382812,68.79679870605469,67.67569732666016,68.818603515625,67.67569732666016,69.63475799560547,68.818603515625,68.50547790527344,69.89277648925781,68.818603515625,70.0,69.20259857177734,68.818603515625,69.40460968017578,69.40460968017578,68.60028839111328,66.61080932617188,66.0302963256836,68.50547790527344,66.0378646850586,64.14047241210938,65.19202423095703,61.91122817993164,62.433963775634766,61.400325775146484,60.90156173706055,58.5918083190918,57.706153869628906,57.245086669921875,56.36488342285156,54.12947463989258,53.851646423339844,51.865211486816406,52.201534271240234,50.96076965332031,51.195701599121094,49.648765563964844,47.381431579589844,47.01063537597656
0,-43,-96,20,13,61.91122817993164,62.68173599243164,61.400325775146484,62.801273345947266,59.66573715209961,62.36986541748047,61.52235412597656,60.8276252746582,61.55485534667969,63.25345993041992,64.66065216064453,65.6048812866211,67.80117797851562,67.20118713378906,69.40460968017578,69.40460968017578,67.67569732666016,66.85057830810547,70.45565795898438,69.89277648925781,69.065185546875,69.89277648925781,68.50547790527344,69.6419448852539,70.1783447265625,69.6419448852539,69.3397445678711,68.50547790527344,69.3397445678711,66.85057830810547,68.00735473632812,65.21502685546875,66.61080932617188,64.20280456542969,65.4369888305664,63.411354064941406,63.25345993041992,63.78087615966797,60.20797348022461,61.55485534667969,58.0,59.396968841552734,55.865909576416016,57.384666442871094,53.90732955932617,52.009613037109375,53.600372314453125,51.865211486816406,50.2493782043457,49.24428939819336,49.658836364746094,49.39635467529297
0,-43,-96,20,13,62.62587356567383,61.032779693603516,61.13100814819336,59.66573715209961,60.01666259765625,59.6824951171875,60.29925537109375,61.20457458496094,62.07253646850586,63.0079345703125,65.0,66.0,67.0,67.0,69.00724792480469,68.06614685058594,70.11418914794922,68.06614685058594,69.18092346191406,69.1158447265625,69.065185546875,70.25667572021484,69.1158447265625,70.25667572021484,69.18092346191406,70.11418914794922,68.18357849121094,69.02897644042969,69.1158447265625,70.1783447265625,67.0,66.00757598876953,66.00757598876953,64.0,66.00757598876953,64.0,64.03124237060547,62.12889862060547,60.20797348022461,59.304298400878906,58.30952072143555,58.30952072143555,57.55866622924805,53.75872039794922,54.12947463989258,52.39274597167969,52.88667297363281,50.59644317626953,51.62363815307617,49.24428939819336,48.764739990234375,46.647613525390625
0,-43,-96,21,9,62.032249450683594,58.13776779174805,58.4208869934082,58.4208869934082,56.88584899902344,55.10898208618164,59.228370666503906,58.46366500854492,60.083274841308594,61.35144805908203,61.6846809387207,62.032249450683594,63.158531188964844,64.07807922363281,64.07807922363281,64.47480010986328,63.976558685302734,63.976558685302734,64.8459701538086,64.40496826171875,65.0,66.21178436279297,64.40496826171875,65.76473236083984,66.18912506103516,65.30696868896484,67.11929321289062,67.08203887939453,63.976558685302734,65.30696868896484,62.2414665222168,64.07807922363281,62.7694206237793,61.6846809387207,61.6846809387207,61.46543884277344,59.80802536010742,57.245086669921875,57.567352294921875,55.36244201660156,55.081756591796875,52.63079071044922,54.34151077270508,52.17279052734375,51.788028717041016,50.35871505737305,50.15974426269531,50.03998565673828,48.0,48.0,47.04253387451172,46.52956008911133
0,-43,-96,20,14,64.62197875976562,62.2414665222168,63.50590515136719,63.50590515136719,61.91122817993164,61.91122817993164,62.42595672607422,64.20280456542969,64.20280456542969,65.19202423095703,66.52819061279297,67.89698028564453,70.00714111328125,69.29646301269531,69.29646301269531,71.44927978515625,70.72481536865234,70.72481536865234,70.76722717285156,72.18032836914062,71.44927978515625,72.18032836914062,70.76722717285156,72.4706802368164,71.0633544921875,72.24956512451172,71.50524139404297,71.50524139404297,70.76722717285156,70.0927963256836,67.89698028564453,70.00714111328125,69.29646301269531,66.4680404663086,66.48307800292969,66.4680404663086,65.76473236083984,63.78087615966797,63.12685775756836,61.717098236083984,61.22091293334961,60.4400520324707,59.81638717651367,56.61272048950195,56.30275344848633,54.37830352783203,54.20331954956055,52.77309799194336,53.22593307495117,50.695167541503906,49.648765563964844,49.47726821899414
0,-43,-96,20,14,65.30696868896484,62.64982223510742,63.50590515136719,61.400325775146484,62.12889862060547,62.00806427001953,62.00806427001953,63.071388244628906,63.19810104370117,64.28063201904297,65.4904556274414,66.75328063964844,67.89698028564453,68.06614685058594,70.21395874023438,69.85699462890625,68.88395690917969,69.85699462890625,70.0927963256836,72.03471374511719,69.63475799560547,71.80529022216797,68.88395690917969,69.6419448852539,71.30918884277344,69.85699462890625,70.3420181274414,69.85699462890625,71.0633544921875,71.30918884277344,67.91170501708984,69.85699462890625,68.44705963134766,66.0984115600586,66.2872543334961,65.76473236083984,64.49806213378906,64.49806213378906,63.50590515136719,61.400325775146484,59.304298400878906,58.13776779174805,58.03447341918945,57.00876998901367,56.0,54.037025451660156,53.15073013305664,53.33854293823242,52.611785888671875,49.648765563964844,49.72926712036133,46.81879806518555
0,-43,-96,20,14,66.00757598876953,65.19202423095703,64.38167572021484,65.4904556274414,61.814239501953125,61.61168670654297,62.817195892333984,64.28841400146484,66.0984115600586,65.45991516113281,66.85057830810547,68.54196166992188,70.7742919921875,71.17584228515625,71.69379425048828,69.7782211303711,71.5541763305664,71.11258697509766,71.5541763305664,71.5541763305664,72.44998168945312,72.44998168945312,69.31810760498047,73.43023681640625,72.06941223144531,72.4706802368164,73.82411193847656,71.5541763305664,72.00694274902344,69.77105712890625,69.77105712890625,70.68238830566406,68.94200134277344,68.94200134277344,67.23094177246094,64.47480010986328,65.79513549804688,62.7694206237793,64.25729370117188,62.96824645996094,59.46427536010742,59.77457809448242,59.203041076660156,55.785301208496094,55.31726837158203,54.7448616027832,54.58937454223633,54.230987548828125,53.23532485961914,53.15073013305664,50.0,49.25444030761719
0,-43,-96,20,14,63.50590515136719,61.814239501953125,62.585941314697266,62.817195892333984,60.16643524169922,61.032779693603516,61.09828186035156,60.926185607910156,63.158531188964844,63.95310592651367,65.76473236083984,67.11929321289062,68.47627258300781,68.96376037597656,68.47627258300781,67.74215698242188,69.6419448852539,68.09552001953125,71.34423828125,71.02112579345703,71.34423828125,70.49113464355469,68.26419067382812,71.56116485595703,70.49113464355469,71.02112579345703,69.6419448852539,69.97142028808594,69.97142028808594,68.60028839111328,68.47627258300781,69.35416412353516,68.0,67.08203887939453,64.8459701538086,64.40496826171875,63.56099319458008,62.7694206237793,62.032249450683594,61.09828186035156,58.18934631347656,58.8217658996582,57.28001403808594,56.32051086425781,55.785301208496094,53.15073013305664,52.611785888671875,53.600372314453125,50.08992004394531,52.0,49.01020431518555,48.25971221923828
0,-43,-96,21,10,64.81512451171875,63.89052963256836,61.55485534667969,63.65532302856445,62.28964614868164,62.481998443603516,63.25345993041992,62.801273345947266,65.802734375,65.19202423095703,67.41661834716797,69.1158447265625,69.83551788330078,69.83551788330078,70.32780456542969,70.71067810058594,72.00694274902344,71.11962127685547,71.5541763305664,71.58910369873047,70.71067810058594,72.89718627929688,70.66116333007812,71.5541763305664,72.44998168945312,72.89718627929688,72.89718627929688,72.4706802368164,70.23532104492188,69.35416412353516,69.35416412353516,69.97142028808594,68.26419067382812,67.41661834716797,66.8879623413086,66.5732650756836,65.45991516113281,63.0079345703125,63.411354064941406,62.00806427001953,61.073726654052734,60.30754470825195,58.051700592041016,58.0,55.865909576416016,53.75872039794922,55.226806640625,54.037025451660156,53.600372314453125,50.477718353271484,48.87739944458008,47.423622131347656
0,-43,-96,20,12,60.20797348022461,56.88584899902344,60.67124557495117,57.314918518066406,59.07622146606445,57.0,59.0,59.03388977050781,59.07622146606445,62.20128631591797,63.3876953125,63.50590515136719,64.77654266357422,63.78871536254883,65.76473236083984,68.24954223632812,64.32728576660156,66.0984115600586,65.73431396484375,66.4906005859375,65.92420196533203,66.4906005859375,66.2872543334961,67.91170501708984,66.70832061767578,65.51335906982422,67.46851348876953,68.44705963134766,64.32728576660156,66.4906005859375,63.95310592651367,63.95310592651367,63.78871536254883,62.64982223510742,63.639610290527344,63.3876953125,61.29437255859375,58.215118408203125,58.13776779174805,58.03447341918945,59.03388977050781,53.037723541259766,55.0,53.037723541259766,52.15361785888672,51.244510650634766,49.36598205566406,50.48762130737305,49.030601501464844,46.840152740478516,48.383880615234375,45.31004333496094
0,-43,-96,20,13,64.1248779296875,61.29437255859375,62.801273345947266,60.20797348022461,62.585941314697266,59.90826416015625,61.6846809387207,61.35144805908203,62.7694206237793,64.62197875976562,65.0,65.0,68.44705963134766,67.5425796508789,67.5425796508789,68.88395690917969,68.96376037597656,68.0,67.23094177246094,69.46221923828125,67.11929321289062,69.97142028808594,68.0,69.83551788330078,68.47627258300781,68.96376037597656,69.46221923828125,68.09552001953125,67.60177612304688,67.60177612304688,67.11929321289062,68.0,66.64833068847656,63.976558685302734,65.30696868896484,63.158531188964844,63.158531188964844,62.3939094543457,60.16643524169922,59.13543701171875,59.13543701171875,58.18934631347656,57.87054443359375,56.04462432861328,54.34151077270508,53.36665725708008,51.4781494140625,52.46903991699219,50.15974426269531,50.0099983215332,49.01020431518555,47.26520919799805
0,-43,-96,20,14,65.3681869506836,60.20797348022461,63.82006072998047,60.216278076171875,62.62587356567383,60.95900344848633,61.717098236083984,62.2414665222168,64.35060119628906,65.11528015136719,65.85590362548828,67.35725402832031,67.47592163085938,67.80117797851562,66.70832061767578,71.28113555908203,68.818603515625,69.63475799560547,69.63475799560547,70.80254364013672,70.60453033447266,69.63475799560547,70.21395874023438,70.72481536865234,70.72481536865234,70.45565795898438,69.63475799560547,70.45565795898438,67.67569732666016,70.45565795898438,68.00735473632812,69.20259857177734,68.24954223632812,66.70832061767578,65.29930877685547,66.06814575195312,63.89052963256836,62.36986541748047,62.28964614868164,60.10823440551758,58.728187561035156,56.56854248046875,59.41380310058594,54.5618896484375,54.037025451660156,53.600372314453125,53.25410842895508,53.5350341796875,50.6063232421875,51.0,48.754486083984375,48.703182220458984
0,-43,-96,21,9,62.032249450683594,62.07253646850586,61.29437255859375,61.66035842895508,62.169124603271484,60.20797348022461,60.87692642211914,61.6846809387207,61.98386764526367,62.62587356567383,63.90618133544922,66.85057830810547,67.779052734375,66.30987548828125,67.23094177246094,69.46221923828125,70.26378631591797,69.35416412353516,68.87670135498047,70.21395874023438,68.94200134277344,71.5541763305664,69.35416412353516,68.0,69.31810760498047,69.31810760498047,71.5541763305664,68.44705963134766,69.7782211303711,68.44705963134766,67.23094177246094,68.15423583984375,66.85057830810547,63.694583892822266,65.19202423095703,65.19202423095703,62.62587356567383,61.98386764526367,60.728904724121094,60.4400520324707,60.16643524169922,56.75385284423828,57.070133209228516,54.918121337890625,54.7448616027832,53.33854293823242,52.239830017089844,53.037723541259766,51.0,51.009803771972656,50.15974426269531,47.85394287109375
0,-43,-96,21,10,64.76110076904297,62.96824645996094,63.78871536254883,62.513999938964844,62.28964614868164,62.00806427001953,63.0,64.0078125,65.0691909790039,66.27216339111328,66.27216339111328,66.48307800292969,70.34912872314453,69.46221923828125,70.45565795898438,70.71067810058594,70.03570556640625,70.71067810058594,69.23149871826172,72.00694274902344,71.02112579345703,73.82411193847656,71.02112579345703,71.38627624511719,72.18032836914062,72.00694274902344,72.99314880371094,70.71067810058594,70.71067810058594,69.58448028564453,67.47592163085938,69.46221923828125,70.45565795898438,67.36467742919922,67.36467742919922,65.0691909790039,65.0691909790039,65.0076904296875,65.0,63.0,61.0,59.00847244262695,59.13543701171875,57.14017868041992,55.3263053894043,54.918121337890625,54.7448616027832,54.34151077270508,52.49761962890625,52.201534271240234,48.84669876098633,49.648765563964844
0,-43,-96,20,13,63.0,60.074954986572266,61.29437255859375,60.406951904296875,60.8276252746582,58.46366500854492,59.203041076660156,60.083274841308594,61.35144805908203,63.324562072753906,62.7694206237793,65.0,65.92420196533203,65.79513549804688,66.30987548828125,67.97793579101562,66.64833068847656,69.31810760498047,67.5351791381836,68.0,68.42514038085938,68.88395690917969,68.47627258300781,66.73080444335938,69.35416412353516,67.60177612304688,68.96376037597656,70.23532104492188,67.11929321289062,68.0,65.76473236083984,66.18912506103516,65.29930877685547,64.8459701538086,64.40496826171875,63.071388244628906,62.64982223510742,60.008331298828125,61.46543884277344,57.584720611572266,58.52349853515625,56.920997619628906,57.567352294921875,53.45091247558594,52.63079071044922,51.41984176635742,51.97114562988281,51.62363815307617,51.35172653198242,49.09175109863281,47.01063537597656,46.097721099853516
0,-43,-96,21,9,62.96824645996094,59.80802536010742,62.2414665222168,61.741397857666016,59.9416389465332,60.539241790771484,61.587337493896484,61.29437255859375,63.0079345703125,62.801273345947266,64.81512451171875,65.94694519042969,67.47592163085938,68.01470184326172,68.01470184326172,69.35416412353516,68.62215423583984,68.7677230834961,69.35416412353516,70.03570556640625,68.680419921875,69.3108901977539,69.35416412353516,71.4212875366211,70.03570556640625,70.00714111328125,71.44927978515625,70.03570556640625,68.01470184326172,69.35416412353516,67.35725402832031,65.94694519042969,67.47592163085938,66.06814575195312,65.4369888305664,64.03124237060547,63.60031509399414,62.42595672607422,61.032779693603516,59.36328887939453,58.52349853515625,57.982757568359375,58.66856002807617,53.712196350097656,54.120235443115234,54.625999450683594,52.0,52.201534271240234,52.49761962890625,50.447994232177734,49.24428939819336,47.381431579589844
0,-43,-96,20,13,61.0,60.41522979736328,61.13100814819336,60.728904724121094,59.13543701171875,57.93962478637695,60.008331298828125,60.008331298828125,62.60990524291992,61.29437255859375,64.49806213378906,64.49806213378906,65.86349487304688,67.74215698242188,67.23094177246094,69.3397445678711,67.11929321289062,67.67569732666016,67.67569732666016,67.95587158203125,68.79679870605469,68.50547790527344,67.95587158203125,69.63475799560547,68.50547790527344,67.67569732666016,69.3397445678711,68.79679870605469,68.79679870605469,68.50547790527344,65.86349487304688,66.73080444335938,66.24198150634766,64.41273498535156,63.06346130371094,64.40496826171875,62.60990524291992,60.41522979736328,60.008331298828125,59.09314727783203,57.93962478637695,56.64803695678711,57.245086669921875,52.88667297363281,53.600372314453125,52.17279052734375,51.788028717041016,51.4781494140625,51.088157653808594,49.04079818725586,48.0,47.16990661621094
0,-43,-96,20,14,63.60031509399414,63.78871536254883,64.13267517089844,62.801273345947266,62.513999938964844,62.3939094543457,64.28063201904297,62.032249450683594,65.0076904296875,65.03076171875,66.12110137939453,68.11754608154297,69.35416412353516,67.47592163085938,71.25306701660156,70.45565795898438,71.44927978515625,71.44927978515625,70.71067810058594,71.44927978515625,70.45565795898438,72.56031799316406,69.72087097167969,72.99314880371094,72.99314880371094,71.84706115722656,72.83543395996094,71.70076751708984,70.57620239257812,71.70076751708984,69.46221923828125,69.18092346191406,68.26419067382812,67.18630981445312,67.06713104248047,65.0691909790039,65.12296295166016,64.07027435302734,63.0079345703125,62.0,61.0,60.008331298828125,58.07753372192383,58.215118408203125,56.4358024597168,54.58937454223633,55.90169906616211,52.63079071044922,51.92301940917969,51.54609680175781,49.97999572753906,50.08992004394531
0,-43,-96,21,9,64.0,58.07753372192383,63.28506851196289,59.304298400878906,59.6824951171875,58.24946212768555,59.43904495239258,59.90826416015625,62.361846923828125,61.98386764526367,63.90618133544922,65.92420196533203,65.92420196533203,66.70832061767578,67.23094177246094,68.02940368652344,68.44705963134766,67.5425796508789,67.5425796508789,70.21395874023438,69.85699462890625,70.68238830566406,68.87670135498047,68.47627258300781,68.47627258300781,69.77105712890625,70.66116333007812,69.77105712890625,67.5425796508789,68.42514038085938,67.11929321289062,66.30987548828125,66.85057830810547,64.62197875976562,65.92420196533203,63.694583892822266,64.07807922363281,61.35144805908203,61.032779693603516,59.77457809448242,59.4810905456543,57.567352294921875,57.723480224609375,54.34151077270508,53.75872039794922,52.46903991699219,52.239830017089844,51.03919982910156,49.01020431518555,50.0,48.010414123535156,47.381431579589844
0,-43,-96,21,10,66.0378646850586,62.96824645996094,65.21502685546875,60.80295944213867,63.12685775756836,60.20797348022461,61.55485534667969,60.81118392944336,64.38167572021484,65.85590362548828,65.94694519042969,65.29930877685547,68.4105224609375,68.60028839111328,67.62396240234375,72.80110168457031,68.818603515625,70.80254364013672,68.818603515625,71.02816009521484,71.40028381347656,70.80254364013672,70.21395874023438,70.45565795898438,70.80254364013672,70.21395874023438,71.40028381347656,72.20111083984375,70.0,70.80254364013672,67.62396240234375,69.65629577636719,68.680419921875,68.01470184326172,65.94694519042969,66.52819061279297,63.70243453979492,62.93647766113281,61.52235412597656,60.14149856567383,60.20797348022461,59.54829788208008,60.4400520324707,54.81787872314453,56.035701751708984,55.226806640625,53.851646423339844,52.77309799194336,54.5618896484375,52.39274597167969,49.648765563964844,48.50773239135742
0,-43,-96,21,9,63.03173828125,63.639610290527344,60.14149856567383,60.87692642211914,60.4400520324707,62.801273345947266,61.032779693603516,61.29437255859375,62.12889862060547,60.90156173706055,65.3681869506836,65.29930877685547,66.21178436279297,68.02940368652344,69.31810760498047,68.44705963134766,70.26378631591797,68.44705963134766,70.26378631591797,68.44705963134766,68.87670135498047,70.68238830566406,69.46221923828125,69.6419448852539,70.38465881347656,71.30918884277344,69.85699462890625,70.68238830566406,69.35416412353516,67.11929321289062,67.5351791381836,67.5351791381836,67.11929321289062,66.24198150634766,66.24198150634766,65.3681869506836,62.7694206237793,61.057350158691406,62.12889862060547,62.42595672607422,57.42821502685547,59.203041076660156,56.22277069091797,55.44366455078125,55.90169906616211,52.345008850097656,53.740116119384766,53.26349639892578,50.447994232177734,49.40647888183594,49.09175109863281,49.24428939819336
0,-43,-96,21,10,63.071388244628906,61.84658432006836,62.96824645996094,62.297672271728516,61.6846809387207,62.817195892333984,62.36986541748047,61.98386764526367,62.513999938964844,63.50590515136719,65.27633666992188,67.18630981445312,70.11418914794922,69.1158447265625,69.065185546875,70.028564453125,70.00714111328125,68.06614685058594,71.00704193115234,72.00694274902344,71.02816009521484,72.02777099609375,70.00714111328125,72.0,71.0,71.0,71.00704193115234,70.028564453125,72.06246948242188,67.00746154785156,70.1783447265625,69.18092346191406,69.2603759765625,68.35934448242188,65.37583923339844,64.38167572021484,64.62971496582031,61.66035842895508,62.96824645996094,62.36986541748047,58.694122314453125,59.66573715209961,58.94064712524414,56.32051086425781,54.4058837890625,53.851646423339844,53.3104133605957,52.801513671875,52.32590103149414,50.6063232421875,50.21951675415039,48.41487503051758
0,-43,-96,20,13,62.513999938964844,58.85575485229492,62.169124603271484,59.228370666503906,60.16643524169922,58.18934631347656,59.13543701171875,61.46543884277344,62.64982223510742,64.40496826171875,63.95310592651367,65.3681869506836,66.24198150634766,66.73080444335938,66.24198150634766,68.96376037597656,66.0378646850586,68.60028839111328,67.74215698242188,69.46221923828125,70.71067810058594,69.3397445678711,69.3397445678711,68.79679870605469,66.37017059326172,69.3397445678711,69.065185546875,72.71863555908203,67.23094177246094,68.79679870605469,63.631752014160156,67.11929321289062,68.47627258300781,66.24198150634766,62.265560150146484,65.29930877685547,59.9416389465332,59.93329620361328,59.50630187988281,60.41522979736328,61.46543884277344,55.36244201660156,57.87054443359375,53.16013717651367,54.120235443115234,52.39274597167969,51.788028717041016,51.788028717041016,50.35871505737305,50.03998565673828,47.0,46.097721099853516
0,-43,-96,21,9,62.42595672607422,58.600341796875,60.30754470825195,60.30754470825195,60.14149856567383,60.10823440551758,58.898216247558594,59.66573715209961,61.22091293334961,61.61168670654297,64.40496826171875,63.24555206298828,64.8999252319336,65.73431396484375,66.5732650756836,68.26419067382812,66.37017059326172,67.23094177246094,68.96376037597656,68.09552001953125,68.09552001953125,68.09552001953125,68.96376037597656,69.46221923828125,69.1158447265625,68.47627258300781,68.47627258300781,66.73080444335938,66.24198150634766,66.73080444335938,66.0378646850586,67.23094177246094,66.8879623413086,63.812225341796875,64.35060119628906,65.45991516113281,63.0079345703125,61.22091293334961,60.4400520324707,58.41232681274414,56.7274169921875,56.7274169921875,55.90169906616211,53.740116119384766,53.740116119384766,50.2493782043457,52.49761962890625,51.22499465942383,48.82622146606445,49.73931884765625,47.50789260864258,47.01063537597656
0,-43,-96,20,14,65.39112854003906,63.694583892822266,63.5688591003418,63.89052963256836,63.06346130371094,62.36986541748047,63.150611877441406,64.49806213378906,65.37583923339844,65.19202423095703,65.27633666992188,68.18357849121094,69.065185546875,69.00724792480469,70.0,72.00694274902344,73.00685119628906,71.0,72.02777099609375,72.00694274902344,73.0,73.02738952636719,71.0,72.11102294921875,72.02777099609375,73.00685119628906,73.10950469970703,72.0,72.02777099609375,72.02777099609375,69.0,69.0,71.00704193115234,68.02940368652344,68.00735473632812,66.0302963256836,65.0691909790039,64.38167572021484,63.3876953125,62.513999938964844,61.52235412597656,59.53990173339844,57.87054443359375,57.070133209228516,57.48912811279297,55.785301208496094,54.4058837890625,54.708316802978516,52.55473327636719,51.429561614990234,50.11985778808594,48.54894256591797
0,-43,-96,20,13,61.188232421875,61.66035842895508,61.29437255859375,60.13318634033203,60.008331298828125,58.0,60.008331298828125,60.29925537109375,62.28964614868164,63.50590515136719,64.77654266357422,66.0984115600586,66.0984115600586,65.51335906982422,66.2872543334961,69.12307739257812,67.18630981445312,67.6830825805664,68.4105224609375,70.3420181274414,67.18630981445312,67.72000885009766,67.44627380371094,68.96376037597656,68.4105224609375,69.6419448852539,69.6419448852539,68.680419921875,66.48307800292969,68.680419921875,65.73431396484375,65.96968841552734,66.94026947021484,65.30696868896484,64.13267517089844,63.150611877441406,65.11528015136719,61.814239501953125,60.67124557495117,58.4208869934082,58.30952072143555,56.22277069091797,58.215118408203125,56.035701751708984,56.00892639160156,52.0,51.03919982910156,51.15662384033203,51.4781494140625,49.81967544555664,47.53945541381836,47.12748718261719
0,-43,-96,21,9,59.90826416015625,59.40538787841797,58.2580451965332,59.03388977050781,56.63920974731445,57.28001403808594,59.46427536010742,58.898216247558594,58.2580451965332,59.03388977050781,62.00806427001953,62.20128631591797,64.40496826171875,63.82006072998047,65.45991516113281,64.66065216064453,65.0,63.28506851196289,66.8879623413086,66.37017059326172,66.5732650756836,65.0,63.28506851196289,66.37017059326172,66.8879623413086,66.73080444335938,66.73080444335938,63.631752014160156,67.23094177246094,63.631752014160156,65.73431396484375,63.812225341796875,62.42595672607422,61.85466766357422,61.85466766357422,60.216278076171875,60.216278076171875,58.2580451965332,58.2580451965332,58.2580451965332,55.973209381103516,56.85068130493164,54.488529205322266,53.037723541259766,51.62363815307617,49.67897033691406,50.447994232177734,49.04079818725586,47.70744323730469,48.02082824707031,46.06517028808594,44.777225494384766
0,-43,-96,21,10,64.35060119628906,63.03173828125,63.25345993041992,63.25345993041992,62.20128631591797,63.28506851196289,61.91122817993164,62.7694206237793,64.0078125,63.95310592651367,66.18912506103516,67.62396240234375,67.62396240234375,69.07966613769531,70.7742919921875,69.6419448852539,70.00714111328125,69.46221923828125,71.16881561279297,71.51223754882812,70.7742919921875,70.7742919921875,69.6419448852539,71.7844009399414,71.51223754882812,72.44998168945312,72.23572540283203,70.57620239257812,71.30918884277344,70.93659210205078,70.38465881347656,70.26378631591797,70.68238830566406,67.5425796508789,67.08203887939453,63.95310592651367,66.64833068847656,63.52952194213867,63.1347770690918,61.91122817993164,60.20797348022461,60.464866638183594,59.07622146606445,58.00862121582031,56.22277069091797,53.81449508666992,55.17245864868164,53.075416564941406,51.6623649597168,51.22499465942383,50.6063232421875,47.50789260864258
0,-43,-96,21,9,61.717098236083984,59.203041076660156,59.40538787841797,61.29437255859375,57.982757568359375,57.30619430541992,58.5918083190918,59.50630187988281,59.61543273925781,62.2414665222168,63.694583892822266,64.25729370117188,64.8459701538086,65.45991516113281,64.8459701538086,66.7607650756836,66.7607650756836,66.0984115600586,66.48307800292969,67.72000885009766,67.05221557617188,66.7607650756836,66.7607650756836,67.72000885009766,66.7607650756836,67.05221557617188,66.7607650756836,68.680419921875,66.7607650756836,67.05221557617188,64.8459701538086,65.45991516113281,63.90618133544922,62.032249450683594,62.62587356567383,62.3939094543457,62.2414665222168,59.93329620361328,58.13776779174805,57.245086669921875,56.79788589477539,56.35601043701172,55.07267761230469,53.0,52.47856521606445,52.201534271240234,51.22499465942383,49.67897033691406,48.166378021240234,48.83646011352539,46.010868072509766,45.486263275146484
0,-43,-96,20,14,65.19202423095703,63.28506851196289,61.66035842895508,62.169124603271484,62.36986541748047,61.13100814819336,61.400325775146484,61.98386764526367,63.90618133544922,64.62197875976562,66.70832061767578,68.44705963134766,67.97793579101562,67.08203887939453,68.44705963134766,71.5541763305664,70.23532104492188,69.7782211303711,70.66116333007812,70.66116333007812,71.5541763305664,72.00694274902344,70.66116333007812,71.58910369873047,72.4706802368164,70.23532104492188,72.00694274902344,72.44998168945312,71.11258697509766,68.87670135498047,68.94200134277344,69.46221923828125,68.54196166992188,66.48307800292969,66.128662109375,67.41661834716797,65.78753662109375,63.5688591003418,61.032779693603516,61.400325775146484,61.84658432006836,59.66573715209961,58.24946212768555,56.29387283325195,55.578773498535156,54.33230972290039,54.33230972290039,52.009613037109375,52.0,51.03919982910156,51.244510650634766,48.66210174560547
0,-43,-96,21,10,59.53990173339844,57.982757568359375,59.64059066772461,58.52349853515625,59.203041076660156,57.384666442871094,58.728187561035156,58.694122314453125,58.0,60.87692642211914,63.03173828125,63.89052963256836,63.89052963256836,63.89052963256836,63.89052963256836,65.45991516113281,64.637451171875,65.0,65.45991516113281,67.67569732666016,65.802734375,65.45991516113281,66.61080932617188,66.0302963256836,67.42403411865234,68.24221801757812,66.61080932617188,66.61080932617188,66.0302963256836,68.24221801757812,64.40496826171875,64.81512451171875,64.03124237060547,63.25345993041992,63.25345993041992,63.12685775756836,60.20797348022461,58.728187561035156,57.314918518066406,56.56854248046875,55.865909576416016,54.451812744140625,55.31726837158203,53.15073013305664,51.22499465942383,50.0,48.82622146606445,48.25971221923828,49.24428939819336,48.754486083984375,45.694637298583984,44.92215347290039
0,-43,-96,20,13,62.68173599243164,61.91122817993164,61.29437255859375,61.773780822753906,60.8276252746582,60.926185607910156,61.6846809387207,61.6846809387207,62.93647766113281,62.64183807373047,66.7607650756836,66.48307800292969,67.18630981445312,66.70832061767578,67.6830825805664,69.42621612548828,71.19690704345703,68.44705963134766,69.05070495605469,69.05070495605469,68.65857696533203,70.03570556640625,69.23149871826172,71.02112579345703,71.02112579345703,71.02112579345703,70.85901641845703,68.24954223632812,70.21395874023438,69.23149871826172,68.44705963134766,66.94026947021484,66.70832061767578,66.21932983398438,66.48307800292969,63.324562072753906,64.56005096435547,61.032779693603516,61.35144805908203,62.032249450683594,59.80802536010742,57.00876998901367,57.27128601074219,56.859474182128906,54.120235443115234,51.4781494140625,53.0,52.69725036621094,52.009613037109375,49.67897033691406,48.91830062866211,47.423622131347656
0,-43,-96,20,13,61.717098236083984,61.32699203491211,61.46543884277344,60.406951904296875,59.4810905456543,59.203041076660156,59.228370666503906,60.20797348022461,61.814239501953125,63.639610290527344,64.38167572021484,64.28063201904297,67.26811981201172,66.18912506103516,67.11929321289062,69.00724792480469,67.0,69.02897644042969,69.0,70.0,69.00724792480469,68.0,69.00724792480469,70.028564453125,70.0,68.0,71.0,70.0,68.0,68.0,66.00757598876953,67.00746154785156,66.06814575195312,64.03124237060547,66.12110137939453,66.12110137939453,64.28063201904297,59.304298400878906,61.400325775146484,58.54912567138672,58.694122314453125,57.706153869628906,58.051700592041016,55.31726837158203,53.36665725708008,52.88667297363281,52.49761962890625,50.695167541503906,49.658836364746094,49.648765563964844,48.02082824707031,46.87216567993164
0,-43,-96,20,14,63.78871536254883,63.348243713378906,63.06346130371094,62.09669876098633,60.083274841308594,62.032249450683594,63.694583892822266,62.7694206237793,64.88451385498047,65.29930877685547,67.60177612304688,66.37017059326172,69.1158447265625,67.41661834716797,68.26419067382812,70.72481536865234,69.89277648925781,69.3397445678711,71.28113555908203,71.28113555908203,72.40165710449219,70.72481536865234,71.28113555908203,70.80254364013672,71.02816009521484,69.63475799560547,72.67048645019531,71.28113555908203,71.28113555908203,70.45565795898438,69.3397445678711,69.97142028808594,67.23094177246094,67.11929321289062,65.3681869506836,66.24198150634766,65.3681869506836,64.88451385498047,63.06346130371094,61.32699203491211,61.84658432006836,60.926185607910156,57.93962478637695,56.30275344848633,55.36244201660156,55.081756591796875,54.5710563659668,52.95280838012695,50.48762130737305,50.35871505737305,49.09175109863281,50.0
0,-43,-96,21,10,61.35144805908203,61.6846809387207,61.46543884277344,60.926185607910156,60.835845947265625,59.05929183959961,60.0333251953125,60.20797348022461,59.90826416015625,62.20128631591797,64.81512451171875,64.66065216064453,66.84310150146484,66.70832061767578,66.84310150146484,68.01470184326172,68.7677230834961,67.47592163085938,68.7677230834961,69.42621612548828,67.47592163085938,68.7677230834961,67.94115447998047,69.29646301269531,69.3108901977539,68.62215423583984,68.680419921875,68.88395690917969,68.7677230834961,68.7677230834961,66.21932983398438,66.84310150146484,67.00746154785156,65.6048812866211,64.637451171875,64.40496826171875,62.20128631591797,61.29437255859375,60.74536895751953,58.830265045166016,57.45433044433594,55.94640350341797,56.35601043701172,54.12947463989258,54.12947463989258,52.55473327636719,51.54609680175781,51.244510650634766,50.695167541503906,49.81967544555664,49.648765563964844,47.04253387451172
0,-43,-96,20,13,61.98386764526367,62.96824645996094,59.304298400878906,60.13318634033203,60.074954986572266,59.0,60.0333251953125,61.29437255859375,63.28506851196289,63.50590515136719,64.93843078613281,66.0984115600586,65.30696868896484,67.6830825805664,67.46851348876953,67.6830825805664,67.91170501708984,67.6830825805664,68.680419921875,67.44627380371094,69.12307739257812,70.3420181274414,68.680419921875,69.2603759765625,70.60453033447266,67.72000885009766,69.92138671875,70.3420181274414,69.6419448852539,67.72000885009766,67.18630981445312,65.96968841552734,66.94026947021484,65.51335906982422,65.30696868896484,65.51335906982422,62.169124603271484,61.98386764526367,61.814239501953125,59.53990173339844,58.4208869934082,56.22277069091797,57.07889175415039,55.03635025024414,54.00925827026367,51.0,52.009613037109375,52.239830017089844,49.36598205566406,48.50773239135742,47.85394287109375,48.383880615234375
0,-43,-96,20,13,62.00806427001953,61.29437255859375,59.36328887939453,61.587337493896484,57.80138397216797,59.05929183959961,60.41522979736328,59.09314727783203,60.926185607910156,62.032249450683594,62.297672271728516,64.8459701538086,65.802734375,66.7607650756836,66.48307800292969,66.21932983398438,67.18630981445312,65.73431396484375,69.12307739257812,69.37578582763672,67.72000885009766,69.37578582763672,67.18630981445312,68.44705963134766,68.65857696533203,67.91170501708984,69.63475799560547,66.21932983398438,67.91170501708984,65.96968841552734,66.7607650756836,66.7607650756836,65.802734375,63.5688591003418,64.51356506347656,61.35144805908203,61.35144805908203,61.46543884277344,61.09828186035156,58.694122314453125,57.27128601074219,55.94640350341797,55.009090423583984,53.23532485961914,51.97114562988281,51.312767028808594,52.430908203125,51.400390625,49.67897033691406,48.166378021240234,46.69047164916992,46.86149978637695
0,-43,-96,20,13,61.61168670654297,63.56099319458008,61.0,62.64982223510742,59.21148681640625,61.13100814819336,60.0333251953125,61.00819778442383,61.00819778442383,62.12889862060547,64.28063201904297,65.27633666992188,66.37017059326172,66.75328063964844,68.73136138916016,66.75328063964844,68.88395690917969,65.92420196533203,71.19690704345703,70.03570556640625,70.03570556640625,71.02112579345703,65.11528015136719,70.61161041259766,70.61161041259766,71.58910369873047,70.21395874023438,67.08203887939453,72.00694274902344,65.30696868896484,69.87130737304688,67.74215698242188,66.61080932617188,65.4904556274414,64.38167572021484,62.28964614868164,64.28063201904297,62.20128631591797,61.073726654052734,62.07253646850586,58.0,58.0,56.00892639160156,57.03507614135742,55.145263671875,51.35172653198242,51.35172653198242,51.97114562988281,50.990196228027344,50.96076965332031,47.12748718261719,47.92702865600586
0,-43,-96,20,13,63.56099319458008,61.84658432006836,63.60031509399414,61.032779693603516,61.6846809387207,60.539241790771484,62.64982223510742,61.269893646240234,64.0078125,64.49806213378906,66.0378646850586,67.41661834716797,67.67569732666016,68.50547790527344,69.3397445678711,69.63475799560547,68.60028839111328,68.818603515625,70.0,70.60453033447266,70.21395874023438,72.20111083984375,70.80254364013672,71.0633544921875,72.00694274902344,70.60453033447266,71.21797180175781,71.40028381347656,71.21797180175781,69.81404113769531,68.24221801757812,68.818603515625,69.065185546875,65.73431396484375,66.2872543334961,66.5732650756836,64.35060119628906,62.7694206237793,62.265560150146484,61.400325775146484,59.9416389465332,59.03388977050781,58.600341796875,55.94640350341797,54.7813835144043,53.48831558227539,54.120235443115234,52.63079071044922,51.41984176635742,50.990196228027344,49.36598205566406,48.010414123535156
0,-43,-96,21,9,61.057350158691406,58.66856002807617,57.697486877441406,57.27128601074219,58.30952072143555,57.245086669921875,59.13543701171875,58.24087905883789,59.90826416015625,60.41522979736328,62.169124603271484,62.801273345947266,63.639610290527344,63.639610290527344,64.77654266357422,65.37583923339844,65.4904556274414,64.49806213378906,65.27633666992188,66.48307800292969,65.4904556274414,65.4904556274414,66.27216339111328,66.12110137939453,66.27216339111328,67.26811981201172,65.27633666992188,66.37017059326172,65.37583923339844,64.49806213378906,63.639610290527344,64.77654266357422,63.95310592651367,62.169124603271484,61.188232421875,61.392181396484375,62.169124603271484,59.43904495239258,59.66573715209961,57.00876998901367,55.6596794128418,55.6596794128418,54.424259185791016,53.141319274902344,52.0,50.990196228027344,51.0,49.73931884765625,49.92995071411133,48.25971221923828,47.20169448852539,46.010868072509766
0,-43,-96,20,14,64.53681182861328,64.81512451171875,63.24555206298828,63.51377868652344,60.74536895751953,64.49806213378906,65.3681869506836,63.95310592651367,64.88451385498047,65.0,68.15423583984375,68.3520278930664,69.28924560546875,69.89277648925781,70.57620239257812,69.89277648925781,71.47027587890625,69.57010650634766,73.08214569091797,72.42237091064453,71.16881561279297,72.73238372802734,71.47027587890625,73.76313781738281,73.08214569091797,73.08214569091797,73.68174743652344,70.51950073242188,73.37574768066406,71.47027587890625,71.16881561279297,69.07966613769531,70.00714111328125,68.15423583984375,68.54196166992188,65.79513549804688,66.30987548828125,64.88451385498047,64.40496826171875,64.88451385498047,60.8276252746582,62.7694206237793,58.52349853515625,58.52349853515625,56.859474182128906,56.22277069091797,55.226806640625,55.17245864868164,51.62363815307617,52.40229034423828,51.855567932128906,50.21951675415039
0,-43,-96,20,13,64.1248779296875,60.008331298828125,62.0,59.03388977050781,62.20128631591797,58.4208869934082,62.169124603271484,60.41522979736328,61.84658432006836,64.56005096435547,65.802734375,66.0984115600586,67.35725402832031,66.40782928466797,65.45991516113281,70.38465881347656,66.85057830810547,70.00714111328125,67.779052734375,69.35416412353516,68.54196166992188,68.44705963134766,70.26378631591797,70.68238830566406,70.26378631591797,69.46221923828125,68.02940368652344,70.26378631591797,67.5425796508789,71.58910369873047,67.23094177246094,69.85699462890625,65.79513549804688,65.92420196533203,65.0,66.128662109375,63.24555206298828,61.35144805908203,60.4400520324707,58.52349853515625,60.4400520324707,57.00876998901367,59.43904495239258,55.10898208618164,55.10898208618164,53.600372314453125,51.35172653198242,51.35172653198242,52.009613037109375,49.01020431518555,50.08992004394531,46.52956008911133
0,-43,-96,21,9,62.3939094543457,59.50630187988281,61.269893646240234,57.706153869628906,59.6824951171875,58.52349853515625,59.07622146606445,59.203041076660156,61.400325775146484,61.717098236083984,63.78087615966797,65.11528015136719,65.0691909790039,65.05382537841797,65.76473236083984,67.17886352539062,65.79513549804688,65.05382537841797,66.52819061279297,67.20863342285156,66.4680404663086,67.94115447998047,67.20863342285156,68.01470184326172,66.52819061279297,67.94115447998047,67.94115447998047,66.48307800292969,65.05382537841797,67.17886352539062,65.76473236083984,65.76473236083984,65.79513549804688,63.65532302856445,63.12685775756836,62.36986541748047,60.95900344848633,61.073726654052734,59.81638717651367,57.80138397216797,56.61272048950195,56.035701751708984,57.14017868041992,54.37830352783203,53.33854293823242,51.0,51.4781494140625,49.76947021484375,49.04079818725586,48.703182220458984,48.50773239135742,46.87216567993164
0,-43,-96,20,13,60.80295944213867,60.4400520324707,59.54829788208008,60.14149856567383,57.28001403808594,60.14149856567383,58.898216247558594,60.0,61.22091293334961,61.85466766357422,62.12889862060547,63.28506851196289,64.14047241210938,65.0,67.23094177246094,66.73080444335938,67.11929321289062,65.3681869506836,68.0,68.0,67.11929321289062,68.42514038085938,64.88451385498047,67.5351791381836,67.5351791381836,67.5351791381836,69.31810760498047,66.24198150634766,68.47627258300781,65.76473236083984,68.09552001953125,66.24198150634766,66.0378646850586,63.28506851196289,62.96824645996094,60.20797348022461,62.68173599243164,60.216278076171875,60.216278076171875,59.203041076660156,55.44366455078125,57.48912811279297,54.671749114990234,54.488529205322266,53.740116119384766,52.345008850097656,51.6623649597168,49.67897033691406,47.801673889160156,48.25971221923828,48.3735466003418,46.097721099853516
0,-43,-96,20,13,61.61168670654297,61.032779693603516,60.20797348022461,60.20797348022461,58.66856002807617,59.03388977050781,58.600341796875,59.80802536010742,60.926185607910156,60.406951904296875,61.98386764526367,63.324562072753906,63.06346130371094,66.21932983398438,65.96968841552734,66.70832061767578,65.30696868896484,65.73431396484375,66.4906005859375,66.94026947021484,66.94026947021484,67.6830825805664,65.11528015136719,66.75328063964844,69.05070495605469,68.06614685058594,68.24954223632812,67.46851348876953,67.08203887939453,66.2872543334961,65.73431396484375,65.96968841552734,65.96968841552734,63.89052963256836,63.60031509399414,60.4400520324707,61.6846809387207,60.728904724121094,60.083274841308594,59.80802536010742,57.384666442871094,56.46237564086914,56.36488342285156,53.22593307495117,51.88448715209961,51.97114562988281,51.62363815307617,51.61395263671875,47.801673889160156,48.41487503051758,47.423622131347656,47.50789260864258
0,-43,-96,20,13,65.0,64.1248779296875,62.28964614868164,63.3876953125,60.8276252746582,62.169124603271484,61.61168670654297,62.361846923828125,62.93647766113281,64.19501495361328,66.40782928466797,67.06713104248047,68.70953369140625,68.70953369140625,68.70953369140625,69.46221923828125,68.94200134277344,68.54196166992188,71.17584228515625,71.30918884277344,69.46221923828125,69.85699462890625,68.54196166992188,70.68238830566406,72.09021759033203,70.7742919921875,71.17584228515625,69.85699462890625,69.46221923828125,69.46221923828125,69.6419448852539,68.70953369140625,69.28924560546875,67.67569732666016,67.35725402832031,66.0984115600586,65.802734375,63.06346130371094,61.61168670654297,61.392181396484375,59.228370666503906,59.228370666503906,58.694122314453125,57.42821502685547,55.3263053894043,54.08327102661133,53.00943374633789,53.0,51.15662384033203,51.35172653198242,48.50773239135742,47.53945541381836
0,-43,-96,20,14,63.28506851196289,61.814239501953125,64.13267517089844,60.01666259765625,61.13100814819336,59.203041076660156,60.74536895751953,60.74536895751953,61.84658432006836,65.39112854003906,63.976558685302734,63.50590515136719,67.5425796508789,67.5351791381836,67.5351791381836,69.35416412353516,67.11929321289062,68.0,68.60028839111328,68.96376037597656,68.88395690917969,69.83551788330078,68.96376037597656,69.1158447265625,68.96376037597656,69.46221923828125,69.83551788330078,71.19690704345703,68.0,68.47627258300781,67.08203887939453,66.64083099365234,66.64083099365234,65.39112854003906,64.07807922363281,64.47480010986328,62.7694206237793,60.74536895751953,60.406951904296875,59.77457809448242,59.77457809448242,57.28001403808594,58.694122314453125,55.31726837158203,53.75872039794922,52.611785888671875,53.15073013305664,52.08646774291992,51.009803771972656,51.009803771972656,48.041648864746094,46.69047164916992
0,-43,-96,20,13,63.158531188964844,60.41522979736328,59.9416389465332,57.706153869628906,59.16925048828125,57.688819885253906,58.24946212768555,58.600341796875,59.66573715209961,60.30754470825195,61.717098236083984,62.93647766113281,63.65532302856445,62.93647766113281,62.93647766113281,67.20863342285156,64.35060119628906,66.4680404663086,65.79513549804688,66.4680404663086,65.05382537841797,67.17886352539062,65.79513549804688,67.35725402832031,68.01470184326172,66.52819061279297,65.0691909790039,68.62215423583984,64.35060119628906,66.48307800292969,64.35060119628906,65.11528015136719,64.38167572021484,63.12685775756836,62.481998443603516,63.12685775756836,60.95900344848633,60.4400520324707,58.2580451965332,55.803226470947266,56.61272048950195,54.64430618286133,55.75840759277344,53.0,52.35456085205078,50.990196228027344,51.4781494140625,49.76947021484375,49.648765563964844,48.764739990234375,46.3249397277832,45.54119110107422
0,-43,-96,20,13,59.9416389465332,59.4810905456543,58.18075180053711,60.539241790771484,59.13543701171875,57.87054443359375,60.87692642211914,59.66573715209961,60.01666259765625,61.0,63.150611877441406,64.62971496582031,65.4904556274414,64.49806213378906,65.4904556274414,66.18912506103516,67.18630981445312,65.27633666992188,67.18630981445312,67.18630981445312,67.26811981201172,68.11754608154297,66.18912506103516,67.11929321289062,67.18630981445312,68.02940368652344,68.06614685058594,68.18357849121094,66.27216339111328,67.18630981445312,65.37583923339844,66.27216339111328,65.27633666992188,64.62971496582031,63.50590515136719,62.801273345947266,61.98386764526367,60.20797348022461,59.228370666503906,57.9741325378418,58.94064712524414,55.36244201660156,55.6596794128418,55.02726745605469,54.08327102661133,51.078372955322266,50.56678771972656,50.08992004394531,49.39635467529297,47.70744323730469,47.20169448852539,46.010868072509766
0,-43,-96,20,13,63.12685775756836,60.29925537109375,60.67124557495117,60.406951904296875,59.228370666503906,58.694122314453125,60.16643524169922,60.083274841308594,61.032779693603516,62.3939094543457,62.7694206237793,64.07807922363281,63.158531188964844,65.7419204711914,66.21178436279297,66.64083099365234,65.7419204711914,65.7419204711914,66.24198150634766,67.5351791381836,67.08203887939453,66.64833068847656,67.11929321289062,66.24198150634766,67.11929321289062,68.42514038085938,67.60177612304688,67.5351791381836,67.11929321289062,67.08203887939453,64.8459701538086,65.30696868896484,65.39112854003906,63.56099319458008,65.0,63.158531188964844,63.694583892822266,59.80802536010742,59.13543701171875,59.13543701171875,59.77457809448242,57.567352294921875,56.75385284423828,53.36665725708008,52.95280838012695,51.4781494140625,51.35172653198242,51.088157653808594,50.0099983215332,49.0,49.04079818725586,46.52956008911133
0,-43,-96,20,13,61.269893646240234,59.9416389465332,58.66856002807617,60.0333251953125,58.52349853515625,59.40538787841797,59.203041076660156,59.81638717651367,61.073726654052734,60.8276252746582,63.639610290527344,63.639610290527344,65.79513549804688,65.85590362548828,65.79513549804688,67.94115447998047,68.01470184326172,65.85590362548828,68.11754608154297,67.35725402832031,68.01470184326172,68.01470184326172,67.35725402832031,67.42403411865234,69.02897644042969,68.24954223632812,67.47592163085938,67.35725402832031,67.35725402832031,65.29930877685547,66.52819061279297,66.52819061279297,65.0691909790039,63.639610290527344,64.35060119628906,62.93647766113281,62.22539520263672,60.8276252746582,60.81118392944336,58.898216247558594,57.48912811279297,57.00876998901367,57.00876998901367,54.4058837890625,53.0,51.97114562988281,51.4781494140625,50.990196228027344,49.24428939819336,49.658836364746094,48.10405349731445,46.57252502441406
0,-43,-96,20,13,63.158531188964844,61.09828186035156,63.89052963256836,61.032779693603516,61.400325775146484,59.228370666503906,61.188232421875,61.0,64.49806213378906,64.28063201904297,64.28063201904297,64.19501495361328,67.06713104248047,68.00735473632812,67.02984619140625,69.0,68.00735473632812,69.00724792480469,67.06713104248047,69.00724792480469,70.00714111328125,71.02816009521484,70.028564453125,70.11418914794922,71.02816009521484,70.028564453125,71.11258697509766,71.0633544921875,69.065185546875,70.00714111328125,66.0,68.0,68.0,67.0,66.00757598876953,65.0691909790039,64.19501495361328,63.19810104370117,62.28964614868164,61.29437255859375,60.406951904296875,58.54912567138672,58.694122314453125,53.93514633178711,55.31726837158203,53.16013717651367,54.708316802978516,54.424259185791016,52.0,49.658836364746094,50.11985778808594,47.434165954589844
0,-43,-96,20,13,64.1248779296875,64.07027435302734,63.0,63.0,60.074954986572266,61.20457458496094,61.66035842895508,61.66035842895508,63.150611877441406,62.36986541748047,65.73431396484375,66.7607650756836,66.7607650756836,67.05221557617188,68.96376037597656,67.67569732666016,70.22820281982422,69.2603759765625,69.28924560546875,68.62215423583984,68.62215423583984,70.22820281982422,68.3520278930664,70.7742919921875,70.00714111328125,71.51223754882812,72.11102294921875,69.28924560546875,69.28924560546875,68.00735473632812,67.35725402832031,67.67569732666016,66.7607650756836,65.802734375,66.21932983398438,65.52098846435547,64.03124237060547,62.585941314697266,62.169124603271484,62.169124603271484,58.85575485229492,58.54912567138672,58.4208869934082,56.32051086425781,55.081756591796875,54.00925827026367,55.0,53.00943374633789,51.15662384033203,51.35172653198242,48.50773239135742,49.47726821899414
0,-43,-96,20,13,64.38167572021484,62.12889862060547,64.07027435302734,63.0,62.032249450683594,61.13100814819336,62.3939094543457,62.64982223510742,63.150611877441406,64.32728576660156,65.73431396484375,66.21932983398438,67.72000885009766,67.72000885009766,68.00735473632812,70.51950073242188,68.94925689697266,68.94925689697266,70.22820281982422,71.16881561279297,71.16881561279297,69.6419448852539,68.70953369140625,70.93659210205078,71.86793518066406,71.30918884277344,70.7742919921875,71.51223754882812,69.6419448852539,68.70953369140625,68.00735473632812,70.57620239257812,68.94925689697266,67.67569732666016,67.67569732666016,66.0984115600586,64.56005096435547,62.361846923828125,62.817195892333984,61.61168670654297,59.228370666503906,60.41522979736328,59.03388977050781,55.578773498535156,57.42821502685547,55.226806640625,53.15073013305664,54.0,52.0,51.088157653808594,49.36598205566406,50.0099983215332
0,-43,-96,20,13,64.40496826171875,63.51377868652344,62.7694206237793,62.7694206237793,62.60990524291992,61.741397857666016,64.25729370117188,62.62587356567383,64.19501495361328,63.89052963256836,66.7607650756836,67.44627380371094,67.18630981445312,66.70832061767578,68.44705963134766,71.02112579345703,69.72087097167969,70.03570556640625,70.57620239257812,70.71067810058594,69.72087097167969,70.45565795898438,69.87130737304688,71.56814575195312,69.87130737304688,71.70076751708984,71.44927978515625,71.44927978515625,70.57620239257812,69.46221923828125,68.73136138916016,69.58448028564453,69.58448028564453,66.91038513183594,66.91038513183594,66.2872543334961,65.30696868896484,64.76110076904297,62.361846923828125,61.13100814819336,60.87692642211914,60.4400520324707,60.083274841308594,57.245086669921875,56.30275344848633,55.154327392578125,54.625999450683594,54.12947463989258,51.4781494140625,50.477718353271484,49.20365905761719,49.67897033691406
0,-43,-96,20,13,66.7607650756836,64.53681182861328,63.150611877441406,62.96824645996094,63.639610290527344,62.28964614868164,64.07027435302734,62.032249450683594,64.0,66.0,68.06614685058594,67.06713104248047,67.18630981445312,67.26811981201172,68.26419067382812,70.45565795898438,70.57620239257812,71.44927978515625,69.72087097167969,71.70076751708984,69.58448028564453,70.57620239257812,69.46221923828125,71.02112579345703,71.70076751708984,70.85901641845703,70.85901641845703,71.84706115722656,70.57620239257812,71.56814575195312,68.26419067382812,69.35416412353516,69.2603759765625,68.18357849121094,68.11754608154297,67.06713104248047,65.0691909790039,63.0079345703125,63.0,60.0,61.00819778442383,58.03447341918945,58.215118408203125,58.30952072143555,56.56854248046875,55.73149871826172,55.31726837158203,52.39274597167969,52.49761962890625,52.55473327636719,49.76947021484375,48.764739990234375
0,-43,-96,20,13,64.13267517089844,62.513999938964844,64.28063201904297,62.20128631591797,61.00819778442383,61.0,62.07253646850586,61.13100814819336,60.406951904296875,63.3876953125,64.77654266357422,65.11528015136719,66.0984115600586,67.08203887939453,66.0984115600586,68.65857696533203,68.15423583984375,68.65857696533203,69.37578582763672,70.0927963256836,67.91170501708984,69.37578582763672,68.15423583984375,70.60453033447266,70.60453033447266,69.6419448852539,68.96376037597656,68.4105224609375,68.4105224609375,68.15423583984375,68.88395690917969,69.85699462890625,68.44705963134766,65.30696868896484,66.0984115600586,63.95310592651367,64.93843078613281,62.513999938964844,62.28964614868164,60.29925537109375,60.29925537109375,59.13543701171875,58.00862121582031,56.0,55.0,53.15073013305664,53.23532485961914,52.345008850097656,51.788028717041016,52.39274597167969,48.764739990234375,47.92702865600586
0,-43,-96,20,13,62.93647766113281,60.10823440551758,63.03173828125,60.4400520324707,59.40538787841797,57.688819885253906,60.20797348022461,59.6824951171875,60.41522979736328,63.52952194213867,64.41273498535156,63.976558685302734,65.39112854003906,64.07807922363281,65.0,67.779052734375,65.55150604248047,67.06713104248047,67.67569732666016,68.94925689697266,67.41661834716797,67.67569732666016,68.3520278930664,68.62215423583984,68.00735473632812,67.67569732666016,67.67569732666016,68.3081283569336,66.40782928466797,69.57010650634766,66.48307800292969,68.3520278930664,65.55150604248047,63.694583892822266,63.158531188964844,63.56099319458008,63.976558685302734,60.373836517333984,59.9416389465332,58.66856002807617,59.53990173339844,55.56977462768555,58.830265045166016,54.918121337890625,54.4058837890625,52.801513671875,53.413482666015625,50.32891845703125,50.91168975830078,50.2493782043457,48.41487503051758,47.434165954589844
0,-43,-96,20,12,58.24946212768555,56.859474182128906,57.80138397216797,56.93856430053711,55.4707145690918,56.36488342285156,56.080299377441406,56.64803695678711,58.872745513916016,58.52349853515625,59.90826416015625,59.66573715209961,61.392181396484375,63.150611877441406,62.585941314697266,63.348243713378906,62.96824645996094,63.95310592651367,63.78871536254883,63.95310592651367,64.13267517089844,64.93843078613281,63.78871536254883,65.37583923339844,64.49806213378906,64.49806213378906,64.62971496582031,64.77654266357422,63.78871536254883,63.639610290527344,61.98386764526367,63.150611877441406,63.150611877441406,61.61168670654297,59.43904495239258,59.66573715209961,59.66573715209961,57.9741325378418,57.9741325378418,56.32051086425781,54.424259185791016,54.7813835144043,52.92447280883789,51.4781494140625,50.990196228027344,49.19349670410156,48.3735466003418,49.39635467529297,47.70744323730469,45.221675872802734,46.22769546508789,43.84062194824219
0,-43,-96,20,13,59.6824951171875,59.36328887939453,59.40538787841797,58.8217658996582,56.22277069091797,58.13776779174805,57.314918518066406,58.0,58.728187561035156,59.54829788208008,61.84658432006836,61.400325775146484,63.60031509399414,63.60031509399414,63.411354064941406,63.24555206298828,64.637451171875,63.60031509399414,66.0302963256836,64.40496826171875,65.0,66.0302963256836,64.8999252319336,66.37017059326172,65.73431396484375,66.5732650756836,67.11929321289062,66.85057830810547,65.45991516113281,66.0302963256836,64.40496826171875,63.411354064941406,63.60031509399414,61.22091293334961,61.22091293334961,60.30754470825195,60.4400520324707,58.898216247558594,58.79625701904297,56.56854248046875,54.451812744140625,55.17245864868164,55.31726837158203,53.26349639892578,52.009613037109375,50.21951675415039,50.477718353271484,49.39635467529297,48.764739990234375,49.19349670410156,46.097721099853516,45.221675872802734
0,-43,-96,20,13,61.6846809387207,59.236812591552734,61.32699203491211,59.03388977050781,59.05929183959961,56.93856430053711,58.830265045166016,60.216278076171875,60.605281829833984,61.84658432006836,63.25345993041992,63.12685775756836,66.52819061279297,65.85590362548828,65.11528015136719,67.88224792480469,65.79513549804688,67.89698028564453,66.52819061279297,66.52819061279297,66.48307800292969,67.26811981201172,68.01470184326172,68.01470184326172,67.94115447998047,66.52819061279297,69.52696990966797,68.01470184326172,66.52819061279297,68.01470184326172,64.38167572021484,65.76473236083984,65.79513549804688,64.35060119628906,63.639610290527344,64.38167572021484,62.2414665222168,60.30754470825195,59.54829788208008,58.2580451965332,58.898216247558594,57.00876998901367,56.40035629272461,53.25410842895508,53.5350341796875,52.47856521606445,51.4781494140625,51.0,50.15974426269531,48.46648406982422,48.383880615234375,46.3249397277832
0,-43,-96,20,13,62.93647766113281,62.36986541748047,60.30754470825195,60.4400520324707,59.40538787841797,61.29437255859375,60.20797348022461,60.0333251953125,61.773780822753906,60.835845947265625,63.50590515136719,64.07807922363281,66.30987548828125,65.92420196533203,67.23094177246094,67.779052734375,68.70953369140625,67.41661834716797,68.00735473632812,68.00735473632812,68.70953369140625,68.70953369140625,65.78753662109375,67.67569732666016,68.00735473632812,68.94925689697266,68.62215423583984,67.779052734375,68.00735473632812,67.06713104248047,66.85057830810547,68.15423583984375,66.30987548828125,65.0,65.39112854003906,63.976558685302734,63.071388244628906,61.773780822753906,61.400325775146484,60.90156173706055,58.830265045166016,58.830265045166016,57.14017868041992,55.217750549316406,54.4058837890625,53.413482666015625,52.40229034423828,53.037723541259766,48.83646011352539,49.04079818725586,48.60041046142578,48.54894256591797
0,-43,-96,20,13,65.12296295166016,64.38167572021484,64.62971496582031,64.13267517089844,60.63827133178711,60.63827133178711,62.93647766113281,62.297672271728516,63.324562072753906,62.7694206237793,67.23094177246094,67.23094177246094,68.44705963134766,67.5425796508789,68.87670135498047,67.97793579101562,71.5541763305664,69.77105712890625,69.35416412353516,70.32780456542969,69.35416412353516,68.60028839111328,68.96376037597656,70.32780456542969,69.83551788330078,70.71067810058594,70.8307876586914,68.96376037597656,70.8307876586914,68.0,68.88395690917969,70.23532104492188,68.42514038085938,66.64083099365234,64.88451385498047,65.0,64.07807922363281,62.032249450683594,62.032249450683594,61.35144805908203,61.032779693603516,58.8217658996582,58.94064712524414,56.51548385620117,54.5710563659668,54.918121337890625,53.600372314453125,52.345008850097656,51.03919982910156,52.0,49.09175109863281,48.3735466003418
0,-43,-96,20,12,61.46543884277344,58.694122314453125,59.4810905456543,58.13776779174805,59.53990173339844,57.14017868041992,56.859474182128906,58.00862121582031,59.81638717651367,59.54829788208008,61.717098236083984,62.28964614868164,63.70243453979492,62.93647766113281,65.0691909790039,65.76473236083984,62.2414665222168,65.05382537841797,65.0691909790039,65.0691909790039,65.05382537841797,67.17886352539062,64.38167572021484,65.85590362548828,66.52819061279297,66.48307800292969,67.20863342285156,67.17886352539062,65.05382537841797,66.48307800292969,63.65532302856445,65.0691909790039,64.38167572021484,63.03173828125,62.481998443603516,62.36986541748047,61.22091293334961,59.81638717651367,58.00862121582031,58.00862121582031,56.859474182128906,55.75840759277344,56.603885650634766,52.839378356933594,52.839378356933594,51.4781494140625,51.4781494140625,50.32891845703125,49.648765563964844,47.53945541381836,48.05205535888672,46.27094268798828
0,-43,-96,20,13,63.1347770690918,60.373836517333984,63.071388244628906,60.008331298828125,62.032249450683594,60.083274841308594,60.728904724121094,59.90826416015625,60.63827133178711,64.13267517089844,64.93843078613281,64.77654266357422,66.61080932617188,65.37583923339844,65.4904556274414,68.26419067382812,67.18630981445312,66.27216339111328,68.11754608154297,68.18357849121094,67.11929321289062,69.2603759765625,68.02940368652344,71.00704193115234,70.06425476074219,69.065185546875,70.06425476074219,70.11418914794922,69.18092346191406,68.06614685058594,67.26811981201172,68.26419067382812,66.18912506103516,66.27216339111328,64.38167572021484,64.49806213378906,64.77654266357422,61.814239501953125,62.169124603271484,59.43904495239258,58.24946212768555,58.694122314453125,57.00876998901367,55.36244201660156,53.75872039794922,53.141319274902344,53.48831558227539,51.4781494140625,50.537113189697266,49.39635467529297,47.70744323730469,46.86149978637695
0,-43,-96,20,13,63.158531188964844,61.84658432006836,60.406951904296875,61.032779693603516,58.94064712524414,59.66573715209961,59.03388977050781,60.67124557495117,60.530982971191406,62.20128631591797,63.12685775756836,64.07027435302734,65.0076904296875,65.0076904296875,67.0,65.0,67.02984619140625,64.0,68.02940368652344,66.0302963256836,67.06713104248047,67.06713104248047,65.0691909790039,69.18092346191406,68.06614685058594,68.26419067382812,69.2603759765625,68.02940368652344,70.11418914794922,66.12110137939453,67.02984619140625,67.00746154785156,65.0,65.0,63.0,64.0,63.0079345703125,62.032249450683594,61.073726654052734,59.13543701171875,58.30952072143555,58.54912567138672,55.44366455078125,54.918121337890625,53.15073013305664,52.39274597167969,51.92301940917969,52.49761962890625,49.97999572753906,48.84669876098633,47.88528060913086,46.3249397277832
0,-43,-96,20,13,67.00746154785156,64.0,64.0078125,63.071388244628906,64.28063201904297,61.52235412597656,63.150611877441406,62.817195892333984,64.03124237060547,64.28841400146484,67.05221557617188,66.40782928466797,68.3520278930664,68.3520278930664,68.00735473632812,70.00714111328125,69.46221923828125,69.07966613769531,69.85699462890625,71.58910369873047,70.26378631591797,72.49827575683594,69.85699462890625,71.5541763305664,72.44998168945312,71.5541763305664,71.5541763305664,73.34848022460938,72.01388549804688,71.11258697509766,69.46221923828125,70.7742919921875,69.07966613769531,69.07966613769531,69.07966613769531,66.48307800292969,66.128662109375,63.24555206298828,64.8459701538086,62.64183807373047,60.16643524169922,60.16643524169922,61.84658432006836,57.27128601074219,58.694122314453125,55.44366455078125,55.44366455078125,55.081756591796875,53.0,53.0,49.162994384765625,48.3735466003418
0,-43,-96,20,13,61.61168670654297,60.464866638183594,60.20797348022461,58.830265045166016,58.18075180053711,57.245086669921875,58.18075180053711,58.18075180053711,59.46427536010742,60.74536895751953,61.35144805908203,62.64183807373047,64.56005096435547,65.25334930419922,66.48307800292969,65.51335906982422,64.32728576660156,65.51335906982422,65.30696868896484,66.4906005859375,66.70832061767578,68.24954223632812,65.51335906982422,65.92420196533203,66.2872543334961,66.0984115600586,67.26811981201172,67.26811981201172,67.26811981201172,67.26811981201172,65.96968841552734,65.73431396484375,65.73431396484375,64.56005096435547,63.60031509399414,61.6846809387207,61.032779693603516,61.032779693603516,60.083274841308594,57.93962478637695,58.872745513916016,55.54277801513672,56.36488342285156,53.66563034057617,52.35456085205078,51.4781494140625,51.107730865478516,51.312767028808594,50.6063232421875,48.27007293701172,46.66904830932617,46.097721099853516
0,-43,-96,20,13,65.21502685546875,65.73431396484375,63.631752014160156,65.3681869506836,61.269893646240234,63.976558685302734,63.324562072753906,63.24555206298828,63.89052963256836,64.8459701538086,66.7607650756836,66.7607650756836,67.44627380371094,68.15423583984375,69.85699462890625,70.03570556640625,72.00694274902344,70.21395874023438,72.18032836914062,72.00694274902344,70.03570556640625,71.84706115722656,69.05070495605469,71.84706115722656,71.02112579345703,72.18032836914062,71.84706115722656,71.02112579345703,71.02112579345703,70.85901641845703,71.58910369873047,68.44705963134766,68.65857696533203,66.94026947021484,66.94026947021484,66.48307800292969,66.7607650756836,64.8459701538086,62.62587356567383,62.032249450683594,61.6846809387207,61.46543884277344,58.600341796875,59.50630187988281,57.245086669921875,55.94640350341797,55.56977462768555,54.918121337890625,51.22499465942383,52.49761962890625,50.93132781982422,49.57822036743164
0,-43,-96,20,13,66.37017059326172,64.62971496582031,64.13267517089844,63.348243713378906,62.09669876098633,63.89052963256836,62.96824645996094,62.032249450683594,63.158531188964844,63.56099319458008,66.64083099365234,66.24198150634766,67.11929321289062,67.60177612304688,69.83551788330078,69.1158447265625,71.02112579345703,68.79679870605469,71.28113555908203,69.3397445678711,69.3397445678711,69.89277648925781,67.67569732666016,71.61005401611328,70.21395874023438,71.02816009521484,71.61005401611328,69.63475799560547,71.61005401611328,69.065185546875,69.89277648925781,69.3397445678711,69.3397445678711,66.8879623413086,66.8879623413086,65.51335906982422,65.3681869506836,65.3681869506836,64.41273498535156,63.52952194213867,60.373836517333984,61.741397857666016,60.41522979736328,58.694122314453125,57.245086669921875,54.08327102661133,53.16013717651367,55.31726837158203,52.17279052734375,51.4781494140625,51.244510650634766,51.0
0,-43,-96,20,13,62.361846923828125,64.03124237060547,61.032779693603516,62.297672271728516,60.008331298828125,61.32699203491211,62.2414665222168,60.373836517333984,62.17716598510742,60.20797348022461,63.51377868652344,65.21502685546875,63.60031509399414,65.6048812866211,67.42403411865234,64.81512451171875,68.4105224609375,65.0,70.29224395751953,67.80117797851562,68.00735473632812,69.20259857177734,65.4369888305664,68.680419921875,70.83784484863281,68.7677230834961,69.65629577636719,66.06814575195312,69.65629577636719,66.70832061767578,69.20259857177734,66.85057830810547,67.67569732666016,65.21502685546875,65.45991516113281,61.29437255859375,63.0079345703125,61.85466766357422,60.20797348022461,60.90156173706055,58.5918083190918,59.53990173339844,56.79788589477539,56.79788589477539,55.154327392578125,53.141319274902344,53.75872039794922,51.41984176635742,50.447994232177734,50.0099983215332,49.648765563964844,48.093658447265625
0,-43,-96,20,13,65.19202423095703,62.36986541748047,63.60031509399414,63.60031509399414,61.29437255859375,62.7694206237793,61.91122817993164,61.717098236083984,63.95310592651367,64.07807922363281,66.48307800292969,67.06713104248047,67.05221557617188,67.35725402832031,67.67569732666016,68.680419921875,68.96376037597656,68.96376037597656,69.6419448852539,69.6419448852539,70.60453033447266,69.92138671875,68.4105224609375,70.40596771240234,70.8307876586914,70.8307876586914,71.0633544921875,71.0633544921875,71.30918884277344,69.12307739257812,68.96376037597656,68.96376037597656,67.05221557617188,67.35725402832031,67.35725402832031,65.45991516113281,65.14598846435547,62.62587356567383,62.62587356567383,61.84658432006836,61.32699203491211,60.008331298828125,58.600341796875,57.706153869628906,56.82429122924805,55.226806640625,55.217750549316406,54.4058837890625,52.009613037109375,51.7397346496582,48.10405349731445,48.91830062866211
0,-43,-96,20,13,64.53681182861328,59.203041076660156,62.42595672607422,60.464866638183594,61.057350158691406,59.16925048828125,59.93329620361328,60.41522979736328,62.3939094543457,62.7694206237793,63.5688591003418,62.93647766113281,66.0984115600586,64.8459701538086,66.7607650756836,66.21932983398438,65.73431396484375,67.91170501708984,66.2872543334961,67.26811981201172,65.51335906982422,68.24954223632812,66.4906005859375,68.06614685058594,68.06614685058594,68.06614685058594,68.06614685058594,71.19690704345703,66.0984115600586,68.06614685058594,65.51335906982422,66.4906005859375,66.4906005859375,64.76110076904297,65.96968841552734,65.96968841552734,63.324562072753906,60.728904724121094,60.083274841308594,58.18934631347656,59.13543701171875,56.64803695678711,57.00876998901367,54.230987548828125,54.625999450683594,52.77309799194336,52.35456085205078,51.62363815307617,51.03919982910156,51.22499465942383,47.50789260864258,45.96738052368164
0,-43,-96,20,12,62.00806427001953,60.0,59.07622146606445,58.830265045166016,56.4358024597168,58.5918083190918,58.600341796875,57.775428771972656,59.61543273925781,59.46427536010742,62.297672271728516,61.6846809387207,63.324562072753906,64.28841400146484,64.03124237060547,64.76110076904297,64.53681182861328,64.76110076904297,66.2872543334961,65.30696868896484,64.76110076904297,66.0984115600586,65.11528015136719,67.74215698242188,67.08203887939453,66.75328063964844,67.89698028564453,65.92420196533203,66.0984115600586,66.0984115600586,64.32728576660156,64.53681182861328,64.76110076904297,63.78871536254883,62.817195892333984,61.84658432006836,61.84658432006836,58.52349853515625,59.4810905456543,60.083274841308594,56.30275344848633,56.64803695678711,53.851646423339844,52.92447280883789,51.4781494140625,51.88448715209961,50.11985778808594,49.39635467529297,48.25971221923828,46.40043258666992,47.6340217590332,45.96738052368164
0,-42,-96,20,13,64.8459701538086,62.361846923828125,61.61168670654297,63.150611877441406,59.53990173339844,59.53990173339844,61.29437255859375,60.29925537109375,63.12685775756836,64.0,65.0,66.0302963256836,67.02984619140625,66.12110137939453,68.11754608154297,68.26419067382812,68.35934448242188,69.2603759765625,67.47592163085938,69.35416412353516,69.2603759765625,69.2603759765625,69.35416412353516,69.72087097167969,69.72087097167969,69.58448028564453,71.44927978515625,69.46221923828125,68.4689712524414,68.35934448242188,68.26419067382812,69.18092346191406,67.06713104248047,65.0691909790039,66.0,66.00757598876953,64.0078125,64.0,63.0079345703125,60.0333251953125,60.0333251953125,59.304298400878906,58.30952072143555,57.42821502685547,54.918121337890625,53.15073013305664,52.63079071044922,53.45091247558594,50.9215087890625,49.39635467529297,49.658836364746094,48.87739944458008
0,-43,-96,19,19,66.61080932617188,66.48307800292969,65.12296295166016,65.0691909790039,66.0,65.0,66.06814575195312,64.38167572021484,66.61080932617188,66.91038513183594,67.89698028564453,67.26811981201172,70.61161041259766,69.42621612548828,71.80529022216797,71.30918884277344,71.30918884277344,71.30918884277344,71.84010314941406,72.80110168457031,72.80110168457031,72.12489318847656,73.08214569091797,73.37574768066406,72.12489318847656,74.3303451538086,74.3303451538086,73.76313781738281,73.76313781738281,71.84010314941406,71.0633544921875,72.53275299072266,69.63475799560547,69.85699462890625,69.23149871826172,68.88395690917969,67.89698028564453,65.92420196533203,65.76473236083984,64.49806213378906,63.19810104370117,62.20128631591797,62.032249450683594,60.0,58.0,56.035701751708984,56.035701751708984,55.3263053894043,55.73149871826172,54.12947463989258,52.63079071044922,50.695167541503906
0,-43,-96,19,18,66.48307800292969,66.70832061767578,63.150611877441406,64.93843078613281,63.50590515136719,63.19810104370117,64.1248779296875,65.0076904296875,65.0,65.0076904296875,67.02984619140625,68.11754608154297,68.35934448242188,69.46221923828125,69.46221923828125,69.72087097167969,71.70076751708984,69.72087097167969,70.21395874023438,71.84706115722656,69.87130737304688,71.19690704345703,71.02112579345703,70.8307876586914,72.56720733642578,71.58910369873047,73.34848022460938,71.38627624511719,70.40596771240234,71.19690704345703,70.03570556640625,68.88395690917969,69.72087097167969,68.4689712524414,69.46221923828125,67.47592163085938,66.18912506103516,64.1248779296875,65.0691909790039,64.03124237060547,62.032249450683594,62.0,59.0,59.07622146606445,57.14017868041992,56.4358024597168,55.578773498535156,54.918121337890625,52.17279052734375,52.201534271240234,51.54609680175781,49.76947021484375
0,-43,-96,20,12,60.30754470825195,59.41380310058594,59.41380310058594,59.41380310058594,59.46427536010742,58.13776779174805,59.81638717651367,58.600341796875,59.64059066772461,62.433963775634766,62.64982223510742,63.06346130371094,63.95310592651367,63.50590515136719,64.41273498535156,65.39112854003906,64.47480010986328,64.40496826171875,66.70832061767578,66.21178436279297,66.18912506103516,65.79513549804688,65.79513549804688,68.3520278930664,67.41661834716797,66.30987548828125,67.62396240234375,66.30987548828125,66.85057830810547,66.30987548828125,66.21178436279297,66.64833068847656,65.29930877685547,63.52952194213867,64.41273498535156,63.52952194213867,63.06346130371094,59.4810905456543,59.16925048828125,57.14017868041992,57.688819885253906,55.4707145690918,56.40035629272461,54.81787872314453,52.49761962890625,50.93132781982422,50.93132781982422,51.62363815307617,48.91830062866211,49.04079818725586,47.801673889160156,47.01063537597656
0,-43,-96,20,13,63.56099319458008,64.76110076904297,59.84145736694336,64.93843078613281,59.304298400878906,63.19810104370117,60.008331298828125,61.0,63.0,62.07253646850586,65.19202423095703,64.38167572021484,67.47592163085938,66.75328063964844,70.71067810058594,66.75328063964844,71.02112579345703,64.93843078613281,72.18032836914062,69.05070495605469,70.03570556640625,69.05070495605469,67.26811981201172,69.85699462890625,71.58910369873047,71.58910369873047,71.80529022216797,68.44705963134766,72.18032836914062,66.2872543334961,71.02112579345703,68.88395690917969,68.73136138916016,65.4904556274414,66.48307800292969,64.49806213378906,64.38167572021484,63.28506851196289,64.19501495361328,64.07027435302734,58.00862121582031,61.00819778442383,57.0,58.00862121582031,54.147945404052734,53.33854293823242,52.345008850097656,52.77309799194336,50.990196228027344,51.41984176635742,48.383880615234375,48.84669876098633
0,-42,-96,20,13,61.98386764526367,61.6846809387207,62.7694206237793,59.09314727783203,61.269893646240234,60.0333251953125,61.400325775146484,59.6824951171875,62.42595672607422,63.0079345703125,64.81512451171875,65.29930877685547,66.60330200195312,65.11528015136719,65.85590362548828,66.48307800292969,67.17886352539062,65.79513549804688,68.59300231933594,68.59300231933594,66.52819061279297,68.59300231933594,67.89698028564453,69.35416412353516,67.94115447998047,68.680419921875,68.62215423583984,68.59300231933594,67.17886352539062,68.01470184326172,67.88224792480469,66.48307800292969,67.20863342285156,65.19202423095703,66.60330200195312,63.70243453979492,65.11528015136719,61.073726654052734,60.4400520324707,60.80295944213867,59.203041076660156,56.40035629272461,57.688819885253906,56.30275344848633,53.33854293823242,53.23532485961914,51.89412307739258,53.3104133605957,52.55473327636719,50.9215087890625,46.840152740478516,45.7055778503418
0,-42,-96,20,13,64.41273498535156,60.41522979736328,62.7694206237793,60.539241790771484,61.032779693603516,60.728904724121094,60.63827133178711,59.228370666503906,61.188232421875,61.188232421875,63.95310592651367,64.49806213378906,64.38167572021484,64.38167572021484,64.28063201904297,66.18912506103516,66.12110137939453,67.11929321289062,67.06713104248047,67.02984619140625,66.06814575195312,67.02984619140625,68.06614685058594,68.02940368652344,67.02984619140625,69.065185546875,68.02940368652344,67.11929321289062,65.0691909790039,68.06614685058594,64.28063201904297,66.27216339111328,64.28063201904297,64.38167572021484,62.28964614868164,64.49806213378906,63.78871536254883,61.0,59.228370666503906,56.51548385620117,59.228370666503906,56.51548385620117,57.28001403808594,55.02726745605469,54.424259185791016,52.55473327636719,50.15974426269531,50.08992004394531,50.11985778808594,48.54894256591797,46.615447998046875,46.86149978637695
0,-43,-96,20,12,62.36986541748047,59.81638717651367,61.032779693603516,59.64059066772461,58.830265045166016,57.45433044433594,60.41522979736328,59.03388977050781,59.93329620361328,62.2414665222168,62.96824645996094,61.6846809387207,65.45991516113281,63.89052963256836,64.51356506347656,66.48307800292969,65.802734375,65.802734375,65.52098846435547,66.0984115600586,65.802734375,67.05221557617188,65.52098846435547,66.70832061767578,67.91170501708984,65.96968841552734,65.802734375,67.05221557617188,66.48307800292969,68.680419921875,66.40782928466797,65.45991516113281,65.78753662109375,62.3939094543457,62.7694206237793,62.3939094543457,62.7694206237793,60.926185607910156,59.50630187988281,58.13776779174805,59.4810905456543,56.35601043701172,56.4358024597168,54.708316802978516,52.430908203125,52.201534271240234,51.400390625,50.990196228027344,50.2493782043457,47.381431579589844,46.010868072509766,45.80392837524414
0,-42,-96,20,12,62.032249450683594,63.0079345703125,59.13543701171875,62.20128631591797,59.304298400878906,61.52235412597656,61.188232421875,60.41522979736328,60.87692642211914,59.203041076660156,64.8459701538086,64.19501495361328,64.51356506347656,65.45991516113281,67.06713104248047,65.0,68.15423583984375,64.25729370117188,67.62396240234375,67.62396240234375,66.30987548828125,68.94200134277344,65.79513549804688,67.11929321289062,67.62396240234375,69.35416412353516,68.94200134277344,65.39112854003906,68.54196166992188,65.0,67.779052734375,68.15423583984375,66.85057830810547,63.90618133544922,64.8459701538086,61.032779693603516,63.324562072753906,62.09669876098633,59.90826416015625,61.84658432006836,56.51548385620117,58.24946212768555,55.73149871826172,57.42821502685547,53.23532485961914,52.08646774291992,53.037723541259766,52.0,49.01020431518555,49.25444030761719,48.50773239135742,48.05205535888672
0,-43,-96,19,19,68.47627258300781,67.41661834716797,65.73431396484375,66.85057830810547,63.411354064941406,66.06814575195312,65.11528015136719,64.35060119628906,66.4680404663086,66.48307800292969,67.35725402832031,70.29224395751953,70.43436431884766,70.43436431884766,71.84010314941406,72.00694274902344,73.60027313232422,69.20259857177734,73.60027313232422,73.81734466552734,72.20111083984375,74.63243103027344,72.67048645019531,74.625732421875,75.45197296142578,74.06078338623047,76.02631378173828,72.67048645019531,76.27581787109375,72.67048645019531,72.80110168457031,72.20111083984375,72.80110168457031,68.4105224609375,70.43436431884766,68.24954223632812,68.11754608154297,66.60330200195312,65.79513549804688,64.38167572021484,62.22539520263672,62.93647766113281,61.61980056762695,58.898216247558594,57.80138397216797,56.61272048950195,55.803226470947266,56.603885650634766,54.20331954956055,52.801513671875,52.801513671875,51.865211486816406
0,-42,-96,20,13,63.60031509399414,63.60031509399414,64.66065216064453,61.057350158691406,60.90156173706055,59.93329620361328,62.2414665222168,62.3939094543457,62.96824645996094,63.24555206298828,64.19501495361328,65.802734375,65.802734375,67.72000885009766,67.44627380371094,68.65857696533203,66.2872543334961,66.94026947021484,69.05070495605469,71.02112579345703,68.06614685058594,68.88395690917969,68.06614685058594,70.03570556640625,69.05070495605469,69.05070495605469,69.05070495605469,70.03570556640625,68.06614685058594,70.21395874023438,67.26811981201172,69.42621612548828,68.65857696533203,65.73431396484375,65.96968841552734,66.21932983398438,63.324562072753906,63.5688591003418,61.35144805908203,61.6846809387207,60.16643524169922,58.872745513916016,59.09314727783203,55.94640350341797,56.36488342285156,53.23532485961914,53.33854293823242,53.0,52.801513671875,49.67897033691406,49.51767349243164,48.83646011352539
0,-42,-96,19,19,68.0,67.0,66.06814575195312,67.06713104248047,66.18912506103516,64.49806213378906,66.91038513183594,65.92420196533203,67.91170501708984,67.44627380371094,69.92138671875,69.57010650634766,71.47027587890625,70.57620239257812,72.42237091064453,71.86793518066406,72.09021759033203,72.23572540283203,73.9256362915039,73.9256362915039,72.23572540283203,74.32361602783203,74.32361602783203,74.6860122680664,75.1531753540039,74.73285675048828,77.38862609863281,74.73285675048828,74.24958038330078,74.73285675048828,73.00685119628906,73.16419982910156,71.86793518066406,69.57010650634766,71.16881561279297,69.89277648925781,68.94925689697266,68.00735473632812,68.00735473632812,67.18630981445312,64.28841400146484,63.324562072753906,63.95310592651367,61.0,59.53990173339844,57.42821502685547,55.145263671875,57.03507614135742,55.009090423583984,55.009090423583984,52.15361785888672,51.97114562988281
0,-42,-96,20,12,60.539241790771484,59.05929183959961,59.4810905456543,59.03388977050781,59.61543273925781,57.00876998901367,58.8217658996582,59.90826416015625,58.94064712524414,59.43904495239258,61.188232421875,62.169124603271484,63.78871536254883,61.814239501953125,63.639610290527344,65.4904556274414,64.28063201904297,64.38167572021484,65.27633666992188,65.19202423095703,65.19202423095703,65.19202423095703,65.12296295166016,65.0691909790039,66.18912506103516,65.0691909790039,66.18912506103516,66.18912506103516,65.19202423095703,66.12110137939453,64.38167572021484,64.28063201904297,64.38167572021484,63.50590515136719,63.50590515136719,61.66035842895508,61.66035842895508,59.84145736694336,59.03388977050781,58.46366500854492,56.75385284423828,55.081756591796875,55.081756591796875,53.75872039794922,53.141319274902344,50.695167541503906,49.24428939819336,50.08992004394531,49.24428939819336,47.70744323730469,46.04345703125,43.416587829589844
0,-42,-96,20,12,62.20128631591797,63.0079345703125,57.982757568359375,61.91122817993164,58.66856002807617,62.17716598510742,61.741397857666016,60.539241790771484,62.032249450683594,61.35144805908203,65.802734375,63.324562072753906,64.76110076904297,64.76110076904297,67.91170501708984,66.70832061767578,69.42621612548828,64.13267517089844,68.88395690917969,68.24954223632812,69.23149871826172,68.06614685058594,65.76473236083984,68.73136138916016,68.73136138916016,68.59300231933594,70.71067810058594,66.91038513183594,68.73136138916016,66.61080932617188,69.05070495605469,69.23149871826172,68.24954223632812,65.51335906982422,64.53681182861328,63.348243713378906,65.30696868896484,60.87692642211914,60.4400520324707,60.4400520324707,58.8217658996582,60.083274841308594,56.30275344848633,57.00876998901367,55.154327392578125,53.22593307495117,52.77309799194336,51.97114562988281,50.2493782043457,50.21951675415039,50.0,48.10405349731445
0,-42,-96,19,18,66.48307800292969,65.27633666992188,65.0691909790039,65.0076904296875,65.0,63.03173828125,64.19501495361328,64.28063201904297,65.6201171875,63.639610290527344,66.0984115600586,67.46851348876953,68.88395690917969,69.85699462890625,69.85699462890625,69.85699462890625,70.3420181274414,68.88395690917969,70.88018035888672,72.12489318847656,70.3420181274414,71.16881561279297,69.92138671875,71.16881561279297,71.47027587890625,73.37574768066406,73.08214569091797,71.16881561279297,73.08214569091797,71.56814575195312,70.0927963256836,71.56814575195312,69.85699462890625,66.94026947021484,68.24954223632812,67.26811981201172,66.2872543334961,64.77654266357422,65.6201171875,63.50590515136719,63.19810104370117,61.20457458496094,60.008331298828125,58.00862121582031,57.0,57.03507614135742,55.226806640625,54.230987548828125,51.788028717041016,52.17279052734375,50.96076965332031,48.703182220458984
0,-42,-96,19,18,68.4689712524414,64.62971496582031,66.4906005859375,64.53681182861328,64.03124237060547,63.89052963256836,64.8459701538086,62.96824645996094,65.0,65.30696868896484,68.42514038085938,69.77105712890625,70.23532104492188,67.11929321289062,69.35416412353516,70.8307876586914,69.6419448852539,69.46221923828125,70.72481536865234,71.86793518066406,72.40165710449219,71.86793518066406,70.49113464355469,72.11102294921875,70.45565795898438,72.94518280029297,72.94518280029297,72.40165710449219,72.94518280029297,72.40165710449219,71.34423828125,71.34423828125,69.35416412353516,69.35416412353516,68.88395690917969,68.42514038085938,68.88395690917969,64.88451385498047,63.158531188964844,62.2414665222168,61.46543884277344,61.46543884277344,60.083274841308594,59.4810905456543,59.203041076660156,57.723480224609375,57.070133209228516,54.7448616027832,54.451812744140625,53.037723541259766,53.00943374633789,51.088157653808594
0,-42,-96,20,12,60.41522979736328,58.13776779174805,58.18075180053711,57.775428771972656,56.64803695678711,56.920997619628906,57.28001403808594,56.04462432861328,57.48912811279297,59.228370666503906,58.85575485229492,61.66035842895508,63.639610290527344,63.50590515136719,63.3876953125,63.19810104370117,63.12685775756836,63.12685775756836,65.12296295166016,66.18912506103516,64.19501495361328,65.12296295166016,63.19810104370117,65.0076904296875,66.12110137939453,66.06814575195312,65.0076904296875,65.0691909790039,66.06814575195312,65.0691909790039,64.28063201904297,64.19501495361328,63.3876953125,62.513999938964844,62.513999938964844,60.530982971191406,59.6824951171875,59.03388977050781,58.85575485229492,58.46366500854492,56.51548385620117,55.54277801513672,55.081756591796875,53.75872039794922,52.81098556518555,50.695167541503906,51.4781494140625,50.08992004394531,48.87739944458008,47.16990661621094,46.615447998046875,44.68780517578125
0,-42,-96,19,18,66.12110137939453,65.0076904296875,65.0076904296875,64.07027435302734,65.19202423095703,61.52235412597656,62.801273345947266,64.13267517089844,65.51335906982422,66.94026947021484,67.44627380371094,68.3081283569336,67.67569732666016,68.3081283569336,68.62215423583984,70.57620239257812,70.38465881347656,69.6419448852539,70.38465881347656,70.38465881347656,70.93659210205078,72.61542510986328,69.85699462890625,71.58910369873047,71.58910369873047,71.58910369873047,72.49827575683594,71.17584228515625,71.17584228515625,71.58910369873047,69.46221923828125,70.00714111328125,70.00714111328125,69.28924560546875,68.94925689697266,68.62215423583984,64.8459701538086,65.802734375,65.52098846435547,62.09669876098633,63.78871536254883,59.66573715209961,60.20797348022461,57.706153869628906,57.42821502685547,55.3263053894043,56.080299377441406,54.00925827026367,55.0,52.15361785888672,51.35172653198242,50.21951675415039
0,-42,-96,20,12,64.40496826171875,61.22091293334961,62.36986541748047,60.30754470825195,59.396968841552734,59.396968841552734,60.20797348022461,60.20797348022461,60.4400520324707,63.0079345703125,63.82006072998047,64.07027435302734,63.812225341796875,64.66065216064453,64.66065216064453,66.24198150634766,65.76473236083984,65.76473236083984,64.88451385498047,65.76473236083984,65.3681869506836,68.0,66.64833068847656,66.18912506103516,67.97793579101562,66.64083099365234,68.42514038085938,68.42514038085938,65.7419204711914,67.97793579101562,65.29930877685547,66.24198150634766,65.0,65.0,64.14047241210938,63.28506851196289,61.91122817993164,61.29437255859375,61.29437255859375,58.600341796875,58.600341796875,56.40035629272461,59.03388977050781,53.413482666015625,53.075416564941406,52.32590103149414,50.93132781982422,51.7397346496582,50.6063232421875,49.40647888183594,49.09175109863281,46.06517028808594
0,-42,-96,19,18,65.0,65.0076904296875,63.12685775756836,63.12685775756836,61.400325775146484,61.66035842895508,62.169124603271484,61.84658432006836,63.06346130371094,63.60031509399414,65.14598846435547,66.128662109375,67.41661834716797,66.85057830810547,68.3520278930664,67.23094177246094,69.85699462890625,67.62396240234375,70.26378631591797,69.85699462890625,70.38465881347656,68.94200134277344,68.02940368652344,69.77105712890625,70.21395874023438,70.68238830566406,71.5541763305664,69.31810760498047,70.21395874023438,68.87670135498047,68.54196166992188,70.7742919921875,69.07966613769531,65.55150604248047,67.41661834716797,67.06713104248047,65.19202423095703,63.5688591003418,62.93647766113281,62.09669876098633,59.90826416015625,59.66573715209961,58.24946212768555,58.051700592041016,56.56854248046875,54.33230972290039,54.147945404052734,54.00925827026367,54.0,51.03919982910156,50.35871505737305,49.648765563964844
0,-42,-96,20,13,64.81512451171875,61.84658432006836,64.38167572021484,60.8276252746582,62.93647766113281,58.051700592041016,60.20797348022461,59.66573715209961,62.00806427001953,63.60031509399414,63.812225341796875,63.812225341796875,65.86349487304688,66.73080444335938,67.74215698242188,68.96376037597656,66.24198150634766,67.11929321289062,66.64833068847656,67.60177612304688,67.60177612304688,70.23532104492188,68.0,68.94200134277344,70.21395874023438,67.5351791381836,69.31810760498047,69.77105712890625,68.88395690917969,70.66116333007812,66.24198150634766,67.74215698242188,68.26419067382812,65.19202423095703,65.73431396484375,65.73431396484375,62.7694206237793,61.29437255859375,61.61168670654297,59.203041076660156,61.22091293334961,57.00876998901367,58.898216247558594,54.451812744140625,55.17245864868164,53.81449508666992,53.413482666015625,51.22499465942383,53.00943374633789,49.92995071411133,49.73931884765625,47.01063537597656
0,-42,-96,19,18,67.41661834716797,66.0302963256836,65.802734375,65.6048812866211,63.12685775756836,63.03173828125,64.35060119628906,64.38167572021484,63.70243453979492,64.81512451171875,67.00746154785156,68.00735473632812,69.63475799560547,70.21395874023438,71.84706115722656,69.63475799560547,71.28113555908203,69.065185546875,73.7834701538086,73.24616241455078,72.11102294921875,72.11102294921875,71.02112579345703,72.20111083984375,73.06161499023438,73.57308959960938,72.71863555908203,71.56116485595703,73.7834701538086,70.72481536865234,72.94518280029297,72.42237091064453,71.84706115722656,69.40460968017578,68.60028839111328,67.20118713378906,66.40029907226562,64.66065216064453,64.53681182861328,65.19202423095703,62.93647766113281,61.52235412597656,62.28964614868164,59.46427536010742,58.898216247558594,56.22277069091797,57.20139694213867,54.08327102661133,53.851646423339844,53.23532485961914,52.32590103149414,51.865211486816406
0,-42,-96,19,18,68.50547790527344,64.49806213378906,68.0,63.06346130371094,65.30696868896484,61.84658432006836,64.51356506347656,63.89052963256836,66.48307800292969,67.72000885009766,67.91170501708984,67.6830825805664,67.6830825805664,69.42621612548828,67.08203887939453,71.84706115722656,68.73136138916016,71.56814575195312,70.57620239257812,73.43704986572266,72.56031799316406,72.44308471679688,72.44308471679688,73.43704986572266,73.43704986572266,70.34912872314453,72.24956512451172,73.43704986572266,70.45565795898438,73.43704986572266,69.72087097167969,70.71067810058594,71.84706115722656,69.72087097167969,68.06614685058594,69.42621612548828,67.91170501708984,66.94026947021484,64.28841400146484,61.6846809387207,63.60031509399414,59.4810905456543,62.62587356567383,57.93962478637695,57.384666442871094,57.27128601074219,55.009090423583984,55.94640350341797,57.45433044433594,53.00943374633789,50.447994232177734,48.08325958251953
0,-42,-96,19,18,65.6201171875,64.77654266357422,62.96824645996094,65.11528015136719,63.78871536254883,63.324562072753906,63.24555206298828,62.96824645996094,63.694583892822266,63.976558685302734,66.24198150634766,67.11929321289062,68.96376037597656,68.60028839111328,70.23532104492188,67.23094177246094,69.97142028808594,67.74215698242188,72.71863555908203,70.8307876586914,70.8307876586914,70.32780456542969,69.3397445678711,71.84706115722656,71.84706115722656,70.45565795898438,72.94518280029297,70.1783447265625,72.94518280029297,69.63475799560547,71.34423828125,71.69379425048828,69.83551788330078,68.47627258300781,67.11929321289062,65.3681869506836,66.73080444335938,64.88451385498047,63.95310592651367,62.2414665222168,60.926185607910156,61.84658432006836,59.46427536010742,59.13543701171875,57.28001403808594,57.723480224609375,55.31726837158203,55.578773498535156,52.611785888671875,51.35172653198242,50.08992004394531,49.0
0,-42,-96,20,12,60.539241790771484,57.14017868041992,58.8217658996582,56.40035629272461,59.203041076660156,55.973209381103516,58.0,58.0,57.314918518066406,61.55485534667969,59.54829788208008,60.4400520324707,61.22091293334961,61.400325775146484,59.81638717651367,65.45991516113281,62.12889862060547,64.637451171875,62.12889862060547,63.51377868652344,64.07027435302734,64.8999252319336,65.73431396484375,65.0,64.66065216064453,62.96824645996094,65.51335906982422,66.0378646850586,61.400325775146484,67.41661834716797,62.68173599243164,64.637451171875,64.637451171875,63.60031509399414,61.400325775146484,63.60031509399414,60.605281829833984,59.03388977050781,58.13776779174805,54.5618896484375,57.384666442871094,53.75872039794922,56.58621597290039,52.32590103149414,50.93132781982422,49.67897033691406,50.0,49.648765563964844,49.39635467529297,47.41307830810547,46.957427978515625,43.65776062011719
0,-42,-96,20,12,62.36986541748047,61.717098236083984,60.80295944213867,59.64059066772461,58.52349853515625,60.90156173706055,59.53990173339844,59.4810905456543,62.169124603271484,59.61543273925781,62.3939094543457,63.90618133544922,64.51356506347656,65.78753662109375,67.06713104248047,65.802734375,66.0984115600586,65.802734375,65.802734375,67.05221557617188,66.0984115600586,67.35725402832031,66.48307800292969,66.94026947021484,69.12307739257812,68.4105224609375,68.96376037597656,68.00735473632812,68.96376037597656,66.7607650756836,65.78753662109375,66.73080444335938,66.48307800292969,64.8459701538086,66.30987548828125,62.7694206237793,62.3939094543457,61.32699203491211,61.269893646240234,59.4810905456543,58.18075180053711,59.16925048828125,56.603885650634766,56.30275344848633,53.00943374633789,51.855567932128906,53.413482666015625,52.345008850097656,51.62363815307617,50.2493782043457,48.27007293701172,46.87216567993164
0,-42,-96,19,18,66.21932983398438,64.28841400146484,64.8459701538086,64.62197875976562,61.84658432006836,62.60990524291992,60.41522979736328,62.265560150146484,64.14047241210938,64.07027435302734,67.42403411865234,66.40029907226562,66.84310150146484,66.84310150146484,68.88395690917969,69.52696990966797,70.76722717285156,68.7677230834961,70.72481536865234,70.76722717285156,70.03570556640625,71.44927978515625,70.00714111328125,71.44927978515625,72.83543395996094,70.72481536865234,71.4212875366211,70.71067810058594,71.4212875366211,70.00714111328125,70.00714111328125,70.03570556640625,69.35416412353516,68.01470184326172,68.11754608154297,65.94694519042969,64.66065216064453,63.25345993041992,62.801273345947266,63.60031509399414,60.216278076171875,60.464866638183594,58.52349853515625,57.45433044433594,57.30619430541992,53.66563034057617,54.5618896484375,53.3104133605957,52.201534271240234,51.54609680175781,50.96076965332031,49.648765563964844
0,-42,-96,20,12,63.24555206298828,58.600341796875,60.4400520324707,59.81638717651367,58.79625701904297,58.0,58.694122314453125,60.14149856567383,60.14149856567383,60.4400520324707,62.801273345947266,63.82006072998047,63.82006072998047,63.51377868652344,64.8999252319336,65.45991516113281,66.0378646850586,64.8999252319336,65.19202423095703,66.8879623413086,65.73431396484375,67.95587158203125,65.51335906982422,66.24198150634766,67.23094177246094,66.37017059326172,68.60028839111328,69.1158447265625,67.74215698242188,67.23094177246094,62.96824645996094,64.637451171875,65.45991516113281,64.637451171875,63.60031509399414,63.60031509399414,62.20128631591797,61.22091293334961,61.073726654052734,59.54829788208008,57.314918518066406,55.865909576416016,57.28001403808594,53.75872039794922,54.037025451660156,51.855567932128906,52.201534271240234,51.312767028808594,50.2493782043457,47.88528060913086,47.85394287109375,47.16990661621094
0,-42,-96,19,18,66.2872543334961,65.76473236083984,65.4904556274414,65.37583923339844,64.1248779296875,61.0,61.0,64.03124237060547,65.19202423095703,65.27633666992188,65.6201171875,66.0984115600586,70.03570556640625,70.21395874023438,71.38627624511719,70.21395874023438,70.8307876586914,68.88395690917969,69.85699462890625,69.63475799560547,70.61161041259766,71.80529022216797,70.0927963256836,71.84010314941406,72.80110168457031,71.30918884277344,75.69015502929688,72.7804946899414,73.75635528564453,70.3420181274414,68.44705963134766,69.42621612548828,70.40596771240234,69.23149871826172,69.72087097167969,66.91038513183594,65.6201171875,65.6201171875,65.37583923339844,65.27633666992188,63.071388244628906,61.032779693603516,60.0,57.0,57.07889175415039,57.21887969970703,56.22277069091797,56.56854248046875,52.95280838012695,52.17279052734375,51.244510650634766,48.46648406982422
0,-42,-96,19,17,64.28063201904297,61.400325775146484,63.78871536254883,60.20797348022461,60.41522979736328,60.16643524169922,60.4400520324707,60.728904724121094,61.6846809387207,62.7694206237793,63.56099319458008,64.8459701538086,65.29930877685547,65.76473236083984,65.29930877685547,67.60177612304688,66.37017059326172,66.73080444335938,67.23094177246094,66.24198150634766,66.24198150634766,68.09552001953125,67.41661834716797,68.50547790527344,69.3397445678711,69.3397445678711,71.02112579345703,69.3397445678711,68.79679870605469,69.3397445678711,67.23094177246094,66.24198150634766,66.64833068847656,65.29930877685547,64.8459701538086,64.8459701538086,62.17716598510742,63.071388244628906,63.158531188964844,61.46543884277344,61.09828186035156,57.584720611572266,58.18934631347656,54.120235443115234,53.851646423339844,53.93514633178711,52.611785888671875,55.44366455078125,51.244510650634766,51.15662384033203,50.0,47.095645904541016
0,-42,-96,19,18,66.24198150634766,66.24198150634766,64.88451385498047,65.0,62.62587356567383,64.51356506347656,63.89052963256836,63.06346130371094,64.32728576660156,65.11528015136719,66.0984115600586,67.60177612304688,69.46221923828125,67.47592163085938,69.35416412353516,72.24956512451172,71.11258697509766,69.1158447265625,71.00704193115234,69.02897644042969,71.0633544921875,72.00694274902344,70.028564453125,72.0,71.0,73.0,74.0,72.0,72.0,71.00704193115234,72.00694274902344,70.028564453125,70.11418914794922,67.11929321289062,69.1158447265625,66.27216339111328,67.47592163085938,64.49806213378906,65.4904556274414,63.95310592651367,61.814239501953125,62.169124603271484,60.41522979736328,59.66573715209961,58.24087905883789,56.32051086425781,55.973209381103516,55.36244201660156,53.3104133605957,53.712196350097656,51.4781494140625,52.430908203125
0,-42,-96,20,12,63.82006072998047,61.400325775146484,60.4400520324707,60.87692642211914,60.14149856567383,60.10823440551758,61.073726654052734,59.66573715209961,60.605281829833984,61.400325775146484,62.801273345947266,64.637451171875,64.637451171875,64.637451171875,64.8999252319336,66.8879623413086,65.86349487304688,66.37017059326172,66.24198150634766,65.76473236083984,66.73080444335938,65.76473236083984,66.24198150634766,66.24198150634766,68.96376037597656,67.60177612304688,68.47627258300781,67.60177612304688,66.73080444335938,67.11929321289062,67.74215698242188,67.74215698242188,65.51335906982422,65.19202423095703,62.96824645996094,64.07027435302734,63.60031509399414,61.22091293334961,60.4400520324707,61.073726654052734,58.898216247558594,56.7274169921875,57.314918518066406,54.451812744140625,54.451812744140625,53.15073013305664,51.855567932128906,52.801513671875,49.92995071411133,49.73931884765625,47.41307830810547,47.53945541381836
0,-42,-96,19,17,65.11528015136719,61.61168670654297,62.93647766113281,61.6846809387207,61.6846809387207,60.539241790771484,61.717098236083984,60.8276252746582,62.265560150146484,63.1347770690918,66.24198150634766,66.0378646850586,66.5732650756836,66.5732650756836,67.67569732666016,67.00746154785156,66.21932983398438,67.62396240234375,68.11754608154297,70.29224395751953,67.47592163085938,68.01470184326172,68.24954223632812,70.29224395751953,69.52696990966797,70.29224395751953,68.7677230834961,70.0927963256836,68.01470184326172,70.29224395751953,68.11754608154297,68.7677230834961,69.02897644042969,65.4369888305664,64.81512451171875,65.21502685546875,63.82006072998047,62.96824645996094,61.057350158691406,59.6824951171875,60.20797348022461,57.45433044433594,58.66856002807617,56.79788589477539,56.79788589477539,55.94640350341797,54.7813835144043,53.48831558227539,50.96076965332031,50.990196228027344,49.497474670410156,49.162994384765625
0,-42,-96,20,12,62.3939094543457,61.6846809387207,62.297672271728516,60.4400520324707,59.90826416015625,59.43904495239258,58.85575485229492,58.85575485229492,58.54912567138672,61.20457458496094,63.071388244628906,64.07027435302734,64.0078125,64.0,65.0,66.0,66.00757598876953,66.00757598876953,67.02984619140625,67.00746154785156,68.0,67.00746154785156,67.02984619140625,68.18357849121094,68.11754608154297,68.06614685058594,68.02940368652344,68.06614685058594,68.02940368652344,68.02940368652344,67.0,67.0,68.02940368652344,64.03124237060547,64.07027435302734,63.071388244628906,63.12685775756836,61.20457458496094,61.400325775146484,58.4208869934082,58.54912567138672,56.718605041503906,58.24946212768555,55.54277801513672,54.120235443115234,53.45091247558594,52.81098556518555,52.0,50.56678771972656,48.754486083984375,48.87739944458008,46.40043258666992
0,-42,-96,19,18,66.61080932617188,66.48307800292969,64.28063201904297,64.1248779296875,64.0,62.00806427001953,63.03173828125,63.12685775756836,65.27633666992188,65.76473236083984,66.2872543334961,67.6830825805664,67.91170501708984,69.12307739257812,71.0633544921875,68.4105224609375,70.60453033447266,69.6419448852539,70.88018035888672,71.0633544921875,69.37578582763672,72.2772445678711,69.2603759765625,72.44998168945312,72.73238372802734,73.05477142333984,72.42237091064453,72.42237091064453,74.04052734375,70.21395874023438,71.56814575195312,72.03471374511719,69.63475799560547,69.42621612548828,70.61161041259766,66.70832061767578,66.70832061767578,66.2872543334961,65.76473236083984,65.4904556274414,61.400325775146484,61.29437255859375,60.20797348022461,58.07753372192383,58.0,56.080299377441406,55.145263671875,55.44366455078125,54.451812744140625,53.600372314453125,51.195701599121094,50.59644317626953
0,-42,-96,20,12,63.82006072998047,62.00806427001953,61.073726654052734,60.95900344848633,60.10823440551758,59.396968841552734,60.14149856567383,61.717098236083984,59.81638717651367,60.80295944213867,64.07027435302734,62.96824645996094,65.19202423095703,65.51335906982422,65.51335906982422,65.3681869506836,65.76473236083984,66.24198150634766,66.64833068847656,65.76473236083984,66.73080444335938,67.11929321289062,66.64833068847656,66.64083099365234,67.5351791381836,67.97793579101562,69.31810760498047,67.60177612304688,68.42514038085938,66.64833068847656,66.24198150634766,67.23094177246094,66.73080444335938,64.14047241210938,66.8879623413086,62.96824645996094,63.51377868652344,61.85466766357422,61.85466766357422,60.0,58.2580451965332,59.03388977050781,57.48912811279297,54.488529205322266,53.75872039794922,52.345008850097656,51.6623649597168,52.009613037109375,50.6063232421875,50.477718353271484,48.87739944458008,47.85394287109375
0,-42,-96,19,18,66.48307800292969,64.19501495361328,65.03076171875,63.0079345703125,65.0076904296875,60.0333251953125,64.49806213378906,63.639610290527344,66.0984115600586,66.2872543334961,66.2872543334961,67.91170501708984,67.91170501708984,68.4105224609375,68.4105224609375,69.89277648925781,68.3520278930664,71.47027587890625,68.94925689697266,70.22820281982422,69.28924560546875,70.57620239257812,71.16881561279297,73.16419982910156,71.86793518066406,71.51223754882812,71.30918884277344,74.09453582763672,70.00714111328125,74.09453582763672,69.6419448852539,71.16881561279297,70.22820281982422,69.28924560546875,68.94925689697266,68.00735473632812,67.72000885009766,65.96968841552734,63.78871536254883,61.392181396484375,63.56099319458008,59.228370666503906,61.814239501953125,57.55866622924805,58.4208869934082,57.314918518066406,56.080299377441406,55.009090423583984,54.00925827026367,53.23532485961914,50.48762130737305,50.21951675415039
0,-42,-96,20,12,64.32728576660156,62.817195892333984,62.93647766113281,62.297672271728516,60.74536895751953,61.09828186035156,62.2414665222168,62.169124603271484,60.373836517333984,62.265560150146484,63.812225341796875,63.51377868652344,65.45991516113281,65.802734375,66.0302963256836,67.20118713378906,66.84310150146484,67.62396240234375,67.62396240234375,67.62396240234375,68.4105224609375,67.62396240234375,68.24954223632812,70.0927963256836,68.7677230834961,70.1783447265625,70.83784484863281,69.52696990966797,69.52696990966797,68.11754608154297,67.62396240234375,68.4105224609375,67.62396240234375,66.61080932617188,65.21502685546875,65.802734375,64.637451171875,62.68173599243164,60.464866638183594,62.433963775634766,60.539241790771484,59.9416389465332,58.18075180053711,57.245086669921875,55.154327392578125,54.7813835144043,54.08327102661133,54.120235443115234,53.600372314453125,50.447994232177734,49.648765563964844,48.093658447265625
0,-42,-96,19,19,68.26419067382812,65.0,66.64083099365234,64.8459701538086,65.0,63.324562072753906,64.19501495361328,64.56005096435547,65.25334930419922,66.4906005859375,67.26811981201172,68.06614685058594,68.88395690917969,69.72087097167969,69.72087097167969,71.34423828125,71.25306701660156,71.34423828125,71.11258697509766,71.11258697509766,71.17584228515625,73.17103576660156,72.06246948242188,74.02702331542969,73.02738952636719,73.00685119628906,73.00685119628906,72.06246948242188,72.00694274902344,73.02738952636719,71.11258697509766,72.17340087890625,73.24616241455078,69.35416412353516,70.45565795898438,68.35934448242188,68.59300231933594,66.91038513183594,64.93843078613281,64.93843078613281,64.32728576660156,62.36986541748047,63.78871536254883,60.4400520324707,58.8217658996582,57.87054443359375,57.00876998901367,55.54277801513672,54.120235443115234,53.33854293823242,52.69725036621094,50.6063232421875
0,-42,-96,20,12,62.96824645996094,61.814239501953125,60.29925537109375,61.20457458496094,61.00819778442383,58.0,60.008331298828125,60.0333251953125,61.13100814819336,61.20457458496094,62.513999938964844,63.78871536254883,64.93843078613281,66.0984115600586,65.76473236083984,64.53681182861328,65.73431396484375,64.53681182861328,65.73431396484375,68.65857696533203,66.4906005859375,67.6830825805664,66.70832061767578,68.680419921875,69.37578582763672,67.44627380371094,68.15423583984375,67.91170501708984,68.15423583984375,67.44627380371094,66.4906005859375,67.08203887939453,67.89698028564453,64.93843078613281,64.77654266357422,64.62971496582031,61.814239501953125,62.513999938964844,62.28964614868164,62.07253646850586,58.03447341918945,58.03447341918945,58.0,56.00892639160156,54.08327102661133,53.23532485961914,53.600372314453125,52.95280838012695,50.990196228027344,48.27007293701172,48.08325958251953,46.097721099853516
0,-42,-96,20,12,61.84658432006836,58.600341796875,60.8276252746582,59.9416389465332,60.0333251953125,56.603885650634766,58.24946212768555,58.600341796875,60.4400520324707,60.20797348022461,61.61980056762695,62.96824645996094,62.93647766113281,62.93647766113281,65.0691909790039,64.38167572021484,63.70243453979492,65.76473236083984,64.53681182861328,65.19202423095703,65.11528015136719,70.0927963256836,65.29930877685547,65.29930877685547,66.40029907226562,64.53681182861328,70.83784484863281,65.79513549804688,65.4369888305664,68.7677230834961,69.42621612548828,68.7677230834961,65.85590362548828,63.65532302856445,64.44377136230469,65.76473236083984,63.03173828125,61.61980056762695,61.073726654052734,59.41380310058594,59.81638717651367,59.203041076660156,57.42821502685547,54.08327102661133,54.37830352783203,53.712196350097656,51.0,50.990196228027344,51.4781494140625,49.648765563964844,48.764739990234375,47.85394287109375
0,-42,-96,19,19,69.02897644042969,66.18912506103516,68.4689712524414,64.62971496582031,67.08203887939453,65.11528015136719,67.6830825805664,66.21932983398438,68.3081283569336,68.94925689697266,69.6419448852539,71.69379425048828,72.91776275634766,72.01388549804688,72.09021759033203,73.79024505615234,72.00694274902344,72.89718627929688,71.11962127685547,73.79024505615234,73.34848022460938,73.79024505615234,74.24284362792969,76.32168579101562,74.4311752319336,75.66372680664062,74.70609283447266,75.66372680664062,72.94518280029297,76.5375747680664,72.89718627929688,74.24958038330078,74.73285675048828,72.09021759033203,71.69379425048828,72.09021759033203,69.46221923828125,69.28924560546875,66.73080444335938,67.35725402832031,68.62215423583984,63.89052963256836,65.96968841552734,61.61168670654297,60.8276252746582,60.406951904296875,59.53990173339844,57.14017868041992,57.0,55.0,55.081756591796875,54.58937454223633
0,-42,-96,19,18,66.0984115600586,66.0984115600586,62.3939094543457,65.27633666992188,62.032249450683594,64.0,62.0,62.12889862060547,64.19501495361328,63.50590515136719,64.62971496582031,67.89698028564453,67.46851348876953,67.91170501708984,69.63475799560547,67.6830825805664,70.0927963256836,68.88395690917969,70.0927963256836,70.8307876586914,71.80529022216797,72.53275299072266,67.72000885009766,70.51950073242188,73.68174743652344,73.08214569091797,72.12489318847656,71.30918884277344,71.84010314941406,69.37578582763672,70.8307876586914,71.80529022216797,70.61161041259766,67.6830825805664,70.21395874023438,66.2872543334961,67.46851348876953,65.76473236083984,65.6201171875,65.37583923339844,62.28964614868164,62.12889862060547,60.0333251953125,60.0,59.0,56.035701751708984,56.14267349243164,55.578773498535156,52.46903991699219,52.77309799194336,52.63079071044922,51.865211486816406
0,-42,-96,19,19,67.89698028564453,65.51335906982422,66.94026947021484,65.25334930419922,66.0984115600586,64.8459701538086,64.25729370117188,65.39112854003906,66.21178436279297,65.76473236083984,68.47627258300781,69.1158447265625,70.49113464355469,70.72481536865234,70.72481536865234,72.42237091064453,71.61005401611328,71.84706115722656,71.40028381347656,72.80110168457031,71.02816009521484,72.80110168457031,72.80110168457031,74.5184555053711,73.87828063964844,74.81310272216797,74.02702331542969,72.62230682373047,73.40980529785156,73.10950469970703,72.00694274902344,72.80110168457031,72.42237091064453,71.28113555908203,69.89277648925781,69.89277648925781,68.26419067382812,66.8879623413086,65.86349487304688,65.86349487304688,63.52952194213867,63.06346130371094,61.741397857666016,60.41522979736328,60.16643524169922,58.52349853515625,57.567352294921875,57.00876998901367,55.31726837158203,54.7448616027832,53.46026611328125,53.0
0,-42,-96,20,12,61.188232421875,62.801273345947266,60.29925537109375,59.21148681640625,58.215118408203125,60.0,58.07753372192383,59.21148681640625,60.20797348022461,60.406951904296875,61.814239501953125,64.13267517089844,64.32728576660156,64.32728576660156,65.73431396484375,64.76110076904297,65.25334930419922,63.78871536254883,66.7607650756836,65.802734375,65.52098846435547,66.7607650756836,66.0984115600586,66.40782928466797,66.40782928466797,66.40782928466797,69.89277648925781,66.0984115600586,68.3081283569336,65.45991516113281,65.52098846435547,66.21932983398438,67.44627380371094,65.0,64.76110076904297,63.78871536254883,62.36986541748047,62.169124603271484,61.66035842895508,60.67124557495117,57.314918518066406,58.4208869934082,57.21887969970703,55.081756591796875,53.00943374633789,53.0,52.038448333740234,52.08646774291992,49.25444030761719,49.81967544555664,48.27007293701172,47.434165954589844
0,-42,-96,19,18,66.70832061767578,64.13267517089844,65.6201171875,63.50590515136719,64.19501495361328,61.00819778442383,62.0,62.0,64.07027435302734,65.19202423095703,67.47592163085938,65.92420196533203,67.89698028564453,68.06614685058594,68.06614685058594,69.85699462890625,67.91170501708984,70.8307876586914,70.0927963256836,70.8307876586914,70.8307876586914,72.2772445678711,71.30918884277344,72.42237091064453,72.80110168457031,71.56814575195312,71.56814575195312,73.49829864501953,70.88018035888672,71.84010314941406,70.0927963256836,72.7804946899414,70.8307876586914,69.42621612548828,68.65857696533203,69.05070495605469,69.23149871826172,65.92420196533203,65.6201171875,62.513999938964844,64.49806213378906,59.41380310058594,62.12889862060547,57.03507614135742,57.00876998901367,57.03507614135742,57.03507614135742,56.14267349243164,55.578773498535156,53.600372314453125,52.17279052734375,49.33558654785156
0,-42,-96,20,12,61.20457458496094,60.13318634033203,61.0,60.0,58.07753372192383,58.215118408203125,58.694122314453125,58.85575485229492,60.01666259765625,60.63827133178711,62.817195892333984,61.6846809387207,64.56005096435547,64.8459701538086,64.8459701538086,66.40782928466797,64.8459701538086,66.40782928466797,67.06713104248047,66.73080444335938,66.73080444335938,67.06713104248047,67.41661834716797,67.23094177246094,67.779052734375,68.15423583984375,67.779052734375,68.62215423583984,66.40782928466797,66.48307800292969,66.40782928466797,66.0984115600586,66.0984115600586,64.28841400146484,64.56005096435547,64.03124237060547,63.78871536254883,61.392181396484375,61.0,58.85575485229492,58.694122314453125,57.314918518066406,58.13776779174805,55.145263671875,53.037723541259766,52.0,53.0,53.0848388671875,51.15662384033203,49.648765563964844,48.05205535888672,46.173583984375
0,-42,-96,20,12,61.400325775146484,60.8276252746582,59.43904495239258,60.63827133178711,58.94064712524414,58.8217658996582,58.872745513916016,59.236812591552734,60.926185607910156,59.4810905456543,61.717098236083984,63.52952194213867,64.0078125,64.49806213378906,65.86349487304688,64.66065216064453,65.73431396484375,65.19202423095703,67.42403411865234,67.67569732666016,65.45991516113281,67.42403411865234,66.85057830810547,68.60028839111328,68.60028839111328,68.818603515625,69.40460968017578,67.42403411865234,67.42403411865234,66.2872543334961,68.50547790527344,67.11929321289062,66.5732650756836,65.19202423095703,64.66065216064453,62.265560150146484,63.1347770690918,61.773780822753906,60.8276252746582,60.373836517333984,59.03388977050781,57.93962478637695,57.00876998901367,57.00876998901367,55.973209381103516,54.120235443115234,54.81787872314453,51.97114562988281,49.81967544555664,50.2493782043457,49.04079818725586,47.0
0,-42,-96,20,12,60.87692642211914,61.392181396484375,59.84145736694336,59.84145736694336,58.54912567138672,58.13776779174805,59.03388977050781,59.0,60.008331298828125,60.20797348022461,63.19810104370117,63.3876953125,63.639610290527344,63.639610290527344,63.639610290527344,64.62971496582031,65.11528015136719,65.76473236083984,65.30696868896484,65.30696868896484,65.92420196533203,67.26811981201172,66.4906005859375,66.94026947021484,68.65857696533203,67.6830825805664,68.65857696533203,67.26811981201172,67.26811981201172,68.44705963134766,65.76473236083984,67.08203887939453,66.75328063964844,63.50590515136719,64.49806213378906,63.50590515136719,63.3876953125,62.28964614868164,59.13543701171875,60.0333251953125,59.0,58.0,57.0,53.037723541259766,54.147945404052734,52.239830017089844,52.611785888671875,51.97114562988281,50.21951675415039,49.33558654785156,49.33558654785156,46.51881408691406
0,-42,-96,19,18,66.37017059326172,65.3681869506836,64.41273498535156,63.50590515136719,62.2414665222168,62.3939094543457,62.62587356567383,63.89052963256836,65.0,65.0,66.4906005859375,68.06614685058594,68.88395690917969,69.72087097167969,69.87130737304688,70.57620239257812,70.45565795898438,71.44927978515625,71.44927978515625,72.3394775390625,71.44927978515625,72.3394775390625,71.34423828125,73.17103576660156,73.24616241455078,73.24616241455078,72.44308471679688,71.44927978515625,73.43704986572266,73.33484649658203,70.45565795898438,71.84706115722656,70.85901641845703,69.87130737304688,69.23149871826172,68.44705963134766,67.26811981201172,66.94026947021484,65.96968841552734,63.89052963256836,63.89052963256836,61.032779693603516,62.032249450683594,59.80802536010742,57.775428771972656,57.27128601074219,56.35601043701172,56.4358024597168,54.08327102661133,53.600372314453125,51.22499465942383,49.51767349243164
0,-42,-96,19,17,62.2414665222168,63.25345993041992,61.84658432006836,62.801273345947266,60.216278076171875,60.74536895751953,62.265560150146484,60.8276252746582,61.269893646240234,62.2414665222168,63.158531188964844,65.0,66.48307800292969,66.128662109375,68.00735473632812,68.00735473632812,68.00735473632812,65.802734375,68.680419921875,69.6419448852539,68.96376037597656,70.60453033447266,67.44627380371094,71.0633544921875,70.0927963256836,71.0633544921875,70.3420181274414,69.12307739257812,71.0633544921875,69.12307739257812,70.60453033447266,69.6419448852539,68.96376037597656,68.00735473632812,66.73080444335938,65.78753662109375,64.19501495361328,63.324562072753906,63.158531188964844,63.158531188964844,60.41522979736328,59.93329620361328,57.697486877441406,59.53990173339844,56.4358024597168,54.37830352783203,54.64430618286133,54.4058837890625,51.088157653808594,52.40229034423828,50.20956039428711,49.67897033691406
0,-42,-96,20,12,61.6846809387207,60.728904724121094,58.94064712524414,59.66573715209961,57.87054443359375,58.85575485229492,58.30952072143555,58.215118408203125,59.07622146606445,59.00847244262695,62.00806427001953,63.03173828125,63.03173828125,63.19810104370117,64.1248779296875,64.38167572021484,64.49806213378906,63.50590515136719,64.77654266357422,65.6201171875,64.77654266357422,65.76473236083984,64.77654266357422,66.4906005859375,67.08203887939453,67.89698028564453,69.23149871826172,65.11528015136719,67.89698028564453,66.2872543334961,63.78871536254883,65.76473236083984,63.50590515136719,63.50590515136719,64.28063201904297,63.3876953125,61.20457458496094,62.20128631591797,61.073726654052734,61.073726654052734,58.00862121582031,59.0,56.0,54.00925827026367,53.15073013305664,53.23532485961914,52.46903991699219,50.990196228027344,48.27007293701172,48.50773239135742,48.383880615234375,47.423622131347656
0,-42,-96,20,12,59.66573715209961,59.54829788208008,55.865909576416016,57.28001403808594,55.973209381103516,56.080299377441406,56.85068130493164,56.40035629272461,58.00862121582031,56.603885650634766,60.0333251953125,60.41522979736328,61.29437255859375,62.60990524291992,64.41273498535156,63.50590515136719,63.976558685302734,61.269893646240234,63.976558685302734,63.071388244628906,62.60990524291992,63.976558685302734,62.64982223510742,63.694583892822266,65.0,65.92420196533203,65.39112854003906,63.976558685302734,66.64083099365234,63.56099319458008,64.40496826171875,65.29930877685547,63.1347770690918,61.773780822753906,61.91122817993164,60.539241790771484,60.90156173706055,59.6824951171875,57.982757568359375,58.24946212768555,55.217750549316406,57.80138397216797,54.037025451660156,55.31726837158203,53.75872039794922,50.93132781982422,51.6623649597168,50.447994232177734,47.801673889160156,48.010414123535156,46.87216567993164,46.06517028808594
0,-42,-96,19,18,65.6201171875,63.150611877441406,64.53681182861328,63.06346130371094,62.64183807373047,63.24555206298828,62.3939094543457,61.84658432006836,63.071388244628906,64.41273498535156,65.3681869506836,66.37017059326172,68.26419067382812,67.95587158203125,67.95587158203125,69.63475799560547,69.63475799560547,69.065185546875,70.21395874023438,70.21395874023438,69.63475799560547,70.80254364013672,69.40460968017578,72.4706802368164,73.24616241455078,72.00694274902344,72.62230682373047,71.84010314941406,70.60453033447266,71.40028381347656,69.02897644042969,70.21395874023438,69.63475799560547,68.50547790527344,68.50547790527344,69.065185546875,67.95587158203125,64.66065216064453,64.49806213378906,62.265560150146484,62.17716598510742,60.835845947265625,60.41522979736328,57.775428771972656,58.30952072143555,56.30275344848633,55.36244201660156,55.36244201660156,53.15073013305664,52.611785888671875,51.35172653198242,50.0
0,-42,-96,19,18,67.44627380371094,65.73431396484375,64.13267517089844,62.96824645996094,63.50590515136719,63.19810104370117,63.071388244628906,65.0,65.0,65.19202423095703,66.12110137939453,65.27633666992188,69.46221923828125,68.4689712524414,69.58448028564453,72.56031799316406,72.69112396240234,69.72087097167969,71.19690704345703,71.19690704345703,70.03570556640625,71.19690704345703,71.38627624511719,72.7804946899414,72.7804946899414,72.7804946899414,72.56720733642578,73.34848022460938,73.16419982910156,72.36711883544922,72.83543395996094,71.84706115722656,71.70076751708984,69.58448028564453,68.4689712524414,68.35934448242188,68.18357849121094,65.12296295166016,66.0302963256836,65.0076904296875,65.0,64.0,61.032779693603516,59.07622146606445,59.21148681640625,56.56854248046875,57.706153869628906,55.31726837158203,53.851646423339844,54.4058837890625,52.201534271240234,53.22593307495117
0,-42,-96,19,18,65.0,63.89052963256836,64.53681182861328,61.55485534667969,62.2414665222168,59.46427536010742,62.62587356567383,62.00806427001953,64.40496826171875,64.637451171875,67.11929321289062,66.37017059326172,67.74215698242188,68.47627258300781,70.71067810058594,71.5541763305664,68.87670135498047,68.42514038085938,68.87670135498047,71.58910369873047,71.5541763305664,71.58910369873047,71.11258697509766,71.69379425048828,71.58910369873047,71.58910369873047,73.00685119628906,72.09021759033203,72.09021759033203,73.00685119628906,69.31810760498047,71.58910369873047,71.11258697509766,71.58910369873047,68.0,68.47627258300781,66.8879623413086,66.5732650756836,64.8999252319336,62.42595672607422,65.45991516113281,61.61168670654297,62.62587356567383,59.66573715209961,57.628116607666016,55.90169906616211,56.56854248046875,54.451812744140625,53.90732955932617,53.600372314453125,50.774009704589844,50.537113189697266
0,-42,-96,19,18,64.53681182861328,65.19202423095703,64.35060119628906,63.65532302856445,62.36986541748047,63.25345993041992,62.00806427001953,62.68173599243164,63.28506851196289,63.631752014160156,65.3681869506836,66.24198150634766,69.31810760498047,67.5351791381836,69.7782211303711,69.85699462890625,68.94200134277344,68.02940368652344,70.57620239257812,70.00714111328125,70.00714111328125,70.00714111328125,70.00714111328125,71.16881561279297,71.51223754882812,70.93659210205078,71.51223754882812,71.16881561279297,73.16419982910156,70.93659210205078,70.93659210205078,70.38465881347656,70.38465881347656,68.94200134277344,70.26378631591797,67.5425796508789,65.76473236083984,65.3681869506836,65.3681869506836,63.631752014160156,62.7694206237793,62.12889862060547,61.032779693603516,58.8217658996582,57.00876998901367,56.7274169921875,55.226806640625,55.17245864868164,55.17245864868164,53.26349639892578,52.009613037109375,51.4781494140625
0,-42,-96,20,12,60.87692642211914,58.94064712524414,60.728904724121094,58.8217658996582,57.00876998901367,56.859474182128906,59.03388977050781,58.18075180053711,58.66856002807617,58.830265045166016,61.032779693603516,60.80295944213867,64.40496826171875,61.400325775146484,64.40496826171875,65.6048812866211,66.06814575195312,64.20280456542969,66.06814575195312,66.06814575195312,66.21932983398438,66.06814575195312,64.66065216064453,66.52819061279297,66.60330200195312,67.26811981201172,68.11754608154297,68.88395690917969,66.06814575195312,66.70832061767578,67.00746154785156,67.00746154785156,65.802734375,64.637451171875,63.82006072998047,64.637451171875,63.24555206298828,60.74536895751953,58.830265045166016,58.830265045166016,59.4810905456543,56.82429122924805,58.13776779174805,54.12947463989258,54.230987548828125,52.81098556518555,53.16013717651367,51.6623649597168,50.447994232177734,50.990196228027344,47.26520919799805,46.010868072509766
0,-42,-96,19,18,66.61080932617188,62.801273345947266,65.29930877685547,61.55485534667969,65.05382537841797,60.87692642211914,63.25345993041992,62.62587356567383,64.637451171875,66.85057830810547,66.85057830810547,66.8879623413086,67.41661834716797,66.37017059326172,68.60028839111328,71.5541763305664,68.87670135498047,71.11258697509766,69.7782211303711,71.58910369873047,71.11258697509766,71.17584228515625,73.34848022460938,72.09021759033203,71.58910369873047,72.09021759033203,73.00685119628906,74.73285675048828,71.30918884277344,76.15773010253906,72.01388549804688,72.44998168945312,73.34848022460938,68.88395690917969,68.87670135498047,71.58910369873047,68.47627258300781,67.41661834716797,65.19202423095703,63.51377868652344,64.66065216064453,60.74536895751953,63.82006072998047,60.605281829833984,57.628116607666016,58.898216247558594,55.865909576416016,55.865909576416016,54.5618896484375,52.801513671875,52.69725036621094,49.24428939819336
0,-42,-96,19,18,67.26811981201172,64.93843078613281,64.38167572021484,64.28063201904297,64.03124237060547,63.0079345703125,63.03173828125,64.07027435302734,63.19810104370117,65.27633666992188,65.4904556274414,66.75328063964844,66.91038513183594,70.21395874023438,69.05070495605469,70.61161041259766,69.85699462890625,70.8307876586914,68.88395690917969,70.8307876586914,70.61161041259766,71.30918884277344,71.0633544921875,71.56814575195312,72.03471374511719,72.2772445678711,72.53275299072266,73.24616241455078,73.00685119628906,73.24616241455078,69.63475799560547,72.56720733642578,70.21395874023438,69.05070495605469,69.05070495605469,69.05070495605469,67.74215698242188,65.37583923339844,65.27633666992188,64.19501495361328,65.0691909790039,63.0079345703125,62.0,59.0,57.03507614135742,57.21887969970703,57.42821502685547,56.718605041503906,55.31726837158203,53.16013717651367,52.81098556518555,51.078372955322266
0,-42,-96,19,18,63.95310592651367,65.92420196533203,62.3939094543457,65.4904556274414,61.073726654052734,62.00806427001953,62.032249450683594,62.12889862060547,63.3876953125,64.38167572021484,65.76473236083984,66.0984115600586,67.08203887939453,68.65857696533203,69.42621612548828,67.91170501708984,69.85699462890625,68.88395690917969,71.84010314941406,69.92138671875,69.37578582763672,69.92138671875,69.92138671875,70.21395874023438,72.12489318847656,72.12489318847656,74.3303451538086,70.88018035888672,72.12489318847656,71.30918884277344,71.56814575195312,70.3420181274414,70.0927963256836,67.91170501708984,68.44705963134766,67.46851348876953,67.08203887939453,65.76473236083984,64.77654266357422,65.4904556274414,62.28964614868164,62.28964614868164,60.074954986572266,60.0333251953125,57.0,57.00876998901367,55.081756591796875,56.32051086425781,51.62363815307617,52.39274597167969,50.695167541503906,49.97999572753906
0,-42,-96,20,12,59.81638717651367,58.2580451965332,59.396968841552734,59.396968841552734,60.10823440551758,58.898216247558594,58.600341796875,58.00862121582031,60.20797348022461,60.20797348022461,62.68173599243164,61.91122817993164,63.1347770690918,63.1347770690918,64.0078125,65.30696868896484,65.30696868896484,65.30696868896484,65.39112854003906,67.23094177246094,64.88451385498047,68.15423583984375,65.79513549804688,67.23094177246094,67.11929321289062,67.23094177246094,67.779052734375,67.23094177246094,67.23094177246094,68.54196166992188,66.30987548828125,66.30987548828125,67.11929321289062,65.7419204711914,64.8459701538086,64.88451385498047,62.7694206237793,60.74536895751953,60.20797348022461,59.07622146606445,60.20797348022461,56.30275344848633,58.600341796875,55.44366455078125,55.973209381103516,54.5618896484375,53.037723541259766,52.32590103149414,52.49761962890625,48.82622146606445,49.92995071411133,46.957427978515625
0,-42,-96,19,18,66.0,64.0,64.03124237060547,65.12296295166016,62.513999938964844,61.814239501953125,62.36986541748047,62.09669876098633,64.03124237060547,65.802734375,66.40782928466797,68.3520278930664,69.28924560546875,68.3520278930664,69.07966613769531,69.85699462890625,69.7782211303711,70.21395874023438,71.11258697509766,70.66116333007812,71.17584228515625,72.44998168945312,71.5541763305664,72.00694274902344,73.34848022460938,72.44998168945312,73.35530090332031,72.89718627929688,71.5541763305664,73.35530090332031,70.26378631591797,72.91776275634766,72.49827575683594,70.38465881347656,69.07966613769531,70.00714111328125,69.07966613769531,66.73080444335938,65.45991516113281,64.8459701538086,63.60031509399414,61.98386764526367,64.03124237060547,60.41522979736328,58.051700592041016,57.55866622924805,56.4358024597168,57.14017868041992,55.0,54.00925827026367,51.15662384033203,49.648765563964844
0,-42,-96,19,19,68.09552001953125,65.73431396484375,67.20118713378906,65.0,63.25345993041992,62.28964614868164,62.93647766113281,65.11528015136719,65.19202423095703,64.66065216064453,67.00746154785156,68.60028839111328,70.21395874023438,70.21395874023438,70.45565795898438,71.02112579345703,71.86793518066406,70.49113464355469,71.69379425048828,73.06161499023438,72.56031799316406,72.4706802368164,69.83551788330078,74.24284362792969,74.70609283447266,73.82411193847656,74.70609283447266,73.82411193847656,74.24284362792969,74.24284362792969,72.06941223144531,73.9256362915039,74.4311752319336,71.02112579345703,71.02112579345703,71.28113555908203,69.63475799560547,68.00735473632812,67.80117797851562,66.21932983398438,65.4369888305664,63.89052963256836,62.28964614868164,60.14149856567383,61.52235412597656,59.41380310058594,58.13776779174805,56.85068130493164,55.0,54.37830352783203,55.07267761230469,51.89412307739258
0,-42,-96,19,18,65.79513549804688,64.35060119628906,63.78087615966797,62.62587356567383,62.00806427001953,61.032779693603516,61.91122817993164,63.631752014160156,64.88451385498047,64.40496826171875,66.18912506103516,68.54196166992188,68.15423583984375,67.779052734375,69.6419448852539,70.22820281982422,68.62215423583984,69.89277648925781,71.16881561279297,71.16881561279297,71.16881561279297,71.84010314941406,71.84010314941406,71.30918884277344,72.53275299072266,73.24616241455078,73.00685119628906,71.56814575195312,72.80110168457031,73.76313781738281,69.2603759765625,72.12489318847656,71.47027587890625,68.94925689697266,69.89277648925781,69.28924560546875,68.3520278930664,65.92420196533203,64.47480010986328,64.40496826171875,63.071388244628906,63.50590515136719,61.29437255859375,58.66856002807617,58.30952072143555,57.982757568359375,56.859474182128906,56.40035629272461,54.671749114990234,55.17245864868164,51.62363815307617,50.447994232177734
0,-42,-96,19,18,65.27633666992188,64.49806213378906,61.814239501953125,62.36986541748047,59.90826416015625,62.09669876098633,60.74536895751953,61.46543884277344,62.2414665222168,61.741397857666016,64.41273498535156,65.76473236083984,66.73080444335938,67.23094177246094,67.74215698242188,68.26419067382812,69.89277648925781,68.50547790527344,69.065185546875,69.63475799560547,69.63475799560547,70.21395874023438,69.63475799560547,71.40028381347656,72.20111083984375,71.40028381347656,72.62230682373047,70.21395874023438,72.00694274902344,70.80254364013672,71.84706115722656,71.02816009521484,70.45565795898438,68.50547790527344,68.50547790527344,67.41661834716797,66.8879623413086,65.3681869506836,65.3681869506836,64.41273498535156,63.50590515136719,63.50590515136719,61.32699203491211,59.61543273925781,58.30952072143555,55.36244201660156,56.61272048950195,55.081756591796875,52.39274597167969,51.62363815307617,52.345008850097656,51.03919982910156
0,-42,-96,20,12,61.29437255859375,60.216278076171875,59.203041076660156,59.03388977050781,58.051700592041016,58.0,58.694122314453125,58.051700592041016,58.898216247558594,59.81638717651367,60.605281829833984,62.42595672607422,64.07027435302734,64.07027435302734,66.2872543334961,64.14047241210938,65.86349487304688,63.631752014160156,66.73080444335938,66.73080444335938,65.3681869506836,66.73080444335938,65.51335906982422,66.64833068847656,68.47627258300781,66.24198150634766,69.83551788330078,68.60028839111328,67.60177612304688,66.73080444335938,66.8879623413086,67.74215698242188,66.5732650756836,66.2872543334961,66.2872543334961,64.637451171875,63.82006072998047,64.20280456542969,61.84658432006836,61.073726654052734,58.898216247558594,59.46427536010742,57.314918518066406,57.28001403808594,54.488529205322266,53.26349639892578,53.413482666015625,52.201534271240234,50.477718353271484,50.2493782043457,49.19349670410156,47.53945541381836
0,-42,-96,19,18,65.6048812866211,63.60031509399414,65.45991516113281,61.587337493896484,63.631752014160156,60.8276252746582,62.64982223510742,62.64982223510742,62.96824645996094,65.78753662109375,66.73080444335938,67.72000885009766,69.12307739257812,67.91170501708984,66.94026947021484,71.58910369873047,68.06614685058594,71.38627624511719,69.87130737304688,70.85901641845703,72.18032836914062,71.70076751708984,72.00694274902344,73.43704986572266,72.56031799316406,72.69112396240234,72.44308471679688,73.68174743652344,72.44308471679688,74.4311752319336,70.71067810058594,72.69112396240234,72.83543395996094,69.23149871826172,68.06614685058594,69.23149871826172,68.24954223632812,65.51335906982422,65.73431396484375,63.06346130371094,65.96968841552734,61.13100814819336,63.89052963256836,59.13543701171875,60.16643524169922,56.859474182128906,56.79788589477539,54.5618896484375,55.07267761230469,54.37830352783203,53.600372314453125,50.447994232177734
0,-42,-96,19,18,65.0076904296875,63.03173828125,65.27633666992188,63.28506851196289,62.96824645996094,61.188232421875,61.84658432006836,60.16643524169922,62.64183807373047,63.5688591003418,63.694583892822266,65.39112854003906,67.62396240234375,68.44705963134766,68.02940368652344,70.66116333007812,68.42514038085938,68.88395690917969,69.83551788330078,69.77105712890625,69.77105712890625,70.71067810058594,68.60028839111328,72.40165710449219,71.19690704345703,71.34423828125,71.69379425048828,72.94518280029297,71.69379425048828,72.56031799316406,71.11962127685547,70.66116333007812,70.68238830566406,68.87670135498047,68.44705963134766,68.94200134277344,66.70832061767578,65.92420196533203,66.48307800292969,64.8459701538086,61.98386764526367,59.77457809448242,62.09669876098633,58.694122314453125,58.051700592041016,55.578773498535156,56.56854248046875,57.21887969970703,54.08327102661133,54.0,51.088157653808594,49.648765563964844
0,-42,-96,20,12,61.61168670654297,59.40538787841797,59.81638717651367,58.898216247558594,58.051700592041016,57.982757568359375,57.314918518066406,57.48912811279297,59.03388977050781,59.203041076660156,60.464866638183594,62.433963775634766,62.433963775634766,63.1347770690918,63.631752014160156,64.49806213378906,64.0078125,64.49806213378906,65.76473236083984,65.76473236083984,65.76473236083984,65.76473236083984,66.18912506103516,65.79513549804688,65.79513549804688,66.64083099365234,67.08203887939453,67.5351791381836,67.08203887939453,65.7419204711914,64.41273498535156,67.11929321289062,65.86349487304688,65.86349487304688,64.49806213378906,61.91122817993164,63.631752014160156,61.29437255859375,61.29437255859375,60.216278076171875,58.600341796875,58.41232681274414,56.7274169921875,55.31726837158203,55.226806640625,52.32590103149414,52.345008850097656,52.49761962890625,51.400390625,50.21951675415039,48.54894256591797,46.957427978515625
0,-42,-96,19,18,64.47480010986328,62.7694206237793,64.25729370117188,61.98386764526367,61.6846809387207,61.61168670654297,62.36986541748047,62.801273345947266,64.49806213378906,65.27633666992188,65.19202423095703,67.06713104248047,67.0,68.0,70.0,71.00704193115234,71.02816009521484,71.02816009521484,70.11418914794922,70.06425476074219,69.02897644042969,71.17584228515625,70.1783447265625,71.44927978515625,73.33484649658203,72.3394775390625,73.24616241455078,72.24956512451172,72.17340087890625,72.17340087890625,70.11418914794922,71.11258697509766,71.02816009521484,69.0,69.0,70.0,68.0,65.0076904296875,65.03076171875,63.19810104370117,62.12889862060547,62.28964614868164,60.530982971191406,58.54912567138672,57.87054443359375,57.723480224609375,57.00876998901367,56.32051086425781,53.48831558227539,53.3104133605957,52.32590103149414,49.73931884765625
0,-42,-96,19,18,66.48307800292969,64.25729370117188,62.93647766113281,62.64183807373047,62.09669876098633,61.0,62.96824645996094,61.66035842895508,63.50590515136719,63.12685775756836,66.06814575195312,66.0,67.00746154785156,69.0,70.0,68.02940368652344,69.065185546875,69.02897644042969,71.17584228515625,71.0633544921875,70.00714111328125,71.0633544921875,70.06425476074219,72.56031799316406,71.25306701660156,72.44308471679688,73.17103576660156,71.11258697509766,72.17340087890625,72.17340087890625,72.06246948242188,73.0,71.0,69.00724792480469,69.00724792480469,68.02940368652344,67.00746154785156,66.06814575195312,65.19202423095703,63.28506851196289,62.513999938964844,61.52235412597656,60.01666259765625,61.188232421875,59.203041076660156,56.32051086425781,54.424259185791016,55.71355438232422,55.54277801513672,54.5618896484375,51.4781494140625,50.21951675415039
0,-42,-96,20,12,59.396968841552734,58.694122314453125,58.051700592041016,58.79625701904297,56.22277069091797,56.859474182128906,57.14017868041992,56.93856430053711,59.05929183959961,59.03388977050781,60.835845947265625,62.7694206237793,62.032249450683594,61.6846809387207,64.62197875976562,64.51356506347656,64.51356506347656,64.51356506347656,65.802734375,66.0984115600586,64.51356506347656,65.802734375,64.56005096435547,66.70832061767578,66.21932983398438,65.96968841552734,68.15423583984375,66.21932983398438,69.12307739257812,66.21932983398438,66.0984115600586,66.0984115600586,66.0984115600586,64.51356506347656,64.51356506347656,61.98386764526367,63.5688591003418,61.6846809387207,60.539241790771484,59.09314727783203,58.18075180053711,56.859474182128906,55.4707145690918,55.4707145690918,54.20331954956055,51.62363815307617,51.400390625,52.201534271240234,49.20365905761719,48.27007293701172,47.381431579589844,46.097721099853516
0,-42,-96,19,18,65.51335906982422,63.95310592651367,62.513999938964844,63.50590515136719,60.29925537109375,60.0333251953125,60.0,63.071388244628906,65.0691909790039,63.3876953125,64.49806213378906,65.92420196533203,67.08203887939453,68.65857696533203,69.05070495605469,69.85699462890625,67.91170501708984,66.4906005859375,68.88395690917969,68.65857696533203,68.88395690917969,70.8307876586914,69.12307739257812,69.92138671875,71.56814575195312,71.84010314941406,74.72616577148438,73.00685119628906,73.97972869873047,71.30918884277344,70.8307876586914,70.40596771240234,70.21395874023438,69.23149871826172,70.85901641845703,66.91038513183594,66.75328063964844,65.6201171875,66.37017059326172,65.27633666992188,62.032249450683594,63.03173828125,60.0,58.0,57.07889175415039,57.14017868041992,56.32051086425781,55.90169906616211,53.93514633178711,52.63079071044922,51.244510650634766,50.15974426269531
0,-42,-96,20,12,63.51377868652344,61.400325775146484,61.073726654052734,57.48912811279297,58.0,58.694122314453125,60.14149856567383,60.20797348022461,61.073726654052734,61.400325775146484,63.0079345703125,64.07027435302734,63.51377868652344,62.96824645996094,64.35060119628906,66.73080444335938,65.76473236083984,66.73080444335938,66.24198150634766,67.60177612304688,67.60177612304688,68.0,67.11929321289062,68.87670135498047,69.31810760498047,69.77105712890625,68.88395690917969,68.88395690917969,68.0,68.88395690917969,66.24198150634766,67.74215698242188,67.74215698242188,67.11929321289062,66.5732650756836,66.2872543334961,65.51335906982422,63.0079345703125,63.0079345703125,60.605281829833984,60.4400520324707,57.48912811279297,58.898216247558594,55.973209381103516,55.17245864868164,53.75872039794922,54.671749114990234,53.413482666015625,51.61395263671875,51.62363815307617,48.87739944458008,46.51881408691406
0,-42,-96,19,18,65.03076171875,66.12110137939453,62.513999938964844,63.50590515136719,62.169124603271484,62.36986541748047,61.13100814819336,61.98386764526367,62.62587356567383,63.694583892822266,65.79513549804688,67.5425796508789,68.42514038085938,66.64833068847656,69.77105712890625,68.88395690917969,68.96376037597656,69.46221923828125,70.1783447265625,72.20111083984375,69.97142028808594,71.69379425048828,69.1158447265625,72.11102294921875,72.40165710449219,73.24616241455078,73.49829864501953,72.40165710449219,72.40165710449219,71.02112579345703,71.69379425048828,72.20111083984375,72.06941223144531,69.35416412353516,70.66116333007812,68.0,68.0,65.7419204711914,64.88451385498047,64.47480010986328,63.324562072753906,62.3939094543457,61.09828186035156,60.083274841308594,59.203041076660156,58.694122314453125,57.27128601074219,55.73149871826172,54.451812744140625,54.230987548828125,53.00943374633789,52.08646774291992
0,-42,-96,19,17,62.297672271728516,61.032779693603516,62.7694206237793,60.008331298828125,59.93329620361328,59.05929183959961,60.0333251953125,60.20797348022461,61.032779693603516,63.60031509399414,64.81512451171875,64.53681182861328,66.60330200195312,65.11528015136719,68.01470184326172,67.88224792480469,67.17886352539062,66.48307800292969,67.89698028564453,70.00714111328125,67.89698028564453,69.35416412353516,68.59300231933594,71.58910369873047,70.83784484863281,70.0927963256836,70.72481536865234,70.0927963256836,69.35416412353516,69.35416412353516,69.3108901977539,70.71067810058594,70.00714111328125,67.94115447998047,67.26811981201172,67.26811981201172,65.85590362548828,65.29930877685547,62.481998443603516,62.00806427001953,62.801273345947266,60.216278076171875,60.464866638183594,58.52349853515625,55.56977462768555,55.4707145690918,54.5618896484375,53.712196350097656,52.55473327636719,51.26402282714844,50.447994232177734,49.648765563964844
0,-42,-96,20,12,61.61980056762695,59.03388977050781,60.216278076171875,57.688819885253906,55.75840759277344,56.4358024597168,57.245086669921875,57.697486877441406,58.694122314453125,60.539241790771484,61.6846809387207,62.297672271728516,62.93647766113281,64.28841400146484,63.60031509399414,64.76110076904297,64.53681182861328,64.76110076904297,65.51335906982422,66.2872543334961,65.30696868896484,66.2872543334961,67.26811981201172,66.75328063964844,66.91038513183594,65.92420196533203,68.73136138916016,68.73136138916016,66.0984115600586,68.73136138916016,66.0984115600586,67.46851348876953,67.26811981201172,64.53681182861328,64.76110076904297,64.76110076904297,63.06346130371094,60.728904724121094,61.032779693603516,60.728904724121094,61.032779693603516,57.584720611572266,57.00876998901367,54.230987548828125,55.03635025024414,53.66563034057617,52.839378356933594,51.62363815307617,51.865211486816406,49.81967544555664,48.27007293701172,48.08325958251953
0,-42,-96,19,18,63.976558685302734,63.95310592651367,62.64982223510742,62.7694206237793,59.90826416015625,60.216278076171875,63.0079345703125,61.073726654052734,60.95900344848633,62.96824645996094,65.76473236083984,65.85590362548828,67.89698028564453,66.52819061279297,67.89698028564453,69.52696990966797,69.65629577636719,68.11754608154297,70.43436431884766,71.0633544921875,69.52696990966797,70.43436431884766,67.47592163085938,71.61005401611328,70.0,72.00694274902344,73.24616241455078,71.21797180175781,72.00694274902344,71.21797180175781,70.1783447265625,72.34638977050781,71.44927978515625,68.59300231933594,68.59300231933594,67.89698028564453,67.17886352539062,66.48307800292969,64.38167572021484,63.78087615966797,63.25345993041992,61.84658432006836,60.80295944213867,59.64059066772461,57.45433044433594,55.94640350341797,55.4707145690918,53.712196350097656,53.712196350097656,51.865211486816406,51.54609680175781,50.0099983215332
0,-42,-96,20,12,63.071388244628906,58.30952072143555,61.6846809387207,58.52349853515625,60.16643524169922,57.48912811279297,59.03388977050781,58.694122314453125,60.406951904296875,62.513999938964844,62.3939094543457,63.28506851196289,65.19202423095703,64.1248779296875,64.07027435302734,68.0,64.0,68.0,66.0,67.00746154785156,65.0,68.02940368652344,69.0,68.0,69.0,68.00735473632812,69.02897644042969,71.0,68.0,71.00704193115234,67.00746154785156,68.00735473632812,68.06614685058594,67.02984619140625,66.12110137939453,66.18912506103516,65.37583923339844,62.64982223510742,61.814239501953125,60.01666259765625,61.98386764526367,57.87054443359375,59.66573715209961,54.81787872314453,55.36244201660156,53.45091247558594,53.48831558227539,53.3104133605957,53.23532485961914,51.107730865478516,49.92995071411133,49.04079818725586
0,-42,-96,19,18,62.62587356567383,63.24555206298828,64.03124237060547,63.78871536254883,60.20797348022461,61.66035842895508,62.20128631591797,62.12889862060547,62.032249450683594,62.0,65.0,66.0302963256836,68.00735473632812,66.18912506103516,69.2603759765625,69.35416412353516,71.44927978515625,68.4689712524414,71.56814575195312,70.57620239257812,72.44308471679688,70.85901641845703,68.73136138916016,72.00694274902344,71.70076751708984,73.55270385742188,72.99314880371094,70.57620239257812,73.82411193847656,70.57620239257812,71.44927978515625,70.45565795898438,71.25306701660156,68.35934448242188,69.1158447265625,67.18630981445312,67.00746154785156,65.0,65.0,65.0,62.00806427001953,63.12685775756836,60.29925537109375,59.41380310058594,58.54912567138672,56.88584899902344,57.070133209228516,53.600372314453125,52.49761962890625,52.55473327636719,51.89412307739258,48.87739944458008
0,-42,-96,20,12,61.587337493896484,61.400325775146484,59.4810905456543,59.03388977050781,57.27128601074219,57.384666442871094,58.872745513916016,59.4810905456543,59.4810905456543,58.46366500854492,62.169124603271484,61.66035842895508,63.78871536254883,63.639610290527344,64.62971496582031,64.28063201904297,67.36467742919922,64.28063201904297,67.18630981445312,65.19202423095703,65.4904556274414,66.12110137939453,65.12296295166016,68.00735473632812,67.06713104248047,68.00735473632812,68.06614685058594,68.11754608154297,68.06614685058594,67.02984619140625,66.12110137939453,67.18630981445312,65.37583923339844,63.50590515136719,64.49806213378906,62.3939094543457,63.3876953125,60.8276252746582,60.01666259765625,60.01666259765625,59.43904495239258,58.694122314453125,55.785301208496094,56.04462432861328,53.75872039794922,53.48831558227539,51.078372955322266,50.990196228027344,49.648765563964844,48.3735466003418,47.16990661621094,48.010414123535156
0,-42,-96,20,12,61.52235412597656,58.0,60.95900344848633,56.22277069091797,59.81638717651367,55.4707145690918,58.830265045166016,58.30952072143555,57.706153869628906,62.169124603271484,61.32699203491211,63.158531188964844,62.032249450683594,62.3939094543457,61.6846809387207,66.73080444335938,63.24555206298828,66.73080444335938,64.19501495361328,65.14598846435547,66.40782928466797,66.40782928466797,67.44627380371094,65.96968841552734,65.802734375,65.25334930419922,66.7607650756836,69.2603759765625,65.802734375,69.92138671875,66.40782928466797,66.40782928466797,65.19202423095703,65.55150604248047,63.694583892822266,66.128662109375,63.90618133544922,60.926185607910156,59.93329620361328,57.245086669921875,60.41522979736328,56.35601043701172,59.16925048828125,54.708316802978516,54.64430618286133,52.201534271240234,53.413482666015625,50.990196228027344,50.93132781982422,49.51767349243164,47.50789260864258,45.80392837524414
0,-42,-96,19,18,64.56005096435547,61.13100814819336,62.36986541748047,62.169124603271484,61.66035842895508,61.29437255859375,62.12889862060547,62.032249450683594,63.0,64.0078125,64.1248779296875,66.37017059326172,66.61080932617188,66.61080932617188,67.47592163085938,68.06614685058594,68.06614685058594,68.06614685058594,69.23149871826172,71.19690704345703,70.03570556640625,70.21395874023438,68.65857696533203,72.03471374511719,72.03471374511719,70.8307876586914,73.24616241455078,72.7804946899414,70.8307876586914,73.00685119628906,70.40596771240234,70.03570556640625,72.18032836914062,68.88395690917969,68.88395690917969,68.73136138916016,66.61080932617188,65.4904556274414,65.27633666992188,63.19810104370117,64.19501495361328,60.008331298828125,60.0,58.0,58.07753372192383,57.314918518066406,55.44366455078125,53.600372314453125,55.54277801513672,52.39274597167969,51.244510650634766,50.695167541503906
0,-42,-96,19,18,65.27633666992188,64.07027435302734,64.03124237060547,65.0,62.032249450683594,62.07253646850586,61.52235412597656,61.98386764526367,65.11528015136719,63.348243713378906,67.18630981445312,67.18630981445312,68.680419921875,67.72000885009766,69.2603759765625,70.22820281982422,71.16881561279297,68.94925689697266,71.16881561279297,72.44998168945312,69.28924560546875,71.51223754882812,69.28924560546875,72.23572540283203,73.38937377929688,72.80110168457031,73.73601531982422,72.11102294921875,72.11102294921875,70.22820281982422,71.7844009399414,71.47027587890625,71.16881561279297,70.3420181274414,70.3420181274414,68.15423583984375,67.91170501708984,66.0984115600586,65.92420196533203,65.76473236083984,63.50590515136719,62.513999938964844,61.400325775146484,60.13318634033203,59.03388977050781,57.0,57.00876998901367,56.14267349243164,54.451812744140625,52.77309799194336,51.41984176635742,50.28916549682617
0,-42,-96,20,12,60.10823440551758,59.41380310058594,57.48912811279297,59.03388977050781,57.20139694213867,56.035701751708984,57.982757568359375,58.66856002807617,58.18075180053711,58.600341796875,60.926185607910156,60.74536895751953,62.032249450683594,62.62587356567383,64.62197875976562,65.45991516113281,65.45991516113281,63.5688591003418,66.40782928466797,66.40782928466797,66.128662109375,66.73080444335938,64.8459701538086,65.96968841552734,66.48307800292969,68.00735473632812,68.96376037597656,67.05221557617188,68.00735473632812,66.0984115600586,66.40782928466797,66.48307800292969,66.128662109375,63.158531188964844,63.56099319458008,63.158531188964844,62.7694206237793,60.835845947265625,60.835845947265625,60.41522979736328,59.53990173339844,57.80138397216797,56.603885650634766,54.918121337890625,55.217750549316406,54.037025451660156,51.855567932128906,52.32590103149414,48.79549026489258,48.91830062866211,48.27007293701172,47.434165954589844
0,-42,-96,19,18,65.7419204711914,63.50590515136719,64.07807922363281,62.7694206237793,63.5688591003418,61.98386764526367,63.06346130371094,63.78871536254883,64.13267517089844,63.95310592651367,65.4904556274414,66.37017059326172,66.27216339111328,68.18357849121094,68.18357849121094,70.028564453125,69.0,71.00704193115234,69.0,72.00694274902344,71.02816009521484,73.00685119628906,71.00704193115234,72.00694274902344,73.0,73.0,73.0,72.0,72.0,73.0,71.00704193115234,71.11258697509766,72.17340087890625,69.2603759765625,72.24956512451172,70.45565795898438,68.4689712524414,65.4904556274414,65.76473236083984,65.30696868896484,63.95310592651367,62.169124603271484,62.817195892333984,59.203041076660156,56.61272048950195,56.64803695678711,55.54277801513672,57.27128601074219,55.4707145690918,54.20331954956055,51.865211486816406,50.6063232421875
0,-42,-96,19,18,64.88451385498047,64.62197875976562,62.62587356567383,62.96824645996094,61.400325775146484,62.817195892333984,62.36986541748047,62.801273345947266,64.93843078613281,63.3876953125,66.27216339111328,67.02984619140625,69.0,68.00735473632812,69.00724792480469,69.0,72.00694274902344,68.0,72.00694274902344,72.0,71.0,71.02816009521484,70.00714111328125,72.24956512451172,73.17103576660156,73.24616241455078,73.06161499023438,72.02777099609375,73.02738952636719,72.02777099609375,73.00685119628906,71.0,72.00694274902344,69.065185546875,70.028564453125,68.0,67.06713104248047,68.06614685058594,64.28063201904297,65.4904556274414,63.50590515136719,63.78871536254883,61.0,58.24946212768555,59.203041076660156,56.32051086425781,56.30275344848633,56.080299377441406,54.625999450683594,53.22593307495117,52.35456085205078,51.03919982910156
0,-42,-96,19,19,66.21932983398438,64.637451171875,64.8999252319336,64.14047241210938,63.631752014160156,61.269893646240234,61.32699203491211,63.694583892822266,64.25729370117188,65.45991516113281,68.00735473632812,68.4105224609375,69.12307739257812,68.88395690917969,69.85699462890625,70.40596771240234,71.02112579345703,70.40596771240234,71.02112579345703,72.99314880371094,72.99314880371094,72.83543395996094,70.85901641845703,73.55270385742188,74.81310272216797,73.68174743652344,74.81310272216797,74.96665954589844,75.80237579345703,73.82411193847656,72.36711883544922,74.14849853515625,70.21395874023438,71.58910369873047,70.8307876586914,69.85699462890625,67.91170501708984,68.4105224609375,67.35725402832031,65.45991516113281,64.8459701538086,62.96824645996094,62.3939094543457,59.61543273925781,59.93329620361328,57.706153869628906,57.30619430541992,57.45433044433594,55.4707145690918,53.600372314453125,53.90732955932617,50.20956039428711
0,-42,-96,19,17,65.19202423095703,62.297672271728516,62.361846923828125,62.09669876098633,60.20797348022461,61.66035842895508,61.29437255859375,62.20128631591797,62.032249450683594,65.03076171875,66.0,66.00757598876953,68.06614685058594,67.06713104248047,68.06614685058594,68.35934448242188,68.4689712524414,70.25667572021484,71.44927978515625,71.56814575195312,70.45565795898438,71.84706115722656,70.85901641845703,72.99314880371094,71.84706115722656,71.84706115722656,72.99314880371094,72.00694274902344,71.02112579345703,71.84706115722656,71.44927978515625,71.44927978515625,71.34423828125,70.25667572021484,70.25667572021484,69.1158447265625,68.11754608154297,66.0302963256836,65.0,64.0,63.0,62.0,62.12889862060547,58.215118408203125,57.314918518066406,55.578773498535156,54.12947463989258,56.08921432495117,53.851646423339844,53.75872039794922,51.62363815307617,49.658836364746094
0,-42,-96,20,12,60.01666259765625,58.694122314453125,58.94064712524414,59.203041076660156,55.6596794128418,57.00876998901367,57.775428771972656,58.13776779174805,59.53990173339844,59.16925048828125,61.400325775146484,61.29437255859375,62.96824645996094,64.637451171875,64.07027435302734,65.21502685546875,63.82006072998047,65.21502685546875,66.40029907226562,66.40029907226562,65.21502685546875,65.802734375,65.6048812866211,66.84310150146484,67.62396240234375,66.84310150146484,68.4105224609375,67.80117797851562,67.80117797851562,67.20118713378906,66.85057830810547,67.67569732666016,66.2872543334961,66.0378646850586,63.812225341796875,63.28506851196289,63.631752014160156,61.400325775146484,59.4810905456543,59.03388977050781,58.18075180053711,57.775428771972656,57.00876998901367,54.7813835144043,54.708316802978516,53.16013717651367,51.41984176635742,51.97114562988281,50.80354309082031,52.15361785888672,48.010414123535156,47.04253387451172
0,-42,-96,20,12,61.717098236083984,60.95900344848633,58.694122314453125,60.10823440551758,58.13776779174805,59.03388977050781,57.42821502685547,59.6824951171875,59.6824951171875,59.6824951171875,62.265560150146484,63.95310592651367,63.50590515136719,63.50590515136719,63.976558685302734,65.0,66.85057830810547,65.55150604248047,66.85057830810547,67.06713104248047,67.41661834716797,66.73080444335938,67.06713104248047,67.67569732666016,68.62215423583984,68.00735473632812,69.2603759765625,68.94925689697266,67.67569732666016,66.40782928466797,67.06713104248047,66.73080444335938,67.41661834716797,66.85057830810547,65.92420196533203,64.47480010986328,63.56099319458008,62.169124603271484,62.169124603271484,62.169124603271484,59.9416389465332,59.4810905456543,57.14017868041992,56.603885650634766,55.75840759277344,53.25410842895508,52.201534271240234,51.855567932128906,51.62363815307617,50.2493782043457,47.50789260864258,48.60041046142578
0,-42,-96,19,18,65.37583923339844,64.28063201904297,61.073726654052734,64.0,60.0,61.032779693603516,63.19810104370117,61.400325775146484,62.64982223510742,62.36986541748047,65.0,66.48307800292969,68.4105224609375,68.00735473632812,68.15423583984375,67.35725402832031,71.16881561279297,68.00735473632812,71.16881561279297,69.57010650634766,70.21395874023438,71.47027587890625,69.28924560546875,71.17584228515625,70.93659210205078,71.51223754882812,72.44998168945312,71.16881561279297,73.05477142333984,70.22820281982422,71.16881561279297,70.88018035888672,70.60453033447266,69.37578582763672,68.15423583984375,66.94026947021484,66.94026947021484,66.94026947021484,65.30696868896484,65.76473236083984,61.52235412597656,62.513999938964844,59.21148681640625,60.20797348022461,57.00876998901367,57.0,56.080299377441406,54.230987548828125,52.46903991699219,51.62363815307617,50.21951675415039,51.244510650634766
0,-42,-96,20,12,61.400325775146484,58.8217658996582,58.872745513916016,59.236812591552734,57.697486877441406,58.13776779174805,55.94640350341797,58.30952072143555,57.982757568359375,59.07622146606445,60.605281829833984,61.84658432006836,63.78087615966797,63.12685775756836,65.29930877685547,64.53681182861328,64.44377136230469,63.78087615966797,65.0691909790039,65.79513549804688,65.79513549804688,67.17886352539062,65.0691909790039,67.17886352539062,66.4680404663086,66.4680404663086,67.88224792480469,67.89698028564453,67.89698028564453,66.4680404663086,65.85590362548828,66.52819061279297,67.26811981201172,63.78087615966797,65.4369888305664,64.66065216064453,62.62587356567383,62.00806427001953,60.80295944213867,60.216278076171875,57.982757568359375,58.830265045166016,57.45433044433594,55.07267761230469,55.4707145690918,52.801513671875,52.39274597167969,50.9215087890625,50.28916549682617,50.0,48.05205535888672,47.26520919799805
0,-42,-96,20,12,62.42595672607422,59.81638717651367,59.66573715209961,58.79625701904297,58.694122314453125,57.314918518066406,58.898216247558594,59.03388977050781,60.80295944213867,58.600341796875,61.85466766357422,62.96824645996094,64.66065216064453,61.91122817993164,64.0078125,64.8459701538086,64.8459701538086,64.8459701538086,66.21178436279297,67.11929321289062,67.11929321289062,66.21178436279297,64.88451385498047,66.30987548828125,68.02940368652344,68.54196166992188,68.15423583984375,68.54196166992188,67.62396240234375,68.15423583984375,66.64083099365234,68.02940368652344,67.5425796508789,65.29930877685547,64.8459701538086,64.41273498535156,64.0078125,61.91122817993164,62.433963775634766,60.20797348022461,59.90826416015625,58.52349853515625,58.00862121582031,56.40035629272461,55.60575485229492,53.90732955932617,53.81449508666992,52.32590103149414,50.32891845703125,51.400390625,48.25971221923828,48.3735466003418
0,-42,-96,19,19,67.67569732666016,65.802734375,65.73431396484375,66.4906005859375,64.77654266357422,64.77654266357422,64.1248779296875,64.0078125,66.0,66.00757598876953,68.00735473632812,68.18357849121094,70.25667572021484,69.18092346191406,70.45565795898438,73.82411193847656,72.00694274902344,73.82411193847656,73.82411193847656,74.3303451538086,72.99314880371094,74.3303451538086,72.00694274902344,75.70997619628906,74.3303451538086,75.70997619628906,74.73285675048828,75.50496673583984,74.73285675048828,74.52516174316406,74.96665954589844,74.14849853515625,72.99314880371094,72.83543395996094,71.70076751708984,71.44927978515625,72.3394775390625,68.11754608154297,67.06713104248047,66.00757598876953,66.0,64.0,64.0078125,62.07253646850586,61.13100814819336,58.13776779174805,57.706153869628906,58.051700592041016,55.54277801513672,56.04462432861328,54.7813835144043,54.12947463989258
0,-42,-96,19,18,66.64083099365234,64.49806213378906,61.91122817993164,64.35060119628906,61.400325775146484,62.00806427001953,63.03173828125,63.70243453979492,64.35060119628906,67.20863342285156,65.85590362548828,67.35725402832031,68.88395690917969,69.81404113769531,70.43436431884766,70.80254364013672,70.45565795898438,69.63475799560547,71.02816009521484,72.94518280029297,72.67048645019531,72.11102294921875,72.11102294921875,74.625732421875,73.7834701538086,74.625732421875,74.625732421875,76.00657653808594,74.625732421875,72.40165710449219,71.28113555908203,73.23933410644531,72.42237091064453,72.20111083984375,70.21395874023438,71.21797180175781,69.02897644042969,66.70832061767578,67.26811981201172,65.85590362548828,65.19202423095703,62.96824645996094,63.639610290527344,59.46427536010742,59.46427536010742,58.2580451965332,58.41232681274414,56.859474182128906,55.75840759277344,54.58937454223633,52.77309799194336,51.26402282714844
0,-42,-96,20,12,61.032779693603516,58.830265045166016,61.400325775146484,58.5918083190918,58.600341796875,57.775428771972656,58.872745513916016,58.872745513916016,58.52349853515625,60.4400520324707,61.61168670654297,64.32728576660156,62.801273345947266,63.78871536254883,63.95310592651367,66.37017059326172,67.18630981445312,67.36467742919922,65.27633666992188,66.27216339111328,66.37017059326172,67.18630981445312,68.18357849121094,68.06614685058594,68.18357849121094,68.06614685058594,68.11754608154297,69.18092346191406,67.11929321289062,69.065185546875,67.18630981445312,68.26419067382812,68.35934448242188,64.62971496582031,65.4904556274414,65.76473236083984,64.77654266357422,62.96824645996094,61.98386764526367,59.43904495239258,60.20797348022461,59.228370666503906,58.94064712524414,55.36244201660156,55.36244201660156,53.851646423339844,52.39274597167969,53.22593307495117,52.839378356933594,49.73931884765625,49.648765563964844,46.86149978637695
0,-42,-96,20,12,60.67124557495117,59.03388977050781,59.90826416015625,57.00876998901367,58.52349853515625,59.13543701171875,57.93962478637695,57.775428771972656,58.600341796875,60.373836517333984,60.41522979736328,61.400325775146484,62.265560150146484,62.433963775634766,62.433963775634766,65.45991516113281,66.2872543334961,64.637451171875,66.0302963256836,65.21502685546875,65.45991516113281,66.61080932617188,65.21502685546875,67.80117797851562,67.20118713378906,67.42403411865234,67.80117797851562,67.80117797851562,67.42403411865234,67.80117797851562,65.45991516113281,66.2872543334961,66.5732650756836,64.66065216064453,64.49806213378906,65.0,64.0078125,61.29437255859375,59.93329620361328,59.93329620361328,59.50630187988281,57.384666442871094,58.872745513916016,55.973209381103516,55.6596794128418,54.120235443115234,52.17279052734375,50.990196228027344,50.80354309082031,49.25444030761719,49.04079818725586,47.01063537597656
0,-42,-96,20,13,62.00806427001953,60.20797348022461,62.2414665222168,60.10823440551758,59.46427536010742,58.2580451965332,60.0,58.24946212768555,60.20797348022461,61.057350158691406,61.91122817993164,65.3681869506836,64.41273498535156,65.7419204711914,65.7419204711914,66.30987548828125,66.30987548828125,65.39112854003906,66.85057830810547,67.779052734375,65.92420196533203,67.779052734375,67.779052734375,67.41661834716797,67.779052734375,68.70953369140625,69.6419448852539,68.70953369140625,69.07966613769531,68.70953369140625,68.15423583984375,69.07966613769531,67.11929321289062,64.40496826171875,65.7419204711914,67.08203887939453,64.88451385498047,63.631752014160156,62.7694206237793,60.539241790771484,60.20797348022461,57.688819885253906,57.42821502685547,56.40035629272461,54.20331954956055,53.26349639892578,53.81449508666992,53.037723541259766,50.990196228027344,50.447994232177734,48.010414123535156,48.87739944458008
0,-42,-96,19,18,63.631752014160156,63.50590515136719,62.64982223510742,62.64982223510742,60.539241790771484,62.62587356567383,61.13100814819336,60.16643524169922,61.84658432006836,63.348243713378906,65.76473236083984,65.76473236083984,65.6201171875,67.60177612304688,68.4689712524414,67.18630981445312,70.11418914794922,67.18630981445312,71.0633544921875,70.028564453125,69.1158447265625,71.00704193115234,68.02940368652344,71.0,73.02738952636719,71.0633544921875,73.02738952636719,69.065185546875,73.02738952636719,71.02816009521484,70.11418914794922,70.1783447265625,70.34912872314453,68.4689712524414,68.4689712524414,67.47592163085938,66.75328063964844,66.0984115600586,66.0984115600586,64.53681182861328,60.63827133178711,61.84658432006836,60.16643524169922,59.77457809448242,57.87054443359375,56.080299377441406,53.851646423339844,54.5618896484375,52.35456085205078,51.107730865478516,52.801513671875,49.67897033691406
0,-42,-96,19,19,69.2603759765625,66.27216339111328,67.89698028564453,65.92420196533203,65.51335906982422,61.400325775146484,66.0984115600586,66.128662109375,64.62197875976562,69.46221923828125,69.7782211303711,70.21395874023438,71.11962127685547,71.58910369873047,69.83551788330078,75.66372680664062,72.71863555908203,75.29276275634766,72.94518280029297,74.09453582763672,72.71863555908203,75.47184753417969,74.88658142089844,75.1664810180664,75.1664810180664,74.88658142089844,76.02631378173828,79.32212829589844,75.7165756225586,77.93586730957031,74.625732421875,74.94664764404297,74.94664764404297,73.06161499023438,70.71067810058594,74.30342864990234,72.00694274902344,69.7782211303711,67.5425796508789,66.21178436279297,69.46221923828125,63.694583892822266,64.8459701538086,60.406951904296875,61.032779693603516,58.52349853515625,59.43904495239258,59.228370666503906,58.85575485229492,56.32051086425781,55.03635025024414,52.08646774291992
0,-42,-96,20,12,58.830265045166016,58.52349853515625,59.40538787841797,57.80138397216797,57.48912811279297,58.0,56.58621597290039,58.0,58.13776779174805,59.81638717651367,61.400325775146484,63.0079345703125,62.20128631591797,63.24555206298828,64.637451171875,64.14047241210938,63.631752014160156,65.0,65.3681869506836,66.37017059326172,65.51335906982422,66.37017059326172,65.76473236083984,67.08203887939453,67.11929321289062,66.64833068847656,67.5351791381836,66.24198150634766,68.0,65.29930877685547,66.24198150634766,67.23094177246094,66.8879623413086,63.51377868652344,65.19202423095703,62.96824645996094,62.96824645996094,60.80295944213867,60.605281829833984,59.81638717651367,58.2580451965332,56.85068130493164,55.973209381103516,55.226806640625,53.75872039794922,53.037723541259766,52.40229034423828,50.447994232177734,50.0,49.09175109863281,47.88528060913086,46.957427978515625
0,-42,-96,20,13,64.13267517089844,60.530982971191406,62.28964614868164,60.29925537109375,61.073726654052734,60.0,60.008331298828125,61.032779693603516,60.13318634033203,61.400325775146484,64.38167572021484,64.77654266357422,65.11528015136719,65.11528015136719,65.30696868896484,68.44705963134766,65.73431396484375,67.46851348876953,66.21932983398438,67.91170501708984,68.88395690917969,68.88395690917969,69.37578582763672,67.72000885009766,68.680419921875,69.6419448852539,69.37578582763672,72.03471374511719,66.94026947021484,69.12307739257812,68.24954223632812,69.23149871826172,69.05070495605469,67.08203887939453,67.60177612304688,67.89698028564453,64.62971496582031,64.38167572021484,63.28506851196289,60.13318634033203,62.07253646850586,60.0333251953125,60.0,57.00876998901367,57.07889175415039,55.145263671875,54.451812744140625,52.95280838012695,52.39274597167969,50.96076965332031,51.54609680175781,48.84669876098633
0,-42,-96,20,12,62.7694206237793,60.16643524169922,61.032779693603516,60.728904724121094,57.00876998901367,59.228370666503906,57.87054443359375,58.694122314453125,59.304298400878906,61.20457458496094,63.071388244628906,64.03124237060547,63.0,65.0,64.0,66.0,67.00746154785156,67.02984619140625,67.11929321289062,69.065185546875,67.00746154785156,67.11929321289062,68.06614685058594,68.18357849121094,69.065185546875,68.18357849121094,69.02897644042969,68.06614685058594,68.06614685058594,69.02897644042969,68.00735473632812,68.0,68.0,66.0302963256836,66.06814575195312,65.03076171875,65.12296295166016,63.19810104370117,62.3939094543457,60.8276252746582,59.6824951171875,57.706153869628906,58.24946212768555,55.54277801513672,54.120235443115234,53.75872039794922,53.48831558227539,51.4781494140625,50.537113189697266,50.11985778808594,51.107730865478516,47.01063537597656
0,-42,-96,19,18,65.79513549804688,64.62197875976562,63.5688591003418,64.19501495361328,61.13100814819336,61.392181396484375,62.36986541748047,63.639610290527344,64.49806213378906,64.19501495361328,66.06814575195312,68.00735473632812,69.00724792480469,67.0,69.0,69.0,70.06425476074219,68.00735473632812,71.11258697509766,71.00704193115234,71.02816009521484,73.02738952636719,70.1783447265625,73.24616241455078,73.24616241455078,73.10950469970703,73.17103576660156,73.10950469970703,73.17103576660156,72.11102294921875,73.00685119628906,72.0,73.0,71.02816009521484,70.00714111328125,67.00746154785156,68.02940368652344,65.0691909790039,66.27216339111328,65.4904556274414,62.513999938964844,63.50590515136719,61.188232421875,59.43904495239258,58.94064712524414,56.32051086425781,55.6596794128418,55.71355438232422,53.851646423339844,54.5618896484375,51.88448715209961,51.03919982910156
0,-42,-96,20,12,59.03388977050781,59.66573715209961,59.203041076660156,56.61272048950195,55.973209381103516,57.00876998901367,57.27128601074219,57.245086669921875,59.05929183959961,58.66856002807617,61.400325775146484,61.587337493896484,63.51377868652344,63.24555206298828,64.637451171875,63.82006072998047,62.801273345947266,65.21502685546875,66.40029907226562,66.84310150146484,65.0,65.6048812866211,64.66065216064453,65.94694519042969,66.84310150146484,66.06814575195312,68.24954223632812,67.80117797851562,67.62396240234375,65.29930877685547,65.802734375,65.21502685546875,64.637451171875,63.82006072998047,63.51377868652344,64.637451171875,62.12889862060547,59.6824951171875,60.90156173706055,59.53990173339844,58.5918083190918,57.245086669921875,56.79788589477539,53.712196350097656,54.230987548828125,51.865211486816406,52.201534271240234,50.695167541503906,50.0099983215332,47.85394287109375,47.26520919799805,47.01063537597656
0,-42,-96,20,12,61.717098236083984,61.55485534667969,59.396968841552734,58.694122314453125,57.384666442871094,59.03388977050781,60.0,58.8217658996582,58.52349853515625,60.539241790771484,63.1347770690918,63.06346130371094,64.40496826171875,65.7419204711914,64.8459701538086,66.30987548828125,66.30987548828125,65.39112854003906,68.15423583984375,68.70953369140625,67.23094177246094,66.48307800292969,65.55150604248047,67.35725402832031,68.3520278930664,68.62215423583984,67.779052734375,67.41661834716797,68.15423583984375,69.07966613769531,68.15423583984375,67.62396240234375,67.62396240234375,65.79513549804688,63.976558685302734,64.40496826171875,64.40496826171875,60.90156173706055,61.773780822753906,59.16925048828125,59.6824951171875,57.982757568359375,57.42821502685547,56.035701751708984,53.600372314453125,54.037025451660156,52.40229034423828,51.62363815307617,51.62363815307617,51.088157653808594,47.01063537597656,47.16990661621094
0,-42,-96,20,12,59.93329620361328,57.27128601074219,58.30952072143555,56.64803695678711,55.973209381103516,57.00876998901367,57.9741325378418,57.87054443359375,59.03388977050781,58.694122314453125,62.513999938964844,62.20128631591797,62.20128631591797,63.12685775756836,63.19810104370117,65.19202423095703,63.03173828125,64.03124237060547,63.0079345703125,66.00757598876953,64.03124237060547,65.03076171875,66.0,66.0,66.0,67.0,65.0076904296875,66.0302963256836,65.03076171875,67.11929321289062,65.19202423095703,65.19202423095703,64.19501495361328,63.28506851196289,63.50590515136719,63.3876953125,62.64982223510742,61.0,59.228370666503906,57.723480224609375,57.9741325378418,55.785301208496094,57.567352294921875,54.708316802978516,52.55473327636719,51.4781494140625,51.4781494140625,51.0,49.39635467529297,49.09175109863281,46.40043258666992,47.50789260864258
0,-42,-96,19,18,66.7607650756836,63.24555206298828,62.62587356567383,62.7694206237793,61.741397857666016,62.64982223510742,62.265560150146484,62.7694206237793,64.07027435302734,63.60031509399414,67.00746154785156,67.35725402832031,68.7677230834961,70.0927963256836,69.42621612548828,70.00714111328125,70.00714111328125,70.03570556640625,71.44927978515625,70.71067810058594,70.72481536865234,70.72481536865234,70.72481536865234,72.34638977050781,72.24956512451172,73.66138458251953,72.91776275634766,72.18032836914062,72.86288452148438,71.44927978515625,72.12489318847656,71.4212875366211,71.44927978515625,70.72481536865234,68.680419921875,68.62215423583984,67.89698028564453,66.60330200195312,64.53681182861328,64.81512451171875,62.801273345947266,63.0079345703125,60.464866638183594,59.36328887939453,57.80138397216797,57.30619430541992,55.90169906616211,55.03635025024414,53.3104133605957,53.141319274902344,51.244510650634766,50.21951675415039
0,-42,-96,19,19,65.76473236083984,62.93647766113281,64.66065216064453,60.605281829833984,65.21502685546875,59.90826416015625,61.057350158691406,63.631752014160156,64.41273498535156,65.7419204711914,65.39112854003906,66.48307800292969,67.06713104248047,69.89277648925781,68.00735473632812,70.88018035888672,68.680419921875,71.47027587890625,70.3420181274414,71.56814575195312,70.88018035888672,72.53275299072266,71.56814575195312,72.56720733642578,73.00685119628906,71.80529022216797,73.00685119628906,74.95331573486328,70.8307876586914,76.15773010253906,70.60453033447266,70.88018035888672,71.84010314941406,70.88018035888672,70.51950073242188,70.21395874023438,69.2603759765625,67.67569732666016,66.128662109375,63.694583892822266,65.92420196533203,61.32699203491211,62.64982223510742,59.4810905456543,58.5918083190918,58.30952072143555,58.52349853515625,57.42821502685547,55.0,53.413482666015625,52.345008850097656,51.088157653808594
0,-42,-96,19,19,63.25345993041992,62.28964614868164,62.93647766113281,62.2414665222168,60.87692642211914,61.073726654052734,62.20128631591797,61.29437255859375,64.14047241210938,62.7694206237793,66.73080444335938,65.76473236083984,67.5425796508789,69.31810760498047,69.7782211303711,70.26378631591797,70.00714111328125,69.07966613769531,71.30918884277344,70.57620239257812,71.30918884277344,71.51223754882812,70.57620239257812,72.44998168945312,71.51223754882812,72.44998168945312,73.05477142333984,71.51223754882812,71.51223754882812,71.16881561279297,73.53910827636719,71.30918884277344,71.30918884277344,70.38465881347656,70.7742919921875,68.54196166992188,68.44705963134766,66.64833068847656,65.76473236083984,65.3681869506836,64.14047241210938,61.587337493896484,61.587337493896484,58.24946212768555,57.42821502685547,56.22277069091797,55.60575485229492,55.90169906616211,53.740116119384766,54.671749114990234,52.801513671875,49.39635467529297
0,-42,-96,20,13,59.00847244262695,59.13543701171875,57.21887969970703,58.30952072143555,55.90169906616211,58.24946212768555,56.04462432861328,56.32051086425781,57.567352294921875,59.80802536010742,60.926185607910156,62.2414665222168,63.50590515136719,62.17716598510742,64.40496826171875,64.40496826171875,65.76473236083984,63.95310592651367,65.76473236083984,65.76473236083984,65.76473236083984,66.24198150634766,66.24198150634766,65.51335906982422,67.74215698242188,67.23094177246094,67.60177612304688,66.24198150634766,68.0,65.76473236083984,66.64833068847656,65.7419204711914,66.21178436279297,63.976558685302734,64.07807922363281,63.158531188964844,63.158531188964844,61.09828186035156,61.46543884277344,60.406951904296875,58.52349853515625,59.4810905456543,55.785301208496094,56.29387283325195,52.95280838012695,52.611785888671875,52.345008850097656,51.03919982910156,48.010414123535156,48.0,47.04253387451172,46.52956008911133
0,-42,-96,19,18,65.85590362548828,63.89052963256836,63.82006072998047,61.61168670654297,62.96824645996094,61.400325775146484,63.52952194213867,63.071388244628906,62.2414665222168,64.62197875976562,66.85057830810547,68.3520278930664,68.3081283569336,68.3081283569336,69.92138671875,71.16881561279297,70.3420181274414,70.3420181274414,72.2772445678711,72.03471374511719,71.80529022216797,72.7804946899414,71.80529022216797,74.73285675048828,73.75635528564453,73.54590606689453,74.52516174316406,73.00685119628906,73.97972869873047,73.97972869873047,72.2772445678711,70.3420181274414,71.30918884277344,69.37578582763672,71.16881561279297,68.3081283569336,68.94925689697266,67.41661834716797,66.85057830810547,65.92420196533203,64.47480010986328,63.071388244628906,63.071388244628906,60.373836517333984,58.66856002807617,57.80138397216797,58.52349853515625,57.20139694213867,54.20331954956055,53.81449508666992,52.32590103149414,50.447994232177734
0,-42,-96,19,18,64.49806213378906,65.27633666992188,63.071388244628906,64.03124237060547,60.0,61.073726654052734,61.20457458496094,62.64982223510742,63.639610290527344,62.36986541748047,65.96968841552734,67.44627380371094,68.00735473632812,68.00735473632812,70.21395874023438,69.2603759765625,72.73238372802734,68.62215423583984,69.28924560546875,70.22820281982422,70.22820281982422,71.16881561279297,70.00714111328125,70.7742919921875,72.61542510986328,72.61542510986328,73.9256362915039,72.23572540283203,73.73601531982422,69.6419448852539,71.16881561279297,71.16881561279297,71.47027587890625,69.2603759765625,69.6419448852539,67.35725402832031,67.44627380371094,66.48307800292969,66.94026947021484,66.94026947021484,61.98386764526367,64.93843078613281,58.694122314453125,60.530982971191406,57.314918518066406,57.07889175415039,57.00876998901367,56.0,53.037723541259766,51.35172653198242,51.4781494140625,50.21951675415039
0,-42,-96,19,19,67.0,67.11929321289062,65.37583923339844,64.62971496582031,64.93843078613281,64.32728576660156,64.76110076904297,64.56005096435547,66.0984115600586,66.73080444335938,69.28924560546875,70.00714111328125,70.38465881347656,72.49827575683594,72.49827575683594,72.49827575683594,73.79024505615234,72.44998168945312,73.35530090332031,74.24284362792969,73.79024505615234,74.6860122680664,71.5541763305664,73.82411193847656,74.70609283447266,75.13321685791016,76.48529052734375,75.13321685791016,75.13321685791016,73.79024505615234,73.82411193847656,74.32361602783203,74.32361602783203,71.30918884277344,74.09453582763672,71.51223754882812,70.57620239257812,69.57010650634766,68.4105224609375,68.96376037597656,64.76110076904297,64.53681182861328,64.13267517089844,63.95310592651367,61.400325775146484,59.21148681640625,59.07622146606445,58.0,56.00892639160156,55.081756591796875,55.3263053894043,53.15073013305664
0,-42,-96,20,13,63.03173828125,60.8276252746582,60.87692642211914,60.20797348022461,58.898216247558594,59.203041076660156,61.032779693603516,60.464866638183594,60.20797348022461,60.90156173706055,64.88451385498047,63.50590515136719,65.30696868896484,66.21178436279297,65.79513549804688,67.23094177246094,67.23094177246094,66.30987548828125,67.779052734375,68.70953369140625,68.54196166992188,69.07966613769531,67.779052734375,69.28924560546875,69.6419448852539,69.6419448852539,68.70953369140625,70.00714111328125,68.70953369140625,68.70953369140625,68.94200134277344,68.44705963134766,68.44705963134766,67.5351791381836,66.24198150634766,65.76473236083984,65.76473236083984,63.631752014160156,62.96824645996094,61.587337493896484,62.12889862060547,59.07622146606445,58.41232681274414,57.628116607666016,55.973209381103516,53.75872039794922,52.32590103149414,52.40229034423828,51.22499465942383,50.0,49.39635467529297,47.88528060913086
0,-42,-96,20,13,62.817195892333984,62.585941314697266,60.01666259765625,61.66035842895508,58.4208869934082,60.13318634033203,59.03388977050781,60.0,61.032779693603516,62.12889862060547,63.28506851196289,64.28063201904297,66.61080932617188,66.48307800292969,67.60177612304688,67.08203887939453,68.24954223632812,66.91038513183594,68.24954223632812,69.23149871826172,69.23149871826172,69.42621612548828,67.46851348876953,69.85699462890625,70.8307876586914,71.0633544921875,71.80529022216797,69.42621612548828,72.36711883544922,69.23149871826172,71.02112579345703,69.05070495605469,68.88395690917969,68.59300231933594,66.37017059326172,64.49806213378906,64.28063201904297,63.12685775756836,63.071388244628906,63.0,60.0,60.0,58.00862121582031,58.07753372192383,56.32051086425781,55.578773498535156,53.75872039794922,53.36665725708008,52.39274597167969,51.54609680175781,49.39635467529297,49.19349670410156
0,-42,-96,20,12,62.169124603271484,61.29437255859375,61.400325775146484,60.539241790771484,59.90826416015625,58.600341796875,59.03388977050781,60.30754470825195,62.28964614868164,61.55485534667969,61.55485534667969,65.05382537841797,65.0691909790039,67.20863342285156,66.60330200195312,66.84310150146484,67.62396240234375,66.84310150146484,68.24954223632812,68.24954223632812,67.62396240234375,69.20259857177734,66.40029907226562,70.0,69.20259857177734,70.0,70.80254364013672,69.02897644042969,69.65629577636719,68.60028839111328,66.70832061767578,69.52696990966797,67.35725402832031,65.85590362548828,65.85590362548828,65.0691909790039,65.05382537841797,62.96824645996094,63.03173828125,61.61980056762695,60.14149856567383,59.66573715209961,58.600341796875,57.20139694213867,54.64430618286133,53.5350341796875,53.33854293823242,53.712196350097656,50.56678771972656,50.695167541503906,49.648765563964844,48.764739990234375
0,-42,-96,19,18,64.81512451171875,62.481998443603516,63.03173828125,61.55485534667969,61.52235412597656,59.46427536010742,61.84658432006836,62.20128631591797,61.61168670654297,64.07027435302734,65.51335906982422,65.3681869506836,66.73080444335938,66.24198150634766,66.73080444335938,70.66116333007812,69.31810760498047,70.66116333007812,68.87670135498047,71.5541763305664,70.66116333007812,72.44998168945312,72.01388549804688,71.30918884277344,71.58910369873047,70.7742919921875,70.7742919921875,72.91776275634766,71.58910369873047,72.49827575683594,70.66116333007812,72.89718627929688,70.71067810058594,68.96376037597656,68.96376037597656,69.83551788330078,68.47627258300781,65.0,65.19202423095703,62.68173599243164,62.20128631591797,61.400325775146484,62.00806427001953,58.898216247558594,58.79625701904297,55.865909576416016,56.58621597290039,53.90732955932617,54.81787872314453,54.4058837890625,49.92995071411133,47.88528060913086
0,-42,-96,19,18,65.0691909790039,60.81118392944336,62.28964614868164,60.20797348022461,62.62587356567383,60.216278076171875,61.587337493896484,60.74536895751953,63.631752014160156,63.631752014160156,64.88451385498047,65.30696868896484,66.21178436279297,68.02940368652344,65.79513549804688,70.00714111328125,68.3520278930664,70.57620239257812,68.3520278930664,69.6419448852539,70.00714111328125,70.57620239257812,70.57620239257812,70.22820281982422,72.11102294921875,69.28924560546875,71.16881561279297,72.80110168457031,69.28924560546875,73.73601531982422,69.07966613769531,71.17584228515625,70.7742919921875,70.68238830566406,67.5425796508789,69.31810760498047,67.08203887939453,64.88451385498047,63.631752014160156,61.91122817993164,64.66065216064453,58.52349853515625,61.032779693603516,58.00862121582031,56.22277069091797,56.080299377441406,54.488529205322266,54.451812744140625,55.31726837158203,51.22499465942383,51.400390625,48.87739944458008
0,-42,-96,20,13,62.93647766113281,63.12685775756836,62.801273345947266,60.80295944213867,61.032779693603516,60.74536895751953,60.539241790771484,61.773780822753906,62.60990524291992,63.158531188964844,62.7694206237793,67.41661834716797,67.779052734375,67.06713104248047,68.3520278930664,69.57010650634766,68.62215423583984,69.57010650634766,68.680419921875,69.57010650634766,69.89277648925781,70.51950073242188,68.96376037597656,71.56814575195312,71.56814575195312,69.92138671875,72.12489318847656,72.42237091064453,71.47027587890625,71.47027587890625,68.3520278930664,70.57620239257812,70.57620239257812,69.07966613769531,68.15423583984375,67.62396240234375,66.70832061767578,64.40496826171875,64.8459701538086,62.64982223510742,62.265560150146484,59.16925048828125,59.36328887939453,56.859474182128906,56.40035629272461,55.44366455078125,54.5618896484375,55.154327392578125,53.740116119384766,51.7397346496582,50.447994232177734,48.010414123535156
0,-42,-96,20,13,60.8276252746582,61.741397857666016,62.3939094543457,61.09828186035156,60.083274841308594,59.77457809448242,59.90826416015625,60.20797348022461,62.169124603271484,62.96824645996094,64.62971496582031,64.28063201904297,64.28063201904297,64.19501495361328,67.36467742919922,70.25667572021484,66.06814575195312,70.11418914794922,67.11929321289062,69.065185546875,69.0,69.00724792480469,70.028564453125,69.0,74.06078338623047,70.0,71.25306701660156,67.26811981201172,69.02897644042969,72.24956512451172,70.1783447265625,68.11754608154297,68.59300231933594,66.75328063964844,68.59300231933594,64.77654266357422,65.76473236083984,62.36986541748047,63.78871536254883,63.324562072753906,61.98386764526367,60.728904724121094,59.46427536010742,54.424259185791016,56.46237564086914,55.46169662475586,53.23532485961914,51.97114562988281,52.15361785888672,50.80354309082031,50.447994232177734,48.10405349731445
0,-42,-96,20,12,61.29437255859375,58.600341796875,59.09314727783203,58.30952072143555,57.584720611572266,57.28001403808594,58.94064712524414,59.66573715209961,58.85575485229492,59.84145736694336,62.801273345947266,63.28506851196289,64.19501495361328,64.19501495361328,64.19501495361328,67.06713104248047,67.00746154785156,66.0302963256836,66.0,68.00735473632812,67.06713104248047,68.0,67.0,68.0,68.0,69.0,70.00714111328125,68.0,68.0,69.0,67.02984619140625,67.02984619140625,67.06713104248047,64.1248779296875,65.19202423095703,63.19810104370117,64.28063201904297,62.513999938964844,60.67124557495117,58.85575485229492,59.84145736694336,56.88584899902344,58.694122314453125,55.785301208496094,54.120235443115234,52.81098556518555,52.92447280883789,51.4781494140625,50.08992004394531,49.73931884765625,48.54894256591797,46.40043258666992
0,-42,-96,20,12,60.530982971191406,61.66035842895508,58.215118408203125,58.13776779174805,58.00862121582031,58.0,58.07753372192383,59.21148681640625,59.21148681640625,58.694122314453125,62.169124603271484,61.392181396484375,63.78871536254883,64.76110076904297,67.6830825805664,65.25334930419922,66.7607650756836,65.25334930419922,68.680419921875,65.25334930419922,66.94026947021484,68.15423583984375,65.25334930419922,67.35725402832031,68.3081283569336,68.3081283569336,71.16881561279297,65.802734375,69.6419448852539,65.802734375,68.15423583984375,65.73431396484375,66.70832061767578,64.32728576660156,64.13267517089844,63.150611877441406,63.150611877441406,62.96824645996094,61.66035842895508,62.3939094543457,58.215118408203125,58.13776779174805,57.03507614135742,55.009090423583984,54.037025451660156,53.15073013305664,52.239830017089844,52.77309799194336,50.80354309082031,50.0099983215332,48.50773239135742,47.75981521606445
0,-42,-96,20,13,63.0,63.03173828125,60.20797348022461,61.29437255859375,58.54912567138672,61.188232421875,59.43904495239258,60.16643524169922,61.400325775146484,61.032779693603516,63.324562072753906,65.92420196533203,65.92420196533203,65.39112854003906,68.54196166992188,67.5425796508789,70.68238830566406,67.11929321289062,68.87670135498047,69.7782211303711,68.94200134277344,69.7782211303711,68.42514038085938,70.23532104492188,71.58910369873047,71.58910369873047,71.5541763305664,71.11258697509766,71.5541763305664,69.31810760498047,70.26378631591797,70.26378631591797,70.00714111328125,68.70953369140625,66.48307800292969,65.92420196533203,66.48307800292969,64.25729370117188,62.93647766113281,62.64183807373047,59.90826416015625,60.63827133178711,59.228370666503906,59.228370666503906,56.56854248046875,55.3263053894043,55.145263671875,54.0,51.0,52.009613037109375,50.2493782043457,49.648765563964844
0,-43,-96,20,13,60.4400520324707,58.52349853515625,58.52349853515625,58.52349853515625,56.859474182128906,56.79788589477539,56.82429122924805,58.18075180053711,59.16925048828125,59.64059066772461,59.40538787841797,62.00806427001953,62.801273345947266,62.62587356567383,64.20280456542969,65.4369888305664,63.89052963256836,64.03124237060547,64.53681182861328,64.53681182861328,65.4369888305664,66.70832061767578,65.29930877685547,65.79513549804688,66.52819061279297,66.52819061279297,68.01470184326172,67.35725402832031,66.70832061767578,66.06814575195312,65.4369888305664,65.6048812866211,65.0,63.24555206298828,64.07027435302734,61.85466766357422,62.42595672607422,61.29437255859375,59.6824951171875,60.0333251953125,57.706153869628906,56.79788589477539,56.36488342285156,54.230987548828125,54.424259185791016,52.81098556518555,52.88667297363281,51.41984176635742,49.030601501464844,48.83646011352539,49.25444030761719,47.01063537597656
0,-43,-96,19,19,67.67569732666016,67.35725402832031,64.03124237060547,65.0,61.392181396484375,63.95310592651367,65.27633666992188,64.28063201904297,65.12296295166016,66.06814575195312,69.02897644042969,68.00735473632812,70.0,71.00704193115234,72.02777099609375,71.17584228515625,73.24616241455078,71.17584228515625,73.33484649658203,72.44308471679688,74.24284362792969,73.82411193847656,72.3394775390625,73.55270385742188,73.24616241455078,75.53807067871094,77.64663696289062,72.56031799316406,74.4311752319336,74.4311752319336,73.10950469970703,74.24284362792969,73.10950469970703,72.06246948242188,71.11258697509766,70.00714111328125,72.0,67.02984619140625,67.06713104248047,66.18912506103516,65.19202423095703,66.27216339111328,62.513999938964844,62.96824645996094,60.8276252746582,57.070133209228516,58.694122314453125,57.28001403808594,54.7813835144043,54.625999450683594,53.712196350097656,52.47856521606445
0,-43,-96,20,13,62.481998443603516,61.84658432006836,61.400325775146484,60.216278076171875,60.74536895751953,58.66856002807617,59.03388977050781,59.50630187988281,60.926185607910156,62.7694206237793,64.8459701538086,65.78753662109375,65.14598846435547,66.7607650756836,67.05221557617188,69.6419448852539,68.15423583984375,67.72000885009766,67.6830825805664,69.12307739257812,67.18630981445312,68.88395690917969,68.24954223632812,69.63475799560547,70.61161041259766,69.42621612548828,71.58910369873047,68.88395690917969,70.8307876586914,70.0927963256836,68.4105224609375,71.56814575195312,69.37578582763672,67.72000885009766,67.05221557617188,66.7607650756836,67.35725402832031,65.19202423095703,63.324562072753906,61.46543884277344,61.32699203491211,61.32699203491211,60.373836517333984,57.706153869628906,56.82429122924805,54.37830352783203,54.37830352783203,53.600372314453125,52.801513671875,51.6623649597168,50.91168975830078,48.166378021240234
0,-43,-96,19,18,64.40496826171875,64.88451385498047,63.631752014160156,63.812225341796875,61.61168670654297,62.20128631591797,62.36986541748047,63.12685775756836,63.65532302856445,62.22539520263672,67.20863342285156,65.85590362548828,69.42621612548828,69.42621612548828,70.29224395751953,70.43436431884766,71.21797180175781,69.20259857177734,70.80254364013672,71.40028381347656,71.84010314941406,72.00694274902344,70.0,71.02816009521484,72.20111083984375,72.80110168457031,74.40430450439453,72.00694274902344,71.40028381347656,70.21395874023438,71.84010314941406,73.24616241455078,71.58910369873047,70.1783447265625,70.1783447265625,66.52819061279297,67.89698028564453,66.4680404663086,66.52819061279297,64.38167572021484,62.28964614868164,63.12685775756836,61.22091293334961,61.400325775146484,58.24946212768555,57.688819885253906,56.080299377441406,55.94640350341797,54.5618896484375,53.3104133605957,51.26402282714844,50.695167541503906
0,-43,-96,19,19,68.00735473632812,61.61168670654297,65.0,62.433963775634766,64.0078125,61.717098236083984,65.92420196533203,63.90618133544922,63.5688591003418,66.0984115600586,68.3081283569336,68.4105224609375,69.37578582763672,68.88395690917969,68.88395690917969,73.16419982910156,70.21395874023438,72.18032836914062,71.19690704345703,72.00694274902344,72.00694274902344,71.84706115722656,74.96665954589844,74.81310272216797,72.99314880371094,71.84706115722656,73.82411193847656,73.97972869873047,71.84706115722656,74.81310272216797,72.18032836914062,73.75635528564453,72.36711883544922,69.85699462890625,68.88395690917969,70.0927963256836,69.37578582763672,67.05221557617188,64.51356506347656,63.90618133544922,64.8459701538086,59.236812591552734,62.7694206237793,60.41522979736328,59.4810905456543,58.13776779174805,55.56977462768555,54.918121337890625,55.0,53.26349639892578,50.990196228027344,50.2493782043457
0,-42,-96,19,19,68.0,66.06814575195312,66.27216339111328,65.37583923339844,63.78871536254883,64.13267517089844,65.51335906982422,65.25334930419922,65.802734375,65.14598846435547,68.00735473632812,68.94925689697266,71.30918884277344,70.7742919921875,71.69379425048828,73.34848022460938,72.00694274902344,71.58910369873047,73.35530090332031,73.35530090332031,73.79024505615234,73.35530090332031,73.35530090332031,73.35530090332031,73.82411193847656,76.5375747680664,75.1797866821289,72.94518280029297,74.70609283447266,74.24284362792969,73.34848022460938,73.79024505615234,73.82411193847656,72.09021759033203,70.7742919921875,69.46221923828125,69.07966613769531,68.94925689697266,67.67569732666016,66.40782928466797,65.14598846435547,61.98386764526367,63.324562072753906,60.63827133178711,61.0,57.87054443359375,57.42821502685547,56.14267349243164,55.03635025024414,55.0,53.037723541259766,52.46903991699219
0,-43,-96,20,13,59.84145736694336,60.20797348022461,58.94064712524414,59.90826416015625,56.61272048950195,56.64803695678711,58.30952072143555,58.600341796875,61.741397857666016,59.16925048828125,61.057350158691406,62.96824645996094,64.8999252319336,64.637451171875,65.45991516113281,65.21502685546875,67.20118713378906,65.21502685546875,67.80117797851562,66.61080932617188,66.0302963256836,68.00735473632812,64.81512451171875,67.35725402832031,68.11754608154297,68.24954223632812,68.88395690917969,67.00746154785156,69.81404113769531,65.6048812866211,67.20118713378906,67.42403411865234,66.2872543334961,64.8999252319336,67.11929321289062,63.24555206298828,62.12889862060547,61.587337493896484,59.6824951171875,61.400325775146484,57.245086669921875,57.697486877441406,55.90169906616211,55.94640350341797,54.7813835144043,52.81098556518555,53.16013717651367,52.63079071044922,48.27007293701172,49.648765563964844,48.50773239135742,47.04253387451172
0,-42,-96,20,12,63.639610290527344,60.10823440551758,63.03173828125,61.073726654052734,60.0,59.07622146606445,61.587337493896484,61.400325775146484,62.265560150146484,62.60990524291992,64.40496826171875,64.40496826171875,65.39112854003906,66.30987548828125,66.70832061767578,67.779052734375,67.06713104248047,68.15423583984375,69.28924560546875,71.16881561279297,67.06713104248047,69.89277648925781,67.06713104248047,71.16881561279297,68.94925689697266,70.22820281982422,71.86793518066406,70.57620239257812,68.00735473632812,69.6419448852539,69.07966613769531,70.7742919921875,68.94200134277344,65.79513549804688,67.08203887939453,65.29930877685547,64.88451385498047,63.1347770690918,62.7694206237793,62.433963775634766,59.36328887939453,58.52349853515625,58.24946212768555,56.85068130493164,55.973209381103516,55.973209381103516,53.037723541259766,52.32590103149414,51.088157653808594,51.400390625,49.92995071411133,48.3735466003418
0,-43,-96,20,13,63.06346130371094,60.728904724121094,61.6846809387207,59.80802536010742,58.18075180053711,60.835845947265625,58.5918083190918,60.0333251953125,61.91122817993164,60.464866638183594,64.637451171875,64.20280456542969,65.4369888305664,66.84310150146484,66.21932983398438,67.47592163085938,67.35725402832031,66.70832061767578,68.7677230834961,70.0927963256836,68.01470184326172,69.42621612548828,68.01470184326172,70.72481536865234,69.35416412353516,70.0927963256836,70.83784484863281,70.0927963256836,69.52696990966797,68.01470184326172,69.65629577636719,68.24954223632812,69.02897644042969,68.60028839111328,68.24221801757812,63.82006072998047,64.40496826171875,62.12889862060547,60.74536895751953,62.7694206237793,59.53990173339844,60.90156173706055,56.79788589477539,57.697486877441406,55.71355438232422,55.36244201660156,54.08327102661133,53.16013717651367,51.41984176635742,51.788028717041016,51.35172653198242,49.01020431518555
0,-43,-96,20,13,61.29437255859375,61.400325775146484,60.464866638183594,60.464866638183594,59.81638717651367,58.898216247558594,60.87692642211914,60.81118392944336,61.52235412597656,61.55485534667969,64.53681182861328,64.03124237060547,64.81512451171875,65.6048812866211,66.21932983398438,67.20118713378906,68.818603515625,65.802734375,66.61080932617188,66.85057830810547,67.42403411865234,68.24221801757812,68.24221801757812,68.79679870605469,69.3397445678711,69.3397445678711,70.1783447265625,67.67569732666016,70.45565795898438,69.3397445678711,69.40460968017578,68.00735473632812,68.60028839111328,65.4369888305664,66.06814575195312,65.19202423095703,64.53681182861328,63.03173828125,63.65532302856445,61.52235412597656,60.8276252746582,60.14149856567383,58.13776779174805,56.85068130493164,54.4058837890625,53.00943374633789,53.5350341796875,51.97114562988281,51.0,49.24428939819336,48.84669876098633,47.12748718261719
0,-43,-96,20,13,63.24555206298828,61.6846809387207,61.13100814819336,59.43904495239258,60.01666259765625,59.6824951171875,60.20797348022461,62.032249450683594,63.071388244628906,64.0,65.0,66.06814575195312,66.06814575195312,67.11929321289062,67.18630981445312,69.18092346191406,68.26419067382812,70.25667572021484,67.60177612304688,69.46221923828125,68.35934448242188,69.58448028564453,69.72087097167969,69.87130737304688,69.72087097167969,70.85901641845703,70.85901641845703,71.70076751708984,68.4689712524414,69.58448028564453,68.26419067382812,69.35416412353516,68.35934448242188,68.26419067382812,68.11754608154297,66.06814575195312,65.03076171875,64.0078125,61.032779693603516,62.00806427001953,60.0333251953125,59.13543701171875,59.21148681640625,56.32051086425781,55.73149871826172,54.12947463989258,55.31726837158203,52.63079071044922,52.81098556518555,51.078372955322266,49.24428939819336,49.648765563964844
0,-42,-96,20,13,61.29437255859375,62.513999938964844,58.85575485229492,61.392181396484375,58.94064712524414,58.24087905883789,60.083274841308594,59.80802536010742,60.926185607910156,60.41522979736328,64.8459701538086,64.41273498535156,66.73080444335938,66.24198150634766,67.60177612304688,67.74215698242188,67.74215698242188,67.74215698242188,68.79679870605469,68.26419067382812,66.8879623413086,69.3397445678711,67.95587158203125,69.63475799560547,69.3397445678711,69.63475799560547,70.45565795898438,68.50547790527344,69.3397445678711,67.95587158203125,68.79679870605469,66.8879623413086,68.96376037597656,65.86349487304688,67.11929321289062,64.0078125,65.29930877685547,62.169124603271484,61.741397857666016,61.32699203491211,60.539241790771484,60.16643524169922,58.18934631347656,56.920997619628906,55.6596794128418,53.600372314453125,53.15073013305664,51.788028717041016,49.36598205566406,51.15662384033203,50.03998565673828,48.041648864746094
0,-43,-96,20,13,61.98386764526367,60.728904724121094,61.61168670654297,60.41522979736328,58.85575485229492,58.54912567138672,58.30952072143555,59.07622146606445,62.07253646850586,62.0,63.0079345703125,64.03124237060547,66.18912506103516,65.19202423095703,66.12110137939453,68.26419067382812,66.48307800292969,66.27216339111328,67.60177612304688,67.36467742919922,68.35934448242188,69.46221923828125,67.47592163085938,68.88395690917969,69.87130737304688,70.85901641845703,70.71067810058594,69.58448028564453,68.73136138916016,68.59300231933594,67.36467742919922,68.26419067382812,68.26419067382812,65.03076171875,64.1248779296875,64.07027435302734,64.07027435302734,64.0078125,62.0,62.0,59.03388977050781,58.13776779174805,58.30952072143555,57.314918518066406,53.75872039794922,53.36665725708008,52.39274597167969,52.63079071044922,51.54609680175781,50.695167541503906,48.84669876098633,47.50789260864258
0,-43,-96,20,13,64.41273498535156,62.2414665222168,61.46543884277344,61.09828186035156,60.083274841308594,60.4400520324707,59.90826416015625,59.43904495239258,61.188232421875,63.95310592651367,63.50590515136719,64.38167572021484,65.27633666992188,66.27216339111328,67.26811981201172,69.1158447265625,69.1158447265625,68.18357849121094,70.028564453125,70.11418914794922,69.18092346191406,69.065185546875,68.06614685058594,69.00724792480469,71.0633544921875,71.02816009521484,71.02816009521484,71.17584228515625,70.11418914794922,70.1783447265625,69.2603759765625,68.35934448242188,69.46221923828125,66.61080932617188,65.6201171875,65.76473236083984,64.93843078613281,63.150611877441406,63.150611877441406,61.84658432006836,61.13100814819336,59.203041076660156,59.77457809448242,56.30275344848633,55.154327392578125,53.22593307495117,53.22593307495117,52.35456085205078,51.107730865478516,51.03919982910156,49.40647888183594,48.166378021240234
0,-43,-96,20,13,64.32728576660156,61.84658432006836,61.84658432006836,62.64183807373047,60.406951904296875,61.32699203491211,61.741397857666016,61.29437255859375,61.773780822753906,64.14047241210938,65.73431396484375,66.2872543334961,67.67569732666016,67.20118713378906,70.0,68.4105224609375,68.11754608154297,68.24954223632812,70.29224395751953,70.29224395751953,68.24954223632812,70.29224395751953,68.01470184326172,71.44927978515625,70.0927963256836,70.72481536865234,71.44927978515625,70.93659210205078,70.76722717285156,69.35416412353516,68.7677230834961,71.0633544921875,70.43436431884766,68.24954223632812,67.62396240234375,66.40029907226562,66.21932983398438,65.21502685546875,64.07027435302734,62.68173599243164,60.20797348022461,60.20797348022461,59.6824951171875,57.706153869628906,56.79788589477539,54.12947463989258,52.92447280883789,54.424259185791016,51.92301940917969,52.39274597167969,49.24428939819336,47.381431579589844
0,-43,-96,20,13,61.057350158691406,60.90156173706055,59.03388977050781,61.32699203491211,59.236812591552734,60.74536895751953,59.77457809448242,60.16643524169922,60.87692642211914,60.20797348022461,64.13267517089844,63.95310592651367,64.62971496582031,65.27633666992188,67.47592163085938,66.27216339111328,68.26419067382812,66.27216339111328,68.18357849121094,68.11754608154297,68.18357849121094,68.06614685058594,66.06814575195312,70.0,71.02816009521484,69.02897644042969,71.0,67.02984619140625,70.028564453125,68.0,69.1158447265625,68.11754608154297,66.18912506103516,66.12110137939453,66.27216339111328,64.28063201904297,63.3876953125,62.96824645996094,59.6824951171875,60.8276252746582,59.228370666503906,59.228370666503906,58.24946212768555,56.04462432861328,54.120235443115234,53.75872039794922,53.48831558227539,52.92447280883789,49.19349670410156,50.537113189697266,47.16990661621094,47.801673889160156
0,-43,-96,20,13,61.057350158691406,59.16925048828125,60.41522979736328,58.5918083190918,59.50630187988281,58.694122314453125,59.46427536010742,60.083274841308594,60.4400520324707,59.90826416015625,63.150611877441406,65.11528015136719,64.77654266357422,64.77654266357422,65.92420196533203,66.75328063964844,66.48307800292969,64.49806213378906,66.48307800292969,65.4904556274414,67.60177612304688,68.59300231933594,67.26811981201172,68.18357849121094,69.2603759765625,69.2603759765625,69.2603759765625,68.4689712524414,68.59300231933594,67.26811981201172,67.47592163085938,67.08203887939453,66.0984115600586,65.11528015136719,66.0984115600586,65.30696868896484,64.13267517089844,62.585941314697266,61.84658432006836,60.16643524169922,59.13543701171875,59.13543701171875,56.64803695678711,54.424259185791016,55.94640350341797,52.35456085205078,52.35456085205078,53.0,50.774009704589844,49.40647888183594,47.801673889160156,45.96738052368164
0,-43,-96,20,13,61.057350158691406,61.773780822753906,59.4810905456543,61.269893646240234,57.775428771972656,61.6846809387207,59.13543701171875,60.4400520324707,61.13100814819336,60.63827133178711,64.32728576660156,64.13267517089844,64.93843078613281,65.6201171875,66.91038513183594,65.4904556274414,69.35416412353516,64.38167572021484,70.25667572021484,69.46221923828125,68.59300231933594,68.26419067382812,66.27216339111328,70.11418914794922,70.1783447265625,69.18092346191406,70.25667572021484,69.2603759765625,71.25306701660156,68.26419067382812,69.46221923828125,68.59300231933594,68.88395690917969,67.89698028564453,65.76473236083984,64.93843078613281,64.93843078613281,63.348243713378906,62.36986541748047,62.817195892333984,58.24087905883789,59.4810905456543,55.6596794128418,57.245086669921875,55.54277801513672,53.22593307495117,52.801513671875,52.839378356933594,50.6063232421875,51.312767028808594,48.60041046142578,47.423622131347656
0,-43,-96,20,13,65.51335906982422,63.06346130371094,60.728904724121094,62.297672271728516,60.539241790771484,59.61543273925781,61.269893646240234,61.717098236083984,62.7694206237793,62.265560150146484,64.8999252319336,64.637451171875,67.42403411865234,67.42403411865234,68.24221801757812,69.20259857177734,69.65629577636719,69.40460968017578,69.65629577636719,70.29224395751953,70.60453033447266,69.52696990966797,70.43436431884766,71.58910369873047,71.0633544921875,73.24616241455078,72.4706802368164,71.0633544921875,71.84010314941406,71.84010314941406,69.40460968017578,69.20259857177734,70.0,67.42403411865234,67.67569732666016,68.24221801757812,66.2872543334961,65.51335906982422,63.631752014160156,62.265560150146484,59.9416389465332,59.03388977050781,59.50630187988281,58.18075180053711,57.00876998901367,55.36244201660156,54.708316802978516,53.16013717651367,51.195701599121094,51.788028717041016,51.244510650634766,50.0
0,-43,-96,20,13,63.28506851196289,64.28063201904297,61.032779693603516,63.0079345703125,59.00847244262695,62.12889862060547,61.20457458496094,60.406951904296875,63.639610290527344,61.0,62.817195892333984,66.0984115600586,66.7607650756836,67.05221557617188,69.92138671875,67.67569732666016,69.89277648925781,67.06713104248047,70.83784484863281,69.89277648925781,68.62215423583984,68.94925689697266,67.41661834716797,69.85699462890625,69.46221923828125,70.38465881347656,72.61542510986328,69.6419448852539,71.51223754882812,68.70953369140625,69.89277648925781,69.89277648925781,68.3081283569336,68.680419921875,67.72000885009766,64.8459701538086,64.8459701538086,64.28841400146484,64.03124237060547,62.36986541748047,58.85575485229492,60.8276252746582,58.85575485229492,58.4208869934082,56.22277069091797,53.037723541259766,55.0,54.037025451660156,53.037723541259766,52.15361785888672,50.48762130737305,48.50773239135742
0,-43,-96,20,13,67.02984619140625,64.0,64.03124237060547,61.073726654052734,63.50590515136719,60.8276252746582,63.150611877441406,61.188232421875,64.28841400146484,65.802734375,67.35725402832031,68.3520278930664,68.70953369140625,68.70953369140625,68.70953369140625,71.58910369873047,68.94200134277344,70.26378631591797,70.68238830566406,72.49827575683594,69.85699462890625,72.49827575683594,72.01388549804688,72.00694274902344,72.4706802368164,70.66116333007812,72.00694274902344,72.44998168945312,71.5541763305664,71.5541763305664,71.11258697509766,70.26378631591797,69.85699462890625,69.07966613769531,69.07966613769531,69.07966613769531,67.779052734375,65.55150604248047,63.90618133544922,61.032779693603516,62.93647766113281,59.4810905456543,62.09669876098633,57.723480224609375,58.051700592041016,56.718605041503906,55.44366455078125,55.145263671875,54.147945404052734,52.009613037109375,51.03919982910156,47.381431579589844
0,-43,-96,20,13,64.8999252319336,61.057350158691406,61.773780822753906,59.4810905456543,62.2414665222168,60.74536895751953,61.032779693603516,61.032779693603516,61.13100814819336,64.53681182861328,65.11528015136719,65.92420196533203,68.88395690917969,67.89698028564453,66.75328063964844,70.45565795898438,67.26811981201172,70.34912872314453,69.18092346191406,71.17584228515625,69.2603759765625,71.11258697509766,71.17584228515625,71.02816009521484,71.11258697509766,71.0633544921875,71.0633544921875,72.11102294921875,70.06425476074219,72.02777099609375,68.26419067382812,71.17584228515625,69.2603759765625,68.26419067382812,68.26419067382812,68.4689712524414,65.6201171875,64.62971496582031,63.95310592651367,61.188232421875,63.150611877441406,59.228370666503906,59.66573715209961,55.785301208496094,56.32051086425781,54.424259185791016,53.851646423339844,52.801513671875,54.120235443115234,51.4781494140625,48.54894256591797,47.801673889160156
0,-43,-96,20,14,66.0984115600586,66.91038513183594,63.3876953125,65.19202423095703,62.00806427001953,65.0,64.0078125,65.0691909790039,65.27633666992188,65.4904556274414,67.60177612304688,69.05070495605469,68.44705963134766,69.63475799560547,71.58910369873047,70.61161041259766,71.80529022216797,69.85699462890625,73.49829864501953,73.00685119628906,72.7804946899414,74.21590423583984,71.30918884277344,74.3303451538086,73.49829864501953,75.69015502929688,75.43209075927734,70.60453033447266,75.69015502929688,72.2772445678711,74.21590423583984,72.56720733642578,71.19690704345703,69.05070495605469,71.02112579345703,66.91038513183594,68.06614685058594,66.61080932617188,64.38167572021484,65.19202423095703,64.19501495361328,64.07027435302734,61.0,60.0,59.03388977050781,57.14017868041992,57.314918518066406,55.578773498535156,52.95280838012695,52.39274597167969,51.92301940917969,52.0
0,-43,-96,20,13,63.89052963256836,60.20797348022461,62.22539520263672,60.14149856567383,58.898216247558594,57.628116607666016,59.40538787841797,60.74536895751953,61.057350158691406,62.7694206237793,63.631752014160156,64.41273498535156,65.29930877685547,65.30696868896484,65.7419204711914,68.44705963134766,66.70832061767578,64.88451385498047,66.85057830810547,67.779052734375,67.62396240234375,67.779052734375,68.15423583984375,68.70953369140625,69.07966613769531,69.07966613769531,67.779052734375,69.46221923828125,69.07966613769531,68.70953369140625,67.23094177246094,67.11929321289062,67.62396240234375,64.40496826171875,64.40496826171875,65.29930877685547,64.0078125,61.91122817993164,61.91122817993164,60.20797348022461,60.20797348022461,58.52349853515625,58.8217658996582,55.803226470947266,54.20331954956055,52.40229034423828,52.40229034423828,50.91168975830078,50.32891845703125,49.81967544555664,48.25971221923828,46.647613525390625
0,-43,-96,20,13,65.19202423095703,62.297672271728516,62.361846923828125,60.16643524169922,62.36986541748047,61.0,60.67124557495117,62.28964614868164,62.20128631591797,64.0078125,64.0,66.0,68.0,67.06713104248047,69.02897644042969,70.11418914794922,69.18092346191406,69.18092346191406,68.26419067382812,71.17584228515625,70.25667572021484,71.25306701660156,68.26419067382812,71.56814575195312,69.46221923828125,70.57620239257812,71.34423828125,71.34423828125,70.34912872314453,70.34912872314453,70.1783447265625,70.11418914794922,70.1783447265625,68.02940368652344,67.00746154785156,66.00757598876953,64.0078125,64.0,63.0,63.03173828125,61.13100814819336,60.29925537109375,59.41380310058594,56.718605041503906,55.73149871826172,53.36665725708008,52.88667297363281,53.45091247558594,52.49761962890625,50.32891845703125,50.08992004394531,49.73931884765625
0,-43,-96,21,9,60.74536895751953,58.18934631347656,60.16643524169922,55.785301208496094,58.46366500854492,54.918121337890625,58.4208869934082,58.215118408203125,58.13776779174805,60.074954986572266,61.032779693603516,63.0079345703125,64.0,64.0078125,64.0078125,66.0302963256836,64.07027435302734,66.06814575195312,64.28063201904297,65.19202423095703,66.06814575195312,66.18912506103516,66.12110137939453,66.27216339111328,66.12110137939453,66.06814575195312,67.18630981445312,69.1158447265625,64.07027435302734,67.11929321289062,64.0078125,64.0,65.0076904296875,63.0,64.0078125,64.0078125,62.032249450683594,60.29925537109375,59.304298400878906,57.314918518066406,58.694122314453125,55.44366455078125,56.718605041503906,52.39274597167969,52.39274597167969,52.201534271240234,51.54609680175781,49.04079818725586,50.15974426269531,46.52956008911133,46.647613525390625,45.486263275146484
0,-43,-96,20,13,62.7694206237793,60.406951904296875,62.297672271728516,60.728904724121094,60.4400520324707,58.24946212768555,58.85575485229492,59.53990173339844,63.28506851196289,64.28063201904297,64.1248779296875,64.03124237060547,66.00757598876953,66.0,66.0,69.0,66.0,69.02897644042969,68.06614685058594,69.02897644042969,69.02897644042969,69.065185546875,69.065185546875,69.2603759765625,70.11418914794922,68.06614685058594,69.1158447265625,71.11258697509766,68.06614685058594,69.065185546875,68.0,69.00724792480469,67.0,66.0,66.0,65.0,64.03124237060547,62.07253646850586,62.20128631591797,59.304298400878906,60.406951904296875,57.55866622924805,58.85575485229492,55.10898208618164,55.31726837158203,54.34151077270508,52.88667297363281,51.244510650634766,52.55473327636719,50.08992004394531,47.41307830810547,46.87216567993164
0,-43,-96,20,13,65.11528015136719,63.50590515136719,61.20457458496094,61.20457458496094,62.00806427001953,61.0,62.12889862060547,63.28506851196289,63.3876953125,62.96824645996094,64.93843078613281,66.2872543334961,68.44705963134766,67.6830825805664,68.65857696533203,68.680419921875,68.680419921875,70.60453033447266,68.3081283569336,70.51950073242188,69.92138671875,70.83784484863281,70.21395874023438,69.89277648925781,70.83784484863281,70.83784484863281,72.44998168945312,71.7844009399414,69.57010650634766,69.57010650634766,69.2603759765625,69.2603759765625,67.72000885009766,67.05221557617188,67.72000885009766,67.44627380371094,65.73431396484375,63.56099319458008,63.95310592651367,62.96824645996094,62.169124603271484,59.6824951171875,59.41380310058594,57.42821502685547,58.30952072143555,55.081756591796875,55.0,55.0,51.088157653808594,51.35172653198242,49.497474670410156,50.447994232177734
0,-43,-96,21,9,61.717098236083984,60.41522979736328,60.539241790771484,58.52349853515625,56.859474182128906,58.41232681274414,60.30754470825195,60.20797348022461,61.55485534667969,62.93647766113281,62.28964614868164,63.03173828125,65.94694519042969,65.29930877685547,68.01470184326172,66.70832061767578,66.84310150146484,66.70832061767578,66.40029907226562,69.02897644042969,66.21932983398438,67.80117797851562,67.20118713378906,68.60028839111328,70.0,68.60028839111328,67.00746154785156,69.02897644042969,67.80117797851562,68.4105224609375,66.06814575195312,68.01470184326172,68.01470184326172,64.53681182861328,65.85590362548828,65.0691909790039,62.96824645996094,62.2414665222168,62.2414665222168,58.728187561035156,59.54829788208008,57.48912811279297,57.628116607666016,54.20331954956055,55.217750549316406,52.69725036621094,53.33854293823242,51.4781494140625,50.537113189697266,48.84669876098633,47.75981521606445,46.57252502441406
0,-43,-96,21,10,63.25345993041992,62.481998443603516,61.61980056762695,60.8276252746582,58.728187561035156,60.30754470825195,60.95900344848633,60.605281829833984,62.00806427001953,62.68173599243164,66.0378646850586,66.37017059326172,67.60177612304688,66.24198150634766,68.47627258300781,68.0,68.42514038085938,68.0,68.44705963134766,70.66116333007812,69.77105712890625,69.31810760498047,67.97793579101562,71.17584228515625,71.58910369873047,70.21395874023438,70.66116333007812,70.68238830566406,70.66116333007812,69.31810760498047,68.42514038085938,68.0,67.60177612304688,65.86349487304688,65.86349487304688,65.51335906982422,65.51335906982422,62.433963775634766,61.29437255859375,61.61168670654297,60.80295944213867,60.0,56.85068130493164,56.63920974731445,55.17245864868164,53.037723541259766,53.81449508666992,53.15073013305664,51.22499465942383,49.648765563964844,48.87739944458008,48.30113983154297
0,-43,-96,21,10,64.76110076904297,64.13267517089844,65.6201171875,62.64982223510742,61.29437255859375,62.20128631591797,63.0079345703125,65.0076904296875,65.0,65.12296295166016,67.36467742919922,66.48307800292969,67.74215698242188,69.72087097167969,68.59300231933594,71.70076751708984,71.02112579345703,71.70076751708984,70.03570556640625,71.84706115722656,72.69112396240234,70.85901641845703,71.02112579345703,71.58910369873047,73.34848022460938,72.36711883544922,72.18032836914062,73.16419982910156,71.02112579345703,72.83543395996094,68.4689712524414,70.57620239257812,71.44927978515625,69.35416412353516,69.35416412353516,69.18092346191406,67.26811981201172,65.12296295166016,65.0076904296875,64.0,64.0078125,60.0333251953125,60.13318634033203,58.13776779174805,56.4358024597168,56.56854248046875,55.31726837158203,53.600372314453125,53.16013717651367,50.9215087890625,49.97999572753906,49.648765563964844
0,-43,-96,20,13,59.40538787841797,58.898216247558594,60.20797348022461,59.41380310058594,58.694122314453125,56.63920974731445,59.66573715209961,59.203041076660156,60.0,61.29437255859375,62.12889862060547,62.7694206237793,65.86349487304688,64.49806213378906,65.0,66.24198150634766,65.76473236083984,65.3681869506836,66.24198150634766,67.11929321289062,66.24198150634766,66.24198150634766,65.76473236083984,66.64083099365234,67.5425796508789,67.5351791381836,67.11929321289062,67.23094177246094,67.23094177246094,66.24198150634766,64.66065216064453,68.26419067382812,65.51335906982422,64.637451171875,64.637451171875,62.68173599243164,62.42595672607422,61.22091293334961,60.4400520324707,60.4400520324707,57.384666442871094,56.63920974731445,55.17245864868164,55.17245864868164,53.075416564941406,52.49761962890625,51.22499465942383,51.03919982910156,49.39635467529297,47.50789260864258,47.41307830810547,46.615447998046875
0,-43,-96,20,13,63.0079345703125,61.00819778442383,61.20457458496094,61.13100814819336,60.29925537109375,60.530982971191406,61.0,60.87692642211914,62.361846923828125,62.93647766113281,66.128662109375,66.128662109375,65.92420196533203,66.85057830810547,67.779052734375,68.94200134277344,68.02940368652344,67.62396240234375,68.87670135498047,68.42514038085938,69.35416412353516,70.66116333007812,67.97793579101562,69.35416412353516,69.77105712890625,68.88395690917969,72.00694274902344,69.77105712890625,68.0,70.23532104492188,68.42514038085938,68.87670135498047,68.02940368652344,64.47480010986328,66.30987548828125,65.92420196533203,64.62197875976562,63.694583892822266,61.6846809387207,61.032779693603516,61.032779693603516,58.8217658996582,58.94064712524414,57.48912811279297,55.10898208618164,53.93514633178711,53.46026611328125,52.239830017089844,51.03919982910156,51.0,50.03998565673828,48.3735466003418
0,-43,-96,20,13,63.28506851196289,59.84145736694336,61.98386764526367,58.46366500854492,60.16643524169922,57.87054443359375,61.032779693603516,61.09828186035156,60.926185607910156,63.158531188964844,64.40496826171875,65.76473236083984,66.64833068847656,66.24198150634766,66.24198150634766,69.46221923828125,65.86349487304688,69.83551788330078,68.79679870605469,69.6419448852539,68.60028839111328,67.74215698242188,69.97142028808594,70.1783447265625,69.6419448852539,68.26419067382812,69.1158447265625,70.49113464355469,68.60028839111328,71.02112579345703,66.73080444335938,67.11929321289062,69.35416412353516,66.64833068847656,65.29930877685547,65.7419204711914,63.976558685302734,61.84658432006836,61.46543884277344,59.46427536010742,61.09828186035156,58.18934631347656,59.77457809448242,57.00876998901367,55.54277801513672,54.34151077270508,52.611785888671875,52.46903991699219,52.08646774291992,51.0,49.04079818725586,48.25971221923828
0,-43,-96,21,10,64.20280456542969,65.4369888305664,62.2414665222168,64.35060119628906,60.8276252746582,62.481998443603516,61.22091293334961,63.0079345703125,65.45991516113281,65.19202423095703,66.37017059326172,67.11929321289062,68.47627258300781,68.88395690917969,72.94518280029297,68.0,71.5541763305664,68.88395690917969,72.01388549804688,71.11258697509766,70.66116333007812,72.01388549804688,69.7782211303711,72.09021759033203,73.34848022460938,72.49827575683594,74.24958038330078,70.68238830566406,72.44998168945312,71.5541763305664,71.5541763305664,70.23532104492188,69.35416412353516,69.83551788330078,68.60028839111328,65.3681869506836,65.86349487304688,65.51335906982422,63.51377868652344,64.07027435302734,60.80295944213867,62.62587356567383,60.4400520324707,59.54829788208008,55.90169906616211,55.865909576416016,55.17245864868164,53.81449508666992,51.22499465942383,52.201534271240234,51.312767028808594,50.537113189697266
0,-43,-96,20,13,64.0,61.032779693603516,61.20457458496094,59.304298400878906,59.41380310058594,59.03388977050781,60.20797348022461,60.63827133178711,62.64183807373047,62.93647766113281,64.19501495361328,66.128662109375,66.85057830810547,65.92420196533203,68.70953369140625,68.02940368652344,68.44705963134766,68.94200134277344,68.87670135498047,69.7782211303711,69.46221923828125,69.7782211303711,69.7782211303711,69.31810760498047,70.68238830566406,70.21395874023438,71.11258697509766,70.66116333007812,70.68238830566406,69.7782211303711,68.94200134277344,67.779052734375,68.70953369140625,67.41661834716797,66.85057830810547,65.19202423095703,66.73080444335938,63.5688591003418,63.89052963256836,61.13100814819336,60.16643524169922,58.694122314453125,59.228370666503906,57.070133209228516,54.451812744140625,53.33854293823242,53.15073013305664,54.08327102661133,52.0,52.009613037109375,51.244510650634766,45.89117431640625
0,-43,-96,20,14,66.12110137939453,65.27633666992188,64.49806213378906,62.96824645996094,62.36986541748047,64.03124237060547,63.89052963256836,63.24555206298828,65.19202423095703,65.55150604248047,66.30987548828125,69.7782211303711,68.87670135498047,68.88395690917969,70.66116333007812,72.94518280029297,71.19690704345703,70.32780456542969,72.71863555908203,73.06161499023438,72.06941223144531,72.20111083984375,72.71863555908203,72.94518280029297,76.32168579101562,72.94518280029297,71.02112579345703,74.06078338623047,73.06161499023438,70.8307876586914,68.47627258300781,71.5541763305664,71.58910369873047,70.71067810058594,69.46221923828125,67.5351791381836,66.64833068847656,64.88451385498047,65.39112854003906,65.55150604248047,61.09828186035156,60.74536895751953,61.09828186035156,57.584720611572266,56.32051086425781,54.81787872314453,57.48912811279297,54.7448616027832,53.46026611328125,52.239830017089844,50.0,49.04079818725586
0,-43,-96,21,9,63.0079345703125,62.20128631591797,61.84658432006836,59.54829788208008,61.55485534667969,58.694122314453125,59.66573715209961,62.00806427001953,62.801273345947266,64.20280456542969,65.802734375,66.85057830810547,67.67569732666016,68.79679870605469,68.26419067382812,69.83551788330078,68.47627258300781,68.47627258300781,68.0,71.5541763305664,68.88395690917969,71.5541763305664,70.23532104492188,70.66116333007812,70.66116333007812,69.77105712890625,70.68238830566406,71.5541763305664,69.77105712890625,71.5541763305664,68.0,69.77105712890625,68.0,66.73080444335938,66.73080444335938,66.37017059326172,64.35060119628906,64.8999252319336,63.0079345703125,60.80295944213867,61.61168670654297,57.80138397216797,60.4400520324707,55.31726837158203,55.226806640625,55.17245864868164,53.740116119384766,53.75872039794922,52.63079071044922,52.430908203125,49.09175109863281,46.52956008911133
0,-43,-96,20,13,63.60031509399414,61.6846809387207,62.2414665222168,60.41522979736328,61.717098236083984,57.30619430541992,59.16925048828125,60.20797348022461,62.68173599243164,63.60031509399414,63.60031509399414,65.4369888305664,66.06814575195312,67.26811981201172,67.26811981201172,69.35416412353516,67.20863342285156,68.680419921875,67.17886352539062,70.00714111328125,70.03570556640625,70.00714111328125,68.59300231933594,70.03570556640625,70.00714111328125,69.3108901977539,70.00714111328125,70.00714111328125,68.62215423583984,70.72481536865234,67.17886352539062,69.29646301269531,68.680419921875,66.52819061279297,66.60330200195312,65.94694519042969,63.03173828125,62.481998443603516,62.00806427001953,60.0,60.216278076171875,58.24946212768555,58.52349853515625,55.75840759277344,55.07267761230469,54.120235443115234,51.89412307739258,52.92447280883789,50.695167541503906,50.28916549682617,48.764739990234375,47.67599105834961
0,-43,-96,20,14,62.64982223510742,61.84658432006836,60.74536895751953,62.93647766113281,60.4400520324707,62.09669876098633,61.0,61.814239501953125,62.513999938964844,65.4904556274414,65.37583923339844,67.26811981201172,67.36467742919922,67.18630981445312,68.18357849121094,69.02897644042969,69.0,69.0,71.0,71.0,69.00724792480469,71.0,70.00714111328125,72.0,71.0,71.0,72.0,71.0,71.02816009521484,71.0,70.06425476074219,71.0633544921875,68.11754608154297,66.27216339111328,67.26811981201172,66.37017059326172,65.6201171875,63.95310592651367,61.814239501953125,62.36986541748047,61.188232421875,60.20797348022461,59.203041076660156,57.28001403808594,55.973209381103516,53.141319274902344,53.48831558227539,53.3104133605957,51.88448715209961,51.107730865478516,49.40647888183594,47.50789260864258
0,-43,-96,21,10,66.48307800292969,63.90618133544922,63.324562072753906,60.16643524169922,61.84658432006836,60.8276252746582,62.513999938964844,63.28506851196289,65.19202423095703,65.03076171875,66.0,67.0,69.00724792480469,71.02816009521484,69.02897644042969,72.17340087890625,69.18092346191406,71.17584228515625,70.45565795898438,70.34912872314453,71.34423828125,73.43704986572266,72.44308471679688,72.83543395996094,71.70076751708984,72.69112396240234,73.82411193847656,73.68174743652344,70.45565795898438,71.56814575195312,68.4689712524414,71.34423828125,69.2603759765625,67.18630981445312,68.26419067382812,66.18912506103516,67.06713104248047,64.03124237060547,65.0076904296875,63.0,62.0,60.0,59.07622146606445,57.14017868041992,57.21887969970703,55.44366455078125,55.578773498535156,55.31726837158203,51.92301940917969,51.54609680175781,50.59644317626953,48.332183837890625
0,-43,-96,21,10,63.70243453979492,61.55485534667969,63.25345993041992,61.400325775146484,61.032779693603516,58.52349853515625,59.6824951171875,60.539241790771484,62.17716598510742,63.50590515136719,64.88451385498047,66.30987548828125,66.85057830810547,68.3520278930664,68.15423583984375,69.28924560546875,67.67569732666016,69.28924560546875,68.62215423583984,68.94925689697266,69.28924560546875,70.83784484863281,70.83784484863281,69.6419448852539,70.51950073242188,69.92138671875,69.57010650634766,72.11102294921875,68.94925689697266,71.47027587890625,69.28924560546875,67.779052734375,67.779052734375,68.54196166992188,66.30987548828125,65.30696868896484,65.0,63.95310592651367,63.50590515136719,61.773780822753906,62.17716598510742,58.66856002807617,58.830265045166016,57.688819885253906,55.217750549316406,53.413482666015625,53.26349639892578,53.15073013305664,52.345008850097656,49.67897033691406,49.04079818725586,48.82622146606445
0,-43,-96,20,14,66.48307800292969,63.78871536254883,66.4906005859375,63.78871536254883,63.324562072753906,61.98386764526367,65.19202423095703,64.62197875976562,65.39112854003906,67.11929321289062,69.31810760498047,69.77105712890625,71.19690704345703,71.69379425048828,69.97142028808594,73.24616241455078,72.11102294921875,71.86793518066406,72.11102294921875,73.7834701538086,72.40165710449219,74.3303451538086,73.7834701538086,73.81734466552734,73.49829864501953,73.49829864501953,72.67048645019531,75.7165756225586,71.28113555908203,73.49829864501953,72.11102294921875,72.94518280029297,71.86793518066406,69.97142028808594,69.46221923828125,70.71067810058594,67.60177612304688,65.29930877685547,63.95310592651367,62.64982223510742,63.56099319458008,60.41522979736328,61.84658432006836,59.80802536010742,59.46427536010742,57.28001403808594,57.28001403808594,54.34151077270508,52.611785888671875,52.46903991699219,51.088157653808594,49.0
0,-43,-96,21,9,62.93647766113281,62.93647766113281,60.87692642211914,62.481998443603516,60.4400520324707,61.61168670654297,60.464866638183594,61.587337493896484,63.631752014160156,62.64982223510742,64.8459701538086,67.11929321289062,67.5425796508789,68.54196166992188,68.94200134277344,68.70953369140625,69.6419448852539,68.70953369140625,70.57620239257812,69.6419448852539,69.07966613769531,71.51223754882812,69.6419448852539,70.51950073242188,70.83784484863281,70.83784484863281,73.05477142333984,68.94925689697266,73.05477142333984,69.57010650634766,70.57620239257812,69.07966613769531,69.46221923828125,66.85057830810547,68.02940368652344,64.47480010986328,65.0,64.40496826171875,64.40496826171875,63.1347770690918,58.66856002807617,59.9416389465332,58.30952072143555,57.14017868041992,56.035701751708984,54.20331954956055,52.63079071044922,53.15073013305664,51.62363815307617,50.93132781982422,50.32891845703125,48.010414123535156
0,-43,-96,20,14,61.84658432006836,60.74536895751953,62.93647766113281,59.4810905456543,60.63827133178711,60.41522979736328,60.530982971191406,62.513999938964844,63.12685775756836,65.03076171875,65.0691909790039,67.0,67.0,68.0,68.0,70.028564453125,66.12110137939453,71.0633544921875,69.18092346191406,72.17340087890625,70.1783447265625,71.25306701660156,69.2603759765625,71.44927978515625,71.17584228515625,70.34912872314453,69.35416412353516,72.24956512451172,69.2603759765625,71.34423828125,67.11929321289062,68.11754608154297,68.06614685058594,67.02984619140625,66.0302963256836,66.0,66.0,64.0078125,63.19810104370117,61.073726654052734,60.074954986572266,58.13776779174805,59.41380310058594,57.55866622924805,54.58937454223633,54.34151077270508,53.600372314453125,54.120235443115234,51.54609680175781,51.62363815307617,49.19349670410156,47.50789260864258
0,-43,-96,20,14,63.812225341796875,61.400325775146484,63.25345993041992,60.20797348022461,61.52235412597656,59.396968841552734,60.95900344848633,62.481998443603516,62.62587356567383,64.40496826171875,65.21502685546875,66.85057830810547,67.95587158203125,67.41661834716797,68.26419067382812,69.83551788330078,67.11929321289062,70.32780456542969,70.66116333007812,70.66116333007812,69.35416412353516,70.23532104492188,69.83551788330078,71.5541763305664,70.66116333007812,69.77105712890625,71.5541763305664,71.5541763305664,69.77105712890625,71.5541763305664,68.0,68.96376037597656,67.11929321289062,66.73080444335938,66.37017059326172,66.37017059326172,65.19202423095703,63.24555206298828,62.42595672607422,60.0,61.400325775146484,58.41232681274414,61.073726654052734,58.13776779174805,53.81449508666992,55.17245864868164,53.75872039794922,52.40229034423828,51.22499465942383,50.21951675415039,49.39635467529297,48.30113983154297
0,-43,-96,21,10,61.09828186035156,60.406951904296875,60.16643524169922,59.203041076660156,58.24946212768555,60.8276252746582,60.406951904296875,60.20797348022461,60.20797348022461,61.073726654052734,65.0076904296875,65.0,65.0076904296875,64.0,65.03076171875,68.11754608154297,67.11929321289062,66.06814575195312,70.06425476074219,67.26811981201172,68.11754608154297,68.11754608154297,66.12110137939453,69.2603759765625,68.11754608154297,67.18630981445312,68.18357849121094,67.11929321289062,67.26811981201172,67.02984619140625,68.00735473632812,68.00735473632812,67.0,65.0,64.0,64.0078125,65.03076171875,61.13100814819336,58.215118408203125,60.29925537109375,58.4208869934082,57.55866622924805,57.55866622924805,57.070133209228516,54.34151077270508,50.695167541503906,51.92301940917969,50.9215087890625,49.76947021484375,49.19349670410156,47.88528060913086,45.79301071166992
0,-43,-96,21,10,61.61980056762695,62.00806427001953,60.216278076171875,61.85466766357422,59.36328887939453,60.90156173706055,61.717098236083984,61.741397857666016,61.84658432006836,63.694583892822266,64.8459701538086,65.19202423095703,68.62215423583984,68.62215423583984,70.21395874023438,68.96376037597656,69.6419448852539,67.44627380371094,71.30918884277344,70.88018035888672,70.88018035888672,70.60453033447266,68.4105224609375,71.80529022216797,71.80529022216797,70.8307876586914,71.0633544921875,71.30918884277344,72.2772445678711,68.4105224609375,68.96376037597656,69.6419448852539,69.57010650634766,68.00735473632812,66.73080444335938,64.8459701538086,64.8459701538086,61.46543884277344,62.7694206237793,62.2414665222168,59.93329620361328,59.03388977050781,55.90169906616211,56.4358024597168,56.603885650634766,53.25410842895508,53.25410842895508,51.22499465942383,50.6063232421875,50.990196228027344,48.08325958251953,49.67897033691406
0,-43,-96,21,10,62.93647766113281,62.2414665222168,62.28964614868164,61.073726654052734,62.00806427001953,60.216278076171875,61.29437255859375,62.7694206237793,63.631752014160156,65.3681869506836,65.7419204711914,66.21178436279297,68.02940368652344,68.15423583984375,68.54196166992188,70.00714111328125,70.00714111328125,70.38465881347656,69.28924560546875,70.00714111328125,69.46221923828125,70.93659210205078,69.6419448852539,70.51950073242188,70.83784484863281,71.16881561279297,70.57620239257812,71.51223754882812,69.28924560546875,70.57620239257812,68.15423583984375,68.94200134277344,68.94200134277344,64.88451385498047,65.79513549804688,65.30696868896484,65.30696868896484,63.95310592651367,62.17716598510742,62.7694206237793,62.7694206237793,58.830265045166016,58.52349853515625,56.035701751708984,56.22277069091797,52.49761962890625,53.81449508666992,51.62363815307617,51.62363815307617,50.990196228027344,49.67897033691406,46.87216567993164
0,-43,-96,20,14,63.52952194213867,61.91122817993164,60.464866638183594,61.400325775146484,59.81638717651367,60.30754470825195,62.2414665222168,61.52235412597656,62.2414665222168,65.85590362548828,65.94694519042969,65.6048812866211,66.84310150146484,67.00746154785156,68.4105224609375,69.63475799560547,69.63475799560547,68.818603515625,70.45565795898438,72.94518280029297,69.065185546875,70.45565795898438,69.89277648925781,71.02112579345703,70.72481536865234,71.56116485595703,71.56116485595703,69.065185546875,71.28113555908203,68.79679870605469,69.63475799560547,69.63475799560547,68.818603515625,67.20118713378906,67.20118713378906,65.6048812866211,64.81512451171875,63.25345993041992,63.12685775756836,60.95900344848633,60.14149856567383,59.41380310058594,57.982757568359375,57.314918518066406,55.973209381103516,54.037025451660156,52.801513671875,52.430908203125,51.312767028808594,50.11985778808594,48.764739990234375,48.10405349731445
0,-43,-96,21,11,64.14047241210938,62.96824645996094,62.42595672607422,62.801273345947266,61.717098236083984,60.8276252746582,63.639610290527344,61.52235412597656,63.78087615966797,65.29930877685547,66.70832061767578,69.65629577636719,70.43436431884766,69.81404113769531,70.0,72.20111083984375,71.84706115722656,69.40460968017578,70.45565795898438,71.84706115722656,70.21395874023438,74.3303451538086,69.63475799560547,71.56116485595703,73.49829864501953,74.63243103027344,71.84706115722656,71.61005401611328,74.06078338623047,72.42237091064453,70.60453033447266,72.00694274902344,69.81404113769531,67.00746154785156,68.88395690917969,67.35725402832031,65.85590362548828,65.0691909790039,62.22539520263672,62.22539520263672,60.8276252746582,60.14149856567383,59.46427536010742,56.85068130493164,56.40035629272461,54.4058837890625,54.64430618286133,53.5350341796875,51.429561614990234,50.56678771972656,50.9215087890625,48.08325958251953
0,-43,-96,21,10,64.35060119628906,63.65532302856445,63.12685775756836,63.25345993041992,61.400325775146484,63.24555206298828,62.7694206237793,63.812225341796875,64.88451385498047,64.88451385498047,66.18912506103516,67.08203887939453,70.68238830566406,70.7742919921875,71.17584228515625,70.93659210205078,70.57620239257812,70.00714111328125,71.51223754882812,72.23572540283203,70.7742919921875,72.80110168457031,71.30918884277344,71.16881561279297,72.80110168457031,72.80110168457031,73.16419982910156,71.86793518066406,71.86793518066406,71.51223754882812,70.7742919921875,71.58910369873047,70.7742919921875,68.88395690917969,67.97793579101562,67.11929321289062,67.08203887939453,64.49806213378906,64.49806213378906,63.28506851196289,61.91122817993164,59.36328887939453,59.64059066772461,59.81638717651367,56.080299377441406,54.488529205322266,55.17245864868164,53.740116119384766,51.7397346496582,51.22499465942383,49.648765563964844,48.3735466003418
0,-43,-96,20,14,65.27633666992188,65.12296295166016,63.0079345703125,65.0,63.071388244628906,63.19810104370117,62.513999938964844,64.62971496582031,66.2872543334961,65.73431396484375,66.94026947021484,67.72000885009766,70.3420181274414,71.16881561279297,73.08214569091797,71.16881561279297,72.80110168457031,70.22820281982422,73.05477142333984,71.86793518066406,72.80110168457031,72.23572540283203,70.93659210205078,74.32361602783203,76.69419860839844,73.53910827636719,73.53910827636719,70.93659210205078,75.7693862915039,70.7742919921875,72.44998168945312,71.51223754882812,71.16881561279297,69.89277648925781,69.89277648925781,67.35725402832031,68.62215423583984,66.7607650756836,65.0,65.96968841552734,61.84658432006836,62.817195892333984,58.24946212768555,58.85575485229492,57.55866622924805,56.32051086425781,57.14017868041992,54.037025451660156,53.0,53.0,51.15662384033203,49.648765563964844
0,-43,-96,20,15,68.3081283569336,66.128662109375,66.30987548828125,63.158531188964844,63.95310592651367,63.631752014160156,65.19202423095703,66.61080932617188,68.60028839111328,68.4105224609375,70.43436431884766,70.29224395751953,72.34638977050781,73.75635528564453,73.0,74.3303451538086,74.2765121459961,75.00666809082031,74.96665954589844,74.96665954589844,74.96665954589844,77.077880859375,76.38062286376953,77.077880859375,76.38062286376953,76.38062286376953,77.077880859375,77.077880859375,74.24958038330078,74.24958038330078,72.86288452148438,74.96665954589844,72.91776275634766,71.58910369873047,72.34638977050781,70.93659210205078,69.65629577636719,67.00746154785156,67.00746154785156,65.802734375,64.637451171875,60.464866638183594,63.812225341796875,61.057350158691406,59.53990173339844,57.706153869628906,56.79788589477539,56.46237564086914,55.71355438232422,54.120235443115234,53.600372314453125,51.62363815307617
0,-43,-96,21,11,65.802734375,67.42403411865234,64.14047241210938,65.86349487304688,63.95310592651367,66.21178436279297,65.0,65.78753662109375,68.3520278930664,65.14598846435547,69.92138671875,70.60453033447266,73.97972869873047,72.03471374511719,74.21590423583984,73.54590606689453,77.27871704101562,72.7804946899414,74.96665954589844,75.31268310546875,74.52516174316406,74.14849853515625,73.16419982910156,76.79192352294922,76.11833190917969,76.79192352294922,77.92945861816406,73.16419982910156,77.46611785888672,72.00694274902344,75.50496673583984,73.54590606689453,73.97972869873047,71.0633544921875,71.80529022216797,69.12307739257812,69.37578582763672,68.00735473632812,68.00735473632812,67.67569732666016,64.25729370117188,64.07807922363281,60.539241790771484,60.926185607910156,60.41522979736328,57.30619430541992,56.4358024597168,57.14017868041992,53.25410842895508,55.0,52.63079071044922,51.62363815307617
0,-43,-96,21,10,63.60031509399414,61.98386764526367,61.09828186035156,62.2414665222168,59.03388977050781,63.52952194213867,62.7694206237793,63.812225341796875,66.0302963256836,63.82006072998047,68.00735473632812,67.00746154785156,69.81404113769531,69.02897644042969,73.10950469970703,70.83784484863281,72.18032836914062,67.94115447998047,72.18032836914062,72.13875579833984,72.91776275634766,72.13875579833984,69.35416412353516,73.55270385742188,72.86288452148438,73.59347534179688,73.53910827636719,70.72481536865234,74.2765121459961,70.72481536865234,72.18032836914062,72.24956512451172,70.03570556640625,69.52696990966797,67.47592163085938,65.4369888305664,64.81512451171875,65.802734375,63.82006072998047,63.0079345703125,59.64059066772461,61.032779693603516,57.45433044433594,59.16925048828125,56.82429122924805,55.009090423583984,55.03635025024414,53.851646423339844,51.54609680175781,51.244510650634766,50.21951675415039,49.648765563964844
0,-43,-96,20,14,64.66065216064453,63.89052963256836,61.55485534667969,62.2414665222168,61.717098236083984,62.62587356567383,62.62587356567383,63.0079345703125,66.2872543334961,65.86349487304688,66.8879623413086,68.88395690917969,70.66116333007812,68.88395690917969,71.58910369873047,72.00694274902344,71.5541763305664,72.44998168945312,73.34848022460938,72.44998168945312,72.89718627929688,72.44998168945312,71.58910369873047,72.09021759033203,72.91776275634766,73.82411193847656,73.79024505615234,72.44998168945312,73.34848022460938,72.44998168945312,69.77105712890625,69.83551788330078,70.71067810058594,68.96376037597656,67.74215698242188,66.37017059326172,67.41661834716797,65.73431396484375,65.45991516113281,62.801273345947266,62.62587356567383,61.22091293334961,58.79625701904297,58.79625701904297,56.56854248046875,56.56854248046875,55.17245864868164,55.31726837158203,52.63079071044922,52.430908203125,49.09175109863281,49.19349670410156
0,-43,-96,20,14,63.82006072998047,64.35060119628906,64.49806213378906,62.64982223510742,63.071388244628906,62.7694206237793,63.324562072753906,63.90618133544922,66.7607650756836,65.52098846435547,67.72000885009766,70.3420181274414,70.0927963256836,70.8307876586914,71.80529022216797,71.19690704345703,71.38627624511719,71.58910369873047,73.97972869873047,73.97972869873047,71.19690704345703,73.97972869873047,72.00694274902344,73.82411193847656,72.99314880371094,73.97972869873047,73.82411193847656,73.34848022460938,73.16419982910156,71.38627624511719,70.61161041259766,72.56720733642578,70.8307876586914,69.12307739257812,68.88395690917969,67.18630981445312,67.72000885009766,66.40782928466797,63.90618133544922,62.96824645996094,63.324562072753906,61.46543884277344,60.008331298828125,58.18075180053711,56.35601043701172,55.4707145690918,55.226806640625,53.823787689208984,53.00943374633789,51.855567932128906,50.990196228027344,48.83646011352539
0,-43,-96,21,11,59.66573715209961,60.63827133178711,58.85575485229492,58.694122314453125,58.4208869934082,59.21148681640625,62.032249450683594,60.0,61.00819778442383,62.07253646850586,65.19202423095703,65.37583923339844,66.37017059326172,65.6201171875,67.36467742919922,66.75328063964844,67.89698028564453,67.89698028564453,69.87130737304688,68.88395690917969,68.88395690917969,69.87130737304688,68.88395690917969,69.63475799560547,71.38627624511719,70.21395874023438,70.03570556640625,67.89698028564453,69.05070495605469,69.87130737304688,67.89698028564453,66.91038513183594,66.61080932617188,66.37017059326172,65.27633666992188,64.38167572021484,65.12296295166016,63.12685775756836,62.032249450683594,59.00847244262695,60.0,57.0,57.00876998901367,57.07889175415039,55.226806640625,53.46026611328125,52.611785888671875,51.195701599121094,49.47726821899414,49.04079818725586,48.383880615234375,47.01063537597656
0,-43,-96,20,14,65.0076904296875,64.1248779296875,62.513999938964844,64.49806213378906,61.0,61.61168670654297,64.03124237060547,62.93647766113281,64.51356506347656,65.19202423095703,68.3520278930664,69.07966613769531,70.00714111328125,68.54196166992188,71.58910369873047,71.5541763305664,71.5541763305664,72.44998168945312,72.00694274902344,70.66116333007812,72.44998168945312,73.35530090332031,71.5541763305664,73.82411193847656,72.01388549804688,72.44998168945312,72.89718627929688,72.89718627929688,71.5541763305664,71.5541763305664,71.11258697509766,71.11258697509766,71.17584228515625,69.07966613769531,66.85057830810547,66.48307800292969,66.48307800292969,63.90618133544922,63.60031509399414,61.6846809387207,61.6846809387207,61.400325775146484,59.66573715209961,59.43904495239258,57.070133209228516,55.578773498535156,56.32051086425781,55.081756591796875,51.0,52.009613037109375,51.244510650634766,49.648765563964844
0,-43,-96,20,14,63.324562072753906,60.728904724121094,61.46543884277344,61.84658432006836,60.008331298828125,62.60990524291992,62.7694206237793,63.631752014160156,63.812225341796875,64.8999252319336,66.0302963256836,67.20118713378906,67.80117797851562,70.43436431884766,69.81404113769531,70.83784484863281,73.0,69.65629577636719,73.0,71.58910369873047,73.10950469970703,72.24956512451172,71.58910369873047,72.13875579833984,72.18032836914062,71.58910369873047,73.66138458251953,71.50524139404297,71.44927978515625,71.58910369873047,69.52696990966797,70.43436431884766,71.21797180175781,67.20118713378906,66.40029907226562,67.20118713378906,67.20118713378906,64.07027435302734,62.68173599243164,62.433963775634766,62.433963775634766,61.057350158691406,59.53990173339844,57.245086669921875,55.46169662475586,54.625999450683594,53.851646423339844,52.49761962890625,51.244510650634766,50.96076965332031,50.0099983215332,48.3735466003418
0,-43,-96,21,11,64.13267517089844,62.64982223510742,64.28063201904297,64.1248779296875,64.03124237060547,62.0,62.032249450683594,65.19202423095703,65.27633666992188,66.75328063964844,67.26811981201172,68.44705963134766,69.42621612548828,69.85699462890625,71.58910369873047,72.2772445678711,71.30918884277344,72.2772445678711,71.30918884277344,73.49829864501953,72.7804946899414,74.21590423583984,73.08214569091797,73.37574768066406,75.28611755371094,74.04052734375,73.08214569091797,73.08214569091797,73.08214569091797,71.84010314941406,70.0927963256836,73.24616241455078,70.8307876586914,70.40596771240234,68.06614685058594,69.63475799560547,67.08203887939453,65.11528015136719,66.91038513183594,63.639610290527344,64.28063201904297,61.29437255859375,62.28964614868164,58.03447341918945,55.0,55.03635025024414,55.081756591796875,55.226806640625,55.44366455078125,51.788028717041016,50.21951675415039,48.383880615234375
0,-43,-96,21,11,64.93843078613281,63.150611877441406,63.78871536254883,61.400325775146484,63.24555206298828,62.032249450683594,63.694583892822266,63.976558685302734,65.76473236083984,67.08203887939453,70.23532104492188,68.79679870605469,71.02112579345703,72.40165710449219,70.49113464355469,72.42237091064453,72.42237091064453,74.06078338623047,73.00685119628906,74.40430450439453,74.06078338623047,74.40430450439453,75.21302795410156,75.80237579345703,75.21302795410156,74.40430450439453,73.40980529785156,74.40430450439453,72.20111083984375,74.20242309570312,72.42237091064453,73.23933410644531,71.28113555908203,69.3397445678711,68.50547790527344,69.97142028808594,68.26419067382812,65.86349487304688,65.3681869506836,63.52952194213867,63.52952194213867,61.269893646240234,62.64982223510742,58.694122314453125,59.236812591552734,57.93962478637695,55.36244201660156,56.32051086425781,54.5710563659668,54.58937454223633,51.35172653198242,51.009803771972656
0,-43,-96,21,10,60.835845947265625,60.926185607910156,60.16643524169922,59.46427536010742,59.203041076660156,59.90826416015625,61.84658432006836,61.392181396484375,62.96824645996094,63.639610290527344,66.37017059326172,67.26811981201172,68.18357849121094,68.11754608154297,70.1783447265625,71.0633544921875,71.02816009521484,71.0633544921875,71.0,70.06425476074219,71.11258697509766,70.11418914794922,71.0633544921875,72.0,73.00685119628906,73.00685119628906,72.06246948242188,71.00704193115234,71.0633544921875,72.06246948242188,70.34912872314453,69.35416412353516,68.4689712524414,66.48307800292969,66.75328063964844,66.75328063964844,65.6201171875,64.13267517089844,61.188232421875,61.61168670654297,59.66573715209961,59.66573715209961,58.24087905883789,58.52349853515625,56.30275344848633,54.230987548828125,54.12947463989258,50.990196228027344,50.6063232421875,50.774009704589844,48.25971221923828,49.67897033691406
0,-43,-96,21,11,62.801273345947266,63.150611877441406,59.90826416015625,62.64183807373047,58.52349853515625,61.09828186035156,60.926185607910156,60.835845947265625,62.60990524291992,62.64982223510742,65.86349487304688,66.0378646850586,66.0378646850586,67.95587158203125,70.1783447265625,67.41661834716797,71.84706115722656,68.79679870605469,72.42237091064453,71.61005401611328,69.89277648925781,71.61005401611328,69.89277648925781,72.20111083984375,72.42237091064453,72.42237091064453,73.23933410644531,69.63475799560547,72.11102294921875,69.89277648925781,70.1783447265625,69.6419448852539,69.1158447265625,66.37017059326172,67.60177612304688,63.631752014160156,65.3681869506836,63.95310592651367,62.169124603271484,64.88451385498047,59.61543273925781,61.84658432006836,60.16643524169922,58.52349853515625,56.920997619628906,55.081756591796875,56.51548385620117,54.12947463989258,50.48762130737305,52.239830017089844,51.088157653808594,49.0
0,-43,-96,20,15,63.82006072998047,62.96824645996094,64.14047241210938,63.1347770690918,61.717098236083984,63.976558685302734,62.7694206237793,63.5688591003418,66.0984115600586,65.52098846435547,68.680419921875,69.12307739257812,70.8307876586914,70.0927963256836,72.7804946899414,71.38627624511719,74.3303451538086,71.38627624511719,74.14849853515625,73.16419982910156,74.14849853515625,74.96665954589844,72.18032836914062,75.13321685791016,72.99314880371094,76.11833190917969,75.80237579345703,73.54590606689453,74.3303451538086,72.18032836914062,71.80529022216797,71.58910369873047,71.80529022216797,67.91170501708984,70.0927963256836,68.4105224609375,65.802734375,66.40782928466797,65.14598846435547,63.90618133544922,61.09828186035156,61.46543884277344,60.008331298828125,59.50630187988281,58.13776779174805,55.009090423583984,54.708316802978516,54.08327102661133,53.00943374633789,52.63079071044922,50.2493782043457,49.51767349243164
0,-43,-96,21,11,64.35060119628906,62.96824645996094,63.25345993041992,64.03124237060547,61.61168670654297,63.812225341796875,63.631752014160156,62.64982223510742,65.29930877685547,66.64083099365234,68.44705963134766,70.38465881347656,70.57620239257812,71.86793518066406,71.86793518066406,71.51223754882812,73.38937377929688,70.22820281982422,74.3303451538086,74.3303451538086,73.05477142333984,74.3303451538086,72.73238372802734,75.28611755371094,75.28611755371094,75.28611755371094,74.3303451538086,73.68174743652344,75.28611755371094,72.42237091064453,74.0,73.68174743652344,72.11102294921875,69.28924560546875,69.28924560546875,67.779052734375,68.70953369140625,66.21178436279297,65.79513549804688,63.071388244628906,62.17716598510742,62.17716598510742,60.41522979736328,59.16925048828125,57.982757568359375,56.30275344848633,55.803226470947266,54.20331954956055,53.413482666015625,53.075416564941406,50.93132781982422,49.04079818725586
0,-43,-96,20,14,62.481998443603516,62.20128631591797,60.464866638183594,61.587337493896484,60.41522979736328,64.41273498535156,63.071388244628906,62.2414665222168,62.7694206237793,64.25729370117188,68.94925689697266,68.3081283569336,69.2603759765625,69.6419448852539,70.88018035888672,70.8307876586914,72.03471374511719,71.80529022216797,71.80529022216797,72.7804946899414,72.2772445678711,73.75635528564453,71.80529022216797,73.34848022460938,73.75635528564453,72.7804946899414,73.54590606689453,71.80529022216797,72.7804946899414,71.38627624511719,70.3420181274414,69.12307739257812,70.3420181274414,68.00735473632812,68.00735473632812,68.3081283569336,67.35725402832031,63.5688591003418,62.3939094543457,63.694583892822266,60.74536895751953,60.41522979736328,60.41522979736328,57.697486877441406,56.35601043701172,55.56977462768555,55.75840759277344,54.64430618286133,50.6063232421875,52.49761962890625,50.990196228027344,48.83646011352539
0,-43,-96,21,10,60.8276252746582,62.2414665222168,60.539241790771484,61.84658432006836,58.8217658996582,62.361846923828125,61.392181396484375,62.36986541748047,62.64982223510742,63.3876953125,66.48307800292969,65.27633666992188,68.18357849121094,68.18357849121094,70.1783447265625,69.02897644042969,73.02738952636719,67.06713104248047,73.00685119628906,72.0,71.0,71.0,70.0,72.0,71.0,73.0,73.00685119628906,70.028564453125,73.00685119628906,69.0,70.00714111328125,70.00714111328125,69.02897644042969,68.02940368652344,68.26419067382812,65.19202423095703,66.18912506103516,64.28063201904297,64.49806213378906,63.50590515136719,58.85575485229492,59.84145736694336,57.27128601074219,58.46366500854492,56.75385284423828,54.120235443115234,53.45091247558594,52.92447280883789,49.658836364746094,49.648765563964844,49.24428939819336,47.16990661621094
0,-43,-96,20,15,66.37017059326172,65.92420196533203,65.73431396484375,64.76110076904297,64.8459701538086,63.5688591003418,65.55150604248047,64.47480010986328,67.5425796508789,69.77105712890625,70.21395874023438,72.94518280029297,72.4706802368164,73.9256362915039,74.4311752319336,76.00657653808594,75.1664810180664,75.1664810180664,73.81734466552734,76.02631378173828,75.7165756225586,76.843994140625,74.88658142089844,75.21302795410156,77.10382843017578,76.843994140625,77.66595458984375,76.843994140625,74.63243103027344,75.21302795410156,73.49829864501953,72.94518280029297,74.06078338623047,70.1783447265625,71.34423828125,70.49113464355469,70.71067810058594,67.60177612304688,66.18912506103516,65.29930877685547,64.8459701538086,61.741397857666016,62.7694206237793,60.539241790771484,58.872745513916016,58.18934631347656,57.567352294921875,56.75385284423828,55.10898208618164,52.611785888671875,54.230987548828125,52.0
0,-43,-96,20,15,69.07966613769531,64.51356506347656,68.680419921875,62.817195892333984,66.0984115600586,62.96824645996094,65.4904556274414,66.18912506103516,66.0302963256836,70.00714111328125,70.00714111328125,72.00694274902344,76.0,73.0,73.0,77.05841827392578,73.10950469970703,77.05841827392578,74.1687240600586,76.16429901123047,76.05918884277344,76.16429901123047,77.10382843017578,77.23341369628906,77.05841827392578,76.10519409179688,77.23341369628906,78.05767059326172,74.06078338623047,76.05918884277344,73.00685119628906,74.00675964355469,74.0,72.0,72.00694274902344,72.02777099609375,69.1158447265625,66.18912506103516,66.37017059326172,65.4904556274414,66.61080932617188,61.52235412597656,64.13267517089844,59.66573715209961,59.43904495239258,57.9741325378418,56.61272048950195,57.87054443359375,56.080299377441406,51.89412307739258,52.35456085205078,49.648765563964844
0,-43,-96,21,11,63.639610290527344,62.169124603271484,62.817195892333984,62.64183807373047,62.297672271728516,60.406951904296875,62.7694206237793,61.741397857666016,64.8459701538086,64.8459701538086,67.60177612304688,69.46221923828125,69.97142028808594,69.97142028808594,71.34423828125,72.11102294921875,72.11102294921875,71.56116485595703,72.94518280029297,72.94518280029297,72.94518280029297,74.06078338623047,72.67048645019531,73.60027313232422,74.88658142089844,74.06078338623047,74.88658142089844,72.94518280029297,72.11102294921875,72.67048645019531,71.69379425048828,70.32780456542969,70.32780456542969,69.35416412353516,67.60177612304688,70.71067810058594,67.11929321289062,65.7419204711914,64.40496826171875,62.2414665222168,62.7694206237793,60.539241790771484,60.16643524169922,58.52349853515625,54.4058837890625,55.081756591796875,56.08921432495117,55.10898208618164,53.46026611328125,52.239830017089844,49.04079818725586,49.01020431518555
0,-43,-96,21,11,65.85590362548828,65.76473236083984,63.65532302856445,63.70243453979492,64.03124237060547,65.21502685546875,64.637451171875,65.73431396484375,67.41661834716797,67.60177612304688,71.11258697509766,72.91776275634766,72.91776275634766,72.49827575683594,73.79024505615234,73.9256362915039,74.73285675048828,73.53910827636719,75.7693862915039,76.48529052734375,75.58438873291016,76.55716705322266,75.7693862915039,77.49193572998047,76.69419860839844,76.69419860839844,78.0,76.55716705322266,77.077880859375,74.84651184082031,72.91776275634766,73.79024505615234,73.79024505615234,72.00694274902344,72.00694274902344,70.66116333007812,70.23532104492188,68.47627258300781,66.37017059326172,65.51335906982422,64.35060119628906,61.85466766357422,61.85466766357422,60.80295944213867,57.628116607666016,56.63920974731445,57.314918518066406,55.865909576416016,53.75872039794922,54.81787872314453,52.63079071044922,51.865211486816406
0,-43,-96,21,11,65.0691909790039,63.12685775756836,65.4904556274414,63.95310592651367,64.13267517089844,63.78871536254883,64.56005096435547,66.40782928466797,66.73080444335938,69.07966613769531,70.93659210205078,72.09021759033203,72.49827575683594,72.91776275634766,72.91776275634766,73.79024505615234,73.79024505615234,74.24958038330078,74.24284362792969,75.1797866821289,74.6860122680664,75.1797866821289,74.24284362792969,75.66372680664062,76.5375747680664,76.05918884277344,76.5375747680664,74.24284362792969,74.24284362792969,74.70609283447266,73.79024505615234,73.79024505615234,73.34848022460938,71.58910369873047,71.58910369873047,71.17584228515625,68.70953369140625,66.85057830810547,65.78753662109375,64.19501495361328,65.14598846435547,62.93647766113281,61.13100814819336,59.66573715209961,57.27128601074219,57.070133209228516,55.90169906616211,56.32051086425781,55.081756591796875,53.0,52.009613037109375,49.36598205566406
0,-43,-96,20,15,65.4369888305664,63.0079345703125,63.51377868652344,62.433963775634766,63.1347770690918,62.169124603271484,63.56099319458008,64.62197875976562,65.78753662109375,66.40782928466797,68.96376037597656,70.60453033447266,72.2772445678711,71.56814575195312,73.49829864501953,73.75635528564453,74.73285675048828,74.73285675048828,73.34848022460938,74.52516174316406,74.73285675048828,74.3303451538086,74.3303451538086,76.79192352294922,75.13321685791016,75.13321685791016,76.29547882080078,74.3303451538086,74.52516174316406,73.16419982910156,72.7804946899414,72.7804946899414,71.58910369873047,69.37578582763672,68.88395690917969,69.37578582763672,68.4105224609375,68.00735473632812,65.45991516113281,64.51356506347656,62.96824645996094,61.09828186035156,60.926185607910156,59.61543273925781,58.18075180053711,56.36488342285156,56.82429122924805,54.918121337890625,53.25410842895508,54.037025451660156,51.855567932128906,49.51767349243164
0,-43,-96,20,15,65.37583923339844,64.28063201904297,65.03076171875,66.0,65.0691909790039,65.27633666992188,66.75328063964844,66.91038513183594,67.08203887939453,67.46851348876953,70.3420181274414,72.80110168457031,72.12489318847656,73.37574768066406,74.3303451538086,74.63243103027344,75.89466094970703,73.68174743652344,78.43468475341797,76.216796875,74.94664764404297,75.61084747314453,74.3303451538086,77.6208724975586,76.89603424072266,77.2528305053711,76.89603424072266,76.89603424072266,76.5506362915039,75.02666473388672,73.68174743652344,74.3303451538086,72.73238372802734,72.42237091064453,70.21395874023438,69.92138671875,68.680419921875,68.4105224609375,67.6830825805664,66.70832061767578,63.348243713378906,62.96824645996094,63.78871536254883,60.67124557495117,59.304298400878906,57.14017868041992,57.07889175415039,55.0,55.0,54.147945404052734,53.46026611328125,51.195701599121094
