timestamp,rssi,noise_floor,agc_gain,fft_gain,subcarrier_0,subcarrier_1,subcarrier_2,subcarrier_3,subcarrier_4,subcarrier_5,subcarrier_6,subcarrier_7,subcarrier_8,subcarrier_9,subcarrier_10,subcarrier_11,subcarrier_12,subcarrier_13,subcarrier_14,subcarrier_15,subcarrier_16,subcarrier_17,subcarrier_18,subcarrier_19,subcarrier_20,subcarrier_21,subcarrier_22,subcarrier_23,subcarrier_24,subcarrier_25,subcarrier_26,subcarrier_27,subcarrier_28,subcarrier_29,subcarrier_30,subcarrier_31,subcarrier_32,subcarrier_33,subcarrier_34,subcarrier_35,subcarrier_36,subcarrier_37,subcarrier_38,subcarrier_39,subcarrier_40,subcarrier_41,subcarrier_42,subcarrier_43,subcarrier_44,subcarrier_45,subcarrier_46,subcarrier_47,subcarrier_48,subcarrier_49,subcarrier_50,subcarrier_51
0,-34,-95,10,31,78.31346893310547,79.15807342529297,79.22752380371094,83.38465118408203,78.4091796875,79.30951690673828,74.1080322265625,77.05841827392578,77.10382843017578,77.0064926147461,76.00657653808594,74.0,77.16217041015625,77.0,77.16217041015625,75.05997467041016,80.3056640625,74.06078338623047,80.22468566894531,77.3175277709961,79.22752380371094,81.22191619873047,77.05841827392578,81.05553436279297,77.05841827392578,78.05767059326172,80.0,73.00685119628906,76.10519409179688,69.2603759765625,71.25306701660156,69.46221923828125,63.19810104370117,59.304298400878906,58.4208869934082,55.10898208618164,54.58937454223633,51.62363815307617,46.87216567993164,45.7055778503418,44.283180236816406,44.40720748901367,40.01249694824219,40.01249694824219,39.0,39.0,44.0113639831543,43.104522705078125,39.11521530151367,41.19466018676758,42.42640686035156,39.84971618652344
0,-34,-95,10,31,76.32168579101562,78.0,79.30951690673828,79.30951690673828,80.41144561767578,76.48529052734375,77.87811279296875,77.87811279296875,76.15773010253906,77.36924743652344,76.92203521728516,76.15773010253906,76.32168579101562,75.47184753417969,76.66159057617188,78.77182006835938,78.23681640625,75.1664810180664,80.44873809814453,78.54934692382812,81.3019027709961,80.4549560546875,75.47184753417969,82.68010711669922,78.03204345703125,81.00617218017578,76.94153594970703,75.58438873291016,71.5541763305664,69.46221923828125,70.26378631591797,68.00735473632812,66.0984115600586,62.93647766113281,62.93647766113281,55.6596794128418,53.75872039794922,49.97999572753906,49.97999572753906,44.94440841674805,43.46262741088867,41.62931823730469,39.81205749511719,39.824615478515625,39.824615478515625,41.146080017089844,38.01315689086914,43.382022857666016,42.05948257446289,44.384681701660156,41.761226654052734,42.20189666748047
0,-34,-95,10,30,76.83749389648438,77.33692169189453,80.15609741210938,78.64476776123047,77.98717498779297,76.5767593383789,78.56844329833984,76.48529052734375,74.41101837158203,77.10382843017578,77.10382843017578,77.8331527709961,74.41101837158203,75.92759704589844,76.48529052734375,74.5184555053711,77.801025390625,73.75635528564453,79.39773559570312,80.05622863769531,79.98124694824219,80.05622863769531,78.56844329833984,80.72174072265625,77.79460144042969,79.24645233154297,75.74298858642578,78.56844329833984,73.66138458251953,71.58910369873047,70.0,68.00735473632812,67.00746154785156,62.20128631591797,57.982757568359375,57.42821502685547,55.226806640625,51.61395263671875,49.40647888183594,45.221675872802734,43.8292121887207,43.5660400390625,41.400482177734375,39.69886779785156,42.01190185546875,40.45985794067383,42.52058410644531,40.607879638671875,41.88078308105469,40.49691390991211,43.416587829589844,41.59326934814453
0,-34,-95,10,31,81.54139709472656,80.60397338867188,82.61961364746094,83.6002426147461,82.46211242675781,81.4002456665039,80.43009185791016,77.33692169189453,78.24320983886719,78.56844329833984,79.24645233154297,79.24645233154297,76.38062286376953,79.19596099853516,77.79460144042969,80.05622863769531,80.05622863769531,79.20858764648438,81.56592559814453,81.32035064697266,81.3449478149414,84.85281372070312,80.62257385253906,82.73451232910156,80.61017608642578,82.03657531738281,79.93122100830078,77.46611785888672,74.81310272216797,76.216796875,72.62230682373047,71.84706115722656,65.21502685546875,66.2872543334961,62.96824645996094,60.20797348022461,58.24946212768555,49.73931884765625,49.648765563964844,48.02082824707031,46.615447998046875,41.400482177734375,43.27817153930664,41.231056213378906,41.231056213378906,42.01190185546875,42.52058410644531,40.607879638671875,41.400482177734375,45.486263275146484,45.27692413330078,44.72135925292969
0,-34,-95,9,36,79.07591247558594,80.04998779296875,82.71033477783203,82.46211242675781,81.4923324584961,81.4923324584961,80.08120727539062,77.49193572998047,76.843994140625,77.16217041015625,79.69943237304688,78.18567657470703,77.8331527709961,77.6208724975586,78.0,80.52949523925781,80.11241912841797,79.7057113647461,81.84130859375,81.85963439941406,81.54139709472656,81.43709564208984,81.1541748046875,80.62257385253906,81.3449478149414,80.65357971191406,79.05693817138672,76.5375747680664,74.72616577148438,74.46475982666016,71.0633544921875,70.8307876586914,66.70832061767578,64.13267517089844,62.96824645996094,57.42821502685547,57.55866622924805,52.46903991699219,49.36598205566406,46.69047164916992,44.72135925292969,42.7551155090332,41.9761848449707,41.48493576049805,41.231056213378906,41.48493576049805,41.231056213378906,41.48493576049805,41.231056213378906,44.72135925292969,42.42640686035156,43.011627197265625
0,-34,-95,8,42,91.48223876953125,92.72000885009766,93.14505004882812,93.14505004882812,91.67878723144531,90.70832061767578,88.76936340332031,90.02777099609375,88.29496002197266,85.98837280273438,88.95504760742188,89.67720031738281,88.36288452148438,88.27796936035156,91.26883697509766,90.44888305664062,90.19977569580078,89.35882568359375,93.19334411621094,94.33981323242188,92.54188537597656,92.6552734375,92.6552734375,92.13577270507812,91.66242218017578,90.79647827148438,90.09439849853516,85.90692901611328,85.37564086914062,81.78630828857422,81.74349975585938,77.49193572998047,74.3303451538086,71.7844009399414,69.6419448852539,64.8459701538086,63.24555206298828,61.35144805908203,56.920997619628906,52.81098556518555,50.28916549682617,50.28916549682617,47.53945541381836,47.801673889160156,47.53945541381836,46.57252502441406,47.29693603515625,47.801673889160156,47.29693603515625,49.04079818725586,49.04079818725586,50.15974426269531
0,-34,-95,10,30,74.24284362792969,74.6860122680664,76.47875213623047,76.02631378173828,75.13321685791016,73.82411193847656,76.55716705322266,71.58910369873047,74.32361602783203,72.80110168457031,74.09453582763672,73.73601531982422,75.58438873291016,75.0,73.73601531982422,75.96051788330078,73.97972869873047,73.08214569091797,76.92203521728516,76.65507507324219,78.43468475341797,82.2192153930664,74.0,77.49193572998047,78.43468475341797,76.69419860839844,75.7693862915039,72.09021759033203,71.17584228515625,69.31810760498047,65.76473236083984,61.400325775146484,63.28506851196289,60.20797348022461,56.93856430053711,51.312767028808594,53.0,46.3249397277832,49.39635467529297,44.777225494384766,42.54409408569336,41.59326934814453,41.146080017089844,39.81205749511719,35.35533905029297,38.470767974853516,40.24922180175781,40.24922180175781,40.31128692626953,38.27531814575195,39.824615478515625,41.231056213378906
0,-34,-95,10,31,77.79460144042969,76.5506362915039,75.96051788330078,80.3243408203125,77.6208724975586,77.16217041015625,76.32168579101562,77.47257232666016,77.077880859375,73.79024505615234,76.967529296875,76.02631378173828,76.94153594970703,76.92203521728516,75.58438873291016,76.92203521728516,78.77182006835938,78.72102355957031,78.77182006835938,79.64923095703125,79.64923095703125,80.0624771118164,78.29431915283203,77.38862609863281,80.62257385253906,78.79086303710938,76.89603424072266,74.04052734375,75.96051788330078,68.680419921875,69.12307739257812,66.48307800292969,64.76110076904297,62.169124603271484,58.85575485229492,55.578773498535156,51.62363815307617,52.46903991699219,49.497474670410156,45.54119110107422,45.27692413330078,41.43669891357422,41.231056213378906,39.051246643066406,38.832977294921875,38.60051727294922,41.0,40.26164245605469,38.470767974853516,42.296573638916016,40.112342834472656,43.0
0,-34,-95,9,38,89.28605651855469,91.08238220214844,91.4166259765625,93.60555267333984,89.8888168334961,92.35800170898438,89.1964111328125,88.95504760742188,88.39117431640625,84.69356536865234,88.63971710205078,87.23531341552734,88.1192398071289,89.47066497802734,90.3548583984375,89.94442749023438,92.28217315673828,88.58893585205078,92.78469848632812,91.30169677734375,92.13034057617188,93.4772720336914,88.54942321777344,92.1791763305664,90.8019790649414,93.10746765136719,90.2496566772461,86.72946166992188,87.66413116455078,81.93289947509766,80.36167907714844,77.6208724975586,76.40026092529297,72.03471374511719,69.63475799560547,64.76110076904297,63.348243713378906,58.46366500854492,56.75385284423828,53.600372314453125,49.47726821899414,51.6623649597168,47.12748718261719,47.434165954589844,47.12748718261719,45.880279541015625,46.48655700683594,48.383880615234375,45.880279541015625,48.764739990234375,48.05205535888672,50.35871505737305
0,-34,-95,10,31,76.5506362915039,78.03204345703125,80.70935821533203,80.15609741210938,76.02631378173828,78.23681640625,75.0,74.88658142089844,74.81310272216797,73.66138458251953,74.02702331542969,74.2765121459961,72.12489318847656,75.66372680664062,74.24958038330078,74.2765121459961,77.23341369628906,74.95331573486328,79.39773559570312,76.48529052734375,80.62257385253906,79.20858764648438,74.96665954589844,79.93122100830078,77.78174591064453,77.89736938476562,75.07329559326172,74.3303451538086,77.23341369628906,71.0633544921875,68.4105224609375,64.81512451171875,66.61080932617188,60.74536895751953,61.29437255859375,54.64430618286133,53.600372314453125,49.39635467529297,50.0,47.801673889160156,42.20189666748047,40.804412841796875,39.20458984375,41.03656768798828,38.18376541137695,39.824615478515625,39.20458984375,44.59820556640625,41.86884307861328,42.20189666748047,41.400482177734375,44.283180236816406
0,-34,-95,10,30,76.5375747680664,75.29276275634766,80.52949523925781,79.60527801513672,78.79086303710938,76.02631378173828,75.58438873291016,74.6860122680664,75.7693862915039,73.53910827636719,75.02666473388672,77.077880859375,74.3303451538086,73.73601531982422,74.0,78.84795379638672,75.0,75.69015502929688,77.66595458984375,80.77747344970703,77.88452911376953,80.77747344970703,79.12016296386719,80.28075408935547,79.37883758544922,76.216796875,75.61084747314453,76.5506362915039,72.23572540283203,72.23572540283203,69.07966613769531,69.35416412353516,64.47480010986328,64.0078125,59.16925048828125,55.07267761230469,53.5350341796875,50.6063232421875,47.88528060913086,46.957427978515625,45.18849563598633,39.924930572509766,40.853397369384766,41.62931823730469,39.924930572509766,37.336307525634766,41.43669891357422,39.924930572509766,39.924930572509766,41.146080017089844,40.24922180175781,42.72002029418945
0,-34,-95,10,31,73.9256362915039,77.47257232666016,75.7693862915039,78.79086303710938,74.09453582763672,76.32168579101562,74.94664764404297,74.94664764404297,71.16881561279297,75.58438873291016,76.843994140625,76.92203521728516,74.46475982666016,73.54590606689453,75.70997619628906,77.10382843017578,77.78174591064453,73.34848022460938,78.91767883300781,77.92945861816406,78.44743347167969,77.92945861816406,75.13321685791016,80.60397338867188,79.07591247558594,77.36924743652344,77.88452911376953,73.49829864501953,75.28611755371094,71.47027587890625,69.28924560546875,69.28924560546875,62.7694206237793,60.16643524169922,57.384666442871094,55.03635025024414,54.12947463989258,49.658836364746094,45.694637298583984,47.75981521606445,42.04759216308594,44.59820556640625,40.804412841796875,39.84971618652344,41.231056213378906,38.327537536621094,40.79215621948242,41.48493576049805,39.84971618652344,41.1096076965332,42.48529052734375,42.05948257446289
0,-34,-95,9,37,86.4927749633789,85.5102310180664,89.05054473876953,88.6453628540039,89.62700653076172,83.9523696899414,86.12200927734375,83.9523696899414,82.46211242675781,84.48076629638672,85.070556640625,85.09406280517578,85.23497009277344,83.57032775878906,82.87339782714844,87.09190368652344,85.61541748046875,87.09190368652344,86.00581359863281,88.39117431640625,89.8109130859375,90.82400512695312,88.60022735595703,88.0227279663086,87.92041778564453,86.97700500488281,84.64632415771484,84.40379333496094,81.58431243896484,79.42921447753906,78.08969116210938,76.79192352294922,71.44927978515625,71.25306701660156,66.18912506103516,63.28506851196289,60.13318634033203,55.081756591796875,54.230987548828125,50.15974426269531,49.25444030761719,45.39823913574219,46.52956008911133,44.55333709716797,44.40720748901367,43.73785400390625,42.7551155090332,44.72135925292969,46.52956008911133,46.173583984375,46.097721099853516,46.0
0,-34,-95,10,31,74.41101837158203,79.8122787475586,79.88116455078125,80.80223083496094,80.60397338867188,79.88116455078125,80.80223083496094,77.42092895507812,77.93586730957031,76.15773010253906,75.29276275634766,77.02597045898438,79.17701721191406,78.29431915283203,76.5375747680664,79.15807342529297,81.93900299072266,76.92203521728516,83.18653869628906,82.2982406616211,81.00617218017578,83.18653869628906,84.38008880615234,82.76472473144531,81.4923324584961,83.00602722167969,79.88116455078125,76.6093978881836,76.27581787109375,72.20111083984375,71.84010314941406,72.62230682373047,66.06814575195312,60.30754470825195,57.384666442871094,56.63920974731445,55.17245864868164,50.20956039428711,47.381431579589844,45.27692413330078,43.185646057128906,43.27817153930664,41.400482177734375,41.231056213378906,42.43819046020508,37.202152252197266,39.824615478515625,42.20189666748047,42.01190185546875,43.931766510009766,43.863426208496094,41.86884307861328
0,-34,-95,9,37,86.31338500976562,83.63013458251953,88.1929702758789,86.35391998291016,85.0,81.88406372070312,85.0,83.35466766357422,81.3019027709961,83.52843475341797,83.52843475341797,82.37718200683594,84.05355072021484,84.62860107421875,82.80096435546875,85.42832946777344,82.46211242675781,84.64632415771484,85.91275024414062,86.21485137939453,87.20092010498047,87.20092010498047,87.92041778564453,88.23265075683594,87.3670425415039,85.75546264648438,83.00602722167969,82.85529327392578,79.75587463378906,79.64923095703125,73.79024505615234,76.05918884277344,71.30918884277344,69.07966613769531,66.48307800292969,62.96824645996094,58.52349853515625,54.708316802978516,54.08327102661133,49.97999572753906,47.16990661621094,44.777225494384766,45.18849563598633,43.863426208496094,42.54409408569336,42.94182205200195,43.382022857666016,44.283180236816406,45.694637298583984,47.53945541381836,46.173583984375,45.12205505371094
0,-34,-95,10,31,76.05918884277344,75.1664810180664,76.48529052734375,78.74642944335938,75.1664810180664,76.41989135742188,75.07329559326172,73.55270385742188,73.55270385742188,72.18032836914062,76.5767593383789,73.24616241455078,72.00694274902344,74.65252685546875,71.84010314941406,73.00685119628906,77.66595458984375,73.23933410644531,78.23681640625,76.6093978881836,76.40026092529297,78.4091796875,76.83749389648438,79.88116455078125,78.4091796875,77.98717498779297,75.00666809082031,77.23341369628906,73.75635528564453,71.4212875366211,67.89698028564453,66.52819061279297,65.0691909790039,61.717098236083984,58.898216247558594,51.22499465942383,54.81787872314453,49.67897033691406,46.86149978637695,44.59820556640625,41.72529220581055,41.1096076965332,41.72529220581055,38.28837966918945,39.69886779785156,39.59798049926758,38.94868469238281,41.03656768798828,40.31128692626953,41.01219177246094,39.051246643066406,41.617305755615234
0,-34,-95,10,31,77.49193572998047,76.24303436279297,76.40026092529297,75.96051788330078,76.65507507324219,73.76313781738281,76.65507507324219,72.7804946899414,75.92759704589844,73.16419982910156,71.84706115722656,76.94153594970703,75.32595825195312,73.43704986572266,75.1065902709961,77.16217041015625,76.10519409179688,77.16217041015625,76.05918884277344,79.05693817138672,79.22752380371094,79.15807342529297,77.5241928100586,77.23341369628906,76.79192352294922,77.64663696289062,75.32595825195312,75.31268310546875,72.00694274902344,71.19690704345703,67.91170501708984,67.91170501708984,62.817195892333984,62.64183807373047,59.77457809448242,55.973209381103516,54.08327102661133,49.97999572753906,46.840152740478516,44.59820556640625,41.48493576049805,39.81205749511719,41.9761848449707,38.63935852050781,37.656341552734375,41.43669891357422,38.63935852050781,39.11521530151367,43.73785400390625,42.20189666748047,41.231056213378906,42.05948257446289
0,-34,-95,8,41,83.43260955810547,82.46211242675781,86.88497924804688,84.17243957519531,85.70297241210938,80.04998779296875,85.15867614746094,80.23091888427734,81.88406372070312,83.72574615478516,81.74349975585938,82.38932037353516,83.48652648925781,82.2192153930664,82.05486297607422,83.02409362792969,84.0,85.05292510986328,87.00574493408203,88.0227279663086,86.09297180175781,88.14192962646484,87.3670425415039,87.14356231689453,87.69264221191406,84.59314727783203,80.7527084350586,84.17243957519531,78.08969116210938,78.85429382324219,76.15773010253906,74.46475982666016,70.88018035888672,68.3081283569336,67.67569732666016,62.297672271728516,59.80802536010742,54.7813835144043,51.26402282714844,48.703182220458984,46.48655700683594,43.416587829589844,45.607017517089844,43.416587829589844,45.12205505371094,42.95346450805664,42.95346450805664,44.14748001098633,44.384681701660156,44.92215347290039,44.59820556640625,45.617977142333984
0,-34,-95,10,31,74.4311752319336,74.96665954589844,75.95393371582031,77.92945861816406,74.96665954589844,72.99314880371094,76.29547882080078,74.3303451538086,73.34848022460938,73.24616241455078,74.52516174316406,73.49829864501953,76.843994140625,74.63243103027344,73.68174743652344,75.27283477783203,76.216796875,75.28611755371094,76.89603424072266,79.71198272705078,77.16217041015625,80.0062484741211,77.36924743652344,79.4040298461914,75.43209075927734,74.95331573486328,74.96665954589844,71.19690704345703,73.97972869873047,70.71067810058594,71.56814575195312,69.2603759765625,60.67124557495117,62.032249450683594,59.0,55.0,53.0,50.0,49.0,44.0113639831543,41.01219177246094,41.01219177246094,41.1096076965332,39.11521530151367,38.05259704589844,38.11823654174805,38.11823654174805,39.11521530151367,38.0,38.11823654174805,42.0,39.051246643066406
0,-34,-95,10,31,78.23681640625,75.80237579345703,79.8122787475586,77.42092895507812,75.92759704589844,73.40980529785156,76.05918884277344,73.24616241455078,74.3303451538086,76.48529052734375,74.41101837158203,74.95331573486328,73.55270385742188,77.79460144042969,74.2765121459961,77.15568542480469,73.10950469970703,75.07329559326172,78.8733139038086,78.64476776123047,77.89736938476562,79.90619659423828,79.24645233154297,78.49203491210938,78.51751708984375,75.66372680664062,75.07329559326172,76.5767593383789,71.0633544921875,70.60453033447266,63.82006072998047,67.20118713378906,64.637451171875,60.20797348022461,59.36328887939453,57.706153869628906,54.708316802978516,51.0,47.88528060913086,42.48529052734375,44.41846466064453,39.96248245239258,42.20189666748047,40.224369049072266,39.408119201660156,38.28837966918945,39.051246643066406,40.804412841796875,35.80502700805664,40.8166618347168,39.824615478515625,40.31128692626953
0,-34,-95,10,31,79.71198272705078,80.3243408203125,79.05693817138672,80.36167907714844,80.0062484741211,77.79460144042969,80.0062484741211,79.12016296386719,77.20103454589844,77.1297607421875,80.04998779296875,80.04998779296875,79.24645233154297,79.42921447753906,78.08969116210938,78.08969116210938,77.10382843017578,77.64663696289062,82.87339782714844,79.5110092163086,82.20097351074219,81.04936981201172,79.42921447753906,84.01190185546875,79.07591247558594,81.02468872070312,78.84795379638672,79.69943237304688,75.89466094970703,72.73238372802734,73.05477142333984,70.93659210205078,68.54196166992188,63.158531188964844,60.8276252746582,56.859474182128906,57.706153869628906,51.4781494140625,49.658836364746094,47.01063537597656,45.650848388671875,43.46262741088867,43.08131790161133,40.853397369384766,40.853397369384766,39.217342376708984,39.924930572509766,39.924930572509766,40.16217041015625,44.384681701660156,45.617977142333984,43.416587829589844
0,-34,-95,10,31,79.4040298461914,77.10382843017578,79.8122787475586,79.88116455078125,79.32212829589844,78.23681640625,78.77182006835938,76.00657653808594,76.27581787109375,79.4040298461914,78.77182006835938,76.05918884277344,77.87811279296875,78.72102355957031,76.48529052734375,77.36924743652344,77.87811279296875,78.72102355957031,81.02468872070312,83.67198181152344,80.49844360351562,80.52949523925781,80.0624771118164,83.19255065917969,81.4923324584961,81.00617218017578,77.69813537597656,79.05693817138672,77.10382843017578,73.40980529785156,74.65252685546875,69.52696990966797,68.01470184326172,65.85590362548828,62.22539520263672,57.384666442871094,53.037723541259766,54.488529205322266,48.91830062866211,45.96738052368164,42.44997024536133,42.44997024536133,41.231056213378906,42.20189666748047,40.607879638671875,39.69886779785156,38.832977294921875,42.44997024536133,40.607879638671875,41.231056213378906,39.59798049926758,40.607879638671875
0,-34,-95,8,42,86.97700500488281,89.84430694580078,87.80091094970703,91.76055908203125,86.83317565917969,87.09764862060547,86.34812927246094,85.90692901611328,85.70297241210938,85.32877349853516,88.45903015136719,85.84288024902344,87.82368469238281,87.69264221191406,87.46427917480469,88.56636047363281,89.35882568359375,88.56636047363281,91.19758605957031,91.26883697509766,91.4439697265625,95.63471984863281,92.07062530517578,91.54779815673828,92.39588928222656,89.44271850585938,88.0738296508789,86.83317565917969,84.89994049072266,82.2800064086914,81.27114868164062,79.12016296386719,75.61084747314453,71.86793518066406,69.46221923828125,65.0,61.32699203491211,57.27128601074219,55.03635025024414,53.48831558227539,49.39635467529297,48.84669876098633,47.434165954589844,45.54119110107422,44.271888732910156,44.92215347290039,47.12748718261719,48.08325958251953,47.434165954589844,48.84669876098633,47.423622131347656,44.41846466064453
0,-34,-95,10,32,77.27871704101562,79.62411499023438,80.80841827392578,78.85429382324219,80.04998779296875,76.68767547607422,78.33900451660156,78.16009521484375,81.04319763183594,77.49193572998047,80.0062484741211,80.3243408203125,79.84986114501953,80.23091888427734,80.62257385253906,81.02468872070312,80.0624771118164,81.1541748046875,81.85963439941406,82.73451232910156,84.5813217163086,84.69356536865234,80.62257385253906,81.43709564208984,84.30895233154297,81.93289947509766,80.05622863769531,82.56512451171875,78.74642944335938,75.28611755371094,73.08214569091797,71.80529022216797,71.0633544921875,63.56099319458008,65.6201171875,62.64982223510742,58.85575485229492,56.88584899902344,51.788028717041016,48.83646011352539,48.05205535888672,43.17406463623047,42.44997024536133,41.0,42.05948257446289,44.643028259277344,41.43669891357422,43.96589660644531,45.35416030883789,42.72002029418945,44.72135925292969,40.112342834472656
0,-34,-95,9,38,83.23461151123047,85.21150207519531,87.6584243774414,85.21150207519531,84.40379333496094,84.20214080810547,84.81155395507812,82.46211242675781,83.73768615722656,83.09632873535156,84.2911605834961,83.4505844116211,85.5628433227539,84.148681640625,82.03657531738281,86.45230102539062,85.14693450927734,85.6329345703125,87.96590423583984,89.3756103515625,87.04596710205078,89.9388656616211,88.41380310058594,88.41380310058594,87.68124389648438,89.10667419433594,84.89994049072266,84.2911605834961,80.80841827392578,80.80841827392578,77.46611785888672,76.40026092529297,72.42237091064453,69.065185546875,66.2872543334961,62.96824645996094,59.36328887939453,56.603885650634766,52.69725036621094,49.92995071411133,48.54894256591797,45.80392837524414,45.607017517089844,43.931766510009766,41.1096076965332,41.86884307861328,43.931766510009766,43.931766510009766,44.04542922973633,44.40720748901367,44.40720748901367,45.27692413330078
0,-34,-95,10,31,79.90619659423828,76.3675308227539,79.93122100830078,79.24645233154297,77.15568542480469,78.56844329833984,77.23341369628906,75.28611755371094,76.69419860839844,77.98717498779297,74.81310272216797,75.80237579345703,78.4091796875,79.4040298461914,76.6093978881836,80.77747344970703,77.66595458984375,78.49203491210938,84.05950164794922,83.21658325195312,81.54139709472656,79.6303939819336,78.00640869140625,78.81623840332031,80.91971588134766,81.83519744873047,78.74642944335938,78.56844329833984,76.38062286376953,74.24958038330078,70.76722717285156,67.89698028564453,68.01470184326172,65.19202423095703,62.36986541748047,60.4400520324707,56.40035629272461,53.600372314453125,50.447994232177734,46.04345703125,46.097721099853516,44.821868896484375,45.343135833740234,40.360870361328125,40.31128692626953,41.03656768798828,39.824615478515625,42.44997024536133,41.231056213378906,40.607879638671875,44.10215377807617,39.11521530151367
0,-34,-95,9,37,82.2800064086914,82.2800064086914,81.93289947509766,85.09406280517578,81.27114868164062,81.90848541259766,81.90848541259766,80.08120727539062,81.04319763183594,79.30951690673828,83.19855499267578,81.21575927734375,82.87339782714844,82.73451232910156,80.8949966430664,84.71717834472656,83.6002426147461,81.74349975585938,85.47514343261719,87.57283020019531,84.85281372070312,87.96590423583984,84.01190185546875,88.81441497802734,87.29833984375,86.4927749633789,84.92938232421875,81.4923324584961,81.04319763183594,77.20103454589844,75.58438873291016,71.51223754882812,72.11102294921875,68.15423583984375,64.47480010986328,61.09828186035156,58.694122314453125,55.54277801513672,51.078372955322266,47.92702865600586,45.694637298583984,46.48655700683594,44.271888732910156,42.72002029418945,43.680660247802734,41.48493576049805,40.804412841796875,44.643028259277344,43.011627197265625,44.59820556640625,44.0113639831543,44.72135925292969
0,-34,-95,8,42,87.86353302001953,90.55384826660156,89.10667419433594,89.8276138305664,87.69264221191406,88.41380310058594,88.5268325805664,85.79627227783203,86.45230102539062,83.24061584472656,86.68333435058594,86.68333435058594,87.00574493408203,88.60022735595703,88.23265075683594,88.48163604736328,89.58794403076172,88.7524642944336,90.97252655029297,90.97252655029297,90.13877868652344,93.19334411621094,89.05054473876953,91.40021514892578,91.21403503417969,91.83136749267578,89.49860382080078,87.86353302001953,86.31338500976562,84.17243957519531,79.90619659423828,78.49203491210938,74.2765121459961,72.24956512451172,70.1783447265625,63.89052963256836,64.03124237060547,57.80138397216797,55.60575485229492,51.855567932128906,50.32891845703125,48.83646011352539,45.27692413330078,45.96738052368164,45.96738052368164,44.68780517578125,46.66904830932617,45.96738052368164,46.66904830932617,46.097721099853516,47.01063537597656,47.20169448852539
0,-34,-95,9,36,81.93289947509766,83.00602722167969,82.3468246459961,85.61541748046875,81.54139709472656,83.25863647460938,80.52949523925781,80.95059967041016,81.41252899169922,79.75587463378906,81.41252899169922,83.24061584472656,81.3019027709961,81.3019027709961,84.05950164794922,80.44873809814453,84.62860107421875,81.84130859375,86.60831451416016,85.21150207519531,85.44589233398438,87.09190368652344,86.28441619873047,87.92041778564453,86.45230102539062,85.08818817138672,84.2199478149414,81.41252899169922,81.84130859375,76.05918884277344,74.32361602783203,72.91776275634766,71.51223754882812,68.3520278930664,65.78753662109375,61.98386764526367,59.4810905456543,55.36244201660156,52.49761962890625,49.648765563964844,46.81879806518555,44.0113639831543,42.154476165771484,43.46262741088867,42.48529052734375,42.04759216308594,43.863426208496094,42.48529052734375,42.54409408569336,44.0113639831543,44.59820556640625,45.607017517089844
0,-34,-95,10,31,76.15773010253906,78.29431915283203,78.29431915283203,79.15807342529297,76.48529052734375,75.58438873291016,79.60527801513672,76.5375747680664,74.70609283447266,73.9256362915039,79.92496490478516,78.77182006835938,78.23681640625,79.61155700683594,78.23681640625,76.27581787109375,76.40026092529297,77.42092895507812,80.21221923828125,81.4002456665039,79.61155700683594,83.76156616210938,77.10382843017578,80.70935821533203,83.00602722167969,78.39005279541016,76.05918884277344,77.38862609863281,76.05918884277344,71.11258697509766,72.23572540283203,69.28924560546875,68.00735473632812,64.56005096435547,59.90826416015625,59.77457809448242,56.61272048950195,50.447994232177734,48.383880615234375,46.3249397277832,46.097721099853516,41.48493576049805,39.84971618652344,40.52159881591797,38.62641525268555,40.16217041015625,42.05948257446289,40.49691390991211,42.379241943359375,41.761226654052734,38.63935852050781,42.20189666748047
0,-34,-95,10,31,76.216796875,73.40980529785156,82.00609588623047,75.0,80.0,74.63243103027344,76.00657653808594,72.42237091064453,70.45565795898438,78.39005279541016,74.4311752319336,76.66159057617188,76.05918884277344,78.29431915283203,77.38862609863281,79.60527801513672,74.24958038330078,79.62411499023438,76.69419860839844,82.3468246459961,79.64923095703125,81.41252899169922,82.73451232910156,82.29216003417969,82.29216003417969,80.13114166259766,78.892333984375,78.23043060302734,73.7834701538086,76.843994140625,69.40460968017578,68.60028839111328,68.11754608154297,60.8276252746582,61.61980056762695,60.10823440551758,57.384666442871094,51.7397346496582,49.57822036743164,43.931766510009766,44.59820556640625,39.408119201660156,40.607879638671875,39.824615478515625,40.804412841796875,39.408119201660156,41.67733383178711,39.66106414794922,39.408119201660156,41.400482177734375,39.051246643066406,43.13930892944336
0,-34,-95,9,38,83.86894226074219,84.38601684570312,86.31338500976562,86.37129211425781,82.73451232910156,82.8070068359375,83.4505844116211,82.8070068359375,82.87943267822266,81.3449478149414,84.17243957519531,82.134033203125,84.50444030761719,85.14693450927734,84.0238037109375,84.20214080810547,84.40379333496094,82.00609588623047,88.23265075683594,88.48163604736328,88.81441497802734,90.21086120605469,86.55634307861328,87.96590423583984,88.45903015136719,87.1148681640625,86.31338500976562,84.85281372070312,86.31338500976562,79.24645233154297,77.23341369628906,75.82215881347656,75.82215881347656,69.02897644042969,65.802734375,61.29437255859375,60.74536895751953,56.080299377441406,55.75840759277344,50.21951675415039,47.434165954589844,47.801673889160156,43.27817153930664,44.04542922973633,43.931766510009766,42.52058410644531,45.27692413330078,44.59820556640625,44.04542922973633,43.8292121887207,45.79301071166992,45.617977142333984
0,-34,-95,9,38,88.76936340332031,88.23831176757812,87.09190368652344,87.46427917480469,87.66413116455078,88.95504760742188,88.60022735595703,86.03487396240234,85.70297241210938,84.89994049072266,85.61541748046875,84.92938232421875,86.88497924804688,85.90692901611328,86.88497924804688,86.31338500976562,88.28363037109375,88.28363037109375,90.09439849853516,92.39588928222656,90.42676544189453,91.4111557006836,89.8220443725586,93.38094329833984,89.8220443725586,90.70832061767578,89.9888916015625,87.93179321289062,88.54377746582031,82.2192153930664,80.41144561767578,79.47956085205078,74.84651184082031,73.82411193847656,68.87670135498047,65.79513549804688,63.95310592651367,58.13776779174805,55.46169662475586,52.39274597167969,49.24428939819336,47.53945541381836,46.81879806518555,45.880279541015625,44.271888732910156,46.173583984375,44.92215347290039,46.48655700683594,44.59820556640625,45.880279541015625,45.31004333496094,47.88528060913086
0,-35,-95,10,31,77.3175277709961,78.77182006835938,78.64476776123047,78.63841247558594,77.27871704101562,77.92945861816406,77.66595458984375,73.97972869873047,75.43209075927734,75.18643188476562,75.69015502929688,75.43209075927734,78.16009521484375,75.89466094970703,79.12016296386719,78.18567657470703,81.1541748046875,75.3923110961914,79.84986114501953,81.54139709472656,83.21658325195312,84.11896514892578,81.27114868164062,81.27114868164062,81.90848541259766,81.32035064697266,79.55501556396484,79.30951690673828,74.73285675048828,76.94153594970703,72.00694274902344,68.73136138916016,71.84706115722656,65.27633666992188,62.28964614868164,55.3263053894043,55.081756591796875,53.0,49.0,47.26520919799805,45.17742919921875,40.199501037597656,43.416587829589844,40.79215621948242,39.458839416503906,38.832977294921875,39.051246643066406,40.4474983215332,42.57933807373047,41.30375289916992,41.1096076965332,44.0113639831543
0,-34,-95,9,38,86.40023040771484,84.40379333496094,87.6584243774414,86.83892822265625,82.6619644165039,83.48652648925781,86.53323364257812,82.68010711669922,85.75546264648438,81.6333236694336,85.47514343261719,84.53401947021484,86.76404571533203,83.67198181152344,85.90692901611328,87.32124328613281,87.46427917480469,85.08818817138672,89.31964874267578,89.55445098876953,90.47099304199219,91.78779602050781,89.0,90.87353515625,90.78546142578125,91.78779602050781,87.70974731445312,83.86298370361328,83.00602722167969,82.37718200683594,79.6303939819336,75.60423278808594,76.40026092529297,70.0,68.11754608154297,63.78087615966797,62.36986541748047,57.314918518066406,52.49761962890625,51.855567932128906,48.27007293701172,45.0,45.221675872802734,45.221675872802734,43.26661682128906,41.04875183105469,41.34005355834961,44.65422821044922,41.617305755615234,44.821868896484375,44.68780517578125,46.66904830932617
0,-34,-95,9,38,86.58522033691406,86.12200927734375,88.45903015136719,86.68333435058594,87.4757080078125,85.32877349853516,86.14522552490234,84.71717834472656,84.48076629638672,84.38008880615234,84.48076629638672,86.20904541015625,86.09297180175781,87.05171203613281,84.05355072021484,88.0,87.0,87.0,88.0,90.0,91.0,92.00543212890625,92.13577270507812,93.02149963378906,90.13877868652344,89.35882568359375,88.6848373413086,86.97700500488281,84.34452819824219,85.32877349853516,80.60397338867188,77.66595458984375,75.18643188476562,71.0633544921875,69.37578582763672,65.802734375,61.032779693603516,58.18934631347656,54.708316802978516,51.54609680175781,49.33558654785156,46.57252502441406,46.57252502441406,44.9110221862793,46.69047164916992,43.73785400390625,44.72135925292969,45.7055778503418,44.72135925292969,46.3249397277832,45.880279541015625,46.615447998046875
0,-34,-95,10,31,73.57308959960938,75.29276275634766,75.13321685791016,74.24958038330078,73.79024505615234,79.17701721191406,75.13321685791016,72.44998168945312,73.79024505615234,74.73285675048828,75.96051788330078,75.61084747314453,76.32168579101562,73.05477142333984,74.09453582763672,75.27283477783203,80.65357971191406,74.3303451538086,80.36167907714844,78.77182006835938,80.77747344970703,80.77747344970703,78.18567657470703,80.0062484741211,80.62257385253906,79.7057113647461,79.17701721191406,76.15773010253906,75.66372680664062,71.34423828125,68.26419067382812,66.5732650756836,65.0,62.801273345947266,58.898216247558594,57.00876998901367,53.26349639892578,47.50789260864258,49.04079818725586,43.931766510009766,41.400482177734375,44.40720748901367,40.607879638671875,40.607879638671875,36.359317779541016,36.055511474609375,38.07886505126953,40.0,40.0,40.607879638671875,39.824615478515625,37.48332977294922
0,-34,-95,9,38,86.05230712890625,86.21485137939453,89.27485656738281,86.55634307861328,87.86353302001953,87.20664978027344,89.14033508300781,84.8646011352539,86.27861785888672,87.0,87.69264221191406,85.91275024414062,87.45856475830078,86.68333435058594,88.23831176757812,88.40814208984375,88.23265075683594,87.20092010498047,91.02197265625,92.41753387451172,92.00543212890625,92.80086517333984,90.13877868652344,93.40770721435547,92.45539093017578,92.09777069091797,90.60904693603516,87.68124389648438,87.68124389648438,84.8646011352539,82.134033203125,81.56592559814453,76.5767593383789,73.40980529785156,71.40028381347656,64.81512451171875,62.20128631591797,59.203041076660156,55.0,54.20331954956055,49.81967544555664,49.67897033691406,46.69047164916992,48.10405349731445,44.59820556640625,45.27692413330078,45.27692413330078,46.66904830932617,44.59820556640625,47.423622131347656,48.27007293701172,48.010414123535156
0,-34,-95,10,32,74.625732421875,75.45197296142578,79.4040298461914,79.6303939819336,76.40026092529297,77.6208724975586,77.801025390625,76.83749389648438,76.48529052734375,78.56844329833984,78.56844329833984,77.15568542480469,74.96665954589844,80.61017608642578,77.8331527709961,77.8331527709961,81.46778869628906,80.61017608642578,79.39773559570312,80.72174072265625,84.148681640625,86.26702880859375,82.73451232910156,84.2199478149414,82.73451232910156,80.65978240966797,80.91971588134766,79.02531433105469,79.64923095703125,74.65252685546875,71.02816009521484,69.63475799560547,70.45565795898438,65.86349487304688,60.90156173706055,58.66856002807617,57.30619430541992,52.35456085205078,47.41307830810547,47.16990661621094,43.26661682128906,43.8292121887207,41.88078308105469,38.27531814575195,39.408119201660156,37.202152252197266,41.231056213378906,40.224369049072266,40.0,42.43819046020508,41.67733383178711,43.46262741088867
0,-34,-95,10,31,74.88658142089844,74.3303451538086,75.80237579345703,77.69813537597656,76.5506362915039,77.02597045898438,74.79304504394531,75.29276275634766,77.02597045898438,73.34848022460938,71.58910369873047,75.7693862915039,76.32168579101562,75.27283477783203,76.32168579101562,76.5506362915039,77.88452911376953,75.27283477783203,78.44743347167969,79.05693817138672,80.05622863769531,84.75848388671875,77.2528305053711,80.0062484741211,81.59656524658203,79.84986114501953,81.54139709472656,76.02631378173828,76.05918884277344,72.00694274902344,71.5541763305664,68.60028839111328,65.86349487304688,62.96824645996094,60.464866638183594,57.45433044433594,55.75840759277344,50.477718353271484,48.25971221923828,46.3249397277832,44.41846466064453,43.046485900878906,39.81205749511719,41.146080017089844,39.824615478515625,37.57658767700195,38.4837646484375,40.24922180175781,41.59326934814453,42.48529052734375,39.824615478515625,40.804412841796875
0,-35,-95,10,31,76.00657653808594,74.3303451538086,75.80237579345703,78.54934692382812,75.29276275634766,74.4311752319336,74.24284362792969,73.79024505615234,75.59100341796875,72.09021759033203,73.00685119628906,76.32168579101562,75.27283477783203,73.73601531982422,75.61084747314453,75.89466094970703,80.0062484741211,75.58438873291016,81.27114868164062,80.0062484741211,79.84986114501953,80.77747344970703,76.5506362915039,80.05622863769531,82.46211242675781,77.47257232666016,79.62411499023438,75.66372680664062,76.02631378173828,71.11962127685547,71.86793518066406,66.5732650756836,66.5732650756836,64.07027435302734,63.60031509399414,55.803226470947266,57.20139694213867,50.21951675415039,48.27007293701172,46.86149978637695,41.86884307861328,41.04875183105469,41.617305755615234,39.824615478515625,39.11521530151367,39.4461669921875,38.470767974853516,37.735923767089844,37.58989334106445,43.046485900878906,42.43819046020508,42.52058410644531
0,-34,-95,9,39,88.20430755615234,88.09085845947266,91.0494384765625,89.02246856689453,88.0227279663086,85.0,87.0,85.0,85.02352905273438,85.14693450927734,89.14033508300781,87.3670425415039,88.56636047363281,87.57283020019531,87.69264221191406,90.79647827148438,90.09439849853516,88.81441497802734,92.57429504394531,94.20191192626953,92.77930450439453,93.90420532226562,93.77099609375,94.8946762084961,93.19334411621094,93.26306915283203,91.0494384765625,90.00555419921875,87.0,86.00581359863281,81.05553436279297,78.16009521484375,79.22752380371094,74.4311752319336,69.72087097167969,66.61080932617188,64.77654266357422,59.6824951171875,56.718605041503906,53.75872039794922,49.497474670410156,48.166378021240234,48.093658447265625,45.0444221496582,45.0444221496582,44.0113639831543,44.0,47.01063537597656,46.010868072509766,49.09175109863281,47.51841735839844,45.12205505371094
0,-34,-95,10,32,73.9256362915039,79.7057113647461,77.82672882080078,81.39410400390625,75.13321685791016,79.64923095703125,77.02597045898438,77.02597045898438,76.05918884277344,76.85050201416016,78.77182006835938,77.93586730957031,80.21221923828125,79.8122787475586,80.21221923828125,76.83749389648438,81.21575927734375,79.02531433105469,85.42832946777344,83.24061584472656,84.40379333496094,85.0,83.00602722167969,84.0238037109375,84.20214080810547,87.6584243774414,81.54139709472656,77.89736938476562,79.25907135009766,75.80237579345703,76.967529296875,73.9256362915039,71.30918884277344,67.23094177246094,64.07807922363281,59.13543701171875,56.64803695678711,52.201534271240234,51.26402282714844,49.24428939819336,42.05948257446289,45.31004333496094,40.31128692626953,39.81205749511719,42.05948257446289,35.34119415283203,36.2353401184082,39.824615478515625,41.59326934814453,44.283180236816406,41.231056213378906,45.221675872802734
0,-34,-95,9,38,87.20092010498047,86.83892822265625,87.92041778564453,87.92041778564453,86.53323364257812,86.8216552734375,87.98295593261719,86.45230102539062,86.45230102539062,86.83317565917969,87.70974731445312,89.005615234375,88.56636047363281,88.14192962646484,88.14192962646484,91.38927459716797,89.69392395019531,88.95504760742188,90.2496566772461,93.23089599609375,92.19544219970703,92.70382690429688,91.67878723144531,94.3716049194336,94.3663101196289,94.02127075195312,90.42676544189453,88.83692932128906,86.8216552734375,84.59905242919922,81.27114868164062,80.21221923828125,77.6208724975586,72.62230682373047,70.29224395751953,65.94694519042969,63.70243453979492,58.79625701904297,55.90169906616211,51.855567932128906,49.57822036743164,47.6340217590332,47.20169448852539,47.20169448852539,44.65422821044922,44.65422821044922,45.80392837524414,47.20169448852539,45.80392837524414,46.22769546508789,47.50789260864258,46.66904830932617
0,-34,-95,9,38,84.59314727783203,85.58621215820312,84.2140121459961,87.20664978027344,84.148681640625,84.2140121459961,84.148681640625,82.09750366210938,84.00595092773438,83.00602722167969,85.0,85.0058822631836,84.09518432617188,85.14693450927734,86.14522552490234,86.37129211425781,87.82368469238281,85.28775024414062,89.67720031738281,90.44888305664062,90.19977569580078,92.34716796875,89.08984375,90.27181243896484,91.0494384765625,89.0,88.0227279663086,86.02325439453125,84.09518432617188,81.22191619873047,78.51751708984375,78.31346893310547,74.96665954589844,70.8307876586914,68.65857696533203,65.51335906982422,63.56099319458008,57.9741325378418,54.81787872314453,51.41984176635742,49.648765563964844,47.51841735839844,46.389652252197266,45.27692413330078,42.42640686035156,43.046485900878906,44.283180236816406,45.39823913574219,44.55333709716797,46.27094268798828,46.69047164916992,47.12748718261719
0,-34,-95,10,32,77.02597045898438,77.05841827392578,76.32168579101562,79.30951690673828,77.5241928100586,76.41989135742188,78.4091796875,76.11833190917969,76.11833190917969,76.11833190917969,75.13321685791016,75.70997619628906,77.20103454589844,76.92203521728516,76.5375747680664,77.88452911376953,78.74642944335938,79.12016296386719,81.93289947509766,81.60882568359375,83.52245330810547,84.89994049072266,81.25269317626953,84.48076629638672,80.80841827392578,82.76472473144531,81.04936981201172,80.23091888427734,77.41446685791016,73.33484649658203,73.06161499023438,70.028564453125,65.03076171875,66.0302963256836,62.0,61.0,55.03635025024414,54.00925827026367,54.0,49.0,43.011627197265625,45.0,42.04759216308594,40.01249694824219,38.05259704589844,40.4474983215332,40.31128692626953,41.01219177246094,41.0,41.04875183105469,41.01219177246094,40.112342834472656
0,-34,-95,8,41,84.20214080810547,82.9698715209961,86.64871978759766,84.43340301513672,85.38150024414062,82.2192153930664,84.75848388671875,81.93289947509766,83.38465118408203,83.77350616455078,84.17243957519531,85.0,85.42247772216797,84.53401947021484,84.07734680175781,87.70974731445312,83.35466766357422,87.32124328613281,86.95401000976562,90.42676544189453,89.89437866210938,89.94442749023438,88.10221099853516,91.7060546875,89.0,88.14192962646484,85.23497009277344,87.09190368652344,82.2800064086914,83.16850280761719,78.74642944335938,77.6208724975586,76.40026092529297,69.85699462890625,67.08203887939453,64.93843078613281,61.0,55.73149871826172,53.15073013305664,51.4781494140625,49.81967544555664,46.097721099853516,46.3249397277832,44.14748001098633,44.384681701660156,42.44997024536133,42.44997024536133,45.607017517089844,45.607017517089844,44.9110221862793,44.9110221862793,46.173583984375
0,-34,-95,9,38,82.71033477783203,81.25269317626953,85.90692901611328,84.72307586669922,84.72307586669922,81.58431243896484,83.18653869628906,81.21575927734375,82.73451232910156,82.60750579833984,81.74349975585938,81.39410400390625,82.2192153930664,83.09632873535156,84.09518432617188,87.0,85.0058822631836,87.0,87.0,88.0,90.0,91.0054931640625,91.19758605957031,91.0494384765625,90.44888305664062,87.57283020019531,85.58621215820312,84.85281372070312,80.8949966430664,84.01190185546875,77.66595458984375,75.70997619628906,74.73285675048828,68.4105224609375,68.680419921875,63.89052963256836,61.6846809387207,54.708316802978516,52.49761962890625,50.59644317626953,50.0,45.35416030883789,46.097721099853516,42.95346450805664,41.59326934814453,41.59326934814453,44.55333709716797,44.55333709716797,45.89117431640625,45.12205505371094,44.643028259277344,45.880279541015625
0,-34,-95,9,37,81.1541748046875,79.84986114501953,84.15461730957031,82.2800064086914,81.93289947509766,79.71198272705078,80.65357971191406,80.65357971191406,80.65357971191406,81.04319763183594,79.8122787475586,80.80841827392578,80.80841827392578,83.74365997314453,81.78630828857422,84.17243957519531,84.01190185546875,82.20097351074219,84.01190185546875,87.132080078125,85.70297241210938,88.84255981445312,86.12200927734375,88.45903015136719,87.55569458007812,86.83317565917969,84.77027893066406,84.11896514892578,82.2800064086914,78.92401123046875,74.84651184082031,72.91776275634766,71.58910369873047,68.42514038085938,64.88451385498047,62.64982223510742,57.30619430541992,54.58937454223633,51.4781494140625,49.24428939819336,47.01063537597656,44.29446792602539,43.382022857666016,43.863426208496094,42.154476165771484,40.71854782104492,40.71854782104492,42.154476165771484,43.863426208496094,44.72135925292969,43.046485900878906,44.65422821044922
0,-34,-95,10,32,79.4040298461914,76.32168579101562,81.74349975585938,77.64663696289062,76.53103637695312,75.66372680664062,77.46611785888672,77.66595458984375,77.36924743652344,75.18643188476562,76.90253448486328,76.843994140625,75.0,81.59656524658203,76.843994140625,82.2800064086914,79.7057113647461,82.2800064086914,79.7057113647461,83.00602722167969,81.93289947509766,86.37708282470703,82.56512451171875,83.16850280761719,83.52245330810547,79.4040298461914,78.16009521484375,82.0,76.40026092529297,76.68767547607422,71.38627624511719,72.00694274902344,69.72087097167969,65.4904556274414,65.27633666992188,59.21148681640625,58.13776779174805,52.08646774291992,49.25444030761719,49.36598205566406,45.17742919921875,40.79215621948242,43.5660400390625,39.623226165771484,39.051246643066406,39.81205749511719,38.470767974853516,44.643028259277344,40.4474983215332,39.81205749511719,41.773197174072266,43.104522705078125
0,-34,-95,10,31,77.82030487060547,77.82672882080078,77.02597045898438,79.64923095703125,77.89736938476562,77.5241928100586,78.23043060302734,76.5506362915039,76.00657653808594,77.10382843017578,78.23681640625,77.42092895507812,77.801025390625,78.4091796875,79.8122787475586,78.74642944335938,80.05622863769531,79.5110092163086,84.38601684570312,82.32861328125,84.0238037109375,84.50444030761719,83.6002426147461,84.81155395507812,82.4196548461914,84.59905242919922,81.83519744873047,79.75587463378906,77.5241928100586,75.1797866821289,72.89718627929688,71.5541763305664,70.26378631591797,65.79513549804688,65.0,61.09828186035156,57.245086669921875,53.45091247558594,50.9215087890625,47.434165954589844,44.271888732910156,42.72002029418945,41.62931823730469,41.62931823730469,38.910152435302734,39.824615478515625,38.470767974853516,41.146080017089844,42.48529052734375,41.62931823730469,41.1096076965332,41.48493576049805
0,-34,-95,10,32,76.32168579101562,75.80237579345703,74.24284362792969,75.29276275634766,73.79024505615234,74.70609283447266,74.24958038330078,74.6860122680664,74.24284362792969,76.69419860839844,76.32168579101562,75.61084747314453,75.89466094970703,78.77182006835938,72.44998168945312,81.90848541259766,77.49193572998047,76.92203521728516,75.96051788330078,79.37883758544922,80.77747344970703,80.65357971191406,79.30951690673828,80.0062484741211,82.46211242675781,83.00602722167969,83.19255065917969,77.38862609863281,73.82411193847656,75.29276275634766,69.6419448852539,66.37017059326172,64.07027435302734,63.24555206298828,62.801273345947266,60.0,55.217750549316406,49.67897033691406,49.40647888183594,44.821868896484375,47.434165954589844,40.0,40.49691390991211,38.07886505126953,41.04875183105469,37.44329071044922,38.07886505126953,38.470767974853516,38.01315689086914,38.832977294921875,40.804412841796875,41.72529220581055
0,-34,-95,9,38,85.070556640625,84.43340301513672,85.79627227783203,86.72946166992188,84.50444030761719,85.79627227783203,84.69356536865234,86.33075714111328,83.25863647460938,84.09518432617188,83.63013458251953,84.53401947021484,86.45230102539062,85.95928955078125,85.58621215820312,86.60831451416016,89.04492950439453,85.75546264648438,91.80958557128906,91.80958557128906,90.73587799072266,93.29522705078125,89.1852035522461,89.55445098876953,91.30169677734375,91.7060546875,89.89994812011719,88.63971710205078,84.69356536865234,81.70679473876953,80.77747344970703,78.77182006835938,75.27283477783203,69.92138671875,69.6419448852539,65.96968841552734,61.84658432006836,57.9741325378418,52.88667297363281,54.120235443115234,49.04079818725586,47.12748718261719,45.880279541015625,44.94440841674805,43.08131790161133,43.08131790161133,43.46262741088867,44.0113639831543,44.384681701660156,47.434165954589844,46.840152740478516,45.89117431640625
0,-34,-95,10,32,74.1080322265625,75.32595825195312,75.95393371582031,75.66372680664062,73.82411193847656,74.81310272216797,73.55270385742188,75.50496673583984,76.48529052734375,75.50496673583984,76.15773010253906,75.43209075927734,74.72616577148438,75.96051788330078,74.3303451538086,76.5375747680664,77.79460144042969,78.44743347167969,79.37883758544922,80.65357971191406,79.69943237304688,83.93450164794922,80.08120727539062,82.56512451171875,82.46211242675781,82.0,79.24645233154297,77.10382843017578,75.53807067871094,73.68174743652344,68.11754608154297,70.06425476074219,66.12110137939453,64.0078125,60.0,57.00876998901367,55.081756591796875,53.00943374633789,51.0,45.0111083984375,44.0,41.01219177246094,40.0,40.0,40.01249694824219,38.20994567871094,39.051246643066406,41.04875183105469,40.112342834472656,42.01190185546875,43.046485900878906,42.19004440307617
0,-35,-95,10,32,76.05918884277344,74.79304504394531,78.39005279541016,78.03204345703125,75.47184753417969,80.4549560546875,77.38862609863281,76.05918884277344,77.42092895507812,74.40430450439453,79.2022705078125,78.74642944335938,77.98717498779297,75.1664810180664,77.077880859375,79.93122100830078,81.32035064697266,77.33692169189453,84.95881652832031,84.89994049072266,82.03657531738281,82.73451232910156,81.46778869628906,84.2199478149414,83.48652648925781,83.63013458251953,82.2192153930664,82.4196548461914,80.0,74.09453582763672,76.85050201416016,70.45565795898438,67.67569732666016,63.631752014160156,64.49806213378906,58.13776779174805,55.009090423583984,55.07267761230469,51.0,47.88528060913086,45.650848388671875,45.79301071166992,41.88078308105469,38.832977294921875,41.617305755615234,40.0,40.0,42.20189666748047,40.804412841796875,42.43819046020508,41.59326934814453,44.283180236816406
0,-34,-95,9,39,85.15867614746094,88.6453628540039,90.02777099609375,87.66413116455078,87.32124328613281,87.32124328613281,88.76936340332031,85.72631072998047,86.68333435058594,84.77027893066406,87.59566497802734,86.16263580322266,87.46427917480469,86.00581359863281,88.76936340332031,86.92525482177734,92.13577270507812,89.55445098876953,91.7060546875,92.61209106445312,92.30926513671875,93.62158203125,91.54779815673828,94.15412902832031,95.2732925415039,91.08238220214844,91.7060546875,88.32327270507812,87.64131164550781,82.71033477783203,80.80841827392578,78.64476776123047,77.27871704101562,71.70076751708984,70.45565795898438,65.6201171875,62.28964614868164,59.21148681640625,56.32051086425781,54.451812744140625,50.35871505737305,46.389652252197266,47.67599105834961,45.54119110107422,45.12205505371094,44.9110221862793,44.14748001098633,45.12205505371094,46.097721099853516,45.7055778503418,46.52956008911133,48.093658447265625
0,-34,-95,9,38,83.86298370361328,85.15867614746094,84.34452819824219,85.15867614746094,82.20097351074219,84.72307586669922,82.76472473144531,82.97589874267578,83.9523696899414,83.52245330810547,82.2192153930664,81.93289947509766,83.57032775878906,86.03487396240234,85.70297241210938,86.16263580322266,88.60022735595703,84.15461730957031,90.2496566772461,89.31964874267578,89.53770446777344,90.13877868652344,89.1964111328125,90.13877868652344,89.84430694580078,88.60022735595703,88.29496002197266,85.90692901611328,86.14522552490234,80.41144561767578,77.78174591064453,75.42546081542969,75.32595825195312,70.11418914794922,68.00735473632812,63.03173828125,60.0,57.00876998901367,55.009090423583984,52.009613037109375,48.0,48.093658447265625,43.104522705078125,44.10215377807617,44.283180236816406,43.28972244262695,43.5660400390625,45.17742919921875,42.42640686035156,45.17742919921875,44.0113639831543,44.0
0,-35,-95,10,33,79.4040298461914,77.69813537597656,78.23043060302734,81.3019027709961,77.5241928100586,77.17512512207031,79.75587463378906,79.25907135009766,78.77182006835938,77.38862609863281,78.72102355957031,84.5813217163086,81.93900299072266,80.62257385253906,81.93900299072266,83.38465118408203,84.8646011352539,81.93289947509766,86.37708282470703,82.2800064086914,84.30895233154297,86.53900909423828,85.49269104003906,86.92525482177734,85.42832946777344,86.31338500976562,83.24061584472656,83.86298370361328,83.35466766357422,77.93586730957031,75.7165756225586,74.40430450439453,74.81310272216797,68.00735473632812,66.70832061767578,64.44377136230469,58.13776779174805,54.488529205322266,50.447994232177734,48.91830062866211,47.381431579589844,44.821868896484375,41.617305755615234,42.72002029418945,41.617305755615234,40.49691390991211,42.01190185546875,43.8292121887207,44.65422821044922,44.821868896484375,42.52058410644531,43.863426208496094
0,-34,-95,10,32,76.83749389648438,73.87828063964844,75.1664810180664,75.92759704589844,77.8331527709961,78.10249328613281,77.8331527709961,77.10382843017578,75.69015502929688,78.51751708984375,75.1664810180664,76.69419860839844,77.46611785888672,81.05553436279297,79.02531433105469,79.2022705078125,79.6303939819336,80.0,80.80223083496094,83.48652648925781,83.24061584472656,81.4002456665039,83.09632873535156,82.00609588623047,83.86894226074219,83.73768615722656,82.8070068359375,79.98124694824219,79.90619659423828,77.79460144042969,72.18032836914062,70.0927963256836,68.7677230834961,65.29930877685547,62.62587356567383,60.80295944213867,53.600372314453125,51.400390625,50.447994232177734,48.27007293701172,43.185646057128906,43.27817153930664,41.231056213378906,41.72529220581055,40.360870361328125,38.897300720214844,39.59798049926758,42.52058410644531,43.863426208496094,42.52058410644531,40.607879638671875,44.40720748901367
0,-34,-95,10,32,79.4040298461914,80.39900207519531,82.2982406616211,81.3019027709961,81.1541748046875,78.10249328613281,81.05553436279297,81.02468872070312,81.02468872070312,81.00617218017578,81.0,81.00617218017578,82.2192153930664,81.22191619873047,81.09870910644531,82.38932037353516,80.39900207519531,83.2946548461914,82.60750579833984,86.46965026855469,86.20904541015625,87.20664978027344,88.0227279663086,88.14192962646484,86.0,84.0,82.09750366210938,81.1541748046875,77.3175277709961,80.5046615600586,73.68174743652344,73.82411193847656,71.02112579345703,67.91170501708984,66.94026947021484,63.06346130371094,60.16643524169922,54.120235443115234,50.96076965332031,48.764739990234375,48.05205535888672,43.73785400390625,44.72135925292969,41.59326934814453,41.43669891357422,40.4474983215332,41.43669891357422,42.7551155090332,42.95346450805664,43.73785400390625,42.44997024536133,42.05948257446289
0,-35,-95,10,32,74.06078338623047,76.10519409179688,79.0,81.0,78.0,74.0,78.00640869140625,77.05841827392578,77.16217041015625,76.41989135742188,78.4091796875,76.2364730834961,76.68767547607422,76.68767547607422,78.44743347167969,77.66595458984375,83.43260955810547,81.21575927734375,86.68333435058594,81.78630828857422,82.20097351074219,84.5280990600586,82.03657531738281,85.14693450927734,83.86298370361328,82.73451232910156,80.39900207519531,77.3175277709961,78.31346893310547,74.1080322265625,74.06078338623047,71.00704193115234,67.0,65.19202423095703,61.073726654052734,61.073726654052734,57.314918518066406,54.230987548828125,48.25971221923828,48.25971221923828,46.04345703125,42.0,43.011627197265625,38.01315689086914,41.0,39.051246643066406,40.0,40.0,42.01190185546875,45.0,43.011627197265625,43.5660400390625
0,-35,-95,10,32,76.47875213623047,74.79304504394531,77.38862609863281,79.4040298461914,75.47184753417969,72.11102294921875,76.27581787109375,69.63475799560547,73.81734466552734,77.20103454589844,75.80237579345703,73.24616241455078,75.1664810180664,75.1664810180664,77.46611785888672,80.15609741210938,75.1664810180664,78.10249328613281,79.93122100830078,79.90619659423828,82.32861328125,84.50444030761719,79.39773559570312,81.56592559814453,81.4002456665039,79.6303939819336,75.47184753417969,79.07591247558594,74.79304504394531,74.79304504394531,69.35416412353516,67.11929321289062,67.08203887939453,62.169124603271484,61.84658432006836,60.926185607910156,55.973209381103516,54.230987548828125,51.244510650634766,45.880279541015625,45.221675872802734,43.08131790161133,42.72002029418945,39.39543151855469,38.01315689086914,36.715118408203125,36.2353401184082,37.58989334106445,39.81205749511719,42.154476165771484,43.08131790161133,40.26164245605469
0,-35,-95,10,32,79.20858764648438,77.077880859375,81.05553436279297,75.1664810180664,77.46611785888672,77.33692169189453,75.1664810180664,72.62230682373047,74.20242309570312,79.05693817138672,75.45197296142578,73.7834701538086,77.17512512207031,79.4040298461914,82.15229797363281,78.892333984375,78.26238250732422,79.75587463378906,83.24061584472656,83.72574615478516,84.2199478149414,83.00602722167969,82.49242401123047,83.24061584472656,80.62257385253906,83.76156616210938,79.6303939819336,77.801025390625,79.2022705078125,77.0064926147461,71.21797180175781,71.50524139404297,69.29646301269531,62.96824645996094,65.76473236083984,59.46427536010742,56.56854248046875,53.075416564941406,49.51767349243164,48.10405349731445,43.185646057128906,44.55333709716797,43.27817153930664,40.45985794067383,37.64305877685547,39.20458984375,40.0,41.400482177734375,40.607879638671875,41.1096076965332,41.01219177246094,40.0
0,-34,-95,9,39,84.5280990600586,83.63013458251953,86.35391998291016,87.70974731445312,86.35391998291016,85.08818817138672,87.98295593261719,86.60831451416016,85.4400405883789,85.98255920410156,87.6584243774414,85.21150207519531,86.40023040771484,86.21485137939453,87.61849212646484,88.09085845947266,90.02777099609375,90.78546142578125,91.54779815673828,94.3663101196289,94.02127075195312,94.20191192626953,93.40770721435547,94.64142608642578,93.81364440917969,93.4772720336914,90.13877868652344,88.32327270507812,85.58621215820312,83.72574615478516,81.84130859375,80.52949523925781,75.1531753540039,74.09453582763672,71.17584228515625,67.779052734375,63.90618133544922,59.46427536010742,57.00876998901367,52.201534271240234,50.9215087890625,47.92702865600586,47.92702865600586,44.72135925292969,43.382022857666016,42.48529052734375,43.416587829589844,45.17742919921875,45.18849563598633,46.097721099853516,45.880279541015625,47.12748718261719
0,-35,-95,10,33,78.4091796875,77.3175277709961,81.00617218017578,79.10120391845703,79.0,77.05841827392578,83.0,77.0,78.10249328613281,79.22752380371094,81.22191619873047,81.61495208740234,82.49242401123047,80.5046615600586,79.5110092163086,78.63841247558594,80.8949966430664,83.02409362792969,83.02409362792969,86.97700500488281,85.58621215820312,87.69264221191406,86.46965026855469,85.70880889892578,88.45903015136719,87.28115844726562,83.05419921875,82.00609588623047,81.09870910644531,77.02597045898438,76.05918884277344,73.17103576660156,72.24956512451172,67.74215698242188,66.27216339111328,63.50590515136719,58.051700592041016,53.15073013305664,53.15073013305664,48.83646011352539,45.7055778503418,44.283180236816406,45.0111083984375,43.046485900878906,43.046485900878906,41.04875183105469,41.19466018676758,44.10215377807617,44.10215377807617,44.283180236816406,43.28972244262695,43.73785400390625
0,-34,-95,10,32,72.20111083984375,74.625732421875,75.1664810180664,76.5506362915039,75.7165756225586,75.45197296142578,73.81734466552734,73.00685119628906,73.81734466552734,73.87828063964844,75.1664810180664,73.66138458251953,76.41989135742188,76.38062286376953,77.077880859375,76.38062286376953,79.19596099853516,76.3675308227539,80.62257385253906,81.32035064697266,80.61017608642578,83.48652648925781,79.24645233154297,80.61017608642578,80.62257385253906,79.98124694824219,79.5110092163086,77.6208724975586,74.81310272216797,71.84706115722656,70.72481536865234,68.50547790527344,66.0378646850586,62.7694206237793,61.773780822753906,58.30952072143555,55.94640350341797,51.4781494140625,49.24428939819336,47.01063537597656,42.94182205200195,43.5660400390625,40.49691390991211,38.832977294921875,40.0,37.80211639404297,38.60051727294922,39.408119201660156,38.832977294921875,38.832977294921875,40.8166618347168,38.910152435302734
0,-35,-95,10,32,74.0,75.89466094970703,76.92203521728516,75.96051788330078,78.16009521484375,76.40026092529297,76.92203521728516,74.73285675048828,74.72616577148438,77.10382843017578,75.66372680664062,76.65507507324219,76.53103637695312,80.22468566894531,76.79192352294922,80.09993743896484,79.10120391845703,81.39410400390625,81.22191619873047,82.38932037353516,80.62257385253906,84.59314727783203,82.60750579833984,82.15229797363281,81.88406372070312,82.37718200683594,80.41144561767578,80.28075408935547,76.24303436279297,76.843994140625,67.18630981445312,74.63243103027344,69.57010650634766,65.55150604248047,60.926185607910156,58.52349853515625,57.00876998901367,52.0,46.957427978515625,45.694637298583984,45.880279541015625,44.283180236816406,42.379241943359375,39.217342376708984,37.64305877685547,38.27531814575195,39.293766021728516,40.52159881591797,38.897300720214844,41.43669891357422,42.72002029418945,40.70626449584961
0,-34,-95,9,39,83.9523696899414,82.46211242675781,82.9698715209961,86.12781524658203,82.861328125,86.97700500488281,84.43340301513672,84.75848388671875,84.15461730957031,80.77747344970703,85.23497009277344,84.17243957519531,86.76404571533203,85.90692901611328,87.23531341552734,86.35391998291016,89.005615234375,85.86617279052734,89.94442749023438,87.70974731445312,89.005615234375,92.57429504394531,88.56636047363281,92.13034057617188,91.28527069091797,90.87353515625,89.31964874267578,85.09406280517578,84.75848388671875,82.2192153930664,80.08120727539062,77.6208724975586,75.70997619628906,71.0633544921875,69.63475799560547,64.93843078613281,63.150611877441406,57.87054443359375,55.44366455078125,52.17279052734375,48.50773239135742,48.05205535888672,45.880279541015625,44.643028259277344,42.44997024536133,43.011627197265625,42.05948257446289,43.680660247802734,41.761226654052734,43.416587829589844,45.7055778503418,45.54119110107422
0,-34,-95,9,39,85.86617279052734,84.11896514892578,88.6848373413086,87.32124328613281,87.8179931640625,84.59905242919922,84.90583038330078,84.59905242919922,86.53323364257812,87.92041778564453,86.26702880859375,86.60831451416016,88.00568389892578,88.40814208984375,87.45856475830078,90.68627166748047,87.96590423583984,90.02777099609375,89.9388656616211,91.3509750366211,92.31468200683594,94.2602767944336,92.80086517333984,93.23625946044922,93.40770721435547,91.02197265625,90.13877868652344,88.7524642944336,84.38008880615234,83.86298370361328,78.77182006835938,78.29431915283203,76.02631378173828,74.24958038330078,70.68238830566406,67.62396240234375,65.0,58.694122314453125,56.46237564086914,53.3104133605957,52.801513671875,47.85394287109375,46.52956008911133,43.416587829589844,43.90899658203125,44.94440841674805,43.26661682128906,44.94440841674805,46.14108657836914,45.650848388671875,46.615447998046875,47.16990661621094
0,-34,-95,9,40,92.1791763305664,90.91754150390625,95.7131118774414,94.3716049194336,90.8019790649414,93.94147491455078,95.75489807128906,91.78779602050781,90.47099304199219,93.04837799072266,93.04837799072266,93.30059051513672,94.25497436523438,95.21029663085938,94.25497436523438,95.60334777832031,96.04686737060547,96.3016128540039,100.66280364990234,100.68763732910156,99.32774353027344,99.72462463378906,98.37174224853516,100.68763732910156,99.6242904663086,99.29753112792969,98.79270935058594,95.34149169921875,94.93682098388672,89.47066497802734,88.54942321777344,85.42247772216797,82.36504364013672,77.89736938476562,76.85050201416016,70.49113464355469,68.26419067382812,63.28506851196289,61.057350158691406,57.80138397216797,54.20331954956055,51.97114562988281,50.990196228027344,50.08992004394531,48.754486083984375,46.51881408691406,48.332183837890625,47.423622131347656,50.15974426269531,50.6063232421875,49.39635467529297,50.0
0,-34,-95,10,33,81.88406372070312,80.7527084350586,84.71717834472656,83.6002426147461,83.48652648925781,80.39900207519531,82.2982406616211,81.09870910644531,82.02438354492188,82.0,84.00595092773438,84.0238037109375,83.15046691894531,83.15046691894531,82.09750366210938,83.21658325195312,84.59314727783203,85.47514343261719,86.46965026855469,88.36288452148438,87.20664978027344,88.14192962646484,88.14192962646484,89.27485656738281,88.0511245727539,87.00574493408203,85.0,86.05230712890625,82.09750366210938,79.15807342529297,76.32168579101562,75.53807067871094,71.56814575195312,66.91038513183594,66.2872543334961,65.11528015136719,61.98386764526367,55.10898208618164,53.15073013305664,49.81967544555664,49.24428939819336,44.55333709716797,45.39823913574219,44.18144226074219,44.10215377807617,44.10215377807617,44.04542922973633,43.046485900878906,44.18144226074219,44.18144226074219,44.72135925292969,45.35416030883789
0,-35,-95,10,32,78.03204345703125,78.03204345703125,85.0,78.892333984375,80.49844360351562,79.2022705078125,83.19255065917969,80.95677947998047,81.54139709472656,78.79086303710938,80.62257385253906,79.47956085205078,78.54934692382812,79.12016296386719,79.71198272705078,84.48076629638672,78.58753204345703,84.48076629638672,81.32035064697266,86.12781524658203,80.65357971191406,89.4930191040039,87.59566497802734,84.77027893066406,84.50444030761719,87.09190368652344,82.46211242675781,81.93900299072266,79.2022705078125,80.49844360351562,71.11962127685547,73.82411193847656,71.86793518066406,67.67569732666016,66.37017059326172,64.49806213378906,59.81638717651367,54.37830352783203,51.865211486816406,50.774009704589844,47.16990661621094,43.26661682128906,46.647613525390625,42.48529052734375,41.231056213378906,42.48529052734375,41.231056213378906,43.046485900878906,44.72135925292969,40.49691390991211,42.72002029418945,43.600460052490234
0,-35,-95,10,32,78.18567657470703,73.73601531982422,77.20103454589844,80.0062484741211,77.79460144042969,76.5375747680664,74.72616577148438,75.96051788330078,77.1297607421875,77.27871704101562,76.29547882080078,75.80237579345703,76.53103637695312,78.63841247558594,75.66372680664062,81.74349975585938,79.22752380371094,81.39410400390625,80.3056640625,81.49846649169922,81.39410400390625,81.61495208740234,80.8949966430664,81.3019027709961,80.8949966430664,81.04936981201172,78.08969116210938,77.66595458984375,75.96051788330078,76.90253448486328,73.08214569091797,74.63243103027344,69.89277648925781,62.297672271728516,62.7694206237793,61.09828186035156,60.926185607910156,54.7813835144043,50.32891845703125,48.10405349731445,45.880279541015625,39.84971618652344,41.48493576049805,43.011627197265625,41.0,37.64305877685547,42.72002029418945,38.07886505126953,43.96589660644531,43.96589660644531,43.32435989379883,42.48529052734375
0,-34,-95,9,39,87.0,86.14522552490234,87.14356231689453,88.14192962646484,88.20430755615234,83.15046691894531,88.6848373413086,85.70880889892578,84.71717834472656,85.0,85.84288024902344,85.32877349853516,86.88497924804688,87.09764862060547,86.68333435058594,87.55569458007812,89.02246856689453,86.58522033691406,91.39474487304688,92.444580078125,92.89241027832031,95.07891082763672,90.8019790649414,94.14881896972656,93.38094329833984,92.22798156738281,88.95504760742188,87.46427917480469,87.28115844726562,83.15046691894531,82.05486297607422,80.05622863769531,75.0,72.00694274902344,71.00704193115234,68.0,64.1248779296875,60.13318634033203,55.081756591796875,53.037723541259766,48.010414123535156,48.041648864746094,48.0,45.0,43.104522705078125,45.0444221496582,44.10215377807617,45.09988784790039,45.0111083984375,46.010868072509766,47.095645904541016,47.381431579589844
0,-35,-95,10,32,77.49193572998047,74.67261505126953,76.843994140625,77.16217041015625,78.44743347167969,78.74642944335938,76.24303436279297,78.16009521484375,74.72616577148438,77.46611785888672,76.68767547607422,77.27871704101562,78.91767883300781,77.78174591064453,78.91767883300781,78.77182006835938,80.5046615600586,79.6303939819336,81.3019027709961,81.49846649169922,82.73451232910156,83.6002426147461,79.90619659423828,79.6303939819336,81.39410400390625,84.72307586669922,80.52328491210938,78.84795379638672,79.8122787475586,72.80110168457031,74.0,70.22820281982422,67.41661834716797,63.694583892822266,65.39112854003906,58.18075180053711,56.79788589477539,52.55473327636719,50.32891845703125,49.39635467529297,44.283180236816406,42.72002029418945,42.05948257446289,43.08131790161133,39.217342376708984,39.560081481933594,41.761226654052734,41.761226654052734,42.05948257446289,43.863426208496094,43.08131790161133,40.24922180175781
0,-34,-95,9,39,86.05230712890625,88.86506652832031,87.86353302001953,90.02777099609375,87.1148681640625,90.60904693603516,88.45903015136719,89.80534362792969,89.80534362792969,88.39117431640625,89.87213134765625,91.3509750366211,89.3756103515625,90.13877868652344,93.7229995727539,91.21403503417969,91.60785675048828,89.8109130859375,95.21029663085938,95.2680435180664,97.18538665771484,95.90099334716797,92.95697784423828,96.54014587402344,94.17536926269531,95.58765411376953,94.04785919189453,88.41380310058594,90.55384826660156,83.54639434814453,82.46211242675781,80.43009185791016,78.60025787353516,73.81734466552734,71.02816009521484,66.85057830810547,64.8999252319336,59.64059066772461,59.90826416015625,55.803226470947266,50.80354309082031,48.010414123535156,44.821868896484375,46.22769546508789,46.010868072509766,46.097721099853516,46.75468063354492,45.45327377319336,46.75468063354492,47.01063537597656,49.40647888183594,48.3735466003418
0,-35,-95,10,33,78.23681640625,75.45197296142578,80.15609741210938,79.32212829589844,80.4549560546875,76.5506362915039,78.892333984375,77.41446685791016,77.89736938476562,80.0624771118164,80.62257385253906,79.62411499023438,80.11241912841797,80.11241912841797,78.79086303710938,81.59656524658203,78.92401123046875,83.38465118408203,82.2192153930664,83.38465118408203,83.77350616455078,83.77350616455078,82.3468246459961,84.69356536865234,81.85963439941406,86.35391998291016,81.98780059814453,80.05622863769531,77.38862609863281,77.02597045898438,72.11102294921875,72.20111083984375,71.02816009521484,66.0302963256836,62.481998443603516,61.073726654052734,55.60575485229492,53.413482666015625,47.6340217590332,47.381431579589844,49.648765563964844,42.8018684387207,44.10215377807617,43.046485900878906,39.66106414794922,39.11521530151367,40.49691390991211,41.34005355834961,42.19004440307617,43.011627197265625,45.607017517089844,42.42640686035156
0,-34,-95,10,32,78.10249328613281,77.1297607421875,79.4040298461914,77.6208724975586,82.00609588623047,77.49193572998047,79.4040298461914,77.79460144042969,78.74642944335938,79.71198272705078,79.71198272705078,78.18567657470703,79.30951690673828,79.7057113647461,79.7057113647461,81.85963439941406,79.62411499023438,81.85963439941406,81.39410400390625,82.76472473144531,84.17243957519531,87.32124328613281,85.23497009277344,86.16263580322266,85.4400405883789,84.11896514892578,84.48076629638672,80.65357971191406,78.33900451660156,77.1297607421875,72.7804946899414,71.38627624511719,70.71067810058594,66.48307800292969,65.37583923339844,62.3939094543457,57.14017868041992,54.230987548828125,50.03998565673828,48.093658447265625,46.097721099853516,44.55333709716797,42.57933807373047,40.79215621948242,40.79215621948242,43.73785400390625,40.79215621948242,41.773197174072266,41.43669891357422,42.42640686035156,44.04542922973633,44.0
0,-34,-95,9,39,83.36066436767578,83.74365997314453,87.32124328613281,86.88497924804688,87.09764862060547,84.64632415771484,85.86617279052734,84.48076629638672,85.16454315185547,86.02325439453125,86.02325439453125,84.15461730957031,86.72946166992188,87.46427917480469,85.79627227783203,88.76936340332031,88.63971710205078,87.8464584350586,90.47099304199219,91.78779602050781,91.54779815673828,93.77632904052734,90.62008666992188,92.11405944824219,91.08238220214844,89.8109130859375,86.97700500488281,88.32327270507812,84.40379333496094,82.46211242675781,80.60397338867188,79.07591247558594,76.11833190917969,69.72087097167969,69.46221923828125,66.27216339111328,62.07253646850586,58.215118408203125,55.145263671875,51.35172653198242,51.088157653808594,46.389652252197266,45.54119110107422,43.5660400390625,42.95346450805664,44.384681701660156,43.17406463623047,44.14748001098633,46.097721099853516,46.52956008911133,44.18144226074219,46.0
0,-35,-95,10,32,77.17512512207031,75.80237579345703,77.69813537597656,77.69813537597656,75.1664810180664,76.32168579101562,72.67048645019531,76.6093978881836,72.67048645019531,74.02702331542969,73.87828063964844,75.1664810180664,76.5767593383789,77.23341369628906,77.23341369628906,79.98124694824219,79.20858764648438,78.51751708984375,79.20858764648438,79.98124694824219,82.97589874267578,83.54639434814453,80.80841827392578,85.14693450927734,78.4091796875,82.00609588623047,78.81623840332031,77.10382843017578,74.625732421875,70.45565795898438,69.065185546875,70.71067810058594,67.11929321289062,67.5351791381836,63.071388244628906,59.03388977050781,55.46169662475586,51.4781494140625,50.15974426269531,48.332183837890625,44.283180236816406,42.04759216308594,39.4461669921875,38.01315689086914,38.832977294921875,37.735923767089844,39.4461669921875,41.04875183105469,39.96248245239258,38.01315689086914,39.81205749511719,42.72002029418945
0,-35,-95,10,32,77.89736938476562,70.66116333007812,76.967529296875,73.79024505615234,76.15773010253906,73.53910827636719,75.7693862915039,77.8331527709961,78.54934692382812,75.89466094970703,77.2528305053711,78.10890197753906,77.20103454589844,75.58438873291016,75.0,80.04998779296875,77.6208724975586,77.87811279296875,76.68767547607422,79.07591247558594,80.52328491210938,83.24061584472656,81.60882568359375,81.74349975585938,83.16850280761719,81.90848541259766,77.8331527709961,78.54934692382812,76.69419860839844,72.44998168945312,68.44705963134766,70.21395874023438,66.24198150634766,62.96824645996094,62.96824645996094,61.057350158691406,58.52349853515625,50.477718353271484,50.21951675415039,45.79301071166992,42.43819046020508,40.49691390991211,42.94182205200195,39.11521530151367,36.67424011230469,38.910152435302734,38.4837646484375,38.4837646484375,41.59326934814453,40.70626449584961,39.408119201660156,39.408119201660156
0,-34,-95,9,38,81.83519744873047,86.28441619873047,84.59905242919922,89.1852035522461,83.24061584472656,86.35391998291016,87.23531341552734,86.31338500976562,84.53401947021484,83.67198181152344,89.05054473876953,86.53900909423828,86.37708282470703,84.8646011352539,88.0227279663086,88.54377746582031,89.1852035522461,86.64871978759766,92.6552734375,91.4166259765625,91.76055908203125,93.04837799072266,90.2496566772461,93.6375961303711,91.54779815673828,91.78779602050781,89.89994812011719,84.07734680175781,86.83317565917969,80.13114166259766,80.77747344970703,79.61155700683594,75.7165756225586,73.00685119628906,68.818603515625,64.40496826171875,62.801273345947266,58.600341796875,55.803226470947266,52.009613037109375,48.60041046142578,48.82622146606445,44.94440841674805,45.79301071166992,41.67733383178711,41.59326934814453,42.94182205200195,43.90899658203125,44.94440841674805,45.79301071166992,45.80392837524414,48.27007293701172
0,-35,-95,10,33,78.23043060302734,76.32168579101562,76.843994140625,76.02631378173828,77.93586730957031,78.23681640625,78.49203491210938,78.23681640625,76.40026092529297,77.33692169189453,77.98717498779297,79.98124694824219,77.15568542480469,78.49203491210938,77.78174591064453,78.49203491210938,78.49203491210938,78.49203491210938,82.97589874267578,84.8646011352539,84.8646011352539,84.8646011352539,82.73451232910156,84.85281372070312,82.134033203125,84.2911605834961,80.15609741210938,79.8122787475586,75.0,75.21302795410156,69.89277648925781,67.67569732666016,68.60028839111328,65.0,61.773780822753906,58.5918083190918,56.82429122924805,52.77309799194336,51.88448715209961,46.14108657836914,47.41307830810547,44.41846466064453,43.046485900878906,42.43819046020508,39.66106414794922,39.20458984375,39.66106414794922,39.66106414794922,41.34005355834961,40.49691390991211,42.48529052734375,42.48529052734375
0,-35,-95,10,33,78.64476776123047,76.65507507324219,79.12016296386719,77.20103454589844,80.08120727539062,80.08120727539062,76.843994140625,77.8331527709961,76.5506362915039,77.8331527709961,79.71198272705078,76.216796875,77.6208724975586,76.55716705322266,78.29431915283203,81.85963439941406,78.77182006835938,80.52949523925781,82.36504364013672,86.31338500976562,83.67198181152344,83.63013458251953,81.93900299072266,85.49269104003906,82.85529327392578,83.48652648925781,80.3243408203125,79.71198272705078,79.12016296386719,76.92203521728516,72.53275299072266,70.61161041259766,69.42621612548828,63.95310592651367,64.93843078613281,59.84145736694336,58.4208869934082,50.80354309082031,50.35871505737305,46.69047164916992,44.9110221862793,43.5660400390625,43.416587829589844,40.26164245605469,41.48493576049805,41.48493576049805,39.560081481933594,39.560081481933594,41.231056213378906,43.416587829589844,42.7551155090332,43.104522705078125
0,-34,-95,9,39,85.05292510986328,88.0,87.0,89.0,89.0,86.00581359863281,85.14693450927734,85.14693450927734,85.21150207519531,87.28115844726562,89.45389556884766,89.5600357055664,88.95504760742188,87.96590423583984,87.96590423583984,89.44271850585938,89.8220443725586,90.60904693603516,92.76313781738281,93.94147491455078,92.22798156738281,93.21480560302734,92.9139404296875,95.18928527832031,94.5304183959961,92.34716796875,89.27485656738281,87.09190368652344,86.0,84.0,82.00609588623047,80.0062484741211,75.05997467041016,72.11102294921875,70.45565795898438,67.26811981201172,63.3876953125,58.54912567138672,55.44366455078125,53.46026611328125,49.36598205566406,46.097721099853516,47.01063537597656,46.0,44.0,42.0,46.0,46.0,46.0,49.01020431518555,48.25971221923828,46.87216567993164
0,-35,-95,10,33,80.95677947998047,80.49844360351562,82.85529327392578,82.29216003417969,81.93900299072266,82.85529327392578,81.1541748046875,83.38465118408203,81.3449478149414,79.37883758544922,82.87339782714844,82.00609588623047,81.02468872070312,82.9698715209961,83.93450164794922,86.12200927734375,88.29496002197266,85.90692901611328,86.88497924804688,86.88497924804688,88.5268325805664,90.47099304199219,87.80091094970703,89.02246856689453,88.32327270507812,86.68333435058594,82.2800064086914,80.99382781982422,82.63776397705078,78.74642944335938,75.3923110961914,74.73285675048828,69.31810760498047,68.94200134277344,66.64833068847656,61.741397857666016,60.41522979736328,55.90169906616211,54.20331954956055,51.107730865478516,45.694637298583984,45.694637298583984,46.2385139465332,44.59820556640625,41.48493576049805,43.32435989379883,43.011627197265625,44.92215347290039,44.271888732910156,47.16990661621094,42.95346450805664,46.06517028808594
0,-34,-95,9,39,85.58621215820312,84.8646011352539,86.45230102539062,89.27485656738281,88.61715698242188,88.09085845947266,86.21485137939453,84.20214080810547,85.6037368774414,85.8021011352539,86.60831451416016,84.05355072021484,85.98255920410156,86.8216552734375,88.32327270507812,88.83692932128906,87.8179931640625,88.32327270507812,93.53608703613281,92.66067504882812,91.92388153076172,91.92388153076172,90.73587799072266,92.96235656738281,91.52595520019531,90.69729614257812,89.62700653076172,87.00574493408203,87.45856475830078,83.09632873535156,81.56592559814453,79.30951690673828,77.15568542480469,70.00714111328125,70.72481536865234,65.11528015136719,61.61980056762695,57.628116607666016,55.31726837158203,51.6623649597168,48.79549026489258,47.381431579589844,45.96738052368164,43.863426208496094,46.097721099853516,43.416587829589844,44.04542922973633,44.821868896484375,44.68780517578125,46.69047164916992,46.69047164916992,47.6340217590332
0,-34,-95,9,39,85.0058822631836,85.0,88.00568389892578,88.0,89.0,86.00581359863281,88.0511245727539,87.00574493408203,86.14522552490234,87.46427917480469,88.20430755615234,88.56636047363281,88.6848373413086,87.96590423583984,87.82368469238281,89.62700653076172,90.02777099609375,90.25519561767578,91.7823486328125,94.14881896972656,93.21480560302734,93.38094329833984,92.77930450439453,94.04785919189453,94.33981323242188,90.44888305664062,88.20430755615234,88.14192962646484,85.0058822631836,84.0,81.00617218017578,81.00617218017578,76.10519409179688,73.24616241455078,70.25667572021484,65.27633666992188,63.639610290527344,59.41380310058594,55.3263053894043,51.35172653198242,50.08992004394531,47.01063537597656,48.0,48.0,46.0,44.0,45.0,46.010868072509766,47.0,47.01063537597656,46.27094268798828,46.87216567993164
0,-35,-95,10,33,76.38062286376953,78.74642944335938,80.0,78.8733139038086,78.10249328613281,76.83749389648438,78.00640869140625,77.10382843017578,77.66595458984375,79.88116455078125,79.32212829589844,79.92496490478516,77.69813537597656,80.4549560546875,79.07591247558594,80.49844360351562,80.52949523925781,81.41252899169922,86.33075714111328,83.67198181152344,85.42247772216797,84.53401947021484,81.4923324584961,85.0,84.59905242919922,80.4549560546875,79.4040298461914,80.15609741210938,79.32212829589844,74.40430450439453,70.60453033447266,75.0,71.21797180175781,65.94694519042969,63.70243453979492,61.61980056762695,57.314918518066406,50.20956039428711,49.57822036743164,45.96738052368164,47.50789260864258,44.204071044921875,42.43819046020508,40.804412841796875,40.224369049072266,41.34005355834961,42.01190185546875,39.96248245239258,40.224369049072266,43.011627197265625,40.607879638671875,44.55333709716797
0,-34,-95,9,39,84.07734680175781,86.76404571533203,85.08818817138672,89.05054473876953,86.8158950805664,86.00581359863281,85.08818817138672,84.69356536865234,83.38465118408203,84.69356536865234,83.93450164794922,85.09406280517578,88.23265075683594,86.68333435058594,87.93179321289062,88.05680084228516,87.55569458007812,88.05680084228516,93.62158203125,92.1791763305664,89.84430694580078,93.96276092529297,90.75791931152344,93.68030548095703,92.35800170898438,93.04837799072266,88.63971710205078,85.49269104003906,86.8158950805664,80.95677947998047,81.88406372070312,78.39005279541016,76.15773010253906,71.34423828125,71.02112579345703,65.19202423095703,62.68173599243164,58.24946212768555,54.918121337890625,53.25410842895508,49.09175109863281,47.50789260864258,45.27692413330078,46.14108657836914,42.48529052734375,43.8292121887207,44.29446792602539,45.17742919921875,43.416587829589844,46.647613525390625,45.486263275146484,47.6340217590332
0,-34,-95,9,39,84.85281372070312,86.31338500976562,90.60904693603516,88.5268325805664,89.27485656738281,85.70297241210938,86.55634307861328,86.55634307861328,85.91275024414062,86.40023040771484,85.6037368774414,86.83892822265625,86.53323364257812,85.98255920410156,86.8216552734375,90.73587799072266,86.95401000976562,89.8888168334961,90.91754150390625,90.73587799072266,92.11405944824219,93.19334411621094,92.6552734375,92.6498794555664,92.41753387451172,90.21086120605469,87.45856475830078,89.64373779296875,85.14693450927734,83.54639434814453,78.56844329833984,78.49203491210938,74.96665954589844,73.55270385742188,70.0927963256836,65.19202423095703,62.36986541748047,58.2580451965332,55.973209381103516,51.7397346496582,49.51767349243164,48.08325958251953,45.96738052368164,44.59820556640625,44.55333709716797,43.185646057128906,44.68780517578125,44.68780517578125,47.423622131347656,45.25483322143555,46.69047164916992,47.6340217590332
0,-35,-95,10,33,76.66159057617188,80.77747344970703,77.36924743652344,78.39005279541016,81.41252899169922,82.85529327392578,79.17701721191406,76.92203521728516,80.52949523925781,81.02468872070312,76.55716705322266,78.79086303710938,81.27114868164062,82.07923126220703,81.3449478149414,80.95677947998047,81.59656524658203,80.95677947998047,82.861328125,81.32035064697266,86.03487396240234,84.8646011352539,82.2800064086914,85.4400405883789,83.81526947021484,82.46211242675781,82.3468246459961,79.60527801513672,79.17701721191406,76.94153594970703,72.71863555908203,74.4311752319336,70.21395874023438,66.5732650756836,66.0302963256836,59.90826416015625,59.203041076660156,52.801513671875,50.477718353271484,48.60041046142578,45.221675872802734,44.65422821044922,41.04875183105469,40.8166618347168,43.046485900878906,39.11521530151367,41.67733383178711,40.70626449584961,41.67733383178711,41.67733383178711,44.40720748901367,43.931766510009766
0,-35,-95,10,33,80.26206970214844,79.25907135009766,82.36504364013672,80.4549560546875,79.15807342529297,78.71467590332031,82.2982406616211,78.29431915283203,82.3468246459961,76.32168579101562,78.18567657470703,81.02468872070312,81.93289947509766,80.0062484741211,81.90848541259766,84.11896514892578,84.89994049072266,80.36167907714844,84.89994049072266,88.32327270507812,85.4400405883789,87.36132049560547,84.11896514892578,87.28115844726562,86.33075714111328,82.63776397705078,85.70297241210938,82.85529327392578,81.02468872070312,79.2022705078125,75.13321685791016,73.79024505615234,70.23532104492188,66.73080444335938,62.96824645996094,62.64982223510742,60.74536895751953,56.080299377441406,51.62363815307617,48.87739944458008,47.16990661621094,44.777225494384766,40.71854782104492,42.04759216308594,39.81205749511719,41.59326934814453,41.146080017089844,41.78516387939453,41.146080017089844,43.382022857666016,44.777225494384766,42.19004440307617
0,-34,-95,9,39,84.71717834472656,85.84288024902344,90.42676544189453,87.4757080078125,89.62700653076172,85.70297241210938,89.8220443725586,86.34812927246094,89.05054473876953,88.8875732421875,88.76936340332031,90.13877868652344,89.4930191040039,89.8109130859375,86.97700500488281,92.69843292236328,88.95504760742188,92.69843292236328,91.54779815673828,95.2732925415039,93.30059051513672,94.2443618774414,93.96276092529297,96.76776123046875,95.60334777832031,93.86160278320312,89.49860382080078,90.60904693603516,83.18653869628906,85.98837280273438,79.4040298461914,81.39410400390625,76.53103637695312,72.11102294921875,71.0633544921875,68.06614685058594,66.0,60.008331298828125,56.00892639160156,52.009613037109375,52.0,48.041648864746094,47.16990661621094,45.27692413330078,46.69047164916992,44.283180236816406,47.85394287109375,45.27692413330078,47.381431579589844,47.01063537597656,47.0,48.010414123535156
0,-34,-95,10,33,79.32212829589844,79.07591247558594,83.35466766357422,80.26206970214844,80.62257385253906,78.39005279541016,80.0624771118164,78.26238250732422,80.49844360351562,82.3468246459961,81.93900299072266,80.77747344970703,81.70679473876953,80.05622863769531,78.77182006835938,84.43340301513672,80.36167907714844,83.48652648925781,82.861328125,85.070556640625,86.33075714111328,87.59566497802734,86.72946166992188,87.92041778564453,86.16263580322266,83.77350616455078,82.85529327392578,85.0,78.72102355957031,79.17701721191406,72.56031799316406,74.30342864990234,70.32780456542969,68.26419067382812,64.35060119628906,60.74536895751953,59.07622146606445,54.64430618286133,51.61395263671875,46.87216567993164,47.70744323730469,43.046485900878906,43.90899658203125,41.18252182006836,42.94182205200195,40.70626449584961,40.70626449584961,41.146080017089844,43.8292121887207,42.19004440307617,43.90899658203125,42.01190185546875
0,-35,-95,10,33,79.32212829589844,81.54139709472656,82.68010711669922,84.62860107421875,80.52949523925781,78.39005279541016,82.2982406616211,82.76472473144531,80.52949523925781,81.43709564208984,80.49844360351562,82.63776397705078,84.15461730957031,82.63776397705078,83.77350616455078,82.63776397705078,84.43340301513672,78.92401123046875,88.86506652832031,87.92041778564453,85.09406280517578,88.25531005859375,84.50444030761719,88.95504760742188,85.61541748046875,86.92525482177734,84.17243957519531,76.94153594970703,84.53401947021484,75.13321685791016,79.64923095703125,74.4311752319336,70.49113464355469,68.60028839111328,65.45991516113281,60.216278076171875,61.61168670654297,55.803226470947266,53.823787689208984,53.0,44.10215377807617,45.486263275146484,42.05948257446289,44.41846466064453,42.19004440307617,41.231056213378906,40.71854782104492,42.95346450805664,44.72135925292969,45.17742919921875,41.34005355834961,44.204071044921875
0,-35,-95,10,32,78.79086303710938,78.92401123046875,80.77747344970703,81.02468872070312,81.59656524658203,78.18567657470703,78.18567657470703,78.18567657470703,77.8331527709961,78.43468475341797,77.79460144042969,76.5375747680664,78.16009521484375,81.4923324584961,78.84795379638672,80.80841827392578,79.62411499023438,82.22530364990234,83.19855499267578,86.31338500976562,84.89994049072266,86.34812927246094,84.89994049072266,85.16454315185547,83.81526947021484,84.75848388671875,81.70679473876953,84.8646011352539,79.30951690673828,79.2022705078125,72.44998168945312,71.11258697509766,70.66116333007812,65.3681869506836,66.37017059326172,61.91122817993164,59.6824951171875,56.080299377441406,51.03919982910156,46.87216567993164,47.01063537597656,44.29446792602539,45.17742919921875,42.48529052734375,40.24922180175781,40.71854782104492,37.121421813964844,42.54409408569336,41.59326934814453,40.24922180175781,43.5660400390625,42.43819046020508
0,-34,-95,9,39,87.20092010498047,86.83317565917969,90.78546142578125,90.68627166748047,90.68627166748047,89.27485656738281,89.87213134765625,88.41380310058594,89.10667419433594,89.10667419433594,89.8276138305664,90.55384826660156,90.68627166748047,90.02777099609375,89.3756103515625,91.67878723144531,91.0494384765625,89.02246856689453,95.0,94.20191192626953,95.90099334716797,96.82975006103516,94.17536926269531,96.54014587402344,94.84724426269531,94.11163330078125,94.06912231445312,90.55384826660156,88.41380310058594,88.45903015136719,84.50444030761719,82.46211242675781,79.02531433105469,74.20242309570312,73.00685119628906,67.95587158203125,65.73431396484375,60.464866638183594,56.859474182128906,53.600372314453125,51.400390625,48.010414123535156,47.801673889160156,46.22769546508789,45.27692413330078,45.343135833740234,46.010868072509766,48.10405349731445,47.50789260864258,46.40043258666992,46.40043258666992,48.87739944458008
0,-35,-95,10,33,74.24958038330078,76.38062286376953,77.23341369628906,78.64476776123047,77.33692169189453,78.56844329833984,81.68843078613281,81.21575927734375,76.5767593383789,78.4091796875,77.98717498779297,77.801025390625,77.66595458984375,78.23681640625,77.10382843017578,80.99382781982422,80.77747344970703,77.69813537597656,83.35466766357422,83.86298370361328,81.83519744873047,85.70297241210938,82.09750366210938,80.99382781982422,83.73768615722656,84.40379333496094,82.61961364746094,80.15609741210938,77.33692169189453,74.41101837158203,75.69015502929688,70.72481536865234,70.00714111328125,63.65532302856445,65.85590362548828,59.46427536010742,55.60575485229492,53.413482666015625,48.91830062866211,47.381431579589844,45.96738052368164,43.27817153930664,41.72529220581055,38.897300720214844,38.897300720214844,38.94868469238281,39.824615478515625,41.400482177734375,42.42640686035156,41.01219177246094,41.86884307861328,41.34005355834961
0,-34,-95,9,39,85.0,86.00581359863281,87.46427917480469,89.15716552734375,86.16263580322266,86.97700500488281,87.92041778564453,86.33075714111328,86.64871978759766,86.03487396240234,86.64871978759766,86.68333435058594,86.83317565917969,89.28605651855469,87.80091094970703,88.0738296508789,89.05054473876953,89.26925659179688,92.19544219970703,92.19544219970703,91.21951293945312,93.17188262939453,91.48223876953125,91.21403503417969,93.30059051513672,93.92018127441406,91.08238220214844,86.92525482177734,86.53900909423828,84.17243957519531,80.05622863769531,78.72102355957031,76.02631378173828,70.71067810058594,71.19690704345703,66.8879623413086,63.51377868652344,58.8217658996582,55.4707145690918,52.69725036621094,49.39635467529297,50.11985778808594,46.52956008911133,46.06517028808594,44.777225494384766,43.863426208496094,45.617977142333984,47.41307830810547,46.52956008911133,45.27692413330078,46.615447998046875,48.010414123535156
0,-34,-95,9,38,86.09297180175781,84.2140121459961,86.5794448852539,86.37129211425781,85.47514343261719,86.83317565917969,85.70880889892578,85.32877349853516,87.4757080078125,83.36066436767578,85.32877349853516,87.66413116455078,87.32124328613281,86.58522033691406,86.83317565917969,87.64131164550781,88.23265075683594,88.23265075683594,89.8109130859375,92.97311401367188,91.0933609008789,92.6552734375,88.76936340332031,92.72000885009766,92.41753387451172,91.98369598388672,90.8019790649414,86.4927749633789,86.31338500976562,84.71717834472656,80.8949966430664,77.5241928100586,75.32595825195312,72.17340087890625,70.028564453125,66.06814575195312,63.0,59.00847244262695,56.00892639160156,53.0,50.03998565673828,49.09175109863281,47.26520919799805,43.416587829589844,43.5660400390625,43.416587829589844,43.416587829589844,46.69047164916992,45.17742919921875,47.16990661621094,47.04253387451172,49.01020431518555
0,-35,-95,10,33,80.26206970214844,79.4040298461914,79.88116455078125,77.93586730957031,79.32212829589844,79.05693817138672,79.6303939819336,83.09632873535156,78.23681640625,75.92759704589844,84.0238037109375,82.134033203125,81.39410400390625,82.134033203125,84.2911605834961,84.2199478149414,82.02438354492188,81.39410400390625,84.17243957519531,85.5628433227539,84.17243957519531,88.41380310058594,83.63013458251953,88.5268325805664,87.20664978027344,89.8109130859375,84.05355072021484,84.87638092041016,82.92768096923828,76.85050201416016,76.66159057617188,75.29276275634766,71.69379425048828,69.46221923828125,65.29930877685547,61.84658432006836,60.835845947265625,56.64803695678711,53.3104133605957,48.332183837890625,47.92702865600586,46.957427978515625,44.283180236816406,42.04759216308594,42.54409408569336,39.11521530151367,42.19004440307617,40.224369049072266,42.19004440307617,46.615447998046875,45.18849563598633,46.81879806518555
0,-34,-95,9,39,83.00602722167969,82.85529327392578,86.83317565917969,87.70974731445312,87.6584243774414,85.0,85.90692901611328,83.67198181152344,84.5813217163086,86.92525482177734,84.17243957519531,86.53900909423828,86.16263580322266,85.23497009277344,85.4400405883789,87.92041778564453,86.02325439453125,87.92041778564453,89.1852035522461,91.7060546875,92.11405944824219,91.76055908203125,91.18113708496094,92.4770278930664,90.47099304199219,89.96110534667969,87.66413116455078,86.76981353759766,83.72574615478516,84.2199478149414,79.92496490478516,79.61155700683594,74.4311752319336,71.61005401611328,70.60453033447266,65.6048812866211,64.20280456542969,56.85068130493164,55.44366455078125,51.855567932128906,49.20365905761719,47.20169448852539,47.434165954589844,44.65422821044922,41.88078308105469,43.046485900878906,45.486263275146484,45.27692413330078,45.80392837524414,45.607017517089844,45.343135833740234,46.69047164916992
0,-34,-95,9,39,83.05419921875,86.09297180175781,85.0,88.0227279663086,84.00595092773438,88.00568389892578,87.0,84.0,86.0,84.148681640625,85.14693450927734,85.28775024414062,86.70063781738281,85.28775024414062,86.70063781738281,86.46965026855469,90.79647827148438,85.58621215820312,92.22798156738281,89.67720031738281,91.66242218017578,92.54188537597656,89.35882568359375,91.78779602050781,91.19758605957031,92.13577270507812,90.0,86.02325439453125,87.09190368652344,81.22191619873047,81.22191619873047,78.4091796875,75.42546081542969,71.70076751708984,69.05070495605469,63.639610290527344,63.150611877441406,59.03388977050781,56.88584899902344,51.788028717041016,47.85394287109375,48.83646011352539,43.28972244262695,45.39823913574219,44.10215377807617,43.185646057128906,44.10215377807617,43.185646057128906,44.04542922973633,45.27692413330078,45.7055778503418,46.840152740478516
0,-34,-95,9,39,82.68010711669922,82.85529327392578,87.23531341552734,86.09297180175781,86.83317565917969,84.53401947021484,86.35391998291016,84.9705810546875,82.76472473144531,85.86617279052734,86.8158950805664,86.00581359863281,87.46427917480469,84.50444030761719,84.8646011352539,89.1964111328125,86.03487396240234,86.37708282470703,89.8109130859375,92.35800170898438,91.54779815673828,91.18113708496094,92.4770278930664,91.54779815673828,90.87353515625,89.96110534667969,86.31338500976562,87.32124328613281,82.49242401123047,82.49242401123047,76.5506362915039,76.00657653808594,75.80237579345703,70.0,67.62396240234375,65.6048812866211,60.30754470825195,56.080299377441406,54.671749114990234,49.67897033691406,49.67897033691406,45.607017517089844,45.607017517089844,43.600460052490234,42.43819046020508,42.72002029418945,43.26661682128906,44.10215377807617,43.600460052490234,45.607017517089844,45.343135833740234,46.66904830932617
0,-35,-95,10,32,75.1664810180664,80.43009185791016,76.41989135742188,76.48529052734375,75.69015502929688,77.79460144042969,78.51751708984375,77.077880859375,75.00666809082031,76.48529052734375,79.20858764648438,75.43209075927734,75.1664810180664,78.24320983886719,77.6208724975586,77.801025390625,81.84130859375,77.10382843017578,77.93586730957031,80.21221923828125,80.60397338867188,85.2760238647461,81.4002456665039,85.14693450927734,83.73768615722656,82.97589874267578,79.39773559570312,75.69015502929688,77.077880859375,72.13875579833984,72.34638977050781,70.76722717285156,65.85590362548828,63.12685775756836,65.6048812866211,57.00876998901367,57.628116607666016,52.801513671875,50.0,48.82622146606445,42.52058410644531,41.231056213378906,43.416587829589844,42.52058410644531,41.773197174072266,40.31128692626953,43.13930892944336,38.897300720214844,40.31128692626953,41.86884307861328,41.400482177734375,41.04875183105469
0,-35,-95,10,33,77.66595458984375,76.69419860839844,79.98124694824219,77.0064926147461,77.33692169189453,77.23341369628906,79.30951690673828,77.8331527709961,79.24645233154297,76.3675308227539,77.077880859375,81.46778869628906,79.98124694824219,80.91971588134766,80.80841827392578,81.56592559814453,81.21575927734375,79.64923095703125,81.4002456665039,84.64632415771484,83.73768615722656,83.24061584472656,81.46778869628906,86.55634307861328,85.70297241210938,80.65978240966797,82.134033203125,79.24645233154297,79.19596099853516,76.48529052734375,73.10950469970703,68.88395690917969,66.40029907226562,65.0,65.45991516113281,61.032779693603516,58.8217658996582,55.0,50.80354309082031,45.607017517089844,46.40043258666992,44.204071044921875,43.931766510009766,39.824615478515625,45.96738052368164,41.1096076965332,41.03656768798828,43.13930892944336,43.931766510009766,41.86884307861328,41.231056213378906,42.19004440307617
0,-34,-95,9,39,84.5813217163086,86.00581359863281,86.92525482177734,89.55445098876953,86.53900909423828,85.4400405883789,86.97700500488281,85.4400405883789,86.02325439453125,86.33075714111328,86.40023040771484,88.05680084228516,87.09764862060547,86.88497924804688,84.92938232421875,88.45903015136719,90.42676544189453,87.4757080078125,90.93404388427734,92.39588928222656,91.59148406982422,92.57429504394531,91.21951293945312,93.94147491455078,92.89241027832031,92.1791763305664,90.13877868652344,86.97700500488281,87.59566497802734,84.50444030761719,79.84986114501953,78.39005279541016,76.05918884277344,73.40980529785156,70.21395874023438,66.64083099365234,63.06346130371094,58.5918083190918,54.58937454223633,51.0,50.08992004394531,48.754486083984375,46.615447998046875,46.2385139465332,45.221675872802734,42.379241943359375,44.59820556640625,46.173583984375,45.54119110107422,44.777225494384766,46.097721099853516,45.27692413330078
0,-34,-95,9,39,85.15867614746094,83.72574615478516,89.67720031738281,88.6848373413086,90.55384826660156,84.71717834472656,87.20664978027344,86.14522552490234,85.05292510986328,88.0511245727539,87.02298736572266,88.00568389892578,88.0227279663086,86.02325439453125,86.00581359863281,90.13877868652344,87.3670425415039,91.13726043701172,88.45903015136719,92.26592254638672,92.19544219970703,93.26306915283203,93.08598327636719,95.08417510986328,94.04785919189453,91.0,90.022216796875,89.05054473876953,83.15046691894531,85.37564086914062,81.3019027709961,78.4091796875,75.66372680664062,71.70076751708984,69.05070495605469,68.06614685058594,63.56099319458008,59.228370666503906,52.95280838012695,51.97114562988281,50.80354309082031,47.51841735839844,48.166378021240234,44.10215377807617,44.04542922973633,43.011627197265625,44.04542922973633,46.04345703125,46.04345703125,46.27094268798828,46.69047164916992,45.12205505371094
0,-34,-95,9,39,83.48652648925781,85.44589233398438,88.83692932128906,85.75546264648438,87.66413116455078,83.35466766357422,83.72574615478516,85.0,84.53401947021484,84.07734680175781,85.0,85.42832946777344,86.00581359863281,85.08818817138672,87.8464584350586,91.18113708496094,87.31552124023438,87.09190368652344,90.44335174560547,91.08238220214844,91.18113708496094,93.04837799072266,90.62008666992188,90.2496566772461,90.47099304199219,89.89994812011719,89.0,88.58893585205078,82.49242401123047,82.85529327392578,77.38862609863281,76.85050201416016,77.10382843017578,71.84706115722656,72.42237091064453,68.24221801757812,61.84658432006836,58.2580451965332,55.44366455078125,51.22499465942383,49.81967544555664,47.801673889160156,44.65422821044922,44.10215377807617,44.41846466064453,42.94182205200195,44.777225494384766,45.27692413330078,46.3249397277832,44.65422821044922,46.40043258666992,46.010868072509766
0,-34,-95,9,39,86.26702880859375,86.83892822265625,89.62700653076172,90.0,88.40814208984375,86.05230712890625,87.96590423583984,87.86353302001953,89.3756103515625,89.14033508300781,89.14033508300781,89.80534362792969,89.10667419433594,89.8276138305664,88.45903015136719,92.76313781738281,88.72992706298828,92.76313781738281,92.95697784423828,93.7229995727539,95.90099334716797,95.01578521728516,92.69843292236328,94.11163330078125,94.06912231445312,94.06912231445312,91.93476104736328,89.9388656616211,87.96590423583984,85.14693450927734,81.21575927734375,82.00609588623047,78.81623840332031,74.63243103027344,71.84706115722656,67.67569732666016,63.812225341796875,61.587337493896484,58.830265045166016,53.0,52.69725036621094,47.801673889160156,47.20169448852539,46.097721099853516,44.04542922973633,45.45327377319336,45.343135833740234,46.010868072509766,45.343135833740234,47.801673889160156,46.615447998046875,46.647613525390625
0,-35,-95,10,33,77.87811279296875,79.07591247558594,77.88452911376953,75.28611755371094,80.77747344970703,79.71198272705078,81.27114868164062,77.6208724975586,78.92401123046875,76.32168579101562,81.1541748046875,77.2528305053711,76.48529052734375,78.29431915283203,76.48529052734375,79.17701721191406,80.95059967041016,80.95059967041016,81.00617218017578,80.95059967041016,81.88406372070312,82.73451232910156,82.29216003417969,84.07734680175781,83.77350616455078,81.93900299072266,80.99382781982422,77.16217041015625,80.0062484741211,76.216796875,74.04052734375,70.60453033447266,69.23149871826172,65.51335906982422,63.95310592651367,62.96824645996094,55.578773498535156,51.4781494140625,50.80354309082031,45.54119110107422,44.9110221862793,44.72135925292969,45.7055778503418,40.52159881591797,40.804412841796875,37.64305877685547,41.761226654052734,41.761226654052734,41.231056213378906,42.44997024536133,45.12205505371094,43.185646057128906
0,-34,-95,9,39,85.4400405883789,91.54779815673828,89.69392395019531,89.69392395019531,86.00581359863281,90.07774353027344,86.40602111816406,87.72685241699219,85.42832946777344,87.6584243774414,89.06739044189453,87.8179931640625,88.83692932128906,88.32327270507812,88.32327270507812,88.5098876953125,91.80958557128906,88.5098876953125,93.19334411621094,92.6498794555664,93.1504135131836,95.38343811035156,93.1504135131836,95.52486419677734,92.59049987792969,94.82615661621094,90.87353515625,88.76936340332031,88.95504760742188,85.79627227783203,82.2192153930664,79.4040298461914,78.16009521484375,71.30918884277344,69.63475799560547,67.6830825805664,64.32728576660156,60.20797348022461,56.88584899902344,54.34151077270508,52.17279052734375,49.81967544555664,48.50773239135742,44.643028259277344,43.96589660644531,43.680660247802734,44.271888732910156,45.221675872802734,43.416587829589844,47.07440948486328,47.07440948486328,47.381431579589844
0,-34,-95,10,33,79.02531433105469,79.15807342529297,79.4040298461914,81.22191619873047,80.39900207519531,79.30951690673828,81.49846649169922,78.51751708984375,77.92945861816406,79.90619659423828,80.0624771118164,80.60397338867188,80.04998779296875,80.52328491210938,80.77747344970703,80.77747344970703,84.20214080810547,83.24061584472656,84.77027893066406,87.09190368652344,86.34812927246094,85.37564086914062,85.14693450927734,85.16454315185547,87.32124328613281,84.5280990600586,82.03657531738281,79.76214599609375,79.6303939819336,77.64663696289062,74.24284362792969,74.1080322265625,71.0,67.0,66.0,62.00806427001953,58.0,54.0,52.0,48.0,48.0,44.0113639831543,44.04542922973633,42.04759216308594,42.10700607299805,41.1096076965332,41.1096076965332,42.19004440307617,42.42640686035156,44.04542922973633,42.0,44.18144226074219
0,-34,-95,9,39,90.60904693603516,88.41380310058594,91.92388153076172,91.21951293945312,91.28527069091797,89.10667419433594,90.68627166748047,90.02777099609375,88.61715698242188,90.78546142578125,90.78546142578125,88.40814208984375,90.21086120605469,89.05054473876953,88.23265075683594,92.9139404296875,92.6498794555664,90.13877868652344,94.66783905029297,94.33981323242188,95.96353149414062,95.69221496582031,96.02082824707031,97.08243560791016,97.00515747070312,94.81033325195312,91.0494384765625,90.02777099609375,87.96590423583984,87.04596710205078,82.75868225097656,82.73451232910156,77.79460144042969,74.96665954589844,72.13875579833984,71.0633544921875,64.66065216064453,58.898216247558594,55.973209381103516,52.49761962890625,51.7397346496582,49.497474670410156,48.08325958251953,46.69047164916992,46.69047164916992,46.010868072509766,46.097721099853516,46.010868072509766,47.423622131347656,48.79549026489258,46.69047164916992,47.801673889160156
0,-34,-95,9,39,84.09518432617188,84.53401947021484,86.83317565917969,86.83317565917969,86.83317565917969,88.6848373413086,86.60831451416016,85.23497009277344,84.59905242919922,85.70297241210938,84.87638092041016,85.21150207519531,86.21485137939453,85.6037368774414,86.83317565917969,87.32124328613281,88.61715698242188,87.32124328613281,91.43850708007812,92.69843292236328,90.90654754638672,92.31468200683594,88.23831176757812,93.23625946044922,92.41753387451172,91.02197265625,89.30845642089844,84.05950164794922,85.4400405883789,81.3019027709961,81.00617218017578,78.29431915283203,76.02631378173828,72.91776275634766,69.35416412353516,65.39112854003906,62.64982223510742,57.93962478637695,54.230987548828125,51.4781494140625,50.15974426269531,46.957427978515625,45.17742919921875,45.17742919921875,43.416587829589844,42.19004440307617,43.046485900878906,43.5660400390625,46.06517028808594,46.52956008911133,45.31004333496094,46.81879806518555
0,-34,-95,9,39,86.68333435058594,86.21485137939453,86.83317565917969,86.83317565917969,86.02325439453125,86.60831451416016,86.26702880859375,85.14693450927734,86.28441619873047,83.52843475341797,85.08818817138672,85.95928955078125,85.8836441040039,86.31338500976562,86.31338500976562,88.56636047363281,87.72685241699219,89.47066497802734,90.37699127197266,92.19544219970703,91.23595428466797,92.13034057617188,91.24143981933594,94.3663101196289,91.30169677734375,90.42676544189453,88.83692932128906,86.53323364257812,85.14693450927734,82.6619644165039,79.4040298461914,77.801025390625,77.0064926147461,70.83784484863281,70.1783447265625,65.85590362548828,64.38167572021484,56.58621597290039,54.488529205322266,51.7397346496582,49.51767349243164,49.04079818725586,46.22769546508789,44.04542922973633,44.40720748901367,43.416587829589844,43.26661682128906,44.40720748901367,43.011627197265625,46.86149978637695,46.097721099853516,45.96738052368164
0,-34,-95,9,39,87.31552124023438,89.4930191040039,87.28115844726562,92.34716796875,86.40023040771484,90.52071380615234,90.70832061767578,87.09190368652344,86.12200927734375,84.92938232421875,88.84255981445312,88.6453628540039,89.94442749023438,89.94442749023438,89.94442749023438,88.81441497802734,92.6552734375,91.78779602050781,94.42987060546875,95.63471984863281,93.90420532226562,95.03683471679688,93.74433135986328,96.17691802978516,94.14881896972656,95.56673431396484,93.40770721435547,88.8875732421875,87.93179321289062,83.81526947021484,83.00602722167969,80.77747344970703,76.55716705322266,75.1531753540039,72.01388549804688,67.5351791381836,65.76473236083984,60.8276252746582,55.4707145690918,54.58937454223633,49.648765563964844,49.648765563964844,47.85394287109375,47.53945541381836,46.097721099853516,44.94440841674805,44.0113639831543,46.097721099853516,45.694637298583984,47.41307830810547,48.02082824707031,46.87216567993164
0,-34,-95,9,39,86.37129211425781,89.08984375,89.05054473876953,91.0878677368164,88.0227279663086,89.005615234375,90.0,88.00568389892578,90.0888442993164,87.09190368652344,90.04998779296875,91.19758605957031,89.45389556884766,88.81441497802734,89.80534362792969,91.92388153076172,93.05912017822266,90.25519561767578,94.72592163085938,94.5409927368164,95.03683471679688,95.03683471679688,94.64142608642578,95.88534545898438,96.33275604248047,94.19129180908203,92.19544219970703,89.02246856689453,89.0,86.0,85.0,82.05486297607422,79.10120391845703,72.17340087890625,71.56814575195312,68.35934448242188,66.61080932617188,61.814239501953125,56.4358024597168,54.451812744140625,49.162994384765625,49.162994384765625,47.04253387451172,45.0444221496582,45.0111083984375,45.0,44.0,45.0,44.0113639831543,47.04253387451172,47.26520919799805,48.66210174560547
0,-35,-95,10,33,79.30951690673828,78.71467590332031,78.77182006835938,77.5241928100586,80.0624771118164,78.77182006835938,76.66159057617188,81.98780059814453,75.29276275634766,78.77182006835938,80.62257385253906,76.843994140625,79.88116455078125,79.88116455078125,78.60025787353516,82.80096435546875,82.00609588623047,81.02468872070312,84.64632415771484,84.0238037109375,86.02325439453125,85.70297241210938,84.31488800048828,88.00568389892578,84.59905242919922,81.83519744873047,83.24061584472656,79.15807342529297,83.25863647460938,77.38862609863281,71.7844009399414,70.38465881347656,68.94925689697266,65.14598846435547,63.89052963256836,58.52349853515625,59.77457809448242,54.81787872314453,52.17279052734375,50.28916549682617,43.680660247802734,44.643028259277344,40.804412841796875,40.16217041015625,40.804412841796875,39.0,40.31128692626953,41.231056213378906,39.560081481933594,41.761226654052734,43.32435989379883,41.43669891357422
0,-34,-95,10,33,82.87943267822266,82.97589874267578,84.64632415771484,84.38601684570312,81.83519744873047,82.00609588623047,82.00609588623047,80.80223083496094,81.02468872070312,79.32212829589844,83.21658325195312,82.49242401123047,84.72307586669922,81.4923324584961,82.36504364013672,82.85529327392578,84.07734680175781,83.63013458251953,85.86617279052734,85.86617279052734,87.70974731445312,89.06739044189453,87.70974731445312,89.47066497802734,88.6848373413086,86.09297180175781,84.59905242919922,83.81526947021484,81.84130859375,78.00640869140625,75.60423278808594,73.87828063964844,70.43436431884766,69.52696990966797,65.85590362548828,63.65532302856445,60.8276252746582,56.58621597290039,53.75872039794922,49.57822036743164,46.66904830932617,47.50789260864258,44.204071044921875,42.01190185546875,41.617305755615234,41.617305755615234,41.617305755615234,41.617305755615234,43.011627197265625,45.607017517089844,43.27817153930664,44.55333709716797
0,-34,-95,9,39,86.83892822265625,89.8888168334961,90.91754150390625,92.96235656738281,91.4166259765625,90.55384826660156,89.47066497802734,88.1929702758789,89.89437866210938,88.54942321777344,89.44271850585938,90.37699127197266,90.87353515625,90.47099304199219,90.07774353027344,91.76055908203125,93.30059051513672,92.69843292236328,95.18928527832031,99.6242904663086,97.49871826171875,97.14422607421875,94.93682098388672,98.23441314697266,95.2732925415039,97.94386291503906,93.53608703613281,92.13034057617188,88.1929702758789,87.70974731445312,85.4400405883789,80.99382781982422,82.09750366210938,76.6093978881836,75.0,69.20259857177734,68.24954223632812,62.481998443603516,58.79625701904297,55.60575485229492,51.855567932128906,50.21951675415039,48.60041046142578,48.82622146606445,46.3249397277832,46.3249397277832,46.647613525390625,46.647613525390625,46.615447998046875,50.80354309082031,49.67897033691406,48.79549026489258
0,-35,-95,10,33,79.4040298461914,79.12016296386719,81.70679473876953,82.63776397705078,80.23091888427734,76.967529296875,80.11241912841797,80.95677947998047,78.72102355957031,80.52949523925781,78.72102355957031,78.77182006835938,81.00617218017578,81.4923324584961,80.77747344970703,81.54139709472656,81.27114868164062,84.05950164794922,81.54139709472656,84.59905242919922,83.76156616210938,85.75546264648438,86.95401000976562,85.23497009277344,89.06739044189453,86.83317565917969,85.42247772216797,82.85529327392578,80.62257385253906,77.47257232666016,74.09453582763672,72.61542510986328,72.11102294921875,66.73080444335938,66.73080444335938,59.4810905456543,57.87054443359375,53.36665725708008,51.41984176635742,49.24428939819336,47.12748718261719,45.880279541015625,46.840152740478516,41.78516387939453,40.49691390991211,39.39543151855469,40.71854782104492,43.65776062011719,42.379241943359375,43.011627197265625,45.221675872802734,46.097721099853516
0,-34,-95,9,38,85.70880889892578,88.56636047363281,87.14356231689453,90.27181243896484,86.14522552490234,88.36288452148438,88.14192962646484,87.05171203613281,88.00568389892578,86.0,88.00568389892578,88.0,88.0511245727539,87.09190368652344,90.27181243896484,90.44888305664062,91.4439697265625,90.55384826660156,93.64827728271484,93.53608703613281,92.43917083740234,94.5304183959961,92.19544219970703,91.26883697509766,94.02127075195312,91.0,91.0,88.0,88.0227279663086,84.148681640625,84.2911605834961,81.49846649169922,77.5241928100586,74.81310272216797,72.00694274902344,68.24954223632812,65.30696868896484,61.188232421875,57.27128601074219,54.12947463989258,50.48762130737305,50.48762130737305,50.35871505737305,46.27094268798828,45.09988784790039,46.04345703125,46.173583984375,45.0444221496582,47.095645904541016,48.66210174560547,49.81967544555664,48.764739990234375
0,-34,-95,10,32,76.5506362915039,78.54934692382812,79.75587463378906,81.6333236694336,79.4040298461914,79.25907135009766,78.77182006835938,76.05918884277344,76.02631378173828,75.1531753540039,76.967529296875,78.54934692382812,80.65357971191406,77.49193572998047,80.41144561767578,78.77182006835938,81.90848541259766,78.43468475341797,85.72631072998047,84.11896514892578,83.48652648925781,82.87339782714844,81.70679473876953,85.09406280517578,85.4400405883789,82.46211242675781,80.52949523925781,77.82030487060547,78.29431915283203,75.1797866821289,74.94664764404297,71.69379425048828,68.60028839111328,65.45991516113281,61.400325775146484,59.40538787841797,57.20139694213867,52.201534271240234,49.40647888183594,48.60041046142578,43.011627197265625,42.43819046020508,42.19004440307617,42.54409408569336,41.146080017089844,41.18252182006836,42.05948257446289,42.05948257446289,40.31128692626953,42.54409408569336,42.43819046020508,41.231056213378906
0,-34,-95,10,32,80.39900207519531,81.49846649169922,81.1541748046875,81.3019027709961,79.22752380371094,83.21658325195312,80.09993743896484,80.0,80.0062484741211,78.0,81.0,81.09870910644531,81.3019027709961,80.3056640625,82.2982406616211,81.3019027709961,82.49242401123047,81.39410400390625,85.84288024902344,84.71717834472656,85.47514343261719,87.20664978027344,84.38008880615234,86.46965026855469,85.05292510986328,88.00568389892578,82.0,80.0062484741211,81.05553436279297,75.1065902709961,76.32168579101562,73.43704986572266,70.45565795898438,65.4904556274414,65.11528015136719,60.530982971191406,59.03388977050781,54.918121337890625,51.195701599121094,49.81967544555664,48.83646011352539,45.7055778503418,42.296573638916016,42.42640686035156,42.01190185546875,40.199501037597656,42.01190185546875,41.19466018676758,42.10700607299805,44.40720748901367,43.73785400390625,43.416587829589844
0,-35,-95,10,32,74.73285675048828,82.9698715209961,75.18643188476562,76.24303436279297,75.96051788330078,79.30951690673828,76.5375747680664,76.89603424072266,79.12016296386719,77.16217041015625,76.15773010253906,78.92401123046875,77.87811279296875,76.967529296875,78.92401123046875,78.29431915283203,79.60527801513672,77.82030487060547,78.72102355957031,83.25863647460938,80.23091888427734,85.61541748046875,84.30895233154297,82.76472473144531,83.00602722167969,82.2800064086914,81.32035064697266,76.843994140625,76.24303436279297,73.00685119628906,73.54590606689453,69.72087097167969,65.37583923339844,65.4904556274414,65.12296295166016,58.215118408203125,55.578773498535156,53.15073013305664,51.62363815307617,48.25971221923828,44.18144226074219,43.185646057128906,42.19004440307617,44.55333709716797,41.30375289916992,40.199501037597656,39.623226165771484,40.79215621948242,38.470767974853516,42.19004440307617,41.04875183105469,42.0
0,-34,-95,9,39,87.66413116455078,92.19544219970703,89.69392395019531,91.92388153076172,88.76936340332031,90.07774353027344,89.31964874267578,90.47651672363281,91.76055908203125,88.54377746582031,88.32327270507812,90.70832061767578,90.47099304199219,90.47099304199219,92.41753387451172,91.0054931640625,94.9210205078125,90.8019790649414,97.67292022705078,95.90099334716797,97.51409912109375,97.98469543457031,92.89241027832031,97.29337310791016,97.01546478271484,95.60334777832031,92.6552734375,88.95504760742188,90.82400512695312,84.30895233154297,83.25863647460938,81.43709564208984,79.60527801513672,76.02631378173828,73.9256362915039,67.11929321289062,64.49806213378906,62.7694206237793,59.4810905456543,56.82429122924805,51.4781494140625,50.6063232421875,47.85394287109375,47.85394287109375,46.615447998046875,44.72135925292969,46.097721099853516,47.01063537597656,46.097721099853516,49.24428939819336,48.3735466003418,48.82622146606445
0,-34,-95,9,38,83.43260955810547,83.43260955810547,85.70297241210938,87.32124328613281,85.70297241210938,82.37718200683594,83.18653869628906,84.17243957519531,82.87339782714844,85.58621215820312,84.59314727783203,84.38008880615234,85.09406280517578,85.05292510986328,85.14693450927734,88.0227279663086,87.0,88.0,86.0,90.0,91.0494384765625,91.0494384765625,89.08984375,90.022216796875,88.36288452148438,88.36288452148438,86.5794448852539,86.97700500488281,84.5280990600586,83.54639434814453,77.1297607421875,78.10249328613281,74.46475982666016,69.37578582763672,68.680419921875,65.14598846435547,60.406951904296875,57.584720611572266,55.36244201660156,52.81098556518555,50.59644317626953,48.08325958251953,46.57252502441406,42.44997024536133,42.95346450805664,42.7551155090332,44.14748001098633,45.12205505371094,44.643028259277344,47.12748718261719,45.880279541015625,44.777225494384766
0,-35,-95,10,32,72.71863555908203,75.47184753417969,74.63243103027344,77.93586730957031,72.94518280029297,74.3303451538086,76.843994140625,71.84706115722656,75.0,73.10950469970703,73.87828063964844,75.82215881347656,74.96665954589844,77.10382843017578,77.8331527709961,75.66372680664062,75.66372680664062,78.51751708984375,77.15568542480469,78.51751708984375,79.20858764648438,81.32035064697266,79.24645233154297,81.32035064697266,78.51751708984375,81.56592559814453,77.6208724975586,74.81310272216797,75.45197296142578,72.20111083984375,69.63475799560547,68.26419067382812,66.24198150634766,63.50590515136719,59.50630187988281,55.94640350341797,53.23532485961914,49.658836364746094,51.88448715209961,43.46262741088867,46.14108657836914,39.824615478515625,39.4461669921875,40.804412841796875,38.01315689086914,39.408119201660156,40.0,40.0,40.31128692626953,42.72002029418945,39.357337951660156,41.62931823730469
0,-34,-95,9,38,83.77350616455078,82.46211242675781,84.30895233154297,83.00602722167969,83.38465118408203,82.2800064086914,83.21658325195312,81.59656524658203,82.2192153930664,82.00609588623047,82.2800064086914,84.89994049072266,82.97589874267578,84.92938232421875,82.76472473144531,85.90692901611328,85.32877349853516,85.5102310180664,85.32877349853516,87.4757080078125,87.86353302001953,89.05054473876953,88.0738296508789,87.86353302001953,86.83317565917969,88.05680084228516,86.02325439453125,84.43340301513672,80.99382781982422,80.05622863769531,75.7693862915039,74.73285675048828,74.24958038330078,71.11962127685547,67.11929321289062,63.52952194213867,58.66856002807617,56.4358024597168,52.77309799194336,50.11985778808594,48.30113983154297,46.51881408691406,46.51881408691406,42.95346450805664,43.08131790161133,41.231056213378906,41.231056213378906,43.08131790161133,42.154476165771484,42.95346450805664,44.29446792602539,46.3249397277832
0,-34,-95,10,32,79.60527801513672,77.02597045898438,80.77747344970703,79.64923095703125,75.66372680664062,78.03204345703125,77.89736938476562,76.32168579101562,77.38862609863281,73.7834701538086,77.38862609863281,76.83749389648438,74.65252685546875,76.69419860839844,78.24320983886719,80.72174072265625,80.72174072265625,79.8122787475586,79.93122100830078,82.2192153930664,83.24061584472656,84.81155395507812,81.05553436279297,84.95881652832031,81.4002456665039,81.4002456665039,79.61155700683594,77.38862609863281,78.54934692382812,75.47184753417969,72.44998168945312,73.82411193847656,68.0,64.88451385498047,63.56099319458008,61.84658432006836,58.30952072143555,52.201534271240234,52.92447280883789,46.81879806518555,45.31004333496094,41.231056213378906,44.72135925292969,43.416587829589844,38.587562561035156,39.96248245239258,40.24922180175781,40.8166618347168,41.62931823730469,41.62931823730469,42.154476165771484,41.761226654052734
0,-34,-95,10,32,79.2022705078125,78.00640869140625,81.56592559814453,79.02531433105469,79.02531433105469,75.92759704589844,77.33692169189453,75.82215881347656,74.96665954589844,78.49203491210938,74.24958038330078,75.66372680664062,77.98717498779297,78.64476776123047,79.39773559570312,79.8122787475586,79.5110092163086,78.64476776123047,82.00609588623047,84.64632415771484,83.48652648925781,82.97589874267578,83.48652648925781,84.2199478149414,84.2199478149414,79.90619659423828,79.24645233154297,80.05622863769531,78.8733139038086,74.65252685546875,72.80110168457031,70.43436431884766,72.94518280029297,63.51377868652344,62.68173599243164,58.52349853515625,57.42821502685547,56.859474182128906,50.11985778808594,49.24428939819336,45.486263275146484,41.617305755615234,42.20189666748047,40.607879638671875,42.01190185546875,40.0,39.20458984375,41.231056213378906,40.804412841796875,43.26661682128906,43.046485900878906,42.95346450805664
0,-34,-95,9,38,85.90692901611328,85.70297241210938,87.4757080078125,86.68333435058594,88.28363037109375,85.32877349853516,86.97700500488281,84.85281372070312,85.70880889892578,86.46965026855469,85.37564086914062,88.20430755615234,86.02325439453125,86.02325439453125,84.00595092773438,89.0,88.0227279663086,90.00555419921875,90.022216796875,94.00531768798828,91.0054931640625,93.0,91.13726043701172,94.00531768798828,91.26883697509766,88.27796936035156,89.67720031738281,87.69264221191406,84.85281372070312,85.15867614746094,80.60397338867188,79.83106994628906,75.92759704589844,71.0633544921875,69.6419448852539,66.7607650756836,61.98386764526367,59.77457809448242,55.36244201660156,51.54609680175781,51.244510650634766,45.607017517089844,49.47726821899414,44.14748001098633,44.40720748901367,43.73785400390625,44.72135925292969,46.69047164916992,47.07440948486328,47.29693603515625,47.12748718261719,45.880279541015625
0,-34,-95,9,38,84.38601684570312,84.50444030761719,85.21150207519531,87.45856475830078,86.21485137939453,85.21150207519531,86.02325439453125,84.87638092041016,84.05355072021484,85.4400405883789,84.38008880615234,86.09297180175781,86.35391998291016,86.35391998291016,85.8836441040039,89.44271850585938,87.23531341552734,88.10221099853516,89.05054473876953,91.24143981933594,92.13034057617188,92.1791763305664,90.42676544189453,91.7060546875,92.43917083740234,91.58602142333984,89.58794403076172,86.60831451416016,83.6002426147461,83.40863037109375,79.64923095703125,77.33692169189453,74.3303451538086,71.44927978515625,70.00714111328125,66.4680404663086,61.55485534667969,57.28001403808594,56.58621597290039,51.62363815307617,48.79549026489258,47.381431579589844,47.423622131347656,43.931766510009766,46.22769546508789,43.931766510009766,43.27817153930664,44.68780517578125,45.27692413330078,45.27692413330078,48.10405349731445,46.22769546508789
0,-35,-95,10,32,76.48529052734375,80.80841827392578,75.82215881347656,80.62257385253906,77.98717498779297,75.92759704589844,76.69419860839844,80.80223083496094,82.00609588623047,78.81623840332031,74.63243103027344,80.15609741210938,81.3019027709961,81.6333236694336,80.26206970214844,79.75587463378906,81.6333236694336,78.892333984375,81.98780059814453,86.09297180175781,79.92496490478516,87.92041778564453,80.4549560546875,84.90583038330078,84.59905242919922,84.87638092041016,80.60397338867188,80.43009185791016,78.4091796875,75.28611755371094,72.34638977050781,72.13875579833984,70.71067810058594,67.20863342285156,63.78087615966797,58.728187561035156,58.728187561035156,53.15073013305664,51.855567932128906,48.91830062866211,46.010868072509766,44.55333709716797,43.863426208496094,43.27817153930664,41.1096076965332,41.86884307861328,40.31128692626953,40.360870361328125,40.31128692626953,44.55333709716797,43.84062194824219,44.68780517578125
0,-34,-95,9,38,84.05355072021484,83.76156616210938,87.66413116455078,85.4400405883789,86.28441619873047,81.6333236694336,84.2199478149414,81.88406372070312,82.76472473144531,84.07734680175781,83.18653869628906,83.67198181152344,82.85529327392578,85.61541748046875,83.38465118408203,86.16263580322266,84.50444030761719,87.09190368652344,87.31552124023438,88.95504760742188,90.2496566772461,91.18113708496094,90.07774353027344,91.0,89.89994812011719,86.31338500976562,85.95928955078125,86.09297180175781,82.49242401123047,81.54139709472656,77.66595458984375,77.66595458984375,74.40430450439453,68.818603515625,67.62396240234375,64.66065216064453,61.073726654052734,56.7274169921875,53.075416564941406,50.32891845703125,48.91830062866211,46.22769546508789,47.6340217590332,40.804412841796875,43.011627197265625,44.65422821044922,43.011627197265625,43.8292121887207,44.821868896484375,44.04542922973633,44.59820556640625,45.27692413330078
0,-34,-95,9,38,87.23531341552734,84.53401947021484,87.23531341552734,87.23531341552734,87.66413116455078,85.90692901611328,86.92525482177734,86.53900909423828,83.77350616455078,87.66413116455078,85.38150024414062,87.64131164550781,84.20214080810547,85.16454315185547,83.93450164794922,89.26925659179688,85.70297241210938,87.86353302001953,88.84255981445312,91.21951293945312,92.6498794555664,90.70832061767578,92.1791763305664,93.62158203125,90.2496566772461,89.4930191040039,87.59566497802734,88.25531005859375,83.57032775878906,82.46211242675781,79.7057113647461,77.82672882080078,75.13321685791016,72.4706802368164,68.47627258300781,66.24198150634766,63.1347770690918,56.82429122924805,55.07267761230469,51.88448715209961,51.0,46.51881408691406,48.332183837890625,45.31004333496094,43.863426208496094,45.31004333496094,44.0113639831543,44.0113639831543,45.694637298583984,44.777225494384766,45.650848388671875,44.10215377807617
0,-35,-95,10,32,75.1664810180664,75.82215881347656,82.03657531738281,78.49203491210938,77.10382843017578,75.00666809082031,79.20858764648438,74.41101837158203,78.51751708984375,77.15568542480469,75.82215881347656,76.83749389648438,78.60025787353516,77.20103454589844,79.2022705078125,80.21221923828125,74.3303451538086,79.05693817138672,78.77182006835938,83.81526947021484,82.20097351074219,85.6037368774414,82.80096435546875,80.80223083496094,81.05553436279297,81.68843078613281,80.65978240966797,75.74298858642578,74.24958038330078,76.3675308227539,71.4212875366211,67.26811981201172,67.47592163085938,63.411354064941406,61.717098236083984,59.40538787841797,53.600372314453125,50.80354309082031,49.40647888183594,45.80392837524414,44.204071044921875,38.94868469238281,43.416587829589844,39.051246643066406,41.1096076965332,43.13930892944336,38.28837966918945,40.45985794067383,41.231056213378906,43.600460052490234,42.43819046020508,41.18252182006836
0,-34,-95,10,32,77.38862609863281,80.4549560546875,79.75587463378906,79.75587463378906,77.5241928100586,78.29431915283203,74.79304504394531,78.77182006835938,77.82672882080078,78.29431915283203,78.39005279541016,78.39005279541016,75.61084747314453,80.3243408203125,77.8331527709961,80.65357971191406,79.69943237304688,81.60882568359375,82.861328125,79.37883758544922,81.60882568359375,84.77027893066406,84.75848388671875,84.77027893066406,83.81526947021484,83.00602722167969,83.00602722167969,81.54139709472656,78.79086303710938,74.24958038330078,72.44998168945312,69.77105712890625,69.77105712890625,65.3681869506836,65.86349487304688,60.20797348022461,57.688819885253906,50.80354309082031,49.09175109863281,46.647613525390625,47.50789260864258,42.19004440307617,42.04759216308594,40.8166618347168,39.39543151855469,39.824615478515625,41.231056213378906,42.54409408569336,42.48529052734375,42.54409408569336,44.10215377807617,40.607879638671875
0,-34,-95,9,37,84.00595092773438,81.02468872070312,84.148681640625,81.09870910644531,82.09750366210938,79.30951690673828,80.5046615600586,78.63841247558594,79.76214599609375,79.90619659423828,82.20097351074219,80.60397338867188,80.28075408935547,78.85429382324219,81.78630828857422,82.71033477783203,80.08120727539062,85.86617279052734,85.16454315185547,88.05680084228516,87.09764862060547,89.26925659179688,86.12200927734375,87.09764862060547,85.70297241210938,85.5102310180664,81.74349975585938,82.60750579833984,79.30951690673828,77.16217041015625,77.0064926147461,76.02631378173828,72.0,67.0,66.0302963256836,63.0079345703125,59.13543701171875,54.037025451660156,52.038448333740234,50.0099983215332,48.010414123535156,44.0,44.0,41.0,42.04759216308594,43.011627197265625,42.04759216308594,43.011627197265625,44.0,44.0,44.04542922973633,43.5660400390625
0,-35,-95,10,32,76.83749389648438,76.40026092529297,74.5184555053711,80.60397338867188,76.69419860839844,79.24645233154297,79.39773559570312,75.74298858642578,72.18032836914062,75.69015502929688,79.20858764648438,74.2765121459961,75.92759704589844,76.69419860839844,75.1664810180664,80.15609741210938,79.02531433105469,77.46611785888672,79.02531433105469,80.91971588134766,82.2192153930664,82.32861328125,80.72174072265625,80.05622863769531,79.90619659423828,80.61017608642578,76.48529052734375,80.72174072265625,76.48529052734375,75.92759704589844,71.40028381347656,71.40028381347656,66.85057830810547,63.812225341796875,59.6824951171875,59.07622146606445,54.918121337890625,49.39635467529297,46.647613525390625,47.70744323730469,47.16990661621094,42.43819046020508,42.8018684387207,39.408119201660156,40.607879638671875,39.408119201660156,40.0,40.804412841796875,41.88078308105469,41.617305755615234,40.8166618347168,41.18252182006836
0,-34,-95,9,39,91.21951293945312,89.8276138305664,91.3509750366211,89.27485656738281,89.3756103515625,87.32124328613281,88.23831176757812,88.09085845947266,88.00568389892578,89.40357971191406,87.20092010498047,89.40357971191406,87.3670425415039,86.8216552734375,86.95401000976562,92.59049987792969,88.1192398071289,92.59049987792969,90.3548583984375,94.3716049194336,94.5145492553711,96.64884948730469,95.01578521728516,92.43917083740234,95.41488647460938,91.52595520019531,92.35800170898438,89.62700653076172,85.0,86.60831451416016,79.64923095703125,79.64923095703125,76.69419860839844,74.3303451538086,71.50524139404297,67.94115447998047,62.96824645996094,57.982757568359375,55.17245864868164,50.20956039428711,50.32891845703125,45.45327377319336,47.801673889160156,44.04542922973633,45.607017517089844,45.80392837524414,45.0,45.486263275146484,48.27007293701172,46.010868072509766,47.381431579589844,47.381431579589844
0,-34,-95,10,32,85.09406280517578,84.09518432617188,84.0238037109375,81.0,81.0,81.00617218017578,82.0,81.00617218017578,81.00617218017578,80.09993743896484,81.3019027709961,81.39410400390625,82.03657531738281,82.73451232910156,81.88406372070312,82.87339782714844,83.54639434814453,81.04936981201172,85.5102310180664,85.0,86.70063781738281,89.67720031738281,85.37564086914062,86.83317565917969,86.37129211425781,86.28441619873047,84.05355072021484,81.0,81.0,79.00633239746094,75.02666473388672,74.4311752319336,70.25667572021484,67.47592163085938,65.76473236083984,63.50590515136719,58.4208869934082,53.600372314453125,50.48762130737305,48.50773239135742,47.381431579589844,45.27692413330078,44.10215377807617,41.19466018676758,40.04996871948242,42.0,44.04542922973633,42.04759216308594,43.046485900878906,45.27692413330078,44.55333709716797,43.73785400390625
0,-34,-95,9,37,81.68843078613281,82.97589874267578,80.72174072265625,82.87943267822266,79.98124694824219,80.65978240966797,79.98124694824219,78.49203491210938,77.79460144042969,75.74298858642578,79.93122100830078,78.64476776123047,81.05553436279297,82.32861328125,82.46211242675781,80.28075408935547,82.80096435546875,79.2022705078125,84.20214080810547,83.6002426147461,86.21485137939453,86.68333435058594,83.09632873535156,85.2760238647461,85.04116821289062,85.6329345703125,83.4505844116211,79.93122100830078,79.24645233154297,75.1664810180664,74.02702331542969,72.00694274902344,69.20259857177734,65.21502685546875,63.24555206298828,59.07622146606445,56.859474182128906,53.823787689208984,51.03919982910156,50.21951675415039,43.26661682128906,45.0,42.63801193237305,43.27817153930664,41.231056213378906,39.824615478515625,43.27817153930664,42.01190185546875,40.607879638671875,42.8018684387207,42.72002029418945,44.777225494384766
0,-34,-95,10,31,77.69813537597656,79.25907135009766,80.52949523925781,81.00617218017578,77.02597045898438,80.13114166259766,76.15773010253906,74.70609283447266,74.6860122680664,76.967529296875,73.34848022460938,78.0,77.2528305053711,78.18567657470703,75.7693862915039,80.3243408203125,78.84795379638672,77.16217041015625,80.95677947998047,83.81526947021484,81.93289947509766,82.2800064086914,80.41144561767578,83.57032775878906,83.77350616455078,80.11241912841797,81.43709564208984,79.17701721191406,75.66372680664062,77.02597045898438,72.71863555908203,71.28113555908203,68.24221801757812,63.0079345703125,62.801273345947266,57.42821502685547,56.40035629272461,51.22499465942383,50.6063232421875,44.94440841674805,43.5660400390625,42.72002029418945,43.26661682128906,40.224369049072266,43.8292121887207,39.96248245239258,39.96248245239258,41.617305755615234,38.94868469238281,43.8292121887207,39.824615478515625,43.27817153930664
0,-34,-95,10,32,79.30951690673828,77.6208724975586,79.37883758544922,79.7057113647461,77.8331527709961,78.10890197753906,76.5375747680664,76.24303436279297,77.88452911376953,77.88452911376953,79.8122787475586,76.68767547607422,79.83106994628906,80.0624771118164,79.07591247558594,80.62257385253906,80.3056640625,79.76214599609375,82.49242401123047,83.38465118408203,81.74349975585938,84.01190185546875,82.87339782714844,84.01190185546875,82.56512451171875,82.97589874267578,81.39410400390625,79.55501556396484,75.18643188476562,76.40026092529297,74.0,73.37574768066406,65.78753662109375,65.0,60.926185607910156,62.032249450683594,56.859474182128906,53.712196350097656,50.15974426269531,46.2385139465332,48.10405349731445,42.05948257446289,44.92215347290039,42.44997024536133,41.231056213378906,39.623226165771484,39.81205749511719,40.79215621948242,41.773197174072266,42.95346450805664,43.46262741088867,42.72002029418945
0,-34,-95,9,38,88.23265075683594,89.1964111328125,91.18113708496094,90.13877868652344,91.18113708496094,88.0227279663086,88.0227279663086,88.39117431640625,86.40602111816406,87.72685241699219,89.47066497802734,87.6584243774414,87.23531341552734,87.8179931640625,86.09297180175781,89.04492950439453,91.26883697509766,91.58602142333984,91.80958557128906,92.96235656738281,94.02127075195312,95.77056121826172,93.4772720336914,93.1504135131836,91.24143981933594,90.8019790649414,90.47099304199219,90.07774353027344,85.23497009277344,86.37708282470703,79.69943237304688,79.12016296386719,77.6208724975586,72.03471374511719,69.63475799560547,68.88395690917969,63.56099319458008,60.63827133178711,54.12947463989258,51.195701599121094,52.201534271240234,49.33558654785156,49.33558654785156,43.96589660644531,42.379241943359375,44.92215347290039,45.54119110107422,45.221675872802734,46.840152740478516,48.50773239135742,48.83646011352539,48.25971221923828
0,-34,-95,10,32,79.92496490478516,79.32212829589844,78.892333984375,79.92496490478516,79.75587463378906,78.39005279541016,75.58438873291016,78.29431915283203,78.26238250732422,76.48529052734375,76.05918884277344,81.54139709472656,80.41144561767578,79.12016296386719,78.18567657470703,80.0062484741211,80.95677947998047,83.16850280761719,78.74642944335938,80.65357971191406,82.2800064086914,84.11896514892578,82.87339782714844,84.43340301513672,84.50444030761719,82.46211242675781,79.30951690673828,79.2022705078125,76.92203521728516,78.26238250732422,72.4706802368164,70.71067810058594,65.3681869506836,65.0,61.400325775146484,59.07622146606445,57.20139694213867,53.823787689208984,48.010414123535156,47.434165954589844,45.79301071166992,44.41846466064453,43.416587829589844,41.62931823730469,42.95346450805664,38.910152435302734,42.154476165771484,41.62931823730469,44.72135925292969,44.10215377807617,42.05948257446289,43.011627197265625
0,-34,-95,9,39,93.96276092529297,93.14505004882812,93.17188262939453,94.11163330078125,91.21951293945312,92.41753387451172,89.49860382080078,89.8220443725586,91.0054931640625,87.82368469238281,90.79647827148438,90.44888305664062,92.26592254638672,93.08598327636719,91.19758605957031,93.19334411621094,93.04837799072266,91.0494384765625,94.02127075195312,94.2602767944336,97.32933807373047,98.32598876953125,95.75489807128906,96.18731689453125,94.76286315917969,94.64142608642578,94.3663101196289,91.0054931640625,90.47099304199219,88.0738296508789,83.93450164794922,81.90848541259766,78.43468475341797,73.38937377929688,71.86793518066406,68.3520278930664,64.62197875976562,59.61543273925781,57.00876998901367,55.36244201660156,52.55473327636719,50.59644317626953,49.04079818725586,47.53945541381836,48.764739990234375,46.57252502441406,48.764739990234375,49.04079818725586,47.12748718261719,48.703182220458984,49.04079818725586,50.08992004394531
0,-34,-95,10,32,79.8122787475586,77.46611785888672,79.64923095703125,79.02531433105469,80.80223083496094,78.23681640625,76.843994140625,77.10382843017578,76.32168579101562,77.69813537597656,80.4549560546875,77.17512512207031,80.62257385253906,77.36924743652344,78.72102355957031,78.26238250732422,80.11241912841797,78.29431915283203,81.43709564208984,81.02468872070312,82.76472473144531,83.63013458251953,84.11896514892578,83.19255065917969,84.2199478149414,85.23497009277344,79.07591247558594,77.38862609863281,77.66595458984375,77.93586730957031,71.40028381347656,70.21395874023438,69.20259857177734,66.52819061279297,62.36986541748047,57.314918518066406,54.488529205322266,50.32891845703125,49.57822036743164,46.69047164916992,47.50789260864258,41.617305755615234,44.65422821044922,41.231056213378906,39.11521530151367,41.617305755615234,41.34005355834961,40.0,43.011627197265625,41.617305755615234,42.63801193237305,41.01219177246094
0,-35,-95,10,32,78.23681640625,75.47184753417969,79.25907135009766,82.92768096923828,78.03204345703125,76.85050201416016,76.85050201416016,77.17512512207031,76.92203521728516,76.92203521728516,76.05918884277344,74.84651184082031,78.39005279541016,78.0,78.18567657470703,80.05622863769531,78.84795379638672,77.79460144042969,77.79460144042969,79.37883758544922,84.50444030761719,83.81526947021484,79.12016296386719,82.54090118408203,82.46211242675781,83.25863647460938,80.62257385253906,79.60527801513672,78.77182006835938,73.82411193847656,67.23094177246094,70.49113464355469,65.86349487304688,63.28506851196289,61.400325775146484,59.07622146606445,54.4058837890625,53.5350341796875,49.648765563964844,48.25971221923828,44.10215377807617,44.94440841674805,42.95346450805664,37.735923767089844,42.04759216308594,40.24922180175781,40.31128692626953,41.231056213378906,38.94868469238281,43.046485900878906,40.49691390991211,43.185646057128906
0,-34,-95,10,32,79.30951690673828,75.82215881347656,83.86894226074219,75.43209075927734,82.46211242675781,76.69419860839844,82.00609588623047,75.80237579345703,75.0,78.49203491210938,74.94664764404297,76.32168579101562,76.5375747680664,76.32168579101562,76.05918884277344,77.38862609863281,78.71467590332031,80.95059967041016,81.84130859375,81.84130859375,81.00617218017578,83.6480712890625,81.4923324584961,83.24061584472656,83.21658325195312,81.60882568359375,80.44873809814453,80.80223083496094,76.6093978881836,75.92759704589844,71.58910369873047,70.29224395751953,67.47592163085938,64.44377136230469,60.95900344848633,60.14149856567383,58.051700592041016,50.20956039428711,48.79549026489258,46.69047164916992,46.69047164916992,40.45985794067383,43.416587829589844,43.931766510009766,40.607879638671875,39.20458984375,40.0,41.400482177734375,41.86884307861328,43.185646057128906,43.13930892944336,42.44997024536133
0,-34,-95,9,38,90.13877868652344,91.06591033935547,90.91754150390625,89.8888168334961,89.1852035522461,88.32327270507812,86.83317565917969,85.95928955078125,86.76404571533203,86.33075714111328,83.63013458251953,87.72685241699219,86.16263580322266,85.79627227783203,85.61541748046875,90.2496566772461,88.54377746582031,89.1964111328125,90.13877868652344,92.35800170898438,91.0,93.40770721435547,91.78779602050781,91.54779815673828,91.28527069091797,91.23595428466797,89.005615234375,88.6848373413086,83.72574615478516,83.52843475341797,79.61155700683594,76.27581787109375,76.02631378173828,70.60453033447266,67.62396240234375,64.66065216064453,61.717098236083984,56.85068130493164,52.63079071044922,52.63079071044922,49.81967544555664,47.20169448852539,47.20169448852539,43.600460052490234,44.10215377807617,46.3249397277832,44.41846466064453,45.27692413330078,47.434165954589844,45.0,45.27692413330078,46.66904830932617
0,-34,-95,10,32,81.54139709472656,80.77747344970703,85.70297241210938,85.09406280517578,82.46211242675781,80.65357971191406,81.90848541259766,77.79460144042969,78.33900451660156,78.58753204345703,77.6208724975586,80.60397338867188,81.39410400390625,79.62411499023438,79.24645233154297,78.08969116210938,79.6303939819336,80.8949966430664,82.60750579833984,85.0,85.5102310180664,86.14522552490234,82.37718200683594,84.01190185546875,86.4927749633789,82.76472473144531,81.4923324584961,79.12016296386719,79.12016296386719,78.74642944335938,76.5506362915039,70.22820281982422,69.6419448852539,64.62197875976562,62.64982223510742,59.09314727783203,57.27128601074219,52.39274597167969,49.24428939819336,43.46262741088867,46.615447998046875,43.382022857666016,45.54119110107422,42.379241943359375,42.72002029418945,41.231056213378906,41.48493576049805,42.05948257446289,40.16217041015625,43.46262741088867,44.72135925292969,42.54409408569336
0,-34,-95,10,32,82.15229797363281,80.26206970214844,84.59905242919922,78.54934692382812,83.21658325195312,78.49203491210938,77.69813537597656,80.44873809814453,80.21221923828125,79.8122787475586,76.05918884277344,79.20858764648438,79.20858764648438,79.90619659423828,78.49203491210938,81.32035064697266,80.72174072265625,81.32035064697266,82.73451232910156,83.48652648925781,82.03657531738281,86.27861785888672,84.95881652832031,84.148681640625,86.27861785888672,82.2192153930664,81.83519744873047,78.4091796875,78.24320983886719,76.02631378173828,72.42237091064453,70.45565795898438,72.40165710449219,65.86349487304688,63.28506851196289,59.53990173339844,57.688819885253906,52.839378356933594,50.6063232421875,47.434165954589844,50.2493782043457,47.16990661621094,45.0,41.617305755615234,44.204071044921875,39.824615478515625,40.607879638671875,43.600460052490234,43.416587829589844,43.26661682128906,41.88078308105469,42.05948257446289
0,-34,-95,8,42,92.39588928222656,90.25519561767578,94.76286315917969,90.25519561767578,92.77930450439453,86.70063781738281,88.36288452148438,88.36288452148438,87.14356231689453,88.14192962646484,86.14522552490234,88.0,88.0,87.00574493408203,87.02298736572266,89.20201873779297,86.20904541015625,91.0494384765625,90.3548583984375,92.26592254638672,91.13726043701172,95.18928527832031,94.02127075195312,93.08598327636719,91.0,90.0,89.05054473876953,90.0888442993164,84.2140121459961,84.2140121459961,79.6303939819336,79.5110092163086,76.94153594970703,72.00694274902344,69.23149871826172,67.08203887939453,61.392181396484375,58.24946212768555,56.29387283325195,50.990196228027344,51.788028717041016,47.381431579589844,48.25971221923828,44.18144226074219,45.09988784790039,45.0444221496582,46.04345703125,46.010868072509766,46.173583984375,49.36598205566406,48.05205535888672,48.764739990234375
0,-35,-95,10,32,83.19255065917969,81.84130859375,81.88406372070312,83.63013458251953,82.73451232910156,79.15807342529297,85.8836441040039,81.4923324584961,79.75587463378906,77.69813537597656,76.85050201416016,77.93586730957031,81.84130859375,81.4002456665039,79.8122787475586,80.80223083496094,84.81155395507812,81.21575927734375,82.32861328125,85.6037368774414,87.41853332519531,84.05355072021484,81.4002456665039,85.21150207519531,86.53323364257812,84.05950164794922,81.00617218017578,78.892333984375,81.39410400390625,76.47875213623047,75.7693862915039,71.58910369873047,70.38465881347656,63.5688591003418,64.19501495361328,60.406951904296875,56.61272048950195,52.81098556518555,48.383880615234375,46.48655700683594,46.615447998046875,42.72002029418945,47.53945541381836,44.72135925292969,42.154476165771484,42.04759216308594,43.382022857666016,44.384681701660156,43.46262741088867,42.379241943359375,47.434165954589844,42.44997024536133
0,-34,-95,9,38,90.8019790649414,91.7060546875,91.78779602050781,92.61209106445312,92.61209106445312,88.63971710205078,90.62008666992188,88.0227279663086,86.72946166992188,89.1964111328125,89.1964111328125,88.54377746582031,86.40023040771484,86.40023040771484,86.58522033691406,90.24411010742188,86.4927749633789,89.26925659179688,88.6453628540039,92.57429504394531,90.8019790649414,92.96235656738281,94.3716049194336,93.62158203125,91.21403503417969,90.8019790649414,88.23265075683594,89.1964111328125,84.75848388671875,85.23497009277344,80.23091888427734,81.02468872070312,75.64390563964844,73.79024505615234,70.21395874023438,65.76473236083984,63.631752014160156,58.66856002807617,56.35601043701172,51.0,50.990196228027344,47.92702865600586,47.53945541381836,44.0113639831543,47.75981521606445,46.48655700683594,46.840152740478516,48.703182220458984,46.2385139465332,48.84669876098633,47.423622131347656,47.16990661621094
0,-34,-95,8,42,93.53608703613281,92.34716796875,91.13726043701172,94.2602767944336,93.26306915283203,91.13726043701172,90.19977569580078,87.14356231689453,88.0511245727539,86.0,89.0,87.14356231689453,87.14356231689453,87.14356231689453,87.28115844726562,88.36288452148438,89.35882568359375,89.27485656738281,90.79647827148438,92.34716796875,91.13726043701172,95.08417510986328,92.13577270507812,94.33981323242188,90.04998779296875,91.0,91.02197265625,87.14356231689453,84.148681640625,84.2911605834961,81.61495208740234,80.23091888427734,76.48529052734375,70.8307876586914,69.12307739257812,66.4906005859375,63.06346130371094,55.31726837158203,53.36665725708008,51.41984176635742,50.0099983215332,49.81967544555664,48.50773239135742,48.50773239135742,45.39823913574219,46.27094268798828,45.27692413330078,46.27094268798828,45.54119110107422,47.67599105834961,48.50773239135742,48.703182220458984
0,-34,-95,9,38,85.38150024414062,88.54377746582031,87.36132049560547,89.8109130859375,84.77027893066406,87.09190368652344,84.89994049072266,82.0,79.83106994628906,81.58431243896484,82.37718200683594,83.86298370361328,81.61495208740234,80.62257385253906,81.49846649169922,83.38465118408203,84.2140121459961,83.2946548461914,86.02325439453125,85.14693450927734,85.14693450927734,88.27796936035156,86.37129211425781,85.28775024414062,85.47514343261719,84.71717834472656,85.15867614746094,81.58431243896484,80.80841827392578,77.87811279296875,76.15773010253906,74.21590423583984,70.60453033447266,66.7607650756836,65.45991516113281,60.728904724121094,57.93962478637695,53.75872039794922,51.54609680175781,52.49761962890625,45.54119110107422,46.57252502441406,43.17406463623047,44.14748001098633,43.73785400390625,41.773197174072266,43.416587829589844,42.7551155090332,43.931766510009766,44.14748001098633,44.643028259277344,44.94440841674805
0,-34,-95,10,32,78.54934692382812,80.15609741210938,81.84130859375,83.21658325195312,79.61155700683594,77.38862609863281,80.44873809814453,81.4002456665039,78.00640869140625,78.24320983886719,75.28611755371094,78.24320983886719,76.69419860839844,80.61017608642578,76.5767593383789,78.51751708984375,80.62257385253906,78.51751708984375,81.3449478149414,79.90619659423828,80.62257385253906,82.73451232910156,79.93122100830078,83.4505844116211,82.87943267822266,81.39410400390625,79.64923095703125,78.4091796875,72.80110168457031,75.21302795410156,70.1783447265625,70.72481536865234,69.97142028808594,66.24198150634766,63.50590515136719,60.90156173706055,58.18075180053711,53.66563034057617,47.01063537597656,45.617977142333984,43.416587829589844,42.72002029418945,43.8292121887207,40.804412841796875,42.43819046020508,40.0,42.43819046020508,41.04875183105469,38.832977294921875,42.43819046020508,39.824615478515625,42.54409408569336
0,-34,-95,10,32,81.0,81.00617218017578,82.0,81.0,81.0,80.0,79.05693817138672,79.15807342529297,78.31346893310547,76.2364730834961,76.2364730834961,78.51751708984375,77.27871704101562,78.77182006835938,78.26238250732422,81.78630828857422,79.30951690673828,76.68767547607422,80.04998779296875,83.6779556274414,82.56512451171875,81.02468872070312,77.46611785888672,81.58431243896484,82.03657531738281,80.8949966430664,76.65507507324219,75.53807067871094,77.3175277709961,75.1664810180664,76.0,73.06161499023438,66.0,64.0078125,62.0,61.0,57.314918518066406,49.04079818725586,50.08992004394531,46.04345703125,44.18144226074219,44.0,41.01219177246094,42.04759216308594,39.051246643066406,40.01249694824219,40.112342834472656,40.04996871948242,41.01219177246094,42.01190185546875,41.04875183105469,41.43669891357422
0,-34,-95,9,38,92.76313781738281,92.09777069091797,92.45539093017578,92.76313781738281,92.19544219970703,89.3756103515625,88.09085845947266,87.45856475830078,86.83317565917969,86.83892822265625,86.83892822265625,87.09190368652344,86.28441619873047,87.132080078125,86.95401000976562,85.95928955078125,89.06739044189453,86.35391998291016,90.3548583984375,90.78546142578125,90.42676544189453,91.78779602050781,90.91754150390625,90.42676544189453,91.06591033935547,90.73587799072266,90.42676544189453,87.41853332519531,86.60831451416016,82.80096435546875,82.61961364746094,78.10249328613281,77.33692169189453,73.66138458251953,69.3108901977539,65.85590362548828,64.35060119628906,57.28001403808594,57.28001403808594,53.81449508666992,48.83646011352539,48.166378021240234,47.6340217590332,44.68780517578125,44.40720748901367,44.204071044921875,43.600460052490234,47.6340217590332,46.86149978637695,48.166378021240234,46.66904830932617,46.69047164916992
0,-34,-95,9,38,87.28115844726562,88.54377746582031,89.1964111328125,88.86506652832031,88.23265075683594,86.97700500488281,87.66413116455078,84.30895233154297,83.93450164794922,83.77350616455078,84.69356536865234,84.5813217163086,81.84130859375,82.76472473144531,82.76472473144531,84.59905242919922,84.38008880615234,86.45230102539062,85.75546264648438,88.5098876953125,86.95401000976562,89.55445098876953,90.42676544189453,89.1852035522461,89.005615234375,87.6584243774414,85.86617279052734,85.08818817138672,80.62257385253906,80.23091888427734,75.27283477783203,74.94664764404297,72.42237091064453,70.3420181274414,66.94026947021484,64.03124237060547,58.94064712524414,54.5710563659668,52.88667297363281,49.47726821899414,46.840152740478516,46.48655700683594,46.81879806518555,45.54119110107422,43.65776062011719,43.08131790161133,43.08131790161133,43.08131790161133,44.59820556640625,44.271888732910156,44.643028259277344,45.7055778503418
0,-34,-95,9,37,86.53900909423828,86.00581359863281,88.56636047363281,88.23831176757812,86.40602111816406,87.72685241699219,88.10221099853516,82.2982406616211,82.2982406616211,81.88406372070312,85.8836441040039,84.59905242919922,83.00602722167969,81.3019027709961,81.83519744873047,84.05355072021484,85.0,82.4196548461914,88.00568389892578,89.8109130859375,87.41853332519531,87.20092010498047,85.70297241210938,88.7524642944336,88.5098876953125,87.98295593261719,83.52843475341797,82.49242401123047,83.24061584472656,78.26238250732422,79.62411499023438,75.58438873291016,72.49827575683594,69.46221923828125,67.06713104248047,62.032249450683594,61.032779693603516,55.36244201660156,54.120235443115234,51.54609680175781,48.10405349731445,47.92702865600586,43.863426208496094,47.01063537597656,44.72135925292969,42.95346450805664,42.94182205200195,44.72135925292969,44.0113639831543,45.880279541015625,44.271888732910156,45.35416030883789
0,-34,-95,8,42,94.11163330078125,91.92388153076172,96.7729263305664,94.11163330078125,95.33625030517578,91.0054931640625,91.0054931640625,89.05054473876953,89.62700653076172,89.44271850585938,87.4757080078125,88.1192398071289,89.5600357055664,88.45903015136719,85.47514343261719,90.0888442993164,90.0888442993164,92.0869140625,93.00537872314453,95.02104949951172,93.13430786132812,94.00531768798828,93.19334411621094,93.26306915283203,91.54779815673828,91.78779602050781,89.80534362792969,92.22798156738281,87.29833984375,86.4927749633789,82.0,81.02468872070312,78.10249328613281,72.53275299072266,70.88018035888672,69.2603759765625,63.90618133544922,58.18934631347656,58.18934631347656,52.81098556518555,52.49761962890625,49.72926712036133,50.695167541503906,47.29693603515625,44.14748001098633,45.89117431640625,44.9110221862793,48.83646011352539,48.27007293701172,46.840152740478516,45.880279541015625,47.53945541381836
0,-34,-95,10,31,77.66595458984375,81.84130859375,82.20097351074219,84.31488800048828,81.60882568359375,78.81623840332031,76.6093978881836,75.80237579345703,74.63243103027344,77.89736938476562,76.5767593383789,77.23341369628906,75.66372680664062,77.15568542480469,75.00666809082031,77.077880859375,75.66372680664062,75.66372680664062,77.89736938476562,79.39773559570312,81.46778869628906,81.32035064697266,80.62257385253906,78.56844329833984,81.32035064697266,80.62257385253906,78.64476776123047,77.33692169189453,78.8733139038086,73.87828063964844,70.21395874023438,70.0,67.67569732666016,63.812225341796875,62.96824645996094,60.0333251953125,57.80138397216797,51.97114562988281,48.87739944458008,47.50789260864258,46.3249397277832,45.486263275146484,41.04875183105469,40.0,40.0,39.66106414794922,40.607879638671875,38.60051727294922,40.224369049072266,40.49691390991211,41.34005355834961,42.95346450805664
0,-34,-95,9,38,93.53608703613281,93.05912017822266,92.1791763305664,93.53608703613281,92.57429504394531,89.89437866210938,92.59049987792969,88.56636047363281,89.47066497802734,88.23831176757812,86.53900909423828,88.39117431640625,86.03487396240234,87.92041778564453,87.59566497802734,88.8875732421875,87.64131164550781,87.64131164550781,89.02246856689453,88.05680084228516,89.1852035522461,93.30059051513672,89.1852035522461,90.8019790649414,91.7060546875,89.53770446777344,89.8888168334961,86.92525482177734,86.00581359863281,85.0,83.63013458251953,78.29431915283203,77.02597045898438,72.56031799316406,71.34423828125,68.26419067382812,63.51377868652344,59.6824951171875,58.52349853515625,54.08327102661133,52.15361785888672,50.6063232421875,49.24428939819336,45.650848388671875,46.51881408691406,45.617977142333984,45.18849563598633,46.52956008911133,47.41307830810547,46.14108657836914,47.70744323730469,47.20169448852539
0,-34,-95,10,31,80.0062484741211,80.0,84.0238037109375,78.0,82.0,80.0,81.09870910644531,77.10382843017578,79.30951690673828,77.3175277709961,80.62257385253906,77.5241928100586,77.10382843017578,77.27871704101562,75.70997619628906,76.29547882080078,78.33900451660156,78.33900451660156,79.8122787475586,79.30951690673828,80.80841827392578,78.58753204345703,81.25269317626953,79.55501556396484,79.62411499023438,80.23091888427734,80.80841827392578,76.79192352294922,75.66372680664062,75.53807067871094,70.25667572021484,71.11258697509766,70.25667572021484,66.06814575195312,64.0078125,59.03388977050781,56.0,54.08327102661133,51.009803771972656,47.0,48.041648864746094,45.17742919921875,45.39823913574219,42.10700607299805,40.199501037597656,39.623226165771484,39.623226165771484,43.416587829589844,40.112342834472656,42.19004440307617,43.0,41.0
0,-34,-95,9,38,89.8276138305664,92.6552734375,89.27485656738281,94.06912231445312,91.28527069091797,90.55384826660156,88.5268325805664,87.86353302001953,87.1148681640625,86.05230712890625,86.05230712890625,86.02325439453125,86.83892822265625,85.44589233398438,85.21150207519531,85.14693450927734,87.132080078125,87.132080078125,88.5098876953125,90.21086120605469,87.92041778564453,92.6498794555664,88.48163604736328,90.73587799072266,90.44335174560547,90.44335174560547,87.80091094970703,84.20214080810547,86.05230712890625,80.91971588134766,79.98124694824219,79.90619659423828,74.95331573486328,72.83543395996094,67.94115447998047,67.89698028564453,63.03173828125,60.30754470825195,55.973209381103516,53.90732955932617,49.57822036743164,48.79549026489258,46.66904830932617,47.381431579589844,46.66904830932617,45.27692413330078,46.66904830932617,46.66904830932617,45.96738052368164,47.381431579589844,47.50789260864258,46.04345703125
0,-34,-95,10,32,83.81526947021484,85.44589233398438,86.53323364257812,84.62860107421875,85.23497009277344,81.54139709472656,81.54139709472656,78.54934692382812,82.68010711669922,79.25907135009766,82.36504364013672,80.05622863769531,80.49844360351562,82.2982406616211,81.39410400390625,82.85529327392578,79.47956085205078,79.30951690673828,80.77747344970703,82.46211242675781,81.43709564208984,86.40602111816406,84.5813217163086,86.40602111816406,84.5280990600586,82.73451232910156,80.05622863769531,82.76472473144531,78.892333984375,78.03204345703125,74.625732421875,74.625732421875,72.11102294921875,67.20118713378906,65.6048812866211,62.00806427001953,62.00806427001953,54.64430618286133,52.63079071044922,50.6063232421875,48.60041046142578,43.416587829589844,45.0,45.486263275146484,40.0,43.416587829589844,42.01190185546875,41.231056213378906,43.26661682128906,43.8292121887207,43.416587829589844,43.13930892944336
0,-34,-95,10,31,80.3243408203125,75.27283477783203,83.38465118408203,81.93289947509766,80.99382781982422,77.2528305053711,76.15773010253906,79.47956085205078,74.84651184082031,76.05918884277344,73.34848022460938,72.4706802368164,76.5375747680664,71.69379425048828,73.9256362915039,77.02597045898438,76.5506362915039,77.02597045898438,76.5506362915039,77.17512512207031,76.32168579101562,77.69813537597656,78.03204345703125,80.99382781982422,80.13114166259766,78.77182006835938,76.47875213623047,78.72102355957031,74.32361602783203,72.49827575683594,71.51223754882812,70.57620239257812,69.28924560546875,62.64183807373047,60.728904724121094,56.32051086425781,56.75385284423828,51.41984176635742,50.28916549682617,46.57252502441406,47.801673889160156,41.43669891357422,42.72002029418945,38.897300720214844,39.560081481933594,39.560081481933594,37.6961555480957,40.804412841796875,40.49691390991211,39.84971618652344,39.293766021728516,41.43669891357422
0,-34,-95,9,38,88.23831176757812,90.13877868652344,88.61715698242188,89.64373779296875,89.3756103515625,87.32124328613281,89.3756103515625,87.1148681640625,86.45230102539062,84.17243957519531,84.17243957519531,84.148681640625,83.48652648925781,84.17243957519531,82.87943267822266,86.45230102539062,85.14693450927734,83.24061584472656,86.05230712890625,87.32124328613281,88.09085845947266,88.61715698242188,86.55634307861328,87.32124328613281,88.5268325805664,89.27485656738281,87.0,83.4505844116211,82.134033203125,81.46778869628906,79.39773559570312,78.10249328613281,75.43209075927734,71.21797180175781,68.60028839111328,65.6048812866211,63.24555206298828,59.07622146606445,58.24946212768555,54.64430618286133,49.92995071411133,48.010414123535156,45.607017517089844,46.40043258666992,43.931766510009766,43.931766510009766,43.27817153930664,45.607017517089844,45.80392837524414,44.65422821044922,46.3249397277832,45.617977142333984
0,-34,-95,9,38,89.26925659179688,92.19544219970703,93.17188262939453,94.3663101196289,89.8220443725586,90.70832061767578,90.02777099609375,86.68333435058594,88.45903015136719,85.0,88.1192398071289,84.59314727783203,87.3670425415039,87.20664978027344,86.28441619873047,87.09190368652344,88.09085845947266,85.05292510986328,89.0,92.0,91.13726043701172,90.0888442993164,87.09190368652344,90.00555419921875,91.13726043701172,91.26883697509766,88.81441497802734,85.98837280273438,86.14522552490234,84.34452819824219,82.56512451171875,78.85429382324219,76.15773010253906,71.84010314941406,70.88018035888672,68.15423583984375,63.60031509399414,59.4810905456543,59.4810905456543,54.708316802978516,51.92301940917969,50.447994232177734,49.04079818725586,49.47726821899414,47.85394287109375,45.35416030883789,47.07440948486328,46.3249397277832,45.880279541015625,46.48655700683594,46.48655700683594,47.01063537597656
0,-34,-95,9,40,96.04686737060547,95.2575454711914,98.24967956542969,98.12747192382812,98.24967956542969,93.19334411621094,97.62171936035156,94.64142608642578,92.9139404296875,94.76286315917969,94.42987060546875,93.05912017822266,92.22798156738281,90.42676544189453,91.0054931640625,95.56673431396484,91.21403503417969,93.40770721435547,93.40770721435547,95.88013458251953,95.60334777832031,96.84007263183594,97.74456787109375,97.08243560791016,96.8813705444336,94.72592163085938,92.76313781738281,94.20191192626953,89.10667419433594,89.67720031738281,86.37129211425781,86.37129211425781,82.38932037353516,81.22191619873047,74.1080322265625,73.02738952636719,69.02897644042969,64.03124237060547,62.00806427001953,57.0,57.07889175415039,53.15073013305664,55.081756591796875,52.15361785888672,49.497474670410156,49.36598205566406,51.4781494140625,52.239830017089844,52.038448333740234,52.0,50.0099983215332,50.35871505737305
0,-34,-95,10,32,86.09297180175781,89.0,90.0,89.0,89.0,87.0,88.0,85.0,84.00595092773438,81.0,83.0,83.15046691894531,83.21658325195312,82.38932037353516,83.38465118408203,84.48076629638672,84.01190185546875,82.73451232910156,87.132080078125,84.01190185546875,86.70063781738281,88.81441497802734,86.37129211425781,87.57283020019531,88.20430755615234,88.09085845947266,87.05171203613281,83.05419921875,81.0,80.0,78.10249328613281,76.05918884277344,73.33484649658203,70.45565795898438,67.47592163085938,63.50590515136719,62.169124603271484,57.87054443359375,54.7448616027832,52.611785888671875,50.635955810546875,49.497474670410156,48.25971221923828,45.39823913574219,46.27094268798828,44.18144226074219,44.18144226074219,46.27094268798828,45.17742919921875,47.51841735839844,46.097721099853516,46.173583984375
0,-34,-95,10,33,85.61541748046875,87.09190368652344,89.8109130859375,88.60022735595703,86.03487396240234,84.15461730957031,84.50444030761719,84.48076629638672,82.861328125,81.04319763183594,82.9698715209961,82.46211242675781,82.0,80.80841827392578,81.78630828857422,83.02409362792969,84.71717834472656,80.7527084350586,86.97700500488281,85.58621215820312,85.98837280273438,88.45903015136719,81.74349975585938,88.6848373413086,87.132080078125,84.34452819824219,82.87339782714844,83.19855499267578,83.9523696899414,79.07591247558594,77.36924743652344,78.33900451660156,79.37883758544922,68.680419921875,71.7844009399414,66.73080444335938,60.406951904296875,55.71355438232422,55.02726745605469,54.4058837890625,50.32891845703125,50.96076965332031,46.097721099853516,47.12748718261719,42.44997024536133,44.9110221862793,47.85394287109375,45.35416030883789,45.880279541015625,45.607017517089844,44.0113639831543,46.097721099853516
0,-34,-95,10,34,86.76981353759766,88.1192398071289,89.06739044189453,91.30169677734375,89.1852035522461,88.6848373413086,87.46427917480469,86.60831451416016,85.23497009277344,84.90583038330078,85.98255920410156,85.14693450927734,84.40379333496094,87.20092010498047,85.0,84.20214080810547,85.42832946777344,84.81155395507812,87.96590423583984,86.68333435058594,88.40814208984375,90.27181243896484,85.6037368774414,87.45856475830078,88.23265075683594,86.60831451416016,86.02325439453125,82.37718200683594,84.90583038330078,80.77747344970703,77.5241928100586,77.89736938476562,75.59100341796875,72.89718627929688,70.68238830566406,65.30696868896484,62.2414665222168,58.30952072143555,56.859474182128906,54.625999450683594,52.39274597167969,50.08992004394531,47.41307830810547,47.88528060913086,46.06517028808594,44.29446792602539,45.650848388671875,45.17742919921875,46.957427978515625,49.76947021484375,45.880279541015625,48.383880615234375
0,-34,-95,9,40,99.00505065917969,99.00505065917969,103.27632904052734,99.7045669555664,101.83319854736328,97.67292022705078,101.13851928710938,94.11163330078125,95.58765411376953,97.18538665771484,95.7757797241211,95.2680435180664,96.21330261230469,95.8018798828125,94.20191192626953,98.47334289550781,94.30270385742188,97.41663360595703,98.47842407226562,98.18350219726562,97.08243560791016,100.68763732910156,98.47334289550781,98.47334289550781,98.81295776367188,97.80081939697266,96.40020751953125,97.45255279541016,92.09777069091797,94.2602767944336,87.78382873535156,88.39117431640625,84.148681640625,80.65978240966797,77.23341369628906,75.00666809082031,71.58910369873047,66.60330200195312,63.12685775756836,60.95900344848633,58.79625701904297,55.17245864868164,56.56854248046875,53.037723541259766,52.345008850097656,53.740116119384766,52.32590103149414,53.75872039794922,53.075416564941406,54.5618896484375,51.855567932128906,53.25410842895508
0,-34,-95,10,34,93.05912017822266,88.45903015136719,93.64827728271484,88.6848373413086,93.77099609375,87.46427917480469,87.14356231689453,87.20664978027344,88.20430755615234,88.09085845947266,86.20904541015625,86.09297180175781,85.09406280517578,86.0,84.0,87.05171203613281,86.20904541015625,87.02298736572266,85.21150207519531,89.20201873779297,90.27181243896484,90.13877868652344,89.02246856689453,88.0,90.0,88.0227279663086,85.0058822631836,87.09190368652344,83.15046691894531,84.2911605834961,76.41989135742188,78.51751708984375,76.65507507324219,72.56031799316406,70.21395874023438,68.06614685058594,63.06346130371094,58.46366500854492,56.75385284423828,51.788028717041016,53.93514633178711,48.50773239135742,50.635955810546875,47.51841735839844,47.26520919799805,48.166378021240234,47.16990661621094,47.26520919799805,49.648765563964844,48.764739990234375,48.27007293701172,48.10405349731445
0,-34,-95,9,41,97.52947998046875,99.72462463378906,99.6242904663086,99.04039764404297,101.53324890136719,100.28459167480469,97.80081939697266,94.86833190917969,97.71898651123047,94.57801055908203,93.98403930664062,94.5409927368164,96.66436767578125,94.42987060546875,95.85405731201172,95.75489807128906,97.94896697998047,94.81033325195312,98.41239929199219,96.17691802978516,100.17984008789062,100.17984008789062,97.50897216796875,99.7296371459961,99.80982208251953,99.00505065917969,98.79270935058594,94.57801055908203,93.6375961303711,90.75791931152344,88.8875732421875,86.12781524658203,84.40379333496094,80.52328491210938,78.26238250732422,71.0633544921875,69.63475799560547,64.13267517089844,62.96824645996094,59.43904495239258,57.27128601074219,55.54277801513672,53.851646423339844,53.851646423339844,52.201534271240234,50.28916549682617,52.49761962890625,52.88667297363281,51.6623649597168,54.34151077270508,52.611785888671875,55.3263053894043
0,-34,-95,10,35,89.04492950439453,85.75546264648438,91.06591033935547,91.06591033935547,90.04998779296875,84.72307586669922,89.55445098876953,87.70974731445312,86.76981353759766,86.76981353759766,87.20664978027344,86.31338500976562,85.08818817138672,85.08818817138672,82.85529327392578,88.39117431640625,85.09406280517578,86.37708282470703,88.54377746582031,90.47651672363281,90.47651672363281,91.76055908203125,91.18113708496094,91.18113708496094,88.63971710205078,86.40602111816406,83.67198181152344,88.10221099853516,83.19255065917969,83.18653869628906,78.39005279541016,77.89736938476562,73.82411193847656,71.02112579345703,70.49113464355469,69.3397445678711,61.85466766357422,58.600341796875,56.035701751708984,52.430908203125,53.5350341796875,47.70744323730469,50.11985778808594,46.3249397277832,47.88528060913086,44.777225494384766,46.14108657836914,46.957427978515625,47.50789260864258,46.87216567993164,47.801673889160156,46.86149978637695
0,-35,-95,10,36,99.72462463378906,100.60317993164062,101.27191162109375,103.09703826904297,101.43470764160156,102.1077880859375,99.63935089111328,98.15293884277344,97.32420349121094,96.50906372070312,99.68952178955078,96.7729263305664,98.76234436035156,96.16651916503906,97.1236343383789,97.71898651123047,99.36800384521484,96.4624252319336,102.18121337890625,102.78618621826172,103.4069595336914,102.45974731445312,99.32774353027344,105.0047607421875,100.57833099365234,101.53324890136719,97.52947998046875,97.98469543457031,96.7729263305664,92.41753387451172,91.21951293945312,88.1192398071289,84.17243957519531,79.6303939819336,78.4091796875,74.81310272216797,71.56814575195312,66.37017059326172,61.52235412597656,60.67124557495117,54.58937454223633,57.070133209228516,53.15073013305664,53.600372314453125,55.31726837158203,50.21951675415039,51.6623649597168,53.36665725708008,54.34151077270508,57.070133209228516,55.3263053894043,56.080299377441406
0,-35,-95,10,37,100.5683822631836,105.34230041503906,100.5683822631836,104.9952392578125,100.90093994140625,104.177734375,99.95999145507812,102.31813049316406,97.86214447021484,97.16995239257812,101.13357543945312,97.94896697998047,99.76472473144531,100.64790344238281,100.64790344238281,100.7223892211914,101.71037292480469,98.97979736328125,103.24727630615234,103.94229125976562,103.83159637451172,107.35455322265625,101.11874389648438,105.30906677246094,102.0,100.64790344238281,98.41239929199219,97.57561492919922,96.93296813964844,93.62158203125,92.69843292236328,89.1964111328125,86.97700500488281,81.90848541259766,79.8122787475586,72.12489318847656,71.84010314941406,67.05221557617188,62.64183807373047,60.4400520324707,55.36244201660156,55.02726745605469,54.08327102661133,54.7813835144043,51.62363815307617,52.39274597167969,54.230987548828125,52.92447280883789,54.230987548828125,54.424259185791016,54.424259185791016,55.54277801513672
0,-35,-95,10,37,99.68952178955078,102.83968353271484,100.43903350830078,102.83968353271484,101.41498565673828,101.63660430908203,99.46356201171875,100.0199966430664,100.80674743652344,98.65596771240234,99.46356201171875,100.28459167480469,97.73944854736328,98.73196411132812,99.60923767089844,100.24469757080078,102.12247467041016,96.13011932373047,101.07917785644531,102.17631530761719,103.23758697509766,104.30723571777344,102.70345306396484,104.3886947631836,101.83319854736328,98.85848236083984,101.27191162109375,96.50906372070312,95.52486419677734,90.42676544189453,92.19544219970703,87.32124328613281,84.20214080810547,81.04319763183594,80.65357971191406,72.12489318847656,68.94925689697266,65.55150604248047,62.297672271728516,59.13543701171875,56.32051086425781,54.5710563659668,53.36665725708008,53.36665725708008,51.788028717041016,51.788028717041016,52.77309799194336,51.97114562988281,53.36665725708008,54.4058837890625,54.708316802978516,56.080299377441406
0,-35,-95,10,36,96.17691802978516,95.2575454711914,102.85912322998047,101.53324890136719,98.38699340820312,97.08243560791016,97.50897216796875,94.93682098388672,96.7729263305664,95.07891082763672,97.16995239257812,96.3846435546875,98.68130493164062,96.76776123046875,97.40636444091797,96.76776123046875,98.49365234375,97.41663360595703,99.72462463378906,101.13851928710938,99.32774353027344,100.57833099365234,99.29753112792969,101.19288635253906,99.95999145507812,99.02020263671875,94.33981323242188,94.5409927368164,93.62158203125,91.78779602050781,85.90692901611328,88.1192398071289,83.18653869628906,78.39005279541016,76.32168579101562,72.56031799316406,69.97142028808594,63.51377868652344,61.057350158691406,55.56977462768555,53.33854293823242,53.23532485961914,51.0,50.990196228027344,49.76947021484375,49.76947021484375,48.84669876098633,51.4781494140625,52.32590103149414,54.58937454223633,53.33854293823242,53.25410842895508
0,-35,-95,10,36,94.15412902832031,94.15412902832031,99.36800384521484,94.70480346679688,98.79270935058594,94.57801055908203,95.5196304321289,95.18928527832031,91.39474487304688,95.50916290283203,94.25497436523438,93.40770721435547,93.62158203125,92.41753387451172,91.21951293945312,95.52486419677734,93.21480560302734,96.50906372070312,96.33794403076172,99.29753112792969,96.10411071777344,97.67292022705078,97.29337310791016,99.63935089111328,95.8018798828125,94.5938720703125,90.70832061767578,92.1791763305664,88.8875732421875,89.84430694580078,84.75848388671875,81.93289947509766,79.47956085205078,78.39005279541016,72.23572540283203,69.7782211303711,68.94200134277344,59.93329620361328,58.30952072143555,53.851646423339844,52.55473327636719,51.865211486816406,50.59644317626953,48.383880615234375,48.764739990234375,48.50773239135742,47.29693603515625,49.24428939819336,50.0,50.9215087890625,50.56678771972656,51.0
0,-35,-95,10,37,98.60020446777344,100.60317993164062,101.60708618164062,101.82828521728516,100.43903350830078,101.40019989013672,99.86490631103516,99.5690689086914,98.18350219726562,99.02020263671875,98.47842407226562,99.4786376953125,99.84988403320312,98.97979736328125,98.97979736328125,98.84330749511719,100.64790344238281,99.29753112792969,105.11898040771484,103.7545166015625,103.353759765625,103.76897430419922,102.88343048095703,104.23531341552734,101.3558120727539,99.98500061035156,99.12618255615234,97.09788513183594,96.51942443847656,94.62557983398438,89.20201873779297,87.45856475830078,84.64632415771484,81.56592559814453,77.23341369628906,72.91776275634766,70.00714111328125,65.85590362548828,61.55485534667969,59.41380310058594,55.973209381103516,54.20331954956055,53.413482666015625,55.0,49.09175109863281,51.312767028808594,51.312767028808594,54.64430618286133,51.61395263671875,54.81787872314453,54.5618896484375,53.75872039794922
0,-35,-95,10,36,97.6370849609375,97.6524429321289,97.20082092285156,101.25709533691406,99.6242904663086,96.60745239257812,96.83490753173828,94.20191192626953,95.42536163330078,96.54014587402344,95.2680435180664,95.01578521728516,96.2081069946289,98.41239929199219,97.08243560791016,96.17691802978516,96.16651916503906,96.93812561035156,101.11874389648438,100.41912078857422,101.98039245605469,102.59142303466797,97.83660125732422,99.90495300292969,100.2646484375,98.08159637451172,97.20082092285156,92.41753387451172,92.6552734375,89.58794403076172,86.60831451416016,88.6848373413086,81.98780059814453,79.17701721191406,76.92203521728516,72.91776275634766,69.35416412353516,64.40496826171875,59.50630187988281,55.94640350341797,54.5618896484375,52.35456085205078,49.73931884765625,49.92995071411133,49.09175109863281,49.648765563964844,51.62363815307617,51.62363815307617,50.2493782043457,52.35456085205078,52.39274597167969,51.62363815307617
0,-35,-95,10,36,95.4620361328125,98.84330749511719,99.7296371459961,101.55294036865234,97.49359130859375,100.17984008789062,97.49359130859375,96.17691802978516,97.04637908935547,97.24710845947266,95.29428100585938,97.24710845947266,96.5660400390625,97.41663360595703,97.6370849609375,98.73702239990234,99.04544067382812,96.79875946044922,104.04325866699219,101.51354217529297,101.54801940917969,103.77379608154297,98.1121826171875,102.21546173095703,99.36296844482422,99.76472473144531,97.98979187011719,94.3716049194336,95.4620361328125,92.30926513671875,87.66413116455078,84.75848388671875,81.27114868164062,80.65357971191406,77.88452911376953,72.53275299072266,68.24954223632812,63.348243713378906,60.41522979736328,58.46366500854492,54.5710563659668,52.88667297363281,51.244510650634766,48.383880615234375,49.04079818725586,48.10405349731445,49.39635467529297,52.201534271240234,50.9215087890625,52.201534271240234,53.36665725708008,54.58937454223633
0,-35,-95,10,36,94.03190612792969,94.33981323242188,94.62557983398438,98.18350219726562,93.81364440917969,93.23089599609375,90.8019790649414,92.20086669921875,90.60353088378906,90.90654754638672,92.19544219970703,91.43850708007812,92.76313781738281,92.6552734375,90.52071380615234,92.6336898803711,94.84724426269531,94.06912231445312,94.84724426269531,96.93812561035156,98.2903823852539,96.87621307373047,96.2081069946289,97.59098052978516,96.26006317138672,95.01578521728516,92.95697784423828,90.27181243896484,89.49860382080078,86.05230712890625,82.80096435546875,83.23461151123047,78.23681640625,75.47184753417969,71.34423828125,67.74215698242188,65.51335906982422,60.90156173706055,56.080299377441406,55.226806640625,51.312767028808594,48.010414123535156,50.447994232177734,47.01063537597656,46.22769546508789,46.097721099853516,46.097721099853516,46.097721099853516,49.81967544555664,49.20365905761719,49.40647888183594,49.24428939819336
0,-35,-95,10,36,93.04837799072266,94.0,94.02127075195312,96.02082824707031,94.00531768798828,93.00537872314453,93.26306915283203,92.26592254638672,90.19977569580078,89.35882568359375,92.26592254638672,92.43917083740234,92.6552734375,93.90420532226562,92.9139404296875,94.9210205078125,94.14881896972656,92.76313781738281,95.34149169921875,97.08243560791016,94.9210205078125,96.8813705444336,93.05912017822266,98.15293884277344,94.5304183959961,95.42536163330078,92.43917083740234,88.20430755615234,88.20430755615234,84.09518432617188,84.0,83.0,79.00633239746094,76.10519409179688,73.17103576660156,68.4689712524414,66.75328063964844,59.41380310058594,56.56854248046875,53.15073013305664,51.088157653808594,49.04079818725586,46.010868072509766,47.01063537597656,46.173583984375,45.0111083984375,48.093658447265625,47.26520919799805,48.0,48.093658447265625,47.16990661621094,48.83646011352539
0,-35,-95,10,36,93.5574722290039,93.62158203125,96.31718444824219,95.12622833251953,96.54014587402344,95.34149169921875,96.84007263183594,92.72000885009766,89.84430694580078,91.0933609008789,93.96276092529297,93.92018127441406,93.6375961303711,93.04837799072266,91.18113708496094,95.4620361328125,93.94147491455078,93.77632904052734,96.17691802978516,96.25486755371094,97.16995239257812,99.00505065917969,96.93296813964844,99.72462463378906,96.13532257080078,97.08243560791016,94.25497436523438,93.14505004882812,89.73851013183594,85.61541748046875,83.36066436767578,82.37718200683594,80.60397338867188,75.80237579345703,73.55270385742188,67.36467742919922,65.12296295166016,60.074954986572266,57.21887969970703,53.23532485961914,50.2493782043457,49.497474670410156,48.66210174560547,48.27007293701172,47.29693603515625,45.35416030883789,46.3249397277832,49.24428939819336,47.29693603515625,51.62363815307617,49.36598205566406,49.01020431518555
0,-35,-95,9,40,98.08159637451172,97.26766967773438,99.68952178955078,99.20181274414062,95.56673431396484,94.3663101196289,97.08243560791016,94.3663101196289,95.52486419677734,94.04785919189453,94.72592163085938,93.05912017822266,92.77930450439453,95.88534545898438,94.42987060546875,97.18538665771484,95.13148498535156,98.24967956542969,96.13011932373047,98.18350219726562,100.17984008789062,101.31633758544922,98.50888061523438,99.50376892089844,97.16481018066406,97.49359130859375,95.7078857421875,94.14881896972656,89.26925659179688,89.73851013183594,85.16454315185547,85.4400405883789,82.861328125,76.5506362915039,75.3923110961914,70.22820281982422,66.30987548828125,60.926185607910156,60.008331298828125,57.00876998901367,53.48831558227539,49.648765563964844,50.28916549682617,48.764739990234375,49.47726821899414,48.27007293701172,48.50773239135742,48.764739990234375,50.28916549682617,49.97999572753906,49.24428939819336,50.6063232421875
0,-35,-95,9,41,95.42536163330078,96.33275604248047,100.4987564086914,98.41239929199219,97.86725616455078,93.4344711303711,96.7470932006836,94.76286315917969,92.6552734375,93.21480560302734,92.96235656738281,93.62158203125,93.62158203125,95.33625030517578,94.11163330078125,95.88013458251953,95.81753540039062,93.60555267333984,97.71898651123047,97.80081939697266,99.20181274414062,101.39033508300781,97.74456787109375,100.68763732910156,99.68952178955078,97.08243560791016,94.3663101196289,93.21480560302734,89.67720031738281,89.80534362792969,86.46965026855469,84.09518432617188,83.00602722167969,77.0064926147461,75.05997467041016,69.0,65.0076904296875,60.008331298828125,59.00847244262695,55.03635025024414,53.0,51.03919982910156,49.36598205566406,47.26520919799805,48.25971221923828,49.36598205566406,47.381431579589844,49.162994384765625,49.25444030761719,49.01020431518555,49.01020431518555,49.162994384765625
0,-35,-95,11,30,86.45230102539062,88.5268325805664,87.96590423583984,87.96590423583984,86.68333435058594,84.38601684570312,85.91275024414062,82.32861328125,82.46211242675781,82.4196548461914,84.87638092041016,80.77747344970703,82.85529327392578,83.63013458251953,80.62257385253906,83.6480712890625,84.07734680175781,83.19255065917969,85.90692901611328,86.35391998291016,89.69392395019531,89.94442749023438,85.0,88.10221099853516,88.1929702758789,84.38008880615234,81.83519744873047,82.4196548461914,81.84130859375,78.60025787353516,75.60423278808594,74.63243103027344,70.93659210205078,68.24954223632812,67.26811981201172,60.30754470825195,60.20797348022461,50.93132781982422,52.49761962890625,50.32891845703125,48.91830062866211,44.204071044921875,38.832977294921875,41.400482177734375,44.10215377807617,42.19004440307617,42.54409408569336,42.43819046020508,40.804412841796875,45.45327377319336,42.01190185546875,45.96738052368164
0,-35,-95,11,29,85.86617279052734,83.63013458251953,85.42247772216797,85.8836441040039,85.0,82.3468246459961,84.5813217163086,78.29431915283203,81.43709564208984,81.1541748046875,83.38465118408203,81.3449478149414,80.65357971191406,78.74642944335938,81.25269317626953,81.32035064697266,85.86617279052734,81.4923324584961,83.43260955810547,85.4400405883789,88.23265075683594,86.68333435058594,82.54090118408203,86.40023040771484,85.38150024414062,85.09406280517578,81.54139709472656,81.02468872070312,81.02468872070312,75.58438873291016,71.58910369873047,72.56031799316406,69.83551788330078,68.26419067382812,66.2872543334961,58.8217658996582,58.24946212768555,52.69725036621094,48.54894256591797,44.10215377807617,44.65422821044922,43.26661682128906,42.04759216308594,40.71854782104492,42.48529052734375,42.05948257446289,41.231056213378906,42.48529052734375,43.8292121887207,41.18252182006836,42.43819046020508,42.63801193237305
0,-35,-95,10,32,77.38862609863281,80.23091888427734,82.46211242675781,79.84986114501953,78.0,80.23091888427734,77.87811279296875,75.23961639404297,75.7693862915039,77.79460144042969,78.44743347167969,73.49829864501953,75.96051788330078,76.15773010253906,78.10249328613281,78.64476776123047,78.26238250732422,76.29547882080078,80.80841827392578,80.28075408935547,79.12016296386719,82.0,80.52328491210938,79.30951690673828,79.8122787475586,81.90848541259766,75.96051788330078,75.27283477783203,74.84651184082031,72.49827575683594,68.94200134277344,70.66116333007812,66.64083099365234,63.1347770690918,58.66856002807617,56.82429122924805,56.93856430053711,48.87739944458008,48.3735466003418,44.94440841674805,43.8292121887207,39.824615478515625,41.146080017089844,35.35533905029297,40.31128692626953,39.39543151855469,38.4837646484375,38.07886505126953,40.70626449584961,40.70626449584961,39.11521530151367,40.0
0,-34,-95,9,38,91.80958557128906,91.80958557128906,94.62557983398438,93.74433135986328,92.0869140625,91.26335144042969,92.80086517333984,88.81441497802734,88.60022735595703,87.32124328613281,88.23831176757812,87.32124328613281,87.96590423583984,88.5268325805664,90.60904693603516,90.55384826660156,91.24143981933594,89.8276138305664,94.04785919189453,94.04785919189453,94.79451751708984,95.52486419677734,92.09777069091797,94.17536926269531,93.08598327636719,91.67878723144531,89.40357971191406,87.6584243774414,86.53323364257812,82.92768096923828,79.75587463378906,78.54934692382812,76.94153594970703,71.11962127685547,69.7782211303711,63.976558685302734,63.158531188964844,57.775428771972656,54.625999450683594,55.03635025024414,47.92702865600586,48.30113983154297,46.647613525390625,46.14108657836914,45.79301071166992,44.41846466064453,45.486263275146484,46.52956008911133,45.17742919921875,46.615447998046875,46.2385139465332,46.57252502441406
0,-34,-95,9,38,93.0,94.04785919189453,97.0,93.02149963378906,93.0,91.0,92.0,90.00555419921875,91.0054931640625,89.14033508300781,89.08984375,89.45389556884766,88.45903015136719,87.69264221191406,86.70063781738281,90.25519561767578,90.42676544189453,91.4111557006836,89.62700653076172,92.39588928222656,92.9139404296875,92.9139404296875,92.77930450439453,92.07062530517578,92.77930450439453,92.26592254638672,89.05054473876953,88.0511245727539,86.00581359863281,85.0,81.00617218017578,81.09870910644531,76.41989135742188,72.44308471679688,71.44927978515625,67.47592163085938,62.3939094543457,58.4208869934082,55.44366455078125,51.244510650634766,50.35871505737305,48.041648864746094,48.041648864746094,46.010868072509766,46.010868072509766,46.0,47.01063537597656,46.173583984375,47.095645904541016,48.166378021240234,46.52956008911133,48.08325958251953
0,-35,-95,10,32,82.00609588623047,85.21150207519531,82.6619644165039,83.23461151123047,80.80223083496094,84.90583038330078,82.20097351074219,79.6303939819336,76.27581787109375,76.15773010253906,75.29276275634766,77.82030487060547,76.94153594970703,78.72102355957031,80.95059967041016,76.05918884277344,81.93900299072266,74.73285675048828,83.93450164794922,81.85963439941406,81.39410400390625,83.19255065917969,78.79086303710938,83.67198181152344,82.76472473144531,82.76472473144531,76.32168579101562,78.03204345703125,79.4040298461914,71.28113555908203,70.80254364013672,71.40028381347656,65.94694519042969,63.25345993041992,62.481998443603516,58.898216247558594,58.79625701904297,50.20956039428711,48.91830062866211,49.67897033691406,43.185646057128906,46.69047164916992,40.607879638671875,41.231056213378906,40.224369049072266,38.01315689086914,40.607879638671875,43.416587829589844,40.607879638671875,42.52058410644531,42.42640686035156,42.52058410644531
0,-34,-95,9,39,87.66413116455078,88.10221099853516,91.0,89.47066497802734,89.05054473876953,88.14192962646484,85.49269104003906,85.08818817138672,82.46211242675781,84.50444030761719,87.09190368652344,83.48652648925781,84.11896514892578,82.861328125,82.56512451171875,85.16454315185547,85.61541748046875,84.64632415771484,88.5268325805664,89.49860382080078,88.05680084228516,88.05680084228516,87.36132049560547,90.2496566772461,88.86506652832031,85.09406280517578,83.93450164794922,81.54139709472656,80.11241912841797,79.62411499023438,77.82030487060547,76.02631378173828,72.4706802368164,68.60028839111328,65.51335906982422,63.812225341796875,60.74536895751953,56.035701751708984,52.69725036621094,50.477718353271484,47.70744323730469,46.647613525390625,45.650848388671875,43.8292121887207,45.17742919921875,42.95346450805664,43.8292121887207,43.8292121887207,44.777225494384766,45.486263275146484,45.0,44.68780517578125
0,-34,-95,9,38,90.52071380615234,90.8019790649414,96.4624252319336,92.04889678955078,92.04889678955078,89.5600357055664,89.4930191040039,88.54377746582031,86.33075714111328,86.37708282470703,86.72946166992188,86.53900909423828,86.53900909423828,85.49269104003906,83.77350616455078,86.31338500976562,85.95928955078125,86.76981353759766,89.06739044189453,90.3548583984375,89.89994812011719,92.13577270507812,89.89994812011719,90.37699127197266,91.28527069091797,88.76936340332031,87.66413116455078,86.97700500488281,83.81526947021484,83.16850280761719,77.36924743652344,76.40026092529297,73.75635528564453,71.58910369873047,68.24954223632812,66.0984115600586,61.98386764526367,57.706153869628906,54.58937454223633,50.990196228027344,49.81967544555664,47.85394287109375,47.29693603515625,45.880279541015625,43.680660247802734,45.35416030883789,46.57252502441406,45.880279541015625,46.87216567993164,48.66210174560547,46.27094268798828,48.010414123535156
0,-35,-95,10,32,82.76472473144531,80.62257385253906,83.52843475341797,83.86298370361328,82.36504364013672,81.4923324584961,81.12335968017578,77.5241928100586,76.32168579101562,78.23043060302734,76.27581787109375,77.93586730957031,75.0,74.65252685546875,74.20242309570312,78.24320983886719,76.69419860839844,78.24320983886719,76.69419860839844,77.8331527709961,79.02531433105469,81.21575927734375,79.02531433105469,78.8733139038086,81.4002456665039,80.21221923828125,76.00657653808594,79.32212829589844,75.29276275634766,74.79304504394531,68.96376037597656,68.47627258300781,67.5351791381836,60.41522979736328,61.84658432006836,58.30952072143555,54.625999450683594,52.201534271240234,47.01063537597656,45.694637298583984,43.382022857666016,43.382022857666016,44.72135925292969,40.70626449584961,39.4461669921875,41.59326934814453,42.04759216308594,43.90899658203125,41.18252182006836,42.48529052734375,42.379241943359375,41.48493576049805
0,-34,-95,9,39,93.77632904052734,95.63471984863281,96.13532257080078,98.4327163696289,93.77632904052734,94.70480346679688,92.4770278930664,90.2496566772461,88.60022735595703,88.86506652832031,89.1852035522461,87.64131164550781,86.83317565917969,86.83317565917969,88.76936340332031,87.09764862060547,87.66413116455078,85.70297241210938,90.09439849853516,89.62700653076172,92.41753387451172,93.17188262939453,89.05054473876953,91.59148406982422,90.47099304199219,90.52071380615234,88.86506652832031,86.97700500488281,84.15461730957031,81.3449478149414,79.84986114501953,76.55716705322266,75.58438873291016,73.34848022460938,70.21395874023438,64.41273498535156,63.52952194213867,59.03388977050781,56.82429122924805,53.66563034057617,50.11985778808594,49.658836364746094,47.92702865600586,47.92702865600586,47.16990661621094,45.694637298583984,46.615447998046875,48.46648406982422,49.24428939819336,48.30113983154297,49.73931884765625,50.0
0,-34,-95,10,33,88.39117431640625,90.52071380615234,91.21951293945312,91.93476104736328,88.41380310058594,89.10667419433594,89.14033508300781,84.8646011352539,84.2199478149414,83.48652648925781,80.72174072265625,82.46211242675781,83.40863037109375,84.0238037109375,81.60882568359375,82.20097351074219,81.27114868164062,79.32212829589844,87.6584243774414,84.62860107421875,84.0238037109375,86.60831451416016,82.80096435546875,85.70297241210938,86.40023040771484,85.42832946777344,85.70297241210938,80.65978240966797,79.98124694824219,78.56844329833984,79.20858764648438,74.5184555053711,73.66138458251953,67.47592163085938,66.21932983398438,61.073726654052734,59.46427536010742,52.345008850097656,51.7397346496582,46.75468063354492,47.50789260864258,46.097721099853516,45.25483322143555,42.42640686035156,45.25483322143555,41.01219177246094,44.55333709716797,46.66904830932617,46.66904830932617,46.66904830932617,46.75468063354492,44.10215377807617
0,-34,-95,9,40,101.2422866821289,100.96038818359375,104.8093490600586,103.09219360351562,100.28459167480469,98.97979736328125,98.08159637451172,96.5660400390625,94.3716049194336,95.33625030517578,92.1791763305664,93.62158203125,93.94147491455078,93.38094329833984,91.4111557006836,94.20191192626953,92.77930450439453,92.6552734375,95.52486419677734,95.52486419677734,96.02603912353516,97.86725616455078,96.33794403076172,96.17691802978516,97.86214447021484,95.12622833251953,93.17188262939453,91.4439697265625,89.26925659179688,86.12781524658203,81.90848541259766,85.070556640625,80.3243408203125,75.61084747314453,71.51223754882812,69.07966613769531,67.11929321289062,60.926185607910156,58.30952072143555,56.30275344848633,55.02726745605469,53.16013717651367,53.16013717651367,50.28916549682617,50.0,50.695167541503906,52.63079071044922,54.120235443115234,54.08327102661133,52.55473327636719,55.94640350341797,54.58937454223633
0,-34,-95,9,41,104.8093490600586,107.78682708740234,106.79419708251953,108.77959442138672,104.58011627197266,102.59142303466797,103.81714630126953,100.84146118164062,100.28459167480469,97.16481018066406,98.15293884277344,96.69022369384766,97.67292022705078,97.74456787109375,95.33625030517578,96.4624252319336,98.37174224853516,94.25497436523438,97.73944854736328,98.08159637451172,99.92997741699219,101.19288635253906,97.41663360595703,98.37174224853516,99.20181274414062,99.72462463378906,97.52947998046875,95.33625030517578,90.70832061767578,88.0738296508789,86.68333435058594,84.5280990600586,83.18653869628906,78.08969116210938,75.95393371582031,72.69112396240234,66.48307800292969,63.50590515136719,58.694122314453125,57.87054443359375,54.5710563659668,54.34151077270508,52.63079071044922,51.92301940917969,52.49761962890625,51.54609680175781,54.4058837890625,55.081756591796875,54.34151077270508,56.88584899902344,57.55866622924805,58.07753372192383
0,-34,-95,10,35,97.73944854736328,96.7470932006836,97.51409912109375,100.60317993164062,96.87621307373047,97.01546478271484,95.63471984863281,93.53608703613281,93.77099609375,91.3509750366211,92.19544219970703,93.13430786132812,91.0494384765625,88.00568389892578,89.0,88.0,92.0869140625,87.09190368652344,91.0878677368164,91.0878677368164,91.0878677368164,92.0869140625,90.00555419921875,91.13726043701172,91.0054931640625,92.0,90.0,86.02325439453125,84.05355072021484,81.05553436279297,80.3056640625,76.16429901123047,74.3303451538086,69.58448028564453,68.59300231933594,63.639610290527344,59.84145736694336,57.55866622924805,54.33230972290039,53.15073013305664,48.093658447265625,48.010414123535156,48.0,48.0,49.04079818725586,48.0,49.01020431518555,51.009803771972656,50.0,53.037723541259766,51.244510650634766,53.15073013305664
0,-35,-95,10,35,97.86214447021484,98.47842407226562,100.12991333007812,102.59142303466797,98.47842407226562,99.04039764404297,97.86214447021484,96.8813705444336,95.90099334716797,92.57429504394531,91.4111557006836,90.09439849853516,89.80534362792969,89.5600357055664,88.45903015136719,90.0888442993164,92.02173614501953,88.0511245727539,91.02197265625,93.02149963378906,91.19758605957031,94.04785919189453,90.19977569580078,93.13430786132812,89.5600357055664,91.66242218017578,88.81441497802734,86.14522552490234,83.02409362792969,82.20097351074219,79.83106994628906,76.48529052734375,72.03471374511719,71.30918884277344,68.4105224609375,63.60031509399414,62.09669876098633,56.61272048950195,53.600372314453125,50.447994232177734,50.0099983215332,48.66210174560547,49.36598205566406,46.389652252197266,50.08992004394531,48.166378021240234,49.09175109863281,50.2493782043457,51.4781494140625,53.93514633178711,52.88667297363281,53.48831558227539
0,-35,-95,10,36,101.3558120727539,101.0197982788086,103.77379608154297,105.68821716308594,102.72779846191406,101.78899383544922,100.95543670654297,98.73702239990234,95.13148498535156,93.81364440917969,95.01578521728516,95.29428100585938,97.04637908935547,93.471923828125,94.3716049194336,94.84724426269531,94.15412902832031,92.61209106445312,95.07891082763672,94.93682098388672,97.04637908935547,95.2732925415039,93.91485595703125,96.66436767578125,94.3716049194336,93.4772720336914,91.78779602050781,90.55384826660156,86.60831451416016,83.00602722167969,82.09750366210938,78.23681640625,75.80237579345703,68.818603515625,67.00746154785156,65.0,63.0079345703125,57.14017868041992,55.75840759277344,54.08327102661133,49.648765563964844,48.87739944458008,47.88528060913086,47.423622131347656,49.24428939819336,50.08992004394531,49.19349670410156,50.537113189697266,52.32590103149414,54.58937454223633,54.08327102661133,54.20331954956055
0,-35,-95,10,37,103.16007232666016,105.36128234863281,109.11003875732422,111.01801300048828,109.11003875732422,104.12012481689453,103.44564056396484,102.88343048095703,100.0,100.88111877441406,99.6242904663086,97.86214447021484,97.30878448486328,96.3846435546875,94.15412902832031,99.92497253417969,94.84724426269531,98.0866928100586,99.31767272949219,99.74467468261719,99.4032211303711,101.23734283447266,100.84642028808594,98.48857879638672,96.3846435546875,93.6375961303711,96.13532257080078,92.72000885009766,88.8875732421875,87.36132049560547,82.76472473144531,77.87811279296875,77.27871704101562,73.34848022460938,69.87130737304688,64.93843078613281,63.95310592651367,56.08921432495117,54.34151077270508,51.92301940917969,51.6623649597168,48.383880615234375,48.703182220458984,47.75981521606445,47.92702865600586,47.01063537597656,51.4781494140625,51.62363815307617,53.851646423339844,55.02726745605469,52.88667297363281,53.600372314453125
0,-35,-95,10,37,99.63935089111328,103.09703826904297,102.59142303466797,104.39348602294922,102.42070007324219,102.1077880859375,99.29753112792969,97.16481018066406,97.32420349121094,94.5409927368164,94.9210205078125,96.31718444824219,92.6498794555664,94.3716049194336,93.14505004882812,93.68030548095703,94.5568618774414,91.76055908203125,94.5568618774414,94.25497436523438,94.64142608642578,96.3016128540039,93.86160278320312,96.3016128540039,96.04686737060547,92.19544219970703,90.60904693603516,88.45903015136719,85.98837280273438,81.88406372070312,79.4040298461914,79.4040298461914,74.24284362792969,71.11258697509766,66.00757598876953,61.20457458496094,58.00862121582031,55.081756591796875,49.162994384765625,47.26520919799805,48.50773239135742,46.87216567993164,47.53945541381836,44.14748001098633,44.92215347290039,45.607017517089844,47.12748718261719,50.447994232177734,49.47726821899414,50.635955810546875,51.35172653198242,53.037723541259766
0,-35,-95,10,36,100.64790344238281,103.76897430419922,102.85912322998047,105.11898040771484,101.96568298339844,101.51847076416016,101.98039245605469,101.98039245605469,100.17984008789062,97.94896697998047,98.88377380371094,96.25486755371094,96.5660400390625,97.41663360595703,94.87360382080078,94.33981323242188,92.9139404296875,91.52595520019531,94.30270385742188,94.87360382080078,97.09788513183594,98.27003479003906,94.33981323242188,96.25486755371094,95.18928527832031,95.01578521728516,92.13034057617188,91.23595428466797,86.33075714111328,85.90692901611328,79.47956085205078,78.54934692382812,75.61084747314453,71.7844009399414,68.00735473632812,63.5688591003418,57.87054443359375,53.45091247558594,53.141319274902344,48.46648406982422,45.694637298583984,45.18849563598633,47.01063537597656,44.65422821044922,45.486263275146484,46.04345703125,49.648765563964844,48.3735466003418,50.11985778808594,52.32590103149414,50.990196228027344,52.201534271240234
0,-35,-95,10,35,98.88377380371094,99.98500061035156,101.54801940917969,101.212646484375,101.71037292480469,98.41239929199219,97.75479888916016,95.52486419677734,96.25486755371094,96.3846435546875,95.01578521728516,93.19334411621094,93.19334411621094,92.35800170898438,91.26335144042969,91.02197265625,90.8019790649414,91.40021514892578,94.02127075195312,93.08598327636719,93.81364440917969,94.20191192626953,90.44335174560547,91.60785675048828,93.4772720336914,90.42676544189453,86.09297180175781,84.72307586669922,81.98780059814453,81.41252899169922,77.36924743652344,76.48529052734375,75.1531753540039,66.85057830810547,66.128662109375,60.74536895751953,55.36244201660156,52.0,49.39635467529297,45.617977142333984,43.90899658203125,42.19004440307617,42.72002029418945,43.26661682128906,42.20189666748047,43.416587829589844,46.40043258666992,46.40043258666992,46.87216567993164,48.87739944458008,49.24428939819336,51.26402282714844
0,-35,-95,10,35,100.28459167480469,99.32774353027344,101.83319854736328,100.68763732910156,100.57833099365234,99.45853424072266,99.45853424072266,95.60334777832031,95.88013458251953,94.5568618774414,95.81753540039062,95.18928527832031,92.69843292236328,91.54779815673828,92.4770278930664,92.4770278930664,93.23089599609375,91.54779815673828,91.28527069091797,91.54779815673828,94.33981323242188,97.14422607421875,92.11405944824219,92.4770278930664,89.8109130859375,90.13877868652344,87.36132049560547,85.86617279052734,83.6779556274414,79.83106994628906,78.26238250732422,74.81310272216797,71.70076751708984,68.35934448242188,66.27216339111328,59.21148681640625,56.22277069091797,52.46903991699219,47.381431579589844,43.416587829589844,43.17406463623047,41.48493576049805,42.72002029418945,41.43669891357422,40.49691390991211,42.154476165771484,45.31004333496094,44.0113639831543,46.48655700683594,48.08325958251953,49.24428939819336,49.36598205566406
0,-35,-95,9,40,105.68821716308594,104.9571304321289,108.22661590576172,108.75660705566406,107.37783813476562,102.92716217041016,103.77379608154297,102.92716217041016,102.39628601074219,102.57679748535156,98.48857879638672,100.64790344238281,99.7296371459961,97.94386291503906,97.98979187011719,97.98979187011719,99.00505065917969,96.25486755371094,100.84642028808594,99.00505065917969,98.89894104003906,99.80982208251953,98.84330749511719,97.16995239257812,95.7078857421875,95.7131118774414,92.1791763305664,90.04998779296875,87.98295593261719,85.23497009277344,81.54139709472656,80.44873809814453,75.7165756225586,70.60453033447266,67.00746154785156,62.801273345947266,59.203041076660156,54.81787872314453,49.40647888183594,49.73931884765625,45.27692413330078,45.17742919921875,43.863426208496094,44.94440841674805,45.31004333496094,44.59820556640625,45.880279541015625,48.08325958251953,50.32891845703125,52.39274597167969,52.35456085205078,51.865211486816406
0,-34,-95,9,40,102.12247467041016,107.04204559326172,105.0428466796875,109.11461639404297,105.07616424560547,102.07839965820312,104.01922607421875,101.0197982788086,101.0197982788086,99.0,100.00499725341797,98.12747192382812,100.12492370605469,98.18350219726562,98.18350219726562,98.32598876953125,98.73196411132812,95.2575454711914,98.85848236083984,97.86725616455078,101.40019989013672,98.32598876953125,96.25486755371094,99.2471694946289,97.25225067138672,97.02061462402344,92.0,89.05054473876953,88.09085845947266,83.05419921875,85.28775024414062,79.30951690673828,75.32595825195312,71.56814575195312,66.61080932617188,62.64982223510742,59.03388977050781,54.451812744140625,51.4781494140625,50.35871505737305,44.04542922973633,46.010868072509766,42.10700607299805,44.40720748901367,43.416587829589844,42.57933807373047,45.7055778503418,47.67599105834961,48.66210174560547,50.2493782043457,48.010414123535156,51.088157653808594
0,-34,-95,9,40,101.07422637939453,99.29753112792969,105.19029998779297,103.76897430419922,103.353759765625,100.18482971191406,101.96568298339844,97.52947998046875,98.88377380371094,97.94896697998047,99.12618255615234,98.79270935058594,96.79875946044922,96.25486755371094,94.33981323242188,97.90811920166016,96.40020751953125,96.83490753173828,97.41663360595703,98.47334289550781,96.51942443847656,98.18350219726562,95.71833801269531,97.90811920166016,96.5660400390625,95.52486419677734,92.66067504882812,89.89437866210938,86.31338500976562,82.76472473144531,79.7057113647461,75.3923110961914,74.09453582763672,72.11102294921875,68.00735473632812,63.90618133544922,57.245086669921875,53.141319274902344,51.865211486816406,45.694637298583984,45.18849563598633,42.54409408569336,41.88078308105469,40.49691390991211,41.88078308105469,42.72002029418945,44.40720748901367,44.204071044921875,48.25971221923828,50.2493782043457,47.01063537597656,48.46648406982422
0,-34,-95,9,40,101.59232330322266,105.9480972290039,103.09219360351562,107.56393432617188,101.59232330322266,105.0047607421875,102.18121337890625,100.5683822631836,100.24469757080078,97.71898651123047,99.92997741699219,98.08159637451172,99.45853424072266,98.95453643798828,97.26766967773438,96.7729263305664,99.46356201171875,94.5938720703125,100.80674743652344,98.27003479003906,99.45853424072266,101.6513671875,96.3016128540039,99.20181274414062,97.41663360595703,98.08159637451172,94.9210205078125,89.31964874267578,89.69392395019531,85.61541748046875,82.76472473144531,79.15807342529297,75.59100341796875,72.06941223144531,68.47627258300781,64.49806213378906,58.830265045166016,55.94640350341797,48.3735466003418,49.648765563964844,43.382022857666016,46.2385139465332,42.72002029418945,41.761226654052734,41.48493576049805,42.20189666748047,42.95346450805664,45.607017517089844,45.607017517089844,47.434165954589844,46.81879806518555,47.41307830810547
0,-34,-95,10,33,90.66973114013672,90.66973114013672,89.94442749023438,92.77930450439453,89.80534362792969,88.6848373413086,88.95504760742188,88.81441497802734,89.10667419433594,88.28363037109375,87.86353302001953,87.55569458007812,88.5268325805664,87.80091094970703,86.83317565917969,87.09190368652344,88.05680084228516,87.09190368652344,89.5600357055664,89.9888916015625,90.70832061767578,90.70832061767578,89.49860382080078,90.2496566772461,89.8220443725586,88.45903015136719,84.71717834472656,84.59314727783203,80.39900207519531,77.23341369628906,74.06078338623047,73.02738952636719,70.0,66.0302963256836,63.071388244628906,57.03507614135742,56.035701751708984,51.009803771972656,47.01063537597656,44.0,41.0,39.11521530151367,38.11823654174805,35.22782897949219,35.693138122558594,36.13862228393555,38.07886505126953,39.051246643066406,40.607879638671875,39.81205749511719,41.43669891357422,42.04759216308594
0,-34,-95,9,39,94.08506774902344,94.13288116455078,98.41239929199219,98.24967956542969,98.24967956542969,95.2575454711914,98.12747192382812,96.42095184326172,95.18928527832031,96.6281509399414,93.90420532226562,93.05912017822266,93.38094329833984,93.5574722290039,91.4111557006836,97.67292022705078,94.5938720703125,95.34149169921875,95.34149169921875,96.54014587402344,98.27003479003906,97.67292022705078,97.49359130859375,98.65596771240234,95.88534545898438,94.76286315917969,93.19334411621094,91.13726043701172,88.0511245727539,87.00574493408203,83.0,80.0062484741211,78.10249328613281,73.10950469970703,70.45565795898438,67.36467742919922,63.639610290527344,56.32051086425781,52.46903991699219,47.26520919799805,47.16990661621094,43.011627197265625,42.0,41.01219177246094,40.04996871948242,40.112342834472656,41.19466018676758,41.1096076965332,41.04875183105469,45.0444221496582,44.0,43.104522705078125
0,-34,-95,10,32,84.34452819824219,83.36066436767578,84.92938232421875,85.5102310180664,83.54639434814453,83.54639434814453,83.74365997314453,82.56512451171875,83.19855499267578,82.9698715209961,83.93450164794922,82.2800064086914,85.38150024414062,82.2192153930664,83.16850280761719,84.15461730957031,83.81526947021484,83.81526947021484,87.09190368652344,88.0227279663086,86.97700500488281,87.66413116455078,85.72631072998047,87.28115844726562,85.72631072998047,85.4400405883789,82.97589874267578,82.76472473144531,80.23091888427734,78.08969116210938,74.5452880859375,74.3303451538086,70.25667572021484,68.18357849121094,65.0,60.074954986572266,59.0,54.0,49.0,46.0,45.0,40.04996871948242,39.20458984375,39.31920623779297,37.656341552734375,35.902645111083984,37.85498809814453,38.832977294921875,39.81205749511719,42.57933807373047,40.199501037597656,41.0
0,-34,-95,9,40,92.34716796875,94.9210205078125,95.5196304321289,95.81753540039062,95.18928527832031,96.4624252319336,97.73944854736328,94.2443618774414,91.4166259765625,92.4770278930664,93.62158203125,92.70382690429688,93.94147491455078,93.03762817382812,91.23595428466797,93.4772720336914,94.8946762084961,95.29428100585938,97.52947998046875,97.06183624267578,98.84330749511719,99.28242492675781,99.31767272949219,100.62306213378906,99.31767272949219,98.0866928100586,94.33981323242188,92.69843292236328,91.08238220214844,88.54377746582031,85.4400405883789,85.14693450927734,82.0,78.26238250732422,73.97972869873047,67.60177612304688,66.91038513183594,62.513999938964844,59.41380310058594,55.578773498535156,52.95280838012695,49.81967544555664,48.50773239135742,47.07440948486328,45.35416030883789,44.92215347290039,43.416587829589844,46.173583984375,45.880279541015625,48.50773239135742,46.69047164916992,48.25971221923828
0,-34,-95,9,40,94.66783905029297,93.64827728271484,97.1287841796875,99.36296844482422,93.53608703613281,96.25486755371094,93.94147491455078,92.13577270507812,93.52005004882812,91.28527069091797,93.94147491455078,91.78779602050781,92.8493423461914,93.6375961303711,93.30059051513672,95.50916290283203,97.80081939697266,92.72000885009766,99.72462463378906,98.49365234375,97.1236343383789,99.04039764404297,95.81753540039062,98.35140991210938,97.49871826171875,97.30878448486328,95.07891082763672,92.70382690429688,94.02127075195312,89.0,89.005615234375,85.0,83.24061584472656,77.02597045898438,73.9256362915039,68.79679870605469,68.24221801757812,61.587337493896484,60.74536895751953,56.93856430053711,54.20331954956055,53.23532485961914,49.648765563964844,48.764739990234375,47.01063537597656,47.85394287109375,48.84669876098633,49.24428939819336,48.754486083984375,50.11985778808594,49.648765563964844,50.80354309082031
0,-34,-95,9,41,101.53324890136719,97.52947998046875,100.84642028808594,103.353759765625,100.7223892211914,101.71037292480469,99.98500061035156,97.41663360595703,98.79270935058594,98.18350219726562,97.90811920166016,96.26006317138672,97.80081939697266,97.80081939697266,98.40731811523438,98.71676635742188,99.35794067382812,97.94896697998047,101.98039245605469,103.4794692993164,104.23531341552734,104.23531341552734,101.82828521728516,106.66770935058594,103.4069595336914,102.41581726074219,99.29753112792969,99.5690689086914,97.94386291503906,92.96235656738281,90.91754150390625,90.82400512695312,87.23531341552734,83.18653869628906,77.87811279296875,72.01388549804688,70.38465881347656,65.30696868896484,62.64982223510742,59.50630187988281,56.79788589477539,55.4707145690918,55.07267761230469,50.6063232421875,51.62363815307617,51.97114562988281,51.97114562988281,51.97114562988281,52.35456085205078,54.120235443115234,54.230987548828125,54.708316802978516
0,-35,-95,9,42,103.353759765625,105.99056243896484,102.85912322998047,108.67382049560547,103.7545166015625,105.54619598388672,101.98039245605469,100.31948852539062,101.13357543945312,98.08159637451172,99.16148376464844,101.843017578125,101.19288635253906,99.6242904663086,102.2007827758789,98.08159637451172,104.04806518554688,97.98469543457031,104.04806518554688,105.01904296875,106.23088073730469,107.70329284667969,101.2422866821289,106.73799896240234,105.6503677368164,106.60675048828125,104.67568969726562,99.72462463378906,101.23734283447266,91.38927459716797,92.61209106445312,89.96110534667969,86.31338500976562,80.95059967041016,78.29431915283203,71.11962127685547,71.58910369873047,68.88395690917969,63.52952194213867,63.50590515136719,55.4707145690918,59.50630187988281,54.230987548828125,55.54277801513672,52.92447280883789,52.49761962890625,55.154327392578125,54.7813835144043,54.625999450683594,55.46169662475586,54.708316802978516,57.42821502685547
0,-35,-95,10,36,99.7296371459961,97.52947998046875,99.36296844482422,98.83824920654297,99.36296844482422,95.29428100585938,96.25486755371094,95.38343811035156,95.18928527832031,92.43917083740234,92.78469848632812,90.97252655029297,93.4772720336914,93.4772720336914,91.26335144042969,94.40338897705078,91.67878723144531,92.80086517333984,94.3663101196289,95.90099334716797,95.60334777832031,99.20181274414062,95.21029663085938,95.8018798828125,97.34988403320312,94.03190612792969,92.96235656738281,93.29522705078125,90.82400512695312,88.1192398071289,82.29216003417969,80.95677947998047,78.29431915283203,74.32361602783203,70.26378631591797,66.85057830810547,62.96824645996094,57.93962478637695,57.93962478637695,54.625999450683594,53.22593307495117,50.990196228027344,51.88448715209961,49.24428939819336,50.6063232421875,50.2493782043457,51.0,52.839378356933594,52.32590103149414,52.92447280883789,52.81098556518555,52.63079071044922
0,-35,-95,10,37,99.86490631103516,99.6242904663086,99.4032211303711,99.04544067382812,100.20977783203125,100.80178833007812,98.81295776367188,96.40020751953125,93.60021209716797,95.2680435180664,96.04686737060547,96.42613983154297,96.17691802978516,96.93812561035156,91.24143981933594,94.04785919189453,94.9210205078125,91.24143981933594,94.9210205078125,98.41239929199219,95.4620361328125,99.08582305908203,96.87621307373047,98.31072998046875,99.00505065917969,95.4620361328125,94.11163330078125,88.72992706298828,87.96590423583984,86.83317565917969,83.81526947021484,83.00602722167969,77.66595458984375,74.06078338623047,70.72481536865234,67.41661834716797,64.07027435302734,59.07622146606445,54.64430618286133,54.08327102661133,51.22499465942383,51.22499465942383,48.27007293701172,48.08325958251953,49.51767349243164,48.83646011352539,50.2493782043457,54.488529205322266,53.81449508666992,56.40035629272461,53.25410842895508,53.66563034057617
0,-35,-95,10,36,100.40418243408203,101.2422866821289,103.46980285644531,104.00961303710938,102.34255981445312,100.40418243408203,99.86490631103516,100.43903350830078,97.41663360595703,98.40731811523438,96.21330261230469,98.23441314697266,96.54014587402344,97.08243560791016,93.60555267333984,97.59098052978516,95.52486419677734,97.62171936035156,98.2903823852539,98.2903823852539,98.35140991210938,99.82484436035156,97.83660125732422,97.62171936035156,99.15644073486328,97.08243560791016,95.2680435180664,92.80086517333984,91.60785675048828,88.81441497802734,84.90583038330078,83.86298370361328,77.5241928100586,76.05918884277344,72.06941223144531,66.73080444335938,63.52952194213867,59.53990173339844,56.93856430053711,50.774009704589844,50.477718353271484,47.20169448852539,48.41487503051758,47.01063537597656,46.75468063354492,47.50789260864258,48.27007293701172,52.49761962890625,54.671749114990234,53.25410842895508,51.62363815307617,54.120235443115234
0,-35,-95,10,35,96.0,98.0204086303711,98.18350219726562,97.1287841796875,96.18731689453125,96.13011932373047,95.2575454711914,95.42536163330078,93.4344711303711,91.4439697265625,93.4344711303711,94.64142608642578,94.8946762084961,91.08238220214844,92.07062530517578,94.14881896972656,92.41753387451172,91.98369598388672,92.89241027832031,94.3716049194336,95.8018798828125,95.56673431396484,93.38094329833984,97.08243560791016,97.32420349121094,95.03683471679688,92.77930450439453,91.3509750366211,86.20904541015625,87.14356231689453,83.0,79.00633239746094,77.0,73.0,70.06425476074219,66.0302963256836,61.20457458496094,58.215118408203125,54.147945404052734,50.0,47.0,46.010868072509766,46.173583984375,44.40720748901367,45.27692413330078,45.7055778503418,47.67599105834961,46.27094268798828,48.166378021240234,48.0,49.0,49.162994384765625
0,-34,-95,9,40,101.0197982788086,97.94386291503906,103.46497344970703,102.92716217041016,100.40418243408203,98.18350219726562,99.29753112792969,98.47334289550781,96.83490753173828,97.20082092285156,97.80081939697266,97.45255279541016,97.30878448486328,96.54014587402344,94.3663101196289,98.49365234375,97.74456787109375,96.26006317138672,100.44898986816406,101.86265563964844,99.82484436035156,101.91172790527344,99.2471694946289,100.5683822631836,98.71676635742188,100.2646484375,97.6166000366211,95.44107818603516,95.13148498535156,90.69729614257812,84.72307586669922,84.72307586669922,84.2199478149414,77.36924743652344,75.13321685791016,70.21395874023438,66.21178436279297,61.741397857666016,57.697486877441406,54.5618896484375,51.4781494140625,47.50789260864258,48.25971221923828,46.615447998046875,44.204071044921875,45.486263275146484,48.41487503051758,49.81967544555664,48.82622146606445,50.2493782043457,51.4781494140625,50.08992004394531
0,-34,-95,10,33,86.27861785888672,89.87213134765625,90.60904693603516,90.55384826660156,87.86353302001953,87.86353302001953,88.5268325805664,87.20664978027344,86.68333435058594,87.45856475830078,85.2760238647461,88.00568389892578,86.02325439453125,85.98255920410156,85.4400405883789,88.83692932128906,86.45230102539062,86.60831451416016,88.6848373413086,88.6848373413086,89.69392395019531,89.69392395019531,88.5098876953125,89.69392395019531,89.8888168334961,87.92041778564453,89.87213134765625,84.62860107421875,82.80096435546875,81.21575927734375,77.6208724975586,76.5767593383789,75.69015502929688,70.72481536865234,68.59300231933594,62.93647766113281,60.8276252746582,55.17245864868164,53.15073013305664,49.51767349243164,45.96738052368164,43.863426208496094,42.01190185546875,40.804412841796875,40.224369049072266,38.832977294921875,42.72002029418945,41.88078308105469,41.617305755615234,42.63801193237305,43.27817153930664,44.55333709716797
0,-34,-95,9,37,88.60022735595703,88.95504760742188,89.31964874267578,90.47651672363281,90.2496566772461,88.76936340332031,88.76936340332031,86.53900909423828,85.49269104003906,87.23531341552734,85.86617279052734,85.42247772216797,86.95401000976562,86.83317565917969,85.95928955078125,88.83692932128906,85.4400405883789,87.66413116455078,88.48163604736328,88.5098876953125,88.83692932128906,91.80958557128906,89.35882568359375,89.8888168334961,89.69392395019531,88.6848373413086,87.32124328613281,86.83317565917969,82.29216003417969,84.5280990600586,79.2022705078125,79.84986114501953,75.7693862915039,71.51223754882812,70.51950073242188,65.802734375,60.728904724121094,57.87054443359375,54.4058837890625,50.96076965332031,47.434165954589844,44.94440841674805,44.384681701660156,41.62931823730469,39.81205749511719,41.59326934814453,42.05948257446289,43.046485900878906,44.777225494384766,44.283180236816406,44.0113639831543,44.643028259277344
0,-34,-95,9,38,91.13726043701172,94.08506774902344,92.02173614501953,95.02104949951172,93.00537872314453,94.02127075195312,92.00543212890625,91.0,93.00537872314453,88.00568389892578,90.00555419921875,88.0227279663086,90.13877868652344,90.27181243896484,90.3548583984375,90.3548583984375,90.66973114013672,89.45389556884766,89.80534362792969,92.07062530517578,91.92388153076172,92.6552734375,88.56636047363281,89.94442749023438,92.26592254638672,91.19758605957031,90.13877868652344,87.00574493408203,88.0,86.00581359863281,83.02409362792969,81.02468872070312,81.09870910644531,75.32595825195312,71.70076751708984,67.47592163085938,64.62971496582031,60.8276252746582,59.03388977050781,54.451812744140625,50.635955810546875,50.15974426269531,48.041648864746094,46.097721099853516,46.0,47.0,47.0,47.01063537597656,46.010868072509766,47.16990661621094,46.389652252197266,47.29693603515625
0,-34,-95,9,39,92.57429504394531,92.76313781738281,97.74456787109375,99.04039764404297,97.08243560791016,97.49359130859375,96.7729263305664,92.76313781738281,91.67878723144531,93.62158203125,94.83142852783203,92.41753387451172,92.72000885009766,90.8019790649414,90.13877868652344,92.6552734375,89.8888168334961,91.7060546875,93.40770721435547,94.70480346679688,95.18928527832031,93.04837799072266,93.60555267333984,95.81753540039062,93.96276092529297,95.21029663085938,89.9888916015625,89.02246856689453,88.5268325805664,85.14693450927734,83.74365997314453,83.18653869628906,80.0624771118164,74.5452880859375,73.68174743652344,70.1783447265625,68.02940368652344,62.032249450683594,58.00862121582031,55.081756591796875,54.230987548828125,51.35172653198242,50.35871505737305,48.3735466003418,47.67599105834961,47.85394287109375,47.67599105834961,45.89117431640625,47.26520919799805,50.15974426269531,49.0,48.010414123535156
0,-35,-95,11,30,87.70974731445312,86.45230102539062,89.96110534667969,90.78546142578125,89.89437866210938,89.44271850585938,85.49269104003906,85.42832946777344,88.63971710205078,89.15716552734375,84.5813217163086,85.23497009277344,87.46427917480469,86.72946166992188,85.09406280517578,86.03487396240234,84.77027893066406,83.81526947021484,85.86617279052734,84.11896514892578,86.33075714111328,88.54377746582031,87.28115844726562,89.9888916015625,86.12781524658203,83.81526947021484,82.87339782714844,85.4400405883789,83.21658325195312,80.65357971191406,75.23961639404297,73.82411193847656,74.24958038330078,68.44705963134766,68.42514038085938,63.50590515136719,64.0078125,57.697486877441406,56.35601043701172,50.990196228027344,50.537113189697266,49.76947021484375,50.56678771972656,47.16990661621094,48.703182220458984,45.694637298583984,47.434165954589844,47.01063537597656,49.76947021484375,51.429561614990234,46.06517028808594,49.20365905761719
0,-35,-95,10,36,96.13011932373047,100.31948852539062,99.50376892089844,100.17984008789062,100.31948852539062,101.31633758544922,103.31021118164062,97.32933807373047,99.40824890136719,98.50888061523438,95.52486419677734,98.0051040649414,98.47842407226562,96.17691802978516,97.32420349121094,98.84330749511719,98.27003479003906,95.90099334716797,99.2471694946289,99.46356201171875,97.67292022705078,100.0199966430664,96.50906372070312,97.08243560791016,98.31072998046875,97.32420349121094,93.90420532226562,91.66242218017578,90.44888305664062,88.45903015136719,86.37129211425781,83.09632873535156,79.15807342529297,77.0064926147461,76.02631378173828,70.028564453125,70.0,64.0078125,63.0079345703125,61.032779693603516,55.009090423583984,58.03447341918945,56.22277069091797,55.226806640625,52.15361785888672,55.226806640625,54.230987548828125,54.230987548828125,54.0,55.03635025024414,54.33230972290039,55.90169906616211
0,-35,-95,10,37,91.76055908203125,94.25497436523438,98.68130493164062,97.40636444091797,97.41663360595703,96.76776123046875,96.13532257080078,97.08243560791016,95.18928527832031,97.69339752197266,98.0866928100586,98.48857879638672,95.75489807128906,93.94147491455078,94.84724426269531,99.31767272949219,96.15092468261719,97.94386291503906,100.64790344238281,99.7296371459961,98.89894104003906,97.94386291503906,97.98979187011719,99.29753112792969,95.85405731201172,95.85405731201172,92.69843292236328,91.08238220214844,87.59566497802734,87.59566497802734,82.861328125,80.36167907714844,78.16009521484375,75.43209075927734,74.95331573486328,71.30918884277344,66.21932983398438,63.324562072753906,60.16643524169922,55.785301208496094,56.32051086425781,54.08327102661133,54.424259185791016,51.865211486816406,52.81098556518555,53.48831558227539,54.424259185791016,57.567352294921875,55.785301208496094,57.48912811279297,55.44366455078125,55.03635025024414
0,-35,-95,10,37,96.26006317138672,94.2602767944336,95.42536163330078,98.71676635742188,96.21330261230469,97.6166000366211,95.60334777832031,96.40020751953125,95.60334777832031,96.26006317138672,98.22932434082031,94.30270385742188,96.5660400390625,95.88013458251953,94.66783905029297,98.41239929199219,96.64884948730469,95.77056121826172,100.17984008789062,102.0,100.23971557617188,101.11874389648438,100.7223892211914,101.71037292480469,99.64437103271484,95.71833801269531,94.33981323242188,92.0869140625,87.6584243774414,90.21086120605469,84.81155395507812,82.00609588623047,80.43009185791016,76.216796875,75.43209075927734,69.52696990966797,67.35725402832031,62.36986541748047,59.66573715209961,55.60575485229492,56.035701751708984,53.823787689208984,53.5350341796875,52.47856521606445,54.20331954956055,53.712196350097656,55.56977462768555,54.37830352783203,59.203041076660156,59.66573715209961,56.56854248046875,55.973209381103516
0,-35,-95,10,37,93.38094329833984,94.20191192626953,96.7470932006836,94.76286315917969,94.04785919189453,93.64827728271484,91.54779815673828,93.4344711303711,92.34716796875,94.04785919189453,89.05054473876953,93.00537872314453,94.04785919189453,94.04785919189453,93.02149963378906,94.04785919189453,93.04837799072266,96.04686737060547,95.13148498535156,99.00505065917969,98.0051040649414,100.00499725341797,99.00505065917969,98.0204086303711,96.04686737060547,97.1287841796875,93.34345245361328,93.4344711303711,88.95504760742188,90.09439849853516,83.02409362792969,80.41144561767578,79.62411499023438,74.52516174316406,73.97972869873047,70.61161041259766,65.96968841552734,62.36986541748047,60.87692642211914,57.27128601074219,52.95280838012695,55.31726837158203,50.80354309082031,49.648765563964844,51.62363815307617,51.62363815307617,54.58937454223633,53.93514633178711,54.5710563659668,55.54277801513672,55.973209381103516,55.46169662475586
0,-35,-95,10,36,94.20191192626953,92.20086669921875,94.3663101196289,91.67878723144531,94.3663101196289,90.90654754638672,91.43850708007812,90.78546142578125,88.5268325805664,89.09545135498047,89.80534362792969,90.55384826660156,89.87213134765625,88.5268325805664,89.27485656738281,91.43850708007812,89.49860382080078,91.83136749267578,90.60353088378906,94.64142608642578,95.01578521728516,97.18538665771484,94.84724426269531,95.01578521728516,96.8968505859375,92.6336898803711,91.28527069091797,91.43850708007812,86.45230102539062,86.68333435058594,79.02531433105469,78.60025787353516,78.60025787353516,74.06078338623047,72.11102294921875,68.50547790527344,62.12889862060547,58.830265045166016,60.20797348022461,53.25410842895508,53.823787689208984,50.0,52.63079071044922,49.04079818725586,49.04079818725586,51.22499465942383,51.855567932128906,51.61395263671875,51.865211486816406,53.25410842895508,53.712196350097656,54.7813835144043
0,-35,-95,9,40,93.98403930664062,96.2081069946289,99.5389404296875,96.5660400390625,96.5660400390625,96.00521087646484,93.77632904052734,93.52005004882812,92.19544219970703,93.03762817382812,91.23595428466797,89.89437866210938,91.7060546875,88.6848373413086,88.1929702758789,90.73587799072266,89.04492950439453,91.06591033935547,91.80958557128906,93.19334411621094,93.29522705078125,94.87360382080078,94.15412902832031,92.43917083740234,92.1791763305664,94.41397857666016,92.13577270507812,92.19544219970703,87.8464584350586,86.92525482177734,82.54090118408203,80.65357971191406,76.843994140625,75.58438873291016,73.37574768066406,69.6419448852539,65.25334930419922,60.41522979736328,58.694122314453125,54.5710563659668,55.785301208496094,50.695167541503906,50.28916549682617,49.33558654785156,50.28916549682617,48.383880615234375,50.59644317626953,51.244510650634766,50.695167541503906,52.95280838012695,50.635955810546875,52.009613037109375
0,-34,-95,9,40,94.2602767944336,97.32933807373047,96.08329772949219,100.24469757080078,95.08417510986328,97.1287841796875,95.13148498535156,93.04837799072266,92.0869140625,88.00568389892578,91.02197265625,90.13877868652344,91.26883697509766,90.3548583984375,91.26883697509766,89.27485656738281,91.66242218017578,86.46965026855469,96.02603912353516,93.53608703613281,92.43917083740234,95.42536163330078,90.55384826660156,94.64142608642578,92.34716796875,93.13430786132812,93.00537872314453,88.0227279663086,91.0494384765625,84.09518432617188,85.37564086914062,82.60750579833984,79.5110092163086,75.66372680664062,72.99314880371094,67.26811981201172,67.08203887939453,63.78871536254883,60.01666259765625,60.01666259765625,52.17279052734375,55.10898208618164,50.635955810546875,52.611785888671875,50.80354309082031,48.83646011352539,49.81967544555664,50.0099983215332,49.47726821899414,51.6623649597168,52.81098556518555,51.078372955322266
0,-34,-95,9,39,96.93296813964844,96.00521087646484,99.74467468261719,94.02127075195312,95.85405731201172,91.78779602050781,89.96110534667969,92.57429504394531,92.13577270507812,90.3382568359375,87.20664978027344,88.1929702758789,86.95401000976562,87.32124328613281,86.09297180175781,89.04492950439453,87.3670425415039,88.48163604736328,87.41853332519531,88.81441497802734,89.05054473876953,93.4772720336914,92.0869140625,91.8368148803711,90.69729614257812,88.83692932128906,89.1852035522461,87.23531341552734,83.24061584472656,82.76472473144531,80.05622863769531,79.2022705078125,77.47257232666016,73.53910827636719,72.44998168945312,68.3520278930664,64.19501495361328,59.46427536010742,57.584720611572266,57.00876998901367,54.424259185791016,51.62363815307617,50.990196228027344,50.56678771972656,51.4781494140625,48.84669876098633,50.15974426269531,51.26402282714844,51.26402282714844,52.201534271240234,51.97114562988281,51.4781494140625
0,-34,-95,9,37,89.05054473876953,91.0494384765625,92.26592254638672,91.0494384765625,89.14033508300781,90.0888442993164,88.09085845947266,88.09085845947266,88.20430755615234,84.48076629638672,85.58621215820312,85.70880889892578,84.17243957519531,85.15867614746094,82.37718200683594,83.9523696899414,82.46211242675781,82.0,83.93450164794922,86.58522033691406,84.40379333496094,88.5268325805664,83.9523696899414,86.83317565917969,86.12200927734375,86.4927749633789,84.01190185546875,82.87339782714844,82.73451232910156,79.6303939819336,79.30951690673828,75.1664810180664,72.06246948242188,67.11929321289062,66.0,62.0,61.0,56.0,55.03635025024414,53.037723541259766,49.09175109863281,47.16990661621094,48.3735466003418,48.166378021240234,47.51841735839844,48.166378021240234,47.26520919799805,49.04079818725586,48.093658447265625,49.0,50.03998565673828,47.67599105834961
0,-34,-95,10,32,82.49242401123047,85.0,85.23497009277344,85.58621215820312,84.90583038330078,84.72307586669922,84.2199478149414,82.68010711669922,79.61155700683594,81.02468872070312,83.48652648925781,79.6303939819336,78.60025787353516,81.4002456665039,79.4040298461914,79.39773559570312,78.64476776123047,77.89736938476562,82.07313537597656,80.15609741210938,82.2192153930664,82.97589874267578,82.61961364746094,81.46778869628906,82.61961364746094,79.8122787475586,77.66595458984375,79.05693817138672,75.21302795410156,72.94518280029297,68.26419067382812,71.69379425048828,66.24198150634766,63.1347770690918,63.50590515136719,56.82429122924805,55.56977462768555,50.11985778808594,51.0,47.70744323730469,46.87216567993164,41.617305755615234,45.79301071166992,43.011627197265625,43.8292121887207,42.8018684387207,43.011627197265625,45.0,44.10215377807617,46.14108657836914,46.52956008911133,44.59820556640625
0,-34,-95,10,31,78.91767883300781,80.23091888427734,80.8949966430664,82.03657531738281,83.6002426147461,79.90619659423828,79.6303939819336,72.83543395996094,77.3175277709961,77.41446685791016,77.64663696289062,78.16009521484375,77.16217041015625,77.05841827392578,77.0,74.0,78.00640869140625,75.0,80.15609741210938,78.0,79.0,81.0,78.0,80.05622863769531,80.02499389648438,82.09750366210938,77.23341369628906,73.33484649658203,73.55270385742188,71.56814575195312,68.06614685058594,65.11528015136719,66.2872543334961,62.585941314697266,60.4400520324707,55.10898208618164,52.63079071044922,47.29693603515625,49.24428939819336,43.5660400390625,41.59326934814453,38.327537536621094,43.185646057128906,41.43669891357422,38.05259704589844,39.20458984375,41.30375289916992,39.31920623779297,41.30375289916992,40.024993896484375,38.832977294921875,42.95346450805664
0,-34,-95,10,32,83.63013458251953,84.9705810546875,88.1192398071289,85.42247772216797,87.6584243774414,86.31338500976562,87.23531341552734,84.11896514892578,84.59905242919922,83.24061584472656,84.2199478149414,83.35466766357422,83.76156616210938,81.3019027709961,80.70935821533203,84.87638092041016,84.20214080810547,85.21150207519531,84.40379333496094,86.60831451416016,84.62860107421875,87.20092010498047,84.59905242919922,85.44589233398438,86.28441619873047,85.75546264648438,84.2199478149414,80.13114166259766,80.52949523925781,78.26238250732422,76.55716705322266,73.40980529785156,70.38465881347656,66.48307800292969,64.25729370117188,60.083274841308594,57.567352294921875,51.54609680175781,50.59644317626953,46.81879806518555,46.2385139465332,43.863426208496094,43.46262741088867,42.04759216308594,39.81205749511719,42.05948257446289,42.05948257446289,42.95346450805664,43.863426208496094,46.2385139465332,44.271888732910156,43.931766510009766
0,-34,-95,9,40,98.99494934082031,97.62171936035156,102.31324768066406,102.8250961303711,102.59142303466797,101.59724426269531,100.4987564086914,99.40824890136719,98.50888061523438,99.2471694946289,96.18731689453125,98.0204086303711,100.0,97.0,98.0204086303711,98.0204086303711,99.12618255615234,99.12618255615234,101.2422866821289,102.17631530761719,101.0,100.0199966430664,99.00505065917969,102.07839965820312,101.00495147705078,100.04499053955078,98.12747192382812,96.18731689453125,94.42987060546875,88.56636047363281,89.67720031738281,86.14522552490234,83.54639434814453,78.44743347167969,75.92759704589844,71.19690704345703,66.94026947021484,61.84658432006836,58.24946212768555,55.10898208618164,53.15073013305664,50.635955810546875,48.3735466003418,49.162994384765625,47.16990661621094,48.25971221923828,48.25971221923828,52.239830017089844,50.35871505737305,53.600372314453125,52.17279052734375,53.45091247558594
0,-35,-95,10,36,97.1236343383789,100.90093994140625,100.90093994140625,103.73042297363281,102.18121337890625,102.78618621826172,102.78618621826172,102.18121337890625,102.52804565429688,98.61541748046875,100.46392059326172,100.64790344238281,102.41581726074219,102.42070007324219,100.17984008789062,102.0,102.956298828125,99.76472473144531,102.956298828125,103.83159637451172,102.42070007324219,106.0660171508789,102.88343048095703,102.956298828125,104.20172882080078,102.04410552978516,97.16995239257812,97.69339752197266,97.49871826171875,93.30059051513672,90.44335174560547,88.60022735595703,85.16454315185547,81.04319763183594,76.68767547607422,73.75635528564453,71.0633544921875,64.53681182861328,61.61168670654297,58.694122314453125,55.785301208496094,54.120235443115234,50.59644317626953,51.26402282714844,50.32891845703125,48.46648406982422,50.32891845703125,52.55473327636719,53.16013717651367,54.120235443115234,52.88667297363281,52.611785888671875
0,-35,-95,11,33,99.12618255615234,99.4786376953125,103.73042297363281,101.54801940917969,103.46497344970703,102.72779846191406,103.24727630615234,101.0197982788086,100.70252990722656,101.51354217529297,103.2279052734375,103.00485229492188,103.6001968383789,102.44998931884766,101.82828521728516,102.303466796875,102.17631530761719,102.303466796875,102.303466796875,104.9952392578125,105.42295837402344,107.44766235351562,102.80078125,105.75916290283203,105.60302734375,103.2279052734375,100.40418243408203,99.86490631103516,96.25486755371094,94.66783905029297,91.58602142333984,91.30169677734375,89.55445098876953,84.07734680175781,81.84130859375,75.64390563964844,73.00685119628906,68.54196166992188,64.62197875976562,61.741397857666016,58.600341796875,55.46169662475586,55.90169906616211,54.20331954956055,53.712196350097656,51.429561614990234,54.120235443115234,54.58937454223633,55.009090423583984,54.230987548828125,53.48831558227539,51.92301940917969
0,-35,-95,11,33,94.04785919189453,95.02104949951172,100.0199966430664,101.00495147705078,99.0,101.0197982788086,101.0197982788086,100.17984008789062,98.18350219726562,100.31948852539062,101.40019989013672,99.84988403320312,102.1077880859375,99.84988403320312,102.25947570800781,101.0,102.18121337890625,103.16007232666016,106.73331451416016,105.75916290283203,105.54619598388672,105.72132873535156,102.42070007324219,104.13932800292969,104.39348602294922,104.23531341552734,101.96568298339844,98.85848236083984,98.50888061523438,95.52486419677734,93.4344711303711,91.26883697509766,89.14033508300781,86.02325439453125,83.00602722167969,78.00640869140625,77.0064926147461,69.00724792480469,67.00746154785156,63.0079345703125,62.00806427001953,59.03388977050781,57.21887969970703,57.14017868041992,56.22277069091797,56.22277069091797,56.32051086425781,58.13776779174805,55.03635025024414,58.07753372192383,58.13776779174805,55.10898208618164
0,-34,-95,10,37,92.35800170898438,95.5196304321289,98.23441314697266,99.72462463378906,95.2732925415039,97.69339752197266,98.23441314697266,97.16995239257812,97.57561492919922,96.60745239257812,98.38699340820312,98.48857879638672,99.4786376953125,101.212646484375,102.21546173095703,103.24727630615234,103.46497344970703,102.39628601074219,104.8475112915039,106.8503646850586,103.77379608154297,108.0462875366211,103.07764434814453,107.70329284667969,103.44564056396484,106.55046081542969,101.96568298339844,101.51847076416016,100.64790344238281,96.17691802978516,92.70382690429688,94.15412902832031,89.53770446777344,86.97700500488281,83.16850280761719,80.3243408203125,76.843994140625,70.51950073242188,67.35725402832031,65.78753662109375,62.96824645996094,62.3939094543457,63.158531188964844,58.694122314453125,60.539241790771484,59.61543273925781,60.16643524169922,61.35144805908203,60.4400520324707,61.400325775146484,62.169124603271484,59.304298400878906
0,-34,-95,9,40,92.9139404296875,94.86833190917969,92.20086669921875,96.40020751953125,95.21029663085938,94.81033325195312,93.08598327636719,93.08598327636719,92.8493423461914,93.60555267333984,92.09777069091797,93.38094329833984,94.75231170654297,94.04785919189453,94.06912231445312,97.67292022705078,96.42613983154297,97.74456787109375,98.59513092041016,100.5683822631836,101.23734283447266,101.13851928710938,98.99494934082031,103.24727630615234,100.44898986816406,100.44898986816406,96.26006317138672,97.83660125732422,95.13148498535156,93.7229995727539,87.80091094970703,87.80091094970703,83.81526947021484,79.32212829589844,77.93586730957031,76.5506362915039,69.1158447265625,65.19202423095703,62.96824645996094,60.464866638183594,57.42821502685547,58.600341796875,57.00876998901367,55.44366455078125,56.080299377441406,56.080299377441406,57.80138397216797,58.8217658996582,60.464866638183594,60.41522979736328,60.8276252746582,57.93962478637695
0,-34,-95,9,40,93.19334411621094,94.04785919189453,93.0,93.0,94.0,94.0,95.02104949951172,92.02173614501953,90.13877868652344,90.19977569580078,91.4439697265625,91.66242218017578,91.24143981933594,91.0054931640625,93.21480560302734,93.94147491455078,93.17188262939453,95.90099334716797,94.3663101196289,98.27003479003906,97.86214447021484,97.86214447021484,97.32420349121094,98.06120300292969,97.01546478271484,94.8946762084961,94.5304183959961,93.34345245361328,91.3509750366211,91.13726043701172,87.02298736572266,85.02352905273438,82.02438354492188,78.10249328613281,76.10519409179688,72.11102294921875,69.18092346191406,64.19501495361328,60.13318634033203,58.0,57.00876998901367,54.037025451660156,55.226806640625,53.15073013305664,54.33230972290039,54.230987548828125,55.145263671875,57.07889175415039,59.00847244262695,58.13776779174805,59.53990173339844,58.46366500854492
0,-34,-95,10,32,85.4400405883789,82.68010711669922,83.35466766357422,85.98255920410156,82.36504364013672,83.72574615478516,81.6333236694336,80.13114166259766,79.25907135009766,80.05622863769531,80.52949523925781,78.29431915283203,81.1541748046875,79.12016296386719,79.7057113647461,80.41144561767578,83.81526947021484,78.77182006835938,86.40023040771484,84.15461730957031,85.79627227783203,85.4400405883789,82.2800064086914,85.38150024414062,83.57032775878906,82.63776397705078,80.62257385253906,80.11241912841797,78.29431915283203,76.48529052734375,74.24958038330078,75.66372680664062,73.9256362915039,66.37017059326172,63.812225341796875,59.16925048828125,59.64059066772461,55.226806640625,51.62363815307617,47.41307830810547,46.647613525390625,47.01063537597656,45.617977142333984,47.85394287109375,48.10405349731445,48.703182220458984,49.24428939819336,50.56678771972656,47.423622131347656,49.648765563964844,50.6063232421875,48.83646011352539
0,-35,-95,10,35,95.18928527832031,99.12618255615234,96.25486755371094,101.12368774414062,97.18538665771484,94.19129180908203,92.19544219970703,94.64142608642578,92.43917083740234,90.66973114013672,90.09439849853516,88.84255981445312,91.21951293945312,90.47099304199219,92.6498794555664,92.1791763305664,95.21029663085938,89.5600357055664,93.96276092529297,93.96276092529297,94.3716049194336,97.52947998046875,92.1791763305664,93.40770721435547,92.89241027832031,91.4439697265625,89.8220443725586,88.45903015136719,88.45903015136719,83.36066436767578,83.02409362792969,81.74349975585938,80.5046615600586,74.5452880859375,70.1783447265625,68.26419067382812,65.12296295166016,60.13318634033203,59.41380310058594,56.22277069091797,53.23532485961914,52.611785888671875,51.62363815307617,49.81967544555664,51.195701599121094,50.21951675415039,52.17279052734375,53.93514633178711,52.95280838012695,56.4358024597168,53.037723541259766,54.00925827026367
0,-36,-95,10,38,108.18965148925781,107.48953247070312,110.3177261352539,111.01801300048828,106.77546691894531,108.18965148925781,107.48953247070312,106.0660171508789,106.10372161865234,101.31633758544922,104.06248474121094,100.6578369140625,100.89598846435547,101.67103576660156,99.48869323730469,100.0,101.25709533691406,101.0197982788086,101.83319854736328,103.46980285644531,101.212646484375,103.00485229492188,100.0,102.80078125,100.42410278320312,100.42410278320312,96.04686737060547,92.76313781738281,93.08598327636719,89.87213134765625,86.31338500976562,86.31338500976562,83.4505844116211,78.49203491210938,75.69015502929688,70.72481536865234,69.29646301269531,61.55485534667969,60.20797348022461,57.982757568359375,57.314918518066406,54.037025451660156,54.81787872314453,53.413482666015625,55.0,52.201534271240234,52.801513671875,54.20331954956055,56.7274169921875,58.0,58.0,56.035701751708984
0,-36,-95,11,38,115.44696044921875,118.60016632080078,114.97825622558594,125.63439178466797,118.87808990478516,121.51131439208984,119.2392578125,117.90250396728516,117.27745056152344,114.14026641845703,117.4776611328125,116.55899810791016,109.8954086303711,111.01801300048828,113.0,111.44953918457031,115.27792358398438,111.28791809082031,114.1095962524414,115.03912353515625,112.36102294921875,118.10588836669922,109.55364227294922,114.43775939941406,113.1370849609375,110.8873291015625,106.9205322265625,99.14131164550781,99.14131164550781,94.5409927368164,93.39164733886719,91.4111557006836,87.66413116455078,81.78630828857422,79.83106994628906,73.76313781738281,70.0927963256836,66.21932983398438,60.87692642211914,58.694122314453125,54.58937454223633,54.451812744140625,54.451812744140625,54.00925827026367,54.037025451660156,58.0,57.00876998901367,57.0,59.13543701171875,60.406951904296875,60.01666259765625,61.98386764526367
0,-36,-95,11,36,108.07867431640625,108.33743286132812,112.30760955810547,111.89280700683594,113.21660614013672,108.33743286132812,110.49434661865234,106.51290893554688,106.51290893554688,107.82392883300781,107.78218841552734,106.89247131347656,107.04204559326172,104.44615936279297,104.70912170410156,107.91200256347656,108.22661590576172,106.17438507080078,108.75660705566406,108.5587387084961,107.82392883300781,110.14535522460938,106.00471496582031,108.4066390991211,106.47064971923828,105.99056243896484,103.87010955810547,99.36800384521484,93.92018127441406,94.25497436523438,88.8875732421875,86.68333435058594,82.46211242675781,78.85429382324219,73.16419982910156,70.21395874023438,63.150611877441406,58.694122314453125,54.81787872314453,52.39274597167969,47.801673889160156,45.221675872802734,47.01063537597656,46.097721099853516,47.92702865600586,46.51881408691406,46.51881408691406,49.04079818725586,47.92702865600586,52.92447280883789,51.244510650634766,51.195701599121094
0,-35,-95,9,41,100.12492370605469,99.86490631103516,105.0,103.81233215332031,102.41581726074219,102.80078125,104.48445129394531,101.04454803466797,99.63935089111328,99.48869323730469,100.00499725341797,100.76705932617188,99.90495300292969,100.5683822631836,94.06912231445312,103.23758697509766,99.72462463378906,98.31072998046875,103.27632904052734,103.3924560546875,103.24727630615234,105.38026428222656,101.83319854736328,105.36128234863281,100.4987564086914,101.91172790527344,96.33275604248047,94.02127075195312,94.20191192626953,88.81441497802734,87.09190368652344,85.14693450927734,80.99382781982422,74.94664764404297,71.58910369873047,67.60177612304688,62.17716598510742,59.03388977050781,51.88448715209961,48.02082824707031,48.02082824707031,42.20189666748047,43.27817153930664,42.63801193237305,41.03656768798828,41.72529220581055,43.84062194824219,44.55333709716797,45.96738052368164,47.01063537597656,43.416587829589844,47.16990661621094
0,-34,-95,10,30,77.0064926147461,79.8122787475586,80.0,83.86894226074219,79.8122787475586,79.8122787475586,79.2022705078125,80.0,80.43009185791016,75.7165756225586,75.80237579345703,78.39005279541016,76.15773010253906,75.59100341796875,77.41446685791016,74.79304504394531,82.73451232910156,76.02631378173828,77.36924743652344,75.66372680664062,79.17701721191406,79.17701721191406,76.02631378173828,75.58438873291016,79.17701721191406,78.29431915283203,75.29276275634766,70.80254364013672,74.3303451538086,71.02816009521484,67.00746154785156,66.06814575195312,63.12685775756836,60.4400520324707,59.41380310058594,54.20331954956055,50.6063232421875,48.27007293701172,46.75468063354492,42.63801193237305,39.824615478515625,39.20458984375,36.619667053222656,35.510562896728516,37.735923767089844,34.66987228393555,37.44329071044922,38.27531814575195,37.2155876159668,38.27531814575195,37.013511657714844,39.69886779785156
0,-34,-95,10,30,79.98124694824219,82.02438354492188,81.32035064697266,83.4505844116211,79.98124694824219,79.24645233154297,80.72174072265625,75.82215881347656,76.48529052734375,75.82215881347656,77.23341369628906,76.05918884277344,77.0064926147461,75.43209075927734,74.81310272216797,75.7165756225586,74.625732421875,74.3303451538086,75.1664810180664,78.23043060302734,74.88658142089844,76.5506362915039,75.21302795410156,76.5506362915039,74.81310272216797,74.20242309570312,73.40980529785156,67.62396240234375,70.83784484863281,66.60330200195312,67.20863342285156,65.0691909790039,60.8276252746582,57.982757568359375,55.226806640625,52.32590103149414,48.91830062866211,45.27692413330078,46.010868072509766,43.13930892944336,38.20994567871094,33.30165100097656,36.79673767089844,35.608985900878906,38.60051727294922,35.0,35.0,35.80502700805664,38.41874694824219,38.20994567871094,38.20994567871094,36.878177642822266
0,-34,-95,10,30,83.00602722167969,82.02438354492188,84.0,84.0238037109375,82.0,80.0062484741211,82.05486297607422,80.0,78.05767059326172,80.09993743896484,78.00640869140625,79.15807342529297,79.5110092163086,76.41989135742188,75.53807067871094,75.80237579345703,76.79192352294922,78.63841247558594,76.48529052734375,77.78174591064453,75.66372680664062,75.95393371582031,74.5452880859375,74.96665954589844,74.24284362792969,73.33484649658203,68.26419067382812,71.25306701660156,68.06614685058594,66.12110137939453,63.0079345703125,61.032779693603516,59.0,55.0,53.0,51.0,48.010414123535156,46.04345703125,44.0,40.0,38.11823654174805,38.20994567871094,37.336307525634766,38.327537536621094,39.20458984375,37.121421813964844,39.458839416503906,37.336307525634766,42.10700607299805,41.0,42.0,40.199501037597656
0,-35,-95,11,30,99.04039764404297,93.5574722290039,98.95453643798828,97.29337310791016,97.74456787109375,94.3663101196289,94.14881896972656,95.34149169921875,98.06120300292969,89.26925659179688,94.3663101196289,93.62158203125,93.60555267333984,91.0933609008789,91.21403503417969,88.86506652832031,89.8109130859375,88.23265075683594,90.44335174560547,92.34716796875,87.36132049560547,87.80091094970703,86.34812927246094,87.09190368652344,88.76936340332031,85.61541748046875,80.60397338867188,79.62411499023438,76.68767547607422,72.99314880371094,72.3394775390625,71.02112579345703,66.91038513183594,61.20457458496094,61.073726654052734,57.42821502685547,55.145263671875,54.08327102661133,48.50773239135742,48.50773239135742,46.097721099853516,44.643028259277344,42.44997024536133,42.20189666748047,46.173583984375,46.57252502441406,44.14748001098633,44.9110221862793,47.26520919799805,48.83646011352539,48.010414123535156,47.01063537597656
0,-35,-95,11,33,110.00454711914062,111.00450134277344,114.01753997802734,115.01738739013672,113.0177001953125,112.00446319580078,111.00450134277344,108.01851654052734,108.0,108.00463104248047,104.04325866699219,108.16654205322266,107.22872924804688,102.31324768066406,106.38138580322266,104.3886947631836,104.58011627197266,102.48902130126953,103.94710540771484,104.58011627197266,103.17460632324219,107.22872924804688,102.17631530761719,101.40019989013672,99.08077239990234,98.04590606689453,95.00526428222656,93.00537872314453,90.13877868652344,86.05230712890625,83.21658325195312,79.30951690673828,76.16429901123047,72.44308471679688,68.59300231933594,61.20457458496094,59.13543701171875,54.147945404052734,52.038448333740234,51.0,48.166378021240234,50.2493782043457,49.497474670410156,49.497474670410156,48.66210174560547,48.66210174560547,49.497474670410156,53.600372314453125,52.15361785888672,55.081756591796875,55.03635025024414,54.58937454223633
0,-35,-95,11,34,109.12836456298828,111.82575988769531,111.89280700683594,111.36426544189453,110.47624206542969,109.17874908447266,108.70602416992188,108.70602416992188,108.4066390991211,105.19029998779297,109.2748794555664,107.70329284667969,106.50821685791016,105.9480972290039,104.29285430908203,104.86181640625,104.40306854248047,104.86181640625,104.04325866699219,107.64757537841797,106.50821685791016,107.91200256347656,103.46497344970703,105.39450073242188,103.77379608154297,103.94229125976562,98.88377380371094,96.60227966308594,95.7131118774414,92.13577270507812,85.23497009277344,82.2800064086914,81.93289947509766,76.216796875,71.7844009399414,67.06713104248047,63.24555206298828,55.154327392578125,53.851646423339844,51.4781494140625,48.764739990234375,45.650848388671875,47.16990661621094,48.60041046142578,46.87216567993164,48.82622146606445,47.20169448852539,50.477718353271484,51.03919982910156,51.62363815307617,52.35456085205078,54.230987548828125
0,-35,-95,10,35,95.42536163330078,97.51409912109375,98.50888061523438,100.24469757080078,97.25225067138672,98.32598876953125,97.41663360595703,94.5304183959961,94.5304183959961,96.02603912353516,95.35198211669922,93.21480560302734,92.39588928222656,89.44271850585938,90.8019790649414,92.19544219970703,92.89241027832031,92.41753387451172,93.68030548095703,94.11163330078125,95.34149169921875,94.83142852783203,92.41753387451172,95.56673431396484,92.96235656738281,93.5574722290039,91.78779602050781,89.5600357055664,86.46965026855469,84.2911605834961,83.05419921875,81.02468872070312,77.0,71.00704193115234,68.02940368652344,66.0,61.073726654052734,55.081756591796875,51.03919982910156,50.0099983215332,45.0,46.010868072509766,43.28972244262695,43.185646057128906,40.31128692626953,41.59326934814453,41.773197174072266,43.73785400390625,44.40720748901367,47.26520919799805,46.097721099853516,48.0
0,-34,-95,9,38,93.00537872314453,93.00537872314453,94.57801055908203,93.60555267333984,95.81753540039062,92.6552734375,92.97311401367188,88.86506652832031,88.25531005859375,90.2496566772461,90.2496566772461,89.69392395019531,87.72685241699219,88.63971710205078,87.23531341552734,90.78546142578125,87.20664978027344,88.10221099853516,88.32327270507812,91.7060546875,88.1192398071289,89.47066497802734,91.7060546875,91.30169677734375,88.10221099853516,89.0,87.23531341552734,84.69356536865234,85.23497009277344,83.00602722167969,78.77182006835938,76.216796875,74.3303451538086,71.56814575195312,69.12307739257812,67.44627380371094,64.76110076904297,57.48912811279297,54.12947463989258,51.6623649597168,49.72926712036133,47.801673889160156,47.75981521606445,46.81879806518555,45.880279541015625,43.08131790161133,44.94440841674805,47.16990661621094,47.75981521606445,50.59644317626953,49.47726821899414,49.36598205566406
0,-33,-95,9,35,85.5102310180664,90.42676544189453,88.95504760742188,91.59148406982422,86.31338500976562,88.6453628540039,85.84288024902344,83.6002426147461,83.86298370361328,81.74349975585938,81.61495208740234,81.39410400390625,81.22191619873047,82.2192153930664,82.15229797363281,78.05767059326172,83.0,78.0,83.0,81.00617218017578,82.0,83.02409362792969,78.0,82.0,82.02438354492188,81.00617218017578,80.0062484741211,77.10382843017578,78.23043060302734,72.24956512451172,74.3303451538086,71.44927978515625,69.46221923828125,66.61080932617188,63.78871536254883,59.84145736694336,57.27128601074219,55.90169906616211,51.788028717041016,50.80354309082031,46.69047164916992,47.381431579589844,45.17742919921875,45.39823913574219,45.09988784790039,45.0444221496582,45.09988784790039,45.17742919921875,45.39823913574219,46.69047164916992,46.57252502441406,47.75981521606445
0,-33,-95,9,35,81.88406372070312,84.11896514892578,86.76981353759766,87.70974731445312,83.18653869628906,81.41252899169922,83.18653869628906,81.41252899169922,80.52949523925781,78.77182006835938,78.77182006835938,76.85050201416016,76.27581787109375,73.23933410644531,78.23681640625,76.6093978881836,76.83749389648438,73.00685119628906,76.69419860839844,75.43209075927734,74.20242309570312,77.801025390625,73.40980529785156,75.92759704589844,73.40980529785156,74.20242309570312,74.20242309570312,72.20111083984375,70.80254364013672,68.24221801757812,66.85057830810547,66.85057830810547,62.433963775634766,61.057350158691406,59.6824951171875,59.6824951171875,53.851646423339844,54.08327102661133,50.774009704589844,47.16990661621094,46.04345703125,47.801673889160156,43.600460052490234,46.04345703125,44.40720748901367,44.40720748901367,44.65422821044922,45.80392837524414,45.79301071166992,47.41307830810547,44.72135925292969,45.880279541015625
0,-33,-95,9,35,85.75546264648438,86.95401000976562,86.45230102539062,88.32327270507812,87.46427917480469,86.60831451416016,84.72307586669922,82.68010711669922,83.52843475341797,82.49242401123047,80.77747344970703,80.13114166259766,80.52949523925781,80.52949523925781,77.36924743652344,79.15807342529297,76.967529296875,76.05918884277344,75.64390563964844,76.967529296875,75.1531753540039,77.87811279296875,74.24958038330078,74.73285675048828,73.34848022460938,74.24958038330078,71.11258697509766,70.66116333007812,68.42514038085938,67.08203887939453,64.88451385498047,64.0078125,63.06346130371094,58.66856002807617,58.66856002807617,55.226806640625,52.839378356933594,51.107730865478516,51.4781494140625,50.537113189697266,46.52956008911133,48.30113983154297,47.85394287109375,48.764739990234375,48.30113983154297,47.01063537597656,48.02082824707031,48.87739944458008,48.010414123535156,47.801673889160156,48.91830062866211,49.51767349243164
0,-33,-95,8,40,87.92041778564453,87.92041778564453,91.60785675048828,88.7524642944336,90.13877868652344,86.8216552734375,88.48163604736328,87.92041778564453,86.26702880859375,87.09190368652344,84.87638092041016,84.62860107421875,82.80096435546875,82.00609588623047,79.02531433105469,83.09632873535156,79.5110092163086,79.39773559570312,78.56844329833984,79.30951690673828,77.33692169189453,79.30951690673828,77.46611785888672,77.15568542480469,75.92759704589844,73.24616241455078,71.0633544921875,71.70076751708984,67.35725402832031,66.70832061767578,64.53681182861328,63.89052963256836,61.717098236083984,58.898216247558594,55.31726837158203,56.080299377441406,53.81449508666992,50.990196228027344,50.20956039428711,48.08325958251953,51.62363815307617,48.166378021240234,50.2493782043457,50.2493782043457,50.20956039428711,49.497474670410156,49.51767349243164,50.93132781982422,52.009613037109375,52.430908203125,51.97114562988281,51.88448715209961
0,-34,-95,10,33,94.82615661621094,96.17691802978516,95.2732925415039,99.76472473144531,95.29428100585938,97.52947998046875,95.38343811035156,92.59049987792969,93.05912017822266,92.59049987792969,92.13034057617188,93.91485595703125,92.61209106445312,89.89994812011719,90.87353515625,87.8464584350586,91.0,85.08818817138672,91.0,88.76936340332031,85.90692901611328,85.61541748046875,82.85529327392578,83.77350616455078,82.3468246459961,80.11241912841797,77.87811279296875,73.34848022460938,73.34848022460938,68.02940368652344,67.11929321289062,64.47480010986328,64.62197875976562,59.236812591552734,59.61543273925781,54.7813835144043,54.424259185791016,51.865211486816406,51.865211486816406,51.6623649597168,49.47726821899414,53.600372314453125,52.17279052734375,55.10898208618164,54.12947463989258,55.31726837158203,53.851646423339844,57.28001403808594,57.00876998901367,59.50630187988281,57.706153869628906,58.24946212768555
0,-35,-95,11,33,106.47064971923828,109.56732940673828,108.22661590576172,112.71202087402344,107.78218841552734,110.47624206542969,110.01818084716797,107.78682708740234,107.35455322265625,106.45186614990234,108.7474136352539,107.83784484863281,107.93516540527344,104.78549194335938,104.0,101.76934814453125,105.84894561767578,101.95096588134766,105.68821716308594,102.52804565429688,102.55242919921875,100.84642028808594,95.85405731201172,98.48857879638672,96.66436767578125,97.50897216796875,89.47066497802734,85.86617279052734,85.0,75.58438873291016,76.05918884277344,73.82411193847656,70.26378631591797,68.54196166992188,64.07807922363281,61.09828186035156,56.920997619628906,57.00876998901367,55.54277801513672,57.27128601074219,53.75872039794922,58.30952072143555,56.22277069091797,60.530982971191406,60.406951904296875,61.400325775146484,63.639610290527344,66.2872543334961,65.96968841552734,66.40782928466797,68.54196166992188,68.0
0,-36,-95,11,37,118.2708740234375,120.50311279296875,121.45780944824219,124.59534454345703,121.45780944824219,124.27791595458984,123.32882690429688,122.12288665771484,121.16517639160156,120.50311279296875,123.32882690429688,119.92080688476562,124.72369384765625,120.07081604003906,119.8165283203125,119.8165283203125,123.9758071899414,120.7849349975586,123.0,120.83045959472656,122.00409698486328,119.10499572753906,116.76043701171875,118.2962417602539,113.2254409790039,114.49017333984375,106.89247131347656,104.54663848876953,99.72462463378906,94.33981323242188,90.62008666992188,85.23497009277344,81.1541748046875,76.32168579101562,68.3520278930664,67.35725402832031,63.60031509399414,61.84658432006836,61.188232421875,61.52235412597656,58.13776779174805,61.13100814819336,60.0,63.0079345703125,64.0078125,66.0,70.028564453125,72.11102294921875,75.66372680664062,76.48529052734375,77.1297607421875,78.18567657470703
0,-36,-95,11,37,108.84851837158203,111.94641876220703,114.38968658447266,116.45600128173828,115.31695556640625,115.31695556640625,116.07756042480469,117.0,114.01753997802734,117.38824462890625,115.87062072753906,114.93476104736328,116.76471710205078,115.97413635253906,116.73046112060547,121.70867156982422,115.97413635253906,119.41942596435547,119.70797729492188,122.9837417602539,121.20230865478516,122.09013366699219,115.45128631591797,122.1187973022461,117.78369903564453,117.0,108.16654205322266,108.46658325195312,102.88343048095703,97.80081939697266,92.41753387451172,88.5268325805664,86.12200927734375,81.02468872070312,76.94153594970703,69.85699462890625,64.28841400146484,58.8217658996582,52.55473327636719,52.0,52.39274597167969,53.33854293823242,54.64430618286133,55.217750549316406,54.08327102661133,55.217750549316406,58.24946212768555,59.64059066772461,62.7694206237793,67.74215698242188,66.21178436279297,68.3081283569336
0,-36,-95,11,36,105.68348693847656,104.8475112915039,109.93180084228516,109.60382843017578,112.16059875488281,106.53168487548828,107.42439270019531,107.04204559326172,109.17874908447266,106.89247131347656,105.58882141113281,108.67382049560547,105.99056243896484,111.08555603027344,108.46197509765625,106.6208267211914,111.07205200195312,110.86027526855469,113.29607391357422,116.45600128173828,113.6529769897461,116.24542999267578,112.80514526367188,116.86744689941406,117.17081451416016,114.49017333984375,113.17684936523438,108.5587387084961,106.53168487548828,102.34255981445312,98.81295776367188,95.0,90.0,84.0238037109375,79.39773559570312,75.1664810180664,68.11754608154297,62.481998443603516,60.4400520324707,55.0,54.4058837890625,48.87739944458008,50.990196228027344,47.92702865600586,52.39274597167969,52.55473327636719,51.62363815307617,55.54277801513672,57.27128601074219,55.90169906616211,60.20797348022461,58.600341796875
0,-35,-95,11,33,98.65596771240234,96.02603912353516,102.8250961303711,98.0051040649414,102.1077880859375,96.42095184326172,98.32598876953125,96.51942443847656,96.6281509399414,96.33275604248047,95.18928527832031,94.08506774902344,94.00531768798828,93.00537872314453,91.02197265625,97.1287841796875,95.18928527832031,97.18538665771484,95.33625030517578,97.32933807373047,97.32933807373047,101.17806243896484,102.07839965820312,101.17806243896484,102.00489807128906,98.0,98.12747192382812,101.31633758544922,94.33981323242188,93.77099609375,90.09439849853516,88.28363037109375,83.36066436767578,81.4923324584961,74.21590423583984,73.49829864501953,68.00735473632812,61.400325775146484,57.00876998901367,53.16013717651367,52.17279052734375,47.07440948486328,48.66210174560547,46.27094268798828,45.54119110107422,48.166378021240234,47.16990661621094,49.04079818725586,53.037723541259766,50.48762130737305,51.788028717041016,52.201534271240234
0,-34,-95,9,40,97.57561492919922,97.16995239257812,99.28242492675781,101.13357543945312,96.17691802978516,96.25486755371094,97.16995239257812,93.23089599609375,92.61209106445312,94.3663101196289,93.02149963378906,91.30169677734375,92.78469848632812,91.58602142333984,89.1852035522461,92.35800170898438,89.58794403076172,90.73587799072266,91.8368148803711,94.04785919189453,93.19334411621094,94.62557983398438,92.6498794555664,94.86833190917969,94.03190612792969,93.49331665039062,91.4166259765625,91.30169677734375,89.44271850585938,88.54942321777344,86.00581359863281,81.1541748046875,82.2800064086914,75.61084747314453,73.37574768066406,70.88018035888672,64.8459701538086,59.4810905456543,59.13543701171875,53.75872039794922,52.81098556518555,49.39635467529297,50.56678771972656,47.01063537597656,47.92702865600586,47.01063537597656,46.097721099853516,47.85394287109375,48.332183837890625,50.32891845703125,51.865211486816406,52.17279052734375
0,-34,-95,8,43,98.73196411132812,101.96568298339844,102.59142303466797,100.7174301147461,101.96568298339844,99.84988403320312,99.72462463378906,97.86725616455078,96.7470932006836,95.33625030517578,96.33275604248047,95.2575454711914,93.04837799072266,93.04837799072266,92.02173614501953,93.0,91.0494384765625,91.0,93.19334411621094,92.0869140625,92.02173614501953,94.04785919189453,93.04837799072266,92.26592254638672,92.02173614501953,94.04785919189453,92.00543212890625,91.0054931640625,88.0227279663086,84.05355072021484,83.09632873535156,79.4040298461914,78.31346893310547,72.69112396240234,71.84706115722656,69.58448028564453,65.6201171875,59.41380310058594,58.694122314453125,54.58937454223633,53.46026611328125,49.09175109863281,50.08992004394531,50.0099983215332,48.0,49.01020431518555,48.010414123535156,51.0,49.01020431518555,54.037025451660156,53.46026611328125,53.15073013305664
0,-33,-95,9,35,86.76981353759766,91.24143981933594,89.94442749023438,93.05912017822266,88.58893585205078,89.89437866210938,87.23531341552734,86.83317565917969,86.76981353759766,85.47514343261719,85.0,85.08818817138672,84.90583038330078,83.52843475341797,82.49242401123047,83.21658325195312,84.31488800048828,79.88116455078125,83.23461151123047,82.6619644165039,81.54139709472656,82.09750366210938,79.05693817138672,81.54139709472656,81.3019027709961,80.15609741210938,79.07591247558594,76.15773010253906,76.5375747680664,72.94518280029297,72.4706802368164,69.31810760498047,66.64083099365234,63.976558685302734,63.158531188964844,55.94640350341797,55.94640350341797,51.078372955322266,49.658836364746094,49.19349670410156,46.06517028808594,44.29446792602539,43.90899658203125,44.41846466064453,44.94440841674805,43.5660400390625,46.3249397277832,45.27692413330078,46.957427978515625,48.84669876098633,49.97999572753906,49.47726821899414
0,-33,-95,8,40,90.47099304199219,89.9888916015625,91.21403503417969,91.92388153076172,89.73851013183594,90.47099304199219,89.9888916015625,88.05680084228516,89.28605651855469,86.40023040771484,86.97700500488281,86.97700500488281,86.64871978759766,85.70297241210938,85.70297241210938,86.37708282470703,86.16263580322266,83.93450164794922,85.23497009277344,86.53900909423828,85.4400405883789,87.09190368652344,85.4400405883789,84.50444030761719,84.50444030761719,81.59656524658203,79.37883758544922,78.74642944335938,77.79460144042969,75.58438873291016,71.84010314941406,68.88395690917969,67.91170501708984,65.30696868896484,62.817195892333984,58.694122314453125,56.29387283325195,52.95280838012695,50.695167541503906,50.0,47.434165954589844,46.81879806518555,44.94440841674805,44.94440841674805,43.46262741088867,44.0113639831543,46.2385139465332,47.92702865600586,48.703182220458984,49.72926712036133,50.21951675415039,49.162994384765625
0,-34,-95,10,30,82.49242401123047,82.15229797363281,81.6333236694336,81.83519744873047,84.59905242919922,83.35466766357422,83.24061584472656,79.75587463378906,79.64923095703125,77.89736938476562,83.18653869628906,81.88406372070312,80.52949523925781,80.52949523925781,81.39410400390625,79.2022705078125,80.23091888427734,79.30951690673828,80.23091888427734,79.30951690673828,80.23091888427734,80.23091888427734,76.92203521728516,80.23091888427734,77.82030487060547,79.15807342529297,77.82030487060547,72.94518280029297,71.58910369873047,71.58910369873047,66.24198150634766,69.97142028808594,64.35060119628906,59.36328887939453,59.07622146606445,54.708316802978516,56.30275344848633,49.09175109863281,51.61395263671875,47.50789260864258,45.17742919921875,45.17742919921875,44.283180236816406,43.416587829589844,41.231056213378906,44.777225494384766,46.957427978515625,45.694637298583984,45.17742919921875,44.65422821044922,45.607017517089844,46.75468063354492
0,-34,-95,10,36,99.82484436035156,99.04039764404297,102.61091613769531,103.7545166015625,101.0,101.0,101.20276641845703,99.46356201171875,98.48857879638672,97.01546478271484,98.95453643798828,100.28459167480469,99.92997741699219,99.92997741699219,98.67117309570312,100.24469757080078,100.6578369140625,99.29753112792969,102.31813049316406,101.51354217529297,100.88111877441406,100.5683822631836,97.73944854736328,99.72462463378906,99.29753112792969,98.67117309570312,94.9210205078125,92.444580078125,93.14505004882812,86.12781524658203,86.12200927734375,83.43260955810547,79.62411499023438,76.29547882080078,75.13321685791016,66.70832061767578,67.46851348876953,63.56099319458008,60.63827133178711,58.24087905883789,57.567352294921875,54.708316802978516,55.71355438232422,53.851646423339844,55.54277801513672,55.71355438232422,56.64803695678711,58.18934631347656,59.13543701171875,61.61168670654297,60.20797348022461,60.20797348022461
0,-35,-95,11,36,105.39450073242188,107.33592224121094,114.58621215820312,112.68096923828125,115.76268768310547,112.16059875488281,110.27692413330078,110.27692413330078,112.00446319580078,114.03946685791016,113.17684936523438,111.35977935791016,116.36150360107422,114.63420104980469,116.36150360107422,116.24542999267578,115.31695556640625,114.38968658447266,118.33004760742188,120.15406799316406,117.68601989746094,120.54045104980469,116.36150360107422,118.30891418457031,115.45128631591797,110.92339324951172,109.59014892578125,108.22661590576172,106.0660171508789,101.59724426269531,98.1121826171875,98.27003479003906,92.43917083740234,88.7524642944336,83.76156616210938,80.26206970214844,76.32168579101562,68.88395690917969,69.77105712890625,67.11929321289062,63.56099319458008,62.3939094543457,65.14598846435547,63.24555206298828,63.89052963256836,65.14598846435547,65.78753662109375,67.779052734375,70.7742919921875,70.23532104492188,68.47627258300781,71.61005401611328
0,-36,-95,12,37,119.33985137939453,121.8072280883789,125.02799987792969,125.02799987792969,127.88275909423828,127.57743072509766,125.60254669189453,127.28314971923828,127.098388671875,124.90796661376953,127.34598541259766,124.19339752197266,129.6919403076172,133.5215301513672,132.50282287597656,130.97328186035156,132.6084442138672,132.25732421875,138.0036163330078,134.48048400878906,135.41787719726562,131.67384338378906,135.0740509033203,133.79461669921875,129.65338134765625,127.20063018798828,129.12010192871094,129.83836364746094,127.4754867553711,121.20230865478516,122.0,118.37651824951172,112.00892639160156,104.69001770019531,102.59142303466797,90.55384826660156,88.27796936035156,80.62257385253906,76.79192352294922,77.66595458984375,69.63475799560547,70.3420181274414,71.16881561279297,70.83784484863281,68.70953369140625,69.85699462890625,73.53910827636719,74.09453582763672,77.8331527709961,83.81526947021484,80.41144561767578,81.3019027709961
0,-36,-95,12,36,119.47384643554688,122.44182586669922,122.44182586669922,126.50691986083984,121.21056365966797,121.21056365966797,120.43255615234375,122.64175415039062,115.9353256225586,117.99152374267578,122.3315200805664,120.066650390625,119.47384643554688,117.1836166381836,117.17081451416016,124.88794708251953,126.84636688232422,124.23365020751953,128.87591552734375,131.47242736816406,133.8245086669922,135.65028381347656,133.8245086669922,136.05880737304688,138.6542510986328,133.29666137695312,133.8431854248047,131.3697052001953,132.0757293701172,123.71337890625,118.71394348144531,115.80155181884766,111.40017700195312,105.11898040771484,102.17631530761719,100.00499725341797,92.19544219970703,84.38601684570312,77.98717498779297,74.40430450439453,74.40430450439453,71.84706115722656,66.0378646850586,68.47627258300781,66.18912506103516,69.31810760498047,72.00694274902344,74.79304504394531,74.88658142089844,77.20103454589844,73.24616241455078,75.69015502929688
0,-35,-95,10,39,106.30146026611328,108.67382049560547,110.02726745605469,108.67382049560547,106.3672866821289,105.54619598388672,108.34204864501953,103.09703826904297,105.9292221069336,101.49384307861328,103.48429870605469,101.2422866821289,102.01960754394531,101.0,99.02020263671875,105.0428466796875,102.23991394042969,102.12247467041016,104.30723571777344,106.23088073730469,107.1680908203125,110.07270050048828,112.16059875488281,109.37092590332031,109.04127502441406,113.00442504882812,110.07270050048828,109.11461639404297,106.30146026611328,104.3886947631836,101.11874389648438,98.31072998046875,95.52486419677734,95.12622833251953,89.26925659179688,82.0,81.25269317626953,73.49829864501953,69.85699462890625,70.0927963256836,66.2872543334961,65.73431396484375,62.585941314697266,59.6824951171875,61.814239501953125,63.56099319458008,60.01666259765625,64.28841400146484,61.13100814819336,61.6846809387207,61.09828186035156,63.95310592651367
0,-33,-95,9,37,87.1148681640625,87.86353302001953,88.39117431640625,89.1964111328125,89.10667419433594,87.69264221191406,86.26702880859375,84.8646011352539,83.48652648925781,82.87943267822266,83.48652648925781,83.63013458251953,83.24061584472656,82.61961364746094,81.60882568359375,83.48652648925781,82.09750366210938,81.54139709472656,84.05950164794922,85.23497009277344,83.76156616210938,86.8216552734375,84.59905242919922,85.75546264648438,85.70297241210938,85.21150207519531,86.02325439453125,84.40379333496094,82.80096435546875,83.40863037109375,80.15609741210938,80.05622863769531,75.82215881347656,72.18032836914062,70.72481536865234,70.03570556640625,65.79513549804688,62.28964614868164,56.63920974731445,55.973209381103516,54.451812744140625,51.62363815307617,50.990196228027344,49.51767349243164,50.93132781982422,50.93132781982422,49.497474670410156,50.93132781982422,51.088157653808594,50.447994232177734,50.477718353271484,52.77309799194336
0,-34,-95,9,37,87.09190368652344,88.20430755615234,88.27796936035156,88.20430755615234,88.20430755615234,87.14356231689453,85.58621215820312,83.48652648925781,81.74349975585938,83.6002426147461,83.86298370361328,79.83106994628906,83.19855499267578,79.07591247558594,81.02468872070312,80.08120727539062,82.9698715209961,78.84795379638672,81.90848541259766,81.90848541259766,82.2800064086914,86.68333435058594,80.65357971191406,84.77027893066406,84.77027893066406,81.74349975585938,83.9523696899414,82.97589874267578,80.60397338867188,80.23091888427734,78.08969116210938,78.77182006835938,77.5241928100586,73.43704986572266,71.00704193115234,68.26419067382812,64.03124237060547,58.03447341918945,56.22277069091797,55.145263671875,53.0848388671875,48.010414123535156,51.15662384033203,48.166378021240234,51.15662384033203,49.162994384765625,51.009803771972656,52.239830017089844,53.00943374633789,54.147945404052734,52.345008850097656,50.21951675415039
0,-34,-95,10,29,74.21590423583984,75.13321685791016,77.10382843017578,77.27871704101562,74.14849853515625,74.3303451538086,75.66372680664062,72.56031799316406,71.17584228515625,70.25667572021484,72.44308471679688,71.17584228515625,71.02816009521484,71.0,68.06614685058594,70.0,71.11258697509766,71.0,74.1687240600586,73.24616241455078,72.11102294921875,72.17340087890625,71.0,72.11102294921875,74.00675964355469,73.0,72.0,71.00704193115234,71.00704193115234,71.11258697509766,68.18357849121094,67.36467742919922,67.47592163085938,62.64982223510742,60.8276252746582,57.87054443359375,52.17279052734375,50.0099983215332,50.0099983215332,49.81967544555664,44.72135925292969,44.40720748901367,46.27094268798828,44.72135925292969,41.43669891357422,44.18144226074219,43.185646057128906,45.54119110107422,42.7551155090332,46.840152740478516,43.96589660644531,45.17742919921875
0,-35,-95,10,35,92.77930450439453,92.9139404296875,91.59148406982422,91.08238220214844,87.66413116455078,88.84255981445312,87.66413116455078,87.66413116455078,85.37564086914062,83.24061584472656,83.52245330810547,81.27114868164062,82.2800064086914,82.63776397705078,81.70679473876953,83.00602722167969,85.08818817138672,81.54139709472656,85.0,86.33075714111328,86.40602111816406,86.00581359863281,85.08818817138672,88.76936340332031,86.53900909423828,88.0227279663086,87.31552124023438,86.02325439453125,83.24061584472656,78.16009521484375,77.1297607421875,78.10249328613281,72.18032836914062,69.23149871826172,68.59300231933594,64.62971496582031,63.50590515136719,57.55866622924805,54.58937454223633,50.80354309082031,51.4781494140625,50.0099983215332,49.030601501464844,48.50773239135742,49.81967544555664,48.66210174560547,50.0099983215332,51.35172653198242,49.25444030761719,51.009803771972656,52.009613037109375,51.35172653198242
0,-35,-95,10,36,100.00499725341797,95.67131042480469,101.17806243896484,93.4344711303711,99.72462463378906,92.6552734375,91.93476104736328,91.21951293945312,90.55384826660156,91.43850708007812,85.91275024414062,88.72992706298828,88.81441497802734,89.05054473876953,84.87638092041016,89.8888168334961,86.60831451416016,88.83692932128906,87.8179931640625,90.55384826660156,92.43917083740234,92.11405944824219,92.35800170898438,93.19334411621094,92.0869140625,93.00537872314453,89.40357971191406,92.45539093017578,85.42832946777344,87.20664978027344,81.46778869628906,82.03657531738281,79.24645233154297,74.96665954589844,72.13875579833984,70.83784484863281,65.0691909790039,61.55485534667969,57.982757568359375,54.451812744140625,55.865909576416016,51.62363815307617,52.40229034423828,50.32891845703125,51.6623649597168,53.81449508666992,53.037723541259766,52.32590103149414,55.226806640625,53.26349639892578,54.64430618286133,53.712196350097656
0,-36,-95,10,39,106.51290893554688,108.85311126708984,107.15409088134766,108.07867431640625,102.15674591064453,103.12128448486328,100.90093994140625,98.68130493164062,100.5683822631836,96.16651916503906,96.76776123046875,96.3016128540039,95.56673431396484,94.5938720703125,99.04039764404297,93.38094329833984,99.84988403320312,91.66242218017578,101.40019989013672,100.4987564086914,101.49384307861328,103.5857162475586,99.14131164550781,104.08650207519531,102.42070007324219,102.18121337890625,105.32331085205078,101.13851928710938,101.39033508300781,96.5660400390625,95.81753540039062,90.13877868652344,87.66413116455078,86.16263580322266,82.46211242675781,75.64390563964844,73.34848022460938,68.94200134277344,64.8459701538086,62.64982223510742,57.93962478637695,55.973209381103516,58.18934631347656,56.920997619628906,57.567352294921875,59.46427536010742,58.52349853515625,59.80802536010742,59.03388977050781,62.7694206237793,59.90826416015625,63.03173828125
0,-35,-95,10,37,96.7470932006836,98.1121826171875,95.77056121826172,98.88377380371094,93.02149963378906,94.82615661621094,92.13034057617188,91.23595428466797,90.78546142578125,90.2496566772461,90.2496566772461,91.08238220214844,89.1852035522461,89.84430694580078,89.5600357055664,89.28605651855469,92.96235656738281,86.12200927734375,95.12622833251953,95.12622833251953,94.3663101196289,97.74456787109375,93.39164733886719,97.49359130859375,96.31718444824219,99.20181274414062,96.16651916503906,95.18928527832031,96.76776123046875,92.02716827392578,88.39117431640625,89.47066497802734,85.42247772216797,81.41252899169922,76.66159057617188,71.58910369873047,70.8307876586914,65.86349487304688,61.773780822753906,59.53990173339844,54.58937454223633,56.82429122924805,52.92447280883789,54.7813835144043,53.712196350097656,52.0,54.230987548828125,54.625999450683594,54.120235443115234,56.93856430053711,56.035701751708984,57.48912811279297
0,-35,-95,10,35,87.8464584350586,87.8464584350586,89.53770446777344,87.09190368652344,86.97700500488281,85.09406280517578,86.97700500488281,83.81526947021484,83.52245330810547,83.93450164794922,85.86617279052734,84.92938232421875,82.37718200683594,81.21575927734375,81.88406372070312,86.70063781738281,85.21150207519531,89.27485656738281,87.00574493408203,90.13877868652344,91.26883697509766,91.26883697509766,93.26306915283203,95.2575454711914,93.77099609375,93.64827728271484,93.05912017822266,92.39588928222656,90.02777099609375,93.17188262939453,89.02246856689453,86.97700500488281,85.070556640625,80.23091888427734,75.23961639404297,74.73285675048828,69.7782211303711,64.40496826171875,60.41522979736328,57.245086669921875,56.46237564086914,52.0,52.92447280883789,50.59644317626953,50.59644317626953,50.59644317626953,50.9215087890625,53.75872039794922,54.625999450683594,55.4707145690918,54.20331954956055,54.81787872314453
0,-34,-95,9,40,85.14693450927734,86.34812927246094,83.52245330810547,85.4400405883789,84.43340301513672,84.11896514892578,84.50444030761719,83.93450164794922,83.77350616455078,83.25863647460938,82.76472473144531,84.07734680175781,85.08818817138672,85.58621215820312,84.38008880615234,87.3670425415039,88.81441497802734,87.92041778564453,91.60785675048828,92.20086669921875,93.00537872314453,95.44107818603516,95.69221496582031,98.22932434082031,99.32270812988281,98.27003479003906,98.1121826171875,97.1287841796875,98.0051040649414,93.4772720336914,91.78779602050781,92.70382690429688,89.31964874267578,86.16263580322266,84.43340301513672,78.16009521484375,77.1297607421875,70.3420181274414,66.94026947021484,63.78871536254883,59.90826416015625,59.4810905456543,57.87054443359375,55.36244201660156,55.36244201660156,53.141319274902344,57.245086669921875,57.87054443359375,59.203041076660156,60.01666259765625,58.30952072143555,58.00862121582031
0,-34,-95,10,31,73.34848022460938,71.17584228515625,74.67261505126953,73.38937377929688,70.93659210205078,68.70953369140625,68.96376037597656,68.680419921875,67.44627380371094,71.58910369873047,71.80529022216797,71.56814575195312,73.68174743652344,74.67261505126953,72.11102294921875,73.06161499023438,73.00685119628906,73.10950469970703,76.0,81.00617218017578,79.0,82.0,79.15807342529297,83.0,82.09750366210938,82.15229797363281,84.148681640625,84.71717834472656,79.6303939819336,82.20097351074219,79.24645233154297,78.64476776123047,77.36924743652344,73.24616241455078,74.94664764404297,68.680419921875,63.24555206298828,61.98386764526367,62.93647766113281,55.36244201660156,53.75872039794922,49.39635467529297,52.88667297363281,49.04079818725586,51.41984176635742,47.53945541381836,49.72926712036133,50.32891845703125,49.76947021484375,50.537113189697266,53.66563034057617,54.64430618286133
0,-34,-95,10,31,73.17103576660156,70.25667572021484,77.78174591064453,74.5452880859375,77.5241928100586,69.72087097167969,72.83543395996094,69.63475799560547,73.00685119628906,72.03471374511719,71.84010314941406,68.96376037597656,73.38937377929688,70.57620239257812,68.70953369140625,71.17584228515625,70.68238830566406,71.17584228515625,74.24958038330078,77.82672882080078,76.92203521728516,76.92203521728516,76.92203521728516,79.17701721191406,79.7057113647461,76.15773010253906,78.72102355957031,78.79086303710938,72.23572540283203,76.89603424072266,73.38937377929688,75.61084747314453,73.68174743652344,69.57010650634766,68.15423583984375,63.60031509399414,63.56099319458008,61.84658432006836,57.723480224609375,53.600372314453125,55.10898208618164,53.600372314453125,53.16013717651367,52.63079071044922,53.16013717651367,49.47726821899414,50.21951675415039,51.788028717041016,50.80354309082031,55.3263053894043,53.037723541259766,51.088157653808594
0,-34,-95,9,38,87.46427917480469,88.39117431640625,84.75848388671875,88.60022735595703,84.75848388671875,85.72631072998047,84.77027893066406,82.9698715209961,81.74349975585938,79.62411499023438,80.60397338867188,81.21575927734375,82.73451232910156,80.7527084350586,83.48652648925781,82.2982406616211,84.2911605834961,81.09870910644531,85.05292510986328,84.05355072021484,85.09406280517578,88.09085845947266,84.05355072021484,87.02298736572266,86.14522552490234,89.20201873779297,90.19977569580078,86.37129211425781,87.69264221191406,83.86298370361328,86.14522552490234,84.17243957519531,82.56512451171875,76.68767547607422,76.90253448486328,72.53275299072266,71.56814575195312,66.48307800292969,67.18630981445312,65.0,62.64183807373047,62.09669876098633,57.723480224609375,60.87692642211914,59.4810905456543,58.24087905883789,57.87054443359375,58.30952072143555,57.93962478637695,60.373836517333984,60.0333251953125,59.90826416015625
0,-34,-95,9,37,84.59905242919922,83.6480712890625,85.0,86.31338500976562,84.17243957519531,83.25863647460938,83.77350616455078,81.3449478149414,79.47956085205078,80.05622863769531,81.59656524658203,82.2192153930664,81.04319763183594,80.08120727539062,80.52328491210938,81.25269317626953,81.58431243896484,78.64476776123047,84.5280990600586,85.15867614746094,82.56512451171875,86.68333435058594,81.58431243896484,85.70297241210938,85.14693450927734,85.14693450927734,83.9523696899414,82.71033477783203,82.9698715209961,81.04319763183594,80.3243408203125,79.37883758544922,77.49193572998047,71.16881561279297,70.93659210205078,67.23094177246094,65.39112854003906,60.008331298828125,60.008331298828125,58.872745513916016,56.46237564086914,55.71355438232422,55.36244201660156,57.00876998901367,56.30275344848633,55.154327392578125,55.154327392578125,55.03635025024414,56.35601043701172,56.080299377441406,54.08327102661133,53.90732955932617
0,-33,-95,8,40,79.7057113647461,79.30951690673828,81.70679473876953,79.12016296386719,78.18567657470703,80.3243408203125,79.69943237304688,78.16009521484375,77.6208724975586,78.58753204345703,81.25269317626953,79.83106994628906,80.60397338867188,81.58431243896484,81.21575927734375,81.88406372070312,82.49242401123047,80.62257385253906,84.48076629638672,84.38008880615234,83.72574615478516,84.59314727783203,81.88406372070312,86.83317565917969,83.02409362792969,85.15867614746094,82.37718200683594,82.76472473144531,81.25269317626953,80.52328491210938,78.84795379638672,76.5375747680664,73.05477142333984,68.94925689697266,68.3520278930664,63.90618133544922,61.09828186035156,56.64803695678711,53.48831558227539,51.865211486816406,51.244510650634766,50.695167541503906,50.447994232177734,49.47726821899414,50.695167541503906,48.764739990234375,50.695167541503906,49.33558654785156,49.04079818725586,50.990196228027344,49.24428939819336,49.648765563964844
0,-34,-95,9,35,68.59300231933594,68.62215423583984,71.58910369873047,70.03570556640625,69.52696990966797,71.70076751708984,70.60453033447266,71.84706115722656,71.28113555908203,74.625732421875,74.625732421875,73.9256362915039,74.30342864990234,75.66372680664062,75.29276275634766,77.89736938476562,76.92203521728516,77.82672882080078,79.15807342529297,79.64923095703125,80.13114166259766,83.24061584472656,80.52949523925781,80.52949523925781,81.4923324584961,79.25907135009766,77.69813537597656,79.05693817138672,74.88658142089844,75.0,73.40980529785156,70.29224395751953,69.20259857177734,66.48307800292969,62.96824645996094,60.10823440551758,56.63920974731445,50.91168975830078,48.79549026489258,48.27007293701172,47.423622131347656,42.63801193237305,46.86149978637695,42.01190185546875,44.04542922973633,44.40720748901367,45.0,44.68780517578125,45.96738052368164,45.96738052368164,44.821868896484375,43.600460052490234
0,-34,-95,9,35,67.91170501708984,68.06614685058594,66.91038513183594,70.57620239257812,70.25667572021484,67.26811981201172,69.1158447265625,69.00724792480469,69.0,70.0,73.0,71.0,75.02666473388672,75.02666473388672,75.23961639404297,74.24284362792969,77.5241928100586,76.2364730834961,77.41446685791016,78.23043060302734,79.22752380371094,79.05693817138672,77.02597045898438,82.00609588623047,80.0,79.0,78.10249328613281,76.16429901123047,75.23961639404297,71.56814575195312,69.87130737304688,71.58910369873047,67.89698028564453,62.585941314697266,64.28841400146484,58.24946212768555,54.4058837890625,49.648765563964844,49.72926712036133,46.840152740478516,46.3249397277832,44.384681701660156,42.95346450805664,43.931766510009766,42.20189666748047,42.7551155090332,41.231056213378906,44.384681701660156,41.761226654052734,42.72002029418945,42.154476165771484,43.416587829589844
0,-34,-95,9,35,68.62215423583984,68.3081283569336,67.779052734375,65.92420196533203,70.26378631591797,67.62396240234375,67.62396240234375,65.76473236083984,67.5351791381836,67.41661834716797,68.26419067382812,71.56116485595703,69.63475799560547,69.63475799560547,69.40460968017578,73.60027313232422,72.20111083984375,75.0,73.87828063964844,78.24320983886719,78.60025787353516,77.20103454589844,75.80237579345703,76.83749389648438,79.05693817138672,76.27581787109375,73.24616241455078,76.15773010253906,72.4706802368164,72.00694274902344,69.77105712890625,69.85699462890625,66.70832061767578,63.158531188964844,60.539241790771484,58.872745513916016,57.245086669921875,50.9215087890625,50.32891845703125,44.0113639831543,45.880279541015625,43.08131790161133,41.62931823730469,40.853397369384766,41.146080017089844,38.4837646484375,40.49691390991211,41.1096076965332,39.924930572509766,40.52159881591797,39.051246643066406,39.458839416503906
0,-34,-95,9,36,77.05841827392578,75.23961639404297,75.42546081542969,75.66372680664062,73.68174743652344,73.97972869873047,73.34848022460938,74.95331573486328,73.75635528564453,71.56814575195312,71.84010314941406,74.0,74.0,75.61084747314453,75.02666473388672,76.69419860839844,77.6208724975586,77.077880859375,80.05622863769531,79.30951690673828,79.30951690673828,84.30895233154297,80.23091888427734,81.54139709472656,77.8331527709961,80.65357971191406,77.79460144042969,80.08120727539062,78.16009521484375,75.92759704589844,74.73285675048828,71.80529022216797,70.03570556640625,64.49806213378906,64.38167572021484,61.52235412597656,58.4208869934082,53.33854293823242,51.35172653198242,50.35871505737305,47.381431579589844,47.381431579589844,44.55333709716797,44.283180236816406,45.7055778503418,42.7551155090332,41.773197174072266,42.95346450805664,42.42640686035156,42.19004440307617,42.10700607299805,42.10700607299805
0,-34,-95,10,30,71.11258697509766,75.58438873291016,74.32361602783203,74.73285675048828,73.16419982910156,72.44998168945312,73.16419982910156,71.86793518066406,71.7844009399414,70.88018035888672,71.16881561279297,70.0927963256836,71.30918884277344,71.0633544921875,70.61161041259766,75.31268310546875,73.16419982910156,72.36711883544922,74.67261505126953,75.66372680664062,75.31268310546875,76.11833190917969,74.81310272216797,74.3303451538086,75.31268310546875,75.50496673583984,75.70997619628906,76.24303436279297,73.49829864501953,71.16881561279297,67.67569732666016,69.6419448852539,67.23094177246094,65.0,59.93329620361328,59.03388977050781,55.90169906616211,51.0,48.754486083984375,46.097721099853516,46.615447998046875,44.283180236816406,43.65776062011719,45.694637298583984,43.08131790161133,42.05948257446289,40.70626449584961,41.59326934814453,41.67733383178711,42.72002029418945,39.4461669921875,41.86884307861328
0,-34,-95,10,32,79.76214599609375,80.60397338867188,78.44743347167969,83.18653869628906,81.58431243896484,81.78630828857422,80.80841827392578,78.33900451660156,78.64476776123047,75.0,76.24303436279297,78.74642944335938,74.09453582763672,76.55716705322266,76.69419860839844,79.7057113647461,77.87811279296875,74.32361602783203,81.39410400390625,77.36924743652344,80.52949523925781,80.49844360351562,78.79086303710938,81.41252899169922,82.76472473144531,81.02468872070312,80.62257385253906,78.0,78.18567657470703,75.96051788330078,74.04052734375,73.49829864501953,68.3081283569336,65.96968841552734,66.2872543334961,60.16643524169922,57.9741325378418,54.34151077270508,51.195701599121094,49.030601501464844,46.840152740478516,44.643028259277344,43.96589660644531,44.92215347290039,43.96589660644531,41.48493576049805,42.95346450805664,43.17406463623047,44.9110221862793,43.416587829589844,43.185646057128906,45.0111083984375
0,-35,-95,10,33,84.64632415771484,83.52245330810547,83.93450164794922,82.46211242675781,84.17243957519531,80.28075408935547,84.72307586669922,78.77182006835938,83.72574615478516,84.01190185546875,81.39410400390625,81.61495208740234,85.58621215820312,83.2946548461914,83.15046691894531,84.05355072021484,79.10120391845703,84.00595092773438,87.0,85.0,86.0,83.0,86.14522552490234,86.00581359863281,87.02298736572266,85.14693450927734,83.15046691894531,80.05622863769531,78.4091796875,78.51751708984375,78.77182006835938,76.94153594970703,71.84706115722656,68.65857696533203,65.0,62.817195892333984,58.694122314453125,52.39274597167969,53.45091247558594,52.17279052734375,47.29693603515625,44.283180236816406,46.52956008911133,45.27692413330078,43.416587829589844,45.39823913574219,46.52956008911133,43.416587829589844,45.35416030883789,46.840152740478516,42.72002029418945,42.48529052734375
0,-34,-95,9,39,93.49331665039062,94.87360382080078,97.75479888916016,94.87360382080078,94.33981323242188,96.3846435546875,97.1287841796875,93.53608703613281,92.59049987792969,93.02149963378906,92.66067504882812,93.91485595703125,92.13577270507812,93.10746765136719,91.78779602050781,94.5409927368164,93.23089599609375,92.8493423461914,94.33981323242188,95.63471984863281,96.3846435546875,96.93296813964844,94.02127075195312,94.15412902832031,95.2732925415039,93.471923828125,93.05912017822266,90.42676544189453,86.95401000976562,86.09297180175781,81.83519744873047,80.99382781982422,78.49203491210938,73.23933410644531,72.20111083984375,67.20118713378906,64.66065216064453,61.073726654052734,54.671749114990234,53.413482666015625,49.20365905761719,46.40043258666992,48.25971221923828,45.486263275146484,46.3249397277832,45.650848388671875,44.41846466064453,47.16990661621094,46.615447998046875,45.45327377319336,46.097721099853516,45.27692413330078
0,-34,-95,10,35,89.69392395019531,91.92388153076172,91.54779815673828,93.40770721435547,88.0227279663086,93.40770721435547,91.76055908203125,92.02716827392578,89.8888168334961,88.8875732421875,91.48223876953125,93.39164733886719,91.7823486328125,92.96235656738281,94.3663101196289,92.19544219970703,94.72592163085938,90.8019790649414,95.90099334716797,95.12622833251953,94.5938720703125,95.56673431396484,91.4439697265625,97.32420349121094,92.6498794555664,94.11163330078125,90.52071380615234,87.59566497802734,88.60022735595703,83.57032775878906,82.63776397705078,79.2022705078125,75.64390563964844,70.66116333007812,69.83551788330078,63.95310592651367,61.717098236083984,56.79788589477539,52.77309799194336,50.537113189697266,45.617977142333984,46.615447998046875,44.0113639831543,43.32435989379883,42.05948257446289,41.1096076965332,41.43669891357422,42.154476165771484,43.32435989379883,42.72002029418945,41.59326934814453,40.8166618347168
0,-34,-95,9,39,93.471923828125,96.60745239257812,96.25486755371094,97.98979187011719,97.57561492919922,97.69339752197266,98.23441314697266,96.2081069946289,95.2732925415039,95.85926818847656,96.4624252319336,96.76776123046875,98.76234436035156,99.04039764404297,98.76234436035156,98.95453643798828,97.51409912109375,97.98469543457031,102.61091613769531,102.61091613769531,100.89598846435547,103.07764434814453,97.80081939697266,99.92497253417969,100.57833099365234,100.57833099365234,98.03060913085938,95.2732925415039,92.4770278930664,92.8493423461914,89.55445098876953,85.90692901611328,84.53401947021484,78.29431915283203,74.30342864990234,71.19690704345703,68.09552001953125,62.96824645996094,60.464866638183594,56.080299377441406,53.0,51.97114562988281,49.19349670410156,46.957427978515625,46.06517028808594,45.18849563598633,44.0113639831543,47.01063537597656,44.72135925292969,45.79301071166992,47.16990661621094,45.607017517089844
0,-34,-95,9,37,87.28115844726562,88.25531005859375,90.2496566772461,91.76055908203125,89.31964874267578,89.8888168334961,89.69392395019531,88.23831176757812,87.8464584350586,87.23531341552734,90.8019790649414,89.0,87.6584243774414,89.47066497802734,88.1929702758789,89.55445098876953,90.55384826660156,88.6848373413086,91.06591033935547,91.92388153076172,92.1791763305664,92.59049987792969,91.7060546875,93.05912017822266,90.8019790649414,89.55445098876953,87.8464584350586,86.53900909423828,82.2800064086914,81.59656524658203,80.36167907714844,79.12016296386719,73.76313781738281,70.8307876586914,67.26811981201172,64.13267517089844,60.01666259765625,56.08921432495117,53.93514633178711,52.17279052734375,48.05205535888672,45.35416030883789,44.643028259277344,45.35416030883789,44.384681701660156,42.72002029418945,43.96589660644531,44.384681701660156,42.44997024536133,44.72135925292969,43.416587829589844,43.0
0,-33,-95,9,38,92.76313781738281,92.6552734375,93.34880828857422,94.06912231445312,91.92388153076172,94.04785919189453,92.6552734375,92.6552734375,92.69843292236328,90.02777099609375,89.9388656616211,92.31468200683594,92.61749267578125,92.61749267578125,92.20086669921875,94.04785919189453,92.9139404296875,92.6552734375,96.51942443847656,95.44107818603516,94.40338897705078,96.02082824707031,94.20191192626953,96.02082824707031,94.64142608642578,94.4933853149414,90.90654754638672,89.1964111328125,87.1148681640625,84.2199478149414,82.73451232910156,79.90619659423828,75.07329559326172,73.59347534179688,69.02897644042969,65.94694519042969,64.03124237060547,60.4400520324707,54.81787872314453,54.671749114990234,49.57822036743164,50.2493782043457,46.66904830932617,46.66904830932617,45.27692413330078,43.863426208496094,43.863426208496094,46.66904830932617,45.27692413330078,47.50789260864258,44.40720748901367,43.5660400390625
0,-33,-95,9,37,86.5794448852539,89.67720031738281,88.81441497802734,91.78779602050781,87.69264221191406,90.09439849853516,88.84255981445312,87.29833984375,85.14693450927734,87.86353302001953,89.05054473876953,88.76936340332031,90.2496566772461,87.80091094970703,89.02246856689453,87.93179321289062,90.75791931152344,86.68333435058594,94.2443618774414,91.7060546875,91.76055908203125,90.8019790649414,88.05680084228516,91.21403503417969,90.47099304199219,90.24411010742188,87.66413116455078,85.32877349853516,83.18653869628906,77.64663696289062,80.62257385253906,76.32168579101562,72.24956512451172,69.065185546875,66.00757598876953,62.032249450683594,60.008331298828125,55.0,54.0,50.03998565673828,49.04079818725586,49.25444030761719,45.27692413330078,45.17742919921875,44.283180236816406,43.28972244262695,44.18144226074219,44.18144226074219,44.0113639831543,45.0,44.04542922973633,43.73785400390625
0,-34,-95,10,33,88.20430755615234,84.90583038330078,89.55445098876953,86.35391998291016,87.70974731445312,86.76981353759766,85.8836441040039,87.23531341552734,85.42247772216797,84.5280990600586,84.5813217163086,84.30895233154297,86.53900909423828,86.16263580322266,86.92525482177734,88.60022735595703,81.93289947509766,84.50444030761719,84.50444030761719,89.8888168334961,89.31964874267578,89.69392395019531,86.33075714111328,87.46427917480469,87.32124328613281,85.90692901611328,83.63013458251953,85.58621215820312,77.89736938476562,78.71467590332031,72.71863555908203,72.94518280029297,70.49113464355469,67.67569732666016,65.21502685546875,61.29437255859375,57.42821502685547,53.823787689208984,53.5350341796875,50.477718353271484,49.39635467529297,48.764739990234375,45.650848388671875,46.52956008911133,44.41846466064453,46.3249397277832,44.777225494384766,45.486263275146484,46.04345703125,47.20169448852539,44.55333709716797,45.27692413330078
0,-34,-95,9,40,100.00499725341797,100.0,104.00480651855469,99.00505065917969,102.04410552978516,96.02082824707031,99.18164825439453,97.25225067138672,97.41663360595703,99.50376892089844,98.41239929199219,100.60317993164062,100.12991333007812,100.84146118164062,98.85848236083984,103.4069595336914,100.44898986816406,101.27191162109375,99.82484436035156,102.59142303466797,103.24727630615234,102.956298828125,101.83319854736328,101.96568298339844,101.49384307861328,100.31948852539062,97.1287841796875,98.12747192382812,93.02149963378906,91.0,87.05171203613281,86.02325439453125,80.15609741210938,78.23043060302734,75.23961639404297,71.25306701660156,66.48307800292969,62.3939094543457,59.304298400878906,54.230987548828125,55.081756591796875,50.0099983215332,54.037025451660156,52.009613037109375,52.08646774291992,54.0,53.00943374633789,55.081756591796875,54.147945404052734,54.33230972290039,52.95280838012695,53.16013717651367
0,-35,-95,10,36,96.51942443847656,100.12492370605469,100.60317993164062,99.4032211303711,98.40731811523438,97.00515747070312,97.6166000366211,98.71676635742188,98.71676635742188,97.83660125732422,98.59513092041016,99.82484436035156,98.31072998046875,100.41912078857422,99.76472473144531,100.44898986816406,100.41912078857422,99.76472473144531,102.55242919921875,101.17806243896484,100.44898986816406,101.86265563964844,97.67292022705078,101.17806243896484,100.00499725341797,96.67471313476562,96.21330261230469,92.45539093017578,91.21403503417969,90.21086120605469,86.26702880859375,84.31488800048828,79.61155700683594,75.80237579345703,70.32780456542969,65.3681869506836,64.0078125,58.5918083190918,53.851646423339844,52.47856521606445,52.430908203125,48.41487503051758,47.801673889160156,48.166378021240234,48.83646011352539,48.27007293701172,50.32891845703125,51.7397346496582,50.447994232177734,51.865211486816406,51.97114562988281,52.801513671875
0,-35,-95,10,37,99.92497253417969,100.66280364990234,101.0,106.30146026611328,101.41498565673828,101.20276641845703,103.16007232666016,98.47842407226562,99.46356201171875,103.4069595336914,102.956298828125,101.83319854736328,102.48902130126953,101.59724426269531,100.31948852539062,101.2422866821289,103.17460632324219,98.18350219726562,104.04325866699219,104.04325866699219,103.23758697509766,104.30723571777344,99.60923767089844,101.2422866821289,98.50888061523438,97.73944854736328,95.88534545898438,94.76286315917969,92.22798156738281,91.24143981933594,87.86353302001953,82.97589874267578,80.04998779296875,74.72616577148438,70.0927963256836,63.89052963256836,61.6846809387207,53.851646423339844,51.195701599121094,47.51841735839844,48.50773239135742,44.10215377807617,46.010868072509766,46.010868072509766,46.010868072509766,46.173583984375,47.16990661621094,49.162994384765625,50.0099983215332,51.009803771972656,49.36598205566406,49.648765563964844
0,-35,-95,10,39,109.5627670288086,109.5627670288086,117.98728942871094,114.23221588134766,114.58621215820312,111.42710876464844,112.94689178466797,111.3283462524414,114.23221588134766,114.48143768310547,111.62885284423828,114.17967987060547,115.24755859375,116.21101379394531,114.28472900390625,114.01753997802734,112.29425811767578,113.75851440429688,113.26517486572266,113.50770568847656,113.75851440429688,114.72576141357422,109.76793670654297,111.12605285644531,110.36756896972656,108.50345611572266,108.2681884765625,101.76934814453125,100.7223892211914,98.0866928100586,94.81033325195312,92.57429504394531,89.94442749023438,80.13114166259766,78.54934692382812,71.34423828125,66.2872543334961,61.587337493896484,59.90826416015625,52.839378356933594,47.41307830810547,44.283180236816406,43.65776062011719,41.78516387939453,44.384681701660156,45.12205505371094,45.54119110107422,47.07440948486328,45.89117431640625,48.764739990234375,49.04079818725586,49.76947021484375
0,-35,-95,11,35,109.55364227294922,112.05802154541016,112.05802154541016,113.99122619628906,112.60550689697266,113.0177001953125,113.53413391113281,114.73883056640625,113.3710708618164,112.37882232666016,114.2365951538086,113.6485824584961,115.38197326660156,115.38197326660156,113.14591979980469,114.93476104736328,115.95257568359375,111.89280700683594,114.63420104980469,114.06138610839844,113.60017395019531,114.49454498291016,112.29425811767578,109.1650161743164,110.53506469726562,111.50785064697266,106.55046081542969,101.54801940917969,102.39628601074219,94.57801055908203,91.52595520019531,93.00537872314453,86.21485137939453,81.21575927734375,79.02531433105469,69.65629577636719,66.70832061767578,63.03173828125,58.898216247558594,52.430908203125,49.09175109863281,47.01063537597656,46.957427978515625,43.863426208496094,42.72002029418945,44.94440841674805,46.81879806518555,45.880279541015625,46.615447998046875,48.332183837890625,49.24428939819336,48.02082824707031
0,-36,-95,12,36,137.63720703125,139.4022979736328,140.0,143.0034942626953,139.62808227539062,141.400146484375,141.49559020996094,138.8416290283203,142.00352478027344,141.2090606689453,142.00352478027344,140.08926391601562,138.8416290283203,140.8687286376953,138.53880310058594,140.46351623535156,142.4254150390625,136.88316345214844,139.51702880859375,137.5354461669922,138.05795288085938,139.31259155273438,133.8095703125,133.8431854248047,131.24404907226562,127.88275909423828,116.2497329711914,113.74093627929688,114.90866088867188,107.89810180664062,102.08329772949219,99.02020263671875,90.97252655029297,87.46427917480469,80.77747344970703,77.38862609863281,74.40430450439453,66.21932983398438,65.85590362548828,65.85590362548828,67.26811981201172,65.85590362548828,63.89052963256836,68.4105224609375,67.35725402832031,68.11754608154297,70.93659210205078,71.4212875366211,72.34638977050781,72.00694274902344,70.8307876586914,68.47627258300781
0,-39,-95,15,26,114.15778350830078,108.11567687988281,106.01886749267578,102.17631530761719,106.07544708251953,104.17293548583984,106.01886749267578,106.00471496582031,104.01922607421875,106.00471496582031,106.00471496582031,104.00480651855469,104.07689666748047,106.00471496582031,106.01886749267578,107.07473754882812,108.16654205322266,114.1095962524414,108.11567687988281,112.1115493774414,112.00446319580078,112.0,119.00420379638672,120.0,123.06502532958984,127.098388671875,121.10326385498047,118.1524429321289,113.1591796875,105.1712875366211,101.17806243896484,96.13011932373047,92.13577270507812,85.02352905273438,82.0,76.10519409179688,72.17340087890625,66.48307800292969,65.76473236083984,68.15423583984375,67.44627380371094,69.57010650634766,69.6419448852539,73.38937377929688,72.44998168945312,74.0,77.20103454589844,79.55501556396484,78.85429382324219,80.8949966430664,78.10249328613281,76.02631378173828
0,-40,-95,17,24,100.40418243408203,100.43903350830078,97.45255279541016,98.0051040649414,95.13148498535156,95.13148498535156,94.02127075195312,97.6166000366211,97.6166000366211,99.35794067382812,96.40020751953125,98.23441314697266,102.94173431396484,103.23274993896484,105.0,103.23274993896484,110.43550109863281,108.00463104248047,114.40279388427734,113.2254409790039,109.83624267578125,111.3058853149414,109.17874908447266,115.00434875488281,114.06138610839844,116.6190414428711,126.19429779052734,128.70509338378906,128.7361602783203,125.87295532226562,116.76043701171875,111.97321319580078,109.11003875732422,99.02020263671875,93.40770721435547,86.92525482177734,81.41252899169922,76.66159057617188,74.06078338623047,74.65252685546875,79.93122100830078,81.39410400390625,85.70297241210938,87.86353302001953,89.3756103515625,93.38094329833984,94.76286315917969,100.6578369140625,102.2007827758789,102.34255981445312,99.76472473144531,98.89894104003906
0,-41,-95,16,31,167.5977325439453,159.80613708496094,159.22625732421875,152.76124572753906,152.76124572753906,154.15576171875,154.15576171875,154.9354705810547,155.56349182128906,160.58953857421875,156.9777069091797,159.96249389648438,158.61903381347656,162.7882080078125,164.9393768310547,167.02694702148438,168.67127990722656,171.94476318359375,165.7588653564453,167.76470947265625,168.29736328125,171.1256866455078,173.31185913085938,171.21331787109375,169.11830139160156,163.35543823242188,150.69505310058594,144.2567138671875,138.6217803955078,127.28707885742188,120.28299713134766,115.3126220703125,107.1680908203125,100.42410278320312,94.02127075195312,86.53323364257812,82.92768096923828,77.82030487060547,75.7693862915039,77.20103454589844,78.33900451660156,81.88406372070312,86.5794448852539,88.81441497802734,95.75489807128906,96.87621307373047,101.43470764160156,102.39140319824219,106.48004150390625,105.10946655273438,105.60302734375,106.32967376708984
0,-41,-95,18,25,48.50773239135742,42.01190185546875,31.400636672973633,30.01666259765625,28.017850875854492,35.693138122558594,30.805843353271484,35.35533905029297,40.26164245605469,38.07886505126953,41.1096076965332,42.10700607299805,44.0113639831543,44.0,50.0099983215332,48.0,55.44366455078125,59.21148681640625,59.07622146606445,61.00819778442383,64.0078125,66.00757598876953,75.00666809082031,77.0,84.148681640625,92.26592254638672,103.0436782836914,110.00454711914062,117.0042724609375,127.03543090820312,122.0,118.03813171386719,107.00466918945312,98.04590606689453,95.42536163330078,87.132080078125,79.62411499023438,74.04052734375,74.84651184082031,77.02597045898438,76.5506362915039,80.60397338867188,87.32124328613281,89.20201873779297,93.23625946044922,100.0,103.73042297363281,108.5587387084961,107.04204559326172,108.6876220703125,110.05453491210938,106.96260833740234
0,-42,-95,17,30,145.086181640625,137.8767547607422,131.4686279296875,128.8099365234375,124.40257263183594,126.15070343017578,129.7266387939453,132.54811096191406,131.04579162597656,135.36985778808594,136.88316345214844,140.2462158203125,143.84019470214844,147.00340270996094,151.34397888183594,148.22280883789062,157.00318908691406,157.2672882080078,160.0,159.2984619140625,166.7123260498047,166.19265747070312,171.94476318359375,163.3799285888672,171.8400421142578,170.74249267578125,157.95252990722656,152.3056182861328,142.63589477539062,133.95895385742188,127.56175231933594,119.01680755615234,109.01834869384766,103.2279052734375,98.18350219726562,90.73587799072266,85.47514343261719,80.05622863769531,77.6208724975586,80.41144561767578,81.39410400390625,86.46965026855469,90.13877868652344,92.13577270507812,96.25486755371094,99.60923767089844,101.83319854736328,108.18965148925781,107.70793914794922,111.68258666992188,108.2681884765625,108.24047088623047
0,-42,-95,20,15,130.41856384277344,125.80142974853516,125.71794128417969,119.8165283203125,119.8165283203125,111.83023071289062,114.82595825195312,114.03946685791016,114.03946685791016,112.00446319580078,112.44554138183594,117.61377716064453,123.55565643310547,117.9237060546875,120.28299713134766,124.52308654785156,127.34991455078125,120.93386840820312,129.4024658203125,129.44883728027344,124.57929229736328,126.25371551513672,125.41929626464844,129.27490234375,130.38404846191406,129.65338134765625,140.4599609375,136.8941192626953,128.35107421875,122.9837417602539,113.14591979980469,108.70602416992188,101.71037292480469,94.15412902832031,88.20430755615234,80.80223083496094,77.23341369628906,73.55270385742188,72.00694274902344,72.67048645019531,73.24616241455078,76.05918884277344,80.49844360351562,84.09518432617188,85.86617279052734,90.8019790649414,95.77056121826172,99.4786376953125,99.6242904663086,98.85848236083984,100.41912078857422,98.71676635742188
0,-41,-95,17,29,42.296573638916016,38.07886505126953,32.572994232177734,32.24903106689453,35.84689712524414,34.885528564453125,36.67424011230469,38.897300720214844,38.4837646484375,40.26164245605469,35.693138122558594,39.11521530151367,39.11521530151367,42.01190185546875,42.01190185546875,42.10700607299805,42.95346450805664,48.50773239135742,44.55333709716797,44.10215377807617,48.010414123535156,52.0,61.20457458496094,59.0,68.59300231933594,75.53807067871094,90.79647827148438,99.72462463378906,109.17874908447266,117.83463287353516,128.56126403808594,120.5985107421875,113.21660614013672,98.24967956542969,91.13726043701172,80.0062484741211,71.34423828125,65.51335906982422,59.46427536010742,60.41522979736328,59.203041076660156,64.53681182861328,70.72481536865234,75.74298858642578,81.56592559814453,85.04116821289062,88.45903015136719,97.62171936035156,95.7757797241211,102.80078125,100.95543670654297,103.31505584716797
0,-41,-95,17,28,153.67498779296875,148.67750549316406,151.48927307128906,141.99295043945312,145.8663787841797,144.8102264404297,144.8102264404297,150.57223510742188,147.4347381591797,153.38839721679688,147.1223907470703,151.8189697265625,151.822265625,151.8189697265625,150.08331298828125,153.3786163330078,153.3786163330078,158.21820068359375,155.90060424804688,155.90060424804688,160.0,157.00318908691406,167.36187744140625,167.36187744140625,171.89822387695312,177.51901245117188,170.42593383789062,156.3105926513672,152.83978271484375,139.44532775878906,130.29965209960938,119.60350799560547,110.34491729736328,101.11874389648438,91.21951293945312,80.62257385253906,71.70076751708984,62.433963775634766,57.245086669921875,57.28001403808594,58.54912567138672,64.07027435302734,67.00746154785156,69.35416412353516,74.3303451538086,81.39410400390625,85.28775024414062,90.04998779296875,97.00515747070312,99.50376892089844,98.84330749511719,95.60334777832031
0,-41,-95,17,28,71.28113555908203,73.60027313232422,72.86288452148438,66.84310150146484,67.17886352539062,72.00694274902344,70.76722717285156,76.48529052734375,77.077880859375,79.19596099853516,77.077880859375,87.04596710205078,89.49860382080078,90.78546142578125,93.4344711303711,97.6524429321289,102.44998931884766,94.40338897705078,100.89598846435547,96.60745239257812,92.31468200683594,90.78546142578125,85.70297241210938,92.02173614501953,87.45856475830078,89.04492950439453,93.91485595703125,97.49871826171875,108.811767578125,110.60289001464844,122.18428802490234,129.1239776611328,115.84903717041016,104.93807983398438,92.34716796875,84.17243957519531,72.7804946899414,60.4400520324707,53.3104133605957,44.10215377807617,48.10405349731445,46.14108657836914,54.5618896484375,58.872745513916016,67.72000885009766,74.63243103027344,77.79460144042969,84.30895233154297,88.14192962646484,93.1504135131836,93.81364440917969,91.28527069091797
0,-41,-95,20,11,99.45853424072266,93.92018127441406,95.5196304321289,86.37708282470703,93.92018127441406,89.8888168334961,93.23089599609375,93.77632904052734,94.15412902832031,98.79270935058594,94.84724426269531,98.84330749511719,98.41239929199219,102.4743881225586,101.59724426269531,104.70912170410156,105.15226745605469,108.78418731689453,101.0197982788086,105.47511291503906,101.53324890136719,100.17984008789062,106.04244232177734,105.19029998779297,104.35516357421875,105.08092498779297,111.00450134277344,120.07081604003906,121.92620849609375,123.32882690429688,118.06777954101562,109.00458526611328,98.04590606689453,87.05171203613281,78.10249328613281,67.11929321289062,58.00862121582031,49.09175109863281,38.20994567871094,34.1760139465332,31.38471031188965,31.240999221801758,34.98571014404297,39.357337951660156,44.0113639831543,49.39635467529297,52.92447280883789,60.539241790771484,62.17716598510742,68.26419067382812,65.6048812866211,71.44927978515625
0,-41,-95,16,28,115.95257568359375,113.60017395019531,111.3058853149414,108.0462875366211,109.60382843017578,109.60382843017578,113.74093627929688,112.89818572998047,113.20777130126953,118.1524429321289,117.0469970703125,123.45849609375,123.45849609375,124.03628540039062,126.82665252685547,128.00390625,132.2006072998047,132.63861083984375,132.80059814453125,133.8095703125,130.4300537109375,127.64012145996094,130.17295837402344,129.00387573242188,127.53430938720703,127.90621185302734,134.2609405517578,133.7647247314453,128.7361602783203,122.52754974365234,112.05802154541016,105.32331085205078,97.86214447021484,86.31338500976562,77.78174591064453,68.35934448242188,57.314918518066406,45.54119110107422,36.67424011230469,30.08321762084961,24.20743751525879,26.07680892944336,27.312999725341797,31.256999969482422,36.12478256225586,41.01219177246094,45.09988784790039,52.08646774291992,57.314918518066406,58.051700592041016,59.4810905456543,60.41522979736328
0,-41,-95,15,31,99.18164825439453,96.51942443847656,92.9139404296875,86.97700500488281,88.45903015136719,86.83317565917969,87.29833984375,90.42676544189453,88.45903015136719,94.14881896972656,91.21951293945312,89.28605651855469,91.0933609008789,93.96276092529297,96.04686737060547,96.84007263183594,97.71898651123047,101.39033508300781,99.6242904663086,99.72462463378906,101.20276641845703,101.20276641845703,105.22357177734375,108.85311126708984,109.77249145507812,113.35784149169922,119.0,127.00393676757812,126.00396728515625,117.20921325683594,107.37783813476562,101.71037292480469,93.77099609375,84.92938232421875,79.62411499023438,68.88395690917969,60.16643524169922,51.244510650634766,44.92215347290039,34.20526123046875,26.305892944335938,20.2237491607666,16.552946090698242,19.84943389892578,23.853721618652344,28.635643005371094,31.38471031188965,36.24913787841797,39.39543151855469,41.67733383178711,44.94440841674805,46.22769546508789
0,-41,-95,15,31,153.60012817382812,155.0,161.48374938964844,163.517578125,159.92811584472656,159.2984619140625,161.48374938964844,159.0125732421875,159.6245574951172,159.1540069580078,158.142333984375,157.28953552246094,158.44873046875,155.621337890625,154.3826446533203,152.83978271484375,152.04275512695312,147.13938903808594,149.90663146972656,149.33518981933594,148.9228057861328,148.1654510498047,143.4015350341797,140.8580780029297,139.1761474609375,134.2013397216797,122.31925201416016,120.3702621459961,112.89818572998047,108.0462875366211,99.84988403320312,97.04637908935547,88.63971710205078,81.70679473876953,74.0,66.40782928466797,58.8217658996582,49.33558654785156,41.761226654052734,33.52610778808594,27.513633728027344,21.63330841064453,17.69180679321289,17.464248657226562,20.2237491607666,24.0,26.172504425048828,32.24903106689453,35.22782897949219,38.01315689086914,40.01249694824219,41.43669891357422
0,-39,-95,13,36,144.2532501220703,148.5193634033203,151.47607421875,148.0033721923828,149.5660400390625,146.29080200195312,145.43727111816406,150.94369506835938,145.9623260498047,142.56227111816406,143.12582397460938,140.6627197265625,140.2069854736328,137.4117889404297,136.01470947265625,139.62808227539062,136.0330810546875,132.61221313476562,129.4681396484375,130.20751953125,130.60244750976562,127.00393676757812,129.61866760253906,126.24578857421875,120.3702621459961,118.19052124023438,114.12712097167969,112.69871520996094,103.36827087402344,95.29428100585938,90.07774353027344,88.86506652832031,85.09406280517578,76.40026092529297,68.4105224609375,63.150611877441406,58.051700592041016,46.69047164916992,40.79215621948242,33.734256744384766,29.120439529418945,23.409399032592773,18.601076126098633,15.0,15.81138801574707,16.492422103881836,25.0,22.56102752685547,31.256999969482422,29.27456283569336,33.95585250854492,35.34119415283203
0,-38,-95,12,36,130.41856384277344,129.63409423828125,131.4686279296875,123.9758071899414,127.67536926269531,127.67536926269531,125.17188262939453,124.73973083496094,122.02458953857422,121.04957580566406,120.30377960205078,118.84864044189453,114.56002807617188,116.76043701171875,113.88591003417969,113.52973175048828,113.21660614013672,108.78418731689453,111.42710876464844,107.70329284667969,107.22406768798828,110.13627624511719,104.04325866699219,107.56393432617188,104.54663848876953,103.3247299194336,96.10411071777344,91.59148406982422,86.97700500488281,85.37564086914062,83.15046691894531,74.1687240600586,70.00714111328125,65.03076171875,60.0333251953125,51.244510650634766,46.27094268798828,36.67424011230469,31.048349380493164,26.172504425048828,21.02379608154297,12.165525436401367,13.0,15.620499610900879,16.552946090698242,18.788293838500977,22.360679626464844,26.248809814453125,25.495098114013672,28.635643005371094,34.058773040771484,34.058773040771484
0,-38,-95,11,38,120.6150894165039,121.91800689697266,125.09996032714844,123.55565643310547,122.28655242919922,117.29023742675781,118.06777954101562,113.60017395019531,109.80892181396484,113.2254409790039,109.62207794189453,108.45275115966797,105.47511291503906,104.9571304321289,103.07764434814453,103.44564056396484,101.11874389648438,100.18482971191406,100.62306213378906,99.74467468261719,100.64790344238281,102.41581726074219,96.64884948730469,97.94896697998047,95.88013458251953,91.4166259765625,85.98255920410156,87.3670425415039,80.70935821533203,76.6093978881836,75.28611755371094,70.93659210205078,64.44377136230469,62.2414665222168,54.5618896484375,51.22499465942383,43.600460052490234,35.0,28.017850875854492,23.34523582458496,17.029386520385742,10.440306663513184,13.03840446472168,15.29705810546875,14.866068840026855,20.615528106689453,24.59674835205078,29.529645919799805,31.764760971069336,37.161808013916016,35.902645111083984,35.0142822265625
0,-38,-95,12,34,119.50732421875,120.42009735107422,123.30855560302734,121.3342514038086,123.69316864013672,115.15641784667969,114.01753997802734,111.42710876464844,111.78997802734375,110.72488403320312,104.67568969726562,107.85638427734375,106.73799896240234,104.29285430908203,102.35721588134766,101.20276641845703,98.47842407226562,97.49359130859375,102.42070007324219,100.28459167480469,99.82484436035156,98.47842407226562,94.3663101196289,96.8813705444336,91.92388153076172,88.76936340332031,84.89994049072266,81.93289947509766,79.47956085205078,75.02666473388672,70.68238830566406,63.95310592651367,60.0333251953125,55.75840759277344,49.92995071411133,42.01190185546875,34.058773040771484,30.610456466674805,22.825424194335938,16.552946090698242,11.180339813232422,9.486832618713379,14.21267032623291,17.492855072021484,24.83948516845703,27.459060668945312,30.479501724243164,33.241539001464844,37.64305877685547,40.224369049072266,40.31128692626953,42.72002029418945
0,-41,-95,14,27,120.83045959472656,118.53269958496094,120.30377960205078,119.01260375976562,116.29703521728516,113.59577178955078,113.14591979980469,109.59014892578125,108.24047088623047,105.19029998779297,105.30906677246094,102.62553405761719,102.62553405761719,101.78899383544922,96.79875946044922,102.07839965820312,98.22932434082031,99.04544067382812,97.20082092285156,98.22932434082031,97.90811920166016,98.47842407226562,93.49331665039062,94.33981323242188,90.91754150390625,88.58893585205078,81.85963439941406,79.30951690673828,72.80110168457031,70.22820281982422,63.60031509399414,60.63827133178711,56.29387283325195,48.50773239135742,44.10215377807617,37.2155876159668,29.017236709594727,23.0867919921875,17.11724281311035,11.704699516296387,9.219544410705566,13.152946472167969,18.027755737304688,22.203603744506836,26.305892944335938,30.066593170166016,35.0142822265625,37.05401611328125,39.11521530151367,41.48493576049805,41.43669891357422,41.146080017089844
0,-41,-95,14,28,121.27654266357422,118.84864044189453,123.3693618774414,121.29715728759766,118.40608215332031,116.48175811767578,114.48143768310547,110.0636215209961,107.56393432617188,106.6255111694336,105.68821716308594,106.23088073730469,103.78824615478516,103.31505584716797,100.62306213378906,104.20172882080078,102.4743881225586,102.4743881225586,102.956298828125,103.83159637451172,100.62306213378906,100.17984008789062,97.57561492919922,97.98979187011719,92.8493423461914,90.47651672363281,84.11896514892578,79.4040298461914,73.24616241455078,72.03471374511719,65.11528015136719,60.8276252746582,54.451812744140625,49.25444030761719,41.04875183105469,35.0142822265625,28.07133674621582,22.203603744506836,16.76305389404297,12.806248664855957,13.416407585144043,16.124515533447266,22.0,26.019224166870117,31.0,36.055511474609375,39.31920623779297,42.42640686035156,43.96589660644531,45.31004333496094,47.01063537597656,47.434165954589844
0,-42,-95,14,30,127.31456756591797,125.43125915527344,128.40560913085938,127.20063018798828,125.20782470703125,119.03781127929688,119.63277435302734,115.88356018066406,112.69871520996094,112.69871520996094,111.28791809082031,112.48555755615234,111.0360336303711,111.80339813232422,109.04127502441406,109.34349822998047,109.4805908203125,111.39569091796875,110.8873291015625,112.16059875488281,109.71326446533203,110.45361328125,108.18965148925781,106.07544708251953,106.15083312988281,100.12492370605469,91.60785675048828,87.20092010498047,80.44873809814453,76.00657653808594,69.83551788330078,64.49806213378906,56.35601043701172,50.08992004394531,44.777225494384766,36.67424011230469,29.068883895874023,23.853721618652344,19.10497283935547,14.866068840026855,17.11724281311035,20.099750518798828,22.803508758544922,29.4108829498291,34.48188018798828,38.327537536621094,42.7551155090332,48.66210174560547,48.010414123535156,50.15974426269531,50.0099983215332,51.865211486816406
0,-41,-95,14,30,123.70933532714844,125.43125915527344,127.20063018798828,127.64012145996094,126.40016174316406,123.06502532958984,123.06502532958984,118.06777954101562,115.74540710449219,116.93160247802734,117.59251403808594,116.7261734008789,115.26057434082031,114.56002807617188,113.84638977050781,115.36463928222656,114.33721923828125,111.94641876220703,116.2755355834961,116.2755355834961,113.17243194580078,113.17243194580078,110.30865478515625,111.07205200195312,105.64563751220703,103.71113586425781,95.60334777832031,90.44335174560547,82.92768096923828,76.32168579101562,69.83551788330078,66.24198150634766,60.8276252746582,50.990196228027344,46.957427978515625,37.57658767700195,31.78049659729004,23.853721618652344,19.10497283935547,15.231546401977539,18.027755737304688,20.39607810974121,22.803508758544922,30.675724029541016,34.48188018798828,38.327537536621094,42.72002029418945,48.66210174560547,49.04079818725586,52.038448333740234,52.239830017089844,51.6623649597168
0,-41,-95,14,31,127.14165496826172,126.25371551513672,125.89678192138672,125.57467651367188,125.67417907714844,126.88971710205078,126.88971710205078,127.01181030273438,128.41339111328125,127.57743072509766,129.0658721923828,125.71794128417969,126.14673614501953,122.97154235839844,121.27654266357422,123.93949890136719,120.33287048339844,122.00409698486328,121.16517639160156,120.33287048339844,121.04957580566406,118.359619140625,117.4776611328125,114.54257202148438,109.83624267578125,105.22357177734375,97.32933807373047,90.19977569580078,86.02325439453125,82.00609588623047,74.00675964355469,69.00724792480469,60.0333251953125,54.230987548828125,48.166378021240234,39.051246643066406,31.064449310302734,24.0,19.10497283935547,15.264337539672852,15.0,20.615528106689453,24.083189010620117,27.018512725830078,35.05709457397461,39.20458984375,43.416587829589844,48.66210174560547,48.383880615234375,52.92447280883789,54.5618896484375,53.600372314453125
0,-41,-95,14,29,123.00406646728516,120.10411834716797,128.16004943847656,124.80785369873047,130.92364501953125,125.93649291992188,127.31849670410156,126.77933502197266,126.57013702392578,127.63228607177734,127.63228607177734,126.1784439086914,125.2397689819336,124.77580261230469,120.74767303466797,126.14277648925781,119.43617248535156,122.1024169921875,117.68601989746094,119.85408020019531,116.84605407714844,116.76471710205078,114.2365951538086,111.41364288330078,107.54068756103516,104.62313079833984,95.69221496582031,92.6552734375,85.0,82.80096435546875,73.24616241455078,69.52696990966797,62.93647766113281,55.17245864868164,46.69047164916992,42.52058410644531,33.241539001464844,27.20294189453125,21.470911026000977,16.124515533447266,18.248287200927734,18.357559204101562,23.600847244262695,28.284271240234375,33.941123962402344,38.28837966918945,41.400482177734375,45.80392837524414,49.92995071411133,51.88448715209961,52.55473327636719,56.04462432861328
0,-38,-95,12,38,124.90796661376953,128.99612426757812,131.8825225830078,131.2288055419922,130.63307189941406,132.40090942382812,135.91542053222656,129.27490234375,131.60546875,132.879638671875,129.61866760253906,133.22161865234375,132.43865966796875,131.2097625732422,127.78105926513672,127.14165496826172,127.40486907958984,127.14165496826172,129.63409423828125,126.25371551513672,124.08464813232422,124.47087860107422,121.21056365966797,121.21056365966797,117.32433319091797,112.64546203613281,105.43718719482422,96.25486755371094,94.33981323242188,86.09297180175781,82.2982406616211,73.35530090332031,64.8459701538086,64.40496826171875,53.3104133605957,47.41307830810547,37.57658767700195,33.12099075317383,24.413110733032227,22.803508758544922,18.973665237426758,24.0,24.083189010620117,32.38827133178711,38.897300720214844,43.011627197265625,47.53945541381836,52.95280838012695,57.03507614135742,57.0,58.215118408203125,62.169124603271484
0,-38,-95,11,40,119.40267944335938,117.068359375,125.36347198486328,128.2224578857422,126.24578857421875,127.06297302246094,124.5351333618164,129.54150390625,123.9758071899414,125.5388412475586,126.40016174316406,123.16655731201172,123.94353485107422,124.42266845703125,123.16655731201172,124.90796661376953,122.54386901855469,120.30793762207031,125.67020416259766,119.57006072998047,123.16655731201172,119.57006072998047,115.43396759033203,113.3710708618164,109.55364227294922,107.07473754882812,99.02020263671875,97.45255279541016,89.27485656738281,85.14693450927734,76.41989135742188,75.00666809082031,68.62215423583984,61.55485534667969,53.81449508666992,43.13930892944336,39.59798049926758,32.526912689208984,27.80287742614746,23.409399032592773,22.203603744506836,21.0,26.925823211669922,30.463092803955078,34.885528564453125,40.71854782104492,45.31004333496094,49.33558654785156,52.201534271240234,56.51548385620117,55.226806640625,59.0
0,-39,-95,14,26,111.94641876220703,115.13470458984375,117.0469970703125,121.16517639160156,119.64112854003906,119.64112854003906,117.88129425048828,117.15374755859375,118.60016632080078,116.92733001708984,115.69355773925781,117.90250396728516,117.27745056152344,116.92733001708984,116.29703521728516,112.5877456665039,116.29703521728516,110.21796417236328,111.98660278320312,113.35784149169922,111.61093139648438,112.29425811767578,104.54663848876953,104.54663848876953,101.2422866821289,100.57833099365234,91.08238220214844,86.00581359863281,82.85529327392578,76.15773010253906,71.5541763305664,66.64083099365234,61.269893646240234,54.12947463989258,50.537113189697266,43.382022857666016,38.4837646484375,30.675724029541016,27.892650604248047,24.020824432373047,22.090721130371094,23.76972770690918,27.459060668945312,31.240999221801758,34.058773040771484,38.94868469238281,43.27817153930664,48.010414123535156,49.09175109863281,54.20331954956055,53.3104133605957,54.4058837890625
0,-37,-95,11,36,104.75209045410156,105.0047607421875,108.811767578125,109.11003875732422,108.15729522705078,106.60675048828125,103.44564056396484,106.60675048828125,102.88343048095703,103.74005889892578,102.14205932617188,101.83319854736328,100.96038818359375,100.42410278320312,99.20181274414062,99.2471694946289,100.66280364990234,96.04686737060547,99.92497253417969,98.27003479003906,99.45853424072266,100.42410278320312,93.92018127441406,97.73944854736328,97.69339752197266,90.47651672363281,86.40602111816406,82.76472473144531,80.05622863769531,74.6860122680664,69.83551788330078,66.24198150634766,61.057350158691406,57.982757568359375,49.73931884765625,46.3249397277832,42.43819046020508,37.121421813964844,33.105892181396484,29.614185333251953,32.0,29.0,32.557640075683594,34.525352478027344,38.327537536621094,43.17406463623047,47.07440948486328,51.4781494140625,51.244510650634766,56.0,53.23532485961914,56.4358024597168
0,-37,-95,11,37,109.45775604248047,107.37783813476562,110.29052734375,107.1680908203125,105.47511291503906,103.3924560546875,102.48902130126953,98.32598876953125,98.32598876953125,99.12618255615234,95.13148498535156,95.00526428222656,97.00515747070312,91.0878677368164,92.0869140625,94.33981323242188,94.42987060546875,94.13288116455078,97.62171936035156,98.41239929199219,98.04590606689453,99.12618255615234,99.0,100.0199966430664,94.00531768798828,93.08598327636719,91.54779815673828,85.84288024902344,85.32877349853516,81.04936981201172,72.83543395996094,73.16419982910156,69.23149871826172,62.36986541748047,59.43904495239258,57.070133209228516,50.80354309082031,48.3735466003418,45.17742919921875,41.01219177246094,45.0,41.19466018676758,43.416587829589844,46.097721099853516,47.85394287109375,49.24428939819336,53.75872039794922,54.33230972290039,58.30952072143555,60.0333251953125,57.314918518066406,59.03388977050781
0,-38,-95,11,38,107.44766235351562,109.1421127319336,110.42192077636719,112.53887939453125,107.70793914794922,106.09900665283203,99.04039764404297,98.84330749511719,97.32420349121094,93.90420532226562,96.02603912353516,96.13011932373047,93.13430786132812,95.2575454711914,96.02082824707031,96.00521087646484,97.08243560791016,96.04686737060547,103.0436782836914,103.0436782836914,102.0,102.0,99.02020263671875,103.00485229492188,103.23758697509766,102.39628601074219,96.33275604248047,93.05912017822266,92.57429504394531,84.5280990600586,82.71033477783203,79.8122787475586,77.66595458984375,70.0927963256836,66.7607650756836,58.46366500854492,56.75385284423828,54.12947463989258,48.83646011352539,48.25971221923828,43.185646057128906,46.010868072509766,46.097721099853516,46.27094268798828,48.25971221923828,46.52956008911133,51.244510650634766,54.451812744140625,57.00876998901367,59.03388977050781,57.55866622924805,58.94064712524414
0,-40,-95,15,25,111.01801300048828,112.04016876220703,111.16204071044922,111.11255645751953,108.16654205322266,106.23088073730469,106.38138580322266,102.48902130126953,103.48429870605469,101.96568298339844,101.96568298339844,102.59142303466797,101.41498565673828,101.63660430908203,101.86756134033203,104.04806518554688,105.08092498779297,104.8093490600586,106.60675048828125,107.70329284667969,109.65856170654297,110.63453674316406,106.30146026611328,107.87029266357422,108.18965148925781,107.05606079101562,101.40019989013672,99.18164825439453,95.04735565185547,93.00537872314453,90.00555419921875,85.05292510986328,81.22191619873047,76.2364730834961,72.3394775390625,66.27216339111328,60.29925537109375,55.226806640625,53.0848388671875,49.04079818725586,46.010868072509766,45.27692413330078,44.40720748901367,42.95346450805664,46.097721099853516,47.29693603515625,48.50773239135742,52.17279052734375,53.93514633178711,55.3263053894043,57.03507614135742,55.03635025024414
0,-41,-95,14,32,125.0,125.0,125.87692260742188,124.90796661376953,124.42668151855469,125.39936065673828,124.19742584228516,122.57650756835938,119.64112854003906,121.06196594238281,121.59358215332031,122.26201629638672,121.10326385498047,124.01612854003906,122.20065307617188,127.06297302246094,128.00390625,128.06248474121094,127.0,127.19276428222656,125.32357788085938,124.48694610595703,124.48694610595703,122.20065307617188,125.89678192138672,129.25942993164062,124.5351333618164,123.22337341308594,119.36917877197266,115.80155181884766,109.73149108886719,107.91200256347656,102.04410552978516,95.7078857421875,90.3548583984375,82.2982406616211,77.36924743652344,67.5351791381836,61.741397857666016,55.46169662475586,50.56678771972656,47.75981521606445,43.73785400390625,43.28972244262695,45.27692413330078,48.041648864746094,52.009613037109375,52.038448333740234,53.15073013305664,55.226806640625,57.55866622924805,57.9741325378418
0,-41,-95,15,30,128.8099365234375,128.70509338378906,132.09844970703125,133.95895385742188,130.1768035888672,129.25169372558594,130.1768035888672,132.38201904296875,129.35609436035156,131.84840393066406,133.70115661621094,132.51792907714844,132.1968231201172,130.64837646484375,131.24404907226562,125.0,124.72369384765625,125.57467651367188,117.443603515625,118.9033203125,121.84005737304688,119.40267944335938,126.08727264404297,122.00409698486328,129.07749938964844,134.23858642578125,139.08990478515625,136.400146484375,134.23858642578125,127.26350402832031,122.64175415039062,116.82893371582031,111.40017700195312,102.303466796875,94.84724426269531,88.41380310058594,79.19596099853516,70.00714111328125,60.14149856567383,51.6623649597168,45.45327377319336,41.04875183105469,38.01315689086914,35.735137939453125,37.85498809814453,40.199501037597656,43.011627197265625,46.010868072509766,49.04079818725586,50.15974426269531,50.48762130737305,54.5710563659668
0,-41,-95,16,28,135.59129333496094,139.4632568359375,143.45033264160156,141.24093627929688,140.9006805419922,144.26712036132812,146.12322998046875,146.12322998046875,144.62710571289062,144.5337371826172,140.5453643798828,135.53228759765625,132.38201904296875,133.27040100097656,129.71121215820312,123.47064208984375,121.20230865478516,122.5887451171875,115.83609008789062,119.20150756835938,122.3315200805664,122.31925201416016,130.63307189941406,131.7459716796875,135.09255981445312,141.7356719970703,150.88075256347656,149.84324645996094,141.01419067382812,139.4632568359375,127.4754867553711,124.52308654785156,115.27792358398438,106.8877944946289,97.45255279541016,87.00574493408203,78.60025787353516,66.85057830810547,57.42821502685547,48.010414123535156,39.69886779785156,34.71310806274414,31.30495262145996,28.635643005371094,33.241539001464844,36.013885498046875,39.11521530151367,45.17742919921875,49.09175109863281,52.009613037109375,53.0848388671875,52.345008850097656
0,-41,-95,15,31,132.1968231201172,124.91997528076172,120.33287048339844,114.48143768310547,113.75851440429688,113.60017395019531,110.35397338867188,108.46658325195312,109.65856170654297,108.50345611572266,105.54619598388672,103.81714630126953,103.23758697509766,99.18164825439453,101.07917785644531,96.18731689453125,93.0,95.04735565185547,90.00555419921875,92.19544219970703,90.44888305664062,89.94442749023438,97.67292022705078,93.90420532226562,101.86756134033203,106.23088073730469,119.36917877197266,130.29197692871094,132.5631866455078,125.87295532226562,118.47362518310547,111.61540985107422,101.63660430908203,93.03762817382812,84.07734680175781,73.79024505615234,67.08203887939453,54.5618896484375,46.615447998046875,41.761226654052734,35.510562896728516,30.01666259765625,32.75667953491211,36.24913787841797,39.357337951660156,42.72002029418945,46.615447998046875,50.2493782043457,52.839378356933594,56.35601043701172,57.00876998901367,57.28001403808594
0,-38,-95,13,36,132.59336853027344,138.231689453125,135.83078002929688,143.73587036132812,138.231689453125,141.83441162109375,141.7356719970703,139.51702880859375,143.45033264160156,136.82470703125,142.61135864257812,142.7620391845703,146.98638916015625,142.7620391845703,149.68299865722656,141.53445434570312,152.1085205078125,144.2775115966797,154.31137084960938,153.38839721679688,153.67498779296875,155.60205078125,143.6001434326172,149.013427734375,144.77914428710938,140.06427001953125,132.23086547851562,119.0,119.0,109.17874908447266,101.96568298339844,94.84724426269531,90.47099304199219,80.23091888427734,76.967529296875,68.44705963134766,60.41522979736328,52.839378356933594,48.82622146606445,43.185646057128906,43.26661682128906,42.19004440307617,39.39543151855469,47.75981521606445,45.880279541015625,53.141319274902344,55.973209381103516,62.96824645996094,61.32699203491211,65.7419204711914,64.07027435302734,65.802734375
0,-37,-95,11,38,109.63575744628906,112.29425811767578,114.6211166381836,117.0042724609375,112.00446319580078,120.0,118.1524429321289,115.67626953125,115.9353256225586,111.3058853149414,114.28035736083984,115.43396759033203,115.00434875488281,115.00434875488281,118.20744323730469,117.64778137207031,119.47384643554688,115.88356018066406,122.09013366699219,121.8031234741211,121.26417541503906,119.57006072998047,116.21101379394531,111.22050476074219,113.46365356445312,109.20164489746094,100.42410278320312,97.6166000366211,95.13148498535156,88.5268325805664,83.48652648925781,82.46211242675781,77.8331527709961,67.17886352539062,63.70243453979492,55.44366455078125,52.49761962890625,50.21951675415039,46.647613525390625,45.18849563598633,42.72002029418945,43.011627197265625,43.96589660644531,45.89117431640625,48.83646011352539,50.0099983215332,52.77309799194336,54.120235443115234,53.851646423339844,56.46237564086914,53.712196350097656,56.4358024597168
0,-35,-95,11,33,101.53324890136719,100.24469757080078,103.46497344970703,103.74005889892578,103.4069595336914,100.6578369140625,101.59232330322266,100.5683822631836,102.31813049316406,99.5389404296875,100.31948852539062,101.13357543945312,101.13357543945312,101.55294036865234,98.89894104003906,102.88343048095703,99.31767272949219,100.7223892211914,101.55294036865234,102.956298828125,101.0197982788086,101.59232330322266,95.18928527832031,100.6578369140625,95.50916290283203,92.72000885009766,87.80091094970703,85.14693450927734,81.02468872070312,77.87811279296875,73.34848022460938,69.87130737304688,68.24954223632812,60.67124557495117,59.6824951171875,56.718605041503906,51.788028717041016,47.67599105834961,45.607017517089844,43.96589660644531,43.46262741088867,42.48529052734375,44.29446792602539,42.54409408569336,43.416587829589844,43.90899658203125,45.650848388671875,49.648765563964844,48.332183837890625,49.04079818725586,50.28916549682617,50.21951675415039
0,-34,-95,10,30,77.5241928100586,77.64663696289062,76.41989135742188,79.6303939819336,79.24645233154297,72.56031799316406,76.65507507324219,74.96665954589844,74.67261505126953,74.96665954589844,72.7804946899414,74.21590423583984,71.80529022216797,75.28611755371094,71.56814575195312,72.53275299072266,72.12489318847656,71.16881561279297,74.04052734375,73.08214569091797,73.00685119628906,75.43209075927734,69.85699462890625,72.03471374511719,72.2772445678711,69.63475799560547,72.18032836914062,66.91038513183594,68.4689712524414,63.50590515136719,59.13543701171875,58.215118408203125,57.21887969970703,53.037723541259766,55.081756591796875,47.04253387451172,45.0,45.0111083984375,43.185646057128906,40.112342834472656,37.2155876159668,37.656341552734375,37.10795211791992,36.13862228393555,38.60051727294922,38.07886505126953,41.231056213378906,41.9761848449707,41.30375289916992,42.19004440307617,41.0,42.04759216308594
0,-34,-95,9,35,78.29431915283203,79.25907135009766,77.02597045898438,79.64923095703125,76.15773010253906,78.77182006835938,76.00657653808594,76.5506362915039,76.32168579101562,72.94518280029297,73.49829864501953,76.27581787109375,73.81734466552734,74.20242309570312,75.43209075927734,74.65252685546875,76.48529052734375,70.93659210205078,75.92759704589844,75.82215881347656,75.28611755371094,78.24320983886719,74.20242309570312,75.60423278808594,74.63243103027344,74.88658142089844,72.94518280029297,69.6419448852539,71.86793518066406,66.37017059326172,66.64833068847656,64.41273498535156,60.373836517333984,56.859474182128906,54.625999450683594,50.56678771972656,49.24428939819336,45.694637298583984,42.95346450805664,42.94182205200195,39.824615478515625,38.587562561035156,38.27531814575195,39.66106414794922,38.832977294921875,39.408119201660156,43.011627197265625,41.34005355834961,42.05948257446289,43.46262741088867,43.32435989379883,43.680660247802734
0,-34,-95,10,29,69.42621612548828,68.15423583984375,70.88018035888672,68.96376037597656,67.18630981445312,69.12307739257812,69.57010650634766,70.83784484863281,68.00735473632812,65.78753662109375,67.67569732666016,66.30987548828125,67.23094177246094,65.55150604248047,65.92420196533203,69.85699462890625,67.08203887939453,69.35416412353516,70.66116333007812,69.7782211303711,70.00714111328125,73.82411193847656,70.93659210205078,70.7742919921875,66.48307800292969,70.93659210205078,66.40782928466797,65.802734375,61.13100814819336,63.56099319458008,60.63827133178711,61.188232421875,56.88584899902344,53.600372314453125,54.12947463989258,49.162994384765625,50.15974426269531,44.18144226074219,44.18144226074219,41.43669891357422,40.79215621948242,37.336307525634766,40.79215621948242,36.878177642822266,38.63935852050781,40.31128692626953,40.31128692626953,40.199501037597656,41.19466018676758,42.04759216308594,42.10700607299805,40.4474983215332
0,-34,-95,8,42,86.31338500976562,87.23531341552734,89.05054473876953,90.37699127197266,88.63971710205078,89.55445098876953,88.39117431640625,87.46427917480469,85.61541748046875,85.79627227783203,88.39117431640625,86.03487396240234,85.38150024414062,82.861328125,84.48076629638672,85.86617279052734,86.34812927246094,85.86617279052734,90.47099304199219,88.76936340332031,88.76936340332031,89.9888916015625,87.64131164550781,90.2496566772461,87.93179321289062,88.54377746582031,86.64871978759766,83.00602722167969,83.38465118408203,81.1541748046875,79.2022705078125,76.48529052734375,75.58438873291016,71.5541763305664,68.47627258300781,64.88451385498047,64.88451385498047,58.18075180053711,57.30619430541992,55.03635025024414,55.009090423583984,52.77309799194336,52.801513671875,52.32590103149414,52.801513671875,51.429561614990234,54.120235443115234,53.23532485961914,56.080299377441406,54.64430618286133,51.855567932128906,53.075416564941406
0,-35,-95,10,36,91.39474487304688,88.60022735595703,91.48223876953125,91.76055908203125,92.1791763305664,92.89241027832031,95.07891082763672,91.21403503417969,91.92388153076172,91.4439697265625,93.39164733886719,91.7823486328125,90.93404388427734,91.08238220214844,89.80534362792969,89.5600357055664,91.3509750366211,90.44888305664062,93.26306915283203,95.33625030517578,94.5304183959961,94.33981323242188,93.90420532226562,95.63471984863281,94.04785919189453,94.20191192626953,92.39588928222656,90.60904693603516,88.84255981445312,88.29496002197266,82.46211242675781,82.46211242675781,78.58753204345703,74.04052734375,71.84010314941406,70.21395874023438,69.57010650634766,63.60031509399414,61.6846809387207,58.24087905883789,58.52349853515625,56.75385284423828,57.27128601074219,56.51548385620117,55.54277801513672,56.75385284423828,56.51548385620117,56.61272048950195,57.245086669921875,59.80802536010742,57.775428771972656,56.080299377441406
0,-35,-95,11,36,107.20541381835938,109.44404602050781,110.67971801757812,108.811767578125,112.27198791503906,109.76793670654297,113.54734802246094,106.04244232177734,110.72488403320312,110.49434661865234,110.72488403320312,108.46197509765625,109.1650161743164,109.1650161743164,106.51290893554688,109.12836456298828,109.59014892578125,108.67382049560547,110.53506469726562,114.2365951538086,112.2541732788086,117.23907470703125,110.90987396240234,116.7261734008789,114.54257202148438,110.92339324951172,111.61540985107422,112.00446319580078,105.84894561767578,107.33592224121094,102.14205932617188,101.51354217529297,97.08243560791016,94.25497436523438,88.05680084228516,87.64131164550781,80.52328491210938,77.36924743652344,76.40026092529297,71.0633544921875,68.96376037597656,68.62215423583984,66.0984115600586,65.78753662109375,63.324562072753906,64.25729370117188,64.8459701538086,64.8459701538086,66.0984115600586,67.46851348876953,68.24954223632812,65.27633666992188
0,-36,-95,12,38,131.70042419433594,137.88400268554688,136.97079467773438,137.88400268554688,140.11781311035156,137.08392333984375,135.2479248046875,133.33041381835938,136.8941192626953,131.48764038085938,131.94696044921875,133.8431854248047,137.20057678222656,134.97036743164062,142.57980346679688,136.74063110351562,138.22084045410156,137.01095581054688,144.03125,142.302490234375,142.57980346679688,144.77914428710938,140.356689453125,145.34097290039062,145.9623260498047,143.38758850097656,143.89231872558594,137.76791381835938,136.88316345214844,128.8099365234375,128.4445343017578,126.46343231201172,117.54573822021484,111.0,108.811767578125,97.40636444091797,96.4624252319336,86.97700500488281,84.77027893066406,78.18567657470703,73.53910827636719,71.58910369873047,68.47627258300781,68.96376037597656,67.41661834716797,68.26419067382812,70.49113464355469,76.32168579101562,73.43023681640625,74.24284362792969,74.32361602783203,76.843994140625
0,-39,-95,15,26,115.84903717041016,113.1370849609375,113.43721008300781,112.14722442626953,112.44998931884766,113.28282928466797,115.26057434082031,117.71150970458984,117.71150970458984,119.33147430419922,119.57006072998047,122.52754974365234,123.66487121582031,123.96773529052734,123.66487121582031,121.7579574584961,123.49089050292969,123.03251647949219,120.33287048339844,114.58621215820312,114.49017333984375,111.94641876220703,113.2254409790039,116.37869262695312,111.82575988769531,113.03096771240234,115.41230773925781,115.84903717041016,119.41942596435547,124.14507293701172,126.0634765625,124.0,116.01724243164062,109.11461639404297,104.17293548583984,94.33981323242188,89.20201873779297,82.09750366210938,76.02631378173828,70.0,66.0302963256836,62.20128631591797,64.77654266357422,62.585941314697266,62.09669876098633,63.06346130371094,66.48307800292969,69.85699462890625,67.91170501708984,70.40596771240234,72.56031799316406,73.02738952636719
0,-39,-95,14,31,143.54441833496094,145.67086791992188,150.0733184814453,147.82760620117188,147.18695068359375,145.09652709960938,144.49913024902344,142.523681640625,143.9340057373047,143.05593872070312,145.41664123535156,143.80889892578125,147.05441284179688,150.08331298828125,148.69094848632812,148.38462829589844,148.38462829589844,148.38462829589844,148.6606903076172,154.26275634765625,149.84324645996094,154.201171875,145.086181640625,149.013427734375,145.57815551757812,143.17820739746094,135.79396057128906,132.23086547851562,125.20782470703125,121.75385284423828,115.52056121826172,109.22454071044922,103.5857162475586,96.82975006103516,90.0,83.24061584472656,76.83749389648438,68.7677230834961,66.48307800292969,61.61980056762695,59.03388977050781,57.688819885253906,55.56977462768555,58.5918083190918,59.93329620361328,62.64982223510742,65.79513549804688,67.97793579101562,69.83551788330078,71.34423828125,71.84706115722656,72.24956512451172
0,-36,-95,12,36,121.26417541503906,117.27318572998047,116.10771179199219,119.41942596435547,122.14745330810547,124.19742584228516,121.26417541503906,124.03628540039062,122.00409698486328,122.01639556884766,126.03570556640625,123.19902801513672,121.49897003173828,123.2598876953125,121.41252136230469,119.20570373535156,121.41252136230469,127.3930892944336,123.6850814819336,123.40583801269531,121.10326385498047,123.1015853881836,128.00390625,128.015625,127.00393676757812,125.01599884033203,115.01738739013672,115.15641784667969,109.45775604248047,107.29864501953125,99.60923767089844,95.52486419677734,88.56636047363281,85.58621215820312,81.74349975585938,76.16429901123047,69.2603759765625,66.0302963256836,62.00806427001953,61.032779693603516,57.42821502685547,59.84145736694336,61.84658432006836,59.203041076660156,62.09669876098633,64.03124237060547,66.21932983398438,68.88395690917969,71.02112579345703,73.43704986572266,75.02666473388672,75.05997467041016
0,-35,-95,11,35,112.00892639160156,113.54734802246094,114.01753997802734,116.10771179199219,112.94689178466797,111.42710876464844,112.72089385986328,108.84851837158203,110.86027526855469,109.20164489746094,109.00458526611328,109.25199890136719,107.42439270019531,108.85311126708984,108.46197509765625,105.11898040771484,105.0951919555664,103.31505584716797,105.55093383789062,106.92988586425781,104.27847290039062,105.7024154663086,101.63660430908203,101.55294036865234,100.46392059326172,99.16148376464844,97.14422607421875,92.97311401367188,90.13877868652344,88.25531005859375,81.32035064697266,80.36167907714844,76.24303436279297,75.18643188476562,71.56814575195312,65.14598846435547,61.6846809387207,58.8217658996582,57.00876998901367,55.154327392578125,54.12947463989258,53.23532485961914,56.4358024597168,55.226806640625,57.982757568359375,59.53990173339844,59.6824951171875,62.17716598510742,63.158531188964844,66.73080444335938,64.03124237060547,66.2872543334961
0,-35,-95,10,37,107.48023223876953,111.7586669921875,111.0360336303711,111.0360336303711,110.30865478515625,109.65856170654297,108.97705841064453,106.15083312988281,106.15083312988281,101.41498565673828,104.23531341552734,105.11898040771484,103.23274993896484,101.04454803466797,103.07764434814453,100.2646484375,101.40019989013672,99.20181274414062,100.80178833007812,100.60317993164062,100.60317993164062,99.80982208251953,96.21330261230469,96.40020751953125,95.90099334716797,94.3663101196289,92.31468200683594,88.41380310058594,86.31338500976562,82.07313537597656,79.93122100830078,77.78174591064453,76.3675308227539,69.3108901977539,66.4680404663086,63.70243453979492,61.52235412597656,55.90169906616211,55.226806640625,53.600372314453125,51.61395263671875,53.5350341796875,52.69725036621094,55.07267761230469,54.708316802978516,56.080299377441406,57.45433044433594,58.8217658996582,60.4400520324707,60.87692642211914,59.41380310058594,61.400325775146484
0,-34,-95,10,35,98.85848236083984,98.15293884277344,101.43470764160156,100.44898986816406,101.43470764160156,99.14131164550781,101.0,96.8813705444336,100.62306213378906,99.04039764404297,98.27003479003906,95.56673431396484,96.04686737060547,95.33625030517578,97.1236343383789,97.80081939697266,94.25497436523438,93.96276092529297,96.16651916503906,98.35140991210938,97.1236343383789,98.37174224853516,94.9210205078125,97.1236343383789,95.33625030517578,92.89241027832031,90.47099304199219,89.8220443725586,86.68333435058594,86.14522552490234,81.04936981201172,78.08969116210938,75.80237579345703,73.55270385742188,70.45565795898438,66.61080932617188,64.28063201904297,62.28964614868164,58.54912567138672,55.90169906616211,53.93514633178711,53.36665725708008,55.31726837158203,52.39274597167969,53.36665725708008,53.36665725708008,54.34151077270508,54.12947463989258,54.7448616027832,56.22277069091797,56.0,55.03635025024414
0,-34,-95,9,41,104.21611785888672,104.65657806396484,106.47064971923828,107.78218841552734,106.00471496582031,106.94390869140625,106.00471496582031,102.88343048095703,102.956298828125,102.08329772949219,104.8093490600586,102.21546173095703,101.0197982788086,100.40418243408203,102.62553405761719,104.8475112915039,103.2279052734375,99.5690689086914,104.04325866699219,101.51354217529297,102.62553405761719,103.77379608154297,101.0197982788086,104.00961303710938,100.4987564086914,99.4786376953125,96.64884948730469,94.3663101196289,92.1791763305664,88.10221099853516,88.10221099853516,85.90692901611328,80.23091888427734,78.54934692382812,74.46475982666016,70.38465881347656,67.62396240234375,63.694583892822266,61.46543884277344,58.5918083190918,56.36488342285156,58.13776779174805,54.58937454223633,56.82429122924805,54.58937454223633,55.94640350341797,57.706153869628906,55.90169906616211,58.18075180053711,57.775428771972656,58.18934631347656,57.27128601074219
0,-34,-95,9,40,102.12247467041016,104.07689666748047,103.0,107.01869201660156,102.04410552978516,103.0436782836914,101.00495147705078,101.0,99.00505065917969,99.08077239990234,98.04590606689453,99.08077239990234,97.32933807373047,99.2471694946289,99.50376892089844,98.41239929199219,99.72462463378906,98.50888061523438,100.84146118164062,99.84988403320312,98.41239929199219,101.49384307861328,98.32598876953125,98.41239929199219,97.25225067138672,98.12747192382812,94.08506774902344,92.02173614501953,91.0,88.0227279663086,88.0227279663086,82.05486297607422,80.05622863769531,78.16009521484375,75.1664810180664,70.1783447265625,67.11929321289062,63.12685775756836,62.07253646850586,62.00806427001953,58.00862121582031,56.00892639160156,56.035701751708984,55.03635025024414,54.00925827026367,55.081756591796875,56.00892639160156,57.00876998901367,58.07753372192383,58.13776779174805,58.54912567138672,57.48912811279297
0,-34,-95,10,32,87.8464584350586,86.16263580322266,88.86506652832031,87.09190368652344,85.23497009277344,86.53900909423828,84.15461730957031,82.87339782714844,85.79627227783203,82.861328125,81.59656524658203,82.46211242675781,83.93450164794922,79.07591247558594,82.97589874267578,83.19855499267578,82.56512451171875,83.19855499267578,83.9523696899414,83.54639434814453,80.28075408935547,85.14693450927734,82.22530364990234,84.17243957519531,82.00609588623047,83.52245330810547,79.55501556396484,79.71198272705078,76.843994140625,74.0,70.51950073242188,72.80110168457031,70.57620239257812,66.48307800292969,63.50590515136719,61.84658432006836,57.697486877441406,56.080299377441406,51.89412307739258,49.97999572753906,48.84669876098633,47.434165954589844,49.648765563964844,46.81879806518555,49.33558654785156,48.08325958251953,50.28916549682617,50.59644317626953,51.4781494140625,53.712196350097656,50.11985778808594,49.648765563964844
0,-33,-95,10,30,80.15609741210938,80.05622863769531,82.32861328125,84.64632415771484,84.64632415771484,80.28075408935547,82.32861328125,76.83749389648438,79.02531433105469,77.42092895507812,78.60025787353516,76.843994140625,76.5506362915039,76.5506362915039,76.5506362915039,78.03204345703125,77.17512512207031,73.9256362915039,76.5375747680664,78.03204345703125,78.54934692382812,78.892333984375,75.66372680664062,79.07591247558594,78.23043060302734,79.61155700683594,76.843994140625,74.02702331542969,78.00640869140625,73.40980529785156,70.0,70.93659210205078,68.24954223632812,63.12685775756836,60.95900344848633,56.63920974731445,57.28001403808594,53.037723541259766,55.973209381103516,50.2493782043457,46.86149978637695,46.75468063354492,48.27007293701172,48.27007293701172,47.6340217590332,46.22769546508789,45.45327377319336,48.166378021240234,47.381431579589844,50.93132781982422,48.27007293701172,47.70744323730469
0,-33,-95,8,40,92.31468200683594,92.09777069091797,94.17536926269531,95.7757797241211,90.60904693603516,89.27485656738281,88.45903015136719,87.04596710205078,89.8276138305664,87.68124389648438,85.5628433227539,87.72685241699219,87.20664978027344,87.20664978027344,88.72992706298828,89.20201873779297,89.40357971191406,87.45856475830078,91.60785675048828,92.80086517333984,92.45539093017578,93.40770721435547,91.54779815673828,92.00543212890625,91.54779815673828,91.28527069091797,89.14033508300781,87.72685241699219,84.148681640625,82.03657531738281,79.98124694824219,77.23341369628906,75.07329559326172,70.93659210205078,68.88395690917969,64.03124237060547,62.62587356567383,60.4400520324707,57.48912811279297,53.81449508666992,53.075416564941406,53.037723541259766,52.345008850097656,52.32590103149414,50.91168975830078,50.91168975830078,50.93132781982422,53.75872039794922,52.63079071044922,52.801513671875,52.15361785888672,53.66563034057617
0,-34,-95,10,31,82.861328125,86.64871978759766,85.70297241210938,84.77027893066406,86.03487396240234,80.95677947998047,83.81526947021484,81.59656524658203,81.3449478149414,78.92401123046875,78.79086303710938,79.62411499023438,82.2982406616211,80.05622863769531,83.19255065917969,82.2982406616211,81.00617218017578,81.88406372070312,83.00602722167969,85.95928955078125,85.86617279052734,86.76404571533203,85.0,85.0,84.5280990600586,85.0,81.54139709472656,80.41144561767578,79.71198272705078,76.216796875,75.27283477783203,70.88018035888672,69.6419448852539,63.06346130371094,63.89052963256836,60.16643524169922,53.851646423339844,55.36244201660156,51.244510650634766,47.12748718261719,45.607017517089844,48.10405349731445,44.0113639831543,46.615447998046875,47.434165954589844,48.10405349731445,46.48655700683594,50.9215087890625,46.840152740478516,48.50773239135742,47.07440948486328,48.166378021240234
0,-34,-95,10,35,98.59513092041016,100.76705932617188,101.53324890136719,103.4794692993164,100.89598846435547,99.48869323730469,99.63935089111328,97.00515747070312,95.8018798828125,96.60745239257812,96.83490753173828,97.08243560791016,94.87360382080078,94.66783905029297,97.75479888916016,96.64884948730469,97.94896697998047,95.29428100585938,100.18482971191406,98.88377380371094,99.84988403320312,102.4743881225586,100.4987564086914,101.71037292480469,101.2422866821289,100.12492370605469,96.02082824707031,92.80086517333984,91.21403503417969,87.32124328613281,85.91275024414062,80.72174072265625,77.10382843017578,73.59347534179688,71.44927978515625,65.76473236083984,61.52235412597656,57.314918518066406,51.6623649597168,50.990196228027344,47.6340217590332,48.82622146606445,46.3249397277832,46.3249397277832,45.27692413330078,47.50789260864258,49.24428939819336,49.92995071411133,50.21951675415039,48.41487503051758,50.990196228027344,51.62363815307617
0,-35,-95,10,37,104.78549194335938,109.77249145507812,107.54068756103516,108.85311126708984,106.6208267211914,108.7474136352539,107.42439270019531,105.0951919555664,106.0235824584961,103.31021118164062,105.11898040771484,107.04204559326172,105.19029998779297,105.30906677246094,105.30906677246094,105.30906677246094,106.53168487548828,103.07764434814453,110.98197937011719,108.75660705566406,108.22661590576172,109.2748794555664,102.956298828125,108.78418731689453,108.24047088623047,106.45186614990234,100.84642028808594,96.93296813964844,97.40636444091797,89.8109130859375,89.1852035522461,84.20214080810547,78.58753204345703,76.40026092529297,66.94026947021484,64.76110076904297,61.13100814819336,58.46366500854492,53.16013717651367,52.201534271240234,45.880279541015625,48.46648406982422,44.777225494384766,46.52956008911133,45.650848388671875,46.647613525390625,46.647613525390625,49.39635467529297,49.648765563964844,51.429561614990234,50.9215087890625,52.201534271240234
0,-35,-95,11,34,113.00442504882812,108.00463104248047,115.00434875488281,113.0,112.00446319580078,111.00450134277344,113.0,112.00446319580078,110.00454711914062,109.11461639404297,111.28791809082031,106.169677734375,108.46197509765625,104.8093490600586,102.70345306396484,111.15754699707031,104.23531341552734,110.02726745605469,105.22357177734375,107.20074462890625,105.57461547851562,108.90362548828125,110.6526107788086,108.66461944580078,106.47064971923828,103.12128448486328,98.0204086303711,98.0204086303711,92.00543212890625,91.0878677368164,83.21658325195312,81.3019027709961,79.22752380371094,72.44308471679688,64.38167572021484,65.37583923339844,58.215118408203125,55.03635025024414,48.0,45.0444221496582,45.09988784790039,43.73785400390625,45.54119110107422,43.931766510009766,44.14748001098633,45.35416030883789,46.3249397277832,47.07440948486328,49.24428939819336,49.648765563964844,51.15662384033203,51.0
0,-34,-95,10,33,98.61541748046875,95.42536163330078,99.40824890136719,94.5304183959961,99.60923767089844,91.4439697265625,96.25486755371094,90.27181243896484,89.08984375,91.13726043701172,89.20201873779297,88.0,88.0,88.00568389892578,84.0,91.13726043701172,86.09297180175781,89.20201873779297,87.3670425415039,90.44888305664062,88.14192962646484,89.20201873779297,89.005615234375,88.0511245727539,88.0,85.02352905273438,81.02468872070312,82.05486297607422,75.42546081542969,79.30951690673828,73.43704986572266,69.72087097167969,66.91038513183594,64.93843078613281,60.01666259765625,57.070133209228516,51.195701599121094,46.69047164916992,42.7551155090332,37.2155876159668,42.10700607299805,36.0,39.0,38.11823654174805,37.121421813964844,40.199501037597656,39.11521530151367,42.296573638916016,43.0,44.0,43.046485900878906,43.73785400390625
0,-34,-95,9,38,100.0,96.04686737060547,99.92497253417969,98.23441314697266,97.52947998046875,94.3716049194336,94.9210205078125,91.98369598388672,91.59148406982422,91.4111557006836,90.02777099609375,88.28363037109375,88.95504760742188,88.6848373413086,87.46427917480469,91.13726043701172,87.05171203613281,91.13726043701172,89.005615234375,93.00537872314453,91.0878677368164,91.0878677368164,90.44888305664062,90.27181243896484,88.81441497802734,88.81441497802734,85.98837280273438,85.15867614746094,81.58431243896484,82.56512451171875,76.15773010253906,74.95331573486328,70.3420181274414,67.44627380371094,63.60031509399414,60.083274841308594,54.7813835144043,50.9215087890625,47.434165954589844,41.48493576049805,43.73785400390625,39.458839416503906,41.43669891357422,39.0128173828125,42.0,41.0,41.0,43.011627197265625,44.18144226074219,45.7055778503418,44.384681701660156,44.59820556640625
0,-34,-95,10,31,82.2982406616211,82.76472473144531,83.24061584472656,86.76404571533203,81.88406372070312,80.52949523925781,80.49844360351562,76.967529296875,77.87811279296875,79.30951690673828,77.47257232666016,76.32168579101562,78.43468475341797,75.28611755371094,76.65507507324219,79.12016296386719,77.88452911376953,77.36924743652344,80.28075408935547,82.00609588623047,81.74349975585938,80.77747344970703,78.44743347167969,78.33900451660156,80.65357971191406,82.2800064086914,75.64390563964844,77.47257232666016,76.05918884277344,72.89718627929688,72.06941223144531,68.26419067382812,67.74215698242188,62.96824645996094,60.216278076171875,56.859474182128906,54.4058837890625,47.20169448852539,45.80392837524414,38.832977294921875,40.70626449584961,36.715118408203125,38.01315689086914,36.24913787841797,37.6961555480957,37.6961555480957,37.57658767700195,41.1096076965332,40.70626449584961,42.54409408569336,38.94868469238281,38.27531814575195
0,-35,-95,11,30,89.30845642089844,87.6584243774414,89.05054473876953,82.92768096923828,88.48163604736328,86.60831451416016,86.83317565917969,86.05230712890625,82.46211242675781,82.8070068359375,85.2760238647461,86.37129211425781,87.72685241699219,84.148681640625,81.32035064697266,89.1964111328125,87.96590423583984,88.61715698242188,87.96590423583984,89.49860382080078,91.9673843383789,92.6552734375,93.38094329833984,94.75231170654297,95.4620361328125,90.60904693603516,90.78546142578125,90.0,85.21150207519531,85.8021011352539,81.83519744873047,82.92768096923828,77.5241928100586,73.82411193847656,68.47627258300781,61.773780822753906,59.50630187988281,54.625999450683594,52.77309799194336,47.01063537597656,46.06517028808594,45.486263275146484,40.8166618347168,42.01190185546875,41.617305755615234,41.400482177734375,42.01190185546875,45.45327377319336,45.0,44.65422821044922,45.650848388671875,42.04759216308594
0,-35,-95,10,39,100.6578369140625,102.72779846191406,105.8914566040039,107.29864501953125,101.82828521728516,104.01922607421875,106.40018463134766,104.63746643066406,103.6001968383789,104.00961303710938,102.92716217041016,106.8503646850586,106.94390869140625,107.82392883300781,106.94390869140625,106.0660171508789,108.6876220703125,107.35455322265625,115.83177185058594,117.1836166381836,117.23907470703125,115.00434875488281,116.76471710205078,119.41942596435547,117.83463287353516,119.03781127929688,114.28472900390625,113.4063491821289,112.80071258544922,103.71113586425781,104.80458068847656,101.83319854736328,96.17691802978516,92.02173614501953,85.04116821289062,82.2192153930664,73.66138458251953,68.680419921875,63.70243453979492,60.87692642211914,54.451812744140625,52.40229034423828,50.0,49.40647888183594,50.80354309082031,50.477718353271484,52.15361785888672,53.0,52.430908203125,54.08327102661133,52.201534271240234,54.451812744140625
0,-35,-95,11,37,123.7457046508789,120.91732788085938,125.87295532226562,123.79418182373047,124.57929229736328,123.10971069335938,125.39936065673828,119.85408020019531,121.51131439208984,121.65936279296875,125.60254669189453,123.00406646728516,122.64175415039062,122.5887451171875,122.5887451171875,128.47178649902344,124.34226989746094,129.00387573242188,129.49517822265625,134.97036743164062,130.63307189941406,134.83323669433594,133.13526916503906,136.74063110351562,135.20724487304688,132.80059814453125,128.84486389160156,129.18978881835938,125.31958770751953,123.10971069335938,115.27792358398438,111.0360336303711,104.06248474121094,100.6578369140625,96.04686737060547,92.95697784423828,82.80096435546875,74.02702331542969,68.4105224609375,64.53681182861328,61.55485534667969,58.694122314453125,57.628116607666016,53.600372314453125,55.75840759277344,55.56977462768555,55.07267761230469,59.16925048828125,59.36328887939453,61.85466766357422,62.62587356567383,62.28964614868164
0,-35,-95,10,38,113.20777130126953,114.58621215820312,113.99122619628906,115.43396759033203,112.89818572998047,110.67520141601562,109.83624267578125,108.45275115966797,106.50821685791016,106.25440979003906,106.01886749267578,107.80074310302734,107.29864501953125,106.52699279785156,107.81465911865234,106.4048843383789,110.45361328125,108.30050659179688,110.3177261352539,107.56393432617188,111.8659896850586,112.60994720458984,108.70602416992188,110.53506469726562,111.6646728515625,109.20164489746094,108.22661590576172,102.90287017822266,100.40418243408203,98.27003479003906,94.02127075195312,89.005615234375,87.6584243774414,83.63013458251953,78.79086303710938,69.35416412353516,67.11929321289062,61.741397857666016,56.36488342285156,51.97114562988281,49.39635467529297,48.82622146606445,49.20365905761719,45.343135833740234,46.010868072509766,47.381431579589844,50.91168975830078,54.451812744140625,53.075416564941406,55.60575485229492,56.30275344848633,57.30619430541992
0,-34,-95,10,32,86.68333435058594,86.05230712890625,84.20214080810547,83.24061584472656,83.24061584472656,83.00602722167969,80.21221923828125,79.4040298461914,79.6303939819336,76.32168579101562,78.892333984375,78.23043060302734,79.75587463378906,80.13114166259766,78.39005279541016,77.41446685791016,77.82672882080078,80.13114166259766,82.73451232910156,80.13114166259766,81.12335968017578,80.62257385253906,80.13114166259766,83.24061584472656,84.72307586669922,81.98780059814453,79.4040298461914,80.21221923828125,76.83749389648438,74.5184555053711,71.58910369873047,67.94115447998047,66.48307800292969,65.0691909790039,59.41380310058594,57.28001403808594,50.93132781982422,48.79549026489258,47.423622131347656,47.50789260864258,42.20189666748047,41.400482177734375,43.8292121887207,40.0,43.5660400390625,45.486263275146484,44.65422821044922,44.821868896484375,49.67897033691406,49.04079818725586,49.51767349243164,48.010414123535156
0,-33,-95,9,36,80.41144561767578,76.11833190917969,79.62411499023438,76.48529052734375,78.44743347167969,74.3303451538086,75.50496673583984,74.73285675048828,73.75635528564453,74.3303451538086,74.0,71.16881561279297,73.53910827636719,74.84651184082031,72.61542510986328,76.15773010253906,75.1531753540039,77.87811279296875,76.92203521728516,78.39005279541016,78.92401123046875,78.92401123046875,78.92401123046875,79.2022705078125,80.77747344970703,78.92401123046875,78.74642944335938,77.79460144042969,74.04052734375,73.49829864501953,71.80529022216797,70.40596771240234,68.88395690917969,64.62971496582031,62.513999938964844,59.53990173339844,56.56854248046875,54.58937454223633,50.635955810546875,49.36598205566406,46.69047164916992,45.7055778503418,45.7055778503418,43.73785400390625,44.72135925292969,45.7055778503418,44.9110221862793,47.67599105834961,47.51841735839844,47.16990661621094,47.0,47.26520919799805
0,-33,-95,9,32,70.32780456542969,66.73080444335938,69.31810760498047,73.35530090332031,69.35416412353516,66.64833068847656,68.0,67.23094177246094,68.44705963134766,69.28924560546875,68.00735473632812,68.3081283569336,68.680419921875,68.3081283569336,67.72000885009766,70.60453033447266,72.56720733642578,71.58910369873047,73.97972869873047,73.97972869873047,72.7804946899414,77.36924743652344,76.40026092529297,75.70997619628906,77.6208724975586,76.24303436279297,75.58438873291016,74.0,75.02666473388672,73.73601531982422,70.38465881347656,69.85699462890625,67.97793579101562,64.41273498535156,64.41273498535156,60.90156173706055,57.80138397216797,53.33854293823242,52.15361785888672,49.39635467529297,49.39635467529297,45.27692413330078,44.41846466064453,43.416587829589844,42.05948257446289,38.94868469238281,41.18252182006836,42.19004440307617,40.49691390991211,40.224369049072266,37.80211639404297,37.53664779663086
0,-33,-95,9,34,73.33484649658203,75.80237579345703,75.50496673583984,79.24645233154297,76.11833190917969,76.29547882080078,77.66595458984375,73.24616241455078,73.00685119628906,72.42237091064453,74.04052734375,75.27283477783203,74.09453582763672,74.09453582763672,75.7693862915039,75.23961639404297,76.967529296875,75.64390563964844,81.39410400390625,80.95059967041016,80.05622863769531,83.63013458251953,80.23091888427734,85.42832946777344,82.73451232910156,84.69356536865234,83.38465118408203,80.41144561767578,82.2192153930664,76.5375747680664,76.92203521728516,77.6208724975586,71.80529022216797,72.00694274902344,67.89698028564453,62.801273345947266,63.19810104370117,55.44366455078125,55.226806640625,55.226806640625,49.36598205566406,47.26520919799805,42.296573638916016,43.416587829589844,42.42640686035156,39.31920623779297,40.607879638671875,39.20458984375,40.4474983215332,42.296573638916016,39.20458984375,37.0
0,-33,-95,8,41,90.82400512695312,93.98403930664062,90.75791931152344,92.97311401367188,91.7060546875,90.13877868652344,89.5600357055664,88.05680084228516,87.80091094970703,88.0738296508789,88.0738296508789,89.44271850585938,88.81441497802734,88.6848373413086,90.66973114013672,89.27485656738281,93.13430786132812,89.27485656738281,96.08329772949219,95.13148498535156,97.04637908935547,99.12618255615234,96.18731689453125,99.18164825439453,99.40824890136719,100.4987564086914,98.73196411132812,97.16481018066406,97.49359130859375,91.98369598388672,93.86160278320312,91.48223876953125,85.4400405883789,81.59656524658203,80.99382781982422,73.16419982910156,70.7742919921875,66.30987548828125,63.50590515136719,58.18075180053711,52.0,52.39274597167969,47.53945541381836,47.16990661621094,44.92215347290039,44.92215347290039,43.416587829589844,44.384681701660156,43.96589660644531,44.643028259277344,43.08131790161133,44.283180236816406
0,-34,-95,9,42,107.56393432617188,109.20164489746094,106.6255111694336,109.7861557006836,103.4069595336914,106.25440979003906,105.9480972290039,101.6513671875,103.84603881835938,100.89598846435547,103.36827087402344,104.23531341552734,103.94710540771484,104.8093490600586,104.8093490600586,104.23531341552734,110.36756896972656,106.23088073730469,114.15778350830078,112.16059875488281,115.27792358398438,117.34564208984375,112.28534698486328,116.2755355834961,118.51160430908203,118.08895111083984,115.5724868774414,112.5877456665039,114.00438690185547,109.1421127319336,104.8093490600586,103.09219360351562,100.90093994140625,92.11405944824219,88.39117431640625,83.77350616455078,76.967529296875,74.24958038330078,68.44705963134766,63.158531188964844,59.61543273925781,56.080299377441406,50.32891845703125,51.92301940917969,50.447994232177734,50.447994232177734,50.21951675415039,50.21951675415039,49.72926712036133,51.244510650634766,52.201534271240234,51.078372955322266
0,-34,-95,10,34,96.8968505859375,96.25486755371094,97.06183624267578,96.25486755371094,94.3663101196289,93.94147491455078,93.471923828125,90.8019790649414,93.52005004882812,92.4770278930664,92.11405944824219,91.4166259765625,92.97311401367188,93.60555267333984,94.3716049194336,95.60334777832031,96.54014587402344,93.14505004882812,97.29337310791016,99.92497253417969,101.13851928710938,102.1077880859375,100.96038818359375,102.1077880859375,102.48902130126953,102.14205932617188,99.36800384521484,99.5389404296875,95.4620361328125,93.52005004882812,87.6584243774414,87.23531341552734,82.36504364013672,78.03204345703125,74.3303451538086,69.065185546875,64.35060119628906,60.464866638183594,54.918121337890625,52.15361785888672,48.3735466003418,46.52956008911133,45.18849563598633,43.08131790161133,44.0113639831543,43.08131790161133,44.0113639831543,44.94440841674805,45.694637298583984,47.01063537597656,45.18849563598633,46.647613525390625
0,-34,-95,10,33,91.0933609008789,91.7060546875,91.7060546875,90.13877868652344,91.4166259765625,89.53770446777344,87.66413116455078,88.0227279663086,87.46427917480469,86.92525482177734,87.66413116455078,87.23531341552734,88.6848373413086,88.6848373413086,86.95401000976562,88.5098876953125,90.97252655029297,87.132080078125,91.52595520019531,91.26883697509766,91.80958557128906,92.43917083740234,93.81364440917969,93.74433135986328,94.66783905029297,91.30169677734375,89.94442749023438,89.89437866210938,85.90692901611328,84.17243957519531,82.07923126220703,79.71198272705078,74.67261505126953,71.16881561279297,68.96376037597656,64.8459701538086,60.4400520324707,55.36244201660156,51.244510650634766,48.764739990234375,45.221675872802734,44.94440841674805,41.78516387939453,39.81205749511719,40.71854782104492,38.470767974853516,41.59326934814453,41.59326934814453,43.416587829589844,44.777225494384766,42.154476165771484,42.72002029418945
0,-34,-95,10,32,80.05622863769531,84.50444030761719,82.00609588623047,83.86894226074219,82.61961364746094,82.20097351074219,80.21221923828125,78.49203491210938,79.05693817138672,78.49203491210938,81.83519744873047,80.13114166259766,82.76472473144531,81.00617218017578,82.76472473144531,81.84130859375,81.02468872070312,82.3468246459961,86.8158950805664,88.23831176757812,88.10221099853516,89.89994812011719,82.76472473144531,85.42832946777344,85.0,87.70974731445312,84.59905242919922,80.44873809814453,81.84130859375,76.843994140625,77.0064926147461,72.62230682373047,73.0,65.94694519042969,62.2414665222168,57.982757568359375,56.56854248046875,55.865909576416016,50.2493782043457,47.423622131347656,41.773197174072266,41.86884307861328,40.607879638671875,38.832977294921875,36.359317779541016,36.715118408203125,37.44329071044922,37.44329071044922,37.44329071044922,39.408119201660156,39.69886779785156,38.94868469238281
0,-33,-95,9,37,83.0,85.0,88.0511245727539,88.0227279663086,87.02298736572266,86.09297180175781,87.09190368652344,85.21150207519531,84.148681640625,83.72574615478516,84.17243957519531,84.92938232421875,84.40379333496094,85.61541748046875,84.64632415771484,87.80091094970703,85.86617279052734,87.36132049560547,89.1852035522461,89.9888916015625,91.21403503417969,91.67878723144531,89.5600357055664,92.02716827392578,91.48223876953125,90.9560317993164,90.24411010742188,88.6453628540039,87.132080078125,85.84288024902344,82.60750579833984,79.15807342529297,77.05841827392578,74.0,69.0,66.0,63.0,58.0,54.0,50.0,47.0,44.0113639831543,44.283180236816406,41.59326934814453,40.4474983215332,38.327537536621094,40.607879638671875,42.42640686035156,41.773197174072266,43.73785400390625,41.19466018676758,43.0
0,-33,-95,8,40,81.98780059814453,83.86298370361328,83.76156616210938,85.98255920410156,83.76156616210938,85.4400405883789,82.92768096923828,83.00602722167969,83.81526947021484,82.61961364746094,82.00609588623047,84.50444030761719,83.54639434814453,85.04116821289062,84.95881652832031,84.2911605834961,84.95881652832031,82.75868225097656,86.97700500488281,89.14033508300781,89.14033508300781,90.55384826660156,87.78382873535156,89.8276138305664,89.27485656738281,89.49860382080078,90.0,87.6584243774414,86.26702880859375,82.09750366210938,79.75587463378906,80.13114166259766,75.13321685791016,72.44998168945312,68.15423583984375,63.158531188964844,60.406951904296875,55.71355438232422,52.55473327636719,47.53945541381836,43.46262741088867,42.95346450805664,41.146080017089844,38.07886505126953,38.587562561035156,37.2155876159668,37.44329071044922,38.27531814575195,37.735923767089844,39.824615478515625,38.470767974853516,40.853397369384766
0,-34,-95,10,36,100.12492370605469,101.07917785644531,102.39628601074219,104.3886947631836,102.31324768066406,99.50376892089844,100.7174301147461,96.87621307373047,98.15293884277344,97.67292022705078,99.63935089111328,100.22474670410156,100.16985321044922,97.26766967773438,100.42410278320312,102.78618621826172,100.5683822631836,103.09219360351562,106.89247131347656,104.35516357421875,105.6503677368164,107.2800064086914,106.04244232177734,108.52188873291016,109.65856170654297,107.70793914794922,103.7545166015625,100.28459167480469,100.7174301147461,95.52486419677734,93.19334411621094,91.0054931640625,85.0,80.05622863769531,76.05918884277344,71.11258697509766,65.0691909790039,59.304298400878906,53.0848388671875,50.0099983215332,45.0,42.19004440307617,43.73785400390625,39.81205749511719,39.051246643066406,41.761226654052734,42.154476165771484,43.65776062011719,43.96589660644531,46.840152740478516,46.87216567993164,45.39823913574219
0,-35,-95,11,32,100.0199966430664,102.0,101.0,104.0,100.00499725341797,101.0197982788086,99.18164825439453,97.32933807373047,98.18350219726562,96.51942443847656,97.62171936035156,99.98500061035156,98.47842407226562,100.44898986816406,104.3455810546875,101.41498565673828,101.39033508300781,100.89598846435547,105.26158142089844,104.04806518554688,104.78549194335938,108.46658325195312,101.20276641845703,106.09900665283203,105.38026428222656,103.24727630615234,102.8250961303711,98.18350219726562,96.04686737060547,89.02246856689453,88.00568389892578,84.0238037109375,81.05553436279297,74.24284362792969,71.25306701660156,64.28063201904297,59.41380310058594,56.22277069091797,51.15662384033203,47.01063537597656,44.0113639831543,41.04875183105469,40.607879638671875,39.051246643066406,41.231056213378906,40.16217041015625,41.43669891357422,43.32435989379883,43.96589660644531,45.35416030883789,47.85394287109375,49.25444030761719
0,-34,-95,10,35,95.42536163330078,96.6281509399414,93.90420532226562,97.62171936035156,96.6281509399414,92.54188537597656,94.8946762084961,91.08238220214844,92.57429504394531,89.8220443725586,94.14881896972656,92.19544219970703,94.11163330078125,92.1791763305664,92.89241027832031,95.21029663085938,96.13532257080078,94.25497436523438,96.4624252319336,99.92997741699219,97.26766967773438,97.80081939697266,93.86160278320312,98.23441314697266,96.31718444824219,93.5574722290039,92.39588928222656,90.09439849853516,85.84288024902344,83.6002426147461,80.22468566894531,78.16009521484375,75.02666473388672,69.0,66.0,63.0,57.0,52.0,49.04079818725586,43.185646057128906,42.296573638916016,40.79215621948242,41.48493576049805,41.231056213378906,40.49691390991211,42.05948257446289,43.32435989379883,44.271888732910156,46.840152740478516,46.3249397277832,46.69047164916992,45.17742919921875
0,-34,-95,8,42,94.9210205078125,95.88013458251953,98.49365234375,98.49365234375,96.5660400390625,94.3716049194336,94.3716049194336,93.62158203125,93.86160278320312,91.21951293945312,92.57429504394531,94.3663101196289,96.02603912353516,95.03683471679688,96.17691802978516,94.8946762084961,96.6281509399414,90.79647827148438,97.62171936035156,99.98500061035156,98.47842407226562,100.44898986816406,93.38094329833984,99.14131164550781,96.50906372070312,97.29337310791016,93.14505004882812,87.64131164550781,88.23265075683594,84.43340301513672,84.50444030761719,78.54934692382812,77.077880859375,70.68238830566406,69.35416412353516,64.88451385498047,59.09314727783203,55.54277801513672,53.141319274902344,50.9215087890625,46.81879806518555,46.840152740478516,45.12205505371094,47.29693603515625,48.83646011352539,44.55333709716797,46.87216567993164,50.447994232177734,49.72926712036133,51.244510650634766,49.04079818725586,50.990196228027344
0,-34,-95,10,29,77.89736938476562,76.15773010253906,78.39005279541016,80.26206970214844,79.15807342529297,75.66372680664062,75.59100341796875,75.59100341796875,72.89718627929688,73.40980529785156,73.40980529785156,76.32168579101562,75.27283477783203,74.67261505126953,74.67261505126953,77.16217041015625,75.28611755371094,75.89466094970703,76.92203521728516,76.92203521728516,76.24303436279297,79.4040298461914,79.05693817138672,80.3243408203125,78.43468475341797,77.6208724975586,77.077880859375,73.00685119628906,73.00685119628906,73.34848022460938,70.21395874023438,68.47627258300781,65.29930877685547,61.91122817993164,58.830265045166016,56.080299377441406,52.15361785888672,46.647613525390625,45.221675872802734,42.19004440307617,40.49691390991211,38.01315689086914,36.2353401184082,40.853397369384766,35.11410140991211,35.46829605102539,38.327537536621094,39.217342376708984,40.31128692626953,42.95346450805664,38.94868469238281,39.824615478515625
0,-33,-95,8,42,95.60334777832031,93.00537872314453,98.47334289550781,95.44107818603516,98.73702239990234,93.74433135986328,93.49331665039062,92.96235656738281,92.11405944824219,93.64827728271484,91.78779602050781,93.4772720336914,91.7060546875,92.61209106445312,92.61209106445312,94.93682098388672,94.33981323242188,95.07891082763672,95.85926818847656,98.79270935058594,97.30878448486328,99.92497253417969,99.4032211303711,101.76934814453125,101.07917785644531,97.94386291503906,96.64884948730469,95.52486419677734,92.43917083740234,92.96235656738281,87.09190368652344,86.02325439453125,83.6002426147461,79.2022705078125,73.87828063964844,71.58910369873047,65.11528015136719,58.0,55.17245864868164,50.990196228027344,50.32891845703125,46.22769546508789,45.221675872802734,40.49691390991211,42.54409408569336,41.18252182006836,43.382022857666016,42.95346450805664,44.29446792602539,46.647613525390625,45.80392837524414,46.86149978637695
0,-35,-95,10,37,103.74005889892578,107.00466918945312,104.54663848876953,105.51303100585938,104.8093490600586,104.04806518554688,103.36827087402344,101.78899383544922,104.13932800292969,102.25947570800781,102.1077880859375,102.59142303466797,106.47064971923828,103.31021118164062,106.169677734375,107.04204559326172,108.01851654052734,106.11785888671875,111.0,113.0177001953125,114.1095962524414,115.108642578125,109.22454071044922,114.15778350830078,115.52488708496094,113.99122619628906,111.3058853149414,108.06016540527344,106.30146026611328,102.18121337890625,98.23441314697266,96.84007263183594,91.0933609008789,87.66413116455078,83.93450164794922,77.6208724975586,73.40980529785156,64.88451385498047,60.41522979736328,56.46237564086914,50.695167541503906,50.9215087890625,46.57252502441406,44.9110221862793,43.5660400390625,46.27094268798828,45.27692413330078,47.16990661621094,48.093658447265625,51.35172653198242,51.788028717041016,51.6623649597168
0,-35,-95,10,38,105.77334594726562,106.60675048828125,110.36756896972656,108.52188873291016,109.11003875732422,108.15729522705078,107.22406768798828,106.6255111694336,106.04244232177734,105.84894561767578,107.15409088134766,105.60302734375,107.35455322265625,106.0235824584961,106.47064971923828,110.63905334472656,107.54068756103516,109.77249145507812,112.50777435302734,113.3710708618164,115.00434875488281,116.36150360107422,111.36426544189453,113.60017395019531,113.63538360595703,111.89280700683594,110.69326782226562,107.91200256347656,101.51354217529297,102.78618621826172,97.1236343383789,93.40770721435547,88.5268325805664,84.92938232421875,80.23091888427734,73.97972869873047,68.59300231933594,62.3939094543457,57.55866622924805,50.80354309082031,48.27007293701172,43.32435989379883,43.65776062011719,37.57658767700195,41.67733383178711,42.72002029418945,44.40720748901367,45.221675872802734,47.16990661621094,48.3735466003418,49.24428939819336,49.24428939819336
0,-35,-95,11,33,112.61438751220703,113.60017395019531,113.0707778930664,115.42096710205078,111.21150970458984,110.42192077636719,110.42192077636719,111.39569091796875,108.70602416992188,105.64563751220703,109.123779296875,108.2450942993164,107.48023223876953,106.79419708251953,108.2450942993164,108.97705841064453,106.21675872802734,108.2450942993164,110.53506469726562,111.8659896850586,111.73181915283203,113.17243194580078,110.3177261352539,113.1370849609375,110.39022064208984,110.45361328125,105.75916290283203,103.4069595336914,102.00489807128906,96.83490753173828,95.13148498535156,89.35882568359375,89.1852035522461,79.75587463378906,73.35530090332031,68.42514038085938,63.976558685302734,58.5918083190918,56.82429122924805,51.97114562988281,44.10215377807617,42.63801193237305,43.185646057128906,42.44997024536133,41.1096076965332,41.400482177734375,45.607017517089844,47.20169448852539,49.67897033691406,50.32891845703125,50.91168975830078,52.009613037109375
0,-34,-95,9,39,102.1077880859375,102.42070007324219,102.9611587524414,103.24727630615234,100.62306213378906,102.77159118652344,100.0199966430664,98.06120300292969,99.2471694946289,96.31718444824219,95.90099334716797,96.7729263305664,95.60334777832031,97.41663360595703,97.1236343383789,95.85926818847656,96.2081069946289,95.5196304321289,98.4327163696289,99.36800384521484,100.5683822631836,99.02020263671875,98.67117309570312,97.40636444091797,97.41663360595703,98.23441314697266,93.86160278320312,89.49860382080078,88.84255981445312,85.5102310180664,81.88406372070312,80.7527084350586,76.65507507324219,72.17340087890625,68.11754608154297,62.20128631591797,60.0333251953125,53.0848388671875,52.08646774291992,46.52956008911133,43.73785400390625,42.72002029418945,42.05948257446289,41.78516387939453,42.04759216308594,42.54409408569336,43.863426208496094,47.85394287109375,46.615447998046875,48.703182220458984,49.72926712036133,50.0099983215332
0,-33,-95,8,39,91.08238220214844,91.78779602050781,91.08238220214844,91.92388153076172,88.95504760742188,87.82368469238281,86.4927749633789,85.32877349853516,84.17243957519531,84.17243957519531,85.14693450927734,82.46211242675781,83.81526947021484,82.56512451171875,82.861328125,83.81526947021484,82.87339782714844,81.27114868164062,85.79627227783203,85.70297241210938,86.64871978759766,85.38150024414062,83.81526947021484,85.70297241210938,84.77027893066406,82.2800064086914,82.46211242675781,80.04998779296875,78.44743347167969,74.96665954589844,73.97972869873047,71.70076751708984,69.35416412353516,64.38167572021484,62.12889862060547,59.13543701171875,56.00892639160156,51.088157653808594,49.36598205566406,47.16990661621094,43.28972244262695,41.59326934814453,40.024993896484375,39.293766021728516,40.024993896484375,39.293766021728516,40.804412841796875,41.48493576049805,41.231056213378906,44.72135925292969,43.416587829589844,45.0444221496582
0,-33,-95,8,38,84.48076629638672,82.2982406616211,85.28775024414062,84.38008880615234,82.2982406616211,80.15609741210938,80.09993743896484,79.05693817138672,78.00640869140625,78.025634765625,77.0064926147461,76.00657653808594,76.10519409179688,76.16429901123047,75.1664810180664,78.4091796875,75.66372680664062,77.3175277709961,77.78174591064453,80.7527084350586,79.76214599609375,79.4040298461914,79.30951690673828,81.49846649169922,79.22752380371094,79.15807342529297,76.02631378173828,76.0,74.00675964355469,73.06161499023438,69.1158447265625,68.18357849121094,66.18912506103516,61.66035842895508,59.6824951171875,57.706153869628906,53.93514633178711,49.648765563964844,46.69047164916992,43.5660400390625,42.42640686035156,39.31920623779297,39.11521530151367,38.01315689086914,37.0,37.0,37.0,38.0,39.0,40.199501037597656,40.31128692626953,41.0
0,-35,-95,10,32,83.38465118408203,81.49846649169922,85.21150207519531,83.21658325195312,81.09870910644531,81.1541748046875,80.09993743896484,78.0,77.05841827392578,78.00640869140625,78.00640869140625,77.02597045898438,77.23341369628906,78.31346893310547,77.5241928100586,78.91767883300781,79.62411499023438,80.8949966430664,80.23091888427734,81.58431243896484,81.21575927734375,86.31338500976562,84.59314727783203,88.45903015136719,85.47514343261719,86.37129211425781,81.22191619873047,81.02468872070312,80.0,80.0062484741211,76.10519409179688,76.32168579101562,72.44308471679688,64.93843078613281,62.64982223510742,58.694122314453125,56.08921432495117,52.63079071044922,49.24428939819336,43.931766510009766,40.4474983215332,40.31128692626953,36.34556198120117,34.058773040771484,35.0,36.055511474609375,32.0,38.05259704589844,36.0,35.0,35.05709457397461,38.63935852050781
0,-35,-95,10,37,98.0051040649414,97.62171936035156,100.31948852539062,100.40418243408203,100.31948852539062,94.33981323242188,95.13148498535156,96.13011932373047,97.00515747070312,95.00526428222656,94.0,93.02149963378906,93.13430786132812,94.33981323242188,96.33275604248047,96.02603912353516,96.17691802978516,96.87621307373047,98.31072998046875,102.42070007324219,102.956298828125,107.20074462890625,101.49384307861328,103.48429870605469,106.23088073730469,104.12012481689453,102.0,99.0,98.12747192382812,97.32933807373047,90.66973114013672,88.95504760742188,85.0,82.0,76.15773010253906,70.60453033447266,65.14598846435547,59.13543701171875,55.973209381103516,49.97999572753906,47.12748718261719,42.20189666748047,39.623226165771484,37.336307525634766,37.05401611328125,37.0,38.01315689086914,40.199501037597656,41.04875183105469,42.0,42.01190185546875,41.30375289916992
0,-36,-95,11,36,109.22454071044922,108.70602416992188,112.61438751220703,112.29425811767578,113.85077667236328,110.2587890625,111.21150970458984,109.40292358398438,106.8316421508789,111.77208709716797,110.38568878173828,108.22661590576172,108.4066390991211,104.70912170410156,109.65856170654297,112.71202087402344,112.72976684570312,113.59577178955078,117.27318572998047,117.61802673339844,118.07201385498047,120.83045959472656,116.10771179199219,119.47384643554688,114.0570068359375,115.6633071899414,110.80162811279297,110.2587890625,106.4048843383789,103.3924560546875,96.16651916503906,96.8968505859375,90.60904693603516,86.45230102539062,77.801025390625,72.00694274902344,65.6048812866211,57.42821502685547,54.037025451660156,43.600460052490234,41.03656768798828,38.20994567871094,35.80502700805664,34.0,35.34119415283203,38.60051727294922,38.60051727294922,41.48493576049805,44.643028259277344,48.383880615234375,48.30113983154297,47.88528060913086
0,-35,-95,10,38,109.80892181396484,117.61377716064453,114.80853271484375,114.6211166381836,112.80071258544922,112.80071258544922,111.82575988769531,110.2587890625,107.29864501953125,103.07764434814453,104.13932800292969,106.15083312988281,105.36128234863281,103.94710540771484,106.79419708251953,104.80458068847656,105.11898040771484,104.9952392578125,105.64563751220703,107.93516540527344,106.10372161865234,109.65856170654297,106.0660171508789,106.8877944946289,108.90362548828125,104.06248474121094,99.15644073486328,95.13148498535156,91.83136749267578,85.21150207519531,80.21221923828125,78.23681640625,74.63243103027344,66.37017059326172,61.057350158691406,55.75840759277344,51.312767028808594,45.80392837524414,41.86884307861328,38.897300720214844,36.2353401184082,37.735923767089844,37.161808013916016,38.62641525268555,41.1096076965332,44.271888732910156,46.48655700683594,51.26402282714844,51.4781494140625,52.35456085205078,54.708316802978516,54.64430618286133
0,-35,-95,11,29,96.54014587402344,92.89241027832031,94.64142608642578,93.40770721435547,92.444580078125,91.21951293945312,90.70832061767578,88.5268325805664,82.97589874267578,82.00609588623047,82.56512451171875,80.3243408203125,82.63776397705078,79.47956085205078,81.70679473876953,83.67198181152344,85.0,81.43709564208984,83.63013458251953,84.17243957519531,83.77350616455078,87.8464584350586,83.21658325195312,84.30895233154297,84.50444030761719,82.54090118408203,80.08120727539062,73.76313781738281,74.46475982666016,70.21395874023438,67.46851348876953,66.0984115600586,63.150611877441406,57.55866622924805,54.451812744140625,50.80354309082031,47.53945541381836,45.12205505371094,43.680660247802734,41.231056213378906,43.46262741088867,43.046485900878906,41.34005355834961,39.66106414794922,44.40720748901367,44.777225494384766,48.54894256591797,50.6063232421875,49.24428939819336,52.801513671875,51.92301940917969,52.17279052734375
0,-34,-95,9,37,93.00537872314453,91.40021514892578,93.23089599609375,91.60785675048828,89.40357971191406,87.92041778564453,89.87213134765625,85.70297241210938,84.59905242919922,85.23497009277344,86.45230102539062,85.0,84.9705810546875,85.0,82.76472473144531,83.67198181152344,84.69356536865234,84.17243957519531,86.53900909423828,89.15716552734375,88.23831176757812,89.55445098876953,88.63971710205078,91.38927459716797,89.47066497802734,89.005615234375,86.45230102539062,85.75546264648438,82.68010711669922,82.37718200683594,80.44873809814453,77.20103454589844,73.24616241455078,70.43436431884766,67.47592163085938,64.53681182861328,59.66573715209961,57.628116607666016,54.20331954956055,52.63079071044922,51.400390625,48.25971221923828,52.69725036621094,49.73931884765625,51.107730865478516,51.107730865478516,50.6063232421875,53.25410842895508,54.4058837890625,55.44366455078125,54.5618896484375,51.6623649597168
0,-34,-95,10,32,83.24061584472656,85.8836441040039,81.39410400390625,85.8836441040039,81.84130859375,83.77350616455078,82.2982406616211,82.46211242675781,79.7057113647461,77.79460144042969,79.84986114501953,79.05693817138672,78.74642944335938,79.4040298461914,79.8122787475586,80.08120727539062,80.28075408935547,79.4040298461914,83.74365997314453,83.43260955810547,82.46211242675781,83.43260955810547,82.9698715209961,86.83317565917969,86.33075714111328,87.93179321289062,86.03487396240234,81.93900299072266,83.19255065917969,78.29431915283203,80.52949523925781,73.34848022460938,73.35530090332031,66.24198150634766,66.8879623413086,61.057350158691406,61.032779693603516,56.603885650634766,55.4707145690918,52.47856521606445,47.16990661621094,47.01063537597656,45.17742919921875,46.097721099853516,49.04079818725586,43.08131790161133,51.4781494140625,49.24428939819336,49.24428939819336,48.54894256591797,48.82622146606445,50.32891845703125
0,-34,-95,10,35,90.2496566772461,93.04837799072266,93.04837799072266,93.6375961303711,92.35800170898438,93.30059051513672,91.08238220214844,90.8019790649414,90.13877868652344,89.9888916015625,90.9560317993164,89.26925659179688,90.60904693603516,90.25519561767578,92.9139404296875,89.67720031738281,93.53608703613281,92.43917083740234,97.32933807373047,97.32933807373047,100.60317993164062,98.50888061523438,97.86725616455078,100.7174301147461,99.46356201171875,98.84330749511719,99.46356201171875,95.60334777832031,95.33625030517578,91.39474487304688,87.92041778564453,84.15461730957031,80.23091888427734,75.7693862915039,72.91776275634766,67.5425796508789,63.95310592651367,60.373836517333984,55.90169906616211,53.712196350097656,47.01063537597656,46.2385139465332,46.173583984375,43.416587829589844,42.95346450805664,45.35416030883789,43.931766510009766,47.07440948486328,46.097721099853516,48.08325958251953,48.10405349731445,47.92702865600586
0,-34,-95,10,35,101.3558120727539,103.07764434814453,101.87246704101562,106.55046081542969,102.08329772949219,100.84642028808594,101.212646484375,99.12618255615234,99.12618255615234,97.6370849609375,97.6370849609375,95.96353149414062,96.60745239257812,95.8018798828125,96.40020751953125,95.60334777832031,97.45255279541016,95.90099334716797,98.85848236083984,98.85848236083984,100.0,100.0,98.81295776367188,100.60317993164062,99.5690689086914,95.96353149414062,93.1504135131836,90.3548583984375,87.6584243774414,85.42247772216797,81.43709564208984,79.84986114501953,73.9256362915039,70.22820281982422,66.40782928466797,61.09828186035156,57.584720611572266,53.141319274902344,46.81879806518555,44.777225494384766,41.146080017089844,39.357337951660156,38.94868469238281,39.11521530151367,39.051246643066406,39.051246643066406,42.52058410644531,44.04542922973633,44.04542922973633,45.80392837524414,45.79301071166992,46.52956008911133
0,-34,-95,10,35,104.06248474121094,108.30050659179688,106.15083312988281,109.04127502441406,103.3247299194336,103.4794692993164,101.98039245605469,99.08582305908203,98.41239929199219,95.4620361328125,96.16651916503906,95.4620361328125,95.58765411376953,94.84724426269531,94.17536926269531,91.43850708007812,97.18538665771484,90.02777099609375,97.6166000366211,97.45255279541016,95.7757797241211,96.54014587402344,92.02173614501953,95.7757797241211,95.52486419677734,93.34880828857422,90.5096664428711,86.37129211425781,87.20664978027344,78.10249328613281,80.28075408935547,75.0,72.80110168457031,66.0302963256836,61.61168670654297,56.035701751708984,56.035701751708984,50.0,46.22769546508789,44.04542922973633,41.03656768798828,42.44997024536133,39.824615478515625,40.804412841796875,41.617305755615234,41.617305755615234,42.43819046020508,43.600460052490234,43.600460052490234,46.22769546508789,48.10405349731445,48.83646011352539
0,-34,-95,10,31,87.92041778564453,85.98255920410156,87.92041778564453,84.05950164794922,86.26702880859375,81.83519744873047,82.6619644165039,79.4040298461914,79.05693817138672,78.81623840332031,77.801025390625,74.65252685546875,76.5767593383789,74.5184555053711,74.2765121459961,74.24958038330078,73.59347534179688,75.74298858642578,77.10382843017578,79.24645233154297,76.38062286376953,81.32035064697266,78.49203491210938,79.20858764648438,78.49203491210938,81.3449478149414,75.1664810180664,74.65252685546875,75.28611755371094,74.81310272216797,67.67569732666016,70.1783447265625,61.057350158691406,61.773780822753906,60.90156173706055,56.82429122924805,51.0,47.70744323730469,43.8292121887207,40.8166618347168,43.011627197265625,40.607879638671875,38.60051727294922,38.28837966918945,41.1096076965332,41.03656768798828,41.773197174072266,44.04542922973633,45.607017517089844,46.04345703125,44.777225494384766,47.423622131347656
0,-34,-95,10,30,78.49203491210938,80.77747344970703,84.72307586669922,80.4549560546875,80.62257385253906,77.5241928100586,75.80237579345703,74.4311752319336,71.58910369873047,72.89718627929688,74.30342864990234,73.79024505615234,69.35416412353516,72.80110168457031,69.07966613769531,73.08214569091797,71.47027587890625,72.42237091064453,72.80110168457031,73.08214569091797,74.0,75.89466094970703,77.16217041015625,74.3303451538086,76.32168579101562,75.96051788330078,73.53910827636719,71.17584228515625,70.68238830566406,69.7782211303711,68.42514038085938,64.66065216064453,64.14047241210938,60.539241790771484,58.600341796875,53.25410842895508,52.201534271240234,47.801673889160156,45.221675872802734,42.20189666748047,39.11521530151367,38.94868469238281,39.357337951660156,35.7770881652832,39.0,40.31128692626953,38.4837646484375,40.31128692626953,42.05948257446289,43.416587829589844,45.221675872802734,40.607879638671875
0,-34,-95,8,40,86.37129211425781,86.37129211425781,87.46427917480469,88.36288452148438,85.47514343261719,83.38465118408203,83.38465118408203,81.61495208740234,79.76214599609375,78.91767883300781,77.46611785888672,77.87811279296875,79.07591247558594,76.65507507324219,76.65507507324219,79.12016296386719,80.0062484741211,77.49193572998047,80.65357971191406,81.27114868164062,83.48652648925781,83.16850280761719,81.60882568359375,84.75848388671875,85.4400405883789,85.16454315185547,84.72307586669922,81.04936981201172,80.7527084350586,79.6303939819336,77.23341369628906,74.1080322265625,72.00694274902344,67.0,64.0078125,60.0,57.07889175415039,53.0848388671875,51.15662384033203,46.04345703125,43.0,42.0,41.0,40.04996871948242,39.11521530151367,39.11521530151367,40.112342834472656,41.1096076965332,41.04875183105469,45.0,42.01190185546875,43.185646057128906
0,-35,-95,10,32,81.61495208740234,79.76214599609375,81.49846649169922,82.60750579833984,79.6303939819336,75.53807067871094,78.4091796875,74.24284362792969,73.10950469970703,76.16429901123047,76.05918884277344,76.0,75.02666473388672,73.02738952636719,74.1080322265625,75.32595825195312,76.65507507324219,77.41446685791016,75.95393371582031,80.5046615600586,78.77182006835938,80.5046615600586,81.22191619873047,84.85281372070312,83.05419921875,81.1541748046875,81.0,80.02499389648438,76.10519409179688,78.4091796875,71.34423828125,72.83543395996094,68.88395690917969,63.150611877441406,61.61168670654297,58.24087905883789,54.120235443115234,47.12748718261719,41.773197174072266,40.804412841796875,39.81205749511719,34.71310806274414,35.510562896728516,34.01470184326172,37.013511657714844,35.0,33.0151481628418,37.05401611328125,40.04996871948242,38.11823654174805,37.336307525634766,36.878177642822266
0,-35,-95,9,42,101.51354217529297,99.5690689086914,103.77379608154297,102.92716217041016,102.92716217041016,99.64437103271484,98.61541748046875,96.8968505859375,97.6166000366211,96.17691802978516,97.50897216796875,94.81033325195312,96.93296813964844,95.85926818847656,94.33981323242188,98.68130493164062,98.37174224853516,99.92997741699219,101.92153930664062,104.40306854248047,103.4069595336914,106.25440979003906,106.97663116455078,108.63240814208984,106.23088073730469,103.78824615478516,101.96568298339844,99.76472473144531,97.24710845947266,95.18928527832031,92.0869140625,87.6584243774414,83.6002426147461,77.46611785888672,73.10950469970703,69.42621612548828,62.28964614868164,57.384666442871094,51.088157653808594,49.04079818725586,46.40043258666992,41.617305755615234,39.96248245239258,38.94868469238281,40.24922180175781,39.924930572509766,40.804412841796875,43.32435989379883,43.08131790161133,45.694637298583984,46.06517028808594,44.10215377807617
0,-35,-95,10,36,104.62313079833984,104.29285430908203,105.11898040771484,104.86181640625,108.16654205322266,101.78899383544922,101.87246704101562,100.4987564086914,99.98500061035156,99.4786376953125,97.24710845947266,95.7131118774414,100.17984008789062,99.31767272949219,95.85405731201172,100.7223892211914,100.46392059326172,99.72462463378906,102.88343048095703,105.10946655273438,103.61949920654297,104.92378234863281,105.19029998779297,106.51290893554688,106.94390869140625,104.70912170410156,100.4987564086914,99.5690689086914,94.86833190917969,92.20086669921875,86.68333435058594,85.42832946777344,81.39410400390625,73.59347534179688,70.00714111328125,64.35060119628906,59.54829788208008,53.075416564941406,48.08325958251953,44.55333709716797,41.86884307861328,36.619667053222656,37.2155876159668,35.84689712524414,36.400550842285156,38.27531814575195,37.10795211791992,40.804412841796875,42.72002029418945,44.0113639831543,44.0113639831543,46.51881408691406
0,-35,-95,10,36,105.30906677246094,103.44564056396484,106.67708587646484,104.9571304321289,106.17438507080078,99.98500061035156,100.4987564086914,97.41663360595703,99.85990142822266,98.47842407226562,99.6242904663086,98.0051040649414,97.6166000366211,97.45255279541016,96.42613983154297,100.76705932617188,98.59513092041016,102.8250961303711,101.91172790527344,103.5857162475586,103.5857162475586,106.04244232177734,106.40018463134766,105.42295837402344,104.04325866699219,102.34255981445312,98.1121826171875,97.06183624267578,93.94147491455078,91.23595428466797,86.40602111816406,83.57032775878906,79.12016296386719,72.73238372802734,68.680419921875,62.93647766113281,55.36244201660156,51.244510650634766,46.2385139465332,45.694637298583984,40.70626449584961,39.66106414794922,40.607879638671875,38.28837966918945,41.72529220581055,43.863426208496094,45.27692413330078,48.08325958251953,49.51767349243164,53.15073013305664,53.00943374633789,54.708316802978516
0,-34,-95,9,40,101.51354217529297,105.6219711303711,104.40306854248047,103.73042297363281,102.18121337890625,103.73042297363281,100.30453491210938,98.68130493164062,95.18928527832031,95.34149169921875,96.17691802978516,94.3663101196289,97.52947998046875,94.02127075195312,95.29428100585938,95.88013458251953,98.61541748046875,94.5145492553711,100.70252990722656,101.3558120727539,99.84988403320312,101.59724426269531,99.84988403320312,103.07764434814453,101.53324890136719,100.62306213378906,99.92497253417969,94.9210205078125,93.04837799072266,89.8109130859375,87.28115844726562,85.61541748046875,80.28075408935547,73.75635528564453,72.56720733642578,65.30696868896484,62.817195892333984,55.785301208496094,55.081756591796875,50.28916549682617,47.434165954589844,48.84669876098633,45.18849563598633,48.30113983154297,49.39635467529297,47.01063537597656,50.774009704589844,51.97114562988281,52.839378356933594,57.245086669921875,57.00876998901367,57.9741325378418
0,-33,-95,9,36,88.27796936035156,88.20430755615234,90.13877868652344,88.14192962646484,87.09190368652344,85.21150207519531,85.05292510986328,83.05419921875,83.02409362792969,82.0,83.0,81.00617218017578,81.09870910644531,81.3019027709961,80.3056640625,82.73451232910156,81.88406372070312,81.74349975585938,82.37718200683594,84.01190185546875,84.85281372070312,86.31338500976562,85.47514343261719,85.70880889892578,85.28775024414062,85.09406280517578,82.09750366210938,81.05553436279297,81.00617218017578,78.0,74.02702331542969,73.02738952636719,71.25306701660156,65.37583923339844,63.50590515136719,57.55866622924805,55.578773498535156,50.48762130737305,49.497474670410156,44.18144226074219,43.011627197265625,40.0,40.01249694824219,40.112342834472656,40.199501037597656,40.112342834472656,42.19004440307617,42.42640686035156,45.0444221496582,46.0,44.04542922973633,46.52956008911133
0,-34,-95,8,40,87.6584243774414,89.0,86.33075714111328,91.67878723144531,87.23531341552734,87.66413116455078,85.49269104003906,83.77350616455078,82.85529327392578,80.62257385253906,83.00602722167969,81.3449478149414,82.54090118408203,80.65357971191406,83.52245330810547,78.84795379638672,83.19855499267578,80.04998779296875,84.92938232421875,83.19855499267578,84.64632415771484,87.32124328613281,83.6779556274414,87.55569458007812,84.77027893066406,85.070556640625,83.81526947021484,78.54934692382812,83.38465118408203,77.47257232666016,79.15807342529297,74.6860122680664,72.06941223144531,65.86349487304688,64.14047241210938,58.52349853515625,56.30275344848633,50.774009704589844,46.647613525390625,46.14108657836914,42.94182205200195,42.48529052734375,40.31128692626953,41.231056213378906,40.16217041015625,40.49691390991211,40.16217041015625,42.379241943359375,43.08131790161133,44.283180236816406,44.777225494384766,43.600460052490234
0,-35,-95,10,32,85.0,87.8179931640625,86.76981353759766,88.56636047363281,88.14192962646484,89.005615234375,85.42247772216797,80.05622863769531,80.95677947998047,80.23091888427734,80.52949523925781,79.12016296386719,77.79460144042969,77.20103454589844,76.24303436279297,79.07591247558594,77.46611785888672,80.23091888427734,82.97589874267578,84.5280990600586,82.97589874267578,82.37718200683594,82.0,85.90692901611328,83.93450164794922,84.48076629638672,84.48076629638672,80.65357971191406,82.2192153930664,76.89603424072266,74.84651184082031,73.82411193847656,66.18912506103516,65.76473236083984,61.91122817993164,57.30619430541992,55.94640350341797,48.764739990234375,43.5660400390625,41.67733383178711,40.31128692626953,36.055511474609375,36.769554138183594,37.36308288574219,35.1710090637207,34.928497314453125,35.693138122558594,37.10795211791992,36.13862228393555,35.735137939453125,38.897300720214844,41.146080017089844
0,-36,-95,11,31,91.3509750366211,94.04785919189453,94.04785919189453,91.24143981933594,93.38094329833984,85.6329345703125,84.89994049072266,82.02438354492188,86.27861785888672,85.04116821289062,79.5110092163086,82.32861328125,84.40379333496094,83.81526947021484,80.80223083496094,83.00602722167969,80.99382781982422,84.31488800048828,86.53323364257812,85.70297241210938,86.40023040771484,90.60353088378906,83.24061584472656,87.92041778564453,88.09085845947266,89.3756103515625,86.26702880859375,84.17243957519531,80.62257385253906,78.56844329833984,74.5184555053711,70.0,65.21502685546875,63.51377868652344,61.057350158691406,56.93856430053711,46.87216567993164,46.87216567993164,43.011627197265625,37.202152252197266,38.20994567871094,34.71310806274414,36.79673767089844,31.890438079833984,35.38361358642578,37.80211639404297,35.608985900878906,38.41874694824219,40.804412841796875,40.45985794067383,41.1096076965332,43.416587829589844
0,-35,-95,10,36,96.54014587402344,95.34149169921875,99.45853424072266,95.56673431396484,94.83142852783203,93.14505004882812,94.25497436523438,91.0933609008789,88.86506652832031,88.60022735595703,89.1852035522461,88.25531005859375,87.46427917480469,86.16263580322266,85.42832946777344,89.89994812011719,86.76981353759766,89.44271850585938,91.7060546875,94.41397857666016,94.82615661621094,95.2732925415039,94.02127075195312,96.25486755371094,93.6375961303711,94.57801055908203,89.8109130859375,87.36132049560547,85.16454315185547,82.46211242675781,76.68767547607422,74.96665954589844,70.03570556640625,65.76473236083984,61.66035842895508,58.4208869934082,53.23532485961914,48.3735466003418,44.55333709716797,40.79215621948242,41.761226654052734,39.217342376708984,39.924930572509766,38.470767974853516,39.4461669921875,39.96248245239258,42.54409408569336,44.41846466064453,47.423622131347656,48.46648406982422,49.648765563964844,49.72926712036133
0,-35,-95,11,31,89.62700653076172,86.34812927246094,95.12622833251953,94.14881896972656,92.19544219970703,83.74365997314453,90.70832061767578,86.34812927246094,86.12781524658203,87.64131164550781,87.80091094970703,85.72631072998047,83.48652648925781,81.93289947509766,82.46211242675781,82.07923126220703,81.70679473876953,81.54139709472656,86.92525482177734,84.17243957519531,83.38465118408203,88.95504760742188,87.92041778564453,88.60022735595703,88.23265075683594,86.40023040771484,80.04998779296875,84.5280990600586,80.80841827392578,75.95393371582031,71.25306701660156,67.26811981201172,66.37017059326172,63.28506851196289,60.074954986572266,57.03507614135742,54.037025451660156,46.04345703125,43.28972244262695,45.54119110107422,42.7551155090332,42.05948257446289,43.011627197265625,37.64305877685547,44.271888732910156,44.94440841674805,46.48655700683594,51.244510650634766,45.880279541015625,50.0099983215332,53.33854293823242,52.46903991699219
0,-35,-95,10,34,90.70832061767578,89.28605651855469,93.00537872314453,89.5600357055664,90.2496566772461,88.05680084228516,88.32327270507812,84.89994049072266,84.77027893066406,82.56512451171875,84.43340301513672,81.70679473876953,82.46211242675781,80.11241912841797,78.39005279541016,84.09518432617188,80.52949523925781,83.18653869628906,85.08818817138672,86.45230102539062,86.76981353759766,88.58893585205078,88.56636047363281,90.3382568359375,87.72685241699219,88.76936340332031,84.8646011352539,86.03487396240234,82.87339782714844,80.95677947998047,78.16009521484375,76.15773010253906,73.24616241455078,67.91170501708984,65.11528015136719,62.169124603271484,59.03388977050781,52.17279052734375,51.41984176635742,50.28916549682617,48.08325958251953,45.880279541015625,47.16990661621094,46.615447998046875,46.615447998046875,49.39635467529297,47.92702865600586,51.26402282714844,52.49761962890625,55.785301208496094,55.73149871826172,54.08327102661133
0,-34,-95,9,41,98.41239929199219,99.80982208251953,101.23734283447266,101.63660430908203,100.31948852539062,99.00505065917969,97.69339752197266,94.57801055908203,96.00521087646484,92.04889678955078,92.02716827392578,92.34716796875,91.92388153076172,89.49860382080078,90.02777099609375,93.17188262939453,94.3663101196289,93.38094329833984,96.33794403076172,99.14131164550781,98.47842407226562,99.82484436035156,100.80674743652344,100.62306213378906,102.39140319824219,101.86756134033203,100.42410278320312,100.24469757080078,97.08243560791016,95.85926818847656,90.62008666992188,89.55445098876953,86.33075714111328,82.73451232910156,77.41446685791016,73.06161499023438,68.88395690917969,63.52952194213867,59.9416389465332,56.36488342285156,56.35601043701172,53.851646423339844,53.851646423339844,52.55473327636719,52.81098556518555,52.81098556518555,55.02726745605469,56.64803695678711,57.93962478637695,58.600341796875,57.30619430541992,57.42821502685547
0,-35,-95,11,30,88.61715698242188,84.89994049072266,89.9388656616211,87.32124328613281,89.87213134765625,85.6329345703125,87.72685241699219,82.134033203125,87.0,82.73451232910156,79.30951690673828,82.2192153930664,83.09632873535156,82.80096435546875,81.4002456665039,86.68333435058594,82.92768096923828,82.92768096923828,86.53323364257812,85.44589233398438,90.27181243896484,92.80086517333984,92.00543212890625,90.69729614257812,90.90654754638672,93.08598327636719,90.52071380615234,91.9673843383789,88.39117431640625,89.1964111328125,84.0238037109375,79.8122787475586,79.61155700683594,77.38862609863281,71.02112579345703,63.51377868652344,60.74536895751953,58.830265045166016,53.5350341796875,50.774009704589844,47.70744323730469,44.68780517578125,45.0,39.623226165771484,41.86884307861328,40.45985794067383,43.13930892944336,43.931766510009766,44.59820556640625,49.20365905761719,44.40720748901367,44.777225494384766
0,-34,-95,10,35,94.20191192626953,93.81364440917969,95.13148498535156,94.62557983398438,90.8019790649414,90.69729614257812,92.9139404296875,91.52595520019531,89.35882568359375,86.95401000976562,86.45230102539062,87.20664978027344,87.72685241699219,87.23531341552734,89.69392395019531,87.66413116455078,90.44335174560547,89.8109130859375,93.30059051513672,93.00537872314453,98.35140991210938,99.6242904663086,97.14422607421875,98.35140991210938,97.86214447021484,100.31948852539062,98.89894104003906,95.7131118774414,91.7060546875,88.58893585205078,87.66413116455078,83.48652648925781,79.4040298461914,76.40026092529297,72.4706802368164,67.00746154785156,59.203041076660156,55.44366455078125,51.855567932128906,48.41487503051758,45.80392837524414,43.90899658203125,41.18252182006836,39.357337951660156,37.6961555480957,39.924930572509766,41.78516387939453,41.78516387939453,43.08131790161133,43.863426208496094,43.8292121887207,44.41846466064453
0,-35,-95,10,36,99.72462463378906,99.72462463378906,103.27632904052734,103.27632904052734,101.23734283447266,101.17806243896484,98.41239929199219,97.08243560791016,97.83660125732422,97.6166000366211,96.82975006103516,96.40020751953125,97.90811920166016,95.96353149414062,95.71833801269531,97.75479888916016,99.84988403320312,97.1287841796875,102.42070007324219,103.76897430419922,105.58882141113281,105.30906677246094,106.32967376708984,108.22661590576172,107.070068359375,106.01886749267578,100.43903350830078,97.30878448486328,98.49365234375,94.84724426269531,90.52071380615234,86.97700500488281,82.07313537597656,75.69015502929688,71.58910369873047,63.78087615966797,62.481998443603516,54.671749114990234,50.32891845703125,46.69047164916992,44.59820556640625,42.8018684387207,41.400482177734375,40.8166618347168,40.70626449584961,42.95346450805664,44.384681701660156,44.283180236816406,44.283180236816406,49.24428939819336,49.39635467529297,49.40647888183594
0,-34,-95,10,35,95.52486419677734,98.47842407226562,98.15293884277344,101.43470764160156,97.16481018066406,97.16481018066406,96.7470932006836,95.75489807128906,94.76286315917969,93.34345245361328,95.18928527832031,94.13288116455078,94.0,95.0,94.0,92.00543212890625,98.08159637451172,95.04735565185547,101.12368774414062,100.04499053955078,101.04454803466797,101.0197982788086,98.0,102.0,100.00499725341797,101.17806243896484,95.42536163330078,90.66973114013672,92.9139404296875,84.17243957519531,83.74365997314453,80.60397338867188,72.03471374511719,69.63475799560547,64.56005096435547,58.694122314453125,55.785301208496094,51.41984176635742,48.83646011352539,45.39823913574219,43.046485900878906,44.0113639831543,40.01249694824219,42.04759216308594,40.31128692626953,41.43669891357422,44.283180236816406,45.39823913574219,46.173583984375,49.09175109863281,49.0,51.244510650634766
0,-34,-95,10,34,94.9210205078125,95.81753540039062,96.4624252319336,97.08243560791016,95.50916290283203,94.25497436523438,95.18928527832031,91.4166259765625,91.76055908203125,90.2496566772461,90.82400512695312,90.2496566772461,91.38927459716797,90.87353515625,88.14192962646484,92.13577270507812,92.13034057617188,92.13034057617188,93.53608703613281,97.06183624267578,94.3716049194336,95.2732925415039,92.19544219970703,95.34149169921875,94.15412902832031,91.4166259765625,88.54377746582031,86.68333435058594,83.24061584472656,82.46211242675781,79.83106994628906,75.70997619628906,72.36711883544922,67.74215698242188,64.93843078613281,59.84145736694336,57.87054443359375,50.990196228027344,49.648765563964844,45.35416030883789,42.72002029418945,44.59820556640625,42.154476165771484,43.08131790161133,43.863426208496094,45.617977142333984,46.51881408691406,47.85394287109375,48.46648406982422,52.81098556518555,50.96076965332031,50.990196228027344
0,-35,-95,11,29,85.4400405883789,89.84430694580078,86.97700500488281,88.76936340332031,87.36132049560547,86.33075714111328,84.75848388671875,86.37708282470703,80.77747344970703,82.07923126220703,79.84986114501953,81.93900299072266,82.3468246459961,80.49844360351562,81.84130859375,84.5280990600586,85.58621215820312,84.11896514892578,87.3670425415039,85.23497009277344,87.23531341552734,87.32124328613281,83.6480712890625,87.8179931640625,86.31338500976562,84.5813217163086,84.17243957519531,80.77747344970703,81.3449478149414,75.96051788330078,71.51223754882812,70.51950073242188,65.802734375,63.324562072753906,62.297672271728516,55.6596794128418,56.61272048950195,49.72926712036133,46.173583984375,45.880279541015625,44.777225494384766,43.863426208496094,44.10215377807617,42.19004440307617,43.90899658203125,42.19004440307617,47.50789260864258,46.957427978515625,48.754486083984375,48.84669876098633,48.08325958251953,46.840152740478516
0,-34,-95,9,41,100.0,105.9480972290039,101.6513671875,107.96759033203125,100.28459167480469,102.88343048095703,101.39033508300781,96.5660400390625,96.7729263305664,95.12622833251953,99.04039764404297,95.90099334716797,94.8946762084961,95.88534545898438,97.73944854736328,94.42987060546875,101.2422866821289,95.42536163330078,103.17460632324219,102.17631530761719,101.31633758544922,101.49384307861328,99.50376892089844,103.48429870605469,102.1077880859375,102.59142303466797,100.22474670410156,93.62158203125,96.7729263305664,89.73851013183594,91.76055908203125,87.64131164550781,84.43340301513672,79.71198272705078,75.27283477783203,68.15423583984375,68.3520278930664,62.96824645996094,58.872745513916016,56.30275344848633,51.865211486816406,54.120235443115234,51.195701599121094,52.95280838012695,52.17279052734375,50.990196228027344,52.77309799194336,53.36665725708008,53.851646423339844,57.245086669921875,57.00876998901367,55.90169906616211
0,-34,-95,10,34,94.3716049194336,92.61209106445312,96.25486755371094,95.34149169921875,94.5409927368164,91.28527069091797,91.18113708496094,89.31964874267578,88.60022735595703,88.54377746582031,87.59566497802734,88.60022735595703,87.80091094970703,86.12200927734375,85.5102310180664,89.26925659179688,86.83317565917969,91.08238220214844,92.54188537597656,94.8946762084961,93.21480560302734,96.17691802978516,95.90099334716797,96.33794403076172,98.06120300292969,96.54014587402344,91.92388153076172,92.72000885009766,89.1852035522461,87.28115844726562,82.63776397705078,80.77747344970703,79.30951690673828,73.40980529785156,71.58910369873047,67.97793579101562,63.50590515136719,59.4810905456543,54.12947463989258,49.76947021484375,48.46648406982422,49.39635467529297,48.08325958251953,46.840152740478516,44.384681701660156,43.416587829589844,46.097721099853516,48.764739990234375,49.04079818725586,49.04079818725586,47.92702865600586,48.30113983154297
0,-35,-95,11,31,93.19334411621094,87.66413116455078,96.83490753173828,92.6498794555664,94.30270385742188,91.02197265625,91.8368148803711,88.40814208984375,91.0494384765625,88.40814208984375,87.61849212646484,86.68333435058594,87.78382873535156,87.0,87.1148681640625,89.10667419433594,92.02173614501953,88.5268325805664,94.3663101196289,93.60555267333984,95.4620361328125,97.0,94.76286315917969,96.87621307373047,97.59098052978516,93.50936126708984,89.64373779296875,92.61749267578125,88.81441497802734,90.0,81.3019027709961,83.52843475341797,77.5241928100586,74.24284362792969,69.35416412353516,65.76473236083984,61.717098236083984,57.27128601074219,57.27128601074219,46.52956008911133,46.647613525390625,44.204071044921875,44.65422821044922,43.8292121887207,43.416587829589844,39.69886779785156,43.27817153930664,43.27817153930664,42.8018684387207,42.20189666748047,42.72002029418945,47.41307830810547
0,-35,-95,9,41,102.18121337890625,101.78899383544922,104.78549194335938,104.13932800292969,103.5857162475586,100.66280364990234,99.68952178955078,96.7729263305664,96.7729263305664,97.1236343383789,94.11163330078125,97.73944854736328,95.5196304321289,95.07891082763672,93.40770721435547,97.57561492919922,97.08243560791016,99.4032211303711,97.94896697998047,101.07917785644531,102.956298828125,103.87010955810547,104.0,105.7024154663086,102.52804565429688,102.45974731445312,100.0,99.20181274414062,93.39164733886719,90.02777099609375,86.31338500976562,84.01190185546875,79.90619659423828,74.4311752319336,69.2603759765625,66.18912506103516,60.20797348022461,55.145263671875,50.2493782043457,47.51841735839844,47.67599105834961,41.231056213378906,42.379241943359375,42.05948257446289,41.78516387939453,39.924930572509766,40.70626449584961,42.94182205200195,44.72135925292969,45.694637298583984,48.383880615234375,48.50773239135742
0,-35,-95,9,40,98.08159637451172,100.68763732910156,99.29753112792969,98.08159637451172,99.04039764404297,95.50916290283203,93.30059051513672,93.92018127441406,93.00537872314453,90.2496566772461,90.2496566772461,91.0,91.28527069091797,92.13577270507812,91.23595428466797,90.78546142578125,92.59049987792969,90.3548583984375,94.8946762084961,95.77056121826172,96.60227966308594,98.41239929199219,95.2732925415039,97.94386291503906,95.4620361328125,97.86214447021484,93.92018127441406,91.48223876953125,89.9888916015625,83.43260955810547,82.56512451171875,79.62411499023438,77.10382843017578,70.57620239257812,66.37017059326172,61.400325775146484,56.4358024597168,52.46903991699219,48.3735466003418,47.85394287109375,44.40720748901367,43.680660247802734,40.49691390991211,41.78516387939453,40.853397369384766,42.54409408569336,45.17742919921875,46.615447998046875,46.615447998046875,48.703182220458984,50.28916549682617,51.788028717041016
0,-34,-95,9,39,101.00495147705078,96.0,100.04499053955078,98.0051040649414,98.08159637451172,93.00537872314453,93.08598327636719,92.02173614501953,91.13726043701172,90.55384826660156,90.66973114013672,91.08238220214844,90.02777099609375,89.05054473876953,87.09764862060547,92.6498794555664,88.60022735595703,92.1791763305664,93.68030548095703,96.3016128540039,98.71676635742188,100.43903350830078,99.68952178955078,99.68952178955078,99.04039764404297,97.16481018066406,94.42987060546875,93.34345245361328,90.13877868652344,88.0227279663086,80.0,80.0,75.0,71.17584228515625,68.11754608154297,64.1248779296875,59.13543701171875,54.037025451660156,52.009613037109375,49.0,47.04253387451172,44.0113639831543,45.54119110107422,43.5660400390625,44.9110221862793,43.931766510009766,47.29693603515625,48.27007293701172,51.788028717041016,51.35172653198242,52.15361785888672,53.0
0,-34,-95,9,40,98.85848236083984,96.51942443847656,97.62171936035156,95.75489807128906,95.42536163330078,91.4439697265625,92.34716796875,90.13877868652344,89.08984375,93.00537872314453,90.04998779296875,89.20201873779297,90.66973114013672,89.67720031738281,89.5600357055664,92.07062530517578,92.57429504394531,94.20191192626953,93.74433135986328,97.16481018066406,98.85848236083984,100.84146118164062,98.61541748046875,101.11874389648438,98.50888061523438,100.24469757080078,98.0051040649414,97.1287841796875,95.13148498535156,90.27181243896484,83.48652648925781,81.74349975585938,80.8949966430664,73.16419982910156,70.8307876586914,67.89698028564453,62.585941314697266,59.03388977050781,54.58937454223633,51.4781494140625,50.35871505737305,49.25444030761719,48.041648864746094,45.0,45.0,45.17742919921875,49.162994384765625,50.03998565673828,51.009803771972656,52.038448333740234,53.23532485961914,52.95280838012695
0,-35,-95,10,35,91.76055908203125,93.30059051513672,94.2443618774414,92.6552734375,91.0933609008789,91.39474487304688,89.8109130859375,86.72946166992188,86.97700500488281,86.92525482177734,87.23531341552734,87.20664978027344,87.8179931640625,90.04998779296875,87.98295593261719,91.06591033935547,90.42676544189453,91.26883697509766,93.19334411621094,96.04165649414062,98.97979736328125,100.7223892211914,98.0051040649414,98.61541748046875,97.94896697998047,97.04637908935547,95.2732925415039,94.9210205078125,91.4166259765625,87.28115844726562,83.24061584472656,83.43260955810547,79.62411499023438,72.99314880371094,68.73136138916016,65.92420196533203,61.814239501953125,54.58937454223633,53.93514633178711,50.0099983215332,47.07440948486328,45.12205505371094,43.32435989379883,42.379241943359375,45.31004333496094,43.46262741088867,44.777225494384766,46.615447998046875,45.694637298583984,50.32891845703125,49.04079818725586,49.648765563964844
0,-35,-95,10,35,95.63471984863281,94.42987060546875,97.25225067138672,95.42536163330078,95.33625030517578,93.26306915283203,92.13577270507812,89.08984375,87.14356231689453,89.0,89.0,86.14522552490234,91.13726043701172,90.27181243896484,90.44888305664062,91.78779602050781,91.08238220214844,92.77930450439453,97.16481018066406,98.85848236083984,99.40824890136719,100.31948852539062,98.24967956542969,101.31633758544922,99.02020263671875,96.0,94.04785919189453,90.27181243896484,90.19977569580078,85.47514343261719,81.88406372070312,80.23091888427734,77.66595458984375,72.2772445678711,69.12307739257812,64.76110076904297,59.66573715209961,55.10898208618164,50.695167541503906,47.85394287109375,45.54119110107422,45.17742919921875,42.01190185546875,43.011627197265625,43.0,41.0,43.011627197265625,44.0,47.0,49.04079818725586,49.162994384765625,47.85394287109375
0,-35,-95,9,42,105.08092498779297,107.00466918945312,104.29285430908203,106.04244232177734,102.35721588134766,101.6513671875,100.89598846435547,98.27003479003906,98.48857879638672,93.74433135986328,94.3663101196289,94.8946762084961,98.50888061523438,94.33981323242188,98.24967956542969,98.04590606689453,101.00495147705078,99.04544067382812,105.0047607421875,105.01904296875,106.23088073730469,108.22661590576172,104.47966003417969,104.3886947631836,103.94710540771484,103.94710540771484,99.46356201171875,97.01546478271484,97.52947998046875,90.52071380615234,87.92041778564453,84.50444030761719,81.3449478149414,78.0,71.69379425048828,65.92420196533203,62.7694206237793,58.694122314453125,54.7813835144043,50.59644317626953,47.12748718261719,47.29693603515625,45.54119110107422,47.26520919799805,49.162994384765625,48.166378021240234,51.244510650634766,52.345008850097656,52.46903991699219,53.36665725708008,57.723480224609375,57.93962478637695
0,-35,-95,10,35,94.03190612792969,93.49331665039062,94.66783905029297,94.33981323242188,92.78469848632812,89.69392395019531,89.55445098876953,86.31338500976562,85.86617279052734,86.40602111816406,83.67198181152344,84.30895233154297,86.37708282470703,86.03487396240234,84.43340301513672,89.5600357055664,87.80091094970703,89.73851013183594,94.5938720703125,94.11163330078125,95.33625030517578,94.64142608642578,94.5568618774414,97.71898651123047,94.33981323242188,91.54779815673828,89.69392395019531,88.56636047363281,85.86617279052734,79.17701721191406,78.29431915283203,77.02597045898438,72.56031799316406,68.60028839111328,65.19202423095703,61.587337493896484,57.688819885253906,53.0,50.2493782043457,46.52956008911133,43.382022857666016,43.46262741088867,43.32435989379883,43.011627197265625,45.12205505371094,43.680660247802734,47.53945541381836,50.28916549682617,48.703182220458984,52.55473327636719,52.77309799194336,52.15361785888672
0,-35,-95,10,37,102.068603515625,99.82484436035156,101.23734283447266,101.31633758544922,99.76472473144531,97.62171936035156,96.26006317138672,92.6336898803711,89.80534362792969,92.02173614501953,95.2680435180664,92.61749267578125,92.80086517333984,94.04785919189453,92.6552734375,97.34988403320312,96.79875946044922,98.73702239990234,101.2422866821289,100.95543670654297,103.73042297363281,104.29285430908203,102.00489807128906,104.8093490600586,103.23274993896484,101.41498565673828,99.08582305908203,96.87621307373047,94.11163330078125,90.55384826660156,87.96590423583984,86.55634307861328,81.83519744873047,76.216796875,73.60027313232422,68.818603515625,66.40029907226562,62.00806427001953,56.61272048950195,54.037025451660156,52.49761962890625,50.2493782043457,50.91168975830078,49.67897033691406,51.22499465942383,50.990196228027344,52.63079071044922,58.728187561035156,58.0,60.20797348022461,60.4400520324707,57.982757568359375
0,-35,-95,10,35,94.81033325195312,95.7078857421875,95.77056121826172,94.3663101196289,92.1791763305664,90.3548583984375,88.6848373413086,89.35882568359375,88.5098876953125,87.6584243774414,89.05054473876953,87.00574493408203,90.13877868652344,89.3756103515625,90.02777099609375,91.9673843383789,91.24143981933594,91.28527069091797,96.17691802978516,97.59098052978516,100.4987564086914,98.49365234375,97.18538665771484,99.90495300292969,99.48869323730469,95.60334777832031,94.30270385742188,93.19334411621094,90.55384826660156,86.45230102539062,84.11896514892578,83.19255065917969,77.82030487060547,72.49827575683594,70.38465881347656,65.39112854003906,61.32699203491211,55.46169662475586,54.12947463989258,54.120235443115234,49.73931884765625,48.54894256591797,46.87216567993164,48.010414123535156,47.20169448852539,46.40043258666992,50.6063232421875,52.201534271240234,51.400390625,54.64430618286133,54.120235443115234,55.71355438232422
0,-34,-95,10,34,87.20092010498047,90.8019790649414,88.23831176757812,90.60353088378906,87.00574493408203,86.21485137939453,87.32124328613281,83.73768615722656,82.87943267822266,82.75868225097656,84.148681640625,84.89994049072266,84.89994049072266,82.134033203125,85.14693450927734,85.91275024414062,88.60022735595703,86.68333435058594,91.40021514892578,91.0494384765625,91.0494384765625,94.2602767944336,92.09777069091797,93.60555267333984,94.75231170654297,92.6552734375,89.9388656616211,87.32124328613281,86.05230712890625,80.43009185791016,80.70935821533203,77.42092895507812,72.94518280029297,69.1158447265625,65.0,62.7694206237793,57.80138397216797,52.839378356933594,49.92995071411133,46.87216567993164,43.600460052490234,43.416587829589844,42.52058410644531,43.13930892944336,44.55333709716797,44.55333709716797,45.27692413330078,45.96738052368164,46.66904830932617,47.50789260864258,46.04345703125,48.3735466003418
0,-35,-95,9,41,104.8093490600586,106.73799896240234,102.83968353271484,107.70329284667969,103.3247299194336,103.3247299194336,101.13851928710938,98.27003479003906,99.92497253417969,95.52486419677734,95.52486419677734,98.15293884277344,98.85848236083984,98.61541748046875,98.50888061523438,98.50888061523438,100.07997131347656,99.12618255615234,102.07839965820312,103.17460632324219,104.30723571777344,106.47064971923828,101.83319854736328,106.56922912597656,105.38026428222656,105.07616424560547,102.39140319824219,97.26766967773438,96.3016128540039,91.76055908203125,89.4930191040039,84.43340301513672,83.21658325195312,76.69419860839844,70.7742919921875,66.30987548828125,64.47480010986328,60.008331298828125,57.00876998901367,55.02726745605469,49.97999572753906,48.27007293701172,50.0099983215332,47.85394287109375,45.7055778503418,49.648765563964844,49.648765563964844,51.97114562988281,52.17279052734375,51.92301940917969,55.02726745605469,54.625999450683594
0,-35,-95,10,35,99.02020263671875,96.5660400390625,99.5389404296875,101.0197982788086,98.0866928100586,96.5660400390625,95.4620361328125,95.75489807128906,94.42987060546875,91.67878723144531,91.7060546875,91.78779602050781,91.78779602050781,90.73587799072266,90.55384826660156,90.97252655029297,94.04785919189453,92.6552734375,95.44107818603516,94.62557983398438,98.47842407226562,100.70252990722656,96.5660400390625,98.79270935058594,95.38343811035156,97.6166000366211,93.03762817382812,90.07774353027344,89.69392395019531,84.8646011352539,79.71198272705078,79.12016296386719,74.63243103027344,71.16881561279297,68.4105224609375,63.324562072753906,58.94064712524414,56.32051086425781,50.695167541503906,48.703182220458984,45.880279541015625,47.01063537597656,43.382022857666016,42.54409408569336,43.046485900878906,44.41846466064453,45.79301071166992,47.70744323730469,50.11985778808594,50.990196228027344,48.46648406982422,51.244510650634766
0,-35,-95,10,36,102.07839965820312,101.0197982788086,103.0,102.01960754394531,98.0,99.0,99.02020263671875,96.13011932373047,94.19129180908203,93.26306915283203,92.26592254638672,91.54779815673828,95.18928527832031,92.39588928222656,93.74433135986328,93.74433135986328,95.12622833251953,93.39164733886719,97.74456787109375,99.68952178955078,98.06120300292969,102.39140319824219,98.06120300292969,102.39140319824219,99.29753112792969,99.72462463378906,96.42095184326172,92.19544219970703,91.0494384765625,88.0227279663086,83.05419921875,80.15609741210938,77.23341369628906,72.17340087890625,69.35416412353516,62.3939094543457,60.13318634033203,55.145263671875,50.2493782043457,48.041648864746094,45.0111083984375,46.173583984375,46.097721099853516,45.27692413330078,46.87216567993164,45.89117431640625,46.097721099853516,46.52956008911133,49.648765563964844,51.15662384033203,50.0099983215332,52.038448333740234
0,-35,-95,10,36,101.0197982788086,101.17806243896484,103.31021118164062,101.04454803466797,102.12247467041016,96.08329772949219,99.32270812988281,96.33275604248047,96.6281509399414,95.52486419677734,92.77930450439453,94.04785919189453,94.5409927368164,94.5409927368164,94.14881896972656,96.04686737060547,94.64142608642578,97.01546478271484,97.80081939697266,99.92497253417969,99.92497253417969,103.5857162475586,102.18121337890625,103.36827087402344,101.27191162109375,97.73944854736328,95.33625030517578,96.18731689453125,91.13726043701172,91.0494384765625,84.00595092773438,80.05622863769531,78.23043060302734,72.24956512451172,69.35416412353516,64.49806213378906,60.20797348022461,56.22277069091797,53.037723541259766,48.0,48.010414123535156,46.04345703125,46.389652252197266,44.72135925292969,47.29693603515625,47.29693603515625,48.27007293701172,51.195701599121094,50.48762130737305,52.239830017089844,53.0,51.088157653808594
0,-35,-95,10,35,96.00521087646484,96.00521087646484,97.00515747070312,99.0,94.0,93.0,95.0,90.022216796875,89.05054473876953,90.19977569580078,90.27181243896484,88.6848373413086,88.95504760742188,89.62700653076172,87.132080078125,91.21951293945312,90.02777099609375,93.74433135986328,96.04686737060547,94.3663101196289,94.72592163085938,96.8813705444336,96.33794403076172,97.49359130859375,97.01546478271484,95.63471984863281,91.26883697509766,88.09085845947266,88.0,82.00609588623047,80.0,77.0064926147461,73.10950469970703,68.06614685058594,65.12296295166016,61.20457458496094,55.226806640625,54.037025451660156,50.0,47.0,45.09988784790039,44.283180236816406,44.55333709716797,44.9110221862793,42.7551155090332,42.7551155090332,46.57252502441406,47.67599105834961,49.648765563964844,50.35871505737305,51.03919982910156,52.038448333740234
0,-34,-95,9,40,96.6281509399414,98.32598876953125,97.25225067138672,97.41663360595703,95.2575454711914,94.19129180908203,95.13148498535156,91.13726043701172,89.08984375,88.00568389892578,89.005615234375,89.08984375,90.13877868652344,90.13877868652344,91.19758605957031,93.4344711303711,93.64827728271484,92.34716796875,98.85848236083984,97.41663360595703,97.18538665771484,98.12747192382812,97.1287841796875,101.12368774414062,97.0,95.04735565185547,92.34716796875,88.56636047363281,86.97700500488281,83.02409362792969,81.39410400390625,77.66595458984375,75.18643188476562,69.6419448852539,65.0,61.84658432006836,58.94064712524414,54.34151077270508,51.41984176635742,48.83646011352539,46.69047164916992,47.51841735839844,47.095645904541016,47.04253387451172,47.095645904541016,45.0444221496582,48.010414123535156,49.162994384765625,49.36598205566406,51.788028717041016,51.195701599121094,52.49761962890625
0,-34,-95,9,40,102.21546173095703,104.30723571777344,101.2422866821289,103.46497344970703,100.12492370605469,97.90811920166016,98.81295776367188,96.83490753173828,95.8018798828125,95.90099334716797,94.64142608642578,93.7229995727539,95.52486419677734,96.2081069946289,96.87621307373047,95.4620361328125,96.93812561035156,96.87621307373047,99.76472473144531,102.64988708496094,102.53292083740234,104.66136169433594,100.44898986816406,102.55242919921875,102.72779846191406,101.53324890136719,98.85848236083984,96.40020751953125,93.81364440917969,90.44335174560547,85.98255920410156,82.92768096923828,79.07591247558594,71.19690704345703,69.83551788330078,65.3681869506836,60.90156173706055,56.93856430053711,56.080299377441406,54.37830352783203,50.21951675415039,50.0,48.27007293701172,46.010868072509766,48.10405349731445,48.79549026489258,51.62363815307617,51.62363815307617,51.7397346496582,52.009613037109375,54.64430618286133,52.77309799194336
0,-34,-95,9,39,102.48902130126953,103.16007232666016,104.04806518554688,101.92153930664062,100.0,97.52947998046875,95.07891082763672,96.54014587402344,95.12622833251953,93.74433135986328,92.57429504394531,93.05912017822266,92.43917083740234,93.34345245361328,92.34716796875,96.18731689453125,94.04785919189453,95.04735565185547,97.08243560791016,98.04590606689453,99.18164825439453,102.31324768066406,100.4987564086914,101.31633758544922,103.09703826904297,98.31072998046875,96.8813705444336,95.8018798828125,89.73851013183594,88.60022735595703,82.56512451171875,80.95677947998047,74.3303451538086,71.51223754882812,69.46221923828125,65.0,61.84658432006836,56.080299377441406,53.48831558227539,48.08325958251953,47.434165954589844,46.3249397277832,43.73785400390625,43.5660400390625,44.40720748901367,43.5660400390625,45.39823913574219,48.166378021240234,46.69047164916992,48.66210174560547,50.447994232177734,50.15974426269531
0,-34,-95,9,39,100.84146118164062,104.39348602294922,102.956298828125,103.4069595336914,99.14131164550781,100.9752426147461,99.50376892089844,96.02603912353516,95.52486419677734,93.34345245361328,96.13011932373047,96.02082824707031,93.0,94.00531768798828,93.0,95.04735565185547,98.41239929199219,95.04735565185547,102.31324768066406,100.17984008789062,101.0197982788086,102.00489807128906,98.0,101.07917785644531,100.00499725341797,100.07997131347656,95.42536163330078,91.4439697265625,89.94442749023438,85.98837280273438,84.5280990600586,77.87811279296875,73.24616241455078,70.8307876586914,67.72000885009766,63.06346130371094,58.46366500854492,54.12947463989258,52.77309799194336,47.85394287109375,44.283180236816406,43.046485900878906,43.046485900878906,45.0,41.0,45.0,46.04345703125,47.0,47.0,49.0,49.162994384765625,49.648765563964844
0,-35,-95,11,30,92.77930450439453,91.92388153076172,99.29753112792969,93.38094329833984,97.86725616455078,91.24143981933594,88.81441497802734,88.81441497802734,85.28775024414062,87.20664978027344,85.02352905273438,85.0,86.05230712890625,86.02325439453125,85.09406280517578,85.28775024414062,87.57283020019531,87.46427917480469,87.57283020019531,90.55384826660156,90.19977569580078,90.04998779296875,90.0888442993164,89.35882568359375,93.08598327636719,91.0054931640625,86.00581359863281,86.00581359863281,84.148681640625,80.3056640625,76.10519409179688,73.43704986572266,73.82411193847656,67.89698028564453,65.76473236083984,58.215118408203125,52.239830017089844,52.95280838012695,46.173583984375,46.04345703125,43.0,40.0,43.011627197265625,40.112342834472656,42.57933807373047,45.27692413330078,40.31128692626953,43.73785400390625,46.04345703125,49.25444030761719,47.0,46.097721099853516
0,-34,-95,9,40,107.51744079589844,104.9952392578125,105.36128234863281,105.6219711303711,104.04325866699219,101.6513671875,98.76234436035156,99.72462463378906,99.72462463378906,96.04686737060547,94.3663101196289,95.52486419677734,94.04785919189453,94.8946762084961,92.9139404296875,94.5304183959961,94.33981323242188,96.51942443847656,96.18731689453125,98.41239929199219,99.50376892089844,102.48902130126953,97.73944854736328,99.32270812988281,99.29753112792969,98.84330749511719,95.34149169921875,92.1791763305664,92.1791763305664,89.1852035522461,84.75848388671875,81.3449478149414,78.54934692382812,72.23572540283203,69.85699462890625,65.0,64.07807922363281,55.54277801513672,52.55473327636719,49.97999572753906,46.173583984375,44.384681701660156,45.89117431640625,42.57933807373047,45.39823913574219,44.40720748901367,46.27094268798828,49.648765563964844,48.66210174560547,50.990196228027344,49.47726821899414,51.26402282714844
0,-35,-95,9,40,104.70912170410156,106.89247131347656,106.8877944946289,107.42439270019531,106.0660171508789,101.59724426269531,100.7223892211914,97.1287841796875,96.17691802978516,95.7078857421875,95.85405731201172,95.75489807128906,95.63471984863281,92.35800170898438,92.02716827392578,94.25497436523438,94.9210205078125,93.68030548095703,96.5660400390625,97.08243560791016,99.6242904663086,99.02020263671875,97.30878448486328,100.5683822631836,98.23441314697266,98.48857879638672,95.2575454711914,94.41397857666016,91.78779602050781,89.1852035522461,83.21658325195312,82.20097351074219,78.10249328613281,73.10950469970703,68.11754608154297,64.53681182861328,58.41232681274414,56.40035629272461,51.855567932128906,49.40647888183594,45.486263275146484,44.29446792602539,44.777225494384766,43.8292121887207,43.8292121887207,45.617977142333984,43.416587829589844,46.51881408691406,49.24428939819336,49.73931884765625,48.82622146606445,51.22499465942383
0,-35,-95,10,34,97.08243560791016,96.16651916503906,98.68130493164062,95.50916290283203,97.41663360595703,90.13877868652344,91.08238220214844,89.53770446777344,90.2496566772461,89.53770446777344,87.66413116455078,87.46427917480469,85.0,84.07734680175781,84.5280990600586,89.1852035522461,84.38008880615234,88.1929702758789,87.46427917480469,91.58602142333984,90.91754150390625,92.78469848632812,93.02149963378906,93.4772720336914,91.78779602050781,90.47099304199219,86.72946166992188,90.2496566772461,81.27114868164062,83.24061584472656,76.15773010253906,75.92759704589844,70.8307876586914,68.24954223632812,65.11528015136719,62.801273345947266,53.33854293823242,49.648765563964844,47.26520919799805,43.73785400390625,42.72002029418945,41.761226654052734,41.761226654052734,38.4837646484375,37.57658767700195,40.71854782104492,40.71854782104492,43.382022857666016,43.65776062011719,45.54119110107422,46.57252502441406,46.52956008911133
0,-36,-95,10,37,104.62313079833984,105.81587982177734,101.71037292480469,108.75660705566406,98.1121826171875,100.84642028808594,98.97979736328125,97.94386291503906,95.29428100585938,89.89994812011719,93.94147491455078,95.07891082763672,92.11405944824219,92.69843292236328,94.25497436523438,93.30059051513672,97.41663360595703,93.96276092529297,103.44564056396484,101.92153930664062,100.88111877441406,102.78618621826172,99.72462463378906,101.51354217529297,102.15674591064453,103.36827087402344,97.04637908935547,93.53608703613281,94.15412902832031,87.98295593261719,87.3670425415039,82.09750366210938,75.80237579345703,70.60453033447266,68.7677230834961,60.4400520324707,59.66573715209961,52.201534271240234,47.801673889160156,49.09175109863281,43.90899658203125,44.72135925292969,43.08131790161133,44.59820556640625,43.65776062011719,45.221675872802734,47.12748718261719,47.16990661621094,48.46648406982422,51.078372955322266,51.88448715209961,54.708316802978516
0,-36,-95,10,37,104.8093490600586,101.71037292480469,103.5857162475586,103.69667053222656,100.60317993164062,99.32270812988281,99.40824890136719,95.2575454711914,95.13148498535156,95.13148498535156,95.02104949951172,94.04785919189453,93.13430786132812,94.42987060546875,95.33625030517578,96.6281509399414,97.32420349121094,98.99494934082031,98.15293884277344,102.70345306396484,103.5857162475586,103.81714630126953,103.17460632324219,103.31021118164062,102.01960754394531,103.00485229492188,99.12618255615234,96.25486755371094,93.4344711303711,89.94442749023438,87.132080078125,80.23091888427734,78.85429382324219,75.92759704589844,68.65857696533203,64.53681182861328,57.27128601074219,54.34151077270508,49.81967544555664,49.25444030761719,48.166378021240234,46.010868072509766,46.010868072509766,48.093658447265625,46.173583984375,48.3735466003418,49.25444030761719,52.239830017089844,52.08646774291992,54.00925827026367,55.145263671875,56.718605041503906
0,-35,-95,11,33,101.96568298339844,102.8250961303711,101.27191162109375,101.11874389648438,99.14131164550781,96.02603912353516,98.27003479003906,93.94147491455078,94.14881896972656,92.1791763305664,93.96276092529297,95.18928527832031,95.85926818847656,96.2081069946289,96.93296813964844,95.85405731201172,98.0866928100586,96.7729263305664,100.22474670410156,104.27847290039062,104.3886947631836,108.07867431640625,103.24727630615234,105.84894561767578,104.67568969726562,102.78618621826172,99.72462463378906,97.51409912109375,92.57429504394531,89.44271850585938,85.98837280273438,82.87339782714844,79.5110092163086,73.55270385742188,72.3394775390625,63.50590515136719,62.3939094543457,55.578773498535156,51.97114562988281,50.447994232177734,48.50773239135742,47.75981521606445,46.2385139465332,46.097721099853516,46.957427978515625,50.08992004394531,50.990196228027344,52.0,52.39274597167969,56.64803695678711,57.87054443359375,56.08921432495117
0,-34,-95,10,35,100.80674743652344,98.65596771240234,99.2471694946289,101.0,97.67292022705078,93.94147491455078,95.8018798828125,91.92388153076172,93.14505004882812,91.48223876953125,90.44335174560547,91.76055908203125,91.76055908203125,91.54779815673828,92.8493423461914,95.07891082763672,93.10746765136719,95.85405731201172,96.66436767578125,99.00505065917969,98.79270935058594,100.90093994140625,99.95999145507812,99.02020263671875,101.19288635253906,98.08159637451172,95.07891082763672,92.41753387451172,88.28363037109375,86.31338500976562,81.74349975585938,78.51751708984375,75.32595825195312,73.17103576660156,68.18357849121094,64.19501495361328,61.29437255859375,55.145263671875,53.33854293823242,50.80354309082031,46.69047164916992,47.29693603515625,45.607017517089844,48.383880615234375,46.48655700683594,46.81879806518555,47.75981521606445,51.54609680175781,52.49761962890625,51.41984176635742,51.97114562988281,53.33854293823242
0,-34,-95,9,40,107.07940673828125,107.48953247070312,109.4897232055664,109.04127502441406,104.7377700805664,102.77159118652344,104.93807983398438,100.28459167480469,100.4987564086914,99.72462463378906,99.60923767089844,98.32598876953125,100.12492370605469,100.07997131347656,100.04499053955078,101.07917785644531,102.12247467041016,103.0436782836914,107.11676025390625,106.169677734375,107.0,109.0,104.07689666748047,106.01886749267578,105.3043212890625,104.3886947631836,100.9752426147461,97.86725616455078,94.8946762084961,92.39588928222656,89.62700653076172,86.88497924804688,82.97589874267578,77.6208724975586,73.76313781738281,69.12307739257812,67.44627380371094,59.90826416015625,57.9741325378418,53.15073013305664,51.4781494140625,50.15974426269531,52.08646774291992,49.09175109863281,49.0,48.010414123535156,50.0,55.03635025024414,53.037723541259766,57.21887969970703,56.718605041503906,56.75385284423828
0,-34,-95,9,38,98.0,98.0,98.0,98.0,96.0,91.0,90.00555419921875,90.0888442993164,90.0888442993164,89.27485656738281,88.36288452148438,87.69264221191406,89.26925659179688,88.45903015136719,88.28363037109375,90.60904693603516,88.0738296508789,89.62700653076172,91.67878723144531,93.39164733886719,93.94147491455078,94.9210205078125,91.7823486328125,93.5574722290039,93.05912017822266,93.64827728271484,89.35882568359375,86.14522552490234,84.05355072021484,82.00609588623047,79.0,76.00657653808594,72.06246948242188,68.06614685058594,67.11929321289062,62.07253646850586,56.035701751708984,54.037025451660156,51.03919982910156,49.0,46.0,43.011627197265625,44.18144226074219,41.43669891357422,40.4474983215332,43.73785400390625,43.931766510009766,45.39823913574219,46.27094268798828,48.166378021240234,49.01020431518555,48.010414123535156
0,-34,-95,10,31,79.07591247558594,84.40379333496094,83.19855499267578,80.80841827392578,79.24645233154297,80.28075408935547,79.30951690673828,77.87811279296875,77.36924743652344,74.3303451538086,75.28611755371094,74.84651184082031,75.96051788330078,76.05918884277344,76.05918884277344,74.24958038330078,77.41446685791016,76.05918884277344,80.0624771118164,80.52949523925781,78.71467590332031,78.79086303710938,74.73285675048828,80.0624771118164,78.29431915283203,76.5506362915039,76.216796875,73.05477142333984,73.97972869873047,68.4105224609375,70.3420181274414,62.169124603271484,65.11528015136719,57.706153869628906,55.44366455078125,48.3735466003418,46.389652252197266,45.54119110107422,41.9761848449707,38.832977294921875,35.693138122558594,39.84971618652344,33.83784866333008,32.69556427001953,35.84689712524414,35.7770881652832,35.34119415283203,35.34119415283203,37.57658767700195,40.31128692626953,40.16217041015625,40.26164245605469
0,-34,-95,9,37,92.34716796875,91.76055908203125,91.92388153076172,92.1791763305664,91.21403503417969,89.02246856689453,89.73851013183594,84.92938232421875,83.9523696899414,84.34452819824219,83.36066436767578,83.86298370361328,81.74349975585938,82.38932037353516,81.22191619873047,83.15046691894531,84.0,84.05355072021484,86.00581359863281,88.0,85.14693450927734,87.05171203613281,88.20430755615234,87.28115844726562,85.47514343261719,86.70063781738281,82.73451232910156,82.37718200683594,78.64476776123047,76.15773010253906,74.72616577148438,70.60453033447266,68.3081283569336,61.032779693603516,58.52349853515625,54.708316802978516,52.0,46.48655700683594,44.59820556640625,42.44997024536133,38.327537536621094,37.48332977294922,36.22154235839844,36.12478256225586,37.0,36.0,38.0,40.0,40.04996871948242,42.19004440307617,43.73785400390625,41.48493576049805
0,-35,-95,10,33,88.5268325805664,90.5096664428711,90.5096664428711,91.28527069091797,86.31338500976562,84.8646011352539,84.85281372070312,80.62257385253906,80.61017608642578,81.46778869628906,79.20858764648438,78.64476776123047,79.2022705078125,78.8733139038086,77.42092895507812,79.32212829589844,79.32212829589844,79.32212829589844,82.68010711669922,84.59905242919922,85.44589233398438,82.6619644165039,80.0,83.23461151123047,80.28075408935547,82.46211242675781,82.32861328125,74.96665954589844,74.96665954589844,70.03570556640625,68.88395690917969,67.47592163085938,63.03173828125,63.25345993041992,55.60575485229492,50.21951675415039,49.92995071411133,44.10215377807617,40.607879638671875,39.051246643066406,36.878177642822266,38.20994567871094,37.44329071044922,34.058773040771484,36.400550842285156,38.01315689086914,37.44329071044922,37.80211639404297,38.01315689086914,40.607879638671875,39.623226165771484,41.86884307861328
0,-36,-95,10,36,98.48857879638672,100.7223892211914,98.97979736328125,96.7470932006836,98.1121826171875,94.02127075195312,93.64827728271484,91.58602142333984,91.58602142333984,87.92041778564453,88.00568389892578,87.61849212646484,87.45856475830078,86.68333435058594,86.55634307861328,89.9388656616211,89.14033508300781,89.14033508300781,91.21951293945312,93.60555267333984,93.60555267333984,93.7229995727539,93.7229995727539,95.01578521728516,93.40770721435547,92.20086669921875,86.8216552734375,85.58621215820312,83.24061584472656,79.17701721191406,74.6860122680664,73.40980529785156,71.30918884277344,65.19202423095703,62.032249450683594,55.36244201660156,51.62363815307617,48.332183837890625,44.283180236816406,45.17742919921875,39.4461669921875,38.60051727294922,38.60051727294922,39.824615478515625,40.360870361328125,43.931766510009766,43.931766510009766,46.097721099853516,47.01063537597656,47.01063537597656,50.477718353271484,50.990196228027344
0,-36,-95,11,33,101.00495147705078,98.0,100.00499725341797,99.0,99.02020263671875,94.08506774902344,98.04590606689453,93.13430786132812,93.08598327636719,92.43917083740234,90.44888305664062,91.78779602050781,91.4111557006836,89.26925659179688,90.60904693603516,93.39164733886719,91.67878723144531,92.89241027832031,93.39164733886719,94.3663101196289,97.08243560791016,100.80674743652344,96.8813705444336,98.84330749511719,97.86725616455078,95.63471984863281,92.26592254638672,91.0054931640625,86.02325439453125,84.0,79.22752380371094,77.23341369628906,73.24616241455078,65.4904556274414,61.20457458496094,59.41380310058594,54.147945404052734,50.08992004394531,47.04253387451172,45.0444221496582,44.10215377807617,42.296573638916016,45.35416030883789,42.95346450805664,43.416587829589844,46.3249397277832,48.764739990234375,50.990196228027344,51.97114562988281,53.46026611328125,55.145263671875,53.037723541259766
0,-36,-95,11,35,100.6578369140625,102.068603515625,101.212646484375,105.75916290283203,101.04454803466797,101.04454803466797,99.02020263671875,96.60745239257812,96.02082824707031,94.30270385742188,92.35800170898438,94.66783905029297,95.38343811035156,94.8946762084961,95.7131118774414,94.81033325195312,99.74467468261719,94.02127075195312,103.36827087402344,100.17984008789062,102.85912322998047,102.42070007324219,102.08329772949219,104.70912170410156,104.62313079833984,103.77379608154297,95.69221496582031,93.60021209716797,92.20086669921875,85.8021011352539,83.09632873535156,80.91971588134766,75.82215881347656,69.42621612548828,65.29930877685547,60.87692642211914,58.2580451965332,53.26349639892578,50.21951675415039,51.312767028808594,47.01063537597656,48.30113983154297,47.01063537597656,49.76947021484375,52.92447280883789,50.695167541503906,53.48831558227539,54.625999450683594,56.79788589477539,59.53990173339844,57.80138397216797,61.61980056762695
0,-35,-95,11,33,103.00485229492188,103.12128448486328,104.0,102.01960754394531,103.00485229492188,99.00505065917969,99.0,98.0204086303711,99.04544067382812,97.1287841796875,98.18350219726562,96.33275604248047,96.51942443847656,96.87621307373047,95.03683471679688,98.47842407226562,98.84330749511719,99.82484436035156,101.78899383544922,103.7545166015625,103.09703826904297,102.1077880859375,101.83319854736328,103.81714630126953,101.49384307861328,102.23991394042969,99.02020263671875,96.0,91.02197265625,88.0227279663086,83.2946548461914,81.3019027709961,77.16217041015625,72.3394775390625,69.46221923828125,63.071388244628906,62.032249450683594,56.0,54.0,54.037025451660156,51.244510650634766,53.46026611328125,53.75872039794922,50.990196228027344,51.97114562988281,53.75872039794922,55.73149871826172,59.6824951171875,60.29925537109375,62.07253646850586,59.03388977050781,60.406951904296875
0,-35,-95,9,41,104.89041900634766,104.66136169433594,106.77546691894531,105.418212890625,106.79419708251953,105.38026428222656,105.36128234863281,102.55242919921875,100.44898986816406,102.55242919921875,101.91172790527344,100.5683822631836,100.00499725341797,99.48869323730469,97.80081939697266,106.01886749267578,99.29753112792969,101.25709533691406,100.70252990722656,107.07473754882812,105.43718719482422,105.43718719482422,105.26158142089844,105.60302734375,104.89041900634766,101.41498565673828,97.08243560791016,98.41239929199219,91.21951293945312,91.93476104736328,84.89994049072266,82.03657531738281,78.56844329833984,75.07329559326172,71.50524139404297,66.60330200195312,65.79513549804688,60.14149856567383,55.865909576416016,52.49761962890625,56.7274169921875,52.201534271240234,54.64430618286133,51.865211486816406,55.56977462768555,55.4707145690918,55.75840759277344,58.52349853515625,59.81638717651367,61.61980056762695,59.396968841552734,58.79625701904297
0,-34,-95,10,34,95.90099334716797,96.10411071777344,96.31718444824219,96.8813705444336,94.72592163085938,96.69022369384766,95.90099334716797,92.19544219970703,91.7823486328125,89.73851013183594,90.9560317993164,89.9888916015625,91.0933609008789,91.0933609008789,90.44335174560547,89.53770446777344,91.18113708496094,89.53770446777344,91.18113708496094,93.40770721435547,92.69843292236328,95.18928527832031,93.30059051513672,93.30059051513672,92.444580078125,92.89241027832031,88.0738296508789,85.5102310180664,85.5102310180664,81.21575927734375,77.5241928100586,76.41989135742188,71.25306701660156,66.18912506103516,65.37583923339844,59.21148681640625,55.226806640625,53.15073013305664,50.35871505737305,47.85394287109375,44.72135925292969,46.3249397277832,46.173583984375,46.173583984375,49.648765563964844,46.173583984375,48.764739990234375,51.92301940917969,50.21951675415039,50.635955810546875,50.2493782043457,52.0
0,-34,-95,9,38,95.18928527832031,96.33275604248047,96.25486755371094,97.25225067138672,96.18731689453125,93.19334411621094,91.4439697265625,91.54779815673828,88.6848373413086,89.5600357055664,89.80534362792969,87.96590423583984,88.45903015136719,86.31338500976562,85.5102310180664,87.32124328613281,87.09190368652344,84.89994049072266,89.9888916015625,89.9888916015625,89.49860382080078,89.26925659179688,87.86353302001953,90.70832061767578,88.45903015136719,87.4757080078125,85.84288024902344,83.48652648925781,81.39410400390625,77.3175277709961,75.05997467041016,72.00694274902344,70.06425476074219,67.0,62.0,57.0,55.0,51.0,49.0,46.097721099853516,42.19004440307617,43.73785400390625,42.7551155090332,43.17406463623047,42.44997024536133,43.416587829589844,44.643028259277344,44.384681701660156,46.87216567993164,47.381431579589844,48.166378021240234,49.0
0,-34,-95,9,38,98.12747192382812,98.24967956542969,95.13148498535156,101.31633758544922,94.08506774902344,95.2575454711914,92.26592254638672,90.04998779296875,90.19977569580078,87.0,90.0,89.05054473876953,87.20664978027344,88.20430755615234,87.14356231689453,86.20904541015625,89.35882568359375,85.58621215820312,91.66242218017578,92.34716796875,91.3509750366211,91.13726043701172,89.35882568359375,91.54779815673828,91.0878677368164,92.04889678955078,87.00574493408203,83.2946548461914,84.148681640625,77.41446685791016,76.53103637695312,73.82411193847656,70.03570556640625,67.08203887939453,65.11528015136719,59.03388977050781,55.73149871826172,50.48762130737305,48.3735466003418,46.173583984375,43.104522705078125,43.0,43.0,42.04759216308594,43.0,41.1096076965332,43.28972244262695,47.01063537597656,45.0111083984375,50.0,48.041648864746094,48.25971221923828
0,-35,-95,11,30,89.05054473876953,87.09764862060547,89.44271850585938,89.9888916015625,93.94147491455078,82.56512451171875,87.66413116455078,83.18653869628906,84.17243957519531,85.0,83.6002426147461,83.72574615478516,82.2982406616211,78.4091796875,80.22468566894531,84.0238037109375,83.0,84.0,80.09993743896484,85.02352905273438,84.00595092773438,84.00595092773438,86.02325439453125,85.02352905273438,85.09406280517578,84.2911605834961,84.2911605834961,82.49242401123047,72.18032836914062,72.36711883544922,69.42621612548828,67.91170501708984,62.585941314697266,60.16643524169922,55.36244201660156,54.34151077270508,49.47726821899414,43.931766510009766,38.07886505126953,38.05259704589844,41.04875183105469,36.055511474609375,40.0,38.0,41.43669891357422,41.04875183105469,45.0111083984375,46.010868072509766,48.0,50.15974426269531,47.67599105834961,45.12205505371094
0,-35,-95,10,35,97.69339752197266,97.86214447021484,98.0866928100586,97.30878448486328,94.5409927368164,94.15412902832031,93.10746765136719,90.87353515625,88.56636047363281,89.005615234375,88.54942321777344,85.0,86.09297180175781,87.132080078125,82.92768096923828,86.02325439453125,88.60022735595703,88.23265075683594,89.20201873779297,90.42676544189453,91.40021514892578,92.20086669921875,90.69729614257812,91.52595520019531,89.35882568359375,89.1852035522461,85.95928955078125,83.19255065917969,81.85963439941406,77.87811279296875,74.32361602783203,72.23572540283203,70.00714111328125,63.694583892822266,57.93962478637695,56.080299377441406,52.201534271240234,48.10405349731445,44.777225494384766,42.05948257446289,43.046485900878906,42.20189666748047,42.8018684387207,42.01190185546875,45.343135833740234,45.27692413330078,46.86149978637695,46.22769546508789,49.81967544555664,51.03919982910156,51.0,52.39274597167969
0,-35,-95,11,33,99.02020263671875,101.82828521728516,98.0051040649414,100.60317993164062,94.81033325195312,95.8018798828125,94.20191192626953,93.00537872314453,90.0,90.42676544189453,90.55384826660156,89.47066497802734,87.6584243774414,87.6584243774414,89.005615234375,89.0,92.30926513671875,88.56636047363281,94.5409927368164,93.10746765136719,95.2732925415039,96.60745239257812,92.57429504394531,97.08243560791016,95.77056121826172,95.77056121826172,91.26883697509766,87.41853332519531,88.48163604736328,78.60025787353516,80.43009185791016,73.87828063964844,70.93659210205078,65.94694519042969,62.36986541748047,56.63920974731445,54.037025451660156,51.400390625,49.648765563964844,47.70744323730469,45.27692413330078,44.29446792602539,43.46262741088867,45.31004333496094,47.53945541381836,47.53945541381836,50.15974426269531,52.32590103149414,51.4781494140625,54.120235443115234,54.64430618286133,57.48912811279297
0,-35,-95,10,36,102.4743881225586,98.83824920654297,103.44564056396484,98.0051040649414,98.97979736328125,94.15412902832031,94.66783905029297,93.49331665039062,92.35800170898438,92.0869140625,89.87213134765625,89.40357971191406,89.8109130859375,86.83317565917969,88.61715698242188,92.02173614501953,90.52071380615234,93.4344711303711,91.92388153076172,95.4620361328125,97.62171936035156,98.35140991210938,97.18538665771484,99.2471694946289,96.40020751953125,96.40020751953125,92.41753387451172,92.35800170898438,87.132080078125,86.09297180175781,80.62257385253906,79.25907135009766,73.43023681640625,69.83551788330078,66.21178436279297,61.717098236083984,59.9416389465332,51.97114562988281,49.39635467529297,49.09175109863281,47.20169448852539,46.86149978637695,50.20956039428711,47.381431579589844,49.497474670410156,49.51767349243164,51.62363815307617,54.5618896484375,56.7274169921875,60.0,56.603885650634766,60.373836517333984
0,-35,-95,10,36,99.29753112792969,97.71898651123047,97.73944854736328,100.24469757080078,93.92018127441406,95.18928527832031,92.11405944824219,92.69843292236328,89.8888168334961,87.46427917480469,86.00581359863281,86.31338500976562,87.70974731445312,88.58893585205078,89.1852035522461,90.55384826660156,91.58602142333984,89.8888168334961,94.87360382080078,94.33981323242188,98.0051040649414,98.48857879638672,93.53608703613281,96.25486755371094,95.2575454711914,97.08243560791016,93.77632904052734,89.53770446777344,87.92041778564453,83.16850280761719,81.04319763183594,80.28075408935547,74.95331573486328,69.23149871826172,65.92420196533203,59.03388977050781,57.723480224609375,55.081756591796875,52.88667297363281,48.08325958251953,47.16990661621094,47.01063537597656,46.957427978515625,48.764739990234375,50.6063232421875,49.648765563964844,52.35456085205078,54.5618896484375,54.7813835144043,58.18934631347656,56.75385284423828,59.6824951171875
0,-35,-95,10,37,102.956298828125,100.34440612792969,102.62553405761719,102.57679748535156,102.92716217041016,98.79270935058594,97.09788513183594,94.57801055908203,94.57801055908203,95.21029663085938,94.20191192626953,94.64142608642578,92.95697784423828,95.7757797241211,94.2602767944336,96.93812561035156,96.17691802978516,97.58073425292969,98.35140991210938,103.94710540771484,103.27632904052734,106.10372161865234,104.89041900634766,106.15083312988281,103.71113586425781,102.61579132080078,98.22932434082031,98.47334289550781,95.41488647460938,94.66783905029297,86.09297180175781,84.11896514892578,80.0624771118164,74.73285675048828,71.11258697509766,65.29930877685547,63.50590515136719,59.03388977050781,56.080299377441406,53.5350341796875,52.69725036621094,50.6063232421875,53.81449508666992,52.63079071044922,54.488529205322266,55.31726837158203,55.973209381103516,59.54829788208008,60.80295944213867,61.91122817993164,61.773780822753906,61.09828186035156
0,-35,-95,10,36,102.07839965820312,104.30723571777344,99.32270812988281,104.00961303710938,97.94386291503906,98.79270935058594,94.66783905029297,95.29428100585938,94.8946762084961,91.67878723144531,93.02149963378906,92.61209106445312,96.3846435546875,95.63471984863281,97.49871826171875,95.85926818847656,96.4624252319336,95.18928527832031,102.48902130126953,102.78618621826172,102.52804565429688,104.67568969726562,100.46392059326172,104.75209045410156,104.92378234863281,103.87010955810547,101.53324890136719,97.6166000366211,95.88013458251953,89.69392395019531,88.20430755615234,82.37718200683594,80.0,73.81734466552734,72.20111083984375,64.40496826171875,61.61168670654297,57.688819885253906,55.75840759277344,55.07267761230469,51.429561614990234,52.32590103149414,50.15974426269531,53.48831558227539,52.92447280883789,55.154327392578125,54.7813835144043,58.18075180053711,57.706153869628906,60.41522979736328,61.29437255859375,62.801273345947266
0,-34,-95,10,33,91.67878723144531,96.15092468261719,90.47099304199219,95.2732925415039,90.37699127197266,93.62158203125,90.07774353027344,86.53900909423828,86.53900909423828,84.8646011352539,86.03487396240234,86.33075714111328,86.12781524658203,86.12781524658203,88.76936340332031,86.12200927734375,90.8019790649414,90.24411010742188,93.5574722290039,93.94147491455078,94.3663101196289,96.3016128540039,91.92388153076172,95.33625030517578,94.86833190917969,95.85926818847656,91.38927459716797,87.72685241699219,86.76404571533203,81.39410400390625,81.00617218017578,77.41446685791016,71.86793518066406,70.8307876586914,65.73431396484375,60.74536895751953,57.14017868041992,55.4707145690918,51.107730865478516,48.764739990234375,46.51881408691406,47.423622131347656,44.0113639831543,47.16990661621094,45.54119110107422,45.221675872802734,46.173583984375,49.04079818725586,47.85394287109375,50.08992004394531,51.0,51.865211486816406
0,-34,-95,9,39,95.4620361328125,100.84642028808594,96.5660400390625,99.16148376464844,94.9210205078125,97.86214447021484,94.9210205078125,92.02716827392578,92.02716827392578,88.60022735595703,91.48223876953125,92.6498794555664,91.0054931640625,89.44271850585938,91.7823486328125,93.38094329833984,95.88534545898438,93.38094329833984,99.84988403320312,99.14131164550781,98.65596771240234,100.80674743652344,97.86214447021484,100.80674743652344,101.13851928710938,101.92153930664062,98.03060913085938,93.40770721435547,92.4770278930664,87.8464584350586,85.42832946777344,81.84130859375,77.36924743652344,71.58910369873047,68.47627258300781,62.265560150146484,61.400325775146484,54.58937454223633,53.66563034057617,50.56678771972656,45.31004333496094,47.75981521606445,44.92215347290039,46.173583984375,45.880279541015625,46.3249397277832,48.27007293701172,50.0,51.244510650634766,52.55473327636719,51.89412307739258,54.20331954956055
0,-34,-95,9,40,99.00505065917969,99.36800384521484,99.36800384521484,101.59232330322266,97.49871826171875,99.16148376464844,96.13532257080078,95.50916290283203,95.18928527832031,93.68030548095703,94.3716049194336,93.86160278320312,94.72592163085938,93.94147491455078,95.52486419677734,94.3663101196289,98.15293884277344,95.18928527832031,103.94710540771484,102.25947570800781,102.77159118652344,103.16007232666016,100.66280364990234,107.07940673828125,103.07764434814453,102.88343048095703,99.6242904663086,97.86214447021484,94.70480346679688,88.23831176757812,89.0,84.9705810546875,80.05622863769531,76.47875213623047,68.60028839111328,66.24198150634766,60.539241790771484,57.30619430541992,53.712196350097656,49.648765563964844,49.19349670410156,46.2385139465332,45.221675872802734,46.48655700683594,45.12205505371094,45.12205505371094,46.3249397277832,48.50773239135742,50.28916549682617,54.424259185791016,51.4781494140625,51.88448715209961
0,-34,-95,10,32,83.72574615478516,87.70974731445312,84.11896514892578,85.8836441040039,88.56636047363281,83.6480712890625,88.54942321777344,81.39410400390625,82.3468246459961,81.93900299072266,82.46211242675781,84.8646011352539,81.93289947509766,85.070556640625,79.69943237304688,78.84795379638672,83.24061584472656,79.30951690673828,86.40023040771484,88.76936340332031,83.81526947021484,87.92041778564453,85.09406280517578,87.93179321289062,83.57032775878906,82.29216003417969,83.19255065917969,82.76472473144531,77.89736938476562,75.80237579345703,70.49113464355469,68.79679870605469,67.42403411865234,61.057350158691406,57.42821502685547,55.4707145690918,51.22499465942383,47.20169448852539,46.04345703125,40.804412841796875,38.470767974853516,38.4837646484375,38.4837646484375,36.400550842285156,38.897300720214844,34.1760139465332,38.897300720214844,39.560081481933594,39.560081481933594,40.49691390991211,41.59326934814453,42.54409408569336
0,-34,-95,10,32,82.0,82.56512451171875,86.14522552490234,83.54639434814453,81.74349975585938,78.44743347167969,81.74349975585938,78.51751708984375,81.49846649169922,79.15807342529297,81.22191619873047,75.23961639404297,81.09870910644531,81.09870910644531,80.02499389648438,82.00609588623047,78.0,78.025634765625,83.00602722167969,82.0,84.0,86.02325439453125,85.09406280517578,88.0,85.28775024414062,84.59314727783203,79.5110092163086,80.60397338867188,75.18643188476562,73.49829864501953,69.37578582763672,65.802734375,63.24555206298828,60.4400520324707,58.18934631347656,50.59644317626953,49.04079818725586,44.94440841674805,41.761226654052734,39.84971618652344,38.27531814575195,33.541019439697266,38.20994567871094,32.140316009521484,34.0,35.0142822265625,34.01470184326172,35.0142822265625,37.0,42.04759216308594,39.458839416503906,41.0
0,-34,-95,10,31,83.86298370361328,83.00602722167969,87.23531341552734,83.52843475341797,85.08818817138672,81.00617218017578,80.52949523925781,78.77182006835938,79.64923095703125,78.71467590332031,79.15807342529297,76.55716705322266,80.62257385253906,77.47257232666016,75.23961639404297,78.79086303710938,77.8331527709961,77.077880859375,82.2800064086914,81.54139709472656,80.11241912841797,79.62411499023438,82.29216003417969,81.54139709472656,82.73451232910156,80.52949523925781,76.5506362915039,79.88116455078125,72.20111083984375,71.40028381347656,66.06814575195312,64.35060119628906,62.2414665222168,56.58621597290039,53.740116119384766,51.62363815307617,48.166378021240234,38.20994567871094,39.69886779785156,34.71310806274414,33.970577239990234,37.2155876159668,34.13209533691406,30.886890411376953,31.62277603149414,33.61547088623047,34.438350677490234,37.57658767700195,36.769554138183594,38.94868469238281,38.832977294921875,36.400550842285156
0,-34,-95,9,38,91.26883697509766,93.26306915283203,92.43917083740234,93.26306915283203,92.6552734375,91.66242218017578,91.66242218017578,88.1192398071289,88.6848373413086,88.1192398071289,88.45903015136719,86.88497924804688,87.66413116455078,86.12200927734375,85.61541748046875,85.16454315185547,87.93179321289062,86.02325439453125,87.28115844726562,89.4930191040039,90.13877868652344,89.5600357055664,87.80091094970703,88.60022735595703,88.0738296508789,88.84255981445312,85.5102310180664,83.72574615478516,81.39410400390625,76.32168579101562,72.02777099609375,69.065185546875,65.03076171875,62.0,57.0,53.00943374633789,49.0,45.0,43.104522705078125,40.199501037597656,38.327537536621094,35.902645111083984,34.48188018798828,35.46829605102539,36.24913787841797,36.67424011230469,37.57658767700195,39.81205749511719,40.31128692626953,42.72002029418945,44.92215347290039,45.12205505371094
0,-35,-95,10,31,85.8021011352539,85.0,82.6619644165039,84.87638092041016,79.05693817138672,79.6303939819336,81.84130859375,78.77182006835938,77.38862609863281,76.00657653808594,77.93586730957031,76.85050201416016,79.75587463378906,75.29276275634766,75.80237579345703,76.47875213623047,79.60527801513672,76.05918884277344,79.15807342529297,78.29431915283203,78.892333984375,78.29431915283203,77.69813537597656,81.98780059814453,78.23681640625,79.32212829589844,74.40430450439453,71.0633544921875,68.680419921875,67.26811981201172,65.0691909790039,64.35060119628906,56.58621597290039,53.90732955932617,50.2493782043457,46.86149978637695,44.59820556640625,39.051246643066406,36.400550842285156,33.241539001464844,32.80244064331055,32.202484130859375,34.13209533691406,30.528675079345703,34.438350677490234,30.463092803955078,34.539833068847656,35.34119415283203,37.57658767700195,38.94868469238281,38.832977294921875,39.051246643066406
0,-34,-95,9,38,94.42987060546875,96.6281509399414,96.7470932006836,97.62171936035156,95.52486419677734,93.77099609375,92.77930450439453,91.08238220214844,90.25519561767578,88.28363037109375,89.10667419433594,87.66413116455078,86.88497924804688,86.34812927246094,86.34812927246094,85.86617279052734,87.28115844726562,86.12781524658203,88.86506652832031,88.23265075683594,87.93179321289062,88.8875732421875,88.32327270507812,88.32327270507812,87.32124328613281,86.88497924804688,85.0,81.74349975585938,80.5046615600586,74.3303451538086,72.06246948242188,69.1158447265625,65.0076904296875,62.0,55.0,53.0,49.0,44.0113639831543,42.01190185546875,38.20994567871094,35.510562896728516,34.78505325317383,35.46829605102539,36.24913787841797,36.67424011230469,37.121421813964844,40.24922180175781,44.283180236816406,42.95346450805664,46.81879806518555,48.383880615234375,49.81967544555664
0,-34,-95,9,38,95.69221496582031,95.41488647460938,97.41663360595703,97.94386291503906,95.18928527832031,93.19334411621094,91.80958557128906,89.8888168334961,89.58794403076172,88.6848373413086,87.8179931640625,87.70974731445312,86.76404571533203,86.76404571533203,86.33075714111328,86.8158950805664,85.61541748046875,82.85529327392578,88.39117431640625,87.8464584350586,88.14192962646484,89.55445098876953,86.8158950805664,90.47099304199219,88.10221099853516,88.58893585205078,82.49242401123047,81.54139709472656,79.05693817138672,75.45197296142578,71.40028381347656,68.24954223632812,65.94694519042969,62.36986541748047,55.90169906616211,50.990196228027344,48.166378021240234,43.27817153930664,40.804412841796875,38.587562561035156,37.2155876159668,35.7770881652832,35.84689712524414,36.400550842285156,38.327537536621094,39.560081481933594,41.761226654052734,43.680660247802734,45.221675872802734,48.10405349731445,47.423622131347656,48.87739944458008
0,-35,-95,9,39,97.6166000366211,98.1121826171875,97.06183624267578,96.64884948730469,97.52947998046875,93.05912017822266,93.1504135131836,91.30169677734375,91.78779602050781,89.89437866210938,88.56636047363281,89.05054473876953,88.39117431640625,87.8464584350586,85.61541748046875,88.39117431640625,86.64871978759766,89.4930191040039,87.28115844726562,88.95504760742188,89.69392395019531,90.62008666992188,90.62008666992188,88.0227279663086,90.07774353027344,88.56636047363281,86.45230102539062,83.35466766357422,79.4040298461914,77.69813537597656,72.42237091064453,69.20259857177734,64.81512451171875,61.84658432006836,56.85068130493164,54.037025451660156,50.0,45.221675872802734,41.617305755615234,39.96248245239258,38.01315689086914,35.84689712524414,36.400550842285156,36.400550842285156,40.26164245605469,39.81205749511719,43.680660247802734,45.880279541015625,47.434165954589844,48.703182220458984,49.76947021484375,51.97114562988281
0,-35,-95,9,40,101.41498565673828,98.95453643798828,104.56098937988281,101.13851928710938,101.13851928710938,96.31718444824219,99.2471694946289,93.94147491455078,93.94147491455078,92.76313781738281,92.57429504394531,90.42676544189453,90.93404388427734,91.66242218017578,88.56636047363281,91.26883697509766,88.14192962646484,90.27181243896484,93.04837799072266,94.08506774902344,92.19544219970703,93.26306915283203,92.43917083740234,94.5304183959961,92.22798156738281,91.24143981933594,86.88497924804688,86.58522033691406,80.77747344970703,80.08120727539062,75.89466094970703,72.11102294921875,67.779052734375,64.25729370117188,59.236812591552734,54.08327102661133,49.76947021484375,46.48655700683594,43.32435989379883,41.231056213378906,38.832977294921875,36.22154235839844,39.051246643066406,39.051246643066406,40.01249694824219,41.1096076965332,46.04345703125,49.04079818725586,49.0,52.239830017089844,52.611785888671875,52.63079071044922
0,-35,-95,9,39,97.1236343383789,94.64142608642578,95.81753540039062,96.84007263183594,91.7060546875,93.00537872314453,92.34716796875,90.13877868652344,87.59566497802734,85.4400405883789,84.75848388671875,84.50444030761719,85.49269104003906,81.43709564208984,82.76472473144531,83.18653869628906,84.11896514892578,81.41252899169922,84.11896514892578,86.45230102539062,88.54942321777344,86.76981353759766,86.76404571533203,87.20664978027344,85.08818817138672,86.53900909423828,83.21658325195312,78.10890197753906,75.96051788330078,74.72616577148438,70.8307876586914,66.4906005859375,63.348243713378906,60.20797348022461,54.918121337890625,50.21951675415039,49.030601501464844,42.20189666748047,41.1096076965332,37.0,36.67424011230469,36.67424011230469,38.07886505126953,38.01315689086914,41.400482177734375,41.400482177734375,42.8018684387207,45.221675872802734,48.02082824707031,49.73931884765625,51.62363815307617,50.0
0,-35,-95,10,35,98.50888061523438,98.18350219726562,99.2471694946289,98.24967956542969,96.25486755371094,94.33981323242188,93.26306915283203,90.0888442993164,87.05171203613281,90.13877868652344,89.02246856689453,88.0,87.0,84.0238037109375,85.09406280517578,85.21150207519531,85.37564086914062,84.2911605834961,89.94442749023438,87.57283020019531,88.36288452148438,89.45389556884766,90.13877868652344,89.20201873779297,89.02246856689453,87.0,84.0238037109375,83.05419921875,77.23341369628906,75.42546081542969,71.56814575195312,68.73136138916016,65.92420196533203,60.67124557495117,56.4358024597168,52.611785888671875,48.25971221923828,46.27094268798828,42.04759216308594,39.0,38.11823654174805,40.199501037597656,38.832977294921875,41.0,40.26164245605469,43.680660247802734,44.643028259277344,49.030601501464844,48.50773239135742,54.33230972290039,51.0,54.147945404052734
0,-36,-95,10,36,100.9752426147461,103.69667053222656,103.48429870605469,101.83319854736328,101.49384307861328,100.40418243408203,99.50376892089844,92.54188537597656,94.42987060546875,92.13577270507812,92.0869140625,89.005615234375,92.0,87.09190368652344,88.00568389892578,89.35882568359375,89.35882568359375,88.36288452148438,91.66242218017578,90.55384826660156,94.19129180908203,95.2575454711914,90.13877868652344,94.42987060546875,94.13288116455078,94.00531768798828,88.09085845947266,83.15046691894531,82.2192153930664,78.63841247558594,75.80237579345703,71.19690704345703,67.08203887939453,63.348243713378906,59.84145736694336,53.46026611328125,50.635955810546875,47.16990661621094,43.011627197265625,44.0,41.1096076965332,43.416587829589844,41.773197174072266,42.20189666748047,45.35416030883789,46.840152740478516,50.21951675415039,51.788028717041016,52.46903991699219,56.4358024597168,56.00892639160156,57.21887969970703
0,-36,-95,10,37,103.3924560546875,102.70345306396484,103.09703826904297,101.31633758544922,99.32270812988281,98.50888061523438,96.7470932006836,95.75489807128906,94.64142608642578,94.04785919189453,92.76313781738281,89.49860382080078,90.70832061767578,90.47099304199219,89.73851013183594,90.52071380615234,89.84430694580078,90.52071380615234,89.8109130859375,92.02716827392578,93.40770721435547,95.60334777832031,92.72000885009766,93.40770721435547,92.89241027832031,91.0054931640625,89.80534362792969,87.57283020019531,84.2140121459961,80.15609741210938,75.05997467041016,72.0,67.0,63.0079345703125,58.00862121582031,55.009090423583984,51.03919982910156,49.25444030761719,45.54119110107422,45.7055778503418,44.384681701660156,43.96589660644531,43.46262741088867,44.94440841674805,45.694637298583984,48.84669876098633,52.92447280883789,55.02726745605469,57.567352294921875,59.03388977050781,57.706153869628906,60.074954986572266
0,-36,-95,11,34,100.95543670654297,101.51354217529297,103.24727630615234,104.56098937988281,101.51354217529297,96.5660400390625,93.64827728271484,92.78469848632812,91.92388153076172,90.82400512695312,89.06739044189453,89.0,86.33075714111328,90.47099304199219,87.72685241699219,89.8888168334961,89.1964111328125,89.53770446777344,93.96276092529297,95.18928527832031,93.40770721435547,97.14422607421875,96.2081069946289,94.15412902832031,93.471923828125,90.78546142578125,88.6848373413086,87.46427917480469,82.37718200683594,79.61155700683594,76.27581787109375,72.42237091064453,68.818603515625,62.42595672607422,61.61168670654297,54.64430618286133,55.4707145690918,49.73931884765625,47.01063537597656,46.097721099853516,45.694637298583984,46.173583984375,49.47726821899414,49.47726821899414,51.41984176635742,56.51548385620117,57.28001403808594,58.872745513916016,63.324562072753906,63.95310592651367,61.587337493896484,63.12685775756836
0,-36,-95,11,35,104.12012481689453,104.30723571777344,105.385009765625,101.12368774414062,104.23531341552734,101.40019989013672,100.31948852539062,97.62171936035156,94.64142608642578,91.66242218017578,94.3663101196289,91.67878723144531,93.62158203125,93.86160278320312,91.48223876953125,95.60334777832031,93.30059051513672,94.9210205078125,98.67117309570312,98.03060913085938,100.96038818359375,101.6513671875,100.68763732910156,104.8093490600586,101.0,99.82484436035156,93.90420532226562,91.4439697265625,87.3670425415039,83.2946548461914,81.1541748046875,78.16009521484375,75.1065902709961,66.12110137939453,65.19202423095703,61.13100814819336,58.30952072143555,54.918121337890625,54.918121337890625,52.95280838012695,50.96076965332031,51.865211486816406,56.080299377441406,56.64803695678711,57.00876998901367,58.18934631347656,61.35144805908203,67.18630981445312,67.26811981201172,69.58448028564453,68.02940368652344,70.1783447265625
0,-36,-95,11,35,101.53324890136719,105.36128234863281,106.32027435302734,109.4805908203125,102.48902130126953,102.35721588134766,97.74456787109375,97.08243560791016,96.10411071777344,93.5574722290039,95.52486419677734,93.90420532226562,97.86725616455078,92.43917083740234,98.24967956542969,97.1287841796875,98.0051040649414,98.08159637451172,103.01941680908203,102.00489807128906,104.07689666748047,107.22872924804688,102.23991394042969,105.385009765625,103.5857162475586,103.09703826904297,96.50906372070312,93.39164733886719,91.67878723144531,85.61541748046875,82.46211242675781,80.08120727539062,77.36924743652344,68.96376037597656,67.72000885009766,63.56099319458008,63.348243713378906,58.051700592041016,57.706153869628906,55.3263053894043,55.226806640625,57.0,62.00806427001953,63.03173828125,64.03124237060547,64.07027435302734,66.27216339111328,69.46221923828125,70.21395874023438,73.24616241455078,74.67261505126953,74.6860122680664
0,-36,-95,11,35,104.44615936279297,103.5857162475586,106.23088073730469,105.68821716308594,104.00961303710938,100.16985321044922,102.34255981445312,96.83490753173828,97.34988403320312,96.40020751953125,96.21330261230469,95.90099334716797,97.74456787109375,98.41239929199219,97.74456787109375,96.87621307373047,96.2081069946289,100.44898986816406,101.17806243896484,104.06248474121094,103.94710540771484,106.07544708251953,103.27632904052734,106.77546691894531,102.068603515625,100.89598846435547,99.02020263671875,94.62557983398438,96.02082824707031,88.48163604736328,84.31488800048828,80.15609741210938,76.5506362915039,71.28113555908203,69.89277648925781,67.20118713378906,64.637451171875,63.25345993041992,58.79625701904297,60.87692642211914,60.10823440551758,62.2414665222168,61.55485534667969,62.93647766113281,62.96824645996094,66.4680404663086,68.680419921875,70.1783447265625,71.40028381347656,73.24616241455078,72.00694274902344,73.16419982910156
0,-36,-95,10,39,102.88343048095703,102.956298828125,105.0951919555664,103.7545166015625,102.41581726074219,102.85912322998047,100.7223892211914,99.76472473144531,101.59724426269531,101.71037292480469,96.5660400390625,99.29753112792969,102.80078125,97.80081939697266,98.60020446777344,102.44998931884766,100.89598846435547,102.303466796875,101.53324890136719,108.23123168945312,109.40292358398438,110.60289001464844,108.811767578125,110.42192077636719,106.01886749267578,106.25440979003906,99.4786376953125,100.7223892211914,94.41397857666016,93.05912017822266,88.10221099853516,84.5280990600586,80.95677947998047,76.92203521728516,76.02631378173828,72.44998168945312,69.83551788330078,66.37017059326172,66.8879623413086,63.28506851196289,65.21502685546875,64.35060119628906,67.00746154785156,67.80117797851562,68.50547790527344,70.72481536865234,71.86793518066406,74.4311752319336,75.59100341796875,77.077880859375,77.16217041015625,76.68767547607422
0,-35,-95,10,38,99.2471694946289,97.74456787109375,98.2903823852539,100.41912078857422,99.72462463378906,95.4620361328125,97.58073425292969,93.33809661865234,94.76286315917969,95.01578521728516,92.8493423461914,92.00543212890625,94.40338897705078,93.81364440917969,94.62557983398438,96.25486755371094,96.04165649414062,95.18928527832031,97.6166000366211,99.64437103271484,101.2422866821289,103.46497344970703,101.2422866821289,103.46497344970703,100.43903350830078,97.20082092285156,96.21330261230469,96.54014587402344,87.96590423583984,87.78382873535156,83.73768615722656,81.46778869628906,78.74642944335938,74.3303451538086,72.4706802368164,69.20259857177734,66.70832061767578,64.20280456542969,63.60031509399414,60.80295944213867,61.61168670654297,60.539241790771484,63.28506851196289,64.14047241210938,65.51335906982422,66.5732650756836,67.67569732666016,69.63475799560547,70.43436431884766,70.00714111328125,71.44927978515625,72.67048645019531
0,-35,-95,11,34,100.42410278320312,99.92497253417969,101.86756134033203,102.1077880859375,102.83968353271484,98.48857879638672,101.0,98.65596771240234,99.82484436035156,97.16481018066406,98.0051040649414,96.42095184326172,98.24967956542969,98.18350219726562,96.13011932373047,98.0051040649414,97.0,97.00515747070312,102.01960754394531,103.0,104.00480651855469,105.0,103.00485229492188,109.11461639404297,103.31021118164062,103.3924560546875,97.32933807373047,99.60923767089844,94.76286315917969,90.79647827148438,87.82368469238281,85.84288024902344,82.60750579833984,78.91767883300781,75.80237579345703,75.53807067871094,72.44308471679688,68.35934448242188,66.48307800292969,65.12296295166016,65.03076171875,64.03124237060547,64.0078125,67.00746154785156,66.0302963256836,67.02984619140625,70.1783447265625,69.35416412353516,69.58448028564453,71.58910369873047,72.12489318847656,70.00714111328125
0,-35,-95,10,37,98.37174224853516,97.08243560791016,98.37174224853516,99.92997741699219,99.72462463378906,98.37174224853516,95.88013458251953,94.83142852783203,93.86160278320312,94.14881896972656,94.14881896972656,92.22798156738281,93.90420532226562,92.9139404296875,94.64142608642578,97.32933807373047,95.13148498535156,96.13011932373047,100.12492370605469,101.12368774414062,103.23758697509766,103.48429870605469,101.71037292480469,102.31324768066406,100.7174301147461,100.28459167480469,96.17691802978516,95.90099334716797,94.9210205078125,89.05054473876953,87.09764862060547,83.43260955810547,82.0,78.10249328613281,74.21590423583984,72.7804946899414,69.63475799560547,67.46851348876953,67.08203887939453,63.95310592651367,64.77654266357422,64.49806213378906,63.3876953125,63.50590515136719,62.801273345947266,62.801273345947266,64.93843078613281,66.2872543334961,68.15423583984375,68.96376037597656,68.02940368652344,67.5351791381836
0,-35,-95,11,32,94.04785919189453,94.04785919189453,94.72592163085938,98.0051040649414,93.5574722290039,94.3663101196289,90.24411010742188,91.59148406982422,92.96235656738281,89.26925659179688,89.73851013183594,89.73851013183594,88.8875732421875,90.44335174560547,91.4166259765625,89.31964874267578,93.94147491455078,90.07774353027344,97.98979187011719,97.69339752197266,96.5660400390625,99.5389404296875,95.85926818847656,97.86214447021484,98.03060913085938,96.4624252319336,95.21029663085938,91.48223876953125,90.9560317993164,86.83317565917969,85.14693450927734,82.97589874267578,80.28075408935547,75.18643188476562,74.73285675048828,69.63475799560547,68.15423583984375,64.53681182861328,63.56099319458008,60.16643524169922,58.8217658996582,59.77457809448242,58.8217658996582,61.032779693603516,60.083274841308594,59.77457809448242,61.400325775146484,63.06346130371094,61.814239501953125,63.639610290527344,65.0691909790039,64.1248779296875
0,-34,-95,10,36,93.64827728271484,98.79270935058594,93.29522705078125,98.61541748046875,94.15412902832031,93.49331665039062,92.6498794555664,92.6498794555664,92.35800170898438,90.44335174560547,91.02197265625,89.20201873779297,90.13877868652344,90.02777099609375,92.19544219970703,91.3509750366211,94.06912231445312,89.80534362792969,97.58073425292969,96.2081069946289,98.31072998046875,101.23734283447266,96.33275604248047,98.35140991210938,97.83660125732422,98.85848236083984,95.60334777832031,91.60785675048828,91.26335144042969,85.0,84.31488800048828,80.15609741210938,78.23043060302734,74.94664764404297,73.57308959960938,69.3397445678711,68.26419067382812,62.96824645996094,65.21502685546875,63.82006072998047,59.64059066772461,59.203041076660156,58.600341796875,58.898216247558594,60.0,59.40538787841797,62.12889862060547,62.68173599243164,60.539241790771484,62.17716598510742,63.56099319458008,62.297672271728516
0,-34,-95,10,35,89.80534362792969,93.34880828857422,92.02173614501953,95.4620361328125,91.93476104736328,92.6336898803711,90.52071380615234,90.60904693603516,89.1964111328125,86.68333435058594,88.61715698242188,86.21485137939453,88.00568389892578,86.83892822265625,88.23265075683594,85.4400405883789,89.35882568359375,86.8216552734375,95.52486419677734,93.29522705078125,94.03190612792969,94.03190612792969,92.9139404296875,94.87360382080078,96.26006317138672,94.40338897705078,90.42676544189453,87.32124328613281,89.3756103515625,84.38601684570312,84.95881652832031,79.98124694824219,77.10382843017578,72.86288452148438,69.29646301269531,65.79513549804688,65.79513549804688,61.61980056762695,60.8276252746582,58.898216247558594,54.488529205322266,57.48912811279297,55.0,55.44366455078125,56.85068130493164,56.080299377441406,56.63920974731445,57.48912811279297,56.56854248046875,60.20797348022461,58.41232681274414,61.29437255859375
0,-34,-95,10,34,92.28217315673828,88.58893585205078,94.82615661621094,90.78546142578125,91.30169677734375,90.3548583984375,89.47066497802734,87.20664978027344,89.47066497802734,87.66413116455078,85.90692901611328,85.23497009277344,86.37708282470703,87.66413116455078,86.03487396240234,87.93179321289062,84.89994049072266,88.60022735595703,88.05680084228516,94.9210205078125,92.04889678955078,94.25497436523438,93.30059051513672,93.60555267333984,91.54779815673828,89.8888168334961,89.15716552734375,91.78779602050781,85.90692901611328,86.31338500976562,80.95059967041016,78.29431915283203,76.05918884277344,71.58910369873047,69.46221923828125,67.23094177246094,63.28506851196289,59.6824951171875,57.80138397216797,55.4707145690918,56.35601043701172,52.77309799194336,54.5618896484375,52.32590103149414,53.22593307495117,54.12947463989258,52.77309799194336,54.5618896484375,56.603885650634766,56.61272048950195,54.81787872314453,56.63920974731445
0,-34,-95,9,40,101.40019989013672,102.00489807128906,102.2007827758789,102.2007827758789,103.4069595336914,100.0,101.60708618164062,99.29753112792969,100.20977783203125,96.79875946044922,95.18928527832031,94.02127075195312,95.77056121826172,94.82615661621094,95.29428100585938,96.60227966308594,98.48857879638672,97.08243560791016,99.31767272949219,102.45974731445312,102.88343048095703,104.69479370117188,101.98039245605469,101.98039245605469,102.42070007324219,101.59724426269531,99.98500061035156,99.85990142822266,95.69221496582031,91.8368148803711,87.41853332519531,88.60022735595703,84.20214080810547,79.2022705078125,77.46611785888672,74.40430450439453,71.21797180175781,66.21932983398438,64.20280456542969,62.00806427001953,62.00806427001953,55.75840759277344,59.90826416015625,57.20139694213867,56.30275344848633,58.52349853515625,57.982757568359375,58.24946212768555,60.80295944213867,60.95900344848633,60.14149856567383,60.20797348022461
0,-34,-95,10,33,92.61209106445312,92.57429504394531,96.17691802978516,94.3663101196289,93.4772720336914,88.54942321777344,91.30169677734375,90.42676544189453,88.6848373413086,89.69392395019531,87.46427917480469,85.70297241210938,85.44589233398438,85.8021011352539,85.6037368774414,89.49860382080078,85.91275024414062,87.86353302001953,89.14033508300781,90.60904693603516,92.09777069091797,92.8493423461914,93.08598327636719,94.3663101196289,93.60021209716797,92.20086669921875,89.20201873779297,91.8368148803711,87.09190368652344,84.59905242919922,79.92496490478516,80.26206970214844,76.66159057617188,71.58910369873047,69.97142028808594,66.73080444335938,64.14047241210938,58.66856002807617,57.80138397216797,54.708316802978516,55.226806640625,52.15361785888672,53.00943374633789,50.80354309082031,52.201534271240234,51.400390625,51.400390625,54.64430618286133,52.15361785888672,53.33854293823242,53.22593307495117,51.865211486816406
0,-34,-95,9,39,95.77056121826172,95.52486419677734,97.6370849609375,96.5660400390625,97.34988403320312,96.04165649414062,93.81364440917969,92.35800170898438,90.97252655029297,91.26335144042969,90.69729614257812,90.60353088378906,89.64373779296875,90.27181243896484,88.72992706298828,90.02777099609375,91.3509750366211,90.68627166748047,94.76286315917969,96.16651916503906,96.2081069946289,96.93812561035156,95.01578521728516,99.2471694946289,96.54014587402344,96.04686737060547,95.0,92.0869140625,88.5098876953125,85.98255920410156,85.23497009277344,82.36504364013672,79.75587463378906,74.70609283447266,71.58910369873047,67.11929321289062,65.7419204711914,63.50590515136719,59.9416389465332,56.93856430053711,56.82429122924805,54.20331954956055,53.0,51.312767028808594,50.774009704589844,51.312767028808594,50.477718353271484,51.62363815307617,53.23532485961914,55.03635025024414,53.48831558227539,54.120235443115234
0,-34,-95,10,32,86.21485137939453,85.8021011352539,83.40863037109375,89.49860382080078,82.61961364746094,84.81155395507812,84.81155395507812,81.60882568359375,81.60882568359375,84.87638092041016,78.49203491210938,79.07591247558594,79.25907135009766,81.4923324584961,79.60527801513672,81.00617218017578,80.95677947998047,80.0624771118164,82.2982406616211,83.63013458251953,85.90692901611328,83.6480712890625,85.0,85.42247772216797,82.76472473144531,83.86298370361328,82.68010711669922,81.60882568359375,81.4002456665039,76.6093978881836,73.40980529785156,71.40028381347656,68.24954223632812,66.06814575195312,64.44377136230469,60.30754470825195,56.63920974731445,53.15073013305664,53.15073013305664,47.423622131347656,45.96738052368164,46.22769546508789,45.80392837524414,44.204071044921875,42.43819046020508,43.8292121887207,43.600460052490234,45.0,44.55333709716797,48.10405349731445,45.96738052368164,48.27007293701172
0,-34,-95,9,39,100.40916442871094,99.76472473144531,101.23734283447266,98.31072998046875,99.08582305908203,94.76286315917969,94.2602767944336,93.50936126708984,92.95697784423828,92.95697784423828,91.54779815673828,92.45539093017578,92.41753387451172,90.44335174560547,89.58794403076172,95.18928527832031,91.92388153076172,93.64827728271484,92.59049987792969,94.41397857666016,95.88013458251953,97.6166000366211,95.71833801269531,97.09788513183594,97.08243560791016,97.41663360595703,93.00537872314453,94.02127075195312,87.20092010498047,88.09085845947266,82.97589874267578,82.2192153930664,79.39773559570312,75.07329559326172,71.4212875366211,69.3108901977539,64.35060119628906,60.8276252746582,57.28001403808594,55.226806640625,53.90732955932617,52.49761962890625,51.855567932128906,49.81967544555664,49.40647888183594,51.400390625,50.0,50.80354309082031,51.22499465942383,54.488529205322266,51.62363815307617,52.63079071044922
0,-34,-95,10,32,88.63971710205078,86.8158950805664,88.63971710205078,83.93450164794922,90.3382568359375,82.85529327392578,82.29216003417969,80.52949523925781,81.39410400390625,83.24061584472656,82.76472473144531,78.77182006835938,80.15609741210938,81.84130859375,77.66595458984375,79.02531433105469,78.8733139038086,81.05553436279297,81.39410400390625,81.39410400390625,83.6002426147461,86.68333435058594,82.00609588623047,84.50444030761719,83.81526947021484,80.44873809814453,82.6619644165039,80.44873809814453,76.32168579101562,79.75587463378906,71.34423828125,74.30342864990234,68.0,64.41273498535156,61.741397857666016,59.4810905456543,54.5618896484375,52.801513671875,50.537113189697266,51.0,45.79301071166992,44.94440841674805,43.5660400390625,44.10215377807617,44.65422821044922,43.26661682128906,42.43819046020508,43.416587829589844,42.43819046020508,44.777225494384766,46.14108657836914,46.81879806518555
0,-34,-95,10,32,89.15716552734375,83.93450164794922,88.23831176757812,82.07923126220703,84.69356536865234,82.46211242675781,82.46211242675781,80.52949523925781,79.2022705078125,79.62411499023438,80.49844360351562,76.94153594970703,78.03204345703125,77.69813537597656,75.29276275634766,80.99382781982422,76.02631378173828,77.93586730957031,81.4002456665039,79.6303939819336,83.86298370361328,81.84130859375,83.23461151123047,84.62860107421875,81.83519744873047,80.62257385253906,78.29431915283203,79.17701721191406,72.44998168945312,73.82411193847656,68.15423583984375,68.54196166992188,67.41661834716797,63.5688591003418,60.083274841308594,57.28001403808594,55.36244201660156,51.244510650634766,50.59644317626953,47.75981521606445,44.0113639831543,43.08131790161133,43.46262741088867,39.924930572509766,42.95346450805664,41.146080017089844,42.54409408569336,43.90899658203125,43.46262741088867,48.10405349731445,43.96589660644531,45.7055778503418
0,-34,-95,10,32,91.23595428466797,92.13577270507812,94.3663101196289,93.03762817382812,90.3382568359375,90.3382568359375,89.44271850585938,86.35391998291016,85.8836441040039,84.72307586669922,83.72574615478516,84.72307586669922,84.31488800048828,85.4400405883789,84.59905242919922,84.62860107421875,84.20214080810547,81.84130859375,83.40863037109375,86.60831451416016,88.00568389892578,88.81441497802734,86.26702880859375,87.92041778564453,87.3670425415039,86.60831451416016,84.11896514892578,83.24061584472656,80.05622863769531,79.62411499023438,74.73285675048828,73.40980529785156,70.00714111328125,67.06713104248047,64.19501495361328,60.406951904296875,56.61272048950195,53.75872039794922,51.54609680175781,51.26402282714844,47.16990661621094,46.097721099853516,45.18849563598633,43.382022857666016,45.17742919921875,42.94182205200195,45.17742919921875,44.283180236816406,46.06517028808594,46.2385139465332,46.840152740478516,45.7055778503418
0,-34,-95,10,32,89.80534362792969,91.92388153076172,89.94442749023438,90.79647827148438,87.96590423583984,86.83317565917969,88.1192398071289,84.34452819824219,83.54639434814453,82.56512451171875,82.76472473144531,81.25269317626953,81.25269317626953,81.60882568359375,80.65357971191406,80.3243408203125,83.57032775878906,79.37883758544922,86.72946166992188,84.8646011352539,85.070556640625,86.64871978759766,83.16850280761719,85.70297241210938,85.72631072998047,83.93450164794922,82.97589874267578,77.66595458984375,80.60397338867188,74.52516174316406,73.55270385742188,70.57620239257812,67.47592163085938,64.49806213378906,63.28506851196289,57.14017868041992,56.14267349243164,52.15361785888672,49.25444030761719,48.50773239135742,44.40720748901367,43.73785400390625,41.773197174072266,43.931766510009766,42.72002029418945,42.05948257446289,43.416587829589844,44.384681701660156,43.73785400390625,46.52956008911133,46.27094268798828,47.0
0,-34,-95,10,31,83.18653869628906,86.31338500976562,86.4927749633789,84.34452819824219,80.23091888427734,80.60397338867188,82.0,78.85429382324219,75.96051788330078,78.10249328613281,79.07591247558594,76.65507507324219,79.12016296386719,77.49193572998047,75.27283477783203,75.96051788330078,79.15807342529297,75.7693862915039,78.79086303710938,81.02468872070312,79.7057113647461,84.17243957519531,79.05693817138672,81.3449478149414,79.05693817138672,80.95677947998047,76.843994140625,77.36924743652344,73.24616241455078,69.12307739257812,67.26811981201172,70.3420181274414,61.814239501953125,60.67124557495117,61.0,52.345008850097656,53.600372314453125,49.36598205566406,45.7055778503418,44.14748001098633,41.773197174072266,40.52159881591797,39.293766021728516,40.804412841796875,40.49691390991211,40.804412841796875,38.62641525268555,40.16217041015625,44.643028259277344,44.384681701660156,40.4474983215332,44.283180236816406
0,-34,-95,10,32,92.66067504882812,91.30169677734375,91.67878723144531,91.7060546875,89.89437866210938,88.1192398071289,86.76981353759766,85.42247772216797,83.63013458251953,83.67198181152344,82.85529327392578,82.46211242675781,81.93289947509766,83.21658325195312,80.65357971191406,82.54090118408203,81.60882568359375,82.56512451171875,84.20214080810547,84.77027893066406,84.77027893066406,85.070556640625,85.4400405883789,85.070556640625,84.50444030761719,82.07923126220703,79.7057113647461,80.52949523925781,78.26238250732422,76.02631378173828,71.69379425048828,69.35416412353516,67.60177612304688,63.631752014160156,60.20797348022461,58.52349853515625,56.035701751708984,50.774009704589844,48.54894256591797,45.79301071166992,45.27692413330078,43.8292121887207,42.48529052734375,41.231056213378906,40.31128692626953,42.154476165771484,43.08131790161133,43.863426208496094,44.72135925292969,46.14108657836914,46.647613525390625,44.68780517578125
0,-35,-95,10,32,92.61749267578125,87.41853332519531,88.7524642944336,86.21485137939453,89.62700653076172,85.0,82.00609588623047,83.81526947021484,85.21150207519531,84.31488800048828,82.49242401123047,80.62257385253906,83.24061584472656,79.64923095703125,79.25907135009766,82.76472473144531,77.87811279296875,81.84130859375,83.19255065917969,81.84130859375,80.0624771118164,84.11896514892578,82.76472473144531,80.95059967041016,82.36504364013672,79.75587463378906,77.69813537597656,76.5506362915039,76.6093978881836,72.80110168457031,68.7677230834961,67.62396240234375,62.481998443603516,60.87692642211914,59.46427536010742,55.973209381103516,51.855567932128906,50.93132781982422,49.497474670410156,44.04542922973633,45.45327377319336,41.231056213378906,40.804412841796875,40.804412841796875,41.04875183105469,40.804412841796875,41.88078308105469,43.26661682128906,45.45327377319336,45.80392837524414,44.59820556640625,43.27817153930664
0,-35,-95,10,32,86.72946166992188,85.72631072998047,89.84430694580078,90.44335174560547,86.33075714111328,84.75848388671875,84.48076629638672,84.48076629638672,83.52245330810547,77.79460144042969,79.69943237304688,80.77747344970703,79.12016296386719,77.66595458984375,78.26238250732422,81.21575927734375,79.24645233154297,79.42921447753906,78.08969116210938,81.74349975585938,80.60397338867188,84.17243957519531,81.58431243896484,82.20097351074219,80.04998779296875,79.55501556396484,76.843994140625,76.5375747680664,73.08214569091797,71.51223754882812,70.57620239257812,65.55150604248047,65.79513549804688,62.7694206237793,55.54277801513672,57.27128601074219,51.88448715209961,50.11985778808594,46.51881408691406,43.863426208496094,42.154476165771484,41.1096076965332,43.96589660644531,41.0,39.81205749511719,40.024993896484375,39.560081481933594,42.44997024536133,41.761226654052734,45.17742919921875,46.06517028808594,47.16990661621094
0,-34,-95,9,40,106.07544708251953,104.07689666748047,105.3043212890625,102.12247467041016,102.12247467041016,99.04544067382812,99.2471694946289,96.18731689453125,96.33275604248047,95.33625030517578,95.18928527832031,93.4344711303711,93.77099609375,91.24143981933594,93.38094329833984,92.19544219970703,91.21951293945312,91.7823486328125,95.8018798828125,95.34149169921875,94.5409927368164,95.90099334716797,93.21480560302734,96.69022369384766,93.77099609375,92.77930450439453,89.5600357055664,88.27796936035156,84.148681640625,82.05486297607422,78.00640869140625,78.0,73.00685119628906,71.00704193115234,67.06713104248047,63.03173828125,59.13543701171875,56.080299377441406,53.037723541259766,50.0,49.04079818725586,48.093658447265625,47.04253387451172,48.25971221923828,46.27094268798828,47.67599105834961,47.51841735839844,50.35871505737305,51.088157653808594,51.009803771972656,52.15361785888672,51.97114562988281
0,-34,-95,10,32,91.66242218017578,91.3509750366211,92.54188537597656,87.3670425415039,87.3670425415039,83.48652648925781,88.81441497802734,81.88406372070312,81.49846649169922,84.85281372070312,83.72574615478516,81.78630828857422,80.60397338867188,82.0,79.07591247558594,80.52328491210938,80.08120727539062,78.84795379638672,78.16009521484375,81.74349975585938,81.25269317626953,79.55501556396484,82.97589874267578,82.9698715209961,81.78630828857422,81.39410400390625,78.91767883300781,77.64663696289062,73.68174743652344,72.56031799316406,68.11754608154297,63.03173828125,62.28964614868164,60.0,57.00876998901367,54.037025451660156,53.0,49.01020431518555,47.0,44.04542922973633,43.185646057128906,44.283180236816406,41.59326934814453,40.31128692626953,40.4474983215332,43.73785400390625,41.0,47.381431579589844,44.40720748901367,46.173583984375,45.0111083984375,44.10215377807617
0,-35,-95,10,32,89.35882568359375,88.14192962646484,86.5794448852539,89.20201873779297,87.3670425415039,82.2982406616211,83.48652648925781,83.72574615478516,82.38932037353516,81.74349975585938,82.03657531738281,78.77182006835938,80.60397338867188,80.60397338867188,78.10249328613281,79.07591247558594,80.36167907714844,78.10249328613281,80.65357971191406,80.65357971191406,83.24061584472656,83.24061584472656,77.6208724975586,77.88452911376953,79.30951690673828,80.23091888427734,79.90619659423828,73.97972869873047,74.14849853515625,70.45565795898438,68.18357849121094,65.19202423095703,62.12889862060547,60.29925537109375,58.07753372192383,52.009613037109375,54.037025451660156,51.03919982910156,48.25971221923828,45.09988784790039,42.04759216308594,42.296573638916016,39.31920623779297,37.85498809814453,40.024993896484375,36.878177642822266,40.79215621948242,42.7551155090332,43.73785400390625,45.17742919921875,44.10215377807617,47.095645904541016
0,-34,-95,9,37,94.14881896972656,95.7078857421875,95.52486419677734,93.5574722290039,90.42676544189453,91.59148406982422,90.42676544189453,90.09439849853516,87.132080078125,86.83317565917969,87.69264221191406,86.37129211425781,84.2140121459961,82.05486297607422,82.05486297607422,85.09406280517578,84.0,83.02409362792969,86.0,86.0,86.02325439453125,86.0,86.09297180175781,83.02409362792969,86.20904541015625,83.38465118408203,80.5046615600586,79.6303939819336,77.92945861816406,72.83543395996094,72.36711883544922,70.61161041259766,67.6830825805664,62.817195892333984,59.66573715209961,57.00876998901367,55.785301208496094,50.21951675415039,47.29693603515625,45.35416030883789,42.7551155090332,42.57933807373047,41.19466018676758,42.19004440307617,42.04759216308594,41.01219177246094,44.18144226074219,44.10215377807617,46.173583984375,45.89117431640625,46.3249397277832,47.75981521606445
0,-35,-95,10,32,93.19334411621094,88.7524642944336,91.40021514892578,87.92041778564453,90.21086120605469,84.62860107421875,80.80223083496094,85.21150207519531,83.23461151123047,83.40863037109375,82.80096435546875,79.2022705078125,78.10249328613281,79.64923095703125,76.48529052734375,79.98124694824219,75.00666809082031,77.8331527709961,78.51751708984375,79.93122100830078,79.30951690673828,82.03657531738281,81.46778869628906,77.79460144042969,80.91971588134766,80.60397338867188,75.80237579345703,77.93586730957031,72.94518280029297,71.56116485595703,66.73080444335938,67.23094177246094,64.88451385498047,58.66856002807617,56.79788589477539,55.4707145690918,52.801513671875,49.19349670410156,45.650848388671875,41.18252182006836,44.41846466064453,39.11521530151367,41.04875183105469,38.01315689086914,38.60051727294922,40.804412841796875,39.20458984375,41.04875183105469,45.27692413330078,42.95346450805664,44.384681701660156,44.59820556640625
0,-34,-95,9,39,98.06120300292969,99.2471694946289,97.51409912109375,98.48857879638672,93.62158203125,93.86160278320312,95.33625030517578,92.6498794555664,91.21403503417969,88.60022735595703,90.8019790649414,89.1852035522461,87.59566497802734,86.97700500488281,86.37708282470703,88.0227279663086,87.32124328613281,86.53900909423828,86.92525482177734,88.23831176757812,90.62008666992188,90.62008666992188,86.37708282470703,88.95504760742188,88.54377746582031,87.59566497802734,85.070556640625,83.6779556274414,80.52328491210938,76.15773010253906,76.29547882080078,73.34848022460938,70.03570556640625,67.74215698242188,63.639610290527344,59.41380310058594,57.42821502685547,52.611785888671875,49.648765563964844,48.83646011352539,44.9110221862793,44.643028259277344,43.680660247802734,44.643028259277344,44.271888732910156,42.379241943359375,45.221675872802734,48.08325958251953,47.07440948486328,48.83646011352539,50.35871505737305,50.0099983215332
0,-34,-95,10,32,84.85281372070312,85.5628433227539,85.70297241210938,85.5628433227539,84.148681640625,83.4505844116211,82.03657531738281,78.56844329833984,79.20858764648438,79.30951690673828,78.74642944335938,78.24320983886719,77.0064926147461,76.6093978881836,74.20242309570312,76.27581787109375,76.5506362915039,75.45197296142578,76.32168579101562,77.93586730957031,77.66595458984375,79.05693817138672,78.00640869140625,76.843994140625,76.216796875,75.43209075927734,74.5184555053711,73.66138458251953,70.0927963256836,68.62215423583984,65.76473236083984,64.35060119628906,61.55485534667969,58.051700592041016,54.5618896484375,51.7397346496582,48.91830062866211,46.010868072509766,42.52058410644531,39.623226165771484,40.31128692626953,38.28837966918945,36.878177642822266,38.41874694824219,38.60051727294922,37.202152252197266,38.41874694824219,39.824615478515625,41.1096076965332,44.55333709716797,42.44997024536133,42.20189666748047
0,-34,-95,9,39,98.1121826171875,98.48857879638672,102.0,98.88377380371094,98.41239929199219,96.17691802978516,95.2575454711914,93.02149963378906,91.67878723144531,92.19544219970703,88.56636047363281,90.47099304199219,88.39117431640625,88.76936340332031,88.76936340332031,89.1964111328125,88.23265075683594,88.60022735595703,89.84430694580078,90.75791931152344,89.53770446777344,91.4166259765625,90.2496566772461,91.76055908203125,91.18113708496094,88.63971710205078,86.76404571533203,83.63013458251953,82.2982406616211,80.0624771118164,78.03204345703125,74.94664764404297,70.8307876586914,68.79679870605469,63.51377868652344,61.85466766357422,59.64059066772461,53.5350341796875,52.430908203125,50.2493782043457,45.486263275146484,46.957427978515625,44.72135925292969,42.95346450805664,42.54409408569336,45.18849563598633,44.72135925292969,47.423622131347656,47.88528060913086,49.39635467529297,48.25971221923828,49.57822036743164
0,-34,-95,9,37,88.7524642944336,90.13877868652344,90.21086120605469,92.6552734375,88.23265075683594,89.30845642089844,88.00568389892578,84.40379333496094,83.6002426147461,82.80096435546875,84.64632415771484,84.0238037109375,81.56592559814453,79.39773559570312,81.39410400390625,79.93122100830078,82.03657531738281,79.19596099853516,82.75868225097656,83.4505844116211,81.32035064697266,81.3449478149414,79.93122100830078,83.48652648925781,81.46778869628906,82.32861328125,78.8733139038086,74.02702331542969,76.40026092529297,71.40028381347656,72.11102294921875,69.3397445678711,64.66065216064453,62.433963775634766,58.830265045166016,54.20331954956055,53.851646423339844,49.39635467529297,45.79301071166992,44.10215377807617,41.04875183105469,41.400482177734375,39.408119201660156,40.607879638671875,39.824615478515625,39.051246643066406,41.1096076965332,43.931766510009766,42.20189666748047,44.94440841674805,43.90899658203125,44.777225494384766
0,-34,-95,9,37,93.00537872314453,91.40021514892578,94.62557983398438,94.40338897705078,93.81364440917969,90.44335174560547,90.0,88.00568389892578,86.83892822265625,89.04492950439453,88.20430755615234,85.23497009277344,86.45230102539062,84.11896514892578,83.72574615478516,86.31338500976562,82.76472473144531,85.0,85.61541748046875,86.33075714111328,86.76981353759766,87.20664978027344,84.9705810546875,87.6584243774414,86.35391998291016,83.35466766357422,82.68010711669922,81.3019027709961,76.27581787109375,77.66595458984375,72.20111083984375,72.00694274902344,69.65629577636719,65.11528015136719,60.95900344848633,57.48912811279297,56.080299377441406,51.088157653808594,50.0,47.20169448852539,45.607017517089844,42.72002029418945,44.41846466064453,41.67733383178711,40.8166618347168,40.8166618347168,42.19004440307617,46.14108657836914,46.3249397277832,47.434165954589844,45.45327377319336,46.66904830932617
0,-34,-95,9,37,92.13577270507812,93.08598327636719,94.0,94.02127075195312,93.00537872314453,91.0054931640625,93.00537872314453,87.00574493408203,88.0,87.0,88.0227279663086,87.05171203613281,85.21150207519531,84.2140121459961,84.2140121459961,84.48076629638672,83.72574615478516,82.87339782714844,85.32877349853516,85.84288024902344,84.59314727783203,86.83317565917969,84.48076629638672,85.84288024902344,86.20904541015625,85.21150207519531,81.02468872070312,81.05553436279297,77.0,76.0,73.02738952636719,72.06246948242188,68.11754608154297,66.27216339111328,62.3939094543457,58.215118408203125,56.32051086425781,51.35172653198242,48.166378021240234,45.09988784790039,43.0,44.0,43.011627197265625,40.01249694824219,42.04759216308594,43.104522705078125,42.0,45.0111083984375,45.0,46.010868072509766,46.173583984375,45.89117431640625
0,-34,-95,10,32,84.20214080810547,87.36132049560547,85.4400405883789,83.43260955810547,83.93450164794922,83.24061584472656,84.48076629638672,79.69943237304688,83.6779556274414,79.69943237304688,78.10890197753906,81.59656524658203,77.2528305053711,79.12016296386719,74.46475982666016,79.30951690673828,76.55716705322266,78.79086303710938,79.30951690673828,80.11241912841797,78.92401123046875,83.25863647460938,77.077880859375,81.02468872070312,80.05622863769531,82.2800064086914,76.65507507324219,76.92203521728516,73.49829864501953,72.36711883544922,69.23149871826172,67.74215698242188,62.64982223510742,57.55866622924805,56.4358024597168,56.56854248046875,49.36598205566406,49.648765563964844,45.39823913574219,43.185646057128906,42.42640686035156,41.0,38.63935852050781,38.07886505126953,40.16217041015625,37.85498809814453,38.60051727294922,43.17406463623047,42.7551155090332,42.42640686035156,40.4474983215332,43.046485900878906
0,-35,-95,10,31,85.42247772216797,83.38465118408203,83.67198181152344,81.54139709472656,81.70679473876953,79.7057113647461,78.92401123046875,78.79086303710938,75.96051788330078,76.216796875,75.61084747314453,79.05693817138672,76.40026092529297,74.63243103027344,73.08214569091797,76.15773010253906,73.75635528564453,73.97972869873047,74.52516174316406,77.27871704101562,76.15773010253906,81.02468872070312,75.69015502929688,77.36924743652344,77.6208724975586,76.24303436279297,74.04052734375,74.94664764404297,71.86793518066406,67.779052734375,65.0,65.39112854003906,63.158531188964844,55.94640350341797,56.79788589477539,53.23532485961914,50.6063232421875,46.06517028808594,44.72135925292969,41.146080017089844,38.910152435302734,38.27531814575195,40.49691390991211,37.947330474853516,36.400550842285156,38.897300720214844,37.947330474853516,38.897300720214844,40.804412841796875,40.24922180175781,40.31128692626953,41.400482177734375
0,-35,-95,10,31,83.05419921875,78.23043060302734,83.15046691894531,82.2192153930664,80.05622863769531,78.16009521484375,83.15046691894531,78.31346893310547,78.23043060302734,75.23961639404297,76.2364730834961,77.92945861816406,75.80237579345703,72.99314880371094,72.56031799316406,76.68767547607422,72.36711883544922,72.36711883544922,72.7804946899414,75.31268310546875,77.92945861816406,77.27871704101562,74.3303451538086,78.64476776123047,74.14849853515625,76.53103637695312,72.3394775390625,71.25306701660156,70.06425476074219,68.11754608154297,66.0,67.06713104248047,62.00806427001953,58.03447341918945,54.08327102661133,52.15361785888672,49.162994384765625,46.27094268798828,43.046485900878906,42.04759216308594,39.051246643066406,39.0,38.05259704589844,36.34556198120117,38.0,38.05259704589844,38.0,38.0,38.0,40.01249694824219,38.470767974853516,38.832977294921875
0,-34,-95,9,39,94.42987060546875,93.53608703613281,96.87621307373047,94.42987060546875,94.42987060546875,91.66242218017578,92.43917083740234,89.5600357055664,89.67720031738281,91.08238220214844,89.26925659179688,87.09764862060547,87.86353302001953,87.09764862060547,83.74365997314453,86.83317565917969,84.20214080810547,85.86617279052734,86.12781524658203,89.02246856689453,88.5268325805664,89.49860382080078,89.49860382080078,89.5600357055664,88.5268325805664,87.86353302001953,85.84288024902344,82.73451232910156,81.39410400390625,80.15609741210938,74.06078338623047,75.02666473388672,71.00704193115234,68.0,64.0078125,64.0078125,57.00876998901367,53.0,52.0,47.0,46.0,44.0,44.18144226074219,41.04875183105469,42.10700607299805,41.19466018676758,42.19004440307617,44.10215377807617,44.18144226074219,47.01063537597656,45.0,45.27692413330078
0,-34,-95,9,38,91.54779815673828,91.78779602050781,92.61209106445312,91.78779602050781,92.19544219970703,90.47099304199219,90.47099304199219,88.14192962646484,85.49269104003906,88.10221099853516,88.54942321777344,85.47514343261719,85.58621215820312,85.23497009277344,82.68010711669922,85.98255920410156,81.27114868164062,85.98255920410156,86.02325439453125,86.26702880859375,86.8216552734375,87.3670425415039,85.98255920410156,88.48163604736328,86.28441619873047,85.58621215820312,82.76472473144531,83.6480712890625,79.15807342529297,77.38862609863281,74.24958038330078,73.53910827636719,71.86793518066406,68.00735473632812,64.19501495361328,58.24087905883789,56.32051086425781,53.141319274902344,48.703182220458984,47.75981521606445,46.81879806518555,42.54409408569336,43.382022857666016,40.24922180175781,40.24922180175781,40.70626449584961,41.59326934814453,42.05948257446289,44.283180236816406,42.95346450805664,44.0113639831543,43.680660247802734
0,-34,-95,9,37,91.39474487304688,90.13877868652344,91.76055908203125,91.39474487304688,91.39474487304688,88.60022735595703,87.64131164550781,87.80091094970703,87.80091094970703,86.34812927246094,84.40379333496094,84.5280990600586,85.15867614746094,83.18653869628906,81.88406372070312,85.98837280273438,83.6002426147461,83.72574615478516,83.2946548461914,83.48652648925781,85.47514343261719,86.70063781738281,85.70880889892578,86.37129211425781,84.59314727783203,86.14522552490234,82.97589874267578,82.46211242675781,77.6208724975586,77.20103454589844,73.08214569091797,72.42237091064453,67.67569732666016,66.48307800292969,62.032249450683594,59.236812591552734,55.154327392578125,51.078372955322266,49.76947021484375,46.2385139465332,43.32435989379883,43.96589660644531,42.44997024536133,43.416587829589844,39.293766021728516,40.024993896484375,41.9761848449707,41.9761848449707,43.416587829589844,43.680660247802734,42.379241943359375,43.863426208496094
0,-34,-95,9,38,95.35198211669922,97.01546478271484,96.51942443847656,97.73944854736328,96.7470932006836,93.64827728271484,96.42095184326172,91.3509750366211,90.27181243896484,90.13877868652344,90.19977569580078,91.02197265625,90.0,89.005615234375,89.0,89.05054473876953,88.09085845947266,88.09085845947266,89.45389556884766,90.27181243896484,91.26883697509766,92.43917083740234,90.04998779296875,90.0888442993164,91.02197265625,91.0,89.0,86.02325439453125,86.20904541015625,82.2192153930664,77.3175277709961,76.65507507324219,75.66372680664062,70.21395874023438,66.91038513183594,65.51335906982422,60.41522979736328,56.29387283325195,52.39274597167969,49.648765563964844,49.497474670410156,45.39823913574219,44.18144226074219,43.104522705078125,43.046485900878906,44.0113639831543,44.0,46.010868072509766,46.27094268798828,46.27094268798828,45.7055778503418,47.801673889160156
0,-35,-95,10,32,81.68843078613281,85.70297241210938,85.42832946777344,85.6037368774414,84.64632415771484,82.61961364746094,84.81155395507812,81.4002456665039,80.80223083496094,80.44873809814453,79.88116455078125,80.15609741210938,79.4040298461914,77.69813537597656,79.75587463378906,79.25907135009766,81.00617218017578,77.89736938476562,79.60527801513672,80.0624771118164,76.47875213623047,80.0624771118164,78.892333984375,81.84130859375,81.12335968017578,79.4040298461914,77.17512512207031,76.843994140625,74.40430450439453,71.40028381347656,68.88395690917969,67.47592163085938,63.70243453979492,60.14149856567383,60.10823440551758,55.973209381103516,50.990196228027344,46.69047164916992,45.27692413330078,43.13930892944336,38.94868469238281,42.52058410644531,40.607879638671875,37.202152252197266,39.408119201660156,37.64305877685547,39.824615478515625,40.607879638671875,39.408119201660156,39.69886779785156,41.231056213378906,39.69886779785156
0,-35,-95,10,32,85.23497009277344,87.8179931640625,84.31488800048828,89.06739044189453,81.6333236694336,89.8888168334961,83.00602722167969,84.87638092041016,80.26206970214844,74.63243103027344,82.6619644165039,84.40379333496094,83.24061584472656,77.33692169189453,80.91971588134766,77.46611785888672,83.63013458251953,75.00666809082031,86.31338500976562,82.03657531738281,81.46778869628906,81.56592559814453,76.5767593383789,82.03657531738281,83.63013458251953,86.55634307861328,80.21221923828125,76.27581787109375,79.05693817138672,73.7834701538086,74.09453582763672,70.1783447265625,69.83551788330078,64.40496826171875,64.88451385498047,55.4707145690918,54.5618896484375,52.77309799194336,43.863426208496094,47.01063537597656,42.04759216308594,41.67733383178711,39.96248245239258,43.26661682128906,37.735923767089844,37.735923767089844,38.832977294921875,41.88078308105469,37.44329071044922,43.5660400390625,41.18252182006836,42.154476165771484
0,-34,-95,9,37,89.31964874267578,93.77632904052734,89.31964874267578,93.98403930664062,88.39117431640625,90.07774353027344,86.53900909423828,85.61541748046875,88.39117431640625,83.25863647460938,85.90692901611328,84.5280990600586,82.76472473144531,84.11896514892578,86.83317565917969,83.86298370361328,84.59905242919922,79.4040298461914,84.90583038330078,84.72307586669922,86.09297180175781,88.32327270507812,83.72574615478516,86.95401000976562,86.83317565917969,87.70974731445312,84.09518432617188,81.54139709472656,81.54139709472656,75.96051788330078,75.58438873291016,73.37574768066406,69.2603759765625,66.21932983398438,63.78871536254883,58.694122314453125,56.51548385620117,53.600372314453125,49.47726821899414,50.21951675415039,45.35416030883789,43.011627197265625,42.379241943359375,44.59820556640625,40.49691390991211,40.853397369384766,42.72002029418945,42.72002029418945,42.05948257446289,43.011627197265625,43.416587829589844,44.283180236816406
0,-34,-95,9,39,95.7757797241211,96.26006317138672,94.79451751708984,98.49365234375,94.17536926269531,96.26006317138672,92.76313781738281,92.69843292236328,91.9673843383789,89.80534362792969,91.93476104736328,90.55384826660156,89.9388656616211,88.72992706298828,89.3756103515625,89.49860382080078,88.23831176757812,87.00574493408203,90.60353088378906,89.8109130859375,91.67878723144531,91.83136749267578,89.49860382080078,94.40338897705078,91.54779815673828,92.09777069091797,89.14033508300781,87.69264221191406,87.72685241699219,80.65978240966797,81.56592559814453,79.8122787475586,74.02702331542969,70.0,66.85057830810547,62.62587356567383,60.80295944213867,58.00862121582031,54.20331954956055,52.201534271240234,45.607017517089844,48.166378021240234,45.343135833740234,43.931766510009766,44.55333709716797,42.42640686035156,44.55333709716797,46.010868072509766,45.343135833740234,45.45327377319336,44.68780517578125,46.3249397277832
0,-34,-95,9,38,93.30059051513672,93.68030548095703,94.57801055908203,96.4624252319336,93.30059051513672,93.30059051513672,93.04837799072266,92.69843292236328,91.4166259765625,90.2496566772461,90.62008666992188,89.15716552734375,88.14192962646484,88.56636047363281,88.10221099853516,88.54942321777344,88.1929702758789,88.58893585205078,90.73587799072266,93.29522705078125,91.4166259765625,93.64827728271484,90.91754150390625,92.1791763305664,91.23595428466797,92.13577270507812,88.63971710205078,88.95504760742188,85.4400405883789,82.54090118408203,78.74642944335938,77.79460144042969,72.42237091064453,70.3420181274414,69.12307739257812,63.06346130371094,62.169124603271484,58.694122314453125,53.15073013305664,51.195701599121094,48.50773239135742,47.53945541381836,43.32435989379883,43.08131790161133,42.379241943359375,42.154476165771484,42.154476165771484,44.0113639831543,45.880279541015625,45.880279541015625,47.07440948486328,44.40720748901367
0,-34,-95,9,37,88.76936340332031,88.60022735595703,89.84430694580078,90.8019790649414,89.5600357055664,86.83317565917969,86.40023040771484,88.32327270507812,86.02325439453125,84.75848388671875,83.81526947021484,84.43340301513672,83.93450164794922,83.00602722167969,81.54139709472656,82.85529327392578,82.85529327392578,82.85529327392578,85.86617279052734,85.0,85.08818817138672,88.23831176757812,87.46427917480469,85.61541748046875,86.72946166992188,86.37708282470703,83.93450164794922,82.00609588623047,80.28075408935547,78.85429382324219,75.31268310546875,73.97972869873047,68.88395690917969,65.4904556274414,62.28964614868164,61.29437255859375,59.07622146606445,52.15361785888672,49.09175109863281,46.27094268798828,45.17742919921875,43.416587829589844,43.5660400390625,39.623226165771484,38.832977294921875,38.832977294921875,41.231056213378906,40.79215621948242,41.30375289916992,42.19004440307617,42.04759216308594,44.0
0,-34,-95,9,37,91.54779815673828,93.26306915283203,95.63471984863281,93.4344711303711,91.4439697265625,88.6848373413086,91.66242218017578,88.45903015136719,89.5600357055664,89.10667419433594,88.6453628540039,86.88497924804688,87.80091094970703,87.55569458007812,85.86617279052734,84.89994049072266,87.64131164550781,86.68333435058594,88.23265075683594,90.52071380615234,90.9560317993164,92.1791763305664,89.02246856689453,92.02716827392578,90.2496566772461,89.73851013183594,87.86353302001953,85.32877349853516,84.85281372070312,81.74349975585938,77.5241928100586,77.16217041015625,73.10950469970703,71.00704193115234,68.02940368652344,64.07027435302734,61.0,55.0,52.038448333740234,50.03998565673828,47.01063537597656,45.09988784790039,44.10215377807617,43.416587829589844,41.30375289916992,42.42640686035156,43.28972244262695,44.40720748901367,43.5660400390625,44.40720748901367,44.0113639831543,43.0
0,-34,-95,9,38,90.37699127197266,89.96110534667969,91.92388153076172,92.19544219970703,91.38927459716797,91.38927459716797,90.07774353027344,86.53900909423828,89.31964874267578,88.60022735595703,85.4400405883789,86.64871978759766,87.64131164550781,85.72631072998047,84.89994049072266,84.64632415771484,86.34812927246094,84.92938232421875,85.70297241210938,88.6453628540039,86.34812927246094,89.49860382080078,86.83317565917969,88.5268325805664,89.5600357055664,87.36132049560547,88.86506652832031,85.79627227783203,83.93450164794922,79.7057113647461,77.47257232666016,75.58438873291016,73.79024505615234,70.23532104492188,65.3681869506836,62.265560150146484,57.80138397216797,53.33854293823242,53.23532485961914,49.648765563964844,47.41307830810547,44.72135925292969,42.95346450805664,42.54409408569336,40.853397369384766,40.49691390991211,42.154476165771484,43.08131790161133,43.08131790161133,42.54409408569336,43.416587829589844,43.8292121887207
0,-34,-95,10,31,81.25269317626953,83.6779556274414,86.40023040771484,81.04319763183594,80.52328491210938,79.8122787475586,81.04319763183594,80.52328491210938,77.49193572998047,80.0062484741211,79.05693817138672,79.37883758544922,76.32168579101562,77.49193572998047,77.2528305053711,77.87811279296875,77.38862609863281,77.87811279296875,78.72102355957031,80.11241912841797,79.7057113647461,81.43709564208984,82.63776397705078,79.84986114501953,80.05622863769531,79.71198272705078,79.55501556396484,79.55501556396484,74.21590423583984,73.00685119628906,69.85699462890625,68.06614685058594,65.6201171875,61.814239501953125,59.21148681640625,54.33230972290039,53.15073013305664,49.25444030761719,47.26520919799805,44.18144226074219,45.17742919921875,39.31920623779297,38.470767974853516,36.878177642822266,35.510562896728516,37.85498809814453,39.051246643066406,36.67424011230469,38.470767974853516,40.4474983215332,38.20994567871094,40.04996871948242
0,-34,-95,10,32,88.72992706298828,88.5268325805664,88.45903015136719,90.60904693603516,89.1964111328125,89.14033508300781,88.41380310058594,84.148681640625,85.5628433227539,82.73451232910156,84.148681640625,84.89994049072266,81.39410400390625,81.56592559814453,81.68843078613281,84.0238037109375,83.81526947021484,83.6002426147461,85.70297241210938,86.02325439453125,86.02325439453125,87.20092010498047,86.40023040771484,88.00568389892578,87.32124328613281,85.79627227783203,84.95881652832031,82.03657531738281,80.62257385253906,77.78174591064453,75.82215881347656,73.10950469970703,73.24616241455078,66.06814575195312,63.89052963256836,60.30754470825195,58.00862121582031,53.600372314453125,50.6063232421875,47.801673889160156,45.0,44.59820556640625,43.185646057128906,41.03656768798828,38.18376541137695,41.03656768798828,39.623226165771484,43.13930892944336,43.13930892944336,43.185646057128906,41.231056213378906,41.617305755615234
0,-34,-95,10,32,83.81526947021484,81.60882568359375,84.89994049072266,83.81526947021484,84.20214080810547,83.52245330810547,81.60882568359375,83.6779556274414,82.97589874267578,82.22530364990234,81.4923324584961,78.64476776123047,82.56512451171875,81.58431243896484,76.79192352294922,79.5110092163086,78.31346893310547,78.4091796875,81.09870910644531,81.39410400390625,81.39410400390625,84.48076629638672,81.74349975585938,84.38008880615234,82.73451232910156,85.98837280273438,81.58431243896484,80.28075408935547,75.92759704589844,76.15773010253906,71.16881561279297,68.62215423583984,66.73080444335938,59.203041076660156,61.09828186035156,57.93962478637695,52.92447280883789,53.3104133605957,48.46648406982422,44.0113639831543,44.384681701660156,39.84971618652344,41.43669891357422,38.60051727294922,37.85498809814453,41.231056213378906,38.07886505126953,39.81205749511719,42.05948257446289,40.804412841796875,40.31128692626953,42.154476165771484
0,-34,-95,9,39,92.97311401367188,94.9210205078125,95.88013458251953,96.76776123046875,94.25497436523438,93.30059051513672,93.40770721435547,92.444580078125,93.40770721435547,90.2496566772461,89.73851013183594,90.24411010742188,89.62700653076172,89.8220443725586,90.25519561767578,91.24143981933594,89.80534362792969,87.82368469238281,89.5600357055664,92.54188537597656,92.9139404296875,94.76286315917969,92.57429504394531,95.88534545898438,96.10411071777344,94.14881896972656,91.67878723144531,89.84430694580078,86.64871978759766,84.75848388671875,80.41144561767578,77.6208724975586,74.84651184082031,73.00685119628906,70.68238830566406,64.8459701538086,60.8276252746582,58.13776779174805,55.4707145690918,51.89412307739258,49.19349670410156,47.16990661621094,47.53945541381836,43.08131790161133,44.0113639831543,43.011627197265625,44.271888732910156,44.92215347290039,46.615447998046875,47.01063537597656,46.52956008911133,46.647613525390625
0,-34,-95,9,39,94.02127075195312,96.8968505859375,96.8968505859375,98.1121826171875,97.24710845947266,96.8968505859375,95.71833801269531,94.57801055908203,93.49331665039062,90.69729614257812,92.0869140625,90.8019790649414,91.21403503417969,89.02246856689453,90.27181243896484,88.86506652832031,90.78546142578125,90.02777099609375,93.4344711303711,94.11163330078125,93.4344711303711,93.60555267333984,93.60555267333984,97.08243560791016,94.64142608642578,97.00515747070312,91.02197265625,90.42676544189453,90.04998779296875,83.35466766357422,82.2982406616211,78.71467590332031,76.47875213623047,73.34848022460938,70.7742919921875,63.976558685302734,62.3939094543457,56.46237564086914,54.230987548828125,54.12947463989258,49.658836364746094,47.85394287109375,46.14108657836914,45.650848388671875,45.79301071166992,44.94440841674805,45.486263275146484,44.777225494384766,44.777225494384766,46.06517028808594,44.777225494384766,45.221675872802734
0,-35,-95,10,33,84.5813217163086,82.85529327392578,91.28527069091797,87.09190368652344,83.77350616455078,81.02468872070312,84.5813217163086,83.19255065917969,82.76472473144531,84.11896514892578,80.95059967041016,77.36924743652344,79.4040298461914,80.26206970214844,78.77182006835938,83.48652648925781,80.44873809814453,80.80223083496094,82.80096435546875,80.60397338867188,83.81526947021484,86.21485137939453,84.62860107421875,86.60831451416016,84.05950164794922,84.59905242919922,81.88406372070312,83.86298370361328,74.70609283447266,78.03204345703125,72.01388549804688,72.01388549804688,70.68238830566406,60.539241790771484,63.95310592651367,58.872745513916016,55.71355438232422,52.0,51.26402282714844,46.097721099853516,44.283180236816406,41.18252182006836,42.04759216308594,42.94182205200195,42.19004440307617,37.2155876159668,41.04875183105469,38.94868469238281,40.70626449584961,40.24922180175781,39.924930572509766,41.9761848449707
0,-35,-95,10,33,88.23265075683594,87.93179321289062,93.14505004882812,90.52071380615234,90.52071380615234,85.16454315185547,86.83317565917969,86.12781524658203,82.46211242675781,86.58522033691406,85.37564086914062,81.02468872070312,82.37718200683594,80.23091888427734,80.7527084350586,83.2946548461914,82.09750366210938,84.148681640625,85.09406280517578,85.0,85.14693450927734,89.20201873779297,85.58621215820312,92.13577270507812,86.46965026855469,88.81441497802734,83.72574615478516,85.5102310180664,81.58431243896484,80.04998779296875,74.21590423583984,73.76313781738281,69.6419448852539,69.2603759765625,64.28841400146484,61.13100814819336,57.28001403808594,54.120235443115234,49.33558654785156,49.47726821899414,45.880279541015625,45.35416030883789,40.79215621948242,42.95346450805664,42.296573638916016,43.5660400390625,43.416587829589844,42.19004440307617,42.7551155090332,45.35416030883789,40.52159881591797,40.16217041015625
0,-34,-95,10,33,89.30845642089844,90.73587799072266,92.9139404296875,92.6498794555664,92.96235656738281,91.80958557128906,90.73587799072266,89.04492950439453,89.35882568359375,85.21150207519531,86.40023040771484,87.45856475830078,85.14693450927734,85.91275024414062,85.91275024414062,86.45230102539062,85.6329345703125,84.89994049072266,89.14033508300781,90.68627166748047,89.27485656738281,91.43850708007812,87.86353302001953,91.24143981933594,90.13877868652344,90.13877868652344,86.83892822265625,84.90583038330078,82.68010711669922,80.77747344970703,77.5241928100586,75.13321685791016,73.79024505615234,67.08203887939453,63.694583892822266,61.32699203491211,58.600341796875,55.03635025024414,51.89412307739258,49.658836364746094,46.097721099853516,45.650848388671875,44.29446792602539,43.046485900878906,40.8166618347168,39.66106414794922,41.34005355834961,43.046485900878906,43.046485900878906,45.650848388671875,45.17742919921875,46.48655700683594
0,-34,-95,9,39,95.12622833251953,93.94147491455078,99.46356201171875,99.2471694946289,98.27003479003906,97.08243560791016,96.10411071777344,93.94147491455078,93.39164733886719,93.14505004882812,91.92388153076172,91.39474487304688,91.08238220214844,90.47651672363281,88.86506652832031,90.82400512695312,90.62008666992188,91.54779815673828,92.19544219970703,95.4620361328125,93.40770721435547,96.2081069946289,96.2081069946289,96.3846435546875,95.85926818847656,93.60555267333984,91.92388153076172,90.9560317993164,87.86353302001953,85.70297241210938,81.21575927734375,77.92945861816406,76.79192352294922,71.44927978515625,68.18357849121094,66.27216339111328,61.20457458496094,57.21887969970703,54.230987548828125,51.35172653198242,48.3735466003418,47.67599105834961,46.69047164916992,42.95346450805664,41.9761848449707,42.95346450805664,43.680660247802734,45.35416030883789,45.12205505371094,46.389652252197266,47.26520919799805,46.0
0,-34,-95,10,33,87.0,91.24143981933594,87.04596710205078,93.34880828857422,87.72685241699219,90.55384826660156,87.72685241699219,87.86353302001953,86.37129211425781,83.63013458251953,85.14693450927734,84.81155395507812,84.62860107421875,83.23461151123047,85.21150207519531,82.80096435546875,85.44589233398438,81.84130859375,87.66413116455078,86.53323364257812,86.53323364257812,90.13877868652344,84.40379333496094,86.53323364257812,88.81441497802734,88.40814208984375,86.55634307861328,81.39410400390625,82.75868225097656,77.78174591064453,77.10382843017578,73.66138458251953,71.0633544921875,67.35725402832031,64.20280456542969,57.00876998901367,57.00876998901367,54.037025451660156,50.447994232177734,50.6063232421875,43.931766510009766,43.931766510009766,41.72529220581055,41.03656768798828,41.01219177246094,40.31128692626953,42.44997024536133,42.42640686035156,41.773197174072266,43.13930892944336,42.63801193237305,43.046485900878906
0,-35,-95,10,33,84.5280990600586,89.8220443725586,89.10667419433594,90.60904693603516,91.0054931640625,88.28363037109375,89.10667419433594,88.1192398071289,83.6002426147461,85.0,84.71717834472656,85.47514343261719,82.2192153930664,83.05419921875,83.21658325195312,82.0,84.0,85.0058822631836,84.05355072021484,88.00568389892578,88.0,89.0,88.0227279663086,86.0,88.27796936035156,88.27796936035156,86.70063781738281,84.01190185546875,80.0624771118164,76.29547882080078,73.24616241455078,75.28611755371094,71.0633544921875,68.680419921875,65.45991516113281,60.728904724121094,58.24087905883789,56.920997619628906,49.04079818725586,47.12748718261719,46.173583984375,44.384681701660156,44.9110221862793,40.4474983215332,44.40720748901367,39.20458984375,43.185646057128906,44.283180236816406,41.59326934814453,44.384681701660156,45.880279541015625,44.94440841674805
0,-34,-95,10,33,88.6848373413086,90.55384826660156,90.97252655029297,92.96235656738281,90.73587799072266,88.5098876953125,88.83692932128906,89.69392395019531,88.20430755615234,87.6584243774414,84.87638092041016,84.62860107421875,88.00568389892578,86.05230712890625,84.64632415771484,85.14693450927734,84.38601684570312,85.91275024414062,88.45903015136719,86.45230102539062,89.27485656738281,90.13877868652344,88.72992706298828,87.45856475830078,89.20201873779297,90.0,87.09190368652344,85.4400405883789,82.68010711669922,79.25907135009766,75.1797866821289,73.79024505615234,71.58910369873047,68.54196166992188,63.56099319458008,59.61543273925781,57.00876998901367,54.230987548828125,51.89412307739258,48.754486083984375,46.957427978515625,44.72135925292969,44.29446792602539,40.31128692626953,42.19004440307617,41.34005355834961,41.04875183105469,43.5660400390625,44.29446792602539,44.72135925292969,43.46262741088867,43.011627197265625
0,-35,-95,10,33,89.8888168334961,87.132080078125,90.73587799072266,87.92041778564453,90.73587799072266,90.91754150390625,89.35882568359375,85.4400405883789,86.95401000976562,84.59905242919922,86.31338500976562,86.35391998291016,84.07734680175781,85.49269104003906,84.69356536865234,84.50444030761719,85.79627227783203,81.27114868164062,88.32327270507812,85.70297241210938,85.4400405883789,92.11405944824219,87.46427917480469,88.39117431640625,86.53900909423828,88.14192962646484,87.20664978027344,85.42247772216797,81.88406372070312,79.15807342529297,76.66159057617188,72.40165710449219,71.02112579345703,66.5732650756836,62.96824645996094,60.74536895751953,56.859474182128906,50.0,48.82622146606445,46.14108657836914,45.650848388671875,42.19004440307617,43.416587829589844,43.416587829589844,41.78516387939453,40.853397369384766,37.6961555480957,38.910152435302734,42.94182205200195,44.72135925292969,40.31128692626953,39.66106414794922
0,-34,-95,10,33,92.76313781738281,91.59148406982422,93.05912017822266,93.5574722290039,94.3663101196289,90.60904693603516,91.4111557006836,89.94442749023438,88.1192398071289,88.81441497802734,87.82368469238281,88.45903015136719,88.27796936035156,85.09406280517578,86.14522552490234,88.0511245727539,88.00568389892578,86.0,88.0,90.0,89.005615234375,92.00543212890625,89.14033508300781,90.022216796875,91.13726043701172,91.4439697265625,87.69264221191406,85.98837280273438,83.36066436767578,81.58431243896484,79.30951690673828,74.46475982666016,73.76313781738281,68.4105224609375,65.802734375,61.98386764526367,58.18934631347656,56.30275344848633,51.244510650634766,50.0,46.840152740478516,45.35416030883789,43.931766510009766,43.931766510009766,40.4474983215332,42.57933807373047,43.5660400390625,43.416587829589844,42.7551155090332,44.9110221862793,44.384681701660156,44.94440841674805
0,-34,-95,10,33,90.78546142578125,88.54942321777344,92.1791763305664,93.471923828125,89.44271850585938,87.6584243774414,89.005615234375,88.58893585205078,86.31338500976562,86.76981353759766,86.45230102539062,85.4400405883789,83.76156616210938,84.31488800048828,84.87638092041016,84.40379333496094,85.6037368774414,82.20097351074219,86.83317565917969,87.61849212646484,88.81441497802734,88.81441497802734,87.6584243774414,89.20201873779297,87.6584243774414,89.8888168334961,88.1929702758789,84.59905242919922,82.29216003417969,81.84130859375,77.47257232666016,75.7693862915039,70.57620239257812,68.00735473632812,64.8459701538086,60.74536895751953,58.52349853515625,51.26402282714844,50.9215087890625,47.16990661621094,46.615447998046875,43.863426208496094,43.382022857666016,42.04759216308594,39.824615478515625,39.824615478515625,39.96248245239258,42.05948257446289,42.95346450805664,41.62931823730469,42.72002029418945,43.680660247802734
0,-35,-95,11,29,87.04596710205078,88.5268325805664,90.55384826660156,91.21951293945312,89.09545135498047,86.27861785888672,87.68124389648438,87.78382873535156,84.89994049072266,84.17243957519531,84.148681640625,85.70297241210938,87.1148681640625,84.38601684570312,82.32861328125,82.80096435546875,81.02468872070312,83.6002426147461,85.98255920410156,85.8021011352539,88.00568389892578,87.6584243774414,87.61849212646484,85.42832946777344,90.42676544189453,89.27485656738281,83.63013458251953,81.3449478149414,79.93122100830078,79.20858764648438,71.44927978515625,70.03570556640625,71.0633544921875,69.02897644042969,61.717098236083984,58.41232681274414,54.08327102661133,51.855567932128906,47.50789260864258,47.01063537597656,45.45327377319336,41.773197174072266,42.01190185546875,38.94868469238281,39.623226165771484,42.52058410644531,43.185646057128906,42.01190185546875,40.31128692626953,43.27817153930664,43.931766510009766,46.3249397277832
0,-34,-95,9,39,95.18928527832031,95.08417510986328,95.42536163330078,95.13148498535156,95.13148498535156,93.26306915283203,92.19544219970703,91.26883697509766,91.3509750366211,88.81441497802734,88.6848373413086,90.25519561767578,88.6453628540039,87.66413116455078,88.84255981445312,89.26925659179688,88.76936340332031,88.0738296508789,91.0933609008789,90.2496566772461,92.41753387451172,94.5938720703125,94.5938720703125,92.6498794555664,92.96235656738281,90.8019790649414,90.09439849853516,88.36288452148438,84.2140121459961,81.05553436279297,80.02499389648438,76.00657653808594,73.0,69.0,68.06614685058594,64.0078125,60.0,56.0,52.0,49.01020431518555,49.0,47.0,44.04542922973633,43.104522705078125,41.19466018676758,43.185646057128906,44.283180236816406,46.173583984375,44.10215377807617,45.09988784790039,46.010868072509766,44.04542922973633
0,-35,-95,11,29,86.12781524658203,87.55569458007812,87.09190368652344,90.9560317993164,86.12781524658203,90.47099304199219,85.90692901611328,85.86617279052734,83.43260955810547,83.74365997314453,82.46211242675781,84.5280990600586,82.20097351074219,81.74349975585938,81.74349975585938,82.49242401123047,87.14356231689453,80.09993743896484,85.02352905273438,85.14693450927734,84.09518432617188,87.20664978027344,79.5110092163086,88.45903015136719,85.98837280273438,86.31338500976562,80.41144561767578,80.04998779296875,79.07591247558594,72.53275299072266,75.58438873291016,71.47027587890625,66.73080444335938,64.8459701538086,61.6846809387207,58.18934631347656,59.09314727783203,51.4781494140625,50.32891845703125,47.16990661621094,44.59820556640625,41.761226654052734,38.60051727294922,40.26164245605469,36.13862228393555,37.48332977294922,40.26164245605469,41.59326934814453,41.48493576049805,40.804412841796875,41.48493576049805,40.71854782104492
0,-34,-95,9,39,97.09788513183594,98.18350219726562,96.26006317138672,98.47334289550781,98.73702239990234,95.41488647460938,95.96353149414062,93.4772720336914,92.9139404296875,90.21086120605469,92.20086669921875,90.27181243896484,90.78546142578125,90.68627166748047,90.68627166748047,91.28527069091797,91.28527069091797,90.55384826660156,93.33809661865234,94.04785919189453,94.17536926269531,97.08243560791016,94.17536926269531,96.17691802978516,94.3663101196289,93.86160278320312,89.62700653076172,88.7524642944336,88.20430755615234,85.75546264648438,79.25907135009766,77.89736938476562,76.02631378173828,71.58910369873047,69.35416412353516,62.60990524291992,60.835845947265625,54.5618896484375,52.32590103149414,50.56678771972656,46.957427978515625,46.14108657836914,44.94440841674805,42.72002029418945,43.26661682128906,43.26661682128906,42.72002029418945,42.72002029418945,43.8292121887207,45.79301071166992,46.06517028808594,46.2385139465332
0,-34,-95,10,33,90.02777099609375,89.49860382080078,93.62158203125,91.4439697265625,90.47099304199219,89.49860382080078,89.73851013183594,86.83317565917969,85.86617279052734,86.12781524658203,85.4400405883789,84.77027893066406,85.38150024414062,84.75848388671875,81.93289947509766,83.77350616455078,83.25863647460938,83.77350616455078,85.49269104003906,86.00581359863281,87.8464584350586,88.95504760742188,89.53770446777344,88.76936340332031,87.31552124023438,88.54377746582031,84.20214080810547,83.6779556274414,81.25269317626953,79.83106994628906,75.80237579345703,72.83543395996094,69.72087097167969,66.37017059326172,63.28506851196289,59.304298400878906,55.145263671875,51.244510650634766,50.15974426269531,46.27094268798828,45.27692413330078,41.30375289916992,43.416587829589844,38.63935852050781,40.024993896484375,40.26164245605469,40.52159881591797,42.44997024536133,41.773197174072266,44.55333709716797,44.18144226074219,42.0
0,-34,-95,10,33,90.52071380615234,88.76936340332031,92.89241027832031,90.2496566772461,92.89241027832031,90.52071380615234,88.76936340332031,88.76936340332031,89.73851013183594,88.84255981445312,86.88497924804688,86.31338500976562,84.01190185546875,85.84288024902344,81.88406372070312,85.70880889892578,84.38008880615234,85.37564086914062,85.28775024414062,89.27485656738281,89.27485656738281,89.5600357055664,88.56636047363281,89.45389556884766,88.95504760742188,87.132080078125,86.4927749633789,83.43260955810547,80.08120727539062,80.08120727539062,74.3303451538086,73.37574768066406,69.57010650634766,67.67569732666016,64.62197875976562,62.032249450683594,55.71355438232422,52.0,49.39635467529297,47.16990661621094,46.173583984375,43.011627197265625,43.416587829589844,40.024993896484375,41.59326934814453,37.85498809814453,40.79215621948242,42.57933807373047,43.416587829589844,43.96589660644531,43.96589660644531,42.54409408569336
0,-34,-95,9,40,102.18121337890625,104.40306854248047,104.177734375,106.6255111694336,102.52804565429688,105.0047607421875,103.24727630615234,100.08995819091797,102.31813049316406,97.69339752197266,101.23734283447266,98.41239929199219,97.49359130859375,97.94896697998047,98.41239929199219,96.7470932006836,101.0197982788086,95.01578521728516,102.39628601074219,101.87246704101562,101.3558120727539,103.5857162475586,98.97979736328125,103.44564056396484,102.42070007324219,101.51847076416016,98.89894104003906,94.93682098388672,95.85405731201172,89.69392395019531,89.1964111328125,86.02325439453125,80.65357971191406,75.96051788330078,72.2772445678711,67.91170501708984,65.96968841552734,61.400325775146484,56.61272048950195,54.708316802978516,50.9215087890625,50.695167541503906,48.46648406982422,47.92702865600586,47.01063537597656,46.51881408691406,47.423622131347656,48.754486083984375,47.16990661621094,51.26402282714844,51.54609680175781,50.0099983215332
0,-35,-95,10,33,87.61849212646484,87.20664978027344,89.27485656738281,90.13877868652344,92.95697784423828,87.20092010498047,86.83317565917969,87.45856475830078,83.86894226074219,87.86353302001953,83.54639434814453,83.4505844116211,81.3449478149414,80.65978240966797,82.73451232910156,82.02438354492188,79.98124694824219,82.03657531738281,83.09632873535156,87.20664978027344,89.14033508300781,89.87213134765625,85.5628433227539,85.6329345703125,84.8646011352539,87.86353302001953,84.0238037109375,82.00609588623047,80.43009185791016,76.843994140625,71.02112579345703,70.8307876586914,72.71863555908203,64.66065216064453,61.400325775146484,59.9416389465332,57.697486877441406,49.19349670410156,48.02082824707031,46.52956008911133,45.650848388671875,43.416587829589844,42.20189666748047,39.20458984375,39.20458984375,37.80211639404297,38.832977294921875,41.617305755615234,39.408119201660156,43.8292121887207,41.18252182006836,40.31128692626953
0,-34,-95,9,40,99.14131164550781,99.14131164550781,101.71037292480469,100.9752426147461,101.11874389648438,99.84988403320312,98.15293884277344,96.7470932006836,94.5304183959961,94.33981323242188,96.33275604248047,93.04837799072266,93.00537872314453,91.0054931640625,93.0,91.0494384765625,93.19334411621094,94.19129180908203,94.2602767944336,96.18731689453125,96.13011932373047,97.1287841796875,96.04686737060547,100.17984008789062,96.02082824707031,97.02061462402344,93.08598327636719,93.26306915283203,88.36288452148438,84.48076629638672,83.72574615478516,81.04936981201172,77.27871704101562,72.56720733642578,68.44705963134766,66.2872543334961,62.585941314697266,57.070133209228516,54.12947463989258,50.635955810546875,51.62363815307617,46.52956008911133,46.173583984375,42.19004440307617,45.0111083984375,44.04542922973633,44.04542922973633,46.010868072509766,46.173583984375,46.173583984375,46.389652252197266,47.07440948486328
0,-34,-95,9,39,96.66436767578125,98.84330749511719,99.76472473144531,99.74467468261719,97.94386291503906,97.49359130859375,96.15092468261719,97.52947998046875,93.05912017822266,92.1791763305664,93.53608703613281,92.78469848632812,91.80958557128906,92.0869140625,91.52595520019531,89.62700653076172,92.61749267578125,90.60353088378906,93.7229995727539,94.64142608642578,95.0,98.40731811523438,95.0,95.8018798828125,94.86833190917969,92.9139404296875,92.11405944824219,91.4166259765625,89.06739044189453,83.6480712890625,80.05622863769531,78.29431915283203,74.73285675048828,71.17584228515625,70.93659210205078,65.39112854003906,61.46543884277344,58.30952072143555,54.230987548828125,52.92447280883789,49.19349670410156,45.694637298583984,44.29446792602539,44.10215377807617,43.5660400390625,42.72002029418945,42.72002029418945,44.41846466064453,45.486263275146484,47.41307830810547,45.617977142333984,48.703182220458984
0,-34,-95,9,39,96.10411071777344,97.86214447021484,97.67292022705078,99.63935089111328,97.67292022705078,97.67292022705078,96.8813705444336,94.9210205078125,93.5574722290039,89.44271850585938,94.76286315917969,91.54779815673828,92.13577270507812,90.19977569580078,91.26883697509766,91.0878677368164,92.02173614501953,89.05054473876953,93.0,95.00526428222656,94.08506774902344,96.04686737060547,93.19334411621094,97.04637908935547,94.2602767944336,94.5304183959961,93.05912017822266,87.4757080078125,88.45903015136719,84.92938232421875,81.4923324584961,79.4040298461914,75.89466094970703,71.7844009399414,68.94925689697266,64.51356506347656,61.032779693603516,55.02726745605469,52.81098556518555,51.865211486816406,48.764739990234375,45.607017517089844,45.12205505371094,44.384681701660156,44.40720748901367,43.73785400390625,43.931766510009766,42.7551155090332,43.73785400390625,47.07440948486328,45.607017517089844,45.880279541015625
0,-34,-95,9,39,92.4770278930664,93.77632904052734,91.92388153076172,96.93296813964844,91.92388153076172,93.77632904052734,92.4770278930664,90.62008666992188,90.62008666992188,87.23531341552734,88.56636047363281,88.1192398071289,87.70974731445312,87.8179931640625,89.06739044189453,86.45230102539062,89.69392395019531,85.08818817138672,90.42676544189453,89.35882568359375,90.55384826660156,93.1504135131836,88.83692932128906,92.43917083740234,93.05912017822266,92.13034057617188,90.87353515625,86.00581359863281,84.50444030761719,80.65357971191406,78.74642944335938,75.0,73.08214569091797,68.15423583984375,65.51335906982422,62.585941314697266,59.228370666503906,54.5710563659668,51.41984176635742,49.47726821899414,42.20189666748047,45.880279541015625,42.05948257446289,41.43669891357422,41.231056213378906,41.1096076965332,41.231056213378906,43.08131790161133,42.154476165771484,44.271888732910156,44.14748001098633,44.72135925292969
0,-34,-95,9,39,98.41239929199219,97.1287841796875,97.49359130859375,98.0051040649414,98.38699340820312,96.15092468261719,96.17691802978516,95.2732925415039,95.2575454711914,93.10746765136719,92.61209106445312,93.62158203125,92.11405944824219,90.82400512695312,88.25531005859375,93.60555267333984,90.8019790649414,91.0933609008789,92.444580078125,93.40770721435547,94.5568618774414,96.84007263183594,97.41663360595703,96.84007263183594,95.5196304321289,94.33981323242188,91.54779815673828,92.19544219970703,86.8158950805664,86.8158950805664,80.0624771118164,78.29431915283203,76.5375747680664,71.69379425048828,69.83551788330078,63.812225341796875,61.29437255859375,55.75840759277344,55.226806640625,52.15361785888672,49.73931884765625,46.51881408691406,46.51881408691406,41.231056213378906,44.94440841674805,43.65776062011719,44.0113639831543,44.94440841674805,45.694637298583984,45.617977142333984,46.957427978515625,48.25971221923828
0,-34,-95,10,33,88.45903015136719,88.27796936035156,90.3548583984375,88.56636047363281,90.44888305664062,87.20664978027344,87.20664978027344,88.14192962646484,87.20664978027344,88.0227279663086,84.00595092773438,83.0,83.02409362792969,83.00602722167969,83.15046691894531,84.2911605834961,79.5110092163086,84.48076629638672,84.71717834472656,84.71717834472656,85.58621215820312,88.45903015136719,87.3670425415039,87.69264221191406,87.14356231689453,85.09406280517578,82.02438354492188,83.00602722167969,78.05767059326172,77.10382843017578,73.24616241455078,72.24956512451172,69.35416412353516,65.6201171875,63.78871536254883,59.41380310058594,55.73149871826172,52.345008850097656,49.497474670410156,46.173583984375,44.18144226074219,41.19466018676758,43.0,38.0,39.0,37.0,39.0128173828125,41.0,41.0,41.0,42.10700607299805,42.57933807373047
0,-35,-95,10,33,90.21086120605469,85.44589233398438,90.21086120605469,86.40023040771484,87.61849212646484,86.60831451416016,86.40023040771484,83.24061584472656,83.40863037109375,80.80841827392578,80.28075408935547,80.80841827392578,81.39410400390625,79.90619659423828,78.49203491210938,82.75868225097656,79.24645233154297,79.39773559570312,84.50444030761719,83.73768615722656,83.73768615722656,83.63013458251953,82.75868225097656,82.75868225097656,82.03657531738281,82.75868225097656,82.134033203125,81.83519744873047,77.33692169189453,75.43209075927734,72.20111083984375,72.62230682373047,69.40460968017578,63.411354064941406,61.032779693603516,54.64430618286133,54.08327102661133,51.312767028808594,49.39635467529297,43.8292121887207,40.49691390991211,38.832977294921875,40.45985794067383,39.623226165771484,38.18376541137695,38.20994567871094,39.59798049926758,37.48332977294922,36.12478256225586,41.773197174072266,41.231056213378906,41.04875183105469
0,-34,-95,9,39,99.08077239990234,96.0,101.0,97.08243560791016,102.0,96.04686737060547,98.0051040649414,95.0,94.0,95.0,95.0,93.04837799072266,92.43917083740234,91.19758605957031,88.36288452148438,94.5304183959961,89.26925659179688,94.5304183959961,91.08238220214844,94.3663101196289,93.64827728271484,95.63471984863281,99.50376892089844,96.7470932006836,95.18928527832031,93.13430786132812,91.0054931640625,91.0,85.02352905273438,86.05230712890625,80.3056640625,79.30951690673828,76.32168579101562,71.70076751708984,68.73136138916016,66.75328063964844,63.150611877441406,57.706153869628906,54.7448616027832,48.83646011352539,48.3735466003418,45.17742919921875,46.097721099853516,42.10700607299805,45.0,43.0,44.0,43.0,46.010868072509766,48.093658447265625,45.54119110107422,45.607017517089844
0,-34,-95,10,32,84.8646011352539,86.26702880859375,86.26702880859375,89.80534362792969,87.0,84.148681640625,88.45903015136719,81.32035064697266,82.03657531738281,84.85281372070312,84.17243957519531,80.72174072265625,81.68843078613281,81.46778869628906,78.24320983886719,81.4002456665039,79.05693817138672,79.6303939819336,81.60882568359375,82.20097351074219,81.4002456665039,84.40379333496094,82.00609588623047,88.60022735595703,83.73768615722656,84.95881652832031,79.20858764648438,80.61017608642578,76.48529052734375,74.3303451538086,68.24954223632812,71.70076751708984,64.03124237060547,60.216278076171875,59.40538787841797,58.600341796875,55.0,48.82622146606445,44.65422821044922,44.40720748901367,45.607017517089844,42.52058410644531,40.607879638671875,38.28837966918945,37.48332977294922,37.48332977294922,37.48332977294922,38.20994567871094,38.94868469238281,41.617305755615234,40.8166618347168,40.31128692626953
0,-34,-95,9,40,101.23734283447266,103.46980285644531,101.76934814453125,106.23088073730469,102.69371795654297,100.46392059326172,99.92497253417969,101.23734283447266,98.23441314697266,96.79875946044922,97.73944854736328,95.60334777832031,95.60334777832031,95.33625030517578,94.3716049194336,96.04686737060547,96.7729263305664,94.5938720703125,97.08243560791016,97.74456787109375,99.45853424072266,101.13851928710938,101.39033508300781,100.66280364990234,101.39033508300781,98.67117309570312,96.4624252319336,95.2732925415039,94.15412902832031,87.32124328613281,85.8836441040039,83.18653869628906,80.0624771118164,73.9256362915039,71.69379425048828,67.5351791381836,65.3681869506836,57.80138397216797,57.30619430541992,55.94640350341797,52.77309799194336,50.990196228027344,47.423622131347656,45.880279541015625,47.16990661621094,45.31004333496094,46.2385139465332,48.46648406982422,48.84669876098633,49.658836364746094,49.19349670410156,48.25971221923828
0,-34,-95,9,38,94.3663101196289,96.60227966308594,96.7470932006836,97.06183624267578,98.48857879638672,94.3663101196289,95.29428100585938,93.4772720336914,92.1791763305664,92.78469848632812,92.28217315673828,91.06591033935547,89.30845642089844,89.30845642089844,88.48163604736328,88.23265075683594,88.40814208984375,88.40814208984375,92.45539093017578,93.40770721435547,94.20191192626953,93.60021209716797,92.41753387451172,95.8018798828125,93.74433135986328,91.80958557128906,90.55384826660156,87.32124328613281,85.8836441040039,84.5280990600586,79.2022705078125,76.967529296875,73.9256362915039,71.16881561279297,68.00735473632812,66.128662109375,58.8217658996582,55.02726745605469,51.54609680175781,47.75981521606445,49.04079818725586,46.097721099853516,42.95346450805664,42.04759216308594,42.94182205200195,42.05948257446289,42.94182205200195,43.382022857666016,45.18849563598633,46.097721099853516,44.94440841674805,44.92215347290039
0,-35,-95,10,33,84.5813217163086,84.8646011352539,90.75791931152344,87.46427917480469,87.66413116455078,84.20214080810547,86.97700500488281,83.81526947021484,82.861328125,80.65357971191406,81.27114868164062,80.36167907714844,82.2800064086914,79.55501556396484,79.30951690673828,82.22530364990234,78.44743347167969,78.64476776123047,83.86298370361328,82.73451232910156,84.34452819824219,84.85281372070312,86.58522033691406,83.54639434814453,86.12781524658203,82.00609588623047,79.12016296386719,79.05693817138672,76.843994140625,77.6208724975586,71.69379425048828,70.93659210205078,67.62396240234375,64.8459701538086,61.269893646240234,58.600341796875,55.07267761230469,51.429561614990234,49.19349670410156,43.382022857666016,44.777225494384766,39.81205749511719,38.07886505126953,39.217342376708984,40.52159881591797,37.64305877685547,36.68787384033203,40.52159881591797,40.49691390991211,42.04759216308594,42.48529052734375,38.832977294921875
0,-35,-95,10,32,80.49844360351562,83.6480712890625,85.8836441040039,87.20664978027344,87.6584243774414,83.18653869628906,84.11896514892578,81.41252899169922,81.6333236694336,79.4040298461914,81.98780059814453,82.09750366210938,77.93586730957031,78.49203491210938,78.49203491210938,77.20103454589844,81.21575927734375,78.00640869140625,80.43009185791016,81.4002456665039,82.00609588623047,83.6002426147461,82.20097351074219,85.0,84.87638092041016,83.48652648925781,81.12335968017578,78.29431915283203,79.17701721191406,74.24958038330078,72.61542510986328,71.58910369873047,65.55150604248047,63.324562072753906,60.406951904296875,58.8217658996582,53.851646423339844,49.648765563964844,46.81879806518555,44.0113639831543,43.08131790161133,39.81205749511719,37.121421813964844,37.121421813964844,39.824615478515625,34.0,38.470767974853516,40.31128692626953,41.59326934814453,39.357337951660156,41.231056213378906,40.49691390991211
0,-35,-95,10,33,86.68333435058594,88.61715698242188,87.1148681640625,90.60904693603516,87.45856475830078,86.31338500976562,86.55634307861328,83.63013458251953,84.95881652832031,79.90619659423828,81.32035064697266,79.93122100830078,81.39410400390625,80.15609741210938,82.87943267822266,82.87943267822266,83.40863037109375,81.4002456665039,82.61961364746094,84.0238037109375,84.64632415771484,87.86353302001953,84.0238037109375,89.02246856689453,83.54639434814453,84.38601684570312,83.48652648925781,77.8331527709961,80.72174072265625,75.07329559326172,72.4706802368164,73.60027313232422,69.20259857177734,62.12889862060547,62.68173599243164,57.00876998901367,54.4058837890625,52.69725036621094,49.04079818725586,48.60041046142578,42.43819046020508,40.804412841796875,42.01190185546875,42.01190185546875,38.60051727294922,38.28837966918945,39.824615478515625,39.59798049926758,40.31128692626953,42.63801193237305,42.43819046020508,42.20189666748047
0,-35,-95,10,33,86.16263580322266,88.39117431640625,85.79627227783203,87.66413116455078,88.25531005859375,83.57032775878906,86.72946166992188,85.61541748046875,83.38465118408203,83.25863647460938,80.52949523925781,82.85529327392578,80.0624771118164,85.58621215820312,82.68010711669922,82.37718200683594,80.99382781982422,79.07591247558594,87.92041778564453,84.05355072021484,87.92041778564453,85.70297241210938,81.54139709472656,86.26702880859375,88.32327270507812,86.09297180175781,85.95928955078125,80.13114166259766,79.60527801513672,72.49827575683594,72.61542510986328,72.49827575683594,70.7742919921875,62.96824645996094,62.7694206237793,57.384666442871094,54.7813835144043,52.201534271240234,48.08325958251953,47.53945541381836,40.49691390991211,44.283180236816406,42.94182205200195,36.8917350769043,41.34005355834961,38.832977294921875,38.07886505126953,41.67733383178711,39.11521530151367,42.54409408569336,40.71854782104492,41.231056213378906
0,-34,-95,9,39,96.17691802978516,97.50897216796875,96.60745239257812,100.64790344238281,94.84724426269531,95.85405731201172,93.94147491455078,93.62158203125,92.70382690429688,93.04837799072266,92.11405944824219,92.97311401367188,93.30059051513672,92.04889678955078,92.444580078125,89.28605651855469,90.9560317993164,89.02246856689453,93.74433135986328,95.34149169921875,93.86160278320312,97.26766967773438,94.11163330078125,96.54014587402344,97.80081939697266,95.21029663085938,92.35800170898438,88.76936340332031,88.76936340332031,83.77350616455078,81.43709564208984,80.52949523925781,76.94153594970703,70.71067810058594,70.8307876586914,64.41273498535156,63.52952194213867,57.706153869628906,55.07267761230469,53.712196350097656,47.88528060913086,46.51881408691406,43.08131790161133,43.08131790161133,44.59820556640625,43.32435989379883,42.05948257446289,44.59820556640625,45.221675872802734,46.615447998046875,46.957427978515625,47.16990661621094
0,-34,-95,10,32,87.0,86.02325439453125,92.0,89.005615234375,90.0,84.0,87.0,84.0,84.00595092773438,86.05230712890625,83.15046691894531,81.22191619873047,82.38932037353516,81.39410400390625,79.4040298461914,83.02409362792969,78.44743347167969,81.04936981201172,82.37718200683594,84.17243957519531,85.0,87.132080078125,86.70063781738281,86.4927749633789,85.58621215820312,85.37564086914062,81.1541748046875,83.09632873535156,77.02597045898438,78.00640869140625,73.06161499023438,72.06246948242188,69.2603759765625,64.38167572021484,61.400325775146484,59.41380310058594,55.226806640625,53.46026611328125,49.162994384765625,45.17742919921875,45.17742919921875,42.0,42.0,40.0,40.01249694824219,37.0,38.01315689086914,41.0,42.0,42.0,42.10700607299805,42.42640686035156
0,-34,-95,10,33,88.23831176757812,92.57429504394531,89.89437866210938,93.91485595703125,89.89994812011719,89.89994812011719,88.10221099853516,86.33075714111328,86.76981353759766,87.70974731445312,85.47514343261719,86.83317565917969,84.38008880615234,84.59905242919922,84.90583038330078,84.62860107421875,86.21485137939453,83.23461151123047,84.81155395507812,86.83317565917969,88.23265075683594,88.81441497802734,84.87638092041016,91.02197265625,88.7524642944336,86.8216552734375,86.45230102539062,83.24061584472656,80.95059967041016,78.29431915283203,74.73285675048828,73.82411193847656,71.30918884277344,67.779052734375,63.90618133544922,60.16643524169922,58.52349853515625,52.92447280883789,48.10405349731445,47.75981521606445,46.2385139465332,45.18849563598633,42.48529052734375,43.046485900878906,40.8166618347168,38.94868469238281,40.8166618347168,42.05948257446289,42.05948257446289,43.8292121887207,43.46262741088867,44.92215347290039
0,-34,-95,10,32,81.93900299072266,87.09190368652344,85.23497009277344,89.53770446777344,84.43340301513672,88.0227279663086,88.60022735595703,80.05622863769531,78.77182006835938,82.56512451171875,80.36167907714844,83.24061584472656,80.08120727539062,80.28075408935547,80.52328491210938,82.56512451171875,79.24645233154297,81.21575927734375,81.88406372070312,81.88406372070312,83.54639434814453,82.20097351074219,82.56512451171875,82.76472473144531,81.78630828857422,83.6779556274414,83.24061584472656,79.12016296386719,76.89603424072266,74.94664764404297,71.86793518066406,69.6419448852539,66.70832061767578,61.84658432006836,61.741397857666016,59.50630187988281,55.46169662475586,50.08992004394531,46.06517028808594,45.617977142333984,43.32435989379883,42.72002029418945,42.154476165771484,40.49691390991211,35.902645111083984,41.48493576049805,36.878177642822266,41.231056213378906,42.05948257446289,42.379241943359375,43.46262741088867,41.67733383178711
0,-34,-95,9,38,92.78469848632812,92.43917083740234,94.87360382080078,92.43917083740234,95.52486419677734,91.80958557128906,90.73587799072266,91.26883697509766,90.13877868652344,90.97252655029297,88.48163604736328,88.81441497802734,88.23831176757812,86.21485137939453,84.64632415771484,88.61715698242188,84.8646011352539,87.69264221191406,87.69264221191406,90.60904693603516,90.68627166748047,90.60904693603516,92.8493423461914,90.60904693603516,92.31468200683594,90.42676544189453,87.80091094970703,87.6584243774414,83.48652648925781,82.6619644165039,76.66159057617188,77.02597045898438,73.35530090332031,68.88395690917969,64.88451385498047,63.06346130371094,57.697486877441406,54.5618896484375,51.429561614990234,48.764739990234375,44.777225494384766,43.5660400390625,43.5660400390625,41.88078308105469,41.617305755615234,41.88078308105469,41.400482177734375,42.8018684387207,45.221675872802734,44.41846466064453,43.8292121887207,45.18849563598633
0,-34,-95,10,32,85.070556640625,84.48076629638672,87.09764862060547,90.8019790649414,87.80091094970703,85.4400405883789,86.12781524658203,83.93450164794922,84.17243957519531,82.56512451171875,82.46211242675781,82.56512451171875,81.88406372070312,81.88406372070312,79.24645233154297,81.74349975585938,81.22191619873047,80.22468566894531,81.09870910644531,83.2946548461914,82.2982406616211,85.14693450927734,83.38465118408203,82.2192153930664,82.03657531738281,84.17243957519531,80.60397338867188,82.76472473144531,75.50496673583984,76.40026092529297,73.76313781738281,67.72000885009766,68.3081283569336,60.406951904296875,60.74536895751953,58.52349853515625,55.154327392578125,49.97999572753906,50.9215087890625,47.434165954589844,43.32435989379883,41.48493576049805,41.773197174072266,40.79215621948242,40.31128692626953,40.607879638671875,40.4474983215332,40.79215621948242,42.95346450805664,42.05948257446289,42.379241943359375,40.71854782104492
0,-34,-95,10,32,86.03487396240234,85.070556640625,89.4930191040039,90.8019790649414,84.15461730957031,85.38150024414062,84.20214080810547,82.56512451171875,84.48076629638672,83.6779556274414,83.52245330810547,81.74349975585938,81.39410400390625,83.19855499267578,79.07591247558594,82.37718200683594,81.61495208740234,77.64663696289062,81.3019027709961,81.3019027709961,81.39410400390625,85.84288024902344,83.86298370361328,83.02409362792969,86.14522552490234,83.54639434814453,81.21575927734375,80.08120727539062,77.20103454589844,75.96051788330078,69.92138671875,68.3081283569336,69.28924560546875,62.96824645996094,59.80802536010742,58.18075180053711,54.230987548828125,51.4781494140625,49.04079818725586,44.777225494384766,44.0113639831543,39.217342376708984,39.560081481933594,39.81205749511719,34.71310806274414,36.67424011230469,39.81205749511719,38.60051727294922,40.52159881591797,39.84971618652344,40.31128692626953,41.62931823730469
0,-34,-95,9,38,93.92018127441406,91.76055908203125,95.85926818847656,93.6375961303711,95.5196304321289,90.47651672363281,92.11405944824219,89.8888168334961,90.2496566772461,90.2496566772461,88.0227279663086,85.61541748046875,88.63971710205078,86.8158950805664,85.42832946777344,88.58893585205078,85.08818817138672,89.06739044189453,87.8179931640625,90.42676544189453,89.94442749023438,91.30169677734375,90.3548583984375,91.67878723144531,91.28527069091797,88.23831176757812,85.61541748046875,86.37708282470703,82.2192153930664,80.0062484741211,74.72616577148438,75.96051788330078,73.24616241455078,68.88395690917969,67.91170501708984,62.36986541748047,58.051700592041016,53.93514633178711,51.62363815307617,49.030601501464844,46.097721099853516,44.643028259277344,45.221675872802734,41.761226654052734,41.43669891357422,42.154476165771484,41.78516387939453,44.94440841674805,44.643028259277344,46.840152740478516,45.54119110107422,45.27692413330078
0,-34,-95,9,38,90.21086120605469,93.64827728271484,91.80958557128906,94.66783905029297,90.42676544189453,92.96235656738281,91.26883697509766,89.35882568359375,90.42676544189453,87.6584243774414,87.41853332519531,87.20092010498047,86.83317565917969,84.64632415771484,86.68333435058594,85.14693450927734,88.45903015136719,82.8070068359375,89.14033508300781,89.10667419433594,89.9388656616211,89.9388656616211,85.14693450927734,90.60904693603516,89.49860382080078,88.86506652832031,87.80091094970703,84.62860107421875,82.6619644165039,79.88116455078125,78.54934692382812,75.29276275634766,71.69379425048828,68.47627258300781,64.41273498535156,59.9416389465332,57.245086669921875,55.009090423583984,52.77309799194336,48.764739990234375,46.52956008911133,44.94440841674805,42.72002029418945,42.20189666748047,41.617305755615234,43.600460052490234,42.8018684387207,45.0,42.43819046020508,45.486263275146484,45.17742919921875,44.777225494384766
0,-34,-95,8,42,94.64142608642578,91.48223876953125,99.92497253417969,93.40770721435547,98.76234436035156,92.1791763305664,92.89241027832031,90.70832061767578,89.05054473876953,93.17188262939453,88.29496002197266,90.42676544189453,90.42676544189453,87.29833984375,85.15867614746094,89.94442749023438,85.37564086914062,89.5600357055664,88.36288452148438,93.53608703613281,90.79647827148438,93.4344711303711,91.92388153076172,90.93404388427734,91.4111557006836,90.60904693603516,86.34812927246094,88.76936340332031,81.04319763183594,84.77027893066406,77.49193572998047,77.49193572998047,72.23572540283203,71.86793518066406,67.62396240234375,64.88451385498047,60.41522979736328,55.54277801513672,51.89412307739258,47.53945541381836,50.695167541503906,46.48655700683594,46.48655700683594,44.271888732910156,43.416587829589844,43.680660247802734,43.680660247802734,44.384681701660156,46.81879806518555,45.880279541015625,47.01063537597656,44.777225494384766
0,-34,-95,9,37,89.14033508300781,91.13726043701172,90.04998779296875,92.0869140625,90.04998779296875,90.13877868652344,90.04998779296875,86.02325439453125,85.02352905273438,84.00595092773438,88.00568389892578,85.0,83.15046691894531,84.09518432617188,84.09518432617188,83.21658325195312,85.47514343261719,82.2982406616211,87.57283020019531,87.69264221191406,87.3670425415039,88.36288452148438,86.14522552490234,89.35882568359375,87.02298736572266,88.0,84.0,83.05419921875,80.09993743896484,77.16217041015625,77.41446685791016,74.4311752319336,70.45565795898438,64.93843078613281,61.98386764526367,58.85575485229492,58.051700592041016,51.97114562988281,50.80354309082031,46.27094268798828,44.283180236816406,44.40720748901367,43.046485900878906,42.04759216308594,42.0,42.04759216308594,41.1096076965332,43.046485900878906,44.10215377807617,45.54119110107422,42.95346450805664,44.92215347290039
0,-34,-95,9,38,93.6375961303711,97.40636444091797,94.86833190917969,98.68130493164062,92.97311401367188,95.50916290283203,95.81753540039062,91.0933609008789,92.04889678955078,89.84430694580078,90.52071380615234,89.02246856689453,90.02777099609375,88.84255981445312,91.7823486328125,87.4757080078125,92.07062530517578,86.31338500976562,92.9139404296875,91.92388153076172,91.4111557006836,94.20191192626953,89.44271850585938,94.20191192626953,93.74433135986328,93.39164733886719,90.9560317993164,85.4400405883789,85.38150024414062,82.54090118408203,81.93289947509766,76.89603424072266,73.53910827636719,70.26378631591797,67.97793579101562,63.976558685302734,60.373836517333984,55.46169662475586,52.801513671875,52.39274597167969,46.2385139465332,48.10405349731445,46.48655700683594,45.54119110107422,45.221675872802734,43.011627197265625,44.92215347290039,46.48655700683594,44.92215347290039,47.16990661621094,47.92702865600586,47.50789260864258
0,-34,-95,9,38,94.5409927368164,97.49359130859375,96.33794403076172,98.65596771240234,97.32420349121094,95.35198211669922,94.20191192626953,91.66242218017578,93.21480560302734,88.6848373413086,89.5600357055664,89.35882568359375,91.26883697509766,91.19758605957031,90.04998779296875,90.022216796875,90.0,87.0,91.0054931640625,93.0,92.0,93.02149963378906,93.00537872314453,92.0,93.26306915283203,93.13430786132812,90.44888305664062,86.97700500488281,87.132080078125,80.60397338867188,79.62411499023438,77.87811279296875,73.97972869873047,69.37578582763672,67.18630981445312,62.09669876098633,59.77457809448242,56.61272048950195,52.201534271240234,52.88667297363281,49.72926712036133,47.07440948486328,46.69047164916992,43.931766510009766,44.40720748901367,43.28972244262695,45.17742919921875,46.69047164916992,45.7055778503418,49.04079818725586,47.434165954589844,46.2385139465332
0,-34,-95,9,38,94.64142608642578,94.64142608642578,96.7470932006836,97.62171936035156,94.76286315917969,95.63471984863281,93.77099609375,92.77930450439453,91.92388153076172,88.28363037109375,89.26925659179688,89.8220443725586,90.02777099609375,87.55569458007812,89.49860382080078,89.73851013183594,90.52071380615234,87.36132049560547,91.7060546875,91.0933609008789,90.9560317993164,93.68030548095703,89.02246856689453,93.40770721435547,90.24411010742188,92.96235656738281,89.44271850585938,85.84288024902344,87.57283020019531,81.39410400390625,78.23043060302734,78.10249328613281,73.06161499023438,68.00735473632812,66.00757598876953,62.0,60.0,56.0,53.00943374633789,50.03998565673828,48.041648864746094,46.173583984375,44.40720748901367,44.40720748901367,43.5660400390625,44.40720748901367,45.54119110107422,45.54119110107422,46.27094268798828,46.097721099853516,47.01063537597656,49.09175109863281
0,-34,-95,9,37,90.66973114013672,91.66242218017578,89.67720031738281,93.53608703613281,89.5600357055664,89.80534362792969,88.6848373413086,88.28363037109375,87.69264221191406,87.4757080078125,87.29833984375,87.09764862060547,87.09764862060547,84.64632415771484,84.64632415771484,84.89994049072266,86.40023040771484,83.24061584472656,87.28115844726562,85.72631072998047,86.97700500488281,89.28605651855469,84.89994049072266,89.84430694580078,88.76936340332031,88.29496002197266,84.92938232421875,83.72574615478516,82.73451232910156,78.63841247558594,76.32168579101562,75.23961639404297,69.18092346191406,66.0302963256836,65.0,59.03388977050781,58.0,54.037025451660156,51.009803771972656,48.093658447265625,45.0444221496582,44.10215377807617,42.42640686035156,42.19004440307617,41.59326934814453,39.81205749511719,43.73785400390625,44.55333709716797,45.39823913574219,46.04345703125,46.010868072509766,46.097721099853516
0,-34,-95,9,38,93.74433135986328,92.35800170898438,97.90811920166016,95.41488647460938,96.25486755371094,91.26335144042969,94.04785919189453,92.9139404296875,93.00537872314453,91.26335144042969,90.21086120605469,90.0,88.23831176757812,88.09085845947266,87.45856475830078,89.9388656616211,88.39117431640625,90.60904693603516,91.21951293945312,91.21951293945312,90.60904693603516,92.6552734375,92.95697784423828,90.60904693603516,92.95697784423828,89.64373779296875,88.60022735595703,86.60831451416016,83.23461151123047,81.54139709472656,78.54934692382812,77.5241928100586,72.56031799316406,68.47627258300781,65.76473236083984,63.52952194213867,58.13776779174805,54.5618896484375,51.88448715209961,48.764739990234375,47.70744323730469,46.87216567993164,46.3249397277832,43.600460052490234,45.0,44.04542922973633,42.20189666748047,44.40720748901367,46.87216567993164,47.50789260864258,47.41307830810547,47.16990661621094
0,-34,-95,10,32,88.27796936035156,91.26883697509766,84.59314727783203,90.66973114013672,86.5794448852539,83.38465118408203,87.57283020019531,86.70063781738281,83.18653869628906,84.01190185546875,86.14522552490234,82.56512451171875,82.76472473144531,83.9523696899414,83.19855499267578,84.17243957519531,82.56512451171875,82.9698715209961,84.20214080810547,85.070556640625,85.70297241210938,87.28115844726562,84.64632415771484,85.4400405883789,86.12200927734375,84.92938232421875,80.60397338867188,80.7527084350586,79.5110092163086,73.82411193847656,72.24956512451172,68.35934448242188,68.18357849121094,66.06814575195312,61.00819778442383,56.14267349243164,55.009090423583984,49.0,53.0,45.17742919921875,46.097721099853516,44.283180236816406,43.28972244262695,41.773197174072266,41.43669891357422,40.79215621948242,41.48493576049805,43.73785400390625,41.43669891357422,45.0444221496582,46.0,46.010868072509766
0,-34,-95,10,32,86.8158950805664,85.90692901611328,87.09190368652344,88.76936340332031,87.46427917480469,85.61541748046875,85.23497009277344,83.25863647460938,80.05622863769531,82.2800064086914,82.63776397705078,84.77027893066406,83.24061584472656,78.33900451660156,81.04319763183594,82.0,82.76472473144531,79.62411499023438,83.36066436767578,82.46211242675781,85.14693450927734,81.02468872070312,82.97589874267578,85.90692901611328,82.76472473144531,84.48076629638672,80.65357971191406,77.49193572998047,78.18567657470703,74.94664764404297,72.23572540283203,68.15423583984375,68.87670135498047,65.29930877685547,60.926185607910156,55.03635025024414,56.36488342285156,51.0,48.764739990234375,47.01063537597656,45.17742919921875,42.379241943359375,42.154476165771484,41.1096076965332,40.52159881591797,42.379241943359375,39.217342376708984,41.1096076965332,43.08131790161133,43.08131790161133,43.863426208496094,43.5660400390625
0,-34,-95,10,32,83.81526947021484,86.40023040771484,84.64632415771484,89.40357971191406,84.0238037109375,84.81155395507812,83.86894226074219,81.21575927734375,83.86894226074219,82.97589874267578,81.46778869628906,82.134033203125,80.61017608642578,80.61017608642578,80.61017608642578,80.62257385253906,81.56592559814453,78.56844329833984,83.63013458251953,82.97589874267578,83.48652648925781,83.54639434814453,80.61017608642578,83.63013458251953,82.73451232910156,81.3449478149414,80.62257385253906,77.33692169189453,75.92759704589844,72.62230682373047,70.80254364013672,67.62396240234375,66.0302963256836,62.20128631591797,58.52349853515625,56.035701751708984,53.25410842895508,50.477718353271484,46.615447998046875,46.40043258666992,42.20189666748047,42.63801193237305,41.86884307861328,40.360870361328125,39.69886779785156,38.897300720214844,40.31128692626953,43.185646057128906,40.360870361328125,41.86884307861328,44.10215377807617,43.416587829589844
0,-34,-95,10,32,89.04492950439453,88.32327270507812,87.6584243774414,92.78469848632812,85.47514343261719,85.86617279052734,86.31338500976562,83.19255065917969,80.95677947998047,82.85529327392578,85.42247772216797,83.19255065917969,82.46211242675781,78.54934692382812,81.93289947509766,82.63776397705078,83.52245330810547,81.60882568359375,84.77027893066406,83.52245330810547,84.77027893066406,87.36132049560547,83.57032775878906,86.02325439453125,83.57032775878906,85.61541748046875,86.53900909423828,78.29431915283203,78.29431915283203,74.24958038330078,75.1797866821289,70.71067810058594,66.24198150634766,62.96824645996094,62.433963775634766,58.30952072143555,53.25410842895508,51.62363815307617,49.39635467529297,46.647613525390625,44.94440841674805,46.957427978515625,43.08131790161133,43.46262741088867,41.48493576049805,42.05948257446289,42.05948257446289,45.54119110107422,45.17742919921875,47.41307830810547,48.25971221923828,45.607017517089844
0,-34,-95,9,39,95.88013458251953,96.4624252319336,100.68763732910156,97.41663360595703,99.32774353027344,94.5568618774414,98.08159637451172,94.25497436523438,93.00537872314453,94.11163330078125,95.34149169921875,93.39164733886719,92.76313781738281,92.39588928222656,91.24143981933594,91.92388153076172,90.55384826660156,92.77930450439453,93.53608703613281,96.7470932006836,95.03683471679688,96.02603912353516,94.20191192626953,95.03683471679688,93.5574722290039,93.94147491455078,90.70832061767578,87.64131164550781,87.36132049560547,84.43340301513672,79.71198272705078,79.47956085205078,74.32361602783203,70.93659210205078,70.26378631591797,63.694583892822266,58.694122314453125,57.93962478637695,54.230987548828125,51.62363815307617,48.703182220458984,48.383880615234375,48.50773239135742,46.173583984375,46.3249397277832,47.53945541381836,47.53945541381836,48.50773239135742,50.59644317626953,51.26402282714844,51.89412307739258,51.107730865478516
0,-34,-95,10,33,90.04998779296875,93.81364440917969,88.20430755615234,88.83692932128906,87.132080078125,90.21086120605469,84.72307586669922,86.8216552734375,85.75546264648438,85.44589233398438,85.6037368774414,83.86894226074219,84.0238037109375,84.0238037109375,85.91275024414062,83.09632873535156,84.95881652832031,77.98717498779297,89.80534362792969,84.89994049072266,89.87213134765625,87.72685241699219,83.73768615722656,86.31338500976562,87.1148681640625,88.23831176757812,84.0238037109375,80.21221923828125,83.00602722167969,77.10382843017578,75.47184753417969,72.20111083984375,66.8879623413086,63.631752014160156,63.28506851196289,57.14017868041992,56.603885650634766,51.4781494140625,52.47856521606445,50.6063232421875,44.10215377807617,48.27007293701172,42.52058410644531,43.600460052490234,46.40043258666992,42.52058410644531,42.8018684387207,49.04079818725586,43.600460052490234,47.16990661621094,46.87216567993164,49.19349670410156
0,-34,-95,10,32,84.07734680175781,89.05054473876953,83.67198181152344,88.56636047363281,89.55445098876953,87.72685241699219,87.66413116455078,82.46211242675781,82.85529327392578,79.47956085205078,84.69356536865234,85.09406280517578,82.861328125,84.11896514892578,83.81526947021484,80.08120727539062,80.95677947998047,78.33900451660156,86.12781524658203,83.6779556274414,85.4400405883789,85.16454315185547,81.60882568359375,86.68333435058594,85.70297241210938,84.75848388671875,80.77747344970703,78.29431915283203,79.7057113647461,70.26378631591797,70.66116333007812,69.83551788330078,69.35416412353516,63.52952194213867,60.539241790771484,60.539241790771484,54.708316802978516,49.24428939819336,48.3735466003418,46.52956008911133,44.72135925292969,47.01063537597656,42.154476165771484,42.72002029418945,45.31004333496094,44.384681701660156,44.94440841674805,47.01063537597656,46.06517028808594,46.647613525390625,46.3249397277832,47.01063537597656
0,-34,-95,9,39,99.02020263671875,101.2422866821289,99.36800384521484,100.24469757080078,99.02020263671875,98.4327163696289,98.08159637451172,96.2081069946289,94.15412902832031,94.70480346679688,96.5660400390625,92.70382690429688,93.03762817382812,93.03762817382812,91.67878723144531,91.7060546875,94.41397857666016,90.3548583984375,95.52486419677734,96.17691802978516,96.60227966308594,96.64884948730469,92.1791763305664,95.2575454711914,96.25486755371094,94.93682098388672,90.62008666992188,89.8888168334961,86.64871978759766,83.81526947021484,81.04319763183594,79.8122787475586,75.69015502929688,71.0633544921875,66.94026947021484,63.56099319458008,63.348243713378906,56.75385284423828,55.54277801513672,54.81787872314453,52.201534271240234,51.244510650634766,49.39635467529297,48.10405349731445,47.53945541381836,48.46648406982422,50.32891845703125,50.695167541503906,51.54609680175781,52.63079071044922,51.788028717041016,53.33854293823242
0,-34,-95,9,38,92.04889678955078,96.16651916503906,94.64142608642578,98.37174224853516,92.72000885009766,95.50916290283203,93.40770721435547,91.21403503417969,88.05680084228516,89.73851013183594,89.26925659179688,87.86353302001953,91.4111557006836,90.42676544189453,87.4757080078125,86.31338500976562,89.80534362792969,85.0,92.54188537597656,90.66973114013672,94.20191192626953,92.22798156738281,88.28363037109375,93.21480560302734,90.60904693603516,91.0054931640625,87.32124328613281,83.93450164794922,84.11896514892578,80.95677947998047,78.77182006835938,74.67261505126953,72.23572540283203,68.94925689697266,65.55150604248047,62.3939094543457,58.694122314453125,54.424259185791016,53.141319274902344,52.49761962890625,47.75981521606445,49.33558654785156,47.801673889160156,48.50773239135742,48.05205535888672,47.53945541381836,49.47726821899414,50.0,49.648765563964844,52.92447280883789,49.19349670410156,51.62363815307617
0,-34,-95,9,39,96.26006317138672,97.08243560791016,100.12492370605469,98.59513092041016,96.54014587402344,94.9210205078125,96.54014587402344,92.95697784423828,92.45539093017578,93.23625946044922,92.45539093017578,91.40021514892578,92.41753387451172,92.9139404296875,91.02197265625,91.26883697509766,89.1852035522461,91.06591033935547,91.92388153076172,93.49331665039062,93.49331665039062,96.5660400390625,93.19334411621094,94.87360382080078,95.41488647460938,93.81364440917969,90.42676544189453,88.72992706298828,85.14693450927734,84.38601684570312,79.98124694824219,77.79460144042969,73.53910827636719,70.72481536865234,67.88224792480469,62.2414665222168,60.10823440551758,55.865909576416016,55.154327392578125,53.075416564941406,49.57822036743164,50.447994232177734,50.6063232421875,51.22499465942383,51.400390625,49.20365905761719,49.81967544555664,51.855567932128906,51.7397346496582,51.6623649597168,51.7397346496582,51.400390625
0,-34,-95,10,32,86.72946166992188,89.53770446777344,89.1964111328125,87.66413116455078,89.1964111328125,88.86506652832031,88.23265075683594,86.02325439453125,85.09406280517578,84.77027893066406,83.52245330810547,84.48076629638672,83.43260955810547,83.6779556274414,82.22530364990234,83.74365997314453,84.5280990600586,82.56512451171875,85.32877349853516,85.5102310180664,84.5280990600586,86.88497924804688,84.92938232421875,84.72307586669922,84.89994049072266,84.89994049072266,82.56512451171875,80.65357971191406,77.49193572998047,75.61084747314453,72.61542510986328,70.7742919921875,68.94200134277344,63.158531188964844,61.741397857666016,55.46169662475586,55.46169662475586,52.32590103149414,50.15974426269531,47.53945541381836,45.880279541015625,44.92215347290039,46.173583984375,44.92215347290039,45.607017517089844,44.643028259277344,44.92215347290039,46.173583984375,47.75981521606445,47.53945541381836,48.764739990234375,47.70744323730469
0,-34,-95,9,40,102.88343048095703,104.8093490600586,103.84603881835938,104.40306854248047,102.88343048095703,100.0,100.68763732910156,97.01546478271484,100.16985321044922,97.01546478271484,98.48857879638672,95.90099334716797,95.52486419677734,95.90099334716797,97.32420349121094,95.75489807128906,95.52486419677734,94.64142608642578,98.32598876953125,98.41239929199219,97.86725616455078,98.73196411132812,96.87621307373047,98.73196411132812,97.86214447021484,98.84330749511719,95.12622833251953,91.4439697265625,89.9888916015625,88.05680084228516,83.52245330810547,81.90848541259766,74.94664764404297,74.0,71.7844009399414,67.67569732666016,62.297672271728516,59.77457809448242,59.77457809448242,55.785301208496094,53.36665725708008,53.15073013305664,52.77309799194336,51.97114562988281,52.46903991699219,51.788028717041016,54.7448616027832,55.31726837158203,55.081756591796875,56.30275344848633,55.71355438232422,57.245086669921875
0,-34,-95,9,39,102.61579132080078,98.49365234375,102.88343048095703,102.1077880859375,103.84603881835938,96.16651916503906,97.80081939697266,97.1236343383789,98.97979736328125,97.71898651123047,95.50916290283203,94.2443618774414,95.2732925415039,92.4770278930664,92.4770278930664,93.94147491455078,92.13577270507812,93.10746765136719,93.02149963378906,94.3716049194336,94.5409927368164,98.84330749511719,97.69339752197266,96.25486755371094,95.2732925415039,94.33981323242188,92.35800170898438,92.34716796875,86.40023040771484,86.68333435058594,78.58753204345703,78.84795379638672,75.18643188476562,71.80529022216797,69.85699462890625,66.4906005859375,62.36986541748047,60.41522979736328,56.75385284423828,52.39274597167969,51.92301940917969,49.33558654785156,52.81098556518555,49.648765563964844,49.76947021484375,51.26402282714844,52.55473327636719,54.7813835144043,56.04462432861328,56.08921432495117,53.600372314453125,54.08327102661133
0,-34,-95,9,40,101.76934814453125,100.84642028808594,103.61949920654297,101.76934814453125,105.84894561767578,100.46392059326172,98.08159637451172,98.08159637451172,98.79270935058594,98.03060913085938,95.81753540039062,95.50916290283203,95.60334777832031,94.64142608642578,95.60334777832031,96.04686737060547,93.74433135986328,97.29337310791016,96.69022369384766,97.86214447021484,97.86214447021484,98.71676635742188,97.01546478271484,97.51409912109375,98.49365234375,97.1236343383789,94.9210205078125,93.30059051513672,89.31964874267578,86.16263580322266,82.85529327392578,81.02468872070312,78.79086303710938,72.91776275634766,71.58910369873047,68.02940368652344,62.169124603271484,60.008331298828125,59.09314727783203,56.080299377441406,54.424259185791016,53.141319274902344,53.16013717651367,50.28916549682617,51.92301940917969,50.695167541503906,53.16013717651367,54.4058837890625,54.08327102661133,56.080299377441406,57.706153869628906,56.603885650634766
0,-34,-95,10,34,95.52486419677734,95.67131042480469,97.18538665771484,95.58765411376953,96.33275604248047,94.17536926269531,95.58765411376953,91.28527069091797,92.19544219970703,89.49860382080078,91.0494384765625,90.60353088378906,91.8368148803711,90.44335174560547,89.05054473876953,90.69729614257812,90.13877868652344,90.97252655029297,92.6498794555664,93.49331665039062,92.6552734375,94.04785919189453,92.41753387451172,94.04785919189453,92.41753387451172,89.8109130859375,88.61715698242188,87.20664978027344,83.48652648925781,83.48652648925781,78.49203491210938,77.10382843017578,73.59347534179688,67.94115447998047,65.19202423095703,63.70243453979492,59.54829788208008,55.90169906616211,54.451812744140625,50.20956039428711,50.91168975830078,50.32891845703125,49.67897033691406,49.04079818725586,48.91830062866211,49.04079818725586,48.91830062866211,51.6623649597168,53.740116119384766,53.81449508666992,52.63079071044922,54.08327102661133
0,-34,-95,9,40,103.0,102.04410552978516,104.00480651855469,104.01922607421875,101.0197982788086,102.04410552978516,101.00495147705078,99.02020263671875,100.0199966430664,97.02061462402344,98.12747192382812,96.42095184326172,96.6281509399414,95.52486419677734,94.5304183959961,95.88534545898438,96.17691802978516,96.02603912353516,94.5409927368164,97.16481018066406,98.0051040649414,101.83319854736328,96.7470932006836,99.46356201171875,95.52486419677734,96.42095184326172,93.08598327636719,92.02173614501953,90.022216796875,86.0,84.0,80.09993743896484,76.10519409179688,72.17340087890625,71.17584228515625,67.06713104248047,62.032249450683594,60.0,60.008331298828125,58.00862121582031,54.037025451660156,51.15662384033203,52.345008850097656,51.35172653198242,52.239830017089844,53.23532485961914,56.22277069091797,56.080299377441406,57.03507614135742,59.00847244262695,58.07753372192383,59.03388977050781
0,-34,-95,9,40,99.72462463378906,100.6578369140625,104.3886947631836,101.39033508300781,99.72462463378906,99.16148376464844,101.39033508300781,96.93296813964844,97.16995239257812,96.25486755371094,94.93682098388672,94.84724426269531,95.2575454711914,92.59049987792969,93.53608703613281,95.77056121826172,93.64827728271484,93.1504135131836,94.66783905029297,97.41663360595703,98.97979736328125,97.6166000366211,97.52947998046875,96.25486755371094,96.15092468261719,94.84724426269531,92.19544219970703,90.87353515625,86.72946166992188,85.09406280517578,80.99382781982422,79.71198272705078,74.94664764404297,72.73238372802734,68.62215423583984,66.0984115600586,62.93647766113281,58.18934631347656,56.61272048950195,54.7813835144043,53.3104133605957,53.3104133605957,52.32590103149414,50.537113189697266,52.77309799194336,54.12947463989258,53.66563034057617,57.27128601074219,54.7813835144043,57.567352294921875,55.785301208496094,56.4358024597168
0,-34,-95,10,34,98.31072998046875,102.9611587524414,99.29753112792969,100.44898986816406,96.33794403076172,98.47842407226562,98.31072998046875,95.18928527832031,95.03683471679688,91.66242218017578,92.9139404296875,91.54779815673828,91.19758605957031,91.0878677368164,92.13577270507812,92.02173614501953,93.04837799072266,88.00568389892578,95.0,96.0,94.0,95.0,94.04785919189453,96.02082824707031,94.08506774902344,96.25486755371094,91.54779815673828,87.132080078125,85.15867614746094,85.32877349853516,81.58431243896484,77.66595458984375,73.75635528564453,70.8307876586914,67.91170501708984,63.56099319458008,61.61168670654297,58.85575485229492,55.10898208618164,54.918121337890625,52.345008850097656,52.345008850097656,50.15974426269531,53.15073013305664,51.009803771972656,51.009803771972656,52.15361785888672,54.230987548828125,53.75872039794922,57.48912811279297,57.28001403808594,56.080299377441406
0,-34,-95,9,41,104.86181640625,104.29285430908203,106.50821685791016,106.50821685791016,106.50821685791016,102.07839965820312,102.90287017822266,104.04325866699219,102.62553405761719,99.85990142822266,99.32270812988281,99.64437103271484,98.1121826171875,100.34440612792969,97.24710845947266,98.83824920654297,98.38699340820312,99.28242492675781,101.13357543945312,99.7296371459961,101.59724426269531,104.65657806396484,102.08329772949219,102.0,100.84642028808594,99.12618255615234,96.79875946044922,94.57801055908203,92.41753387451172,91.26335144042969,83.00602722167969,82.46211242675781,81.56592559814453,77.46611785888672,71.70076751708984,70.29224395751953,66.06814575195312,62.62587356567383,59.03388977050781,55.803226470947266,56.30275344848633,53.851646423339844,54.918121337890625,53.33854293823242,53.851646423339844,53.33854293823242,55.226806640625,59.36328887939453,59.203041076660156,59.54829788208008,60.81118392944336,61.717098236083984
0,-35,-95,11,30,91.7060546875,91.4166259765625,96.13532257080078,93.00537872314453,93.30059051513672,92.35800170898438,91.18113708496094,89.53770446777344,91.92388153076172,87.46427917480469,88.39117431640625,86.16263580322266,89.55445098876953,89.0,87.20664978027344,87.70974731445312,91.58602142333984,88.1929702758789,87.8179931640625,88.6848373413086,90.21086120605469,92.66067504882812,88.1192398071289,89.94442749023438,92.13577270507812,89.89994812011719,87.66413116455078,85.08818817138672,84.8646011352539,75.3923110961914,74.94664764404297,72.61542510986328,70.22820281982422,69.57010650634766,65.45991516113281,60.406951904296875,57.93962478637695,53.851646423339844,54.08327102661133,52.0,50.15974426269531,49.24428939819336,51.0,50.11985778808594,51.62363815307617,52.69725036621094,49.09175109863281,52.77309799194336,54.5618896484375,52.81098556518555,55.02726745605469,54.918121337890625
0,-34,-95,9,41,103.84603881835938,105.6503677368164,105.9480972290039,106.32027435302734,104.69479370117188,105.36128234863281,104.04325866699219,101.2422866821289,100.88111877441406,100.6578369140625,98.68130493164062,99.02020263671875,99.16148376464844,98.48857879638672,98.89894104003906,97.50897216796875,100.17984008789062,97.50897216796875,100.62306213378906,101.96568298339844,102.41581726074219,103.31505584716797,100.31948852539062,102.04410552978516,102.31813049316406,101.0197982788086,96.4624252319336,95.21029663085938,93.30059051513672,89.02246856689453,86.12781524658203,82.9698715209961,81.4923324584961,75.70997619628906,73.75635528564453,70.40596771240234,64.76110076904297,62.817195892333984,60.16643524169922,59.77457809448242,55.36244201660156,55.36244201660156,55.71355438232422,55.71355438232422,56.080299377441406,55.36244201660156,57.245086669921875,59.46427536010742,59.4810905456543,60.20797348022461,61.52235412597656,60.074954986572266
0,-34,-95,9,41,106.60675048828125,103.81233215332031,110.67971801757812,108.46658325195312,108.00463104248047,105.20931243896484,106.01886749267578,103.00485229492188,102.07839965820312,101.78899383544922,102.62553405761719,101.0197982788086,99.98500061035156,98.48857879638672,96.7470932006836,101.53324890136719,99.31767272949219,100.18482971191406,101.98039245605469,105.54619598388672,102.88343048095703,104.23531341552734,101.212646484375,104.70912170410156,101.87246704101562,100.70252990722656,97.90811920166016,93.81364440917969,91.60785675048828,93.23089599609375,85.2760238647461,84.50444030761719,80.80841827392578,76.48529052734375,71.50524139404297,70.29224395751953,69.52696990966797,62.62587356567383,59.81638717651367,55.803226470947266,57.42821502685547,53.851646423339844,55.56977462768555,55.56977462768555,56.080299377441406,56.93856430053711,57.982757568359375,59.36328887939453,61.400325775146484,61.717098236083984,61.55485534667969,62.36986541748047
0,-34,-95,10,35,100.12492370605469,102.04410552978516,100.0199966430664,102.01960754394531,100.04499053955078,101.12368774414062,97.1287841796875,95.18928527832031,94.13288116455078,96.33275604248047,95.52486419677734,93.64827728271484,94.04785919189453,92.22798156738281,94.20191192626953,93.5574722290039,93.94147491455078,90.60904693603516,96.31718444824219,96.10411071777344,95.90099334716797,96.69022369384766,93.21480560302734,95.52486419677734,94.20191192626953,95.03683471679688,92.26592254638672,89.08984375,87.09190368652344,82.05486297607422,82.00609588623047,79.02531433105469,77.0,70.0,68.0,65.0,60.008331298828125,59.0,58.00862121582031,55.081756591796875,51.15662384033203,54.147945404052734,52.611785888671875,52.46903991699219,53.600372314453125,54.451812744140625,53.75872039794922,57.21887969970703,56.080299377441406,58.0,57.14017868041992,57.42821502685547
0,-34,-95,10,35,98.04590606689453,97.0,99.0,100.0,99.02020263671875,98.0204086303711,96.00521087646484,94.00531768798828,93.00537872314453,92.02173614501953,92.02173614501953,94.13288116455078,93.13430786132812,91.3509750366211,91.19758605957031,93.4344711303711,92.9139404296875,89.67720031738281,94.76286315917969,94.8946762084961,94.64142608642578,96.42095184326172,93.34345245361328,95.63471984863281,95.13148498535156,92.0869140625,90.0,89.0,86.02325439453125,81.09870910644531,80.15609741210938,76.2364730834961,72.3394775390625,68.26419067382812,66.61080932617188,64.19501495361328,59.21148681640625,59.07622146606445,54.08327102661133,55.009090423583984,51.03919982910156,52.0,52.038448333740234,52.009613037109375,52.08646774291992,51.009803771972656,54.0,54.037025451660156,56.0,57.314918518066406,56.88584899902344,57.9741325378418
0,-34,-95,10,35,100.95543670654297,99.5690689086914,102.64988708496094,100.43903350830078,99.86490631103516,97.08243560791016,100.68763732910156,96.26006317138672,97.6524429321289,95.0,95.60334777832031,95.42536163330078,94.9210205078125,93.60555267333984,94.17536926269531,94.11163330078125,94.76286315917969,93.38094329833984,96.16651916503906,96.87621307373047,96.8968505859375,99.03534698486328,94.9210205078125,96.8968505859375,94.3663101196289,96.54014587402344,92.00543212890625,91.40021514892578,88.00568389892578,84.31488800048828,80.99382781982422,78.23043060302734,73.57308959960938,69.97142028808594,70.71067810058594,63.812225341796875,62.12889862060547,59.07622146606445,57.42821502685547,56.40035629272461,54.20331954956055,51.088157653808594,53.15073013305664,51.7397346496582,50.990196228027344,51.7397346496582,53.90732955932617,55.60575485229492,56.40035629272461,58.00862121582031,55.94640350341797,56.46237564086914
0,-34,-95,10,34,97.41663360595703,99.32270812988281,96.13011932373047,100.4987564086914,98.32598876953125,98.24967956542969,95.2575454711914,94.2602767944336,95.13148498535156,92.02173614501953,90.04998779296875,91.0,92.0,89.02246856689453,91.0054931640625,89.05054473876953,92.26592254638672,88.14192962646484,93.34345245361328,93.34345245361328,94.19129180908203,95.18928527832031,91.0494384765625,96.13011932373047,94.02127075195312,93.0,91.02197265625,85.05292510986328,85.14693450927734,82.2192153930664,80.39900207519531,76.32168579101562,71.34423828125,69.58448028564453,67.60177612304688,61.52235412597656,63.19810104370117,56.22277069091797,55.081756591796875,53.0,52.0,50.0,50.03998565673828,52.038448333740234,52.0,51.009803771972656,54.0,55.0,56.035701751708984,56.14267349243164,56.88584899902344,57.723480224609375
0,-34,-95,10,35,96.0,98.0,99.0,98.0,96.0,95.0,98.0204086303711,92.0,92.02173614501953,93.04837799072266,92.19544219970703,91.3509750366211,90.44888305664062,87.69264221191406,90.44888305664062,89.94442749023438,90.42676544189453,90.42676544189453,92.96235656738281,94.3663101196289,94.20191192626953,95.18928527832031,92.9139404296875,94.20191192626953,93.90420532226562,90.44888305664062,88.20430755615234,86.28441619873047,83.09632873535156,84.09518432617188,78.025634765625,76.0,72.0,68.0,67.0,64.0,61.0,57.07889175415039,53.037723541259766,50.08992004394531,51.244510650634766,50.80354309082031,53.600372314453125,54.7448616027832,50.80354309082031,52.95280838012695,55.44366455078125,54.230987548828125,56.080299377441406,56.00892639160156,57.07889175415039,54.451812744140625
0,-34,-95,10,35,101.95096588134766,99.92497253417969,102.956298828125,101.39033508300781,101.76934814453125,97.49871826171875,99.92497253417969,97.16995239257812,96.17691802978516,97.50897216796875,94.93682098388672,94.3716049194336,94.41397857666016,92.1791763305664,92.28217315673828,95.71833801269531,92.9139404296875,92.96235656738281,97.08243560791016,96.79875946044922,94.03190612792969,99.02020263671875,96.8968505859375,96.8968505859375,94.02127075195312,95.38343811035156,91.24143981933594,88.1192398071289,87.23531341552734,85.0,81.54139709472656,79.30951690673828,74.84651184082031,72.80110168457031,69.07966613769531,65.39112854003906,63.694583892822266,59.09314727783203,55.154327392578125,54.120235443115234,56.82429122924805,51.107730865478516,54.20331954956055,53.851646423339844,53.5350341796875,53.5350341796875,55.226806640625,58.30952072143555,56.35601043701172,59.61543273925781,57.87054443359375,59.66573715209961
0,-35,-95,10,35,99.00505065917969,99.5389404296875,102.31813049316406,100.84642028808594,101.23734283447266,95.85405731201172,98.61541748046875,99.92497253417969,95.85405731201172,94.33981323242188,93.04837799072266,94.33981323242188,96.84007263183594,93.92018127441406,93.30059051513672,96.5660400390625,94.3663101196289,95.56673431396484,95.34149169921875,97.01546478271484,96.5660400390625,99.20181274414062,96.3016128540039,97.01546478271484,95.50916290283203,97.08243560791016,93.98403930664062,90.62008666992188,87.46427917480469,86.00581359863281,80.52949523925781,76.92203521728516,74.6860122680664,72.44998168945312,67.97793579101562,64.88451385498047,61.32699203491211,57.775428771972656,57.775428771972656,53.48831558227539,55.02726745605469,52.81098556518555,53.16013717651367,52.88667297363281,52.88667297363281,54.5710563659668,56.32051086425781,56.30275344848633,58.30952072143555,59.93329620361328,58.30952072143555,57.42821502685547
0,-34,-95,10,35,97.52947998046875,99.32774353027344,100.28459167480469,103.3247299194336,98.76234436035156,99.72462463378906,99.6242904663086,96.4624252319336,94.86833190917969,95.18928527832031,94.86833190917969,93.30059051513672,94.33981323242188,91.18113708496094,92.4770278930664,94.02127075195312,92.57429504394531,93.03762817382812,94.3663101196289,93.02149963378906,97.50897216796875,97.50897216796875,96.66436767578125,95.34149169921875,94.33981323242188,94.33981323242188,90.47651672363281,88.23265075683594,86.02325439453125,82.861328125,82.2800064086914,79.12016296386719,72.80110168457031,70.3420181274414,69.6419448852539,65.25334930419922,62.817195892333984,57.28001403808594,55.6596794128418,54.424259185791016,53.48831558227539,52.0,54.625999450683594,52.39274597167969,53.22593307495117,54.625999450683594,53.712196350097656,57.584720611572266,56.30275344848633,60.87692642211914,58.85575485229492,58.4208869934082
0,-34,-95,10,36,105.01904296875,104.00480651855469,106.01886749267578,105.0,104.00480651855469,101.0,103.0436782836914,101.0,96.00521087646484,98.04590606689453,98.32598876953125,97.32933807373047,98.73196411132812,96.6281509399414,95.52486419677734,98.73196411132812,98.31072998046875,95.75489807128906,99.29753112792969,100.84146118164062,101.59724426269531,101.59724426269531,100.4987564086914,100.12991333007812,100.60317993164062,99.2471694946289,94.00531768798828,94.00531768798828,90.022216796875,88.00568389892578,84.05355072021484,80.22468566894531,75.32595825195312,72.44308471679688,71.70076751708984,65.12296295166016,64.07027435302734,59.00847244262695,60.0,55.009090423583984,57.07889175415039,56.080299377441406,53.23532485961914,55.226806640625,55.03635025024414,58.00862121582031,58.00862121582031,61.032779693603516,61.0,61.073726654052734,60.406951904296875,60.63827133178711
0,-34,-95,10,36,105.19029998779297,105.67875671386719,105.54619598388672,106.0660171508789,105.11898040771484,104.70912170410156,105.54619598388672,101.07422637939453,102.4743881225586,98.41239929199219,99.4032211303711,97.30878448486328,97.86214447021484,97.49871826171875,97.49871826171875,98.35140991210938,98.97979736328125,97.41663360595703,99.32774353027344,100.57833099365234,99.95999145507812,100.90093994140625,99.6242904663086,103.4069595336914,99.72462463378906,99.92497253417969,97.30878448486328,95.7078857421875,90.3382568359375,89.005615234375,85.47514343261719,81.88406372070312,78.39005279541016,75.1797866821289,69.46221923828125,68.09552001953125,64.8459701538086,60.835845947265625,59.93329620361328,58.18075180053711,57.775428771972656,57.384666442871094,56.64803695678711,56.61272048950195,55.973209381103516,56.920997619628906,59.46427536010742,61.84658432006836,60.926185607910156,62.64982223510742,62.433963775634766,62.20128631591797
0,-34,-95,10,36,100.76705932617188,98.41239929199219,102.64988708496094,102.068603515625,99.2471694946289,101.31633758544922,100.00499725341797,97.08243560791016,94.11163330078125,96.8968505859375,96.2081069946289,95.4620361328125,96.2081069946289,91.24143981933594,92.69843292236328,94.2602767944336,93.86160278320312,93.86160278320312,97.94896697998047,98.71676635742188,97.08243560791016,97.74456787109375,97.67292022705078,98.49365234375,96.17691802978516,95.4620361328125,91.24143981933594,88.41380310058594,87.20664978027344,85.70297241210938,81.05553436279297,79.64923095703125,75.43209075927734,71.21797180175781,66.61080932617188,66.84310150146484,64.03124237060547,60.0,58.13776779174805,53.75872039794922,55.17245864868164,53.740116119384766,53.075416564941406,53.075416564941406,53.81449508666992,55.17245864868164,55.154327392578125,58.0,57.628116607666016,59.203041076660156,59.36328887939453,57.245086669921875
0,-34,-95,11,32,102.25947570800781,105.11898040771484,101.86756134033203,105.54619598388672,102.18121337890625,101.60708618164062,101.20276641845703,95.12622833251953,97.29337310791016,93.86160278320312,98.27003479003906,95.8018798828125,95.33625030517578,96.16651916503906,94.9210205078125,93.92018127441406,96.4624252319336,94.2443618774414,100.6578369140625,97.14422607421875,99.02020263671875,99.6242904663086,95.88013458251953,98.67117309570312,98.49365234375,98.23441314697266,92.89241027832031,90.24411010742188,90.60904693603516,83.54639434814453,83.02409362792969,80.8949966430664,77.78174591064453,72.56031799316406,69.87130737304688,66.48307800292969,62.3939094543457,60.530982971191406,57.706153869628906,57.070133209228516,54.12947463989258,54.81787872314453,54.120235443115234,57.28001403808594,56.920997619628906,54.120235443115234,57.00876998901367,58.46366500854492,58.051700592041016,59.41380310058594,60.0333251953125,61.20457458496094
0,-35,-95,10,36,102.61091613769531,102.83968353271484,104.78549194335938,104.78549194335938,104.04806518554688,104.13932800292969,101.41498565673828,101.86756134033203,100.89598846435547,98.49365234375,98.76234436035156,98.67117309570312,97.49871826171875,97.40636444091797,97.71898651123047,97.73944854736328,97.86214447021484,97.73944854736328,99.5389404296875,98.23441314697266,101.2422866821289,102.18121337890625,99.6242904663086,100.30453491210938,100.5683822631836,99.6242904663086,98.23441314697266,93.17188262939453,92.96235656738281,88.6453628540039,83.18653869628906,80.0624771118164,79.90619659423828,75.66372680664062,72.56031799316406,67.60177612304688,62.64982223510742,60.20797348022461,60.20797348022461,58.46366500854492,56.75385284423828,57.567352294921875,55.6596794128418,55.36244201660156,56.61272048950195,57.28001403808594,58.24087905883789,59.66573715209961,61.188232421875,60.67124557495117,61.073726654052734,61.00819778442383
0,-34,-95,11,32,101.67103576660156,100.42410278320312,105.8914566040039,101.04454803466797,101.67103576660156,100.2646484375,100.2646484375,97.45255279541016,96.82975006103516,95.67131042480469,96.26006317138672,95.4620361328125,96.16651916503906,94.84724426269531,92.6552734375,94.79451751708984,94.9210205078125,94.84724426269531,96.42613983154297,99.15644073486328,98.2903823852539,97.59098052978516,96.8968505859375,100.5683822631836,96.87621307373047,95.52486419677734,91.3509750366211,92.8493423461914,86.68333435058594,87.20664978027344,82.80096435546875,79.4040298461914,79.05693817138672,70.80254364013672,68.818603515625,65.0,62.00806427001953,59.81638717651367,58.051700592041016,56.63920974731445,55.17245864868164,53.75872039794922,55.226806640625,54.451812744140625,54.451812744140625,55.865909576416016,56.56854248046875,57.384666442871094,59.54829788208008,59.66573715209961,58.52349853515625,59.03388977050781
0,-35,-95,10,36,101.98039245605469,99.90495300292969,104.9952392578125,99.90495300292969,102.72779846191406,97.74456787109375,97.08243560791016,97.08243560791016,97.18538665771484,98.08159637451172,95.13148498535156,95.60334777832031,93.81364440917969,92.9139404296875,91.26335144042969,96.25486755371094,92.43917083740234,94.87360382080078,95.52486419677734,96.3846435546875,97.6370849609375,100.70252990722656,99.29753112792969,95.69221496582031,96.83490753173828,95.42536163330078,93.08598327636719,91.54779815673828,87.32124328613281,85.14693450927734,80.05622863769531,79.20858764648438,74.24958038330078,70.00714111328125,70.00714111328125,67.94115447998047,63.65532302856445,60.14149856567383,58.728187561035156,54.81787872314453,55.217750549316406,51.61395263671875,56.61272048950195,54.08327102661133,53.0,55.217750549316406,55.803226470947266,57.80138397216797,58.898216247558594,59.41380310058594,60.14149856567383,58.8217658996582
0,-35,-95,11,32,101.51354217529297,103.4069595336914,100.5683822631836,105.9480972290039,99.29753112792969,104.9952392578125,101.83319854736328,98.35140991210938,96.13532257080078,95.07891082763672,97.49871826171875,98.48857879638672,95.75489807128906,95.2732925415039,96.60745239257812,95.7078857421875,97.94896697998047,93.471923828125,98.41239929199219,97.06183624267578,97.94386291503906,100.64790344238281,95.7078857421875,100.64790344238281,98.89894104003906,98.48857879638672,95.85926818847656,90.75791931152344,92.04889678955078,82.861328125,86.40023040771484,80.52328491210938,77.6208724975586,75.43209075927734,71.0633544921875,63.60031509399414,63.06346130371094,59.77457809448242,60.728904724121094,56.920997619628906,53.48831558227539,56.64803695678711,54.230987548828125,55.54277801513672,56.46237564086914,55.36244201660156,57.00876998901367,58.8217658996582,57.567352294921875,60.87692642211914,60.8276252746582,59.21148681640625
0,-35,-95,10,35,99.95999145507812,99.02020263671875,102.78618621826172,101.843017578125,102.18121337890625,96.2081069946289,97.08243560791016,94.86833190917969,94.5568618774414,94.9210205078125,93.68030548095703,92.89241027832031,95.12622833251953,93.17188262939453,92.76313781738281,94.3663101196289,94.04785919189453,94.20191192626953,93.90420532226562,96.7470932006836,96.33794403076172,99.14131164550781,97.67292022705078,95.88534545898438,95.90099334716797,93.39164733886719,91.67878723144531,90.47099304199219,86.40023040771484,86.40023040771484,80.36167907714844,77.49193572998047,75.28611755371094,69.57010650634766,68.94925689697266,66.40782928466797,61.032779693603516,59.203041076660156,56.75385284423828,55.31726837158203,55.10898208618164,53.93514633178711,54.33230972290039,53.33854293823242,53.46026611328125,53.46026611328125,55.44366455078125,56.08921432495117,59.43904495239258,59.4810905456543,57.245086669921875,59.4810905456543
0,-35,-95,10,36,101.43470764160156,102.42070007324219,105.9056167602539,105.54619598388672,101.43470764160156,101.60708618164062,100.28459167480469,98.65596771240234,97.86214447021484,97.51409912109375,95.8018798828125,95.33625030517578,95.88013458251953,96.4624252319336,94.5568618774414,95.5196304321289,96.5660400390625,95.85926818847656,100.08995819091797,98.4327163696289,99.29753112792969,99.02020263671875,99.02020263671875,98.68130493164062,98.97979736328125,97.41663360595703,94.3716049194336,91.67878723144531,90.70832061767578,86.68333435058594,82.37718200683594,80.23091888427734,76.11833190917969,73.82411193847656,72.00694274902344,66.4906005859375,64.32728576660156,59.228370666503906,58.46366500854492,55.785301208496094,54.81787872314453,54.4058837890625,55.36244201660156,56.30275344848633,53.48831558227539,58.18934631347656,59.77457809448242,58.18934631347656,58.694122314453125,63.150611877441406,60.406951904296875,61.00819778442383
0,-35,-95,10,36,101.2422866821289,106.169677734375,106.01886749267578,106.23088073730469,103.12128448486328,103.12128448486328,103.0436782836914,99.04544067382812,99.00505065917969,98.0204086303711,99.0,98.0051040649414,98.04590606689453,97.25225067138672,96.33275604248047,98.73196411132812,95.88534545898438,94.8946762084961,99.63935089111328,99.14131164550781,100.84146118164062,99.98500061035156,99.32270812988281,101.71037292480469,99.18164825439453,98.18350219726562,96.08329772949219,94.04785919189453,91.02197265625,88.00568389892578,83.0,81.0,79.02531433105469,73.06161499023438,71.11258697509766,66.06814575195312,64.1248779296875,62.032249450683594,59.00847244262695,58.03447341918945,55.145263671875,56.14267349243164,54.451812744140625,57.55866622924805,56.56854248046875,55.73149871826172,61.29437255859375,59.304298400878906,61.032779693603516,62.032249450683594,63.28506851196289,61.61168670654297
0,-35,-95,10,36,104.65657806396484,105.58882141113281,106.0660171508789,104.65657806396484,104.23531341552734,102.88343048095703,103.353759765625,100.23971557617188,99.84988403320312,97.24710845947266,96.8968505859375,96.5660400390625,97.90811920166016,96.83490753173828,94.40338897705078,99.20181274414062,99.02020263671875,95.60334777832031,97.6166000366211,101.04454803466797,101.40019989013672,102.2007827758789,97.80081939697266,101.60708618164062,100.68763732910156,99.5690689086914,95.41488647460938,92.78469848632812,90.91754150390625,87.8179931640625,83.6480712890625,82.76472473144531,79.15807342529297,75.58438873291016,72.06941223144531,66.18912506103516,65.7419204711914,60.90156173706055,60.0333251953125,57.45433044433594,57.14017868041992,56.859474182128906,57.20139694213867,55.803226470947266,59.203041076660156,57.80138397216797,58.8217658996582,61.29437255859375,61.057350158691406,62.60990524291992,61.741397857666016,60.728904724121094
0,-35,-95,10,36,107.93516540527344,105.75916290283203,107.20074462890625,106.96260833740234,102.83968353271484,104.56098937988281,104.8093490600586,101.13851928710938,101.13851928710938,101.92153930664062,102.2007827758789,100.88111877441406,101.51354217529297,97.73944854736328,96.79875946044922,100.46392059326172,99.00505065917969,100.31948852539062,103.07764434814453,103.07764434814453,102.88343048095703,102.88343048095703,101.843017578125,105.34230041503906,101.19288635253906,100.28459167480469,96.5660400390625,95.07891082763672,93.86160278320312,91.21951293945312,86.68333435058594,83.54639434814453,78.26238250732422,76.94153594970703,71.02112579345703,69.23149871826172,65.92420196533203,62.96824645996094,57.723480224609375,56.75385284423828,57.567352294921875,55.6596794128418,57.87054443359375,58.24087905883789,57.567352294921875,56.920997619628906,59.4810905456543,59.203041076660156,61.98386764526367,64.62971496582031,62.07253646850586,63.071388244628906
0,-35,-95,10,36,102.15674591064453,106.6208267211914,105.7024154663086,104.3886947631836,102.31813049316406,102.04410552978516,101.76934814453125,99.5389404296875,98.48857879638672,97.08243560791016,99.80982208251953,96.60227966308594,97.1287841796875,97.6166000366211,97.1287841796875,96.5660400390625,97.09788513183594,93.81364440917969,100.95543670654297,101.0197982788086,100.84642028808594,101.0197982788086,98.48857879638672,100.4987564086914,100.7223892211914,98.83824920654297,94.84724426269531,92.19544219970703,90.87353515625,86.53900909423828,85.61541748046875,81.93289947509766,77.2528305053711,73.38937377929688,71.7844009399414,66.73080444335938,67.41661834716797,62.7694206237793,58.872745513916016,58.694122314453125,55.94640350341797,55.4707145690918,55.4707145690918,55.07267761230469,56.35601043701172,55.94640350341797,57.697486877441406,60.373836517333984,59.61543273925781,60.406951904296875,60.16643524169922,61.66035842895508
0,-35,-95,10,36,102.15674591064453,105.7024154663086,104.0,105.7024154663086,103.46980285644531,103.07764434814453,101.23734283447266,98.79270935058594,100.08995819091797,98.35140991210938,97.40636444091797,97.1236343383789,96.5660400390625,96.3016128540039,97.98469543457031,98.71676635742188,97.29337310791016,96.8813705444336,98.65596771240234,100.0199966430664,101.41498565673828,102.18121337890625,98.06120300292969,102.9611587524414,97.98469543457031,97.52947998046875,94.9210205078125,91.0933609008789,91.08238220214844,88.60022735595703,83.21658325195312,82.2800064086914,78.54934692382812,73.73601531982422,71.30918884277344,65.78753662109375,66.128662109375,61.35144805908203,60.083274841308594,58.94064712524414,55.785301208496094,55.54277801513672,55.10898208618164,57.87054443359375,56.718605041503906,56.88584899902344,58.24946212768555,61.392181396484375,61.400325775146484,62.93647766113281,61.84658432006836,60.90156173706055
0,-35,-95,10,35,99.14131164550781,104.23531341552734,101.43470764160156,102.8250961303711,100.44898986816406,102.25947570800781,102.42070007324219,96.50906372070312,96.69022369384766,93.39164733886719,96.31718444824219,95.33625030517578,95.88013458251953,95.21029663085938,96.4624252319336,92.97311401367188,94.33981323242188,90.47651672363281,97.14422607421875,95.85926818847656,96.79875946044922,98.08159637451172,95.5196304321289,96.2081069946289,97.08243560791016,98.03060913085938,93.96276092529297,90.2496566772461,89.26925659179688,83.6779556274414,81.21575927734375,80.41144561767578,77.46611785888672,71.19690704345703,69.63475799560547,62.36986541748047,63.56099319458008,60.16643524169922,57.28001403808594,57.00876998901367,53.16013717651367,54.08327102661133,52.39274597167969,56.080299377441406,54.424259185791016,53.141319274902344,55.71355438232422,58.52349853515625,57.28001403808594,60.87692642211914,58.694122314453125,60.13318634033203
0,-34,-95,10,36,105.0428466796875,104.00480651855469,106.01886749267578,106.00471496582031,106.00471496582031,102.01960754394531,103.01941680908203,101.00495147705078,100.0,101.07917785644531,99.08077239990234,98.08159637451172,97.32933807373047,99.40824890136719,94.64142608642578,98.85848236083984,97.16481018066406,98.31072998046875,98.65596771240234,98.47842407226562,99.98500061035156,102.956298828125,100.60317993164062,99.72462463378906,100.24469757080078,98.32598876953125,96.25486755371094,95.04735565185547,88.0227279663086,88.0,80.0062484741211,83.02409362792969,77.10382843017578,73.10950469970703,72.17340087890625,68.06614685058594,63.03173828125,61.00819778442383,60.0,59.0,57.07889175415039,56.22277069091797,56.4358024597168,56.4358024597168,57.314918518066406,57.21887969970703,59.21148681640625,60.074954986572266,61.00819778442383,63.19810104370117,62.96824645996094,63.78871536254883
0,-34,-95,10,36,104.35037231445312,104.23531341552734,105.55093383789062,105.64563751220703,101.98039245605469,102.72779846191406,100.76705932617188,101.31633758544922,101.41498565673828,98.35140991210938,97.62171936035156,95.4620361328125,98.35140991210938,96.93812561035156,96.26006317138672,97.74456787109375,96.54014587402344,95.7757797241211,99.48869323730469,101.04454803466797,101.23734283447266,102.068603515625,97.67292022705078,99.2471694946289,99.72462463378906,101.11874389648438,96.2081069946289,94.79451751708984,92.8493423461914,86.45230102539062,83.24061584472656,81.68843078613281,78.4091796875,72.62230682373047,72.00694274902344,67.47592163085938,64.20280456542969,60.4400520324707,58.13776779174805,57.28001403808594,57.28001403808594,55.154327392578125,55.226806640625,55.90169906616211,56.58621597290039,57.28001403808594,58.694122314453125,58.728187561035156,59.54829788208008,60.4400520324707,61.29437255859375,61.29437255859375
0,-34,-95,10,36,103.78824615478516,106.10372161865234,103.7545166015625,105.19029998779297,103.31505584716797,104.65180206298828,103.78824615478516,98.88377380371094,101.07422637939453,97.1287841796875,96.7470932006836,98.79270935058594,97.09788513183594,98.47334289550781,97.34988403320312,95.44107818603516,98.40731811523438,95.60334777832031,99.80982208251953,99.02020263671875,100.0,102.41581726074219,98.0051040649414,100.0,99.6242904663086,100.12492370605469,96.79875946044922,93.29522705078125,90.21086120605469,85.58621215820312,85.47514343261719,80.13114166259766,79.64923095703125,73.79024505615234,70.23532104492188,65.3681869506836,63.631752014160156,61.91122817993164,60.74536895751953,58.52349853515625,57.42821502685547,55.803226470947266,56.40035629272461,57.00876998901367,57.48912811279297,55.0,58.41232681274414,61.032779693603516,60.20797348022461,61.057350158691406,61.269893646240234,62.3939094543457
0,-34,-95,10,35,100.9752426147461,101.96568298339844,102.48902130126953,100.9752426147461,100.9752426147461,97.01546478271484,97.41663360595703,95.75489807128906,96.18731689453125,94.33981323242188,92.6552734375,95.18928527832031,94.04785919189453,93.00537872314453,93.0,93.00537872314453,93.19334411621094,94.02127075195312,95.13148498535156,97.08243560791016,95.00526428222656,99.08077239990234,96.0,96.0,95.08417510986328,95.08417510986328,94.19129180908203,91.19758605957031,85.21150207519531,83.72574615478516,78.77182006835938,76.41989135742188,73.68174743652344,69.58448028564453,68.4689712524414,65.6201171875,61.66035842895508,57.55866622924805,57.55866622924805,55.226806640625,55.03635025024414,52.0,54.0,53.0,54.0,54.0,56.0,59.0,60.20797348022461,60.20797348022461,59.43904495239258,59.80802536010742
0,-35,-95,9,42,109.12836456298828,108.24047088623047,111.82575988769531,110.01818084716797,108.24047088623047,104.65657806396484,104.65657806396484,103.31505584716797,104.65180206298828,103.36827087402344,102.15674591064453,101.76934814453125,101.95096588134766,99.95999145507812,97.14422607421875,100.90093994140625,100.28459167480469,100.28459167480469,101.6513671875,103.74005889892578,103.73042297363281,105.3043212890625,103.73042297363281,103.74005889892578,102.88343048095703,101.843017578125,99.00505065917969,98.89894104003906,90.8019790649414,93.03762817382812,85.8836441040039,84.11896514892578,82.76472473144531,77.02597045898438,74.30342864990234,71.5541763305664,66.64083099365234,64.8459701538086,61.741397857666016,59.09314727783203,61.84658432006836,58.872745513916016,59.80802536010742,58.18934631347656,61.6846809387207,61.09828186035156,62.62587356567383,63.158531188964844,63.071388244628906,65.30696868896484,64.66065216064453,63.60031509399414
0,-34,-95,10,35,102.42070007324219,105.55093383789062,101.96568298339844,103.7545166015625,100.22474670410156,101.96568298339844,95.2575454711914,98.84330749511719,96.60745239257812,94.5409927368164,94.93682098388672,93.77632904052734,95.2732925415039,96.79875946044922,95.85926818847656,94.5568618774414,97.41663360595703,91.76055908203125,97.80081939697266,97.1236343383789,98.67117309570312,99.29753112792969,93.92018127441406,96.4624252319336,98.08159637451172,96.5660400390625,92.8493423461914,90.37699127197266,89.15716552734375,81.85963439941406,80.49844360351562,78.71467590332031,77.41446685791016,73.35530090332031,70.32780456542969,64.88451385498047,61.741397857666016,58.13776779174805,59.50630187988281,57.775428771972656,53.712196350097656,56.64803695678711,53.45091247558594,56.920997619628906,56.920997619628906,56.64803695678711,57.245086669921875,57.775428771972656,58.600341796875,59.9416389465332,61.587337493896484,60.0
0,-34,-95,10,35,100.0199966430664,98.12747192382812,103.17460632324219,101.17806243896484,99.12618255615234,99.08077239990234,100.31948852539062,94.42987060546875,92.26592254638672,94.5304183959961,94.64142608642578,94.04785919189453,92.9139404296875,92.39588928222656,92.57429504394531,93.74433135986328,91.67878723144531,92.19544219970703,94.11163330078125,97.26766967773438,96.54014587402344,95.56673431396484,93.94147491455078,95.90099334716797,94.3663101196289,93.38094329833984,89.80534362792969,89.5600357055664,86.28441619873047,83.15046691894531,80.15609741210938,78.23043060302734,76.10519409179688,70.06425476074219,67.02984619140625,63.12685775756836,62.07253646850586,58.13776779174805,57.314918518066406,55.44366455078125,54.7448616027832,52.611785888671875,51.97114562988281,54.34151077270508,54.12947463989258,55.10898208618164,56.08921432495117,57.706153869628906,60.29925537109375,60.074954986572266,58.00862121582031,59.41380310058594
0,-34,-95,10,35,100.16985321044922,101.2422866821289,102.90287017822266,102.08329772949219,102.39628601074219,99.32270812988281,99.86490631103516,94.86833190917969,94.30270385742188,94.86833190917969,96.02082824707031,92.61749267578125,93.7229995727539,91.54779815673828,92.95697784423828,93.50936126708984,94.9210205078125,93.50936126708984,98.31072998046875,96.17691802978516,99.08582305908203,97.67292022705078,95.01578521728516,97.74456787109375,95.90099334716797,93.40770721435547,91.83136749267578,90.44335174560547,86.53323364257812,83.23461151123047,80.99382781982422,78.23043060302734,74.94664764404297,71.86793518066406,68.79679870605469,63.812225341796875,63.812225341796875,59.07622146606445,58.00862121582031,55.803226470947266,55.803226470947266,54.81787872314453,54.037025451660156,52.49761962890625,54.5618896484375,54.037025451660156,55.31726837158203,57.20139694213867,58.8217658996582,59.16925048828125,61.717098236083984,58.694122314453125
0,-34,-95,10,35,97.94386291503906,100.62306213378906,99.29753112792969,102.41581726074219,96.15092468261719,98.84330749511719,97.94896697998047,96.60227966308594,95.2575454711914,92.66067504882812,92.28217315673828,91.58602142333984,91.80958557128906,88.7524642944336,90.69729614257812,91.52595520019531,94.62557983398438,90.21086120605469,94.81033325195312,92.6552734375,95.21029663085938,94.57801055908203,94.30270385742188,94.04785919189453,94.57801055908203,94.33981323242188,88.6848373413086,85.0,88.1192398071289,80.49844360351562,78.72102355957031,76.05918884277344,74.73285675048828,73.00685119628906,67.23094177246094,64.40496826171875,61.741397857666016,56.35601043701172,55.46169662475586,55.009090423583984,51.97114562988281,53.33854293823242,51.61395263671875,53.5350341796875,51.62363815307617,54.37830352783203,54.37830352783203,57.30619430541992,55.4707145690918,58.600341796875,58.872745513916016,58.46366500854492
0,-34,-95,10,35,99.72462463378906,101.2422866821289,102.78618621826172,102.48902130126953,99.32774353027344,100.0,100.0,95.88013458251953,95.50916290283203,93.30059051513672,95.5196304321289,92.4770278930664,93.62158203125,94.93682098388672,93.62158203125,91.7060546875,95.2575454711914,90.78546142578125,96.7470932006836,93.94147491455078,94.3716049194336,97.49359130859375,91.28527069091797,96.15092468261719,94.42987060546875,95.4620361328125,93.40770721435547,87.66413116455078,86.37708282470703,81.60882568359375,80.3243408203125,76.24303436279297,75.28611755371094,70.88018035888672,68.15423583984375,62.93647766113281,62.361846923828125,59.13543701171875,57.00876998901367,54.7813835144043,53.712196350097656,54.5618896484375,52.77309799194336,52.77309799194336,54.12947463989258,55.03635025024414,57.775428771972656,58.694122314453125,57.00876998901367,60.083274841308594,58.94064712524414,60.67124557495117
0,-34,-95,10,35,100.31948852539062,101.76934814453125,104.0,101.23734283447266,101.76934814453125,99.92497253417969,99.80982208251953,95.4620361328125,95.85405731201172,97.14422607421875,93.98403930664062,95.81753540039062,95.21029663085938,93.68030548095703,91.76055908203125,95.33625030517578,93.62158203125,95.8018798828125,96.31718444824219,96.04686737060547,95.33625030517578,97.80081939697266,96.16651916503906,95.60334777832031,96.16651916503906,95.81753540039062,90.82400512695312,89.69392395019531,85.08818817138672,84.17243957519531,80.52949523925781,78.72102355957031,75.59100341796875,72.89718627929688,69.77105712890625,65.29930877685547,62.64982223510742,59.03388977050781,58.30952072143555,54.230987548828125,55.154327392578125,54.708316802978516,54.708316802978516,52.88667297363281,55.6596794128418,55.02726745605469,55.02726745605469,59.236812591552734,58.694122314453125,58.66856002807617,59.6824951171875,58.8217658996582
0,-35,-95,11,31,94.79451751708984,96.42613983154297,96.42613983154297,94.76286315917969,92.31468200683594,90.68627166748047,92.76313781738281,88.61715698242188,89.02246856689453,90.60353088378906,88.86506652832031,88.72992706298828,86.53323364257812,84.87638092041016,82.09750366210938,87.3670425415039,86.28441619873047,84.90583038330078,88.7524642944336,92.66067504882812,86.8216552734375,90.42676544189453,86.83892822265625,89.30845642089844,86.83892822265625,89.20201873779297,83.24061584472656,83.54639434814453,79.39773559570312,78.8733139038086,74.2765121459961,73.53910827636719,71.44927978515625,67.17886352539062,64.35060119628906,58.728187561035156,62.96824645996094,55.226806640625,53.075416564941406,49.67897033691406,54.20331954956055,47.434165954589844,53.00943374633789,51.61395263671875,51.865211486816406,52.63079071044922,53.600372314453125,54.037025451660156,52.32590103149414,54.451812744140625,53.81449508666992,51.22499465942383
0,-34,-95,10,34,93.91485595703125,95.7131118774414,93.94147491455078,97.49359130859375,93.471923828125,93.471923828125,92.13577270507812,91.67878723144531,89.89994812011719,89.05054473876953,87.72685241699219,88.39117431640625,90.2496566772461,89.8888168334961,88.60022735595703,87.28115844726562,88.23265075683594,86.33075714111328,90.8019790649414,90.44335174560547,91.08238220214844,91.76055908203125,89.31964874267578,89.8109130859375,90.62008666992188,87.46427917480469,87.72685241699219,83.18653869628906,83.63013458251953,77.82030487060547,75.66372680664062,73.9256362915039,72.71863555908203,67.74215698242188,64.14047241210938,60.90156173706055,58.30952072143555,55.94640350341797,51.88448715209961,51.88448715209961,50.56678771972656,50.32891845703125,49.39635467529297,51.26402282714844,49.39635467529297,51.078372955322266,52.32590103149414,55.46169662475586,51.97114562988281,54.708316802978516,55.803226470947266,56.7274169921875
0,-34,-95,10,35,100.43903350830078,102.64988708496094,103.2279052734375,104.56098937988281,101.25709533691406,102.41581726074219,99.04544067382812,98.47334289550781,98.22932434082031,94.4933853149414,97.30878448486328,94.11163330078125,94.06912231445312,94.76286315917969,96.16651916503906,94.75231170654297,97.59098052978516,94.76286315917969,96.8968505859375,97.59098052978516,96.87621307373047,99.03534698486328,95.4620361328125,96.2081069946289,96.87621307373047,96.17691802978516,92.69843292236328,89.3756103515625,88.72992706298828,84.0238037109375,80.60397338867188,78.60025787353516,75.21302795410156,71.61005401611328,69.40460968017578,64.81512451171875,62.481998443603516,59.66573715209961,58.13776779174805,57.314918518066406,53.75872039794922,52.345008850097656,53.75872039794922,54.451812744140625,55.865909576416016,55.17245864868164,56.58621597290039,58.728187561035156,59.46427536010742,58.898216247558594,58.600341796875,59.53990173339844
0,-34,-95,9,41,100.7174301147461,109.03668975830078,102.59142303466797,109.77249145507812,100.7174301147461,104.8093490600586,101.59724426269531,100.4987564086914,99.40824890136719,95.33625030517578,100.17984008789062,98.04590606689453,98.04590606689453,97.02061462402344,99.0,93.00537872314453,99.04544067382812,93.02149963378906,106.11785888671875,98.0051040649414,102.00489807128906,101.0,96.00521087646484,102.0,99.08077239990234,100.12492370605469,95.2575454711914,90.3548583984375,94.5304183959961,83.72574615478516,85.98837280273438,81.21575927734375,76.11833190917969,73.34848022460938,70.21395874023438,63.95310592651367,63.95310592651367,61.66035842895508,59.53990173339844,59.41380310058594,55.145263671875,58.07753372192383,54.08327102661133,57.03507614135742,55.145263671875,56.080299377441406,57.14017868041992,60.406951904296875,57.55866622924805,62.169124603271484,60.083274841308594,62.3939094543457
0,-34,-95,10,35,96.3846435546875,98.23441314697266,101.0197982788086,99.92497253417969,99.5389404296875,94.5409927368164,95.34149169921875,94.5409927368164,95.07891082763672,97.14422607421875,91.7060546875,92.35800170898438,92.444580078125,92.444580078125,91.76055908203125,91.4439697265625,91.21951293945312,90.2496566772461,93.17188262939453,93.86160278320312,94.64142608642578,95.33625030517578,95.88013458251953,94.83142852783203,92.04889678955078,92.02716827392578,89.8888168334961,89.69392395019531,85.61541748046875,81.54139709472656,77.87811279296875,75.58438873291016,73.34848022460938,69.31810760498047,68.88395690917969,65.7419204711914,61.32699203491211,57.93962478637695,56.46237564086914,53.3104133605957,53.141319274902344,52.81098556518555,53.16013717651367,52.49761962890625,53.75872039794922,52.201534271240234,57.584720611572266,56.64803695678711,55.94640350341797,58.18075180053711,57.80138397216797,57.42821502685547
0,-34,-95,9,41,107.04204559326172,104.70912170410156,107.78218841552734,107.35455322265625,106.55046081542969,101.59724426269531,102.42070007324219,101.53324890136719,100.18482971191406,101.07422637939453,96.17691802978516,98.0866928100586,98.23441314697266,97.30878448486328,97.30878448486328,99.02020263671875,96.13532257080078,96.4624252319336,100.88111877441406,99.29753112792969,99.95999145507812,103.46497344970703,100.6578369140625,100.24469757080078,100.84642028808594,97.69339752197266,97.08243560791016,95.2575454711914,89.89437866210938,89.47066497802734,85.08818817138672,81.4923324584961,76.66159057617188,75.1664810180664,73.7834701538086,70.49113464355469,64.0078125,62.64982223510742,61.269893646240234,56.79788589477539,56.36488342285156,57.27128601074219,57.00876998901367,56.080299377441406,55.54277801513672,58.30952072143555,57.93962478637695,59.50630187988281,62.64982223510742,59.6824951171875,61.22091293334961,62.28964614868164
0,-34,-95,9,40,104.10091400146484,101.54801940917969,104.56098937988281,104.8475112915039,104.8475112915039,101.54801940917969,99.85990142822266,98.79270935058594,99.02020263671875,97.6524429321289,97.41663360595703,96.40020751953125,98.08159637451172,96.67471313476562,95.13148498535156,97.08243560791016,95.58765411376953,97.0,99.00505065917969,99.15644073486328,101.41498565673828,100.6578369140625,100.00499725341797,98.49365234375,98.71676635742188,96.40020751953125,93.60021209716797,92.41753387451172,89.30845642089844,87.92041778564453,82.37718200683594,80.99382781982422,76.32168579101562,74.4311752319336,69.1158447265625,70.72481536865234,65.19202423095703,61.85466766357422,58.8217658996582,56.61272048950195,57.00876998901367,54.671749114990234,56.7274169921875,55.31726837158203,55.973209381103516,55.31726837158203,57.628116607666016,57.80138397216797,61.61168670654297,61.587337493896484,58.66856002807617,59.09314727783203
0,-34,-95,9,41,104.3886947631836,104.30723571777344,109.1650161743164,108.29589080810547,108.22661590576172,102.17631530761719,106.07544708251953,100.04499053955078,99.02020263671875,101.04454803466797,101.04454803466797,98.0204086303711,98.0051040649414,99.02020263671875,96.18731689453125,98.32598876953125,97.62171936035156,98.32598876953125,100.84146118164062,102.8250961303711,101.49384307861328,102.48902130126953,100.24469757080078,100.17984008789062,100.04499053955078,97.00515747070312,94.08506774902344,94.0,90.022216796875,89.02246856689453,84.148681640625,80.09993743896484,78.10249328613281,75.1664810180664,72.17340087890625,68.06614685058594,67.26811981201172,63.071388244628906,59.13543701171875,57.00876998901367,56.035701751708984,57.14017868041992,57.21887969970703,57.21887969970703,56.22277069091797,57.07889175415039,59.03388977050781,58.03447341918945,62.00806427001953,62.20128631591797,60.8276252746582,60.87692642211914
0,-34,-95,9,41,107.07473754882812,103.0436782836914,111.0,104.07689666748047,109.00458526611328,101.07917785644531,106.00471496582031,103.00485229492188,101.0,100.0199966430664,103.0436782836914,99.18164825439453,102.23991394042969,99.40824890136719,96.51942443847656,101.96568298339844,98.31072998046875,100.9752426147461,98.47842407226562,103.24727630615234,101.96568298339844,101.83319854736328,101.49384307861328,101.83319854736328,101.31633758544922,99.2471694946289,94.08506774902344,96.02082824707031,89.02246856689453,90.00555419921875,82.00609588623047,83.02409362792969,80.05622863769531,75.1664810180664,72.11102294921875,72.06246948242188,65.12296295166016,63.03173828125,60.008331298828125,57.03507614135742,57.07889175415039,56.22277069091797,57.42821502685547,56.32051086425781,56.32051086425781,57.14017868041992,58.13776779174805,59.07622146606445,61.032779693603516,61.032779693603516,59.53990173339844,61.392181396484375
0,-34,-95,10,34,97.73944854736328,99.29753112792969,100.24469757080078,97.73944854736328,97.40636444091797,97.40636444091797,98.03060913085938,94.9210205078125,94.5568618774414,94.25497436523438,94.25497436523438,92.72000885009766,92.19544219970703,91.4439697265625,92.19544219970703,92.57429504394531,91.24143981933594,90.42676544189453,94.04785919189453,93.38094329833984,93.38094329833984,94.3663101196289,91.0054931640625,91.98369598388672,93.17188262939453,91.67878723144531,89.73851013183594,87.64131164550781,85.070556640625,80.65357971191406,79.71198272705078,76.89603424072266,73.05477142333984,67.41661834716797,65.78753662109375,64.25729370117188,61.6846809387207,56.61272048950195,55.973209381103516,55.36244201660156,53.16013717651367,53.851646423339844,53.15073013305664,53.36665725708008,53.15073013305664,50.990196228027344,53.93514633178711,55.54277801513672,58.52349853515625,57.584720611572266,55.90169906616211,57.982757568359375
0,-34,-95,11,30,90.52071380615234,97.58073425292969,93.34880828857422,96.17691802978516,94.04785919189453,96.17691802978516,91.9673843383789,94.04785919189453,90.52071380615234,88.61715698242188,86.68333435058594,90.27181243896484,87.45856475830078,89.02246856689453,87.00574493408203,86.83892822265625,88.48163604736328,85.44589233398438,92.6498794555664,91.80958557128906,90.97252655029297,92.35800170898438,87.09190368652344,92.11405944824219,93.23089599609375,90.60353088378906,85.6037368774414,84.0238037109375,84.64632415771484,78.10249328613281,76.48529052734375,75.92759704589844,72.24956512451172,67.35725402832031,63.70243453979492,57.80138397216797,57.384666442871094,55.60575485229492,53.600372314453125,53.600372314453125,48.82622146606445,53.823787689208984,48.87739944458008,49.39635467529297,49.24428939819336,50.6063232421875,52.15361785888672,57.42821502685547,53.25410842895508,54.4058837890625,53.90732955932617,55.973209381103516
0,-34,-95,9,40,102.57679748535156,103.24727630615234,104.30723571777344,105.47511291503906,101.54801940917969,102.92716217041016,101.0197982788086,99.32270812988281,98.73702239990234,95.13148498535156,98.73702239990234,96.26006317138672,96.60745239257812,96.40020751953125,97.00515747070312,95.13148498535156,97.74456787109375,92.8493423461914,99.08582305908203,97.74456787109375,97.94896697998047,97.83660125732422,94.4933853149414,98.08159637451172,96.21330261230469,97.41663360595703,94.62557983398438,89.87213134765625,90.42676544189453,83.76156616210938,82.68010711669922,80.26206970214844,77.5241928100586,73.57308959960938,70.8307876586914,65.51335906982422,63.28506851196289,61.587337493896484,59.90826416015625,58.00862121582031,54.20331954956055,55.60575485229492,54.037025451660156,54.037025451660156,57.48912811279297,56.85068130493164,55.31726837158203,56.61272048950195,57.14017868041992,60.90156173706055,59.4810905456543,59.46427536010742
0,-34,-95,10,33,90.47099304199219,95.8018798828125,93.86160278320312,97.51409912109375,90.47099304199219,94.83142852783203,89.73851013183594,90.2496566772461,88.32327270507812,85.38150024414062,88.23265075683594,86.64871978759766,88.0227279663086,88.0227279663086,88.0227279663086,83.00602722167969,88.14192962646484,83.77350616455078,89.47066497802734,88.14192962646484,89.15716552734375,89.15716552734375,84.30895233154297,87.8464584350586,88.0227279663086,88.25531005859375,86.02325439453125,80.08120727539062,82.56512451171875,75.96051788330078,76.65507507324219,73.75635528564453,69.63475799560547,65.51335906982422,62.36986541748047,57.723480224609375,56.08921432495117,54.81787872314453,51.92301940917969,51.865211486816406,46.48655700683594,50.9215087890625,47.16990661621094,47.92702865600586,49.39635467529297,48.84669876098633,51.62363815307617,49.648765563964844,51.865211486816406,54.120235443115234,51.97114562988281,52.08646774291992
0,-34,-95,9,40,103.87010955810547,105.30906677246094,102.88343048095703,105.30906677246094,103.46980285644531,102.956298828125,101.63660430908203,100.22474670410156,98.84330749511719,97.06183624267578,97.50897216796875,95.7131118774414,98.48857879638672,97.24710845947266,95.52486419677734,95.01578521728516,98.79270935058594,96.04165649414062,98.73702239990234,98.73702239990234,98.47842407226562,100.16985321044922,95.01578521728516,99.12618255615234,98.48857879638672,99.36296844482422,93.471923828125,91.28527069091797,88.63971710205078,83.77350616455078,84.15461730957031,79.30951690673828,78.54934692382812,74.09453582763672,71.16881561279297,67.41661834716797,64.25729370117188,60.926185607910156,58.694122314453125,58.18075180053711,55.46169662475586,55.03635025024414,54.120235443115234,54.58937454223633,52.839378356933594,55.07267761230469,55.4707145690918,57.706153869628906,58.18075180053711,59.77457809448242,59.203041076660156,59.03388977050781
0,-34,-95,10,33,88.32327270507812,89.9888916015625,90.9560317993164,90.52071380615234,90.9560317993164,87.80091094970703,89.73851013183594,84.89994049072266,84.89994049072266,84.40379333496094,83.6779556274414,83.9523696899414,84.72307586669922,82.37718200683594,81.39410400390625,84.85281372070312,82.60750579833984,83.02409362792969,83.48652648925781,84.71717834472656,86.97700500488281,85.84288024902344,84.17243957519531,85.0,85.37564086914062,82.22530364990234,79.8122787475586,79.8122787475586,77.20103454589844,73.37574768066406,70.22820281982422,69.89277648925781,66.73080444335938,62.96824645996094,60.16643524169922,59.236812591552734,55.154327392578125,52.92447280883789,51.26402282714844,47.434165954589844,47.801673889160156,47.12748718261719,47.53945541381836,45.35416030883789,46.3249397277832,48.27007293701172,46.3249397277832,47.53945541381836,48.703182220458984,50.15974426269531,50.11985778808594,51.312767028808594
0,-34,-95,9,39,101.2422866821289,103.12128448486328,101.843017578125,106.28263854980469,102.78618621826172,103.46497344970703,101.843017578125,98.35140991210938,98.68130493164062,96.13532257080078,96.4624252319336,97.1236343383789,94.3716049194336,95.8018798828125,96.04686737060547,93.17188262939453,96.8813705444336,92.19544219970703,97.67292022705078,96.8813705444336,98.27003479003906,99.46356201171875,94.83142852783203,96.31718444824219,97.26766967773438,96.16651916503906,94.25497436523438,89.1964111328125,89.53770446777344,83.57032775878906,82.85529327392578,79.30951690673828,75.23961639404297,71.58910369873047,69.7782211303711,66.70832061767578,61.84658432006836,59.236812591552734,57.93962478637695,56.30275344848633,54.424259185791016,55.36244201660156,53.851646423339844,54.120235443115234,54.81787872314453,53.16013717651367,54.4058837890625,55.02726745605469,54.08327102661133,58.600341796875,58.18075180053711,58.00862121582031
0,-34,-95,10,32,90.68627166748047,91.54779815673828,89.1964111328125,92.76313781738281,89.1964111328125,89.27485656738281,87.20664978027344,87.1148681640625,86.45230102539062,82.73451232910156,84.148681640625,84.148681640625,85.70297241210938,84.95881652832031,85.70297241210938,84.38601684570312,85.79627227783203,81.56592559814453,86.55634307861328,86.45230102539062,86.45230102539062,84.89994049072266,82.75868225097656,85.79627227783203,84.17243957519531,83.4505844116211,81.39410400390625,76.69419860839844,78.10249328613281,72.34638977050781,73.60027313232422,70.80254364013672,69.63475799560547,62.20128631591797,59.64059066772461,55.803226470947266,56.22277069091797,52.009613037109375,52.009613037109375,50.447994232177734,46.86149978637695,46.75468063354492,48.10405349731445,47.423622131347656,47.423622131347656,47.50789260864258,46.75468063354492,48.91830062866211,49.81967544555664,50.80354309082031,51.97114562988281,50.56678771972656
0,-34,-95,9,39,99.29753112792969,101.2422866821289,102.48902130126953,100.88111877441406,99.6242904663086,95.81753540039062,97.41663360595703,94.86833190917969,94.25497436523438,95.88013458251953,94.25497436523438,95.07891082763672,93.62158203125,91.67878723144531,92.19544219970703,93.5574722290039,93.38094329833984,91.59148406982422,93.21480560302734,95.35198211669922,94.3663101196289,94.9210205078125,94.83142852783203,95.34149169921875,94.9210205078125,93.68030548095703,89.8109130859375,86.97700500488281,86.72946166992188,81.1541748046875,78.92401123046875,76.69419860839844,73.82411193847656,69.35416412353516,68.02940368652344,64.88451385498047,61.717098236083984,56.36488342285156,55.94640350341797,55.154327392578125,51.62363815307617,51.26402282714844,51.54609680175781,50.9215087890625,51.244510650634766,49.97999572753906,52.201534271240234,54.424259185791016,54.625999450683594,56.82429122924805,53.5350341796875,54.20331954956055
0,-34,-95,10,32,87.66413116455078,90.82400512695312,88.95504760742188,90.82400512695312,88.95504760742188,87.31552124023438,86.72946166992188,84.50444030761719,85.09406280517578,83.38465118408203,84.69356536865234,82.85529327392578,82.73451232910156,83.63013458251953,82.29216003417969,81.84130859375,83.24061584472656,82.76472473144531,84.2199478149414,83.24061584472656,84.9705810546875,85.8836441040039,83.19255065917969,84.07734680175781,84.5280990600586,82.3468246459961,81.70679473876953,79.12016296386719,76.89603424072266,74.94664764404297,70.21395874023438,68.680419921875,66.21932983398438,62.361846923828125,59.203041076660156,56.75385284423828,55.36244201660156,52.201534271240234,50.28916549682617,48.383880615234375,48.703182220458984,46.2385139465332,44.94440841674805,45.694637298583984,44.777225494384766,45.54119110107422,47.16990661621094,47.75981521606445,48.764739990234375,50.695167541503906,49.81967544555664,49.162994384765625
0,-34,-95,9,39,101.04454803466797,107.04204559326172,102.17631530761719,107.1680908203125,99.08077239990234,102.07839965820312,100.04499053955078,99.12618255615234,98.24967956542969,94.64142608642578,96.6281509399414,96.87621307373047,96.33794403076172,95.52486419677734,97.86214447021484,92.96235656738281,95.8018798828125,92.19544219970703,99.20181274414062,96.04686737060547,99.46356201171875,99.46356201171875,95.7078857421875,97.51409912109375,97.86214447021484,98.31072998046875,95.03683471679688,88.81441497802734,89.67720031738281,82.38932037353516,82.15229797363281,79.22752380371094,76.16429901123047,71.17584228515625,70.028564453125,64.1248779296875,62.07253646850586,61.073726654052734,57.14017868041992,56.4358024597168,53.33854293823242,53.75872039794922,52.17279052734375,55.54277801513672,52.39274597167969,53.15073013305664,53.15073013305664,56.29387283325195,55.578773498535156,56.32051086425781,58.00862121582031,58.00862121582031
0,-34,-95,10,32,85.8021011352539,89.49860382080078,87.20664978027344,88.86506652832031,88.23831176757812,83.86894226074219,83.86894226074219,84.64632415771484,85.6329345703125,82.2192153930664,79.5110092163086,82.03657531738281,82.02438354492188,81.3449478149414,81.32035064697266,82.02438354492188,84.2911605834961,78.49203491210938,79.39773559570312,81.3449478149414,82.8070068359375,85.5628433227539,83.48652648925781,82.73451232910156,86.45230102539062,82.8070068359375,81.56592559814453,75.60423278808594,76.216796875,72.62230682373047,69.63475799560547,67.67569732666016,66.0302963256836,60.539241790771484,59.6824951171875,55.75840759277344,55.07267761230469,49.73931884765625,49.648765563964844,47.20169448852539,44.40720748901367,48.010414123535156,43.416587829589844,44.68780517578125,45.25483322143555,45.343135833740234,45.607017517089844,48.41487503051758,48.010414123535156,50.2493782043457,50.08992004394531,50.59644317626953
0,-34,-95,10,32,84.11896514892578,86.02325439453125,86.64871978759766,85.070556640625,84.77027893066406,85.70297241210938,84.75848388671875,81.60882568359375,82.00609588623047,82.46211242675781,81.25269317626953,80.04998779296875,79.62411499023438,79.62411499023438,80.23091888427734,82.37718200683594,80.8949966430664,77.5241928100586,83.48652648925781,81.74349975585938,81.74349975585938,84.71717834472656,82.87339782714844,81.61495208740234,83.54639434814453,81.78630828857422,79.07591247558594,75.50496673583984,75.92759704589844,71.80529022216797,71.16881561279297,67.05221557617188,66.0984115600586,63.60031509399414,60.083274841308594,54.4058837890625,54.4058837890625,47.85394287109375,46.69047164916992,44.384681701660156,45.7055778503418,42.57933807373047,45.54119110107422,43.5660400390625,45.17742919921875,45.7055778503418,42.42640686035156,46.52956008911133,50.447994232177734,47.53945541381836,46.48655700683594,45.31004333496094
0,-34,-95,9,38,98.0051040649414,100.34440612792969,98.0051040649414,100.34440612792969,95.77056121826172,98.0051040649414,96.25486755371094,94.41397857666016,94.82615661621094,90.78546142578125,93.03762817382812,92.70382690429688,91.54779815673828,91.92388153076172,92.8493423461914,90.82400512695312,92.69843292236328,89.53770446777344,95.18928527832031,91.54779815673828,92.8493423461914,93.77632904052734,92.4770278930664,92.11405944824219,91.38927459716797,93.62158203125,91.24143981933594,87.6584243774414,86.35391998291016,80.62257385253906,79.75587463378906,76.85050201416016,74.3303451538086,69.3397445678711,67.67569732666016,60.74536895751953,60.20797348022461,58.30952072143555,54.708316802978516,55.94640350341797,51.0,52.32590103149414,49.76947021484375,50.08992004394531,49.658836364746094,50.56678771972656,51.429561614990234,52.839378356933594,52.839378356933594,53.0,53.823787689208984,54.5618896484375
0,-34,-95,10,31,85.0,87.66413116455078,85.49269104003906,85.86617279052734,85.86617279052734,84.09518432617188,84.07734680175781,83.67198181152344,82.85529327392578,81.1541748046875,82.2800064086914,81.59656524658203,81.32035064697266,80.0062484741211,80.3243408203125,78.84795379638672,79.55501556396484,79.4040298461914,81.25269317626953,80.77747344970703,80.08120727539062,84.11896514892578,80.36167907714844,81.32035064697266,80.95677947998047,82.87339782714844,78.92401123046875,78.0,76.05918884277344,69.85699462890625,68.44705963134766,68.0,63.95310592651367,61.717098236083984,58.18075180053711,56.36488342285156,53.23532485961914,49.648765563964844,48.30113983154297,46.097721099853516,42.48529052734375,43.382022857666016,43.65776062011719,45.221675872802734,45.694637298583984,41.43669891357422,43.680660247802734,45.617977142333984,44.283180236816406,45.650848388671875,46.52956008911133,48.41487503051758
0,-34,-95,10,31,85.70297241210938,81.83519744873047,85.8021011352539,84.81155395507812,85.14693450927734,84.0238037109375,86.60831451416016,81.4002456665039,81.02468872070312,79.4040298461914,78.23681640625,80.0,79.05693817138672,77.17512512207031,78.23681640625,79.75587463378906,80.13114166259766,78.03204345703125,80.52949523925781,81.00617218017578,79.64923095703125,81.4923324584961,76.85050201416016,79.07591247558594,76.00657653808594,78.23681640625,78.23681640625,73.40980529785156,69.81404113769531,71.0633544921875,67.35725402832031,65.4369888305664,60.95900344848633,59.54829788208008,56.56854248046875,55.17245864868164,51.088157653808594,46.86149978637695,46.86149978637695,46.097721099853516,45.0,40.607879638671875,42.01190185546875,40.0,42.19004440307617,40.224369049072266,44.40720748901367,46.3249397277832,45.607017517089844,45.96738052368164,43.863426208496094,45.0
0,-34,-95,10,31,84.59905242919922,82.2982406616211,84.72307586669922,85.75546264648438,88.32327270507812,82.85529327392578,83.00602722167969,79.61155700683594,79.92496490478516,79.4040298461914,81.83519744873047,79.05693817138672,76.85050201416016,77.10382843017578,76.6093978881836,80.60397338867188,77.33692169189453,79.02531433105469,80.43009185791016,81.56592559814453,80.0,79.2022705078125,80.70935821533203,81.54139709472656,77.10382843017578,80.26206970214844,77.5241928100586,75.29276275634766,71.19690704345703,71.58910369873047,66.24198150634766,67.08203887939453,62.2414665222168,59.09314727783203,59.50630187988281,54.5618896484375,52.32590103149414,48.84669876098633,47.85394287109375,44.29446792602539,44.777225494384766,42.48529052734375,42.94182205200195,42.94182205200195,43.90899658203125,42.72002029418945,40.31128692626953,44.94440841674805,45.17742919921875,46.2385139465332,47.434165954589844,45.607017517089844
0,-34,-95,9,38,95.75489807128906,98.41239929199219,98.38699340820312,97.57561492919922,97.08243560791016,93.94147491455078,95.7078857421875,94.81033325195312,91.7060546875,92.1791763305664,92.59049987792969,92.28217315673828,91.92388153076172,91.58602142333984,88.5098876953125,90.97252655029297,90.13877868652344,90.97252655029297,91.02197265625,92.9139404296875,92.35800170898438,91.52595520019531,92.96235656738281,91.80958557128906,91.58602142333984,91.92388153076172,86.35391998291016,87.6584243774414,83.19255065917969,81.43709564208984,76.55716705322266,75.64390563964844,72.23572540283203,68.70953369140625,64.62197875976562,64.07807922363281,61.46543884277344,55.54277801513672,54.625999450683594,54.12947463989258,50.990196228027344,50.537113189697266,50.2493782043457,47.50789260864258,48.30113983154297,49.648765563964844,51.107730865478516,51.88448715209961,51.429561614990234,52.0,51.54609680175781,51.6623649597168
0,-33,-95,9,38,94.57801055908203,97.09788513183594,97.75479888916016,98.47842407226562,96.04165649414062,95.18928527832031,97.24710845947266,91.92388153076172,92.78469848632812,92.28217315673828,92.66067504882812,90.82400512695312,92.57429504394531,92.13577270507812,89.05054473876953,90.07774353027344,89.69392395019531,88.39117431640625,90.62008666992188,92.4770278930664,92.30926513671875,92.70382690429688,90.87353515625,94.15412902832031,91.28527069091797,91.67878723144531,86.76981353759766,85.08818817138672,83.72574615478516,79.4040298461914,77.69813537597656,75.47184753417969,72.11102294921875,67.42403411865234,65.45991516113281,61.29437255859375,59.90826416015625,56.859474182128906,53.0,52.839378356933594,51.107730865478516,50.08992004394531,49.19349670410156,48.30113983154297,48.754486083984375,48.332183837890625,48.30113983154297,50.08992004394531,49.24428939819336,51.62363815307617,50.80354309082031,51.7397346496582
0,-34,-95,9,38,92.28217315673828,94.02127075195312,93.94147491455078,93.05912017822266,90.3548583984375,90.82400512695312,90.82400512695312,89.44271850585938,89.0,88.56636047363281,87.23531341552734,87.32124328613281,86.53900909423828,86.53900909423828,84.8646011352539,86.72946166992188,87.59566497802734,87.28115844726562,86.68333435058594,86.97700500488281,87.59566497802734,91.08238220214844,88.60022735595703,87.92041778564453,89.31964874267578,89.15716552734375,85.08818817138672,81.85963439941406,79.60527801513672,77.36924743652344,72.4706802368164,72.4706802368164,68.47627258300781,64.14047241210938,62.433963775634766,60.0333251953125,57.45433044433594,53.33854293823242,53.712196350097656,51.429561614990234,49.19349670410156,47.01063537597656,44.777225494384766,46.2385139465332,45.694637298583984,44.384681701660156,47.16990661621094,48.332183837890625,48.754486083984375,48.87739944458008,49.648765563964844,49.67897033691406
0,-34,-95,10,31,84.0238037109375,83.21658325195312,87.00574493408203,86.20904541015625,87.05171203613281,83.02409362792969,83.02409362792969,83.05419921875,80.0062484741211,83.00602722167969,81.00617218017578,77.02597045898438,80.05622863769531,81.02468872070312,79.22752380371094,78.23043060302734,79.6303939819336,77.23341369628906,79.22752380371094,82.49242401123047,80.3056640625,83.21658325195312,83.21658325195312,80.22468566894531,79.05693817138672,81.02468872070312,77.02597045898438,78.05767059326172,74.1687240600586,71.11258697509766,67.36467742919922,67.36467742919922,63.78871536254883,58.694122314453125,57.070133209228516,52.77309799194336,53.36665725708008,49.648765563964844,47.51841735839844,44.283180236816406,45.27692413330078,45.09988784790039,43.046485900878906,44.10215377807617,41.04875183105469,40.112342834472656,44.04542922973633,45.09988784790039,45.17742919921875,45.17742919921875,45.35416030883789,43.011627197265625
0,-33,-95,9,38,97.51409912109375,97.41663360595703,96.87621307373047,99.50376892089844,95.63471984863281,95.75489807128906,95.63471984863281,92.54188537597656,93.77099609375,94.04785919189453,91.4111557006836,91.7823486328125,91.7823486328125,91.4439697265625,90.70832061767578,89.28605651855469,91.48223876953125,89.02246856689453,90.8019790649414,91.21403503417969,93.86160278320312,94.11163330078125,90.70832061767578,91.76055908203125,91.67878723144531,91.0054931640625,88.45903015136719,85.84288024902344,84.85281372070312,81.88406372070312,78.4091796875,76.32168579101562,72.17340087890625,69.18092346191406,67.02984619140625,63.071388244628906,61.073726654052734,57.21887969970703,54.230987548828125,53.23532485961914,51.35172653198242,50.635955810546875,50.635955810546875,47.85394287109375,48.05205535888672,46.87216567993164,50.0099983215332,50.80354309082031,49.36598205566406,50.15974426269531,51.088157653808594,51.03919982910156
0,-34,-95,10,31,85.0,85.42832946777344,86.60831451416016,86.26702880859375,86.02325439453125,84.87638092041016,85.70297241210938,80.70935821533203,83.81526947021484,81.83519744873047,79.61155700683594,80.77747344970703,79.25907135009766,79.64923095703125,81.00617218017578,77.89736938476562,79.17701721191406,78.29431915283203,81.84130859375,81.84130859375,80.52949523925781,81.41252899169922,80.13114166259766,80.52949523925781,81.98780059814453,81.6333236694336,77.69813537597656,75.80237579345703,76.6093978881836,70.60453033447266,68.7677230834961,68.01470184326172,65.11528015136719,64.44377136230469,58.0,57.48912811279297,54.037025451660156,49.67897033691406,49.51767349243164,45.45327377319336,44.04542922973633,42.52058410644531,42.20189666748047,41.231056213378906,44.40720748901367,42.63801193237305,43.416587829589844,42.8018684387207,44.40720748901367,46.69047164916992,45.45327377319336,43.416587829589844
0,-34,-95,10,30,84.8646011352539,83.00602722167969,87.92041778564453,82.87339782714844,83.57032775878906,83.57032775878906,82.54090118408203,80.0062484741211,80.05622863769531,81.27114868164062,78.16009521484375,79.55501556396484,79.42921447753906,78.85429382324219,77.36924743652344,80.41144561767578,76.68767547607422,78.08969116210938,80.7527084350586,79.6303939819336,80.0624771118164,81.78630828857422,78.26238250732422,79.76214599609375,79.62411499023438,76.40026092529297,76.15773010253906,77.20103454589844,71.47027587890625,70.88018035888672,66.40782928466797,64.51356506347656,63.324562072753906,58.872745513916016,58.694122314453125,54.230987548828125,49.97999572753906,49.648765563964844,46.173583984375,43.96589660644531,45.35416030883789,42.20189666748047,43.416587829589844,42.44997024536133,41.773197174072266,42.20189666748047,40.79215621948242,43.931766510009766,43.680660247802734,43.17406463623047,43.08131790161133,44.29446792602539
0,-34,-95,10,31,88.23831176757812,85.6037368774414,87.96590423583984,87.32124328613281,83.09632873535156,81.83519744873047,83.86894226074219,82.87943267822266,81.56592559814453,79.93122100830078,82.134033203125,80.65978240966797,79.24645233154297,78.56844329833984,80.62257385253906,80.91971588134766,79.8122787475586,78.10249328613281,80.60397338867188,79.2022705078125,78.64476776123047,85.14693450927734,77.98717498779297,79.5110092163086,82.134033203125,79.93122100830078,79.90619659423828,77.10382843017578,74.24958038330078,72.12489318847656,70.29224395751953,68.11754608154297,65.29930877685547,59.66573715209961,58.41232681274414,54.81787872314453,52.63079071044922,48.91830062866211,49.67897033691406,46.69047164916992,46.010868072509766,42.44997024536133,39.623226165771484,41.773197174072266,43.13930892944336,40.45985794067383,43.185646057128906,45.25483322143555,42.52058410644531,45.45327377319336,44.204071044921875,47.16990661621094
0,-34,-95,10,31,85.42832946777344,85.0,87.23531341552734,90.78546142578125,85.42832946777344,82.29216003417969,79.15807342529297,82.2982406616211,83.63013458251953,81.41252899169922,83.35466766357422,81.4923324584961,78.892333984375,82.15229797363281,79.92496490478516,80.99382781982422,82.37718200683594,77.38862609863281,78.81623840332031,79.88116455078125,84.05950164794922,83.48652648925781,78.49203491210938,83.23461151123047,81.3019027709961,81.41252899169922,80.0624771118164,76.02631378173828,74.24958038330078,71.5541763305664,69.07966613769531,68.00735473632812,65.55150604248047,62.3939094543457,57.93962478637695,55.71355438232422,52.55473327636719,49.39635467529297,51.078372955322266,46.51881408691406,43.46262741088867,43.863426208496094,42.94182205200195,41.146080017089844,42.48529052734375,40.71854782104492,43.8292121887207,45.18849563598633,43.46262741088867,45.694637298583984,46.840152740478516,45.89117431640625
0,-33,-95,9,37,89.94442749023438,93.05912017822266,91.59148406982422,96.02603912353516,91.08238220214844,87.96590423583984,89.62700653076172,89.26925659179688,88.1192398071289,84.72307586669922,86.12200927734375,87.09764862060547,84.64632415771484,85.86617279052734,86.68333435058594,83.81526947021484,85.070556640625,82.56512451171875,87.28115844726562,86.02325439453125,86.68333435058594,87.64131164550781,84.89994049072266,87.64131164550781,87.32124328613281,86.58522033691406,86.68333435058594,81.21575927734375,79.76214599609375,75.80237579345703,75.32595825195312,72.24956512451172,70.06425476074219,65.03076171875,63.03173828125,58.03447341918945,56.0,54.00925827026367,51.088157653808594,50.03998565673828,44.283180236816406,45.39823913574219,44.283180236816406,44.9110221862793,43.5660400390625,44.55333709716797,43.5660400390625,46.389652252197266,45.17742919921875,47.04253387451172,46.0,47.26520919799805
0,-33,-95,9,38,96.00521087646484,98.79270935058594,98.23441314697266,96.2081069946289,96.5660400390625,94.9210205078125,94.9210205078125,92.4770278930664,93.40770721435547,91.78779602050781,91.7060546875,91.23595428466797,90.78546142578125,89.94442749023438,89.06739044189453,89.94442749023438,90.91754150390625,87.32124328613281,90.21086120605469,93.1504135131836,93.05912017822266,93.1504135131836,92.57429504394531,91.06591033935547,90.3548583984375,90.78546142578125,89.96110534667969,86.53900909423828,84.30895233154297,80.77747344970703,76.216796875,79.05693817138672,72.80110168457031,69.12307739257812,66.21932983398438,63.06346130371094,58.24087905883789,56.32051086425781,55.36244201660156,51.54609680175781,50.9215087890625,48.10405349731445,47.53945541381836,45.31004333496094,48.84669876098633,47.16990661621094,46.2385139465332,48.10405349731445,46.81879806518555,48.383880615234375,48.50773239135742,50.635955810546875
0,-33,-95,9,38,96.00521087646484,97.69339752197266,96.7729263305664,99.00505065917969,95.85405731201172,97.16995239257812,95.85405731201172,92.70382690429688,92.19544219970703,93.03762817382812,93.471923828125,93.4772720336914,89.94442749023438,90.91754150390625,90.91754150390625,89.69392395019531,91.26883697509766,87.98295593261719,90.42676544189453,92.35800170898438,92.11405944824219,93.81364440917969,93.1504135131836,93.49331665039062,92.28217315673828,92.1791763305664,89.44271850585938,87.32124328613281,86.40602111816406,83.77350616455078,79.84986114501953,75.61084747314453,74.0,70.51950073242188,67.72000885009766,65.45991516113281,61.98386764526367,56.61272048950195,52.81098556518555,52.81098556518555,48.703182220458984,50.695167541503906,48.332183837890625,46.2385139465332,47.423622131347656,46.51881408691406,47.92702865600586,48.84669876098633,48.84669876098633,50.9215087890625,50.0,50.990196228027344
0,-34,-95,10,30,84.71717834472656,84.85281372070312,84.34452819824219,86.70063781738281,82.20097351074219,81.74349975585938,79.90619659423828,80.0624771118164,78.26238250732422,78.44743347167969,80.80841827392578,80.41144561767578,77.1297607421875,76.65507507324219,79.8122787475586,75.69015502929688,80.65357971191406,74.04052734375,78.10890197753906,78.16009521484375,79.8122787475586,80.77747344970703,75.70997619628906,80.77747344970703,76.90253448486328,78.10249328613281,79.76214599609375,73.97972869873047,75.23961639404297,68.35934448242188,67.11929321289062,63.071388244628906,63.03173828125,58.00862121582031,58.0,54.0,52.0,48.0,44.0113639831543,42.04759216308594,44.0,45.0111083984375,40.199501037597656,40.04996871948242,40.112342834472656,39.31920623779297,37.48332977294922,42.04759216308594,40.0,44.0,42.10700607299805,42.7551155090332
0,-34,-95,10,30,79.98124694824219,82.73451232910156,82.03657531738281,82.07313537597656,82.75868225097656,82.03657531738281,80.62257385253906,81.32035064697266,79.20858764648438,74.95331573486328,78.56844329833984,78.56844329833984,75.74298858642578,75.92759704589844,77.46611785888672,75.92759704589844,77.42092895507812,75.43209075927734,78.60025787353516,77.801025390625,77.46611785888672,80.05622863769531,76.5767593383789,77.33692169189453,77.10382843017578,77.15568542480469,77.077880859375,72.24956512451172,73.87828063964844,69.65629577636719,67.00746154785156,68.4105224609375,63.60031509399414,59.203041076660156,55.4707145690918,53.0,52.201534271240234,46.87216567993164,46.615447998046875,45.221675872802734,43.416587829589844,41.231056213378906,38.94868469238281,39.051246643066406,39.69886779785156,40.360870361328125,38.94868469238281,40.0,41.231056213378906,44.10215377807617,41.67733383178711,41.146080017089844
0,-34,-95,10,31,84.89994049072266,86.40023040771484,87.55569458007812,86.12781524658203,85.16454315185547,85.86617279052734,82.9698715209961,80.52328491210938,80.04998779296875,80.28075408935547,79.83106994628906,81.21575927734375,83.72574615478516,77.92945861816406,77.5241928100586,79.5110092163086,80.39900207519531,79.6303939819336,78.16009521484375,82.15229797363281,81.3019027709961,82.49242401123047,79.76214599609375,81.22191619873047,81.49846649169922,79.76214599609375,77.27871704101562,78.85429382324219,72.36711883544922,73.00685119628906,66.70832061767578,66.48307800292969,65.802734375,66.7607650756836,61.032779693603516,54.4058837890625,52.201534271240234,50.59644317626953,49.04079818725586,43.96589660644531,44.14748001098633,46.097721099853516,42.57933807373047,41.773197174072266,40.024993896484375,38.63935852050781,45.12205505371094,41.0,46.097721099853516,46.097721099853516,43.011627197265625,43.382022857666016
0,-34,-95,9,38,94.04785919189453,94.86833190917969,94.30270385742188,97.90811920166016,94.30270385742188,91.80958557128906,91.80958557128906,90.97252655029297,89.8888168334961,90.04998779296875,88.32327270507812,90.42676544189453,89.005615234375,88.54942321777344,88.54942321777344,88.23831176757812,89.15716552734375,86.92525482177734,90.2496566772461,89.69392395019531,89.15716552734375,91.78779602050781,88.63971710205078,89.69392395019531,91.7060546875,90.3548583984375,87.23531341552734,85.08818817138672,84.38008880615234,80.26206970214844,76.00657653808594,75.1664810180664,71.28113555908203,67.67569732666016,65.802734375,61.61168670654297,60.464866638183594,55.803226470947266,53.823787689208984,51.62363815307617,48.25971221923828,46.14108657836914,46.647613525390625,44.72135925292969,46.06517028808594,44.777225494384766,45.617977142333984,48.30113983154297,48.3735466003418,47.16990661621094,48.41487503051758,48.166378021240234
0,-33,-95,8,41,93.39164733886719,91.67878723144531,97.29337310791016,94.3663101196289,91.21951293945312,91.7823486328125,92.57429504394531,89.62700653076172,89.26925659179688,88.95504760742188,89.94442749023438,88.45903015136719,89.20201873779297,88.20430755615234,84.2911605834961,88.14192962646484,86.02325439453125,87.05171203613281,88.0,89.0,90.022216796875,89.05054473876953,89.08984375,89.02246856689453,88.09085845947266,88.27796936035156,86.46965026855469,85.70880889892578,80.8949966430664,80.23091888427734,77.10382843017578,73.54590606689453,71.58910369873047,67.6830825805664,64.28841400146484,62.817195892333984,59.90826416015625,55.31726837158203,52.17279052734375,49.24428939819336,46.87216567993164,47.51841735839844,44.40720748901367,45.17742919921875,44.283180236816406,44.18144226074219,46.173583984375,46.27094268798828,47.381431579589844,46.097721099853516,46.3249397277832,45.880279541015625
0,-34,-95,9,37,92.9139404296875,94.64142608642578,94.33981323242188,96.6281509399414,96.42095184326172,94.5304183959961,91.4439697265625,90.44888305664062,89.5600357055664,88.27796936035156,90.27181243896484,90.19977569580078,89.005615234375,88.00568389892578,88.0,88.0,88.00568389892578,87.0,90.022216796875,89.02246856689453,89.0,91.0054931640625,89.0,91.0054931640625,91.02197265625,89.08984375,87.28115844726562,84.71717834472656,84.71717834472656,79.76214599609375,77.10382843017578,75.50496673583984,71.80529022216797,68.88395690917969,67.18630981445312,60.63827133178711,59.90826416015625,55.785301208496094,53.600372314453125,50.21951675415039,48.27007293701172,48.66210174560547,44.55333709716797,45.7055778503418,44.40720748901367,44.40720748901367,46.52956008911133,46.87216567993164,46.69047164916992,49.47726821899414,47.12748718261719,48.84669876098633
0,-34,-95,10,31,87.05171203613281,83.02409362792969,87.00574493408203,87.0,83.00602722167969,83.00602722167969,83.0,83.09632873535156,81.00617218017578,81.00617218017578,79.10120391845703,83.02409362792969,81.22191619873047,79.6303939819336,78.31346893310547,81.49846649169922,78.77182006835938,78.63841247558594,80.8949966430664,78.91767883300781,83.21658325195312,81.49846649169922,81.22191619873047,81.49846649169922,82.15229797363281,83.05419921875,77.0,77.0,74.00675964355469,74.1080322265625,71.25306701660156,70.11418914794922,64.38167572021484,61.29437255859375,58.30952072143555,56.32051086425781,54.451812744140625,51.788028717041016,48.50773239135742,43.416587829589844,45.09988784790039,41.0,41.1096076965332,42.04759216308594,41.0,40.112342834472656,45.17742919921875,45.09988784790039,40.4474983215332,44.18144226074219,43.5660400390625,44.384681701660156
0,-34,-95,10,30,78.77182006835938,81.61495208740234,79.5110092163086,82.03657531738281,81.39410400390625,77.78174591064453,79.76214599609375,78.4091796875,76.79192352294922,76.2364730834961,77.16217041015625,76.16429901123047,77.0,78.00640869140625,78.0,74.00675964355469,76.0,75.00666809082031,75.0,78.0,79.0,78.0,77.0,79.05693817138672,78.00640869140625,76.10519409179688,74.4311752319336,72.44308471679688,71.02112579345703,69.23149871826172,67.46851348876953,64.32728576660156,59.66573715209961,58.24087905883789,55.785301208496094,53.36665725708008,51.6623649597168,44.92215347290039,48.50773239135742,44.14748001098633,41.231056213378906,42.57933807373047,40.31128692626953,41.0,41.59326934814453,37.656341552734375,37.336307525634766,41.43669891357422,42.7551155090332,41.231056213378906,42.20189666748047,41.231056213378906
0,-33,-95,9,38,98.24967956542969,97.25225067138672,98.08159637451172,97.18538665771484,96.04686737060547,95.13148498535156,95.13148498535156,92.0869140625,90.04998779296875,92.02173614501953,91.02197265625,90.00555419921875,89.02246856689453,89.05054473876953,89.08984375,91.19758605957031,88.36288452148438,88.36288452148438,90.66973114013672,93.53608703613281,91.13726043701172,92.34716796875,93.19334411621094,92.13577270507812,93.02149963378906,91.0,89.005615234375,88.0227279663086,83.09632873535156,82.15229797363281,77.5241928100586,76.53103637695312,73.55270385742188,68.73136138916016,67.26811981201172,63.78871536254883,60.8276252746582,55.90169906616211,52.46903991699219,50.48762130737305,50.48762130737305,49.25444030761719,47.04253387451172,47.01063537597656,46.0,46.04345703125,46.010868072509766,48.041648864746094,48.093658447265625,47.51841735839844,47.85394287109375,48.08325958251953
0,-33,-95,8,40,89.8109130859375,90.13877868652344,92.04889678955078,94.57801055908203,91.0933609008789,93.60555267333984,89.1852035522461,88.32327270507812,85.38150024414062,85.16454315185547,84.48076629638672,86.34812927246094,83.9523696899414,83.19855499267578,82.97589874267578,83.74365997314453,84.34452819824219,82.37718200683594,89.26925659179688,85.5102310180664,85.5102310180664,86.88497924804688,85.90692901611328,87.4757080078125,85.37564086914062,86.83317565917969,84.48076629638672,80.99382781982422,80.77747344970703,78.18567657470703,73.9256362915039,72.61542510986328,69.7782211303711,64.40496826171875,62.17716598510742,59.03388977050781,55.94640350341797,52.77309799194336,48.764739990234375,48.332183837890625,45.17742919921875,46.097721099853516,44.0113639831543,43.08131790161133,42.72002029418945,42.72002029418945,42.72002029418945,42.72002029418945,43.863426208496094,46.14108657836914,44.777225494384766,45.0
0,-34,-95,10,30,80.77747344970703,82.0,83.93450164794922,82.22530364990234,83.6779556274414,82.9698715209961,81.32035064697266,80.95677947998047,79.4040298461914,77.20103454589844,78.43468475341797,74.3303451538086,75.61084747314453,76.32168579101562,77.2528305053711,77.077880859375,78.72102355957031,74.24958038330078,78.72102355957031,77.87811279296875,80.23091888427734,79.30951690673828,75.23961639404297,80.95677947998047,76.967529296875,81.1541748046875,76.216796875,76.216796875,71.16881561279297,68.4105224609375,68.88395690917969,63.56099319458008,63.56099319458008,59.53990173339844,55.578773498535156,53.93514633178711,52.63079071044922,50.0099983215332,45.35416030883789,44.14748001098633,40.79215621948242,41.48493576049805,42.44997024536133,39.293766021728516,38.62641525268555,39.217342376708984,39.293766021728516,43.32435989379883,39.293766021728516,43.17406463623047,42.7551155090332,40.199501037597656
0,-34,-95,8,42,95.88013458251953,100.28459167480469,96.04686737060547,101.6513671875,96.04686737060547,98.08159637451172,98.23441314697266,93.62158203125,93.39164733886719,91.4439697265625,92.96235656738281,90.60904693603516,91.08238220214844,91.08238220214844,90.79647827148438,88.6848373413086,91.54779815673828,88.45903015136719,92.26592254638672,94.33981323242188,92.54188537597656,92.54188537597656,89.80534362792969,94.64142608642578,91.24143981933594,92.22798156738281,89.62700653076172,84.92938232421875,85.37564086914062,80.52328491210938,81.04319763183594,78.10890197753906,73.68174743652344,69.28924560546875,69.6419448852539,63.324562072753906,61.09828186035156,56.30275344848633,53.48831558227539,51.54609680175781,50.59644317626953,49.33558654785156,48.764739990234375,48.50773239135742,43.416587829589844,46.097721099853516,48.50773239135742,47.53945541381836,46.840152740478516,49.648765563964844,49.76947021484375,49.19349670410156
0,-34,-95,8,40,89.02246856689453,91.0494384765625,92.0869140625,93.04837799072266,89.14033508300781,91.0878677368164,89.27485656738281,86.14522552490234,85.28775024414062,86.37129211425781,86.37129211425781,86.46965026855469,85.84288024902344,83.18653869628906,82.37718200683594,83.36066436767578,86.12200927734375,82.76472473144531,87.55569458007812,87.32124328613281,84.92938232421875,84.92938232421875,86.4927749633789,87.4757080078125,86.97700500488281,86.5794448852539,81.61495208740234,80.39900207519531,81.22191619873047,76.02631378173828,76.00657653808594,74.0,69.00724792480469,66.00757598876953,63.0079345703125,57.0,57.03507614135742,52.038448333740234,50.03998565673828,49.0,47.0,46.0,42.01190185546875,44.04542922973633,43.416587829589844,41.19466018676758,43.185646057128906,43.104522705078125,42.01190185546875,45.0,44.0113639831543,46.389652252197266
0,-34,-95,9,37,93.4772720336914,94.04785919189453,93.00537872314453,94.62557983398438,93.00537872314453,92.41753387451172,90.60353088378906,90.60353088378906,89.20201873779297,86.83317565917969,87.45856475830078,87.96590423583984,86.55634307861328,85.04116821289062,87.20664978027344,86.27861785888672,89.10667419433594,86.27861785888672,89.09545135498047,86.27861785888672,88.39117431640625,90.52071380615234,87.78382873535156,88.39117431640625,88.72992706298828,87.45856475830078,86.83317565917969,81.02468872070312,81.02468872070312,79.32212829589844,75.80237579345703,74.94664764404297,70.8307876586914,64.8459701538086,63.06346130371094,59.16925048828125,58.5918083190918,52.77309799194336,51.4781494140625,50.11985778808594,46.52956008911133,45.79301071166992,43.5660400390625,43.8292121887207,43.8292121887207,43.011627197265625,43.26661682128906,45.221675872802734,46.3249397277832,45.650848388671875,46.097721099853516,46.81879806518555
0,-34,-95,10,31,78.10890197753906,80.05622863769531,85.72631072998047,80.65357971191406,81.59656524658203,82.2800064086914,81.27114868164062,79.05693817138672,77.16217041015625,78.74642944335938,76.5375747680664,77.88452911376953,77.36924743652344,78.58753204345703,77.1297607421875,75.92759704589844,77.10382843017578,76.48529052734375,78.91767883300781,77.92945861816406,77.1297607421875,79.62411499023438,76.40026092529297,80.80841827392578,76.40026092529297,76.65507507324219,77.16217041015625,74.94664764404297,73.53910827636719,69.85699462890625,68.02940368652344,63.56099319458008,63.50590515136719,58.600341796875,56.79788589477539,54.58937454223633,50.537113189697266,46.52956008911133,47.16990661621094,45.650848388671875,41.67733383178711,41.231056213378906,41.231056213378906,39.560081481933594,37.0,40.49691390991211,38.4837646484375,39.81205749511719,41.62931823730469,39.824615478515625,41.88078308105469,40.607879638671875
0,-34,-95,8,41,88.95504760742188,90.09439849853516,91.59148406982422,91.24143981933594,90.25519561767578,89.26925659179688,89.44271850585938,87.4757080078125,87.66413116455078,85.90692901611328,87.09764862060547,85.61541748046875,85.16454315185547,84.20214080810547,82.2800064086914,83.48652648925781,83.57032775878906,84.15461730957031,86.37708282470703,86.16263580322266,86.72946166992188,86.37708282470703,85.09406280517578,86.03487396240234,86.97700500488281,85.4400405883789,82.00609588623047,82.46211242675781,80.28075408935547,77.66595458984375,76.11833190917969,72.18032836914062,67.74215698242188,66.48307800292969,62.3939094543457,59.41380310058594,57.314918518066406,54.230987548828125,48.3735466003418,48.66210174560547,45.54119110107422,45.7055778503418,44.384681701660156,42.20189666748047,42.44997024536133,42.44997024536133,43.416587829589844,44.384681701660156,44.9110221862793,44.9110221862793,47.16990661621094,44.0
0,-34,-95,9,37,86.45230102539062,87.8179931640625,88.32327270507812,89.55445098876953,88.6848373413086,85.95928955078125,86.95401000976562,86.45230102539062,83.86298370361328,83.21658325195312,84.59905242919922,83.48652648925781,82.20097351074219,81.4002456665039,81.02468872070312,84.0238037109375,81.68843078613281,81.05553436279297,85.14693450927734,84.50444030761719,84.81155395507812,84.0238037109375,83.40863037109375,85.14693450927734,83.00602722167969,83.00602722167969,80.99382781982422,78.23043060302734,78.54934692382812,75.1797866821289,73.35530090332031,71.11258697509766,67.5425796508789,64.47480010986328,60.16643524169922,57.775428771972656,54.625999450683594,52.39274597167969,49.658836364746094,46.51881408691406,45.617977142333984,44.29446792602539,41.67733383178711,42.05948257446289,41.67733383178711,41.18252182006836,41.18252182006836,43.416587829589844,41.59326934814453,43.8292121887207,43.08131790161133,43.680660247802734
0,-34,-95,9,36,85.5102310180664,86.88497924804688,87.66413116455078,90.60904693603516,87.66413116455078,87.4757080078125,86.88497924804688,85.61541748046875,84.40379333496094,82.9698715209961,83.6779556274414,82.9698715209961,80.65357971191406,79.69943237304688,78.74642944335938,81.59656524658203,80.77747344970703,79.71198272705078,83.93450164794922,83.38465118408203,83.57032775878906,83.81526947021484,81.93289947509766,86.72946166992188,83.81526947021484,83.52245330810547,79.12016296386719,77.6208724975586,77.66595458984375,73.54590606689453,72.00694274902344,69.87130737304688,65.6201171875,64.49806213378906,58.215118408203125,57.42821502685547,52.15361785888672,50.15974426269531,47.26520919799805,48.50773239135742,43.416587829589844,43.73785400390625,41.9761848449707,40.79215621948242,41.9761848449707,41.48493576049805,41.0,41.773197174072266,42.7551155090332,45.39823913574219,43.185646057128906,43.0
0,-34,-95,8,41,91.19758605957031,92.54188537597656,91.66242218017578,93.64827728271484,89.45389556884766,88.45903015136719,89.67720031738281,88.95504760742188,88.6848373413086,87.69264221191406,86.70063781738281,85.0,86.14522552490234,84.5280990600586,85.90692901611328,84.64632415771484,85.86617279052734,83.6779556274414,85.72631072998047,86.40023040771484,86.83317565917969,88.05680084228516,85.14693450927734,86.58522033691406,88.6453628540039,87.132080078125,85.0,82.73451232910156,80.5046615600586,77.23341369628906,74.1687240600586,73.06161499023438,70.028564453125,66.00757598876953,63.0,60.0,57.03507614135742,54.0,54.0,51.0,47.0,46.04345703125,44.04542922973633,44.18144226074219,44.40720748901367,43.185646057128906,44.18144226074219,44.283180236816406,44.0113639831543,45.0,44.04542922973633,46.27094268798828
0,-34,-95,8,42,96.0,95.13148498535156,98.12747192382812,100.0199966430664,95.13148498535156,96.08329772949219,96.18731689453125,94.19129180908203,95.18928527832031,91.26883697509766,91.19758605957031,91.66242218017578,89.80534362792969,90.09439849853516,90.09439849853516,90.25519561767578,89.62700653076172,87.4757080078125,92.41753387451172,90.02777099609375,90.8019790649414,93.38094329833984,92.39588928222656,92.39588928222656,90.93404388427734,90.79647827148438,89.45389556884766,87.14356231689453,85.05292510986328,83.00602722167969,81.0,78.0,74.00675964355469,70.028564453125,68.11754608154297,64.1248779296875,61.13100814819336,57.07889175415039,54.147945404052734,51.03919982910156,50.03998565673828,48.010414123535156,46.0,47.01063537597656,46.04345703125,46.0,46.010868072509766,47.0,47.0,48.041648864746094,50.2493782043457,48.83646011352539
0,-34,-95,8,40,89.10667419433594,86.4927749633789,91.98369598388672,89.62700653076172,91.21951293945312,86.4927749633789,87.4757080078125,83.74365997314453,84.5280990600586,85.61541748046875,84.64632415771484,84.20214080810547,83.81526947021484,82.861328125,80.95677947998047,82.2192153930664,80.65357971191406,82.54090118408203,82.46211242675781,83.57032775878906,84.15461730957031,85.70297241210938,84.43340301513672,85.79627227783203,83.81526947021484,84.48076629638672,82.46211242675781,80.28075408935547,77.66595458984375,75.31268310546875,71.84706115722656,70.57620239257812,65.4904556274414,65.37583923339844,63.071388244628906,59.304298400878906,55.3263053894043,53.23532485961914,49.09175109863281,48.50773239135742,46.173583984375,42.57933807373047,43.5660400390625,40.79215621948242,40.79215621948242,41.773197174072266,41.773197174072266,42.57933807373047,42.57933807373047,42.296573638916016,45.0111083984375,45.0
0,-34,-95,9,37,90.42676544189453,88.86506652832031,90.90654754638672,92.45539093017578,89.64373779296875,87.32124328613281,86.55634307861328,87.20664978027344,86.45230102539062,86.31338500976562,85.6329345703125,86.26702880859375,83.48652648925781,82.07313537597656,82.8070068359375,85.79627227783203,85.14693450927734,83.63013458251953,85.2760238647461,84.64632415771484,85.79627227783203,85.91275024414062,86.55634307861328,87.45856475830078,89.27485656738281,86.31338500976562,82.03657531738281,80.62257385253906,80.72174072265625,76.48529052734375,73.10950469970703,72.62230682373047,69.65629577636719,66.21932983398438,63.82006072998047,60.216278076171875,55.803226470947266,51.400390625,49.81967544555664,47.801673889160156,45.607017517089844,44.04542922973633,43.27817153930664,43.84062194824219,43.863426208496094,43.13930892944336,43.863426208496094,45.27692413330078,43.931766510009766,43.27817153930664,44.40720748901367,44.41846466064453
0,-34,-95,10,31,81.88406372070312,86.83317565917969,85.86617279052734,89.47066497802734,85.42247772216797,84.07734680175781,81.85963439941406,80.0624771118164,81.43709564208984,83.67198181152344,77.87811279296875,79.84986114501953,79.12016296386719,78.18567657470703,80.77747344970703,80.99382781982422,80.0062484741211,76.843994140625,80.36167907714844,80.3243408203125,81.27114868164062,81.27114868164062,77.2528305053711,80.95677947998047,82.07923126220703,80.11241912841797,78.29431915283203,75.1531753540039,78.71467590332031,72.4706802368164,71.19690704345703,68.09552001953125,64.8999252319336,61.587337493896484,58.41232681274414,55.4707145690918,56.30275344848633,48.25971221923828,46.04345703125,47.16990661621094,42.19004440307617,42.19004440307617,38.94868469238281,42.48529052734375,41.146080017089844,39.824615478515625,40.8166618347168,41.67733383178711,40.49691390991211,43.8292121887207,42.01190185546875,41.86884307861328
0,-34,-95,10,31,85.5628433227539,86.31338500976562,83.4505844116211,84.17243957519531,83.4505844116211,84.17243957519531,83.4385986328125,84.17243957519531,82.02438354492188,80.80841827392578,80.28075408935547,78.4091796875,80.0,78.23681640625,77.0064926147461,77.20103454589844,78.49203491210938,78.49203491210938,79.88116455078125,81.54139709472656,81.84130859375,82.92768096923828,79.4040298461914,81.83519744873047,82.6619644165039,80.60397338867188,79.64923095703125,77.89736938476562,76.41989135742188,70.72481536865234,69.29646301269531,67.94115447998047,63.03173828125,61.52235412597656,59.54829788208008,55.17245864868164,51.6623649597168,50.20956039428711,48.83646011352539,48.08325958251953,44.55333709716797,41.01219177246094,43.863426208496094,39.69886779785156,39.051246643066406,39.69886779785156,39.623226165771484,43.185646057128906,43.27817153930664,41.773197174072266,39.824615478515625,42.20189666748047
0,-34,-95,10,31,81.4923324584961,84.72307586669922,84.05950164794922,86.45230102539062,83.00602722167969,82.49242401123047,80.77747344970703,79.92496490478516,79.32212829589844,76.843994140625,77.10382843017578,76.6093978881836,78.4091796875,79.02531433105469,77.6208724975586,73.24616241455078,74.41101837158203,75.07329559326172,75.82215881347656,74.96665954589844,77.23341369628906,80.05622863769531,75.92759704589844,78.64476776123047,75.92759704589844,79.8122787475586,75.21302795410156,73.81734466552734,75.1664810180664,67.95587158203125,69.6419448852539,66.73080444335938,61.91122817993164,58.66856002807617,59.03388977050781,55.46169662475586,49.658836364746094,50.11985778808594,46.06517028808594,45.486263275146484,38.910152435302734,43.5660400390625,37.2155876159668,42.19004440307617,37.013511657714844,38.60051727294922,38.832977294921875,40.224369049072266,41.67733383178711,42.04759216308594,42.48529052734375,42.54409408569336
0,-34,-95,9,37,91.7060546875,91.28527069091797,93.471923828125,94.3716049194336,93.94147491455078,92.13577270507812,90.37699127197266,87.66413116455078,87.6584243774414,88.1929702758789,88.1929702758789,87.8179931640625,88.5098876953125,87.3670425415039,84.90583038330078,85.70297241210938,86.02325439453125,85.21150207519531,86.83317565917969,88.60022735595703,86.83892822265625,88.81441497802734,86.26702880859375,90.21086120605469,89.87213134765625,87.66413116455078,86.09297180175781,85.58621215820312,80.52949523925781,79.17701721191406,76.92203521728516,75.1531753540039,71.17584228515625,67.23094177246094,62.96824645996094,60.16643524169922,58.872745513916016,54.230987548828125,53.3104133605957,48.754486083984375,48.332183837890625,46.51881408691406,45.650848388671875,47.41307830810547,45.27692413330078,43.046485900878906,44.41846466064453,43.90899658203125,45.650848388671875,47.85394287109375,48.332183837890625,46.3249397277832
0,-34,-95,8,41,92.80086517333984,94.20191192626953,94.04785919189453,95.8018798828125,91.60785675048828,93.81364440917969,91.8368148803711,90.13877868652344,90.97252655029297,86.8216552734375,88.7524642944336,89.35882568359375,87.46427917480469,87.8179931640625,88.1929702758789,87.23531341552734,87.32124328613281,83.63013458251953,90.47099304199219,87.72685241699219,89.0,91.28527069091797,87.23531341552734,91.67878723144531,89.55445098876953,89.06739044189453,87.70974731445312,84.90583038330078,82.37718200683594,78.49203491210938,78.81623840332031,75.21302795410156,72.00694274902344,68.24954223632812,64.81512451171875,61.22091293334961,59.54829788208008,56.22277069091797,51.855567932128906,51.22499465942383,47.20169448852539,48.82622146606445,45.486263275146484,46.87216567993164,44.94440841674805,43.046485900878906,44.41846466064453,47.70744323730469,45.221675872802734,46.22769546508789,46.69047164916992,47.381431579589844
0,-34,-95,9,36,86.60831451416016,90.69729614257812,90.42676544189453,91.26335144042969,89.30845642089844,89.30845642089844,89.58794403076172,86.8216552734375,86.8216552734375,86.95401000976562,85.75546264648438,84.72307586669922,83.24061584472656,82.76472473144531,82.2982406616211,82.73451232910156,84.5813217163086,81.43709564208984,86.40602111816406,86.00581359863281,87.23531341552734,86.76404571533203,83.6480712890625,88.10221099853516,85.0,84.59905242919922,81.98780059814453,80.70935821533203,82.09750366210938,76.02631378173828,75.60423278808594,72.80110168457031,69.02897644042969,65.29930877685547,63.12685775756836,58.898216247558594,58.13776779174805,53.15073013305664,50.990196228027344,48.91830062866211,46.86149978637695,46.097721099853516,41.400482177734375,43.600460052490234,43.011627197265625,42.43819046020508,43.600460052490234,43.600460052490234,42.8018684387207,44.59820556640625,43.84062194824219,45.45327377319336
0,-34,-95,9,37,90.00555419921875,92.04889678955078,94.08506774902344,94.00531768798828,92.04889678955078,91.0878677368164,92.19544219970703,89.27485656738281,88.20430755615234,87.3670425415039,86.37129211425781,86.83317565917969,87.96590423583984,86.14522552490234,84.01190185546875,85.5102310180664,84.92938232421875,83.19855499267578,87.80091094970703,88.76936340332031,90.24411010742188,90.47099304199219,85.90692901611328,88.5268325805664,88.45903015136719,87.29833984375,85.84288024902344,82.38932037353516,82.2192153930664,77.16217041015625,77.05841827392578,75.02666473388672,72.0,67.0,65.0,62.0,59.00847244262695,55.0,52.0,50.0099983215332,45.0444221496582,46.0,45.0111083984375,44.04542922973633,44.283180236816406,44.40720748901367,44.283180236816406,45.17742919921875,45.0444221496582,47.0,47.0,46.389652252197266
0,-34,-95,9,37,89.5600357055664,90.44888305664062,89.20201873779297,90.44888305664062,88.20430755615234,88.27796936035156,88.20430755615234,86.14522552490234,85.14693450927734,84.09518432617188,83.15046691894531,83.02409362792969,82.0,84.0238037109375,82.05486297607422,81.05553436279297,84.2140121459961,80.15609741210938,83.48652648925781,83.72574615478516,86.37129211425781,85.47514343261719,85.21150207519531,86.28441619873047,86.05230712890625,86.02325439453125,83.0,80.0062484741211,79.10120391845703,76.10519409179688,75.1065902709961,71.25306701660156,67.36467742919922,63.3876953125,62.64982223510742,59.53990173339844,56.718605041503906,53.75872039794922,50.48762130737305,48.50773239135742,45.17742919921875,44.10215377807617,43.011627197265625,43.0,43.0,43.0,43.0,44.0,43.0,45.39823913574219,44.72135925292969,45.35416030883789
0,-34,-95,10,31,83.00602722167969,83.81526947021484,86.97700500488281,83.21658325195312,85.070556640625,81.27114868164062,83.48652648925781,78.84795379638672,78.74642944335938,80.65357971191406,78.16009521484375,78.84795379638672,81.78630828857422,80.41144561767578,76.29547882080078,80.41144561767578,77.92945861816406,75.66372680664062,79.5110092163086,79.6303939819336,80.5046615600586,79.76214599609375,82.20097351074219,79.90619659423828,79.42921447753906,77.66595458984375,79.83106994628906,78.33900451660156,74.46475982666016,72.12489318847656,71.7844009399414,70.83784484863281,65.92420196533203,61.6846809387207,59.46427536010742,57.584720611572266,54.424259185791016,49.76947021484375,46.48655700683594,45.54119110107422,47.434165954589844,40.804412841796875,41.48493576049805,37.64305877685547,40.26164245605469,39.560081481933594,42.44997024536133,40.79215621948242,43.32435989379883,42.154476165771484,41.62931823730469,42.48529052734375
0,-34,-95,10,31,85.09406280517578,83.15046691894531,88.20430755615234,87.09190368652344,87.02298736572266,83.02409362792969,85.05292510986328,82.00609588623047,83.0,79.0,82.0,79.22752380371094,80.22468566894531,79.22752380371094,78.16009521484375,81.49846649169922,77.64663696289062,78.63841247558594,78.91767883300781,83.02409362792969,79.24645233154297,82.87339782714844,81.61495208740234,83.72574615478516,81.3019027709961,79.22752380371094,77.02597045898438,77.0064926147461,76.00657653808594,69.0,69.00724792480469,65.12296295166016,66.12110137939453,62.28964614868164,61.13100814819336,58.13776779174805,51.35172653198242,50.35871505737305,49.162994384765625,45.17742919921875,46.389652252197266,45.09988784790039,45.0,39.0,40.01249694824219,41.01219177246094,43.0,42.0,43.046485900878906,43.28972244262695,42.42640686035156,42.95346450805664
0,-34,-95,9,37,88.36288452148438,91.19758605957031,90.55384826660156,91.26883697509766,88.45903015136719,89.5600357055664,88.36288452148438,86.46965026855469,85.70880889892578,84.85281372070312,85.84288024902344,82.87339782714844,83.36066436767578,83.43260955810547,82.0,82.22530364990234,83.93450164794922,81.25269317626953,86.40023040771484,86.83317565917969,86.34812927246094,87.32124328613281,83.19855499267578,86.83317565917969,88.29496002197266,85.5102310180664,82.73451232910156,80.7527084350586,80.5046615600586,77.16217041015625,75.05997467041016,72.02777099609375,70.028564453125,65.0,64.0078125,59.00847244262695,57.0,54.0,49.0,49.0,46.0,44.04542922973633,44.10215377807617,44.10215377807617,44.18144226074219,41.1096076965332,43.185646057128906,45.0444221496582,44.04542922973633,46.0,45.0111083984375,45.54119110107422
0,-34,-95,9,38,92.26592254638672,94.42987060546875,94.33981323242188,96.13011932373047,94.2602767944336,92.34716796875,91.3509750366211,89.45389556884766,90.55384826660156,87.82368469238281,88.1192398071289,87.4757080078125,87.09764862060547,86.88497924804688,87.09764862060547,86.34812927246094,87.09190368652344,84.89994049072266,87.93179321289062,89.28605651855469,87.80091094970703,90.9560317993164,88.29496002197266,91.21403503417969,90.24411010742188,89.26925659179688,88.45903015136719,84.85281372070312,84.71717834472656,81.39410400390625,77.16217041015625,75.23961639404297,70.06425476074219,69.00724792480469,67.06713104248047,62.032249450683594,60.0333251953125,56.035701751708984,53.0,51.088157653808594,49.09175109863281,49.162994384765625,47.26520919799805,45.39823913574219,46.27094268798828,45.27692413330078,45.39823913574219,46.27094268798828,47.381431579589844,47.16990661621094,47.0,46.097721099853516
0,-34,-95,10,32,87.32124328613281,88.39117431640625,86.92525482177734,87.8464584350586,86.92525482177734,82.73451232910156,87.20664978027344,81.39410400390625,82.36504364013672,80.95059967041016,83.72574615478516,81.6333236694336,76.66159057617188,79.61155700683594,80.70935821533203,77.42092895507812,78.00640869140625,80.21221923828125,82.20097351074219,82.61961364746094,81.02468872070312,81.4002456665039,80.44873809814453,83.81526947021484,82.37718200683594,83.21658325195312,79.61155700683594,78.39005279541016,75.29276275634766,71.11962127685547,72.44998168945312,71.17584228515625,67.62396240234375,61.84658432006836,61.09828186035156,56.61272048950195,54.230987548828125,52.92447280883789,48.10405349731445,46.81879806518555,43.8292121887207,41.62931823730469,44.29446792602539,42.05948257446289,39.4461669921875,41.18252182006836,39.824615478515625,44.777225494384766,42.95346450805664,43.08131790161133,43.65776062011719,43.416587829589844
0,-34,-95,9,38,92.59049987792969,94.5145492553711,95.01578521728516,98.1121826171875,92.78469848632812,95.38343811035156,93.29522705078125,91.26883697509766,89.8888168334961,87.66413116455078,91.80958557128906,89.30845642089844,87.41853332519531,86.60831451416016,87.20092010498047,87.45856475830078,88.61715698242188,87.32124328613281,90.60904693603516,89.1964111328125,89.3756103515625,90.60904693603516,89.27485656738281,90.90654754638672,88.40814208984375,90.60353088378906,86.60831451416016,84.87638092041016,83.76156616210938,79.61155700683594,78.39005279541016,75.80237579345703,71.69379425048828,69.83551788330078,66.24198150634766,61.400325775146484,61.29437255859375,55.009090423583984,53.23532485961914,52.47856521606445,49.648765563964844,49.39635467529297,46.3249397277832,46.3249397277832,43.8292121887207,45.80392837524414,45.0,45.80392837524414,48.02082824707031,47.50789260864258,47.85394287109375,47.75981521606445
0,-34,-95,10,31,82.3468246459961,84.9705810546875,84.9705810546875,82.29216003417969,83.18653869628906,85.0,81.84130859375,81.41252899169922,79.64923095703125,78.77182006835938,80.77747344970703,77.5241928100586,78.49203491210938,80.70935821533203,74.3303451538086,76.6093978881836,75.80237579345703,76.6093978881836,79.8122787475586,80.0,79.88116455078125,81.02468872070312,78.23681640625,81.21575927734375,82.09750366210938,79.32212829589844,75.47184753417969,75.80237579345703,76.05918884277344,70.21395874023438,70.26378631591797,67.5425796508789,63.976558685302734,60.926185607910156,57.245086669921875,54.424259185791016,53.48831558227539,52.0,48.84669876098633,46.097721099853516,41.43669891357422,43.382022857666016,44.41846466064453,40.70626449584961,40.8166618347168,40.31128692626953,40.8166618347168,41.59326934814453,39.824615478515625,42.48529052734375,44.0113639831543,40.52159881591797
0,-34,-95,10,31,85.23497009277344,84.2199478149414,83.52843475341797,86.09297180175781,82.49242401123047,83.86298370361328,83.21658325195312,81.83519744873047,78.892333984375,77.42092895507812,78.23681640625,79.4040298461914,79.4040298461914,80.28075408935547,79.2022705078125,76.40026092529297,81.46778869628906,74.65252685546875,77.23341369628906,77.89736938476562,81.68843078613281,81.05553436279297,76.05918884277344,79.5110092163086,79.2022705078125,80.60397338867188,78.23681640625,73.7834701538086,76.32168579101562,72.20111083984375,71.19690704345703,68.0,64.0078125,59.50630187988281,58.600341796875,55.009090423583984,55.03635025024414,52.32590103149414,47.01063537597656,48.30113983154297,41.18252182006836,43.8292121887207,39.96248245239258,40.8166618347168,43.046485900878906,38.94868469238281,39.96248245239258,43.90899658203125,44.283180236816406,41.62931823730469,43.08131790161133,44.384681701660156
0,-34,-95,10,31,84.2199478149414,81.88406372070312,84.9705810546875,84.11896514892578,83.24061584472656,83.18653869628906,80.52949523925781,80.05622863769531,82.2982406616211,79.7057113647461,78.29431915283203,78.79086303710938,79.71198272705078,76.32168579101562,76.32168579101562,80.0062484741211,78.74642944335938,76.5375747680664,77.20103454589844,79.12016296386719,79.37883758544922,82.87339782714844,81.90848541259766,80.95677947998047,81.27114868164062,78.92401123046875,78.92401123046875,76.48529052734375,74.24958038330078,73.34848022460938,68.88395690917969,64.88451385498047,63.812225341796875,58.18075180053711,59.6824951171875,55.226806640625,54.37830352783203,51.97114562988281,47.88528060913086,48.3735466003418,44.41846466064453,43.416587829589844,39.39543151855469,40.71854782104492,39.560081481933594,40.24922180175781,41.62931823730469,42.54409408569336,40.70626449584961,39.66106414794922,43.046485900878906,40.607879638671875
0,-34,-95,10,31,82.2800064086914,84.77027893066406,81.60882568359375,82.2192153930664,82.9698715209961,81.90848541259766,83.52245330810547,78.74642944335938,79.55501556396484,77.36924743652344,79.24645233154297,80.0624771118164,78.91767883300781,77.64663696289062,78.44743347167969,76.79192352294922,78.77182006835938,77.64663696289062,78.23043060302734,79.6303939819336,79.90619659423828,80.8949966430664,81.88406372070312,81.61495208740234,80.62257385253906,77.10382843017578,79.30951690673828,78.33900451660156,74.21590423583984,72.2772445678711,71.16881561279297,68.00735473632812,62.3939094543457,60.74536895751953,60.926185607910156,55.71355438232422,55.36244201660156,49.76947021484375,47.75981521606445,47.12748718261719,44.94440841674805,40.49691390991211,44.384681701660156,39.051246643066406,39.293766021728516,42.72002029418945,40.52159881591797,41.761226654052734,43.32435989379883,40.16217041015625,43.46262741088867,43.416587829589844
0,-34,-95,9,37,90.07774353027344,91.54779815673828,90.82400512695312,91.54779815673828,90.62008666992188,89.31964874267578,90.82400512695312,88.0227279663086,85.4400405883789,83.81526947021484,85.09406280517578,86.64871978759766,84.77027893066406,83.81526947021484,83.52245330810547,84.89994049072266,85.86617279052734,84.89994049072266,84.64632415771484,87.80091094970703,86.83317565917969,88.32327270507812,87.64131164550781,87.09190368652344,88.23265075683594,87.59566497802734,85.23497009277344,83.77350616455078,80.95677947998047,78.26238250732422,74.70609283447266,75.1797866821289,70.71067810058594,65.86349487304688,65.0,60.74536895751953,58.830265045166016,53.0,52.15361785888672,50.2493782043457,48.54894256591797,47.88528060913086,45.650848388671875,45.650848388671875,46.06517028808594,45.17742919921875,44.29446792602539,46.52956008911133,47.70744323730469,46.3249397277832,46.40043258666992,47.381431579589844
0,-34,-95,10,32,87.09190368652344,83.81526947021484,87.64131164550781,84.77027893066406,85.16454315185547,83.93450164794922,86.02325439453125,81.90848541259766,83.81526947021484,83.81526947021484,84.48076629638672,82.07923126220703,80.99382781982422,79.84986114501953,79.30951690673828,80.11241912841797,76.92203521728516,80.11241912841797,80.95059967041016,82.2982406616211,83.19255065917969,83.18653869628906,82.76472473144531,84.07734680175781,84.30895233154297,79.71198272705078,81.93289947509766,78.74642944335938,75.58438873291016,74.04052734375,73.24616241455078,70.3420181274414,66.4906005859375,62.585941314697266,62.36986541748047,59.228370666503906,58.46366500854492,50.0099983215332,50.635955810546875,50.21951675415039,47.29693603515625,44.384681701660156,43.65776062011719,42.72002029418945,42.72002029418945,41.761226654052734,42.379241943359375,44.59820556640625,43.931766510009766,46.69047164916992,44.283180236816406,44.10215377807617
0,-33,-95,8,42,94.13288116455078,99.04544067382812,96.0,100.0199966430664,94.0,96.08329772949219,94.04785919189453,92.0,92.0,88.0227279663086,92.0,90.04998779296875,91.0878677368164,89.27485656738281,88.56636047363281,88.56636047363281,89.94442749023438,87.82368469238281,91.08238220214844,90.09439849853516,91.92388153076172,92.9139404296875,90.66973114013672,91.92388153076172,92.43917083740234,92.26592254638672,90.19977569580078,84.0238037109375,86.0,83.02409362792969,80.05622863769531,75.1065902709961,74.02702331542969,70.1783447265625,67.36467742919922,64.19501495361328,61.29437255859375,57.21887969970703,55.081756591796875,54.08327102661133,51.0,50.0,48.0,49.0,47.01063537597656,48.0,49.0,49.0,49.01020431518555,50.15974426269531,49.36598205566406,50.447994232177734
0,-34,-95,9,38,95.60334777832031,94.25497436523438,97.41663360595703,96.5660400390625,95.88013458251953,93.96276092529297,92.6552734375,91.0933609008789,91.7060546875,91.08238220214844,90.44335174560547,89.1964111328125,90.2496566772461,89.31964874267578,90.2496566772461,90.07774353027344,88.56636047363281,87.72685241699219,89.89437866210938,91.7060546875,93.10746765136719,93.52005004882812,89.69392395019531,90.62008666992188,92.11405944824219,91.76055908203125,88.54377746582031,88.54377746582031,86.58522033691406,82.22530364990234,77.66595458984375,76.68767547607422,74.52516174316406,71.38627624511719,67.60177612304688,64.62971496582031,61.400325775146484,57.55866622924805,55.73149871826172,51.62363815307617,49.648765563964844,50.0099983215332,50.0099983215332,50.21951675415039,47.801673889160156,47.29693603515625,47.29693603515625,50.0099983215332,50.80354309082031,50.2493782043457,49.09175109863281,50.0
0,-33,-95,9,37,90.2496566772461,92.4770278930664,91.38927459716797,96.2081069946289,90.2496566772461,91.18113708496094,91.54779815673828,88.39117431640625,90.07774353027344,87.23531341552734,87.23531341552734,87.20664978027344,86.76981353759766,87.23531341552734,87.23531341552734,85.0,88.32327270507812,84.59905242919922,89.1852035522461,87.8179931640625,88.6848373413086,89.55445098876953,88.1929702758789,90.42676544189453,90.82400512695312,87.20664978027344,86.92525482177734,83.38465118408203,82.63776397705078,79.05693817138672,77.79460144042969,73.37574768066406,73.49829864501953,68.00735473632812,67.18630981445312,63.324562072753906,58.24946212768555,54.81787872314453,54.5710563659668,53.851646423339844,49.47726821899414,47.53945541381836,46.48655700683594,47.12748718261719,46.48655700683594,45.54119110107422,46.173583984375,48.08325958251953,45.880279541015625,47.29693603515625,48.50773239135742,49.04079818725586
0,-34,-95,9,38,89.8276138305664,91.24143981933594,94.04785919189453,93.34880828857422,93.34880828857422,91.21951293945312,89.10667419433594,87.69264221191406,89.8276138305664,87.1148681640625,86.31338500976562,86.55634307861328,86.68333435058594,86.83317565917969,85.42832946777344,84.40379333496094,85.44589233398438,83.00602722167969,87.92041778564453,87.6584243774414,86.02325439453125,89.87213134765625,86.02325439453125,89.30845642089844,87.20092010498047,88.09085845947266,84.50444030761719,85.04116821289062,81.56592559814453,79.98124694824219,77.077880859375,74.24958038330078,71.4212875366211,67.20863342285156,64.44377136230469,60.14149856567383,59.41380310058594,56.58621597290039,51.6623649597168,50.20956039428711,49.497474670410156,47.381431579589844,48.166378021240234,46.69047164916992,46.86149978637695,45.45327377319336,45.45327377319336,48.10405349731445,45.27692413330078,48.08325958251953,46.75468063354492,49.09175109863281
0,-34,-95,10,32,81.60882568359375,86.83892822265625,88.09085845947266,89.20201873779297,88.09085845947266,85.21150207519531,84.64632415771484,83.86894226074219,84.50444030761719,81.3449478149414,85.79627227783203,80.61017608642578,82.03657531738281,79.90619659423828,81.3449478149414,80.61017608642578,79.30951690673828,79.24645233154297,83.54639434814453,81.46778869628906,82.97589874267578,84.8646011352539,83.4385986328125,85.70297241210938,82.75868225097656,82.73451232910156,81.39410400390625,82.61961364746094,76.83749389648438,75.0,72.20111083984375,69.89277648925781,69.065185546875,65.51335906982422,62.7694206237793,57.14017868041992,53.25410842895508,51.62363815307617,49.09175109863281,51.03919982910156,48.54894256591797,43.011627197265625,43.26661682128906,41.617305755615234,42.20189666748047,46.22769546508789,45.0,45.79301071166992,46.615447998046875,46.647613525390625,46.52956008911133,46.097721099853516
0,-34,-95,8,41,90.82400512695312,93.94147491455078,94.3663101196289,95.29428100585938,93.02149963378906,88.54942321777344,88.56636047363281,89.89994812011719,88.14192962646484,87.72685241699219,85.61541748046875,86.16263580322266,87.66413116455078,86.97700500488281,86.64871978759766,85.38150024414062,86.97700500488281,84.77027893066406,88.32327270507812,88.05680084228516,90.13877868652344,89.02246856689453,87.93179321289062,90.2496566772461,90.47651672363281,88.25531005859375,85.4400405883789,83.00602722167969,83.38465118408203,81.02468872070312,78.29431915283203,74.24958038330078,72.44998168945312,68.47627258300781,64.88451385498047,62.17716598510742,60.41522979736328,55.03635025024414,54.12947463989258,50.990196228027344,50.15974426269531,47.92702865600586,47.16990661621094,46.81879806518555,46.48655700683594,47.16990661621094,46.81879806518555,48.46648406982422,49.24428939819336,48.754486083984375,48.3735466003418,49.648765563964844
0,-34,-95,10,31,84.09518432617188,85.49269104003906,85.08818817138672,85.86617279052734,84.5813217163086,83.25863647460938,84.30895233154297,80.62257385253906,81.43709564208984,82.2800064086914,80.77747344970703,82.54090118408203,81.59656524658203,82.2800064086914,81.90848541259766,80.0062484741211,80.28075408935547,77.88452911376953,81.4923324584961,82.22530364990234,82.2800064086914,85.86617279052734,83.52245330810547,82.9698715209961,84.75848388671875,85.72631072998047,82.2800064086914,77.47257232666016,78.92401123046875,71.5541763305664,72.44998168945312,70.66116333007812,68.96376037597656,63.52952194213867,62.265560150146484,58.18075180053711,56.30275344848633,51.107730865478516,51.4781494140625,51.97114562988281,45.486263275146484,42.48529052734375,46.097721099853516,42.54409408569336,44.283180236816406,47.88528060913086,44.72135925292969,41.62931823730469,45.17742919921875,46.3249397277832,44.10215377807617,46.097721099853516
0,-33,-95,9,37,89.26925659179688,88.28363037109375,91.08238220214844,89.62700653076172,89.10667419433594,86.97700500488281,87.96590423583984,85.98837280273438,85.70880889892578,87.69264221191406,85.37564086914062,85.58621215820312,84.148681640625,84.05355072021484,81.09870910644531,86.0,83.0,84.0,85.0058822631836,87.0,87.00574493408203,88.0227279663086,87.02298736572266,88.00568389892578,88.0511245727539,86.20904541015625,84.38008880615234,83.6002426147461,77.78174591064453,77.78174591064453,73.16419982910156,73.16419982910156,69.63475799560547,67.26811981201172,65.52098846435547,61.392181396484375,57.27128601074219,54.34151077270508,50.447994232177734,50.80354309082031,48.66210174560547,47.07440948486328,47.67599105834961,45.54119110107422,44.55333709716797,44.283180236816406,44.55333709716797,45.54119110107422,46.097721099853516,48.27007293701172,46.173583984375,48.332183837890625
0,-33,-95,9,38,90.47099304199219,93.39164733886719,91.0054931640625,93.39164733886719,91.21951293945312,90.24411010742188,88.84255981445312,88.45903015136719,87.66413116455078,85.98837280273438,87.132080078125,86.5794448852539,85.47514343261719,85.47514343261719,86.28441619873047,87.20664978027344,87.20664978027344,84.09518432617188,88.00568389892578,88.0511245727539,89.08984375,89.08984375,88.20430755615234,89.14033508300781,88.36288452148438,88.45903015136719,85.15867614746094,83.36066436767578,84.5280990600586,77.66595458984375,78.10249328613281,74.95331573486328,72.53275299072266,69.37578582763672,67.72000885009766,61.13100814819336,60.728904724121094,55.36244201660156,54.5710563659668,51.92301940917969,50.695167541503906,50.21951675415039,48.27007293701172,47.85394287109375,46.69047164916992,45.89117431640625,47.67599105834961,47.85394287109375,46.3249397277832,49.04079818725586,49.33558654785156,49.24428939819336
0,-34,-95,10,31,80.65357971191406,83.93450164794922,87.28115844726562,86.68333435058594,85.72631072998047,82.861328125,82.861328125,82.2192153930664,82.54090118408203,79.47956085205078,82.2800064086914,77.87811279296875,80.52949523925781,79.62411499023438,79.15807342529297,80.0624771118164,76.32168579101562,78.77182006835938,78.892333984375,81.98780059814453,81.4923324584961,81.88406372070312,80.62257385253906,81.88406372070312,81.41252899169922,79.62411499023438,80.0624771118164,77.47257232666016,76.15773010253906,73.53910827636719,69.6419448852539,68.94200134277344,67.67569732666016,62.96824645996094,61.09828186035156,57.93962478637695,56.64803695678711,51.92301940917969,51.62363815307617,47.92702865600586,46.2385139465332,46.097721099853516,44.283180236816406,45.18849563598633,42.48529052734375,40.24922180175781,42.95346450805664,47.85394287109375,46.097721099853516,48.46648406982422,43.011627197265625,46.3249397277832
0,-34,-95,9,37,91.08238220214844,92.57429504394531,92.77930450439453,92.07062530517578,93.77099609375,89.10667419433594,90.93404388427734,88.81441497802734,88.6848373413086,88.56636047363281,89.45389556884766,88.14192962646484,89.05054473876953,85.05292510986328,84.0,88.0,87.02298736572266,86.02325439453125,87.14356231689453,88.0227279663086,88.0227279663086,89.005615234375,89.0,89.05054473876953,88.0,89.05054473876953,87.05171203613281,85.14693450927734,80.3056640625,80.39900207519531,77.64663696289062,75.80237579345703,73.16419982910156,69.23149871826172,66.0984115600586,64.93843078613281,59.84145736694336,56.08921432495117,53.75872039794922,50.635955810546875,52.46903991699219,50.35871505737305,51.088157653808594,50.35871505737305,47.04253387451172,48.093658447265625,47.16990661621094,49.25444030761719,50.635955810546875,50.990196228027344,50.21951675415039,49.648765563964844
0,-33,-95,9,37,91.24143981933594,93.34880828857422,94.06912231445312,92.6336898803711,91.24143981933594,91.93476104736328,90.60904693603516,87.78382873535156,88.5268325805664,87.20664978027344,89.3756103515625,88.09085845947266,86.60831451416016,86.60831451416016,85.8021011352539,89.30845642089844,86.53323364257812,86.53323364257812,90.42676544189453,88.5098876953125,89.58794403076172,91.52595520019531,87.92041778564453,89.58794403076172,89.62700653076172,89.40357971191406,86.21485137939453,85.91275024414062,83.63013458251953,80.05622863769531,76.38062286376953,75.00666809082031,72.83543395996094,68.59300231933594,65.76473236083984,62.22539520263672,60.8276252746582,57.28001403808594,55.865909576416016,50.93132781982422,50.93132781982422,49.57822036743164,49.04079818725586,49.04079818725586,47.6340217590332,46.75468063354492,49.04079818725586,50.32891845703125,48.79549026489258,50.20956039428711,50.32891845703125,53.00943374633789
0,-34,-95,10,32,86.33075714111328,86.03487396240234,84.77027893066406,86.03487396240234,86.02325439453125,84.11896514892578,85.4400405883789,82.861328125,83.52245330810547,81.74349975585938,81.25269317626953,83.54639434814453,82.03657531738281,80.7527084350586,78.77182006835938,81.04936981201172,81.49846649169922,80.62257385253906,81.39410400390625,81.74349975585938,81.49846649169922,81.49846649169922,81.74349975585938,84.38008880615234,81.74349975585938,82.37718200683594,77.66595458984375,76.40026092529297,74.95331573486328,75.18643188476562,74.3303451538086,68.3081283569336,66.94026947021484,62.62587356567383,61.6846809387207,57.28001403808594,56.920997619628906,51.92301940917969,50.28916549682617,45.54119110107422,45.221675872802734,44.384681701660156,45.12205505371094,45.7055778503418,43.73785400390625,42.95346450805664,43.416587829589844,47.07440948486328,46.840152740478516,46.81879806518555,44.0113639831543,50.08992004394531
0,-34,-95,10,31,83.02409362792969,82.09750366210938,85.37564086914062,83.02409362792969,82.02438354492188,83.15046691894531,82.15229797363281,81.3019027709961,77.16217041015625,79.30951690673828,78.31346893310547,77.78174591064453,80.62257385253906,78.91767883300781,77.92945861816406,80.8949966430664,77.87811279296875,77.46611785888672,78.64476776123047,79.83106994628906,79.83106994628906,80.60397338867188,78.91767883300781,78.26238250732422,80.8949966430664,82.60750579833984,77.23341369628906,76.2364730834961,73.06161499023438,71.25306701660156,70.0,70.00714111328125,63.0,63.0,62.00806427001953,58.0,55.03635025024414,52.009613037109375,47.095645904541016,47.01063537597656,46.0,45.0,47.01063537597656,39.0128173828125,41.1096076965332,42.01190185546875,42.0,43.0,45.0,42.19004440307617,44.40720748901367,43.416587829589844
0,-34,-95,9,37,93.08598327636719,93.04837799072266,97.32933807373047,96.13011932373047,94.08506774902344,91.0494384765625,92.26592254638672,91.0878677368164,88.20430755615234,89.35882568359375,89.67720031738281,90.66973114013672,88.1192398071289,88.6453628540039,88.6453628540039,89.26925659179688,87.80091094970703,87.55569458007812,88.32327270507812,90.70832061767578,90.47099304199219,90.70832061767578,90.02777099609375,89.9888916015625,90.47099304199219,89.44271850585938,86.97700500488281,87.132080078125,84.85281372070312,81.88406372070312,77.41446685791016,76.32168579101562,74.1080322265625,70.06425476074219,68.11754608154297,66.12110137939453,63.071388244628906,58.07753372192383,55.226806640625,54.08327102661133,53.33854293823242,50.35871505737305,50.80354309082031,48.66210174560547,48.50773239135742,48.50773239135742,48.3735466003418,50.48762130737305,51.15662384033203,51.088157653808594,51.0,51.15662384033203
0,-34,-95,9,39,96.4624252319336,97.40636444091797,102.78618621826172,100.24469757080078,97.40636444091797,96.4624252319336,97.14422607421875,93.98403930664062,93.04837799072266,92.8493423461914,92.4770278930664,91.28527069091797,91.7060546875,91.67878723144531,90.78546142578125,89.94442749023438,90.91754150390625,91.4166259765625,92.6498794555664,93.81364440917969,93.64827728271484,96.3846435546875,93.53608703613281,93.1504135131836,94.8946762084961,93.94147491455078,91.23595428466797,90.37699127197266,87.72685241699219,85.49269104003906,82.2800064086914,80.41144561767578,76.89603424072266,73.38937377929688,68.94925689697266,66.40782928466797,62.297672271728516,60.406951904296875,57.245086669921875,56.30275344848633,54.7813835144043,52.801513671875,52.32590103149414,53.22593307495117,50.56678771972656,50.56678771972656,51.89412307739258,52.801513671875,52.92447280883789,52.81098556518555,53.600372314453125,53.600372314453125
0,-34,-95,10,31,84.64632415771484,81.04319763183594,85.72631072998047,82.00609588623047,81.90848541259766,85.72631072998047,85.70297241210938,82.2192153930664,83.38465118408203,78.43468475341797,79.47956085205078,81.3449478149414,77.87811279296875,78.39005279541016,80.05622863769531,78.29431915283203,79.25907135009766,76.05918884277344,82.15229797363281,78.892333984375,81.98780059814453,83.00602722167969,80.52949523925781,80.0624771118164,80.0624771118164,80.95059967041016,79.60527801513672,75.96051788330078,75.96051788330078,77.077880859375,71.51223754882812,68.70953369140625,66.48307800292969,63.90618133544922,62.3939094543457,56.61272048950195,56.30275344848633,52.49761962890625,51.26402282714844,51.62363815307617,44.59820556640625,47.92702865600586,44.283180236816406,42.95346450805664,44.283180236816406,45.18849563598633,45.18849563598633,47.01063537597656,45.880279541015625,48.10405349731445,48.50773239135742,46.52956008911133
0,-33,-95,8,42,91.67878723144531,93.40770721435547,95.88013458251953,94.5938720703125,94.9210205078125,93.14505004882812,93.60555267333984,91.08238220214844,89.4930191040039,89.1964111328125,90.75791931152344,88.60022735595703,89.31964874267578,88.39117431640625,86.00581359863281,89.05054473876953,90.3382568359375,87.66413116455078,90.3548583984375,92.59049987792969,90.3382568359375,91.67878723144531,91.78779602050781,93.03762817382812,92.30926513671875,90.62008666992188,87.46427917480469,86.33075714111328,85.38150024414062,82.2192153930664,79.4040298461914,76.24303436279297,74.04052734375,69.92138671875,66.21932983398438,64.28841400146484,62.09669876098633,56.75385284423828,55.36244201660156,52.201534271240234,52.49761962890625,48.383880615234375,49.97999572753906,49.648765563964844,49.04079818725586,49.648765563964844,51.54609680175781,49.648765563964844,50.96076965332031,53.36665725708008,51.62363815307617,51.088157653808594
0,-34,-95,9,38,93.62158203125,97.26766967773438,99.04039764404297,97.52947998046875,93.68030548095703,92.444580078125,94.9210205078125,93.30059051513672,92.97311401367188,92.69843292236328,91.76055908203125,91.18113708496094,91.0,89.69392395019531,89.55445098876953,92.19544219970703,90.3548583984375,90.3382568359375,91.7060546875,93.53608703613281,94.3663101196289,94.82615661621094,93.03762817382812,94.3663101196289,93.94147491455078,91.38927459716797,91.54779815673828,88.39117431640625,86.72946166992188,85.4400405883789,80.0062484741211,77.20103454589844,75.28611755371094,72.12489318847656,69.92138671875,66.7607650756836,62.09669876098633,59.203041076660156,57.00876998901367,54.4058837890625,53.48831558227539,49.648765563964844,52.201534271240234,49.39635467529297,49.39635467529297,50.32891845703125,49.39635467529297,53.141319274902344,52.49761962890625,54.120235443115234,53.36665725708008,52.345008850097656
0,-33,-95,9,39,92.19544219970703,95.18928527832031,94.42987060546875,95.2575454711914,92.34716796875,93.26306915283203,91.3509750366211,90.66973114013672,87.57283020019531,88.81441497802734,88.95504760742188,89.26925659179688,89.62700653076172,86.88497924804688,88.0738296508789,88.29496002197266,89.02246856689453,86.83317565917969,89.5600357055664,90.52071380615234,91.92388153076172,91.21403503417969,88.29496002197266,91.92388153076172,90.02777099609375,89.62700653076172,86.31338500976562,85.84288024902344,83.86298370361328,80.7527084350586,79.22752380371094,78.16009521484375,73.10950469970703,68.02940368652344,68.02940368652344,65.0691909790039,62.032249450683594,58.03447341918945,55.03635025024414,54.08327102661133,52.038448333740234,50.2493782043457,48.3735466003418,50.35871505737305,49.36598205566406,49.36598205566406,47.51841735839844,49.36598205566406,50.08992004394531,53.00943374633789,50.03998565673828,50.35871505737305
0,-33,-95,9,39,98.99494934082031,95.18928527832031,101.60708618164062,98.99494934082031,98.31072998046875,96.33794403076172,96.10411071777344,92.19544219970703,92.6498794555664,94.3663101196289,92.96235656738281,93.86160278320312,92.1791763305664,90.52071380615234,88.8875732421875,92.35800170898438,89.8888168334961,92.69843292236328,92.4770278930664,93.23089599609375,93.40770721435547,93.40770721435547,94.2443618774414,96.4624252319336,93.60555267333984,93.00537872314453,90.13877868652344,89.9888916015625,86.58522033691406,86.12200927734375,80.80841827392578,79.83106994628906,75.70997619628906,73.34848022460938,68.06614685058594,69.23149871826172,65.76473236083984,61.66035842895508,57.55866622924805,54.12947463989258,54.5710563659668,51.6623649597168,52.88667297363281,52.88667297363281,52.201534271240234,51.92301940917969,51.54609680175781,52.88667297363281,54.12947463989258,55.44366455078125,53.037723541259766,54.0
0,-33,-95,9,38,95.88534545898438,92.07062530517578,101.71037292480469,94.76286315917969,98.0051040649414,92.77930450439453,94.76286315917969,93.53608703613281,92.34716796875,93.34345245361328,91.13726043701172,90.022216796875,91.0,90.0,86.0,94.02127075195312,87.14356231689453,92.04889678955078,89.14033508300781,93.26306915283203,93.04837799072266,93.04837799072266,95.02104949951172,93.02149963378906,92.0,91.0054931640625,88.0227279663086,91.13726043701172,84.2140121459961,86.20904541015625,79.4040298461914,79.6303939819336,75.53807067871094,71.84706115722656,68.73136138916016,67.60177612304688,62.801273345947266,60.530982971191406,57.42821502685547,52.345008850097656,56.14267349243164,50.15974426269531,52.038448333740234,50.0099983215332,50.0099983215332,50.0099983215332,51.009803771972656,52.009613037109375,54.230987548828125,54.918121337890625,53.36665725708008,51.244510650634766
0,-33,-95,9,38,97.41663360595703,96.87621307373047,100.12991333007812,98.73196411132812,97.32420349121094,96.02603912353516,96.33794403076172,93.21480560302734,93.05912017822266,92.76313781738281,92.39588928222656,91.0054931640625,91.92388153076172,90.52071380615234,87.93179321289062,92.04889678955078,88.86506652832031,91.39474487304688,91.4166259765625,93.98403930664062,91.7060546875,94.2443618774414,92.04889678955078,95.18928527832031,92.34716796875,93.14505004882812,89.02246856689453,88.84255981445312,85.5102310180664,85.5102310180664,81.39410400390625,80.0624771118164,73.82411193847656,72.83543395996094,69.87130737304688,67.60177612304688,63.3876953125,60.406951904296875,57.706153869628906,54.918121337890625,52.95280838012695,50.990196228027344,51.41984176635742,51.41984176635742,51.6623649597168,51.41984176635742,52.39274597167969,53.36665725708008,52.77309799194336,55.44366455078125,53.037723541259766,56.0
0,-33,-95,9,38,95.0,95.60334777832031,94.62557983398438,96.02082824707031,92.6552734375,91.8368148803711,94.86833190917969,89.87213134765625,91.80958557128906,90.13877868652344,91.80958557128906,92.6498794555664,89.69392395019531,86.45230102539062,88.58893585205078,89.47066497802734,90.37699127197266,89.89994812011719,92.61209106445312,93.91485595703125,91.67878723144531,93.03762817382812,92.1791763305664,91.7060546875,93.1504135131836,91.06591033935547,89.8888168334961,87.92041778564453,83.48652648925781,84.05355072021484,80.0,77.801025390625,73.60027313232422,70.60453033447266,68.4105224609375,64.81512451171875,63.12685775756836,59.03388977050781,56.22277069091797,54.20331954956055,52.201534271240234,51.03919982910156,53.00943374633789,51.03919982910156,49.648765563964844,51.312767028808594,53.00943374633789,51.03919982910156,52.801513671875,53.90732955932617,51.62363815307617,53.413482666015625
0,-34,-95,9,38,96.13532257080078,99.6242904663086,95.88013458251953,100.57833099365234,93.68030548095703,100.28459167480469,96.5660400390625,91.21403503417969,94.9210205078125,86.83317565917969,90.9560317993164,91.7823486328125,90.60904693603516,90.42676544189453,91.08238220214844,88.95504760742188,92.54188537597656,88.6848373413086,95.33625030517578,93.64827728271484,93.77099609375,94.64142608642578,91.08238220214844,95.75489807128906,93.38094329833984,94.72592163085938,90.8019790649414,86.34812927246094,87.80091094970703,82.46211242675781,85.16454315185547,77.6208724975586,75.58438873291016,70.83784484863281,69.89277648925781,65.14598846435547,65.14598846435547,57.87054443359375,56.920997619628906,55.36244201660156,51.6623649597168,52.63079071044922,51.41984176635742,51.41984176635742,51.97114562988281,51.41984176635742,51.41984176635742,52.63079071044922,52.49761962890625,54.424259185791016,54.230987548828125,55.07267761230469
0,-34,-95,10,33,85.70297241210938,89.8220443725586,90.47099304199219,89.44271850585938,90.47099304199219,87.29833984375,88.29496002197266,85.86617279052734,84.89994049072266,84.40379333496094,87.64131164550781,81.93289947509766,86.33075714111328,83.81526947021484,82.2800064086914,84.15461730957031,83.77350616455078,82.2800064086914,86.92525482177734,88.23831176757812,85.61541748046875,88.0227279663086,86.53900909423828,88.39117431640625,87.46427917480469,87.66413116455078,85.4400405883789,82.46211242675781,79.07591247558594,78.33900451660156,76.29547882080078,74.21590423583984,70.03570556640625,67.89698028564453,65.76473236083984,60.01666259765625,58.694122314453125,56.08921432495117,55.54277801513672,53.15073013305664,51.97114562988281,49.24428939819336,51.92301940917969,45.607017517089844,48.27007293701172,46.3249397277832,49.72926712036133,48.05205535888672,50.0099983215332,52.95280838012695,49.25444030761719,55.0
0,-34,-95,9,39,94.66783905029297,96.3846435546875,97.94386291503906,96.5660400390625,95.52486419677734,94.66783905029297,94.57801055908203,92.96235656738281,93.19334411621094,90.69729614257812,91.02197265625,91.02197265625,90.0,89.02246856689453,89.02246856689453,92.19544219970703,89.27485656738281,90.13877868652344,91.28527069091797,93.4344711303711,91.54779815673828,94.2602767944336,90.13877868652344,93.60555267333984,92.61749267578125,92.80086517333984,89.40357971191406,86.83892822265625,83.76156616210938,83.21658325195312,80.77747344970703,79.25907135009766,75.1797866821289,72.4706802368164,69.35416412353516,66.24198150634766,62.64982223510742,59.05929183959961,56.080299377441406,55.56977462768555,53.0,51.312767028808594,51.312767028808594,50.80354309082031,51.865211486816406,49.648765563964844,53.25410842895508,52.15361785888672,52.839378356933594,55.03635025024414,52.39274597167969,54.4058837890625
0,-34,-95,8,42,97.52947998046875,95.77056121826172,97.52947998046875,97.06183624267578,97.06183624267578,92.13034057617188,95.7131118774414,94.82615661621094,93.03762817382812,94.84724426269531,92.70382690429688,93.40770721435547,92.02716827392578,91.4166259765625,89.8888168334961,93.60555267333984,90.2496566772461,93.30059051513672,91.76055908203125,93.60555267333984,93.92018127441406,93.30059051513672,96.13532257080078,94.64142608642578,95.18928527832031,91.76055908203125,89.31964874267578,91.0,85.90692901611328,86.8158950805664,78.72102355957031,78.71467590332031,76.47875213623047,74.30342864990234,71.19690704345703,68.47627258300781,63.95310592651367,59.9416389465332,59.03388977050781,53.66563034057617,54.230987548828125,53.851646423339844,54.230987548828125,51.078372955322266,53.851646423339844,52.801513671875,53.3104133605957,54.5618896484375,56.35601043701172,55.94640350341797,56.603885650634766,55.0
0,-34,-95,10,31,82.73451232910156,83.63013458251953,85.86617279052734,84.9705810546875,84.17243957519531,84.5813217163086,85.90692901611328,81.93900299072266,81.02468872070312,81.70679473876953,77.077880859375,80.65357971191406,79.71198272705078,76.216796875,79.05693817138672,81.32035064697266,79.42921447753906,79.30951690673828,81.78630828857422,81.74349975585938,82.00609588623047,81.78630828857422,80.36167907714844,83.93450164794922,82.56512451171875,80.65357971191406,80.0062484741211,79.71198272705078,75.02666473388672,74.3303451538086,69.07966613769531,69.6419448852539,69.35416412353516,64.47480010986328,59.50630187988281,56.36488342285156,53.712196350097656,49.76947021484375,50.15974426269531,47.16990661621094,49.04079818725586,47.75981521606445,47.75981521606445,46.57252502441406,47.53945541381836,46.840152740478516,45.221675872802734,44.271888732910156,48.46648406982422,46.51881408691406,45.17742919921875,52.201534271240234
0,-34,-95,9,40,102.42070007324219,99.29753112792969,105.07616424560547,103.24727630615234,104.39348602294922,100.12991333007812,99.84988403320312,99.60923767089844,97.62171936035156,98.41239929199219,96.33275604248047,97.18538665771484,97.04637908935547,96.00521087646484,95.00526428222656,97.00515747070312,97.04637908935547,97.00515747070312,98.12747192382812,100.07997131347656,101.00495147705078,102.0,98.0,101.00495147705078,101.04454803466797,97.08243560791016,96.18731689453125,93.19334411621094,90.3548583984375,88.36288452148438,85.70880889892578,83.02409362792969,81.04936981201172,77.92945861816406,75.31268310546875,70.85901641845703,68.24954223632812,63.78871536254883,61.814239501953125,58.54912567138672,58.54912567138672,55.145263671875,56.22277069091797,55.145263671875,55.03635025024414,55.145263671875,56.080299377441406,59.21148681640625,57.42821502685547,59.228370666503906,57.9741325378418,58.872745513916016
0,-34,-95,9,38,94.9210205078125,95.2732925415039,96.79875946044922,96.79875946044922,93.92018127441406,92.97311401367188,93.60555267333984,92.04889678955078,90.2496566772461,91.39474487304688,90.75791931152344,90.8019790649414,90.2496566772461,86.83317565917969,86.88497924804688,90.8019790649414,89.44271850585938,90.42676544189453,92.07062530517578,90.09439849853516,90.93404388427734,93.38094329833984,91.0054931640625,92.41753387451172,92.89241027832031,90.9560317993164,89.02246856689453,86.97700500488281,85.070556640625,83.16850280761719,80.05622863769531,77.49193572998047,74.94664764404297,70.57620239257812,68.70953369140625,64.62197875976562,63.56099319458008,58.18075180053711,55.154327392578125,53.141319274902344,52.201534271240234,53.45091247558594,52.49761962890625,50.28916549682617,51.92301940917969,51.244510650634766,52.201534271240234,52.49761962890625,53.141319274902344,55.46169662475586,55.226806640625,54.64430618286133
0,-33,-95,9,38,93.98403930664062,94.70480346679688,94.5409927368164,94.33981323242188,95.63471984863281,94.70480346679688,92.4770278930664,91.92388153076172,91.78779602050781,89.15716552734375,89.96110534667969,89.89994812011719,89.89437866210938,88.54942321777344,87.23531341552734,90.42676544189453,89.69392395019531,89.1852035522461,92.78469848632812,92.78469848632812,91.30169677734375,92.66067504882812,90.3548583984375,93.1504135131836,92.13034057617188,93.91485595703125,91.28527069091797,87.46427917480469,87.09190368652344,82.63776397705078,78.77182006835938,77.79460144042969,72.42237091064453,69.37578582763672,69.6419448852539,64.56005096435547,62.64183807373047,59.203041076660156,56.61272048950195,53.75872039794922,53.75872039794922,53.48831558227539,52.55473327636719,50.695167541503906,51.26402282714844,51.865211486816406,52.201534271240234,52.81098556518555,54.120235443115234,55.10898208618164,53.93514633178711,54.08327102661133
0,-34,-95,10,32,85.86617279052734,89.89437866210938,85.08818817138672,88.10221099853516,81.39410400390625,86.76404571533203,85.86617279052734,84.09518432617188,81.54139709472656,79.30951690673828,84.69356536865234,82.2800064086914,82.54090118408203,79.71198272705078,80.99382781982422,78.74642944335938,85.4400405883789,77.20103454589844,82.9698715209961,85.16454315185547,81.60882568359375,85.38150024414062,80.3243408203125,84.48076629638672,83.81526947021484,86.16263580322266,85.23497009277344,77.077880859375,80.52949523925781,72.49827575683594,75.59100341796875,72.44998168945312,66.24198150634766,65.3681869506836,65.3681869506836,56.82429122924805,58.5918083190918,55.07267761230469,51.429561614990234,51.0,45.18849563598633,49.19349670410156,46.097721099853516,50.56678771972656,47.423622131347656,47.423622131347656,45.18849563598633,47.423622131347656,46.52956008911133,51.61395263671875,51.400390625,51.855567932128906
0,-34,-95,9,39,96.93296813964844,99.5389404296875,99.36800384521484,101.0197982788086,97.49871826171875,97.49871826171875,96.2081069946289,95.85926818847656,94.9210205078125,92.35800170898438,94.2443618774414,96.16651916503906,93.00537872314453,95.33625030517578,92.1791763305664,94.83142852783203,94.14881896972656,92.19544219970703,94.9210205078125,95.12622833251953,95.07891082763672,99.68952178955078,94.3716049194336,96.54014587402344,95.60334777832031,95.21029663085938,93.30059051513672,89.53770446777344,88.39117431640625,86.92525482177734,81.54139709472656,79.2022705078125,78.29431915283203,73.79024505615234,72.44998168945312,68.44705963134766,66.64083099365234,59.93329620361328,59.09314727783203,56.859474182128906,54.625999450683594,54.7813835144043,53.851646423339844,53.48831558227539,53.48831558227539,54.230987548828125,54.7813835144043,56.46237564086914,55.46169662475586,56.4358024597168,56.30275344848633,57.20139694213867
0,-34,-95,9,38,92.444580078125,96.5660400390625,96.3016128540039,95.60334777832031,93.14505004882812,95.07891082763672,93.39164733886719,90.47099304199219,89.26925659179688,89.05054473876953,91.98369598388672,89.44271850585938,88.28363037109375,89.94442749023438,89.94442749023438,89.67720031738281,89.45389556884766,89.67720031738281,93.13430786132812,92.43917083740234,91.54779815673828,94.5304183959961,90.66973114013672,93.4344711303711,90.93404388427734,91.24143981933594,89.62700653076172,85.90692901611328,86.34812927246094,81.4923324584961,80.08120727539062,76.65507507324219,72.53275299072266,70.51950073242188,69.57010650634766,66.0984115600586,61.98386764526367,57.87054443359375,56.32051086425781,53.45091247558594,52.49761962890625,52.39274597167969,51.41984176635742,51.195701599121094,52.17279052734375,51.41984176635742,52.63079071044922,52.88667297363281,52.201534271240234,53.48831558227539,54.12947463989258,53.712196350097656
0,-34,-95,9,39,98.15293884277344,100.12991333007812,100.7174301147461,101.71037292480469,96.6281509399414,99.72462463378906,97.62171936035156,93.53608703613281,94.42987060546875,94.13288116455078,94.08506774902344,95.04735565185547,95.0,91.0,94.0,92.02173614501953,96.18731689453125,92.19544219970703,95.2575454711914,97.08243560791016,97.02061462402344,97.08243560791016,94.0,96.08329772949219,98.0,96.0,92.02173614501953,91.19758605957031,90.19977569580078,84.2911605834961,83.48652648925781,80.5046615600586,75.53807067871094,73.68174743652344,70.45565795898438,66.61080932617188,65.6201171875,62.28964614868164,59.21148681640625,58.13776779174805,55.081756591796875,55.03635025024414,54.0,54.037025451660156,53.037723541259766,54.08327102661133,55.081756591796875,55.03635025024414,56.080299377441406,56.32051086425781,57.27128601074219,56.61272048950195
0,-34,-95,9,39,96.21330261230469,99.20181274414062,99.63935089111328,99.20181274414062,98.85848236083984,95.42536163330078,96.67471313476562,92.31468200683594,92.45539093017578,92.76313781738281,94.84724426269531,93.38094329833984,94.76286315917969,91.92388153076172,91.92388153076172,93.34880828857422,92.02173614501953,92.02173614501953,93.50936126708984,94.11163330078125,94.79451751708984,97.0,94.06912231445312,97.67292022705078,94.75231170654297,92.6336898803711,93.38094329833984,90.68627166748047,86.55634307861328,85.42832946777344,81.21575927734375,80.0,76.40026092529297,73.00685119628906,72.11102294921875,68.00735473632812,63.51377868652344,60.0,58.00862121582031,57.00876998901367,53.26349639892578,53.26349639892578,53.90732955932617,52.40229034423828,52.49761962890625,52.49761962890625,53.15073013305664,54.81787872314453,55.60575485229492,57.42821502685547,57.80138397216797,55.94640350341797
0,-34,-95,10,32,87.09190368652344,86.8216552734375,87.98295593261719,86.28441619873047,87.132080078125,85.23497009277344,86.26702880859375,86.28441619873047,83.86298370361328,83.24061584472656,82.2982406616211,82.73451232910156,82.76472473144531,83.67198181152344,82.46211242675781,86.92525482177734,82.63776397705078,79.47956085205078,81.93289947509766,86.72946166992188,84.17243957519531,85.08818817138672,85.08818817138672,81.54139709472656,84.69356536865234,83.63013458251953,81.39410400390625,79.60527801513672,77.17512512207031,76.66159057617188,70.8307876586914,72.94518280029297,68.79679870605469,66.0378646850586,64.35060119628906,60.20797348022461,59.07622146606445,55.75840759277344,54.58937454223633,51.0,50.477718353271484,47.41307830810547,49.648765563964844,49.24428939819336,48.332183837890625,48.332183837890625,51.0,49.648765563964844,49.92995071411133,50.21951675415039,50.0,48.79549026489258
0,-34,-95,10,33,90.55384826660156,89.55445098876953,94.82615661621094,89.55445098876953,93.1504135131836,88.6848373413086,91.7060546875,87.23531341552734,88.58893585205078,88.1192398071289,87.6584243774414,86.33075714111328,85.90692901611328,85.49269104003906,84.69356536865234,88.25531005859375,86.03487396240234,86.72946166992188,86.37708282470703,90.82400512695312,88.0227279663086,90.2496566772461,91.0,88.39117431640625,90.37699127197266,86.76404571533203,85.42247772216797,85.8836441040039,78.39005279541016,79.64923095703125,76.66159057617188,74.4311752319336,71.56116485595703,67.95587158203125,65.73431396484375,64.35060119628906,60.216278076171875,56.859474182128906,56.30275344848633,52.69725036621094,52.47856521606445,49.19349670410156,50.6063232421875,50.11985778808594,49.19349670410156,50.11985778808594,51.0,52.47856521606445,52.69725036621094,53.823787689208984,53.26349639892578,53.75872039794922
0,-34,-95,9,40,99.45853424072266,102.1077880859375,102.61579132080078,101.86756134033203,99.92497253417969,98.49365234375,99.04039764404297,98.03060913085938,96.16651916503906,94.57801055908203,95.18928527832031,95.07891082763672,94.5409927368164,93.62158203125,94.5409927368164,95.34149169921875,94.42987060546875,92.61209106445312,98.83824920654297,96.60227966308594,97.50897216796875,99.31767272949219,97.04637908935547,100.22474670410156,95.85405731201172,97.30878448486328,94.9210205078125,91.4166259765625,91.0933609008789,85.72631072998047,85.4400405883789,82.2800064086914,78.44743347167969,75.69015502929688,71.30918884277344,69.12307739257812,67.18630981445312,62.361846923828125,59.90826416015625,57.567352294921875,55.6596794128418,55.02726745605469,55.02726745605469,55.154327392578125,54.7813835144043,53.141319274902344,55.36244201660156,56.64803695678711,56.920997619628906,60.63827133178711,57.27128601074219,58.215118408203125
0,-34,-95,10,32,86.31338500976562,86.45230102539062,86.97700500488281,84.2911605834961,83.48652648925781,84.17243957519531,86.27861785888672,83.4505844116211,79.93122100830078,80.65978240966797,80.61017608642578,77.15568542480469,80.65978240966797,80.43009185791016,82.32861328125,81.21575927734375,81.4002456665039,81.4002456665039,82.20097351074219,83.81526947021484,82.00609588623047,87.45856475830078,81.56592559814453,82.80096435546875,80.05622863769531,82.07313537597656,79.24645233154297,79.24645233154297,75.00666809082031,75.69015502929688,68.62215423583984,72.18032836914062,67.20863342285156,62.96824645996094,63.65532302856445,57.384666442871094,58.79625701904297,52.49761962890625,54.488529205322266,48.166378021240234,46.69047164916992,45.96738052368164,51.088157653808594,45.343135833740234,46.097721099853516,47.423622131347656,45.96738052368164,47.423622131347656,48.83646011352539,47.6340217590332,52.009613037109375,47.01063537597656
0,-34,-95,10,32,86.27861785888672,84.148681640625,87.1148681640625,87.20664978027344,82.134033203125,88.41380310058594,84.95881652832031,81.05553436279297,82.00609588623047,79.02531433105469,84.0238037109375,82.46211242675781,82.6619644165039,80.21221923828125,78.77182006835938,80.44873809814453,83.86298370361328,77.17512512207031,83.24061584472656,81.4923324584961,83.00602722167969,83.00602722167969,79.4040298461914,84.72307586669922,83.23461151123047,84.87638092041016,79.05693817138672,77.6208724975586,79.8122787475586,73.00685119628906,72.91776275634766,70.83784484863281,67.47592163085938,63.70243453979492,63.12685775756836,58.0,55.17245864868164,53.81449508666992,51.62363815307617,51.400390625,46.097721099853516,50.0,47.20169448852539,46.647613525390625,45.79301071166992,47.16990661621094,48.60041046142578,48.60041046142578,49.67897033691406,48.79549026489258,50.447994232177734,51.855567932128906
0,-34,-95,9,39,101.53324890136719,98.76234436035156,102.61579132080078,101.2422866821289,101.6513671875,97.80081939697266,99.20181274414062,96.04686737060547,94.3663101196289,96.31718444824219,95.90099334716797,94.72592163085938,97.16481018066406,94.8946762084961,92.6552734375,95.33625030517578,95.33625030517578,95.18928527832031,96.08329772949219,98.24967956542969,98.32598876953125,99.2471694946289,97.62171936035156,99.40824890136719,97.62171936035156,97.32420349121094,94.04785919189453,93.5574722290039,89.44271850585938,87.4757080078125,82.0,81.02468872070312,77.36924743652344,72.2772445678711,72.53275299072266,70.60453033447266,66.70832061767578,63.06346130371094,60.41522979736328,59.03388977050781,57.706153869628906,57.55866622924805,55.44366455078125,55.3263053894043,54.33230972290039,54.33230972290039,57.55866622924805,58.694122314453125,58.24946212768555,58.694122314453125,59.13543701171875,59.03388977050781
0,-34,-95,9,39,99.04544067382812,96.08329772949219,101.0,96.00521087646484,100.0199966430664,97.0,98.0051040649414,96.0,94.02127075195312,96.0,93.0,93.00537872314453,93.19334411621094,92.19544219970703,92.19544219970703,95.42536163330078,92.9139404296875,95.75489807128906,96.02603912353516,95.63471984863281,97.51409912109375,97.73944854736328,98.08159637451172,96.42095184326172,96.18731689453125,96.04686737060547,92.0,93.00537872314453,88.0,87.00574493408203,81.09870910644531,80.05622863769531,79.05693817138672,72.17340087890625,72.24956512451172,68.26419067382812,66.18912506103516,62.12889862060547,59.07622146606445,58.07753372192383,57.0,54.0,55.0,54.0,55.0,54.0,55.0,57.00876998901367,59.13543701171875,59.53990173339844,59.228370666503906,57.28001403808594
0,-34,-95,9,39,95.58765411376953,96.26006317138672,97.59098052978516,97.62171936035156,95.52486419677734,95.52486419677734,94.79451751708984,94.04785919189453,94.76286315917969,92.6336898803711,91.21951293945312,93.38094329833984,91.3509750366211,91.43850708007812,89.3756103515625,90.42676544189453,92.61749267578125,91.67878723144531,95.0,94.02127075195312,94.64142608642578,95.2680435180664,92.19544219970703,92.95697784423828,94.84724426269531,92.69843292236328,89.8276138305664,88.39117431640625,86.31338500976562,83.48652648925781,81.46778869628906,79.39773559570312,77.33692169189453,71.70076751708984,69.65629577636719,66.60330200195312,65.4369888305664,60.30754470825195,56.85068130493164,55.90169906616211,53.075416564941406,53.075416564941406,52.32590103149414,53.037723541259766,52.345008850097656,53.740116119384766,53.740116119384766,56.56854248046875,55.44366455078125,57.20139694213867,58.52349853515625,56.35601043701172
0,-34,-95,10,32,86.68333435058594,87.20664978027344,87.72685241699219,88.72992706298828,86.45230102539062,87.96590423583984,83.09632873535156,86.45230102539062,84.95881652832031,83.4385986328125,84.17243957519531,83.48652648925781,84.148681640625,84.95881652832031,86.45230102539062,82.134033203125,84.50444030761719,82.32861328125,85.91275024414062,87.20664978027344,89.9388656616211,84.2199478149414,84.95881652832031,85.14693450927734,90.02777099609375,85.58621215820312,84.2199478149414,78.51751708984375,81.46778869628906,74.24958038330078,75.1664810180664,71.84010314941406,67.62396240234375,65.802734375,65.6048812866211,62.00806427001953,60.605281829833984,57.48912811279297,52.49761962890625,52.49761962890625,46.86149978637695,48.79549026489258,48.166378021240234,44.55333709716797,50.447994232177734,47.423622131347656,48.91830062866211,50.447994232177734,50.447994232177734,53.600372314453125,55.4707145690918,53.22593307495117
0,-34,-95,9,39,98.08159637451172,99.72462463378906,100.16985321044922,102.2007827758789,98.08159637451172,99.04039764404297,96.3016128540039,94.3716049194336,96.04686737060547,94.14881896972656,97.29337310791016,94.3663101196289,95.18928527832031,94.04785919189453,93.21480560302734,94.76286315917969,97.41663360595703,92.6552734375,96.42095184326172,97.62171936035156,97.86725616455078,98.85848236083984,96.7470932006836,98.50888061523438,95.35198211669922,95.52486419677734,94.14881896972656,91.4439697265625,90.70832061767578,86.12781524658203,83.93450164794922,81.60882568359375,77.49193572998047,74.3303451538086,70.83784484863281,67.05221557617188,64.19501495361328,61.6846809387207,59.203041076660156,57.9741325378418,55.54277801513672,55.785301208496094,53.15073013305664,54.918121337890625,54.7448616027832,53.15073013305664,54.5710563659668,55.785301208496094,57.00876998901367,58.18934631347656,57.384666442871094,57.30619430541992
0,-34,-95,10,33,87.66413116455078,90.8019790649414,90.47099304199219,89.44271850585938,95.7078857421875,88.1192398071289,90.70832061767578,88.29496002197266,84.89994049072266,86.58522033691406,84.40379333496094,85.86617279052734,89.5600357055664,86.37708282470703,84.77027893066406,88.39117431640625,83.77350616455078,88.76936340332031,85.08818817138672,90.2496566772461,88.60022735595703,91.18113708496094,90.75791931152344,88.60022735595703,90.44335174560547,87.09190368652344,85.16454315185547,85.37564086914062,81.04319763183594,78.84795379638672,74.95331573486328,76.40026092529297,71.38627624511719,67.46851348876953,67.08203887939453,61.188232421875,61.98386764526367,56.56854248046875,57.070133209228516,53.851646423339844,52.201534271240234,48.08325958251953,50.96076965332031,50.28916549682617,49.04079818725586,49.04079818725586,52.201534271240234,54.5710563659668,55.10898208618164,56.4358024597168,56.22277069091797,55.0
0,-34,-95,10,32,86.55634307861328,88.86506652832031,88.61715698242188,88.09085845947266,87.20664978027344,85.79627227783203,85.14693450927734,85.79627227783203,83.63013458251953,82.07313537597656,83.4505844116211,83.4385986328125,82.8070068359375,81.39410400390625,82.07313537597656,83.09632873535156,83.86894226074219,81.56592559814453,86.05230712890625,84.50444030761719,85.04116821289062,85.79627227783203,83.63013458251953,85.79627227783203,84.95881652832031,83.48652648925781,82.73451232910156,79.19596099853516,79.24645233154297,76.48529052734375,75.1664810180664,70.29224395751953,67.47592163085938,64.66065216064453,63.25345993041992,60.30754470825195,58.898216247558594,53.15073013305664,52.49761962890625,50.32891845703125,48.79549026489258,48.83646011352539,47.381431579589844,48.10405349731445,45.25483322143555,47.381431579589844,48.10405349731445,49.497474670410156,49.67897033691406,52.801513671875,50.21951675415039,51.107730865478516
0,-34,-95,9,39,100.40418243408203,99.5690689086914,100.70252990722656,100.16985321044922,100.16985321044922,97.09788513183594,98.79270935058594,95.18928527832031,95.01578521728516,96.64884948730469,96.64884948730469,97.04637908935547,93.94147491455078,94.42987060546875,93.52005004882812,98.23441314697266,93.98403930664062,96.93296813964844,95.2732925415039,97.86214447021484,97.69339752197266,98.79270935058594,97.16995239257812,97.86214447021484,97.57561492919922,95.34149169921875,92.57429504394531,91.24143981933594,87.70974731445312,87.23531341552734,83.52843475341797,81.3019027709961,79.07591247558594,76.00657653808594,72.40165710449219,69.46221923828125,65.3681869506836,61.057350158691406,59.16925048828125,56.82429122924805,57.706153869628906,54.12947463989258,57.697486877441406,55.46169662475586,55.03635025024414,55.46169662475586,56.35601043701172,58.13776779174805,59.6824951171875,60.539241790771484,58.8217658996582,58.79625701904297
0,-34,-95,11,29,95.7078857421875,93.52005004882812,94.3716049194336,92.61209106445312,90.37699127197266,88.56636047363281,88.54942321777344,88.1192398071289,87.23531341552734,88.58893585205078,88.58893585205078,87.46427917480469,86.60831451416016,86.09297180175781,84.31488800048828,84.87638092041016,84.87638092041016,84.62860107421875,88.81441497802734,85.8021011352539,93.00537872314453,86.60831451416016,87.3670425415039,92.6552734375,89.69392395019531,89.1852035522461,86.35391998291016,84.9705810546875,81.85963439941406,80.05622863769531,74.24958038330078,73.34848022460938,72.49827575683594,68.15423583984375,65.29930877685547,62.2414665222168,57.00876998901367,57.584720611572266,58.18075180053711,48.754486083984375,52.77309799194336,51.0,50.537113189697266,51.429561614990234,50.11985778808594,48.02082824707031,50.6063232421875,50.6063232421875,53.851646423339844,54.7813835144043,55.081756591796875,54.12947463989258
0,-34,-95,10,32,90.55384826660156,89.5600357055664,91.08238220214844,90.66973114013672,91.08238220214844,86.97700500488281,89.44271850585938,86.31338500976562,86.4927749633789,88.6453628540039,86.4927749633789,87.86353302001953,84.64632415771484,84.89994049072266,83.93450164794922,86.68333435058594,84.77027893066406,85.4400405883789,85.70297241210938,86.97700500488281,87.93179321289062,89.84430694580078,88.05680084228516,87.09190368652344,89.05054473876953,85.70297241210938,84.5280990600586,82.37718200683594,80.0624771118164,79.76214599609375,74.4311752319336,73.43704986572266,71.34423828125,67.36467742919922,65.19202423095703,64.28063201904297,60.074954986572266,56.22277069091797,56.14267349243164,49.648765563964844,52.46903991699219,49.648765563964844,50.635955810546875,49.81967544555664,49.81967544555664,50.635955810546875,49.648765563964844,51.4781494140625,53.0848388671875,54.00925827026367,53.0,53.33854293823242
0,-34,-95,9,40,100.5683822631836,102.94173431396484,103.23274993896484,103.07764434814453,103.71113586425781,100.89598846435547,102.00489807128906,98.40731811523438,97.00515747070312,98.0051040649414,97.80081939697266,97.41663360595703,96.79875946044922,97.34988403320312,94.33981323242188,96.8968505859375,98.61541748046875,96.3846435546875,99.36296844482422,101.212646484375,100.34440612792969,99.84988403320312,99.02020263671875,99.64437103271484,99.29753112792969,97.90811920166016,95.44107818603516,92.61749267578125,91.21403503417969,88.86506652832031,85.04116821289062,83.73768615722656,80.80841827392578,77.89736938476562,74.3303451538086,71.50524139404297,67.94115447998047,64.38167572021484,62.2414665222168,58.79625701904297,57.48912811279297,55.31726837158203,57.00876998901367,57.00876998901367,57.42821502685547,57.00876998901367,57.80138397216797,61.073726654052734,61.717098236083984,61.55485534667969,59.66573715209961,61.85466766357422
0,-34,-95,10,33,91.4166259765625,86.16263580322266,91.08238220214844,93.23089599609375,89.31964874267578,88.95504760742188,87.31552124023438,87.31552124023438,86.97700500488281,87.09190368652344,82.9698715209961,83.93450164794922,85.61541748046875,81.74349975585938,85.61541748046875,87.55569458007812,85.70297241210938,86.4927749633789,86.88497924804688,87.09764862060547,86.12200927734375,87.55569458007812,84.40379333496094,87.86353302001953,84.64632415771484,85.86617279052734,82.56512451171875,82.63776397705078,82.2192153930664,76.843994140625,77.6208724975586,73.38937377929688,70.68238830566406,65.30696868896484,61.46543884277344,62.3939094543457,59.236812591552734,57.00876998901367,52.92447280883789,52.201534271240234,49.04079818725586,48.08325958251953,52.49761962890625,48.50773239135742,49.72926712036133,50.96076965332031,50.0,50.59644317626953,51.26402282714844,55.009090423583984,52.839378356933594,56.859474182128906
0,-34,-95,9,39,98.48857879638672,99.20181274414062,100.16985321044922,100.66280364990234,98.23441314697266,97.52947998046875,98.49365234375,96.16651916503906,95.60334777832031,93.00537872314453,93.96276092529297,94.57801055908203,93.6375961303711,93.6375961303711,94.33981323242188,92.8493423461914,94.02127075195312,93.62158203125,96.17691802978516,97.98979187011719,94.5409927368164,95.34149169921875,93.77632904052734,97.30878448486328,96.2081069946289,95.5196304321289,91.4166259765625,88.23265075683594,88.60022735595703,86.12781524658203,82.71033477783203,81.4923324584961,77.36924743652344,71.80529022216797,70.61161041259766,66.70832061767578,65.51335906982422,61.61168670654297,60.41522979736328,58.94064712524414,55.36244201660156,54.4058837890625,54.08327102661133,55.973209381103516,54.08327102661133,54.424259185791016,53.45091247558594,56.04462432861328,57.723480224609375,60.20797348022461,59.53990173339844,59.03388977050781
0,-34,-95,10,33,91.8368148803711,94.62557983398438,94.62557983398438,94.62557983398438,91.60785675048828,91.60785675048828,91.40021514892578,90.60353088378906,88.40814208984375,87.45856475830078,86.68333435058594,87.45856475830078,88.5268325805664,86.37129211425781,87.04596710205078,87.68124389648438,89.14033508300781,86.27861785888672,89.8276138305664,90.55384826660156,90.5096664428711,91.93476104736328,89.14033508300781,91.21951293945312,88.5268325805664,90.02777099609375,85.91275024414062,83.09632873535156,81.4002456665039,79.8122787475586,76.02631378173828,75.80237579345703,71.84706115722656,66.85057830810547,66.85057830810547,62.68173599243164,60.464866638183594,57.42821502685547,54.08327102661133,52.801513671875,52.009613037109375,51.088157653808594,50.447994232177734,51.855567932128906,50.32891845703125,49.57822036743164,49.67897033691406,53.26349639892578,53.600372314453125,53.25410842895508,55.56977462768555,54.625999450683594
0,-34,-95,11,29,86.95401000976562,92.96235656738281,89.55445098876953,90.42676544189453,88.1929702758789,90.42676544189453,86.95401000976562,88.1929702758789,86.83317565917969,85.90692901611328,85.0,86.40602111816406,82.85529327392578,83.77350616455078,89.05054473876953,86.53900909423828,87.59566497802734,84.50444030761719,87.92041778564453,88.0227279663086,88.39117431640625,89.69392395019531,86.53900909423828,87.66413116455078,86.8158950805664,88.10221099853516,88.1192398071289,81.84130859375,83.6480712890625,76.66159057617188,74.94664764404297,71.86793518066406,70.8307876586914,66.2872543334961,63.631752014160156,61.29437255859375,60.20797348022461,56.93856430053711,55.07267761230469,55.07267761230469,50.11985778808594,50.990196228027344,49.19349670410156,51.89412307739258,48.46648406982422,51.4781494140625,50.08992004394531,51.88448715209961,52.839378356933594,55.4707145690918,53.600372314453125,55.44366455078125
0,-34,-95,9,39,103.09703826904297,101.27191162109375,103.7545166015625,102.25947570800781,102.25947570800781,99.46356201171875,99.63935089111328,96.10411071777344,96.8813705444336,95.56673431396484,97.74456787109375,97.26766967773438,95.50916290283203,95.88013458251953,93.68030548095703,97.08243560791016,97.73944854736328,96.76776123046875,97.14422607421875,97.14422607421875,98.97979736328125,99.29753112792969,99.6242904663086,100.24469757080078,98.37174224853516,95.88013458251953,94.5938720703125,92.41753387451172,89.44271850585938,88.6453628540039,84.34452819824219,83.86298370361328,78.08969116210938,73.33484649658203,74.67261505126953,68.59300231933594,68.4689712524414,61.66035842895508,60.67124557495117,57.706153869628906,56.29387283325195,56.08921432495117,56.51548385620117,56.29387283325195,55.31726837158203,54.34151077270508,56.29387283325195,60.01666259765625,57.55866622924805,60.406951904296875,59.0,60.074954986572266
0,-34,-95,10,33,90.21086120605469,86.28441619873047,92.9139404296875,91.26883697509766,92.35800170898438,84.90583038330078,89.30845642089844,84.31488800048828,86.40023040771484,86.02325439453125,85.44589233398438,85.0,84.64632415771484,83.40863037109375,82.87943267822266,86.31338500976562,84.148681640625,85.58621215820312,84.85281372070312,89.80534362792969,87.0,87.68124389648438,89.27485656738281,88.45903015136719,87.20664978027344,85.91275024414062,82.97589874267578,84.0238037109375,79.02531433105469,77.801025390625,73.81734466552734,72.42237091064453,70.21395874023438,66.2872543334961,64.07027435302734,62.12889862060547,58.52349853515625,53.5350341796875,53.823787689208984,51.400390625,51.855567932128906,48.91830062866211,48.83646011352539,48.10405349731445,48.79549026489258,49.51767349243164,49.51767349243164,50.32891845703125,53.00943374633789,53.5350341796875,52.839378356933594,53.712196350097656
0,-34,-95,10,33,93.00537872314453,92.41753387451172,93.4772720336914,94.62557983398438,93.4772720336914,90.13877868652344,91.80958557128906,88.7524642944336,89.04492950439453,88.83692932128906,87.98295593261719,87.70974731445312,88.58893585205078,87.23531341552734,87.20664978027344,86.76404571533203,88.63971710205078,86.92525482177734,88.76936340332031,93.23089599609375,91.38927459716797,89.15716552734375,90.37699127197266,92.19544219970703,90.3548583984375,89.47066497802734,85.47514343261719,86.95401000976562,81.6333236694336,81.12335968017578,76.85050201416016,75.47184753417969,72.40165710449219,67.11929321289062,66.85057830810547,62.7694206237793,59.90826416015625,57.688819885253906,55.226806640625,53.23532485961914,51.88448715209961,50.08992004394531,51.89412307739258,50.08992004394531,51.4781494140625,51.4781494140625,51.89412307739258,53.23532485961914,53.712196350097656,54.64430618286133,55.0,56.58621597290039
0,-34,-95,10,33,88.95504760742188,95.03683471679688,91.66242218017578,96.17691802978516,91.08238220214844,94.04785919189453,89.80534362792969,88.6848373413086,88.6848373413086,84.59314727783203,86.28441619873047,86.14522552490234,88.09085845947266,88.0511245727539,89.05054473876953,85.0058822631836,89.0,84.0,91.0054931640625,89.0,90.00555419921875,91.02197265625,88.0227279663086,89.0,90.13877868652344,90.13877868652344,86.5794448852539,82.60750579833984,84.17243957519531,77.64663696289062,80.41144561767578,75.13321685791016,71.58910369873047,67.6830825805664,65.96968841552734,60.41522979736328,61.392181396484375,56.29387283325195,55.73149871826172,53.93514633178711,51.62363815307617,50.48762130737305,51.088157653808594,52.038448333740234,50.2493782043457,50.2493782043457,52.46903991699219,53.600372314453125,52.77309799194336,55.54277801513672,53.45091247558594,54.625999450683594
0,-34,-95,10,33,89.1964111328125,91.4166259765625,91.4166259765625,92.02716827392578,88.25531005859375,90.82400512695312,88.60022735595703,86.33075714111328,86.33075714111328,83.93450164794922,86.12781524658203,85.61541748046875,85.90692901611328,84.5280990600586,84.92938232421875,83.74365997314453,87.4757080078125,84.72307586669922,87.82368469238281,86.68333435058594,87.86353302001953,88.84255981445312,87.09764862060547,86.4927749633789,88.0738296508789,87.80091094970703,85.16454315185547,82.861328125,81.27114868164062,75.27283477783203,72.80110168457031,70.57620239257812,70.38465881347656,65.0,64.07807922363281,60.16643524169922,59.236812591552734,56.64803695678711,54.7813835144043,53.45091247558594,51.865211486816406,49.33558654785156,48.764739990234375,49.72926712036133,49.72926712036133,50.28916549682617,50.0,53.75872039794922,52.81098556518555,53.3104133605957,53.22593307495117,55.226806640625
0,-34,-95,11,30,91.54779815673828,89.1964111328125,93.34880828857422,89.14033508300781,89.8276138305664,87.04596710205078,88.45903015136719,87.69264221191406,89.8276138305664,89.80534362792969,86.31338500976562,89.9388656616211,84.50444030761719,87.96590423583984,82.97589874267578,87.86353302001953,85.91275024414062,87.61849212646484,86.40023040771484,90.42676544189453,89.9388656616211,87.96590423583984,91.28527069091797,87.32124328613281,89.14033508300781,87.78382873535156,87.04596710205078,84.2199478149414,80.15609741210938,78.8733139038086,74.40430450439453,76.216796875,71.84010314941406,66.84310150146484,66.40029907226562,63.0079345703125,60.74536895751953,57.80138397216797,53.413482666015625,54.81787872314453,50.32891845703125,54.037025451660156,50.2493782043457,49.57822036743164,50.990196228027344,51.855567932128906,50.32891845703125,53.823787689208984,54.20331954956055,54.08327102661133,53.33854293823242,53.48831558227539
0,-35,-95,11,29,92.72000885009766,91.92388153076172,92.89241027832031,95.07891082763672,87.80091094970703,92.6498794555664,90.52071380615234,91.21403503417969,86.83317565917969,88.45903015136719,89.8220443725586,87.69264221191406,88.56636047363281,85.37564086914062,86.70063781738281,87.69264221191406,87.28115844726562,86.14522552490234,88.00568389892578,91.26883697509766,90.55384826660156,88.45903015136719,87.69264221191406,94.08506774902344,88.6848373413086,88.6848373413086,85.15867614746094,81.78630828857422,82.76472473144531,79.55501556396484,78.10249328613281,77.1297607421875,72.80110168457031,71.84010314941406,65.78753662109375,62.817195892333984,60.87692642211914,58.46366500854492,57.48912811279297,55.081756591796875,51.195701599121094,54.918121337890625,52.17279052734375,49.81967544555664,49.81967544555664,50.80354309082031,54.918121337890625,56.08921432495117,53.93514633178711,56.08921432495117,53.75872039794922,58.5918083190918
0,-34,-95,10,33,94.00531768798828,94.00531768798828,97.02061462402344,95.00526428222656,96.0,92.0,94.00531768798828,90.022216796875,92.0869140625,90.13877868652344,90.0888442993164,90.13877868652344,88.45903015136719,89.45389556884766,87.69264221191406,92.9139404296875,88.28363037109375,90.42676544189453,90.60904693603516,92.96235656738281,89.62700653076172,92.76313781738281,92.77930450439453,92.9139404296875,89.35882568359375,91.3509750366211,88.45903015136719,87.28115844726562,82.15229797363281,83.05419921875,78.00640869140625,77.05841827392578,76.00657653808594,70.0,68.0,65.0,63.0,56.0,56.00892639160156,55.0,53.0848388671875,52.15361785888672,55.3263053894043,52.345008850097656,53.46026611328125,52.611785888671875,55.3263053894043,55.3263053894043,55.009090423583984,57.0,55.226806640625,55.73149871826172
0,-34,-95,9,41,106.82696533203125,104.20172882080078,108.07405090332031,107.00466918945312,104.8093490600586,104.8093490600586,105.60302734375,101.82828521728516,100.12492370605469,100.5683822631836,100.5683822631836,99.76472473144531,98.31072998046875,99.00505065917969,99.72462463378906,101.83319854736328,101.17806243896484,98.31072998046875,101.31633758544922,104.7377700805664,103.96633911132812,103.23758697509766,103.94710540771484,103.94710540771484,102.55242919921875,101.17806243896484,97.18538665771484,95.2680435180664,94.02127075195312,92.00543212890625,88.81441497802734,85.21150207519531,81.60882568359375,75.7165756225586,75.1664810180664,71.84706115722656,68.818603515625,66.0302963256836,61.61168670654297,60.80295944213867,59.81638717651367,59.54829788208008,59.66573715209961,57.48912811279297,57.384666442871094,58.79625701904297,59.54829788208008,61.400325775146484,62.42595672607422,62.433963775634766,63.1347770690918,62.2414665222168
0,-34,-95,9,40,104.70912170410156,103.83159637451172,106.17438507080078,104.70912170410156,103.353759765625,101.59724426269531,104.10091400146484,100.84642028808594,100.16985321044922,100.84642028808594,101.71037292480469,99.85990142822266,98.18350219726562,96.83490753173828,96.60745239257812,100.42410278320312,96.67471313476562,100.2646484375,99.35794067382812,102.17631530761719,102.61579132080078,102.94173431396484,103.00485229492188,104.01922607421875,99.29753112792969,100.68763732910156,96.25486755371094,96.25486755371094,90.73587799072266,89.8888168334961,86.45230102539062,85.08818817138672,80.13114166259766,77.82672882080078,73.43023681640625,74.24284362792969,67.5351791381836,63.52952194213867,61.773780822753906,58.66856002807617,59.90826416015625,58.600341796875,58.24946212768555,58.24946212768555,57.80138397216797,58.00862121582031,58.24946212768555,59.90826416015625,62.64982223510742,64.40496826171875,63.56099319458008,63.24555206298828
0,-34,-95,10,34,95.41488647460938,93.49331665039062,96.04165649414062,94.87360382080078,92.11405944824219,92.96235656738281,92.96235656738281,90.21086120605469,89.1852035522461,90.91754150390625,88.54942321777344,88.1192398071289,89.47066497802734,89.15716552734375,85.42832946777344,89.96110534667969,87.46427917480469,89.69392395019531,88.39117431640625,89.69392395019531,92.70382690429688,91.78779602050781,90.87353515625,91.0,90.3382568359375,91.23595428466797,86.35391998291016,85.08818817138672,83.52843475341797,81.98780059814453,77.38862609863281,76.5506362915039,72.40165710449219,69.065185546875,64.637451171875,63.51377868652344,59.90826416015625,58.24946212768555,56.30275344848633,54.37830352783203,53.0,49.73931884765625,51.88448715209961,51.0,49.658836364746094,51.88448715209961,52.35456085205078,54.708316802978516,54.918121337890625,56.61272048950195,55.31726837158203,55.154327392578125
0,-34,-95,10,34,93.40770721435547,96.84007263183594,92.89241027832031,98.23441314697266,92.72000885009766,92.72000885009766,92.444580078125,89.73851013183594,89.73851013183594,88.0738296508789,88.6453628540039,90.42676544189453,91.92388153076172,86.97700500488281,89.94442749023438,87.82368469238281,89.35882568359375,87.57283020019531,93.53608703613281,90.44888305664062,93.05912017822266,93.64827728271484,89.94442749023438,93.4344711303711,91.78779602050781,92.22798156738281,89.44271850585938,86.12200927734375,85.37564086914062,78.10249328613281,80.52328491210938,75.69015502929688,74.3303451538086,68.62215423583984,68.3081283569336,63.60031509399414,62.09669876098633,57.723480224609375,56.32051086425781,55.785301208496094,52.39274597167969,54.12947463989258,50.80354309082031,51.62363815307617,52.95280838012695,52.77309799194336,54.58937454223633,55.31726837158203,54.5710563659668,57.28001403808594,57.00876998901367,57.245086669921875
0,-34,-95,10,34,94.04785919189453,95.18928527832031,95.52486419677734,97.16481018066406,95.18928527832031,92.22798156738281,93.38094329833984,91.08238220214844,90.42676544189453,88.6453628540039,90.24411010742188,89.05054473876953,89.28605651855469,90.2496566772461,88.05680084228516,88.23265075683594,89.1964111328125,89.4930191040039,89.53770446777344,91.39474487304688,91.39474487304688,94.25497436523438,92.04889678955078,91.39474487304688,91.48223876953125,90.9560317993164,89.05054473876953,85.5102310180664,84.5280990600586,81.58431243896484,78.91767883300781,75.66372680664062,72.69112396240234,69.35416412353516,68.26419067382812,65.4904556274414,63.50590515136719,56.56854248046875,56.718605041503906,55.44366455078125,54.34151077270508,51.41984176635742,51.97114562988281,53.36665725708008,52.39274597167969,51.6623649597168,53.851646423339844,54.918121337890625,55.44366455078125,57.21887969970703,56.00892639160156,58.03447341918945
0,-34,-95,9,40,100.28459167480469,102.77159118652344,104.56098937988281,102.59142303466797,103.7545166015625,101.98039245605469,102.9611587524414,100.62306213378906,97.49359130859375,97.86725616455078,98.73196411132812,98.41239929199219,99.2471694946289,98.18350219726562,96.18731689453125,99.04544067382812,97.04637908935547,97.1287841796875,100.0199966430664,101.12368774414062,102.17631530761719,101.40019989013672,100.40418243408203,101.07917785644531,99.2471694946289,100.4987564086914,96.17691802978516,93.38094329833984,90.25519561767578,89.05054473876953,88.0738296508789,83.6779556274414,81.04319763183594,77.88452911376953,73.08214569091797,70.3420181274414,67.44627380371094,62.817195892333984,62.585941314697266,61.392181396484375,59.84145736694336,57.87054443359375,57.706153869628906,59.53990173339844,57.87054443359375,57.706153869628906,59.03388977050781,61.61168670654297,59.90826416015625,62.64183807373047,63.5688591003418,63.56099319458008
0,-34,-95,10,34,95.12622833251953,94.3663101196289,97.98469543457031,98.48857879638672,97.51409912109375,92.41753387451172,95.33625030517578,90.70832061767578,91.76055908203125,90.2496566772461,89.73851013183594,87.93179321289062,91.39474487304688,89.1964111328125,90.13877868652344,91.54779815673828,89.15716552734375,91.18113708496094,91.38927459716797,94.15412902832031,93.40770721435547,95.63471984863281,93.98403930664062,93.30059051513672,92.97311401367188,89.84430694580078,87.80091094970703,88.76936340332031,82.97589874267578,83.74365997314453,79.62411499023438,77.66595458984375,73.54590606689453,71.02112579345703,67.89698028564453,68.24954223632812,61.814239501953125,58.051700592041016,57.706153869628906,52.95280838012695,57.00876998901367,51.6623649597168,54.120235443115234,53.16013717651367,52.49761962890625,53.45091247558594,55.081756591796875,55.54277801513672,57.87054443359375,57.314918518066406,59.03388977050781,56.00892639160156
0,-34,-95,10,34,96.33794403076172,97.32420349121094,98.65596771240234,98.15293884277344,94.3663101196289,96.33794403076172,95.35198211669922,93.94147491455078,94.14881896972656,89.62700653076172,89.49860382080078,88.8875732421875,90.8019790649414,90.75791931152344,90.44335174560547,92.11405944824219,92.11405944824219,89.8888168334961,92.11405944824219,94.9210205078125,93.92018127441406,95.5196304321289,90.75791931152344,93.98403930664062,92.34716796875,91.48223876953125,89.9888916015625,85.37564086914062,85.90692901611328,82.97589874267578,81.58431243896484,78.64476776123047,73.97972869873047,69.87130737304688,67.89698028564453,64.32728576660156,63.348243713378906,59.03388977050781,58.24946212768555,57.48912811279297,54.5710563659668,54.4058837890625,52.201534271240234,54.4058837890625,53.45091247558594,52.49761962890625,54.120235443115234,56.04462432861328,55.31726837158203,58.051700592041016,58.30952072143555,58.00862121582031
0,-34,-95,9,41,103.5857162475586,102.8250961303711,109.7861557006836,103.4794692993164,105.47511291503906,101.31633758544922,101.82337951660156,102.53292083740234,101.11874389648438,101.83319854736328,99.00505065917969,95.48298645019531,98.49365234375,99.08582305908203,95.90099334716797,101.04454803466797,95.60334777832031,101.40019989013672,99.04544067382812,101.0197982788086,102.00489807128906,101.82828521728516,102.303466796875,102.44998931884766,98.59513092041016,98.49365234375,96.33275604248047,95.48298645019531,90.52071380615234,90.52071380615234,83.48652648925781,84.85281372070312,80.62257385253906,76.38062286376953,73.55270385742188,70.03570556640625,69.35416412353516,64.44377136230469,61.52235412597656,60.14149856567383,60.14149856567383,56.7274169921875,57.48912811279297,54.037025451660156,59.81638717651367,56.40035629272461,61.22091293334961,59.54829788208008,62.22539520263672,64.44377136230469,62.62587356567383,61.587337493896484
0,-34,-95,9,40,101.95096588134766,102.52804565429688,104.40306854248047,102.88343048095703,102.52804565429688,103.81714630126953,103.12128448486328,97.08243560791016,97.08243560791016,98.08159637451172,98.08159637451172,96.5660400390625,97.26766967773438,95.34149169921875,96.69022369384766,97.08243560791016,96.33794403076172,95.7078857421875,100.28459167480469,101.27191162109375,98.47842407226562,100.44898986816406,97.67292022705078,100.62306213378906,99.2471694946289,99.46356201171875,95.8018798828125,93.40770721435547,93.96276092529297,89.5600357055664,85.38150024414062,84.11896514892578,81.59656524658203,74.94664764404297,71.51223754882812,68.94925689697266,67.67569732666016,63.60031509399414,61.6846809387207,57.9741325378418,58.694122314453125,57.48912811279297,59.03388977050781,58.85575485229492,58.85575485229492,57.070133209228516,59.43904495239258,59.43904495239258,61.98386764526367,62.62587356567383,63.158531188964844,63.52952194213867
0,-34,-95,9,40,101.59724426269531,99.36296844482422,103.83159637451172,104.70912170410156,101.59724426269531,101.11874389648438,102.0,98.83824920654297,97.49359130859375,97.98979187011719,98.41239929199219,95.34149169921875,93.98403930664062,93.98403930664062,93.40770721435547,97.14422607421875,96.13532257080078,94.86833190917969,99.92997741699219,97.73944854736328,98.08159637451172,99.36800384521484,96.2081069946289,99.95999145507812,96.93296813964844,94.5409927368164,93.52005004882812,90.82400512695312,89.44271850585938,86.76981353759766,84.2199478149414,81.00617218017578,78.892333984375,73.06161499023438,69.97142028808594,69.83551788330078,65.86349487304688,60.90156173706055,60.41522979736328,58.13776779174805,56.79788589477539,57.27128601074219,56.46237564086914,59.09314727783203,56.080299377441406,56.859474182128906,57.384666442871094,59.4810905456543,58.18075180053711,61.91122817993164,61.400325775146484,61.61980056762695
0,-34,-95,9,41,103.94710540771484,104.65180206298828,107.48953247070312,107.48953247070312,103.23758697509766,108.2081298828125,105.418212890625,101.83319854736328,98.31072998046875,96.33275604248047,99.15644073486328,97.94896697998047,96.82975006103516,96.21330261230469,97.6166000366211,98.60020446777344,97.6524429321289,96.40020751953125,102.64988708496094,102.41581726074219,102.2007827758789,101.212646484375,99.02020263671875,103.00485229492188,100.89598846435547,100.12492370605469,94.79451751708984,93.38094329833984,93.34880828857422,87.68124389648438,86.27861785888672,84.2199478149414,81.46778869628906,77.33692169189453,73.10950469970703,69.35416412353516,67.94115447998047,65.0691909790039,60.8276252746582,60.10823440551758,57.28001403808594,58.79625701904297,58.051700592041016,56.63920974731445,59.41380310058594,58.051700592041016,60.8276252746582,60.81118392944336,62.2414665222168,65.19202423095703,64.20280456542969,64.0078125
0,-34,-95,9,40,104.177734375,103.46497344970703,109.7861557006836,105.47511291503906,105.47511291503906,101.2422866821289,103.09219360351562,100.5683822631836,99.6242904663086,101.83319854736328,100.57833099365234,100.96038818359375,101.13851928710938,97.26766967773438,96.04686737060547,100.0199966430664,96.69022369384766,98.65596771240234,98.47842407226562,103.57605743408203,102.39140319824219,102.39140319824219,101.86756134033203,102.18121337890625,101.13851928710938,99.72462463378906,96.16651916503906,95.50916290283203,92.02716827392578,90.47651672363281,83.93450164794922,85.4400405883789,83.21658325195312,77.47257232666016,74.73285675048828,71.86793518066406,68.15423583984375,64.25729370117188,62.032249450683594,60.406951904296875,61.032779693603516,57.87054443359375,61.400325775146484,57.9741325378418,58.94064712524414,59.4810905456543,59.4810905456543,60.4400520324707,61.6846809387207,64.47480010986328,62.64982223510742,62.12889862060547
0,-34,-95,9,41,106.38138580322266,106.56922912597656,112.36102294921875,107.56393432617188,107.37783813476562,102.48902130126953,102.59142303466797,102.48902130126953,101.40019989013672,102.17631530761719,99.04544067382812,96.00521087646484,101.00495147705078,101.00495147705078,98.0204086303711,100.12492370605469,99.08077239990234,99.12618255615234,98.18350219726562,101.0197982788086,103.01941680908203,103.0436782836914,101.00495147705078,104.12012481689453,102.0,100.04499053955078,98.12747192382812,99.32270812988281,92.34716796875,91.4439697265625,85.70880889892578,84.34452819824219,82.20097351074219,77.27871704101562,78.64476776123047,73.16419982910156,67.74215698242188,64.77654266357422,64.49806213378906,60.406951904296875,59.304298400878906,57.14017868041992,59.03388977050781,57.14017868041992,58.13776779174805,59.21148681640625,59.21148681640625,61.29437255859375,62.801273345947266,65.11528015136719,64.28841400146484,62.62587356567383
0,-35,-95,11,31,95.21029663085938,92.6552734375,95.52486419677734,94.30270385742188,91.40021514892578,92.0869140625,95.41488647460938,94.03190612792969,93.49331665039062,91.52595520019531,91.26883697509766,92.43917083740234,90.04998779296875,90.78546142578125,86.31338500976562,93.03762817382812,91.38927459716797,91.28527069091797,89.15716552734375,93.10746765136719,88.56636047363281,92.19544219970703,93.05912017822266,89.44271850585938,91.7060546875,93.53608703613281,85.95928955078125,87.66413116455078,82.6619644165039,81.83519744873047,79.07591247558594,78.54934692382812,76.5506362915039,72.67048645019531,66.61080932617188,68.24221801757812,62.42595672607422,53.600372314453125,56.30275344848633,55.226806640625,55.226806640625,50.6063232421875,54.708316802978516,51.4781494140625,50.6063232421875,54.120235443115234,55.90169906616211,57.30619430541992,57.982757568359375,58.2580451965332,57.384666442871094,53.740116119384766
0,-34,-95,10,35,98.18350219726562,99.29753112792969,97.94386291503906,99.86490631103516,97.34988403320312,96.79875946044922,97.34988403320312,95.13148498535156,94.03190612792969,91.58602142333984,92.78469848632812,92.1791763305664,91.24143981933594,93.91485595703125,92.13034057617188,92.13577270507812,94.02127075195312,91.28527069091797,94.15412902832031,95.2732925415039,94.81033325195312,95.7078857421875,94.3663101196289,94.84724426269531,93.94147491455078,93.53608703613281,89.1852035522461,88.20430755615234,87.66413116455078,82.92768096923828,82.6619644165039,79.4040298461914,75.60423278808594,72.20111083984375,69.81404113769531,67.20118713378906,64.07027435302734,59.64059066772461,59.64059066772461,56.30275344848633,54.64430618286133,55.226806640625,55.56977462768555,54.708316802978516,55.07267761230469,55.226806640625,55.75840759277344,59.07622146606445,58.00862121582031,58.00862121582031,60.20797348022461,60.10823440551758
0,-34,-95,10,35,97.86214447021484,98.79270935058594,99.36800384521484,98.4327163696289,99.16148376464844,95.63471984863281,95.63471984863281,94.33981323242188,93.98403930664062,93.92018127441406,91.39474487304688,92.444580078125,92.89241027832031,91.4439697265625,92.6498794555664,91.4439697265625,92.39588928222656,90.60904693603516,94.5409927368164,93.94147491455078,95.12622833251953,95.12622833251953,92.96235656738281,95.52486419677734,94.83142852783203,93.40770721435547,92.444580078125,87.93179321289062,86.97700500488281,82.54090118408203,80.99382781982422,77.49193572998047,76.32168579101562,71.86793518066406,69.07966613769531,64.62197875976562,62.297672271728516,57.87054443359375,55.36244201660156,57.28001403808594,53.851646423339844,54.5710563659668,53.15073013305664,53.36665725708008,53.36665725708008,54.81787872314453,54.5710563659668,57.00876998901367,58.24087905883789,59.13543701171875,59.50630187988281,60.539241790771484
0,-34,-95,9,40,102.57679748535156,104.31682586669922,103.83159637451172,108.0462875366211,103.353759765625,106.17438507080078,102.0,98.88377380371094,100.23971557617188,96.60745239257812,100.17984008789062,99.80982208251953,97.30878448486328,97.30878448486328,98.4327163696289,96.5660400390625,100.24469757080078,94.86833190917969,102.2007827758789,102.45974731445312,101.51354217529297,102.18121337890625,98.4327163696289,102.78618621826172,98.4327163696289,100.46392059326172,97.16995239257812,92.61209106445312,93.94147491455078,86.8158950805664,89.89437866210938,84.53401947021484,80.95059967041016,76.94153594970703,74.30342864990234,68.0,67.5351791381836,63.50590515136719,63.071388244628906,60.926185607910156,58.694122314453125,59.236812591552734,57.245086669921875,57.93962478637695,58.52349853515625,58.872745513916016,60.74536895751953,61.09828186035156,60.008331298828125,62.17716598510742,63.28506851196289,64.20280456542969
0,-34,-95,10,34,94.83142852783203,99.92497253417969,94.3716049194336,99.92497253417969,95.07891082763672,96.3016128540039,92.72000885009766,94.25497436523438,92.6552734375,90.75791931152344,91.4166259765625,92.11405944824219,90.47099304199219,90.47099304199219,91.78779602050781,90.37699127197266,93.02149963378906,88.56636047363281,95.29428100585938,93.94147491455078,93.03762817382812,95.2732925415039,89.47066497802734,93.4772720336914,93.94147491455078,93.23089599609375,90.2496566772461,84.30895233154297,86.97700500488281,81.93289947509766,79.69943237304688,77.79460144042969,73.37574768066406,70.88018035888672,68.00735473632812,64.51356506347656,63.24555206298828,60.083274841308594,57.584720611572266,58.52349853515625,52.92447280883789,55.03635025024414,51.89412307739258,54.5618896484375,53.66563034057617,52.801513671875,55.46169662475586,56.46237564086914,55.36244201660156,59.13543701171875,57.00876998901367,59.6824951171875
0,-34,-95,10,35,97.20082092285156,95.21029663085938,99.04544067382812,97.20082092285156,98.81295776367188,95.8018798828125,96.60745239257812,93.81364440917969,93.00537872314453,92.6498794555664,91.92388153076172,90.55384826660156,91.30169677734375,92.59049987792969,90.42676544189453,93.05912017822266,89.89994812011719,90.78546142578125,91.23595428466797,94.3663101196289,93.64827728271484,94.8946762084961,95.38343811035156,95.2732925415039,95.77056121826172,94.5145492553711,91.58602142333984,88.48163604736328,82.6619644165039,86.02325439453125,77.801025390625,78.4091796875,74.81310272216797,69.52696990966797,70.93659210205078,66.61080932617188,63.82006072998047,60.0,58.00862121582031,56.859474182128906,55.217750549316406,53.823787689208984,56.080299377441406,53.0,53.5350341796875,54.64430618286133,56.859474182128906,58.00862121582031,58.00862121582031,61.84658432006836,58.051700592041016,58.79625701904297
0,-35,-95,11,30,91.92388153076172,93.471923828125,98.38699340820312,93.03762817382812,96.17691802978516,91.78779602050781,90.78546142578125,90.37699127197266,91.7060546875,88.1192398071289,90.82400512695312,88.6848373413086,89.35882568359375,90.21086120605469,89.8888168334961,88.48163604736328,88.60022735595703,87.20092010498047,90.60353088378906,90.8019790649414,92.6552734375,92.41753387451172,90.97252655029297,94.30270385742188,89.69392395019531,88.5098876953125,90.82400512695312,86.45230102539062,84.2199478149414,78.39005279541016,75.13321685791016,77.89736938476562,75.1531753540039,69.7782211303711,69.35416412353516,64.0078125,60.539241790771484,57.697486877441406,55.94640350341797,55.4707145690918,54.120235443115234,56.35601043701172,53.0,52.69725036621094,54.08327102661133,51.865211486816406,51.865211486816406,58.830265045166016,57.30619430541992,60.74536895751953,53.45091247558594,60.41522979736328
0,-34,-95,9,41,105.68348693847656,107.07473754882812,105.80170440673828,106.8316421508789,106.8316421508789,104.04325866699219,102.64988708496094,100.20977783203125,100.80178833007812,101.04454803466797,100.0,100.89598846435547,100.00499725341797,99.2471694946289,99.82484436035156,100.44898986816406,98.31072998046875,99.00505065917969,102.55242919921875,103.94710540771484,102.53292083740234,105.38026428222656,101.17806243896484,104.69001770019531,100.6578369140625,100.76705932617188,97.45255279541016,95.60334777832031,92.00543212890625,89.05054473876953,85.70297241210938,84.62860107421875,81.60882568359375,78.49203491210938,75.7165756225586,69.065185546875,69.3397445678711,66.85057830810547,63.60031509399414,61.22091293334961,60.605281829833984,58.00862121582031,60.20797348022461,60.95900344848633,58.728187561035156,60.30754470825195,62.36986541748047,60.95900344848633,63.82006072998047,64.66065216064453,64.41273498535156,65.55150604248047
0,-34,-95,9,41,105.54619598388672,107.20074462890625,108.18965148925781,109.4897232055664,107.87029266357422,104.23531341552734,106.9205322265625,101.83319854736328,100.84146118164062,100.7174301147461,100.60317993164062,102.31324768066406,101.12368774414062,100.07997131347656,100.0199966430664,99.00505065917969,101.00495147705078,98.0,101.07917785644531,103.01941680908203,101.00495147705078,104.00480651855469,102.0,103.00485229492188,102.07839965820312,102.07839965820312,98.32598876953125,96.51942443847656,93.64827728271484,88.81441497802734,87.96590423583984,86.83317565917969,81.39410400390625,78.91767883300781,75.95393371582031,72.69112396240234,69.58448028564453,64.77654266357422,63.50590515136719,62.20128631591797,60.20797348022461,60.13318634033203,59.03388977050781,58.03447341918945,60.0333251953125,61.032779693603516,62.032249450683594,63.12685775756836,64.38167572021484,63.639610290527344,64.03124237060547,64.8459701538086
0,-34,-95,10,35,94.42987060546875,95.07891082763672,96.25486755371094,96.00521087646484,93.52005004882812,92.70382690429688,91.38927459716797,90.37699127197266,87.72685241699219,87.23531341552734,88.10221099853516,90.42676544189453,88.32327270507812,88.83692932128906,87.8179931640625,89.04492950439453,88.7524642944336,85.75546264648438,88.7524642944336,93.74433135986328,91.06591033935547,91.58602142333984,89.1852035522461,92.11405944824219,92.43917083740234,89.55445098876953,86.31338500976562,83.67198181152344,82.29216003417969,79.30951690673828,76.15773010253906,75.7693862915039,72.80110168457031,68.3520278930664,68.3520278930664,62.3939094543457,60.16643524169922,58.18075180053711,57.27128601074219,53.712196350097656,52.32590103149414,52.35456085205078,52.32590103149414,52.839378356933594,53.23532485961914,52.839378356933594,53.23532485961914,58.18075180053711,57.00876998901367,56.30275344848633,57.28001403808594,58.051700592041016
0,-34,-95,10,34,98.0866928100586,99.5389404296875,99.16148376464844,98.61541748046875,96.93296813964844,96.93296813964844,92.8493423461914,93.77632904052734,94.33981323242188,92.02716827392578,93.30059051513672,92.04889678955078,92.1791763305664,91.67878723144531,90.9560317993164,91.4439697265625,90.8019790649414,92.19544219970703,91.4111557006836,92.57429504394531,93.94147491455078,96.31718444824219,94.5938720703125,96.31718444824219,92.6498794555664,92.1791763305664,90.8019790649414,88.54377746582031,86.37708282470703,81.93289947509766,77.8331527709961,78.18567657470703,75.96051788330078,72.61542510986328,70.93659210205078,65.0,64.62197875976562,58.52349853515625,59.77457809448242,59.13543701171875,55.36244201660156,55.36244201660156,53.600372314453125,54.81787872314453,54.81787872314453,55.081756591796875,55.785301208496094,57.28001403808594,56.30275344848633,59.80802536010742,60.008331298828125,59.16925048828125
0,-34,-95,10,35,102.17631530761719,96.25486755371094,102.23991394042969,97.25225067138672,101.17806243896484,95.18928527832031,97.25225067138672,95.33625030517578,94.5304183959961,93.64827728271484,94.42987060546875,91.78779602050781,91.24143981933594,91.4111557006836,89.44271850585938,93.94147491455078,91.4439697265625,93.17188262939453,91.92388153076172,93.62158203125,96.10411071777344,96.54014587402344,93.94147491455078,94.14881896972656,96.17691802978516,93.05912017822266,90.79647827148438,91.4439697265625,85.37564086914062,85.21150207519531,79.15807342529297,80.09993743896484,75.1065902709961,71.0633544921875,69.065185546875,68.02940368652344,65.0076904296875,60.008331298828125,59.00847244262695,57.03507614135742,56.32051086425781,52.345008850097656,56.56854248046875,54.58937454223633,55.578773498535156,55.44366455078125,57.314918518066406,60.406951904296875,58.07753372192383,62.0,58.03447341918945,61.814239501953125
0,-34,-95,9,41,109.03668975830078,102.956298828125,111.46299743652344,101.96568298339844,110.02726745605469,100.60317993164062,105.07616424560547,102.1077880859375,102.42070007324219,102.77159118652344,102.77159118652344,99.04039764404297,98.27003479003906,99.20181274414062,96.5660400390625,100.96038818359375,98.37174224853516,100.0,98.67117309570312,101.83319854736328,101.2422866821289,103.74005889892578,104.04806518554688,102.88343048095703,99.04039764404297,99.2471694946289,97.86214447021484,97.16481018066406,90.42676544189453,94.3663101196289,85.70880889892578,86.70063781738281,82.49242401123047,77.41446685791016,76.41989135742188,74.24284362792969,68.26419067382812,65.37583923339844,62.513999938964844,58.54912567138672,61.0,58.24946212768555,60.63827133178711,58.051700592041016,58.694122314453125,60.20797348022461,61.0,61.814239501953125,65.4904556274414,64.38167572021484,66.0,64.28063201904297
0,-34,-95,10,34,97.30878448486328,97.30878448486328,99.72462463378906,99.5389404296875,97.49871826171875,96.3846435546875,96.2081069946289,93.04837799072266,91.76055908203125,92.35800170898438,92.97311401367188,89.4930191040039,92.1791763305664,90.52071380615234,89.9888916015625,91.92388153076172,91.0054931640625,90.70832061767578,93.74433135986328,94.9210205078125,93.39164733886719,94.83142852783203,93.14505004882812,94.83142852783203,92.04889678955078,92.6552734375,88.54377746582031,88.60022735595703,87.09190368652344,84.8646011352539,79.2022705078125,79.30951690673828,76.05918884277344,71.58910369873047,70.26378631591797,64.47480010986328,61.32699203491211,60.926185607910156,57.384666442871094,55.36244201660156,55.02726745605469,53.45091247558594,55.6596794128418,53.45091247558594,55.36244201660156,55.6596794128418,53.141319274902344,55.973209381103516,59.61543273925781,58.5918083190918,58.30952072143555,59.203041076660156
0,-35,-95,11,31,93.52005004882812,94.42987060546875,100.46392059326172,102.15674591064453,93.52005004882812,97.50897216796875,97.30878448486328,92.19544219970703,91.0,89.53770446777344,91.92388153076172,91.21403503417969,92.04889678955078,88.23265075683594,89.4930191040039,89.28605651855469,96.04686737060547,86.68333435058594,92.89241027832031,95.07891082763672,95.8018798828125,97.26766967773438,93.00537872314453,94.64142608642578,92.35800170898438,91.08238220214844,90.47651672363281,82.63776397705078,86.92525482177734,81.93900299072266,82.76472473144531,79.7057113647461,75.1531753540039,69.35416412353516,67.11929321289062,65.7419204711914,60.8276252746582,57.384666442871094,57.706153869628906,55.36244201660156,51.4781494140625,55.154327392578125,56.61272048950195,58.52349853515625,54.08327102661133,54.4058837890625,57.00876998901367,59.61543273925781,58.5918083190918,64.49806213378906,57.982757568359375,60.0
0,-34,-95,10,34,96.15092468261719,93.91485595703125,98.41239929199219,95.2732925415039,96.60745239257812,89.96110534667969,94.42987060546875,91.7060546875,91.38927459716797,91.38927459716797,90.2496566772461,89.8888168334961,88.86506652832031,88.54377746582031,85.4400405883789,91.0933609008789,86.58522033691406,90.2496566772461,87.55569458007812,92.89241027832031,91.0933609008789,92.444580078125,92.34716796875,93.00537872314453,91.08238220214844,88.86506652832031,87.09190368652344,88.39117431640625,81.1541748046875,83.77350616455078,76.05918884277344,77.38862609863281,74.24958038330078,70.21395874023438,64.40496826171875,66.64083099365234,61.32699203491211,58.18075180053711,55.154327392578125,53.851646423339844,53.48831558227539,51.865211486816406,54.4058837890625,52.49761962890625,52.49761962890625,54.708316802978516,55.02726745605469,55.6596794128418,57.384666442871094,59.53990173339844,56.30275344848633,57.42821502685547
0,-34,-95,9,40,101.96568298339844,106.8877944946289,103.7545166015625,108.6876220703125,103.31505584716797,103.31505584716797,100.17984008789062,100.18482971191406,97.52947998046875,97.1287841796875,97.24710845947266,97.41663360595703,96.79875946044922,97.90811920166016,95.96353149414062,99.04544067382812,98.0051040649414,95.8018798828125,98.60020446777344,100.0,99.04544067382812,102.64988708496094,97.6524429321289,100.20977783203125,99.29753112792969,99.02020263671875,96.3846435546875,92.28217315673828,93.1504135131836,86.35391998291016,84.07734680175781,84.09518432617188,80.49844360351562,75.58438873291016,73.34848022460938,67.97793579101562,66.64833068847656,63.95310592651367,63.06346130371094,59.16925048828125,59.16925048828125,59.36328887939453,57.982757568359375,57.982757568359375,58.52349853515625,57.14017868041992,60.20797348022461,61.400325775146484,61.29437255859375,64.47480010986328,63.5688591003418,65.25334930419922
0,-35,-95,11,30,99.4032211303711,96.40020751953125,95.44107818603516,98.40731811523438,92.00543212890625,93.81364440917969,92.41753387451172,92.80086517333984,88.81441497802734,87.3670425415039,89.8888168334961,89.69392395019531,90.82400512695312,90.78546142578125,88.1192398071289,87.6584243774414,87.66413116455078,84.9705810546875,89.47066497802734,92.61209106445312,88.10221099853516,94.82615661621094,89.06739044189453,92.19544219970703,91.7060546875,92.78469848632812,86.60831451416016,86.8216552734375,83.76156616210938,79.61155700683594,78.23681640625,72.42237091064453,72.42237091064453,68.60028839111328,64.81512451171875,64.637451171875,61.61168670654297,54.64430618286133,56.859474182128906,54.37830352783203,55.226806640625,53.712196350097656,52.15361785888672,54.37830352783203,53.851646423339844,53.0,54.708316802978516,58.24946212768555,56.035701751708984,56.85068130493164,59.03388977050781,63.25345993041992
0,-34,-95,10,34,96.02082824707031,93.02149963378906,98.08159637451172,97.04637908935547,99.0,94.00531768798828,94.13288116455078,92.02173614501953,92.0869140625,90.19977569580078,90.27181243896484,88.6848373413086,89.10667419433594,90.25519561767578,88.95504760742188,89.62700653076172,89.26925659179688,88.84255981445312,90.02777099609375,92.76313781738281,92.57429504394531,93.5574722290039,91.4111557006836,90.60904693603516,90.25519561767578,90.79647827148438,87.57283020019531,85.47514343261719,85.37564086914062,82.2982406616211,79.15807342529297,77.02597045898438,73.02738952636719,72.0,68.00735473632812,67.00746154785156,62.20128631591797,57.14017868041992,58.03447341918945,57.314918518066406,56.4358024597168,52.46903991699219,53.75872039794922,51.195701599121094,51.97114562988281,54.918121337890625,54.451812744140625,59.41380310058594,58.13776779174805,59.00847244262695,57.07889175415039,58.54912567138672
0,-34,-95,10,34,92.34716796875,89.84430694580078,94.64142608642578,92.04889678955078,92.34716796875,90.8019790649414,91.76055908203125,88.05680084228516,85.86617279052734,87.55569458007812,87.32124328613281,85.90692901611328,85.15867614746094,85.5102310180664,83.18653869628906,87.69264221191406,85.47514343261719,87.57283020019531,86.28441619873047,89.27485656738281,87.46427917480469,91.3509750366211,89.94442749023438,87.57283020019531,89.10667419433594,85.5102310180664,81.39410400390625,83.9523696899414,77.66595458984375,79.07591247558594,73.97972869873047,72.2772445678711,68.88395690917969,65.96968841552734,64.28841400146484,62.09669876098633,60.16643524169922,56.51548385620117,54.34151077270508,51.195701599121094,50.990196228027344,50.35871505737305,51.62363815307617,50.2493782043457,51.244510650634766,52.345008850097656,51.244510650634766,53.93514633178711,55.10898208618164,55.36244201660156,55.71355438232422,54.5618896484375
0,-34,-95,10,34,96.84007263183594,93.39164733886719,98.48857879638672,95.34149169921875,96.54014587402344,91.67878723144531,93.5574722290039,90.8019790649414,90.42676544189453,90.42676544189453,90.60904693603516,89.44271850585938,88.6848373413086,88.56636047363281,86.20904541015625,89.20201873779297,86.09297180175781,91.0494384765625,92.00543212890625,93.00537872314453,91.0494384765625,92.02173614501953,92.13577270507812,92.0869140625,91.54779815673828,90.66973114013672,87.69264221191406,85.70880889892578,81.04936981201172,83.02409362792969,78.44743347167969,76.11833190917969,71.19690704345703,70.21395874023438,67.26811981201172,65.51335906982422,64.13267517089844,58.24946212768555,54.7448616027832,53.46026611328125,54.451812744140625,51.088157653808594,56.14267349243164,52.08646774291992,53.0848388671875,52.08646774291992,55.145263671875,54.147945404052734,58.694122314453125,57.723480224609375,57.28001403808594,59.61543273925781
0,-34,-95,10,34,95.01578521728516,92.43917083740234,97.75479888916016,94.5145492553711,97.75479888916016,90.91754150390625,92.78469848632812,92.11405944824219,89.35882568359375,90.97252655029297,89.8888168334961,87.6584243774414,88.00568389892578,88.40814208984375,87.20092010498047,89.8109130859375,87.32124328613281,89.64373779296875,87.96590423583984,90.13877868652344,90.27181243896484,91.21403503417969,92.20086669921875,89.8109130859375,88.81441497802734,89.05054473876953,85.14693450927734,86.28441619873047,82.68010711669922,80.26206970214844,74.24284362792969,75.66372680664062,74.30342864990234,69.35416412353516,67.08203887939453,64.88451385498047,63.06346130371094,57.30619430541992,57.30619430541992,52.839378356933594,55.56977462768555,53.0,53.823787689208984,51.312767028808594,51.61395263671875,53.25410842895508,53.851646423339844,56.603885650634766,57.80138397216797,56.859474182128906,57.245086669921875,56.75385284423828
0,-34,-95,9,41,103.3247299194336,104.29285430908203,104.3455810546875,106.73799896240234,100.43903350830078,101.39033508300781,102.1077880859375,99.68952178955078,96.7729263305664,96.8813705444336,96.33794403076172,95.35198211669922,95.63471984863281,96.51942443847656,97.41663360595703,95.2575454711914,96.04686737060547,95.13148498535156,99.00505065917969,99.12618255615234,97.25225067138672,100.17984008789062,95.33625030517578,98.0051040649414,99.2471694946289,98.41239929199219,95.52486419677734,91.92388153076172,93.05912017822266,87.132080078125,85.0,83.36066436767578,79.62411499023438,76.68767547607422,73.34848022460938,69.05070495605469,68.24954223632812,62.64982223510742,62.64982223510742,59.53990173339844,55.578773498535156,57.314918518066406,57.00876998901367,58.03447341918945,57.14017868041992,57.21887969970703,60.20797348022461,60.530982971191406,61.66035842895508,61.98386764526367,63.06346130371094,63.90618133544922
0,-34,-95,9,41,106.8877944946289,105.0951919555664,106.43777465820312,106.45186614990234,109.59014892578125,105.55093383789062,104.20172882080078,105.11898040771484,102.42070007324219,102.08329772949219,102.57679748535156,101.54801940917969,99.85990142822266,98.18350219726562,99.85990142822266,100.68763732910156,98.81295776367188,101.0197982788086,100.60317993164062,102.41581726074219,102.07839965820312,104.29285430908203,101.2422866821289,104.29285430908203,102.34255981445312,101.54801940917969,98.61541748046875,97.52947998046875,94.3663101196289,91.24143981933594,89.89994812011719,86.31338500976562,82.85529327392578,77.87811279296875,75.64390563964844,73.40980529785156,69.7782211303711,64.40496826171875,64.40496826171875,62.64982223510742,62.64982223510742,61.773780822753906,61.400325775146484,59.36328887939453,61.057350158691406,61.400325775146484,62.265560150146484,63.06346130371094,63.976558685302734,64.47480010986328,66.0984115600586,65.51335906982422
0,-34,-95,10,34,92.61209106445312,97.94386291503906,95.75489807128906,96.60745239257812,93.94147491455078,94.81033325195312,91.23595428466797,91.7060546875,90.47099304199219,90.2496566772461,90.2496566772461,89.53770446777344,87.59566497802734,87.59566497802734,88.23265075683594,87.93179321289062,89.73851013183594,87.09190368652344,90.9560317993164,91.21403503417969,90.13877868652344,91.0933609008789,89.1852035522461,90.52071380615234,88.86506652832031,89.53770446777344,88.0227279663086,85.61541748046875,84.69356536865234,80.11241912841797,77.38862609863281,75.1531753540039,73.34848022460938,68.47627258300781,68.0,62.17716598510742,59.93329620361328,57.697486877441406,56.46237564086914,53.851646423339844,53.48831558227539,52.81098556518555,52.201534271240234,53.75872039794922,52.201534271240234,53.48831558227539,53.48831558227539,54.625999450683594,55.94640350341797,55.90169906616211,59.07622146606445,58.41232681274414
0,-34,-95,9,41,102.31324768066406,102.23991394042969,104.17293548583984,106.23088073730469,103.17460632324219,102.17631530761719,103.12128448486328,98.08159637451172,98.08159637451172,95.04735565185547,97.00515747070312,97.02061462402344,96.08329772949219,97.1287841796875,95.18928527832031,96.33275604248047,97.51409912109375,97.51409912109375,100.84146118164062,100.12991333007812,99.40824890136719,101.59724426269531,99.2471694946289,98.41239929199219,98.12747192382812,98.08159637451172,95.0,93.0,91.02197265625,89.05054473876953,86.09297180175781,83.09632873535156,79.15807342529297,76.05918884277344,73.17103576660156,69.065185546875,67.36467742919922,66.0302963256836,63.071388244628906,60.0,58.00862121582031,58.03447341918945,58.03447341918945,56.080299377441406,55.145263671875,59.07622146606445,57.0,61.00819778442383,60.074954986572266,62.3939094543457,61.98386764526367,62.09669876098633
0,-34,-95,10,35,96.7470932006836,97.6166000366211,100.70252990722656,98.97979736328125,99.84988403320312,96.7470932006836,95.71833801269531,93.49331665039062,94.03190612792969,92.0869140625,94.04785919189453,90.21086120605469,91.40021514892578,90.0,88.23831176757812,92.95697784423828,90.02777099609375,92.19544219970703,91.9673843383789,94.11163330078125,94.84724426269531,95.67131042480469,93.08598327636719,95.7757797241211,94.02127075195312,92.00543212890625,88.60022735595703,88.23265075683594,85.44589233398438,85.70297241210938,79.61155700683594,77.93586730957031,75.47184753417969,70.49113464355469,69.1158447265625,67.74215698242188,62.433963775634766,60.74536895751953,58.52349853515625,56.61272048950195,56.61272048950195,52.201534271240234,55.0,54.20331954956055,54.81787872314453,55.0,55.44366455078125,58.00862121582031,59.64059066772461,60.41522979736328,61.717098236083984,61.09828186035156
0,-34,-95,10,34,94.4933853149414,96.40020751953125,94.20191192626953,98.40731811523438,97.30878448486328,95.42536163330078,92.00543212890625,90.8019790649414,90.42676544189453,88.23265075683594,88.23265075683594,89.30845642089844,89.04492950439453,87.92041778564453,89.04492950439453,87.132080078125,90.42676544189453,87.46427917480469,92.66067504882812,91.30169677734375,92.78469848632812,92.96235656738281,88.20430755615234,91.92388153076172,90.13877868652344,90.69729614257812,88.00568389892578,85.2760238647461,85.91275024414062,80.28075408935547,79.39773559570312,75.74298858642578,73.59347534179688,70.83784484863281,67.88224792480469,63.65532302856445,62.2414665222168,60.14149856567383,57.314918518066406,57.384666442871094,50.990196228027344,54.037025451660156,53.413482666015625,54.20331954956055,52.63079071044922,52.63079071044922,53.26349639892578,56.58621597290039,56.56854248046875,59.46427536010742,58.00862121582031,59.07622146606445
0,-34,-95,10,34,96.33275604248047,97.30878448486328,97.6166000366211,100.5683822631836,97.45255279541016,98.08159637451172,93.7229995727539,94.02127075195312,90.90654754638672,89.40357971191406,91.60785675048828,91.80958557128906,92.11405944824219,89.8888168334961,90.42676544189453,91.58602142333984,94.15412902832031,90.04998779296875,95.29428100585938,95.88013458251953,93.81364440917969,95.18928527832031,91.58602142333984,94.41397857666016,93.49331665039062,93.49331665039062,89.87213134765625,87.00574493408203,88.23831176757812,81.83519744873047,81.83519744873047,78.56844329833984,75.82215881347656,72.91776275634766,70.00714111328125,65.19202423095703,63.12685775756836,59.81638717651367,58.2580451965332,57.80138397216797,53.413482666015625,55.803226470947266,53.823787689208984,55.803226470947266,56.61272048950195,55.217750549316406,55.60575485229492,57.48912811279297,56.85068130493164,59.41380310058594,60.20797348022461,59.40538787841797
0,-34,-95,10,34,92.19544219970703,92.26592254638672,96.25486755371094,92.0869140625,92.13577270507812,88.14192962646484,90.0888442993164,87.20664978027344,87.20664978027344,87.46427917480469,87.69264221191406,85.0,86.4927749633789,85.5102310180664,84.34452819824219,86.68333435058594,84.17243957519531,86.12200927734375,86.12200927734375,86.12200927734375,88.45903015136719,89.44271850585938,88.45903015136719,87.32124328613281,88.45903015136719,86.14522552490234,84.48076629638672,84.2911605834961,81.22191619873047,80.09993743896484,74.1080322265625,73.06161499023438,72.00694274902344,67.0,67.0,63.0,61.00819778442383,58.00862121582031,55.03635025024414,53.0848388671875,54.230987548828125,51.244510650634766,50.35871505737305,51.244510650634766,51.088157653808594,51.244510650634766,54.147945404052734,55.009090423583984,54.0,56.0,56.22277069091797,56.29387283325195
0,-34,-95,9,40,101.53324890136719,101.41498565673828,101.31633758544922,103.5857162475586,102.17631530761719,102.17631530761719,99.15644073486328,96.93812561035156,96.26006317138672,95.48298645019531,96.8968505859375,97.59098052978516,95.48298645019531,96.2081069946289,96.33275604248047,97.83660125732422,96.67471313476562,95.2680435180664,97.45255279541016,101.04454803466797,97.18538665771484,100.6578369140625,97.83660125732422,99.2471694946289,96.93812561035156,96.17691802978516,94.79451751708984,91.24143981933594,89.8276138305664,86.31338500976562,85.14693450927734,82.97589874267578,80.28075408935547,75.92759704589844,75.1664810180664,69.52696990966797,66.84310150146484,64.44377136230469,62.28964614868164,61.55485534667969,58.79625701904297,58.694122314453125,58.694122314453125,56.56854248046875,57.314918518066406,58.0,59.41380310058594,61.55485534667969,60.95900344848633,62.20128631591797,62.96824645996094,63.52952194213867
0,-34,-95,10,34,94.2443618774414,95.81753540039062,97.73944854736328,97.08243560791016,94.2443618774414,91.4166259765625,94.86833190917969,92.35800170898438,91.08238220214844,89.8888168334961,89.31964874267578,88.63971710205078,89.0,89.89994812011719,87.66413116455078,90.3382568359375,89.55445098876953,87.6584243774414,89.94442749023438,91.24143981933594,92.57429504394531,93.02149963378906,90.78546142578125,94.41397857666016,92.13577270507812,92.19544219970703,89.31964874267578,86.37708282470703,84.8646011352539,81.93289947509766,76.843994140625,73.08214569091797,73.76313781738281,69.37578582763672,66.7607650756836,63.89052963256836,62.93647766113281,59.77457809448242,56.920997619628906,53.45091247558594,53.851646423339844,50.9215087890625,54.625999450683594,53.3104133605957,53.48831558227539,53.851646423339844,55.02726745605469,56.30275344848633,56.920997619628906,58.24087905883789,57.48912811279297,59.21148681640625
0,-34,-95,9,40,102.31324768066406,105.57461547851562,100.60317993164062,105.47511291503906,98.50888061523438,102.23991394042969,99.50376892089844,97.51409912109375,96.7470932006836,94.20191192626953,96.50906372070312,94.3663101196289,96.10411071777344,95.56673431396484,95.56673431396484,93.62158203125,98.08159637451172,90.9560317993164,100.0,96.4624252319336,97.80081939697266,100.68763732910156,95.33625030517578,97.26766967773438,96.7729263305664,97.08243560791016,95.90099334716797,90.42676544189453,92.07062530517578,84.01190185546875,85.37564086914062,80.62257385253906,79.4040298461914,74.5452880859375,73.17103576660156,68.18357849121094,67.18630981445312,62.28964614868164,61.400325775146484,60.530982971191406,57.55866622924805,58.051700592041016,57.070133209228516,57.070133209228516,58.46366500854492,57.070133209228516,60.20797348022461,60.67124557495117,58.4208869934082,63.19810104370117,61.0,64.38167572021484
0,-34,-95,10,34,95.13148498535156,95.21029663085938,97.20082092285156,97.08243560791016,93.23089599609375,93.4772720336914,94.20191192626953,91.60785675048828,92.61749267578125,89.02246856689453,90.60353088378906,89.49860382080078,89.9388656616211,89.9388656616211,87.86353302001953,89.80534362792969,90.5096664428711,90.5096664428711,91.9673843383789,94.75231170654297,93.33809661865234,94.04785919189453,92.6552734375,94.06912231445312,92.69843292236328,89.9388656616211,88.72992706298828,86.68333435058594,83.6002426147461,82.00609588623047,81.27114868164062,79.05693817138672,72.67048645019531,70.45565795898438,68.50547790527344,66.2872543334961,60.74536895751953,58.24946212768555,57.42821502685547,54.4058837890625,56.61272048950195,54.037025451660156,56.080299377441406,53.413482666015625,54.671749114990234,52.49761962890625,54.81787872314453,55.803226470947266,57.982757568359375,58.30952072143555,57.245086669921875,57.93962478637695
0,-34,-95,9,40,100.62306213378906,102.1077880859375,102.8250961303711,105.22357177734375,101.11874389648438,99.98500061035156,100.7174301147461,97.51409912109375,96.25486755371094,95.33625030517578,97.41663360595703,96.25486755371094,96.13011932373047,94.02127075195312,93.0,94.08506774902344,94.08506774902344,93.04837799072266,98.24967956542969,98.41239929199219,98.18350219726562,98.12747192382812,97.1287841796875,100.07997131347656,98.0204086303711,95.04735565185547,93.04837799072266,89.20201873779297,89.27485656738281,85.28775024414062,83.48652648925781,80.39900207519531,78.51751708984375,73.33484649658203,71.70076751708984,69.2603759765625,65.4904556274414,63.50590515136719,60.29925537109375,59.07622146606445,58.07753372192383,57.0,58.00862121582031,58.0,58.00862121582031,58.03447341918945,58.03447341918945,60.0,61.29437255859375,62.96824645996094,59.90826416015625,62.93647766113281
0,-34,-95,9,41,102.00489807128906,102.04410552978516,104.04325866699219,104.00480651855469,104.04325866699219,103.01941680908203,102.04410552978516,99.02020263671875,98.0204086303711,99.12618255615234,96.25486755371094,96.6281509399414,95.75489807128906,96.17691802978516,96.02603912353516,97.86214447021484,95.12622833251953,93.94147491455078,99.04039764404297,98.06120300292969,99.29753112792969,100.62306213378906,99.14131164550781,101.20276641845703,97.49359130859375,100.7174301147461,93.64827728271484,93.4344711303711,91.3509750366211,91.4439697265625,85.14693450927734,84.05355072021484,81.09870910644531,77.0,74.0,71.0633544921875,68.06614685058594,64.03124237060547,61.073726654052734,58.30952072143555,58.30952072143555,57.55866622924805,59.84145736694336,59.6824951171875,56.4358024597168,58.54912567138672,59.304298400878906,60.29925537109375,62.12889862060547,63.0,62.20128631591797,61.814239501953125
0,-34,-95,10,34,96.21330261230469,98.85848236083984,97.94896697998047,97.30878448486328,95.13148498535156,95.90099334716797,95.01578521728516,92.02173614501953,91.3509750366211,91.24143981933594,90.55384826660156,89.09545135498047,90.55384826660156,90.55384826660156,89.27485656738281,91.43850708007812,89.64373779296875,88.23831176757812,91.83136749267578,93.08598327636719,94.4933853149414,93.40770721435547,89.9388656616211,92.31468200683594,92.6552734375,92.6552734375,88.45903015136719,87.69264221191406,85.58621215820312,79.90619659423828,78.64476776123047,77.15568542480469,75.07329559326172,71.58910369873047,68.7677230834961,65.85590362548828,63.78087615966797,59.41380310058594,58.728187561035156,56.56854248046875,53.037723541259766,53.75872039794922,51.7397346496582,54.5618896484375,54.671749114990234,53.15073013305664,54.5618896484375,58.694122314453125,57.28001403808594,61.073726654052734,56.61272048950195,58.30952072143555
0,-34,-95,9,40,100.7223892211914,108.7474136352539,105.55093383789062,108.7474136352539,102.88343048095703,105.19029998779297,103.36827087402344,99.74467468261719,100.64790344238281,99.29753112792969,97.52947998046875,98.97979736328125,96.8968505859375,97.09788513183594,99.85990142822266,96.26006317138672,99.6242904663086,96.60745239257812,100.60317993164062,102.2007827758789,102.64988708496094,101.60708618164062,97.6370849609375,102.2007827758789,100.40418243408203,100.4987564086914,97.24710845947266,92.78469848632812,93.53608703613281,89.06739044189453,88.1192398071289,84.11896514892578,79.60527801513672,78.26238250732422,73.79024505615234,73.82411193847656,70.66116333007812,64.41273498535156,62.64982223510742,61.400325775146484,57.45433044433594,60.20797348022461,60.20797348022461,59.90826416015625,60.464866638183594,60.20797348022461,61.057350158691406,61.057350158691406,62.17716598510742,63.56099319458008,64.62197875976562,65.0
0,-34,-95,9,41,105.30906677246094,104.9571304321289,106.0660171508789,104.62313079833984,103.94229125976562,101.212646484375,100.4987564086914,100.23971557617188,99.4786376953125,98.38699340820312,97.94896697998047,96.60745239257812,98.0866928100586,97.69339752197266,95.4620361328125,98.23441314697266,95.85926818847656,96.2081069946289,98.97979736328125,99.72462463378906,100.6578369140625,100.46392059326172,100.46392059326172,101.0197982788086,98.89894104003906,99.31767272949219,97.04637908935547,95.29428100585938,91.4166259765625,89.55445098876953,85.75546264648438,81.83519744873047,82.6619644165039,74.09453582763672,74.88658142089844,70.72481536865234,68.50547790527344,64.66065216064453,63.1347770690918,60.41522979736328,58.66856002807617,57.706153869628906,58.13776779174805,58.13776779174805,57.245086669921875,59.4810905456543,59.53990173339844,61.400325775146484,61.587337493896484,64.40496826171875,64.53681182861328,63.65532302856445
0,-34,-95,9,41,102.8250961303711,109.17874908447266,106.79419708251953,108.0462875366211,104.93807983398438,103.94710540771484,103.09703826904297,99.72462463378906,99.98500061035156,97.51409912109375,98.24967956542969,97.1287841796875,100.0199966430664,96.00521087646484,98.0,98.0051040649414,100.17984008789062,95.04735565185547,101.12368774414062,102.00489807128906,102.00489807128906,102.0,100.00499725341797,104.00480651855469,101.00495147705078,101.07917785644531,97.18538665771484,93.34345245361328,92.77930450439453,89.45389556884766,88.95504760742188,85.15867614746094,82.20097351074219,78.91767883300781,75.13321685791016,68.88395690917969,71.84706115722656,64.77654266357422,62.3939094543457,61.66035842895508,59.41380310058594,59.13543701171875,59.07622146606445,58.215118408203125,59.13543701171875,60.13318634033203,58.4208869934082,61.66035842895508,62.801273345947266,64.76110076904297,63.60031509399414,63.694583892822266
0,-34,-95,9,40,100.66280364990234,104.04806518554688,100.42410278320312,104.8093490600586,102.1077880859375,101.13851928710938,100.0,100.0,99.04039764404297,94.9210205078125,98.08159637451172,94.5568618774414,95.5196304321289,96.2081069946289,96.3846435546875,94.5409927368164,97.08243560791016,93.10746765136719,99.28242492675781,98.83824920654297,99.74467468261719,100.22474670410156,96.3846435546875,98.61541748046875,97.14422607421875,98.03060913085938,94.57801055908203,92.34716796875,92.6552734375,87.64131164550781,85.4400405883789,82.00609588623047,79.8122787475586,75.43209075927734,74.46475982666016,69.37578582763672,69.12307739257812,64.53681182861328,62.09669876098633,61.400325775146484,58.8217658996582,58.18934631347656,56.64803695678711,58.18934631347656,59.46427536010742,57.245086669921875,59.80802536010742,61.6846809387207,62.361846923828125,62.169124603271484,62.3939094543457,63.0
0,-35,-95,11,30,90.60904693603516,89.9388656616211,96.82975006103516,96.26006317138672,91.43850708007812,88.86506652832031,89.27485656738281,87.00574493408203,89.02246856689453,84.20214080810547,86.60831451416016,86.02325439453125,84.40379333496094,84.05355072021484,83.21658325195312,85.08818817138672,86.83317565917969,87.46427917480469,83.18653869628906,85.95928955078125,85.95928955078125,89.35882568359375,89.35882568359375,91.26883697509766,87.3670425415039,89.30845642089844,86.53323364257812,86.02325439453125,81.27114868164062,81.27114868164062,76.6093978881836,74.81310272216797,69.65629577636719,68.01470184326172,65.4369888305664,61.55485534667969,62.481998443603516,56.080299377441406,56.080299377441406,50.6063232421875,51.865211486816406,52.15361785888672,47.20169448852539,51.97114562988281,53.33854293823242,49.92995071411133,51.312767028808594,56.035701751708984,53.413482666015625,54.5618896484375,56.58621597290039,56.61272048950195
0,-34,-95,9,41,103.96633911132812,104.66136169433594,106.77546691894531,103.27632904052734,103.27632904052734,101.83319854736328,101.82337951660156,101.83319854736328,97.58073425292969,95.48298645019531,99.08582305908203,98.59513092041016,96.04686737060547,93.86160278320312,96.82975006103516,97.41663360595703,98.47334289550781,94.40338897705078,98.47334289550781,98.81295776367188,100.42410278320312,101.40019989013672,97.6166000366211,101.0197982788086,99.63935089111328,98.71676635742188,96.54014587402344,93.38094329833984,91.24143981933594,88.41380310058594,86.26702880859375,82.73451232910156,79.20858764648438,76.48529052734375,73.59347534179688,74.3303451538086,70.03570556640625,64.44377136230469,64.38167572021484,61.52235412597656,59.41380310058594,58.728187561035156,58.051700592041016,61.55485534667969,58.13776779174805,58.728187561035156,58.728187561035156,60.81118392944336,62.28964614868164,63.411354064941406,61.29437255859375,62.265560150146484
0,-34,-95,9,40,101.41498565673828,105.64563751220703,104.63746643066406,106.4048843383789,101.53324890136719,102.94173431396484,102.17631530761719,98.85848236083984,98.23441314697266,95.21029663085938,98.22932434082031,96.51942443847656,95.71833801269531,96.04165649414062,95.52486419677734,96.04165649414062,98.88377380371094,94.02127075195312,100.62306213378906,99.36296844482422,98.48857879638672,100.23971557617188,96.64884948730469,100.7223892211914,100.84642028808594,100.4987564086914,95.71833801269531,91.8368148803711,92.41753387451172,86.40023040771484,88.00568389892578,84.64632415771484,80.43009185791016,76.83749389648438,74.65252685546875,70.43436431884766,68.4105224609375,64.40496826171875,62.00806427001953,60.80295944213867,58.8217658996582,58.52349853515625,57.14017868041992,58.830265045166016,59.16925048828125,57.688819885253906,60.74536895751953,60.216278076171875,60.80295944213867,63.25345993041992,63.70243453979492,63.70243453979492
0,-34,-95,9,40,98.24967956542969,100.12492370605469,99.32270812988281,99.08077239990234,98.18350219726562,97.1287841796875,96.13011932373047,95.2575454711914,94.33981323242188,92.6552734375,91.78779602050781,91.08238220214844,91.59148406982422,91.7823486328125,90.02777099609375,91.67878723144531,92.1791763305664,90.70832061767578,94.64142608642578,93.40770721435547,94.83142852783203,98.48857879638672,93.62158203125,94.3716049194336,94.83142852783203,93.5574722290039,91.59148406982422,88.1192398071289,87.82368469238281,81.88406372070312,81.61495208740234,81.39410400390625,76.41989135742188,74.24284362792969,71.11258697509766,67.36467742919922,63.3876953125,62.3939094543457,60.406951904296875,57.706153869628906,55.578773498535156,56.08921432495117,54.5710563659668,52.63079071044922,55.54277801513672,56.08921432495117,55.90169906616211,58.4208869934082,56.56854248046875,60.20797348022461,60.0,59.304298400878906
0,-34,-95,9,40,100.84146118164062,100.7174301147461,104.3886947631836,103.69667053222656,103.5857162475586,98.50888061523438,100.40418243408203,98.41239929199219,96.25486755371094,98.24967956542969,97.25225067138672,94.08506774902344,94.00531768798828,96.00521087646484,93.02149963378906,96.08329772949219,94.2602767944336,97.18538665771484,96.25486755371094,97.25225067138672,98.12747192382812,101.12368774414062,97.00515747070312,99.12618255615234,96.0,98.04590606689453,94.08506774902344,94.2602767944336,88.20430755615234,90.44888305664062,84.59314727783203,81.74349975585938,80.62257385253906,76.79192352294922,73.97972869873047,70.85901641845703,63.95310592651367,62.513999938964844,58.54912567138672,60.406951904296875,59.304298400878906,57.14017868041992,57.21887969970703,55.081756591796875,58.07753372192383,57.14017868041992,59.13543701171875,59.41380310058594,62.64982223510742,59.90826416015625,61.032779693603516,63.158531188964844
0,-35,-95,11,30,90.52071380615234,86.31338500976562,93.33809661865234,92.6552734375,89.10667419433594,88.39117431640625,89.8276138305664,86.97700500488281,84.89994049072266,84.89994049072266,82.8070068359375,88.61715698242188,85.2760238647461,82.00609588623047,81.02468872070312,85.21150207519531,81.27114868164062,82.4196548461914,83.52843475341797,87.66413116455078,84.40379333496094,88.23265075683594,83.6002426147461,88.00568389892578,88.72992706298828,85.2760238647461,86.37129211425781,83.73768615722656,78.10249328613281,78.56844329833984,75.66372680664062,72.86288452148438,70.71067810058594,66.48307800292969,64.38167572021484,63.639610290527344,60.10823440551758,52.345008850097656,53.075416564941406,51.62363815307617,48.10405349731445,46.66904830932617,50.990196228027344,51.088157653808594,49.57822036743164,47.423622131347656,51.088157653808594,51.855567932128906,55.226806640625,54.81787872314453,54.20331954956055,56.4358024597168
0,-34,-95,9,40,103.27632904052734,101.86265563964844,103.96633911132812,104.66136169433594,101.17806243896484,101.11874389648438,99.72462463378906,96.8968505859375,96.93812561035156,95.67131042480469,95.01578521728516,96.21330261230469,93.60021209716797,94.40338897705078,94.40338897705078,97.08243560791016,96.79875946044922,95.13148498535156,98.18350219726562,96.79875946044922,98.22932434082031,100.68763732910156,96.83490753173828,97.90811920166016,97.00515747070312,97.6166000366211,94.02127075195312,92.19544219970703,90.68627166748047,88.5268325805664,84.148681640625,83.4385986328125,81.32035064697266,74.24958038330078,72.86288452148438,70.00714111328125,66.4680404663086,62.96824645996094,62.2414665222168,58.728187561035156,57.28001403808594,56.63920974731445,57.48912811279297,56.7274169921875,57.48912811279297,56.85068130493164,55.90169906616211,58.694122314453125,61.52235412597656,60.95900344848633,61.400325775146484,62.433963775634766
0,-34,-95,9,40,100.44898986816406,103.57605743408203,104.92378234863281,102.25947570800781,101.60708618164062,102.77159118652344,100.22474670410156,98.95453643798828,98.27003479003906,96.04686737060547,95.56673431396484,95.88013458251953,97.41663360595703,94.25497436523438,94.86833190917969,94.2443618774414,95.85926818847656,95.85926818847656,97.69339752197266,98.79270935058594,99.72462463378906,101.0197982788086,96.4624252319336,99.36800384521484,98.68130493164062,99.29753112792969,97.80081939697266,90.52071380615234,92.19544219970703,85.70297241210938,82.76472473144531,82.0,79.30951690673828,73.34848022460938,74.14849853515625,68.44705963134766,69.05070495605469,64.32728576660156,64.13267517089844,60.63827133178711,57.48912811279297,57.9741325378418,55.6596794128418,57.567352294921875,56.32051086425781,57.87054443359375,59.13543701171875,60.87692642211914,60.20797348022461,62.64982223510742,63.12685775756836,64.0
0,-34,-95,10,33,91.92388153076172,94.8946762084961,95.18928527832031,94.5145492553711,91.92388153076172,92.43917083740234,92.43917083740234,89.8888168334961,89.69392395019531,88.48163604736328,88.60022735595703,88.23831176757812,88.23831176757812,87.32124328613281,86.68333435058594,86.55634307861328,87.72685241699219,86.37129211425781,89.1964111328125,89.87213134765625,90.68627166748047,92.09777069091797,90.68627166748047,91.24143981933594,91.43850708007812,90.90654754638672,86.68333435058594,85.8021011352539,82.6619644165039,80.44873809814453,77.93586730957031,77.10382843017578,73.24616241455078,70.49113464355469,67.74215698242188,65.73431396484375,60.464866638183594,57.20139694213867,56.035701751708984,55.803226470947266,53.600372314453125,53.413482666015625,53.15073013305664,52.63079071044922,52.63079071044922,51.400390625,54.20331954956055,55.217750549316406,56.035701751708984,55.75840759277344,56.35601043701172,56.64803695678711
0,-34,-95,11,31,91.54779815673828,89.02246856689453,94.64142608642578,93.08598327636719,89.49860382080078,89.8109130859375,89.49860382080078,90.42676544189453,86.83317565917969,88.81441497802734,85.70297241210938,84.05355072021484,84.38008880615234,84.38008880615234,83.52843475341797,84.72307586669922,86.76981353759766,87.32124328613281,86.31338500976562,85.0,87.32124328613281,89.005615234375,84.59905242919922,92.13577270507812,87.98295593261719,85.98255920410156,82.37718200683594,82.6619644165039,81.27114868164062,80.44873809814453,75.0,74.06078338623047,72.80110168457031,69.65629577636719,68.680419921875,64.81512451171875,60.80295944213867,55.60575485229492,54.08327102661133,58.00862121582031,50.0,50.80354309082031,49.648765563964844,49.09175109863281,54.64430618286133,52.430908203125,53.851646423339844,52.49761962890625,54.08327102661133,53.90732955932617,56.63920974731445,54.671749114990234
0,-34,-95,9,40,102.72779846191406,103.3247299194336,103.3247299194336,104.06248474121094,100.4987564086914,100.4987564086914,98.35140991210938,100.4987564086914,97.62171936035156,94.75231170654297,94.75231170654297,95.48298645019531,94.9210205078125,92.8493423461914,94.3663101196289,94.64142608642578,95.8018798828125,94.81033325195312,98.0051040649414,98.60020446777344,96.67471313476562,98.85848236083984,95.7757797241211,100.42410278320312,97.0,97.67292022705078,94.11163330078125,91.92388153076172,89.80534362792969,86.97700500488281,84.2911605834961,81.39410400390625,79.5110092163086,75.92759704589844,73.24616241455078,69.65629577636719,65.4369888305664,64.03124237060547,60.87692642211914,59.46427536010742,56.58621597290039,56.58621597290039,57.28001403808594,58.728187561035156,55.17245864868164,57.28001403808594,57.28001403808594,58.694122314453125,59.66573715209961,60.80295944213867,59.36328887939453,61.269893646240234
0,-34,-95,9,41,103.24727630615234,105.19029998779297,105.19029998779297,105.81587982177734,104.62313079833984,102.57679748535156,102.08329772949219,98.83824920654297,100.7223892211914,99.29753112792969,99.28242492675781,99.28242492675781,97.98979187011719,97.57561492919922,97.69339752197266,97.30878448486328,97.40636444091797,94.9210205078125,97.08243560791016,99.29753112792969,99.02020263671875,103.81714630126953,100.46392059326172,101.0197982788086,99.92497253417969,100.7223892211914,97.94386291503906,94.41397857666016,91.7060546875,89.94442749023438,86.09297180175781,84.72307586669922,80.77747344970703,76.85050201416016,75.1664810180664,70.1783447265625,66.5732650756836,65.73431396484375,61.91122817993164,61.773780822753906,58.66856002807617,57.706153869628906,56.82429122924805,57.697486877441406,57.245086669921875,57.697486877441406,58.5918083190918,59.16925048828125,60.20797348022461,63.0079345703125,62.36986541748047,61.52235412597656
0,-34,-95,10,34,93.38094329833984,97.49359130859375,98.31072998046875,99.63935089111328,94.5409927368164,95.52486419677734,93.38094329833984,93.21480560302734,89.44271850585938,87.57283020019531,89.45389556884766,88.14192962646484,89.08984375,88.0511245727539,89.05054473876953,89.005615234375,90.00555419921875,86.0,95.04735565185547,91.0054931640625,92.0,95.0,90.0,93.00537872314453,94.00531768798828,93.04837799072266,89.20201873779297,85.21150207519531,87.46427917480469,80.3056640625,80.7527084350586,79.5110092163086,74.67261505126953,70.85901641845703,68.06614685058594,62.64982223510742,63.639610290527344,59.6824951171875,56.56854248046875,56.22277069091797,53.15073013305664,53.0848388671875,52.0,52.08646774291992,54.0,52.038448333740234,55.145263671875,55.081756591796875,55.44366455078125,60.8276252746582,56.04462432861328,57.245086669921875
0,-35,-95,11,30,95.48298645019531,94.11163330078125,96.87621307373047,92.6552734375,95.4620361328125,88.39117431640625,94.11163330078125,90.02777099609375,88.5268325805664,88.61715698242188,88.61715698242188,87.96590423583984,88.00568389892578,87.20092010498047,86.60831451416016,87.92041778564453,85.98255920410156,86.8216552734375,89.8888168334961,91.06591033935547,91.80958557128906,91.80958557128906,93.49331665039062,90.69729614257812,90.44335174560547,90.8019790649414,85.21150207519531,86.40023040771484,83.24061584472656,83.24061584472656,76.5767593383789,75.28611755371094,75.74298858642578,72.18032836914062,69.35416412353516,65.19202423095703,60.30754470825195,59.46427536010742,57.48912811279297,53.413482666015625,55.0,52.430908203125,57.14017868041992,53.413482666015625,53.00943374633789,55.4707145690918,54.4058837890625,55.0,58.051700592041016,55.865909576416016,56.58621597290039,59.40538787841797
0,-34,-95,10,34,90.04998779296875,91.19758605957031,91.26883697509766,90.13877868652344,90.13877868652344,87.20664978027344,88.20430755615234,85.21150207519531,86.28441619873047,86.46965026855469,84.59314727783203,84.01190185546875,84.01190185546875,84.5280990600586,81.58431243896484,84.5280990600586,82.0,85.37564086914062,83.43260955810547,86.58522033691406,85.90692901611328,87.09764862060547,86.31338500976562,85.70297241210938,85.5102310180664,85.98837280273438,84.85281372070312,84.48076629638672,79.4040298461914,79.15807342529297,73.06161499023438,72.06246948242188,69.0,67.02984619140625,65.0,63.0079345703125,59.03388977050781,56.035701751708984,55.0,52.038448333740234,51.088157653808594,50.35871505737305,51.4781494140625,49.36598205566406,49.25444030761719,50.15974426269531,51.15662384033203,52.08646774291992,52.009613037109375,53.00943374633789,53.23532485961914,51.97114562988281
0,-34,-95,9,41,103.353759765625,106.17438507080078,107.82392883300781,106.55046081542969,105.58882141113281,101.53324890136719,101.96568298339844,102.0,99.7296371459961,97.98979187011719,100.17984008789062,98.48857879638672,98.79270935058594,94.33981323242188,95.18928527832031,97.71898651123047,97.52947998046875,96.5660400390625,98.49365234375,99.45853424072266,99.72462463378906,101.6513671875,99.04039764404297,102.88343048095703,100.24469757080078,100.24469757080078,97.73944854736328,93.98403930664062,92.11405944824219,91.18113708496094,86.8158950805664,83.77350616455078,81.02468872070312,77.87811279296875,74.73285675048828,71.17584228515625,68.02940368652344,63.56099319458008,63.158531188964844,62.7694206237793,59.46427536010742,60.083274841308594,58.24087905883789,59.4810905456543,57.28001403808594,58.52349853515625,57.567352294921875,60.74536895751953,60.008331298828125,63.56099319458008,61.400325775146484,63.82006072998047
0,-35,-95,11,29,92.72000885009766,89.1852035522461,94.9210205078125,89.8109130859375,92.11405944824219,88.60022735595703,88.8875732421875,86.64871978759766,84.15461730957031,82.85529327392578,85.61541748046875,88.23831176757812,89.05054473876953,84.09518432617188,82.73451232910156,84.07734680175781,84.53401947021484,85.95928955078125,85.23497009277344,85.58621215820312,88.1929702758789,87.70974731445312,88.56636047363281,89.44271850585938,88.54942321777344,85.42247772216797,86.8158950805664,84.69356536865234,79.84986114501953,78.92401123046875,77.79460144042969,73.68174743652344,70.51950073242188,68.96376037597656,64.19501495361328,62.64183807373047,58.8217658996582,55.02726745605469,57.87054443359375,53.48831558227539,56.30275344848633,52.55473327636719,54.625999450683594,49.19349670410156,52.39274597167969,50.695167541503906,54.625999450683594,53.3104133605957,54.120235443115234,53.45091247558594,56.08921432495117,54.451812744140625
0,-34,-95,9,41,105.60302734375,106.0235824584961,103.31505584716797,106.51290893554688,103.7545166015625,104.21611785888672,102.41581726074219,101.53324890136719,99.7296371459961,96.64884948730469,98.48857879638672,97.41663360595703,98.47842407226562,97.90811920166016,96.79875946044922,97.34988403320312,99.4032211303711,95.21029663085938,102.00489807128906,100.0,99.20181274414062,103.6001968383789,98.81295776367188,101.60708618164062,102.90287017822266,101.51354217529297,96.79875946044922,97.6166000366211,94.02127075195312,90.42676544189453,85.86617279052734,84.07734680175781,81.84130859375,76.92203521728516,77.87811279296875,71.5541763305664,69.31810760498047,66.18912506103516,64.40496826171875,63.06346130371094,59.4810905456543,58.18075180053711,57.45433044433594,56.93856430053711,59.6824951171875,57.14017868041992,59.90826416015625,60.41522979736328,61.717098236083984,61.46543884277344,62.62587356567383,63.06346130371094
0,-34,-95,9,40,102.57679748535156,101.87246704101562,104.8475112915039,103.77379608154297,102.92716217041016,100.34440612792969,100.40418243408203,95.71833801269531,97.6370849609375,99.04544067382812,96.79875946044922,97.20082092285156,94.81033325195312,95.2680435180664,92.45539093017578,96.54014587402344,95.52486419677734,94.11163330078125,99.03534698486328,99.08582305908203,97.83660125732422,100.4987564086914,99.2471694946289,97.74456787109375,100.12492370605469,97.45255279541016,94.81033325195312,94.40338897705078,91.60785675048828,89.05054473876953,84.05950164794922,82.37718200683594,79.92496490478516,77.69813537597656,72.20111083984375,70.72481536865234,68.60028839111328,64.637451171875,61.587337493896484,59.64059066772461,57.20139694213867,56.40035629272461,59.03388977050781,58.41232681274414,57.00876998901367,56.40035629272461,59.81638717651367,60.464866638183594,60.539241790771484,63.52952194213867,62.169124603271484,59.80802536010742
0,-34,-95,10,34,95.03683471679688,94.3663101196289,96.6281509399414,94.8946762084961,96.87621307373047,91.66242218017578,94.42987060546875,89.45389556884766,90.19977569580078,89.14033508300781,87.28115844726562,87.05171203613281,87.00574493408203,87.00574493408203,86.0,87.05171203613281,87.28115844726562,88.09085845947266,87.69264221191406,90.55384826660156,89.35882568359375,91.3509750366211,90.13877868652344,91.19758605957031,90.00555419921875,91.0054931640625,88.0,86.05230712890625,82.05486297607422,81.09870910644531,78.16009521484375,76.16429901123047,74.24284362792969,69.2603759765625,66.48307800292969,66.18912506103516,60.406951904296875,59.21148681640625,57.21887969970703,55.03635025024414,54.00925827026367,53.00943374633789,53.0,52.0,52.0,52.009613037109375,52.0,54.0,55.145263671875,55.578773498535156,54.12947463989258,54.708316802978516
0,-34,-95,10,34,95.13148498535156,92.9139404296875,97.20082092285156,94.30270385742188,94.40338897705078,92.6552734375,93.60021209716797,90.8019790649414,92.61749267578125,90.0,89.64373779296875,87.45856475830078,87.96590423583984,87.86353302001953,86.37129211425781,89.10667419433594,88.45903015136719,90.55384826660156,89.9388656616211,89.9388656616211,91.9673843383789,93.38094329833984,91.92388153076172,94.04785919189453,91.9673843383789,88.61715698242188,89.9388656616211,87.96590423583984,83.09632873535156,83.09632873535156,79.02531433105469,76.05918884277344,74.81310272216797,69.20259857177734,65.802734375,64.637451171875,62.20128631591797,56.40035629272461,57.00876998901367,54.20331954956055,55.31726837158203,51.6623649597168,53.81449508666992,52.345008850097656,50.20956039428711,53.037723541259766,50.990196228027344,54.5618896484375,57.00876998901367,57.42821502685547,56.4358024597168,54.625999450683594
0,-34,-95,9,40,100.0199966430664,105.9056167602539,102.42070007324219,107.68936920166016,98.84330749511719,104.13932800292969,102.9611587524414,100.62306213378906,98.31072998046875,96.33794403076172,97.86725616455078,96.87621307373047,95.75489807128906,96.18731689453125,96.25486755371094,96.04686737060547,99.02020263671875,94.08506774902344,102.0,97.00515747070312,98.08159637451172,100.04499053955078,96.18731689453125,101.04454803466797,100.31948852539062,100.4987564086914,96.87621307373047,90.93404388427734,93.38094329833984,88.45903015136719,88.84255981445312,84.17243957519531,82.46211242675781,77.88452911376953,73.75635528564453,69.63475799560547,68.4105224609375,63.78871536254883,61.188232421875,61.61168670654297,57.87054443359375,57.87054443359375,57.87054443359375,61.0,56.718605041503906,59.03388977050781,57.87054443359375,60.20797348022461,59.203041076660156,62.93647766113281,60.16643524169922,62.17716598510742
0,-35,-95,11,30,90.97252655029297,88.20430755615234,95.01578521728516,97.09788513183594,92.78469848632812,88.1929702758789,90.04998779296875,87.23531341552734,89.55445098876953,87.32124328613281,85.0,88.56636047363281,87.8464584350586,83.77350616455078,85.23497009277344,89.15716552734375,87.31552124023438,90.2496566772461,89.4930191040039,89.53770446777344,89.8888168334961,92.4770278930664,88.76936340332031,89.69392395019531,91.28527069091797,88.56636047363281,84.07734680175781,83.18653869628906,85.08818817138672,77.17512512207031,77.17512512207031,77.89736938476562,73.9256362915039,66.2872543334961,67.67569732666016,65.51335906982422,61.032779693603516,60.20797348022461,54.20331954956055,55.56977462768555,52.839378356933594,50.08992004394531,53.23532485961914,50.2493782043457,51.4781494140625,48.30113983154297,52.77309799194336,56.4358024597168,54.918121337890625,51.22499465942383,53.81449508666992,53.75872039794922
0,-34,-95,9,40,100.5683822631836,102.78618621826172,103.46497344970703,104.40306854248047,100.90093994140625,99.29753112792969,99.36800384521484,97.49871826171875,99.16148376464844,94.70480346679688,96.3846435546875,92.61209106445312,92.61209106445312,94.81033325195312,95.2575454711914,94.02127075195312,96.3846435546875,93.53608703613281,96.3846435546875,96.5660400390625,97.6166000366211,100.7223892211914,96.64884948730469,99.36296844482422,98.38699340820312,97.50897216796875,97.57561492919922,91.0,92.11405944824219,86.72946166992188,83.21658325195312,83.48652648925781,79.12016296386719,75.58438873291016,72.44998168945312,68.62215423583984,69.2603759765625,63.24555206298828,61.98386764526367,60.406951904296875,59.236812591552734,59.236812591552734,58.694122314453125,56.46237564086914,55.94640350341797,56.080299377441406,55.154327392578125,59.236812591552734,58.8217658996582,59.90826416015625,60.01666259765625,58.4208869934082
0,-34,-95,9,40,100.42410278320312,103.23274993896484,101.67103576660156,103.23274993896484,103.07764434814453,101.40019989013672,98.85848236083984,97.30878448486328,96.42613983154297,96.42613983154297,94.4933853149414,94.9210205078125,94.79451751708984,94.76286315917969,94.75231170654297,95.52486419677734,96.42613983154297,92.02173614501953,98.59513092041016,98.08159637451172,99.15644073486328,99.90495300292969,98.31072998046875,98.31072998046875,99.72462463378906,96.8968505859375,96.93812561035156,93.60555267333984,91.54779815673828,88.09085845947266,85.6037368774414,82.46211242675781,80.43009185791016,77.0064926147461,74.40430450439453,70.21395874023438,66.5732650756836,64.07027435302734,61.032779693603516,62.00806427001953,58.13776779174805,58.79625701904297,57.384666442871094,55.31726837158203,56.7274169921875,57.384666442871094,58.898216247558594,58.2580451965332,60.216278076171875,60.539241790771484,59.9416389465332,60.16643524169922
0,-35,-95,11,30,92.19544219970703,93.50936126708984,92.09777069091797,90.68627166748047,89.27485656738281,89.27485656738281,88.5268325805664,88.45903015136719,89.9388656616211,90.52071380615234,85.6329345703125,85.04116821289062,89.87213134765625,86.37129211425781,87.86353302001953,86.45230102539062,85.91275024414062,82.46211242675781,84.81155395507812,86.40023040771484,87.61849212646484,91.21403503417969,90.27181243896484,86.21485137939453,91.54779815673828,91.24143981933594,88.5268325805664,84.8646011352539,85.58621215820312,81.3449478149414,78.56844329833984,75.07329559326172,72.13875579833984,67.47592163085938,69.02897644042969,65.0691909790039,59.203041076660156,54.671749114990234,58.051700592041016,53.75872039794922,55.90169906616211,51.62363815307617,50.93132781982422,51.62363815307617,50.990196228027344,50.20956039428711,53.075416564941406,52.32590103149414,55.226806640625,54.037025451660156,55.803226470947266,55.94640350341797
0,-34,-95,9,40,100.68763732910156,103.73042297363281,101.51354217529297,104.56098937988281,99.86490631103516,99.04544067382812,99.02020263671875,97.34988403320312,95.96353149414062,96.25486755371094,94.03190612792969,95.18928527832031,93.64827728271484,95.29428100585938,93.02149963378906,94.81033325195312,95.34149169921875,94.02127075195312,96.3846435546875,97.69339752197266,94.84724426269531,98.89894104003906,97.06183624267578,99.28242492675781,98.1121826171875,97.75479888916016,96.8968505859375,90.73587799072266,91.58602142333984,86.28441619873047,84.62860107421875,81.02468872070312,80.21221923828125,73.87828063964844,70.0,69.40460968017578,66.21932983398438,63.60031509399414,60.80295944213867,60.216278076171875,58.52349853515625,56.93856430053711,56.603885650634766,56.4358024597168,55.07267761230469,55.75840759277344,54.708316802978516,58.830265045166016,58.600341796875,58.79625701904297,58.0,59.66573715209961
0,-34,-95,9,40,103.5857162475586,101.54801940917969,104.44615936279297,103.5857162475586,104.44615936279297,100.34440612792969,100.23971557617188,98.1121826171875,99.4786376953125,97.52947998046875,95.7131118774414,97.50897216796875,96.17691802978516,95.4620361328125,95.07891082763672,97.49871826171875,95.85926818847656,95.85926818847656,97.08243560791016,100.5683822631836,98.4327163696289,99.72462463378906,98.23441314697266,99.95999145507812,97.30878448486328,98.48857879638672,97.50897216796875,95.2575454711914,91.23595428466797,91.24143981933594,84.11896514892578,83.72574615478516,79.25907135009766,76.5375747680664,74.94664764404297,70.32780456542969,68.96376037597656,66.24198150634766,64.0078125,59.53990173339844,59.05929183959961,57.697486877441406,56.859474182128906,56.46237564086914,55.94640350341797,55.46169662475586,57.27128601074219,60.835845947265625,60.41522979736328,59.6824951171875,61.29437255859375,60.30754470825195
0,-34,-95,10,34,93.00537872314453,94.5568618774414,94.9210205078125,96.4624252319336,91.0933609008789,93.60555267333984,91.76055908203125,91.48223876953125,89.28605651855469,86.58522033691406,88.5268325805664,87.66413116455078,87.4757080078125,86.4927749633789,88.45903015136719,87.96590423583984,88.45903015136719,85.58621215820312,90.3548583984375,91.54779815673828,91.54779815673828,93.64827728271484,89.80534362792969,93.64827728271484,89.94442749023438,91.24143981933594,86.4927749633789,85.90692901611328,82.22530364990234,82.22530364990234,77.88452911376953,75.96051788330078,74.04052734375,69.92138671875,65.52098846435547,63.324562072753906,63.324562072753906,58.94064712524414,55.36244201660156,53.851646423339844,52.39274597167969,53.15073013305664,50.80354309082031,51.62363815307617,51.195701599121094,50.80354309082031,50.80354309082031,53.15073013305664,54.120235443115234,54.4058837890625,53.851646423339844,55.4707145690918
0,-34,-95,10,34,96.3016128540039,96.16651916503906,98.97979736328125,97.41663360595703,95.21029663085938,93.30059051513672,95.18928527832031,93.04837799072266,89.8888168334961,90.82400512695312,91.4166259765625,88.95504760742188,88.76936340332031,88.63971710205078,89.05054473876953,89.89437866210938,88.1929702758789,87.8179931640625,90.21086120605469,90.73587799072266,91.06591033935547,92.78469848632812,92.1791763305664,93.94147491455078,93.03762817382812,92.13577270507812,89.89994812011719,86.92525482177734,85.61541748046875,82.46211242675781,79.12016296386719,78.0,73.9256362915039,71.51223754882812,70.57620239257812,65.14598846435547,63.60031509399414,58.8217658996582,57.245086669921875,54.7813835144043,54.625999450683594,53.22593307495117,54.5618896484375,51.89412307739258,53.23532485961914,52.77309799194336,53.23532485961914,55.03635025024414,55.71355438232422,57.87054443359375,53.851646423339844,56.4358024597168
0,-34,-95,9,41,107.20074462890625,104.08650207519531,111.01801300048828,107.20074462890625,107.78682708740234,103.24727630615234,103.69667053222656,102.1077880859375,101.59724426269531,102.39628601074219,101.31633758544922,101.12368774414062,101.04454803466797,98.0051040649414,99.0,101.07917785644531,98.41239929199219,100.17984008789062,101.17806243896484,103.3924560546875,104.17293548583984,106.169677734375,103.07764434814453,104.17293548583984,103.00485229492188,103.00485229492188,98.0051040649414,99.12618255615234,95.08417510986328,95.08417510986328,87.20664978027344,88.36288452148438,84.38008880615234,81.39410400390625,74.24284362792969,74.3303451538086,72.3394775390625,64.1248779296875,64.19501495361328,60.0333251953125,62.0,60.008331298828125,60.0333251953125,58.00862121582031,60.0333251953125,61.00819778442383,59.0,61.0,63.12685775756836,63.28506851196289,61.188232421875,62.361846923828125
0,-34,-95,10,34,97.34988403320312,96.79875946044922,99.85990142822266,99.02020263671875,99.02020263671875,94.87360382080078,97.09788513183594,94.15412902832031,93.81364440917969,93.64827728271484,91.06591033935547,90.42676544189453,90.78546142578125,90.37699127197266,89.0,91.7060546875,88.63971710205078,91.78779602050781,90.2496566772461,94.70480346679688,93.77632904052734,96.00521087646484,94.02127075195312,95.34149169921875,94.81033325195312,94.3663101196289,89.55445098876953,87.8179931640625,85.75546264648438,84.90583038330078,79.32212829589844,79.61155700683594,74.94664764404297,71.56116485595703,69.065185546875,68.24221801757812,62.68173599243164,59.07622146606445,58.24946212768555,57.14017868041992,54.37830352783203,54.20331954956055,53.712196350097656,52.839378356933594,54.58937454223633,53.23532485961914,53.712196350097656,56.080299377441406,56.859474182128906,55.60575485229492,56.7274169921875,56.63920974731445
0,-34,-95,10,35,100.22474670410156,99.46356201171875,101.86756134033203,99.2471694946289,98.27003479003906,95.8018798828125,97.51409912109375,94.5938720703125,93.14505004882812,94.64142608642578,92.444580078125,93.68030548095703,93.30059051513672,90.47651672363281,89.53770446777344,92.8493423461914,89.96110534667969,94.02127075195312,92.13577270507812,95.85405731201172,96.25486755371094,94.5409927368164,97.86214447021484,94.93682098388672,97.14422607421875,94.2443618774414,92.02716827392578,92.72000885009766,87.64131164550781,84.20214080810547,81.4923324584961,79.07591247558594,75.18643188476562,71.80529022216797,69.63475799560547,68.88395690917969,65.30696868896484,60.41522979736328,60.63827133178711,57.48912811279297,56.32051086425781,51.92301940917969,56.920997619628906,52.49761962890625,53.45091247558594,54.08327102661133,54.708316802978516,55.081756591796875,58.46366500854492,58.694122314453125,57.314918518066406,58.00862121582031
0,-34,-95,9,40,104.23531341552734,104.70912170410156,102.88343048095703,105.54619598388672,101.96568298339844,101.11874389648438,99.76472473144531,101.96568298339844,100.62306213378906,95.34149169921875,96.25486755371094,96.00521087646484,96.13532257080078,97.40636444091797,96.13532257080078,96.4624252319336,96.84007263183594,94.9210205078125,98.76234436035156,97.52947998046875,100.0,102.78618621826172,98.67117309570312,100.0,101.51354217529297,99.29753112792969,98.4327163696289,94.42987060546875,93.10746765136719,88.63971710205078,87.20664978027344,82.73451232910156,80.52949523925781,74.6860122680664,72.89718627929688,71.11962127685547,68.42514038085938,63.50590515136719,61.741397857666016,61.32699203491211,57.697486877441406,57.775428771972656,55.154327392578125,55.973209381103516,55.71355438232422,54.7813835144043,57.00876998901367,60.008331298828125,59.4810905456543,59.93329620361328,62.433963775634766,60.0
0,-34,-95,10,35,94.02127075195312,94.8946762084961,96.60227966308594,93.53608703613281,93.94147491455078,92.66067504882812,93.05912017822266,91.24143981933594,90.78546142578125,88.10221099853516,88.14192962646484,89.15716552734375,88.39117431640625,86.37708282470703,86.37708282470703,89.4930191040039,88.32327270507812,86.33075714111328,89.5600357055664,90.2496566772461,89.4930191040039,91.48223876953125,90.44335174560547,92.04889678955078,92.02716827392578,92.4770278930664,88.95504760742188,86.53900909423828,83.25863647460938,81.43709564208984,77.82030487060547,76.92203521728516,75.13321685791016,70.66116333007812,67.11929321289062,65.76473236083984,62.17716598510742,58.5918083190918,55.90169906616211,53.712196350097656,52.55473327636719,53.141319274902344,52.201534271240234,50.9215087890625,51.26402282714844,51.62363815307617,51.62363815307617,53.3104133605957,54.625999450683594,55.07267761230469,54.37830352783203,56.40035629272461
0,-34,-95,9,40,100.22474670410156,99.46356201171875,102.35721588134766,101.20276641845703,102.39140319824219,98.71676635742188,98.95453643798828,96.84007263183594,96.84007263183594,96.5660400390625,95.33625030517578,93.96276092529297,92.69843292236328,92.69843292236328,92.8493423461914,95.4620361328125,94.02127075195312,93.62158203125,96.17691802978516,97.50897216796875,97.08243560791016,99.28242492675781,99.92497253417969,98.48857879638672,97.14422607421875,96.79875946044922,94.9210205078125,92.34716796875,90.13877868652344,87.36132049560547,84.20214080810547,82.9698715209961,78.58753204345703,74.21590423583984,72.56720733642578,69.85699462890625,66.4906005859375,62.09669876098633,60.16643524169922,57.28001403808594,57.567352294921875,55.02726745605469,55.973209381103516,55.71355438232422,54.424259185791016,54.7813835144043,55.973209381103516,55.6596794128418,57.9741325378418,60.20797348022461,60.406951904296875,59.03388977050781
0,-35,-95,11,31,92.6336898803711,90.52071380615234,94.76286315917969,91.93476104736328,96.87621307373047,90.52071380615234,90.5096664428711,91.21951293945312,89.9388656616211,90.60904693603516,90.60904693603516,86.55634307861328,85.91275024414062,84.64632415771484,82.80096435546875,93.81364440917969,83.48652648925781,91.40021514892578,87.66413116455078,88.23265075683594,92.41753387451172,90.21086120605469,88.60022735595703,92.20086669921875,89.49860382080078,88.86506652832031,85.6329345703125,89.10667419433594,79.90619659423828,82.02438354492188,75.00666809082031,77.8331527709961,71.44927978515625,68.680419921875,63.70243453979492,64.38167572021484,61.52235412597656,58.728187561035156,54.488529205322266,51.7397346496582,55.226806640625,48.79549026489258,54.037025451660156,50.2493782043457,50.93132781982422,48.166378021240234,50.32891845703125,53.15073013305664,52.49761962890625,54.81787872314453,54.918121337890625,55.07267761230469
0,-34,-95,9,41,105.07616424560547,107.05606079101562,107.35455322265625,111.46299743652344,108.18965148925781,109.17874908447266,104.8093490600586,102.25947570800781,102.1077880859375,101.0,101.0,99.92497253417969,99.72462463378906,98.76234436035156,100.89598846435547,98.49365234375,100.88111877441406,96.84007263183594,102.78618621826172,102.14205932617188,103.44564056396484,105.08092498779297,101.92153930664062,104.04325866699219,105.08092498779297,101.39033508300781,101.20276641845703,94.72592163085938,95.18928527832031,89.94442749023438,87.82368469238281,85.70880889892578,83.48652648925781,79.22752380371094,76.16429901123047,69.46221923828125,69.46221923828125,65.6201171875,62.513999938964844,62.513999938964844,57.706153869628906,59.84145736694336,57.27128601074219,60.20797348022461,58.85575485229492,60.01666259765625,60.01666259765625,59.53990173339844,60.406951904296875,61.20457458496094,63.0079345703125,63.3876953125
0,-34,-95,9,40,102.90287017822266,101.83319854736328,108.4066390991211,104.62313079833984,106.01886749267578,101.60708618164062,100.60317993164062,100.2646484375,98.23441314697266,98.08159637451172,98.40731811523438,96.42613983154297,95.58765411376953,96.26006317138672,94.06912231445312,96.87621307373047,96.26006317138672,97.62171936035156,99.08582305908203,101.23734283447266,100.4987564086914,104.00480651855469,100.41912078857422,101.83319854736328,101.17806243896484,99.2471694946289,97.08243560791016,95.2680435180664,90.42676544189453,89.64373779296875,84.40379333496094,85.0,81.60882568359375,76.02631378173828,75.21302795410156,72.11102294921875,69.6419448852539,64.07027435302734,64.637451171875,59.66573715209961,59.03388977050781,57.628116607666016,58.051700592041016,58.2580451965332,57.314918518066406,55.226806640625,56.7274169921875,58.2580451965332,58.600341796875,61.057350158691406,61.29437255859375,62.3939094543457
0,-34,-95,9,40,101.60708618164062,103.81233215332031,108.60018157958984,105.80170440673828,103.00485229492188,100.43903350830078,104.20172882080078,99.02020263671875,99.20181274414062,98.08159637451172,97.83660125732422,97.0,96.17691802978516,94.06912231445312,94.06912231445312,97.62171936035156,95.52486419677734,95.48298645019531,98.59513092041016,101.31633758544922,99.76472473144531,100.44898986816406,98.31072998046875,101.86265563964844,101.11874389648438,97.62171936035156,95.58765411376953,92.19544219970703,93.23625946044922,90.42676544189453,84.81155395507812,82.4196548461914,80.0,76.27581787109375,72.67048645019531,68.60028839111328,66.61080932617188,62.20128631591797,62.00806427001953,59.40538787841797,58.41232681274414,56.7274169921875,55.31726837158203,54.671749114990234,56.7274169921875,56.63920974731445,55.973209381103516,57.00876998901367,57.80138397216797,61.29437255859375,58.830265045166016,57.27128601074219
0,-34,-95,9,41,107.51744079589844,106.8316421508789,106.4048843383789,110.39022064208984,106.21675872802734,105.47511291503906,106.21675872802734,104.35037231445312,100.76705932617188,98.71676635742188,102.94173431396484,101.212646484375,99.4032211303711,98.81295776367188,98.60020446777344,98.73702239990234,99.85990142822266,99.85990142822266,101.54801940917969,103.46497344970703,103.73042297363281,103.46980285644531,101.83319854736328,104.62313079833984,103.6001968383789,104.20172882080078,98.71676635742188,96.26006317138672,94.79451751708984,89.80534362792969,89.10667419433594,85.58621215820312,82.75868225097656,78.56844329833984,77.23341369628906,73.59347534179688,70.0927963256836,67.94115447998047,62.2414665222168,60.14149856567383,58.694122314453125,61.52235412597656,59.41380310058594,60.20797348022461,58.051700592041016,57.28001403808594,60.10823440551758,58.728187561035156,62.28964614868164,64.03124237060547,61.29437255859375,61.717098236083984
0,-34,-95,10,35,99.00505065917969,101.17806243896484,103.96633911132812,101.13851928710938,100.44898986816406,97.59098052978516,99.00505065917969,97.59098052978516,96.87621307373047,94.84724426269531,95.48298645019531,94.11163330078125,93.86160278320312,91.54779815673828,92.8493423461914,95.42536163330078,93.60021209716797,93.40770721435547,94.86833190917969,97.80081939697266,97.80081939697266,99.48869323730469,97.6166000366211,101.04454803466797,99.35794067382812,99.2471694946289,94.06912231445312,93.34880828857422,88.41380310058594,87.78382873535156,83.63013458251953,80.72174072265625,80.28075408935547,74.5184555053711,73.10950469970703,70.29224395751953,64.53681182861328,61.717098236083984,60.20797348022461,57.384666442871094,56.58621597290039,55.90169906616211,55.154327392578125,54.451812744140625,55.865909576416016,54.451812744140625,55.154327392578125,56.080299377441406,55.973209381103516,59.203041076660156,59.07622146606445,57.697486877441406
0,-34,-95,10,35,97.98469543457031,96.84007263183594,98.08159637451172,98.23441314697266,96.5660400390625,96.84007263183594,97.26766967773438,93.00537872314453,93.00537872314453,92.6552734375,90.47651672363281,90.47651672363281,90.2496566772461,88.23831176757812,90.07774353027344,90.37699127197266,91.67878723144531,88.54942321777344,92.1791763305664,94.3663101196289,92.13577270507812,94.81033325195312,93.52005004882812,93.02149963378906,94.02127075195312,93.62158203125,92.11405944824219,89.8888168334961,85.38150024414062,82.87339782714844,79.69943237304688,76.24303436279297,73.76313781738281,70.60453033447266,69.12307739257812,64.8459701538086,64.28841400146484,59.77457809448242,59.13543701171875,55.36244201660156,54.708316802978516,52.55473327636719,53.851646423339844,52.39274597167969,52.801513671875,53.851646423339844,53.851646423339844,53.851646423339844,56.920997619628906,57.9741325378418,54.34151077270508,56.14267349243164
0,-34,-95,10,34,97.08243560791016,94.02127075195312,99.5389404296875,99.74467468261719,100.22474670410156,96.17691802978516,97.98979187011719,93.23089599609375,93.23089599609375,92.30926513671875,92.4770278930664,91.76055908203125,91.0933609008789,89.4930191040039,88.54377746582031,92.04889678955078,88.76936340332031,92.444580078125,91.92388153076172,94.83142852783203,95.60334777832031,95.07891082763672,95.50916290283203,96.3016128540039,95.81753540039062,94.57801055908203,92.11405944824219,90.07774353027344,85.08818817138672,86.33075714111328,79.15807342529297,79.15807342529297,76.02631378173828,71.58910369873047,69.83551788330078,68.47627258300781,63.06346130371094,58.5918083190918,58.66856002807617,55.90169906616211,55.90169906616211,53.712196350097656,54.625999450683594,52.39274597167969,53.851646423339844,52.39274597167969,54.625999450683594,53.66563034057617,56.35601043701172,55.56977462768555,56.035701751708984,56.40035629272461
0,-34,-95,9,41,106.40018463134766,106.21205139160156,106.8316421508789,108.4066390991211,107.00466918945312,105.0,104.8093490600586,101.60708618164062,99.20181274414062,101.25709533691406,99.04544067382812,101.51354217529297,100.4987564086914,100.4987564086914,98.61541748046875,99.36296844482422,99.84988403320312,98.48857879638672,100.62306213378906,102.88343048095703,104.8093490600586,104.23531341552734,101.71037292480469,103.44564056396484,104.30723571777344,102.08329772949219,99.29753112792969,96.83490753173828,95.0,90.8019790649414,88.72992706298828,86.68333435058594,82.32861328125,79.39773559570312,75.00666809082031,72.34638977050781,70.1783447265625,64.44377136230469,63.89052963256836,61.84658432006836,59.03388977050781,57.20139694213867,58.00862121582031,57.688819885253906,56.859474182128906,58.00862121582031,58.2580451965332,60.605281829833984,58.898216247558594,61.55485534667969,61.61980056762695,60.80295944213867
0,-34,-95,9,40,101.41498565673828,101.98039245605469,104.89041900634766,104.35037231445312,104.9952392578125,102.17631530761719,102.72779846191406,98.35140991210938,98.41239929199219,99.08582305908203,97.62171936035156,99.7045669555664,95.52486419677734,94.84724426269531,94.2602767944336,95.13148498535156,96.82975006103516,95.90099334716797,98.60020446777344,99.02020263671875,99.48869323730469,99.48869323730469,100.76705932617188,101.53324890136719,98.35140991210938,100.44898986816406,98.2903823852539,93.38094329833984,91.9673843383789,88.5268325805664,84.38601684570312,84.64632415771484,79.64923095703125,73.87828063964844,71.84010314941406,70.60453033447266,66.84310150146484,61.84658432006836,61.073726654052734,58.79625701904297,58.13776779174805,54.488529205322266,56.58621597290039,55.154327392578125,55.154327392578125,55.154327392578125,55.17245864868164,58.13776779174805,57.628116607666016,60.80295944213867,60.74536895751953,58.5918083190918
0,-35,-95,11,30,92.11405944824219,87.46427917480469,91.76055908203125,94.9210205078125,94.2443618774414,89.8109130859375,88.23265075683594,89.53770446777344,89.1852035522461,86.33075714111328,87.59566497802734,86.83317565917969,88.29496002197266,86.68333435058594,84.17243957519531,87.29833984375,83.72574615478516,88.56636047363281,86.28441619873047,89.5600357055664,93.4344711303711,93.4344711303711,91.66242218017578,91.92388153076172,92.57429504394531,88.84255981445312,89.44271850585938,86.12200927734375,82.46211242675781,79.37883758544922,74.21590423583984,75.69015502929688,71.80529022216797,70.21395874023438,66.70832061767578,66.94026947021484,61.13100814819336,60.16643524169922,54.120235443115234,53.16013717651367,52.17279052734375,48.83646011352539,51.35172653198242,48.66210174560547,51.4781494140625,50.35871505737305,51.244510650634766,50.80354309082031,54.5710563659668,54.4058837890625,53.851646423339844,50.537113189697266
0,-35,-95,11,30,88.23831176757812,90.60353088378906,92.8493423461914,94.4933853149414,95.2680435180664,88.09085845947266,89.49860382080078,87.32124328613281,87.32124328613281,87.1148681640625,85.91275024414062,87.69264221191406,88.39117431640625,83.48652648925781,85.5628433227539,86.31338500976562,82.46211242675781,87.20664978027344,87.61849212646484,87.96590423583984,90.60904693603516,92.19544219970703,89.8276138305664,89.9388656616211,89.10667419433594,89.80534362792969,89.1964111328125,84.95881652832031,79.30951690673828,80.43009185791016,78.10249328613281,76.05918884277344,75.43209075927734,69.065185546875,64.637451171875,62.801273345947266,57.80138397216797,56.61272048950195,52.63079071044922,52.63079071044922,50.447994232177734,50.2493782043457,50.2493782043457,48.79549026489258,48.83646011352539,49.67897033691406,52.40229034423828,58.051700592041016,51.855567932128906,56.30275344848633,54.20331954956055,52.801513671875
0,-35,-95,11,30,91.7060546875,93.40770721435547,92.89241027832031,96.79875946044922,92.1791763305664,92.444580078125,92.02716827392578,87.93179321289062,89.8109130859375,86.12200927734375,85.90692901611328,87.4757080078125,87.29833984375,86.31338500976562,86.14522552490234,87.46427917480469,86.5794448852539,84.09518432617188,87.09190368652344,91.66242218017578,87.28115844726562,91.54779815673828,87.82368469238281,93.34345245361328,91.4111557006836,91.08238220214844,88.45903015136719,81.78630828857422,86.58522033691406,78.10249328613281,74.73285675048828,74.04052734375,68.96376037597656,65.802734375,65.802734375,61.61168670654297,61.400325775146484,57.723480224609375,54.120235443115234,53.16013717651367,51.195701599121094,54.34151077270508,50.990196228027344,52.95280838012695,50.990196228027344,47.85394287109375,50.0099983215332,51.6623649597168,49.72926712036133,52.49761962890625,53.141319274902344,54.20331954956055
0,-34,-95,9,40,104.08650207519531,105.57461547851562,106.0660171508789,105.68348693847656,103.94710540771484,101.49384307861328,101.71037292480469,100.9752426147461,99.98500061035156,99.82484436035156,94.9210205078125,95.56673431396484,96.3016128540039,95.60334777832031,96.5660400390625,95.81753540039062,97.73944854736328,96.4624252319336,99.72462463378906,101.2422866821289,101.51354217529297,103.12128448486328,99.29753112792969,102.52804565429688,102.48902130126953,100.28459167480469,99.45853424072266,94.5938720703125,93.39164733886719,89.62700653076172,87.29833984375,84.01190185546875,81.21575927734375,74.96665954589844,74.81310272216797,71.02112579345703,66.2872543334961,62.36986541748047,61.98386764526367,60.41522979736328,58.24946212768555,57.723480224609375,58.24087905883789,56.32051086425781,54.4058837890625,56.32051086425781,57.567352294921875,58.24087905883789,56.51548385620117,58.24946212768555,59.41380310058594,59.00847244262695
0,-34,-95,10,34,96.60227966308594,93.91485595703125,99.7296371459961,94.3663101196289,96.17691802978516,94.81033325195312,94.82615661621094,93.4772720336914,92.59049987792969,91.78779602050781,90.04998779296875,91.06591033935547,90.13877868652344,88.48163604736328,87.6584243774414,90.44335174560547,88.60022735595703,91.40021514892578,87.61849212646484,91.21403503417969,93.81364440917969,93.23089599609375,95.44107818603516,94.62557983398438,92.9139404296875,90.97252655029297,89.69392395019531,89.55445098876953,84.59905242919922,85.0,79.15807342529297,77.36924743652344,75.64390563964844,72.49827575683594,68.44705963134766,64.88451385498047,61.741397857666016,59.4810905456543,55.46169662475586,55.46169662475586,55.07267761230469,51.107730865478516,53.33854293823242,51.97114562988281,51.97114562988281,52.839378356933594,53.851646423339844,53.712196350097656,55.009090423583984,54.230987548828125,54.4058837890625,53.15073013305664
0,-35,-95,11,30,92.11405944824219,93.98403930664062,92.35800170898438,94.57801055908203,93.30059051513672,92.69843292236328,88.86506652832031,91.39474487304688,89.1964111328125,88.23265075683594,87.36132049560547,85.90692901611328,84.92938232421875,86.12200927734375,84.34452819824219,86.4927749633789,86.31338500976562,85.15867614746094,87.69264221191406,92.39588928222656,87.66413116455078,90.25519561767578,88.28363037109375,90.42676544189453,89.73851013183594,90.2496566772461,86.58522033691406,84.75848388671875,83.16850280761719,82.54090118408203,73.73601531982422,73.40980529785156,71.86793518066406,68.02940368652344,64.47480010986328,60.74536895751953,60.083274841308594,56.46237564086914,56.30275344848633,54.424259185791016,53.141319274902344,51.54609680175781,51.54609680175781,51.6623649597168,50.96076965332031,49.33558654785156,51.54609680175781,52.49761962890625,51.078372955322266,54.5618896484375,55.07267761230469,56.859474182128906
0,-34,-95,9,41,101.11874389648438,108.2081298828125,102.64988708496094,109.60382843017578,101.17806243896484,107.51744079589844,103.96633911132812,102.64988708496094,99.08582305908203,95.7757797241211,98.49365234375,97.30878448486328,96.21330261230469,97.20082092285156,97.08243560791016,94.62557983398438,99.02020263671875,95.13148498535156,103.77379608154297,101.2422866821289,102.07839965820312,102.07839965820312,98.47334289550781,101.78899383544922,102.00489807128906,103.23274993896484,100.12492370605469,91.28527069091797,97.67292022705078,86.31338500976562,86.97700500488281,84.148681640625,79.93122100830078,78.49203491210938,74.2765121459961,69.35416412353516,67.94115447998047,65.0691909790039,62.22539520263672,60.81118392944336,57.28001403808594,58.898216247558594,55.973209381103516,56.7274169921875,57.384666442871094,54.037025451660156,57.48912811279297,58.728187561035156,57.28001403808594,58.79625701904297,57.20139694213867,59.36328887939453
0,-34,-95,10,34,94.82615661621094,95.29428100585938,94.5145492553711,95.29428100585938,92.59049987792969,94.02127075195312,93.4772720336914,91.78779602050781,89.1852035522461,87.8179931640625,88.32327270507812,89.8888168334961,88.7524642944336,88.48163604736328,85.21150207519531,87.80091094970703,88.86506652832031,87.00574493408203,88.09085845947266,88.61715698242188,90.42676544189453,93.23625946044922,91.8368148803711,92.61749267578125,91.26335144042969,91.52595520019531,88.7524642944336,85.75546264648438,83.35466766357422,80.0624771118164,76.92203521728516,75.13321685791016,72.00694274902344,69.31810760498047,66.18912506103516,63.071388244628906,60.835845947265625,55.90169906616211,55.94640350341797,53.23532485961914,52.35456085205078,50.2493782043457,50.774009704589844,50.2493782043457,48.54894256591797,51.312767028808594,51.62363815307617,51.97114562988281,52.35456085205078,53.712196350097656,53.141319274902344,51.41984176635742
0,-34,-95,9,40,102.88343048095703,104.12012481689453,103.3247299194336,105.51303100585938,102.61579132080078,104.29285430908203,101.92153930664062,101.39033508300781,99.92497253417969,95.90099334716797,96.10411071777344,96.69022369384766,95.03683471679688,93.90420532226562,95.88534545898438,94.64142608642578,97.32933807373047,92.26592254638672,98.18350219726562,98.32598876953125,99.50376892089844,100.60317993164062,96.6281509399414,100.40418243408203,97.62171936035156,99.14131164550781,96.50906372070312,95.12622833251953,92.6498794555664,88.0738296508789,85.86617279052734,82.2800064086914,80.65357971191406,77.20103454589844,73.05477142333984,68.680419921875,68.3081283569336,63.324562072753906,60.4400520324707,59.90826416015625,57.723480224609375,57.070133209228516,55.10898208618164,56.29387283325195,55.10898208618164,55.31726837158203,57.27128601074219,55.54277801513672,57.48912811279297,57.28001403808594,57.00876998901367,58.13776779174805
0,-34,-95,9,41,104.13932800292969,105.75916290283203,106.66770935058594,107.71257781982422,104.35037231445312,102.068603515625,101.31633758544922,99.35794067382812,99.35794067382812,98.23441314697266,97.6166000366211,99.4032211303711,97.6524429321289,96.79875946044922,97.6370849609375,97.09788513183594,98.61541748046875,95.88013458251953,100.7223892211914,98.61541748046875,101.0197982788086,101.212646484375,101.0197982788086,101.71037292480469,103.17460632324219,100.40418243408203,98.22932434082031,96.21330261230469,94.40338897705078,88.09085845947266,87.32124328613281,83.73768615722656,80.72174072265625,76.48529052734375,72.18032836914062,71.44927978515625,69.52696990966797,62.36986541748047,62.481998443603516,61.22091293334961,55.60575485229492,56.61272048950195,55.75840759277344,55.217750549316406,54.64430618286133,55.4707145690918,55.217750549316406,59.203041076660156,58.898216247558594,58.79625701904297,58.694122314453125,59.203041076660156
0,-34,-95,9,41,101.31633758544922,103.3924560546875,102.72779846191406,108.93116760253906,103.3924560546875,104.7377700805664,103.27632904052734,99.2471694946289,100.5683822631836,97.18538665771484,97.94896697998047,97.45255279541016,95.8018798828125,96.40020751953125,97.41663360595703,94.86833190917969,99.29753112792969,93.74433135986328,100.70252990722656,99.02020263671875,99.02020263671875,102.64988708496094,99.6242904663086,100.12492370605469,98.0051040649414,101.212646484375,97.74456787109375,91.93476104736328,94.11163330078125,86.97700500488281,85.5628433227539,81.3449478149414,80.62257385253906,75.07329559326172,72.91776275634766,69.35416412353516,66.48307800292969,63.70243453979492,61.55485534667969,60.8276252746582,55.17245864868164,57.28001403808594,56.58621597290039,55.90169906616211,54.5618896484375,55.226806640625,54.451812744140625,55.154327392578125,57.314918518066406,56.40035629272461,58.24946212768555,59.53990173339844
0,-34,-95,10,34,95.00526428222656,96.00521087646484,96.25486755371094,98.0204086303711,96.08329772949219,95.00526428222656,95.08417510986328,93.13430786132812,92.19544219970703,89.20201873779297,91.54779815673828,87.69264221191406,89.26925659179688,89.44271850585938,88.45903015136719,89.62700653076172,89.73851013183594,87.32124328613281,89.5600357055664,91.92388153076172,92.89241027832031,93.39164733886719,91.98369598388672,93.62158203125,90.8019790649414,92.39588928222656,89.10667419433594,85.58621215820312,84.59314727783203,82.38932037353516,79.15807342529297,77.05841827392578,75.23961639404297,70.028564453125,67.00746154785156,63.071388244628906,63.071388244628906,58.07753372192383,55.03635025024414,53.15073013305664,54.230987548828125,51.4781494140625,51.788028717041016,51.4781494140625,51.788028717041016,50.635955810546875,51.4781494140625,51.62363815307617,53.23532485961914,54.00925827026367,54.0,54.33230972290039
0,-34,-95,9,40,99.03534698486328,98.35140991210938,99.15644073486328,100.44898986816406,100.44898986816406,95.52486419677734,97.67292022705078,95.48298645019531,94.9210205078125,94.17536926269531,93.50936126708984,93.08598327636719,94.20191192626953,93.40770721435547,92.20086669921875,93.81364440917969,91.80958557128906,91.52595520019531,94.03190612792969,97.34988403320312,95.69221496582031,98.18350219726562,97.20082092285156,96.02082824707031,96.21330261230469,96.04686737060547,91.3509750366211,90.60904693603516,86.31338500976562,85.58621215820312,81.32035064697266,77.78174591064453,75.69015502929688,72.86288452148438,70.1783447265625,66.48307800292969,65.11528015136719,61.55485534667969,60.10823440551758,55.90169906616211,53.75872039794922,53.075416564941406,53.075416564941406,53.15073013305664,53.075416564941406,53.075416564941406,52.345008850097656,55.17245864868164,55.17245864868164,54.671749114990234,55.803226470947266,56.603885650634766
0,-34,-95,10,34,96.3846435546875,97.24710845947266,97.75479888916016,97.75479888916016,96.7470932006836,95.52486419677734,94.33981323242188,92.11405944824219,90.13877868652344,90.97252655029297,90.13877868652344,90.21086120605469,88.40814208984375,87.45856475830078,88.09085845947266,89.27485656738281,88.39117431640625,87.72685241699219,89.8276138305664,91.21951293945312,92.6552734375,95.52486419677734,92.02173614501953,92.6552734375,93.60555267333984,92.45539093017578,90.42676544189453,85.21150207519531,83.23461151123047,82.4196548461914,78.49203491210938,74.63243103027344,72.94518280029297,68.79679870605469,67.41661834716797,63.51377868652344,60.20797348022461,58.52349853515625,55.4707145690918,52.430908203125,52.009613037109375,52.009613037109375,49.04079818725586,49.67897033691406,48.27007293701172,49.67897033691406,49.67897033691406,51.855567932128906,53.600372314453125,52.69725036621094,53.33854293823242,53.712196350097656
0,-35,-95,11,30,84.64632415771484,90.70832061767578,91.21403503417969,90.70832061767578,89.5600357055664,89.49860382080078,87.55569458007812,87.09764862060547,85.14693450927734,83.54639434814453,82.56512451171875,85.98837280273438,84.59314727783203,84.38008880615234,82.09750366210938,82.15229797363281,83.15046691894531,84.0,84.0,84.0238037109375,85.09406280517578,92.0869140625,87.09190368652344,86.02325439453125,87.05171203613281,84.48076629638672,82.2982406616211,82.20097351074219,80.60397338867188,74.73285675048828,74.3303451538086,68.44705963134766,69.12307739257812,66.0984115600586,63.89052963256836,60.87692642211914,60.63827133178711,53.600372314453125,53.93514633178711,50.990196228027344,49.030601501464844,46.69047164916992,48.166378021240234,45.39823913574219,45.09988784790039,46.52956008911133,44.40720748901367,47.381431579589844,50.990196228027344,46.87216567993164,51.41984176635742,50.695167541503906
0,-34,-95,9,41,104.12012481689453,104.12012481689453,107.56393432617188,106.32027435302734,104.8093490600586,104.12012481689453,104.54663848876953,100.66280364990234,100.43903350830078,100.66280364990234,97.29337310791016,98.06120300292969,99.14131164550781,98.0051040649414,95.75489807128906,99.32270812988281,97.1287841796875,98.24967956542969,98.04590606689453,102.07839965820312,101.31633758544922,104.07689666748047,100.24469757080078,103.17460632324219,102.48902130126953,100.7174301147461,97.73944854736328,96.33794403076172,94.20191192626953,89.44271850585938,86.4927749633789,86.4927749633789,81.78630828857422,78.10249328613281,74.73285675048828,72.56720733642578,66.94026947021484,64.53681182861328,61.0,57.87054443359375,56.56854248046875,56.4358024597168,55.3263053894043,54.33230972290039,56.14267349243164,55.145263671875,56.22277069091797,57.14017868041992,57.55866622924805,59.03388977050781,59.203041076660156,58.18934631347656
0,-34,-95,10,34,96.04686737060547,94.02127075195312,97.94896697998047,96.21330261230469,97.30878448486328,93.23625946044922,95.13148498535156,93.60555267333984,90.68627166748047,91.3509750366211,88.61715698242188,91.28527069091797,89.10667419433594,86.27861785888672,87.04596710205078,88.45903015136719,87.32124328613281,88.72992706298828,91.83136749267578,93.23625946044922,92.95697784423828,91.54779815673828,92.6552734375,96.33275604248047,91.28527069091797,92.6336898803711,89.14033508300781,88.5268325805664,82.2192153930664,81.46778869628906,78.8733139038086,78.8733139038086,73.24616241455078,67.00746154785156,65.0,63.411354064941406,61.61168670654297,57.80138397216797,56.22277069091797,51.855567932128906,53.15073013305664,48.79549026489258,50.91168975830078,48.08325958251953,48.08325958251953,48.10405349731445,48.83646011352539,50.2493782043457,51.855567932128906,53.00943374633789,50.774009704589844,51.88448715209961
0,-34,-95,9,40,104.29285430908203,106.7801513671875,105.68821716308594,107.91200256347656,106.53168487548828,105.68821716308594,104.8475112915039,101.54801940917969,101.3558120727539,100.4987564086914,98.79270935058594,99.84988403320312,99.76472473144531,97.49359130859375,97.04637908935547,99.31767272949219,98.0866928100586,96.7729263305664,99.72462463378906,101.63660430908203,101.13357543945312,103.87010955810547,100.62306213378906,104.27847290039062,103.76897430419922,101.59724426269531,98.1121826171875,95.52486419677734,94.33981323242188,90.13877868652344,87.92041778564453,84.87638092041016,82.20097351074219,77.20103454589844,74.81310272216797,71.61005401611328,70.80254364013672,64.40496826171875,62.20128631591797,61.032779693603516,58.52349853515625,57.688819885253906,58.66856002807617,56.080299377441406,55.226806640625,56.080299377441406,55.226806640625,57.14017868041992,59.203041076660156,58.2580451965332,59.54829788208008,55.973209381103516
0,-34,-95,9,40,102.48902130126953,102.48902130126953,105.3043212890625,106.47064971923828,104.30723571777344,101.40019989013672,103.12128448486328,98.18350219726562,99.08077239990234,101.17806243896484,99.18164825439453,96.04686737060547,98.0,96.04686737060547,95.08417510986328,96.33275604248047,96.7470932006836,97.62171936035156,98.50888061523438,99.14131164550781,98.50888061523438,99.84988403320312,99.32270812988281,101.2422866821289,100.04499053955078,98.0051040649414,95.00526428222656,95.00526428222656,90.022216796875,88.0227279663086,85.21150207519531,83.15046691894531,79.22752380371094,77.3175277709961,71.25306701660156,71.44927978515625,66.18912506103516,63.19810104370117,60.20797348022461,56.080299377441406,57.00876998901367,54.00925827026367,56.035701751708984,54.00925827026367,53.037723541259766,52.038448333740234,55.03635025024414,57.00876998901367,58.03447341918945,60.13318634033203,56.718605041503906,55.785301208496094
0,-34,-95,9,40,102.39140319824219,103.5857162475586,104.56098937988281,105.32331085205078,104.3455810546875,101.0,102.18121337890625,101.41498565673828,100.22474670410156,98.71676635742188,96.5660400390625,98.37174224853516,97.41663360595703,96.4624252319336,95.5196304321289,94.9210205078125,97.30878448486328,94.70480346679688,98.61541748046875,99.5389404296875,98.79270935058594,101.95096588134766,100.30453491210938,101.39033508300781,100.5683822631836,98.37174224853516,97.80081939697266,94.11163330078125,90.70832061767578,87.09764862060547,84.92938232421875,82.56512451171875,80.41144561767578,76.11833190917969,71.84706115722656,70.03570556640625,66.91038513183594,62.801273345947266,61.188232421875,59.03388977050781,57.723480224609375,55.31726837158203,54.81787872314453,55.081756591796875,52.88667297363281,53.851646423339844,54.81787872314453,57.00876998901367,57.070133209228516,58.694122314453125,56.22277069091797,55.009090423583984
0,-34,-95,10,34,95.75489807128906,97.86725616455078,98.0051040649414,99.50376892089844,95.88534545898438,94.42987060546875,93.77099609375,93.21480560302734,91.08238220214844,90.09439849853516,92.39588928222656,90.02777099609375,88.5268325805664,88.05680084228516,87.09190368652344,88.23265075683594,89.8109130859375,88.54377746582031,92.4770278930664,93.04837799072266,93.6375961303711,94.2443618774414,91.39474487304688,93.6375961303711,92.04889678955078,91.48223876953125,90.9560317993164,86.34812927246094,84.72307586669922,83.74365997314453,80.41144561767578,76.29547882080078,74.96665954589844,70.85901641845703,66.75328063964844,63.95310592651367,60.8276252746582,56.56854248046875,53.93514633178711,53.36665725708008,51.195701599121094,52.201534271240234,49.72926712036133,49.33558654785156,49.04079818725586,47.53945541381836,49.648765563964844,52.201534271240234,51.195701599121094,52.611785888671875,51.244510650634766,53.0
0,-34,-95,10,34,92.22798156738281,92.07062530517578,97.01546478271484,95.35198211669922,96.33794403076172,91.4111557006836,91.24143981933594,88.95504760742188,90.09439849853516,91.4439697265625,87.28115844726562,88.14192962646484,88.0227279663086,85.0058822631836,87.0,88.0,86.02325439453125,87.02298736572266,90.13877868652344,90.0888442993164,91.0494384765625,93.04837799072266,92.0,94.04785919189453,92.0,91.0,88.0511245727539,87.28115844726562,83.38465118408203,83.48652648925781,77.41446685791016,75.66372680664062,71.70076751708984,68.06614685058594,66.2872543334961,63.639610290527344,58.85575485229492,54.58937454223633,53.600372314453125,50.2493782043457,51.088157653808594,49.162994384765625,50.08992004394531,49.01020431518555,48.010414123535156,48.0,49.04079818725586,50.08992004394531,50.15974426269531,50.80354309082031,51.195701599121094,50.59644317626953
0,-34,-95,10,34,96.04686737060547,97.02061462402344,97.1287841796875,98.0051040649414,94.13288116455078,98.08159637451172,94.19129180908203,91.0494384765625,90.13877868652344,89.35882568359375,89.08984375,88.36288452148438,90.79647827148438,88.1192398071289,87.96590423583984,88.84255981445312,88.84255981445312,87.4757080078125,92.89241027832031,92.19544219970703,91.4111557006836,92.39588928222656,92.22798156738281,94.72592163085938,90.09439849853516,91.66242218017578,88.36288452148438,85.21150207519531,84.2911605834961,82.05486297607422,79.02531433105469,77.0064926147461,73.0,70.0,66.0302963256836,60.0,64.03124237060547,55.0,56.035701751708984,53.0,51.03919982910156,51.088157653808594,51.15662384033203,50.15974426269531,49.36598205566406,49.162994384765625,50.15974426269531,50.15974426269531,49.01020431518555,54.0,51.244510650634766,52.17279052734375
0,-34,-95,10,34,91.78779602050781,91.78779602050781,95.07891082763672,95.4620361328125,95.63471984863281,94.5409927368164,91.0,91.0,88.39117431640625,88.39117431640625,88.0227279663086,87.66413116455078,87.93179321289062,87.64131164550781,87.36132049560547,88.05680084228516,86.12200927734375,86.34812927246094,87.66413116455078,89.26925659179688,89.73851013183594,89.73851013183594,89.02246856689453,91.92388153076172,92.04889678955078,88.23265075683594,86.97700500488281,85.23497009277344,82.46211242675781,79.47956085205078,76.48529052734375,74.24958038330078,72.01388549804688,67.62396240234375,68.44705963134766,62.169124603271484,59.4810905456543,56.79788589477539,52.0,52.39274597167969,50.15974426269531,50.695167541503906,49.04079818725586,48.703182220458984,48.383880615234375,47.75981521606445,47.434165954589844,50.59644317626953,49.97999572753906,51.429561614990234,50.6063232421875,50.21951675415039
0,-35,-95,11,30,91.67878723144531,96.31718444824219,93.39164733886719,99.2471694946289,90.70832061767578,92.89241027832031,91.67878723144531,89.9888916015625,93.96276092529297,83.81526947021484,89.28605651855469,86.33075714111328,86.53900909423828,86.16263580322266,86.72946166992188,86.16263580322266,85.86617279052734,86.76404571533203,89.05054473876953,91.23595428466797,89.15716552734375,94.93682098388672,90.47099304199219,91.67878723144531,91.54779815673828,87.46427917480469,87.46427917480469,83.81526947021484,83.52245330810547,75.96051788330078,76.65507507324219,72.80110168457031,70.3420181274414,66.94026947021484,67.44627380371094,64.03124237060547,58.24087905883789,55.785301208496094,53.45091247558594,55.36244201660156,49.648765563964844,48.10405349731445,49.658836364746094,49.76947021484375,47.01063537597656,47.92702865600586,48.46648406982422,49.04079818725586,48.10405349731445,50.59644317626953,49.72926712036133,50.80354309082031
0,-34,-95,9,40,98.4327163696289,97.08243560791016,102.52804565429688,98.35140991210938,99.36800384521484,95.2732925415039,96.5660400390625,95.63471984863281,96.93296813964844,95.4620361328125,93.77632904052734,93.52005004882812,92.13577270507812,93.02149963378906,92.13034057617188,93.64827728271484,92.28217315673828,90.55384826660156,94.03190612792969,97.09788513183594,97.41663360595703,96.8968505859375,94.15412902832031,96.3846435546875,95.29428100585938,95.29428100585938,92.57429504394531,90.37699127197266,84.17243957519531,86.53900909423828,80.41144561767578,80.77747344970703,75.02666473388672,72.11102294921875,68.94925689697266,66.128662109375,62.297672271728516,59.236812591552734,56.64803695678711,54.625999450683594,55.54277801513672,50.56678771972656,51.89412307739258,48.764739990234375,51.4781494140625,51.429561614990234,51.0,50.537113189697266,53.3104133605957,53.48831558227539,55.081756591796875,53.93514633178711
0,-34,-95,9,40,103.0,102.01960754394531,106.04244232177734,104.00480651855469,106.00471496582031,101.00495147705078,100.0,101.00495147705078,99.02020263671875,99.04544067382812,98.04590606689453,96.13011932373047,95.33625030517578,93.34345245361328,95.33625030517578,98.0051040649414,95.35198211669922,97.32420349121094,97.49359130859375,98.47842407226562,98.61541748046875,101.27191162109375,99.72462463378906,101.71037292480469,99.2471694946289,96.25486755371094,96.00521087646484,97.00515747070312,90.022216796875,89.05054473876953,83.15046691894531,81.3019027709961,78.23043060302734,74.24284362792969,71.25306701660156,68.26419067382812,66.48307800292969,60.29925537109375,57.314918518066406,56.14267349243164,56.00892639160156,53.0848388671875,55.081756591796875,53.00943374633789,51.009803771972656,53.00943374633789,53.00943374633789,55.0,55.226806640625,57.314918518066406,54.918121337890625,55.36244201660156
0,-34,-95,9,40,106.15083312988281,104.89041900634766,108.46658325195312,105.47511291503906,106.8877944946289,101.13851928710938,103.3247299194336,101.23734283447266,100.5683822631836,101.41498565673828,98.71676635742188,98.23441314697266,97.41663360595703,98.60020446777344,95.21029663085938,100.12492370605469,96.79875946044922,98.18350219726562,96.5660400390625,100.95543670654297,99.86490631103516,102.07839965820312,101.40019989013672,102.07839965820312,99.80982208251953,99.02020263671875,97.83660125732422,96.33275604248047,90.55384826660156,90.55384826660156,82.02438354492188,82.75868225097656,79.98124694824219,77.15568542480469,73.0,68.680419921875,65.79513549804688,61.52235412597656,60.14149856567383,56.58621597290039,58.0,54.488529205322266,55.226806640625,53.15073013305664,54.5618896484375,52.49761962890625,54.488529205322266,56.58621597290039,56.56854248046875,56.7274169921875,56.080299377441406,56.603885650634766
0,-35,-95,10,34,90.13877868652344,88.5098876953125,90.55384826660156,94.87360382080078,90.73587799072266,87.98295593261719,90.04998779296875,86.45230102539062,86.35391998291016,88.32327270507812,85.47514343261719,85.47514343261719,87.20664978027344,87.6584243774414,80.11241912841797,86.40602111816406,86.53900909423828,84.69356536865234,86.53900909423828,88.60022735595703,91.0,90.2496566772461,85.0,89.05054473876953,88.58893585205078,87.70974731445312,83.24061584472656,82.15229797363281,78.54934692382812,76.85050201416016,75.21302795410156,70.49113464355469,70.45565795898438,66.85057830810547,62.20128631591797,59.203041076660156,57.00876998901367,53.25410842895508,52.63079071044922,50.0,48.87739944458008,46.647613525390625,47.41307830810547,43.416587829589844,45.650848388671875,46.14108657836914,46.52956008911133,50.477718353271484,46.40043258666992,52.201534271240234,47.50789260864258,48.08325958251953
0,-34,-95,9,41,106.4048843383789,105.47511291503906,110.45361328125,109.123779296875,109.7861557006836,101.98039245605469,103.3924560546875,103.27632904052734,101.91172790527344,100.44898986816406,101.82337951660156,102.64988708496094,97.83660125732422,97.83660125732422,96.54014587402344,99.02020263671875,96.02082824707031,99.4032211303711,100.43903350830078,103.00485229492188,102.80078125,104.20172882080078,103.07764434814453,103.4069595336914,103.07764434814453,101.41498565673828,98.41239929199219,93.38094329833984,90.52071380615234,89.10667419433594,84.89994049072266,82.87943267822266,81.39410400390625,76.48529052734375,71.50524139404297,70.76722717285156,67.35725402832031,62.28964614868164,59.46427536010742,58.728187561035156,56.56854248046875,55.973209381103516,55.31726837158203,54.5618896484375,51.088157653808594,54.037025451660156,54.20331954956055,55.226806640625,57.28001403808594,56.63920974731445,55.60575485229492,55.4707145690918
0,-34,-95,11,30,94.9210205078125,91.18113708496094,93.77632904052734,91.76055908203125,94.33981323242188,90.62008666992188,93.98403930664062,91.78779602050781,88.39117431640625,90.62008666992188,92.19544219970703,87.23531341552734,85.90692901611328,87.20664978027344,85.8836441040039,89.69392395019531,88.48163604736328,88.83692932128906,89.8888168334961,91.80958557128906,91.06591033935547,91.92388153076172,91.30169677734375,94.15412902832031,89.47066497802734,89.0,89.05054473876953,86.53900909423828,82.2800064086914,81.54139709472656,75.96051788330078,74.0,70.83784484863281,68.3081283569336,66.40782928466797,60.406951904296875,58.94064712524414,52.201534271240234,49.47726821899414,50.9215087890625,52.49761962890625,49.76947021484375,50.32891845703125,45.31004333496094,46.06517028808594,47.53945541381836,46.097721099853516,50.695167541503906,54.12947463989258,52.49761962890625,50.695167541503906,46.389652252197266
0,-34,-95,9,39,102.1077880859375,101.86756134033203,103.07764434814453,102.61579132080078,102.61091613769531,99.20181274414062,98.06120300292969,97.29337310791016,96.69022369384766,97.08243560791016,95.90099334716797,96.50906372070312,95.75489807128906,94.76286315917969,93.64827728271484,96.18731689453125,94.08506774902344,93.19334411621094,95.02104949951172,98.12747192382812,97.25225067138672,101.12368774414062,96.33275604248047,98.32598876953125,98.73196411132812,95.75489807128906,93.90420532226562,92.39588928222656,88.45903015136719,85.70297241210938,83.19855499267578,79.07591247558594,76.90253448486328,70.3420181274414,68.4105224609375,66.94026947021484,62.09669876098633,60.16643524169922,58.94064712524414,56.08921432495117,53.15073013305664,51.62363815307617,53.75872039794922,50.2493782043457,51.35172653198242,50.35871505737305,52.345008850097656,51.35172653198242,52.611785888671875,55.31726837158203,54.08327102661133,53.712196350097656
0,-34,-95,10,34,99.50376892089844,97.25225067138672,100.12492370605469,100.40418243408203,99.32270812988281,96.42095184326172,95.18928527832031,96.13011932373047,94.19129180908203,92.0869140625,92.0869140625,93.02149963378906,93.0,91.0494384765625,89.02246856689453,91.13726043701172,90.3548583984375,91.19758605957031,91.66242218017578,95.63471984863281,94.2602767944336,94.2602767944336,95.18928527832031,96.18731689453125,94.00531768798828,95.0,89.005615234375,89.08984375,84.2140121459961,84.148681640625,79.22752380371094,78.4091796875,74.4311752319336,70.57620239257812,67.47592163085938,65.4904556274414,63.50590515136719,58.4208869934082,55.44366455078125,53.0848388671875,53.0848388671875,50.03998565673828,52.0,49.0,50.0,50.0099983215332,50.0,51.0,50.03998565673828,53.23532485961914,52.611785888671875,52.201534271240234
0,-35,-95,11,30,90.3382568359375,90.87353515625,94.8946762084961,90.47099304199219,92.13034057617188,88.10221099853516,91.78779602050781,86.33075714111328,88.10221099853516,89.47066497802734,87.6584243774414,88.5098876953125,87.6584243774414,86.45230102539062,84.05950164794922,85.70297241210938,82.09750366210938,87.92041778564453,84.81155395507812,92.0869140625,91.58602142333984,91.80958557128906,87.66413116455078,89.8888168334961,91.06591033935547,91.30169677734375,86.8158950805664,84.53401947021484,79.2022705078125,81.02468872070312,73.00685119628906,73.16419982910156,72.44998168945312,66.40782928466797,64.8459701538086,60.16643524169922,58.18934631347656,52.39274597167969,54.424259185791016,48.30113983154297,50.695167541503906,49.39635467529297,48.332183837890625,47.01063537597656,46.615447998046875,46.06517028808594,47.01063537597656,48.10405349731445,50.695167541503906,51.244510650634766,50.695167541503906,50.635955810546875
0,-35,-95,11,30,87.98295593261719,94.15412902832031,92.59049987792969,94.33981323242188,90.55384826660156,91.92388153076172,92.78469848632812,87.32124328613281,88.6848373413086,86.35391998291016,88.1929702758789,90.3548583984375,87.72685241699219,87.46427917480469,86.40602111816406,84.69356536865234,90.2496566772461,87.09190368652344,87.66413116455078,88.39117431640625,88.76936340332031,91.7060546875,87.23531341552734,88.14192962646484,90.82400512695312,89.44271850585938,89.94442749023438,81.54139709472656,79.07591247558594,79.61155700683594,74.88658142089844,74.20242309570312,68.00735473632812,67.11929321289062,64.03124237060547,62.42595672607422,60.605281829833984,57.42821502685547,51.400390625,53.823787689208984,47.01063537597656,48.54894256591797,48.02082824707031,48.3735466003418,45.27692413330078,46.647613525390625,47.16990661621094,46.647613525390625,49.81967544555664,46.86149978637695,50.32891845703125,47.381431579589844
0,-35,-95,11,30,95.88013458251953,95.18928527832031,100.84642028808594,96.5660400390625,95.18928527832031,93.81364440917969,94.15412902832031,88.6848373413086,90.04998779296875,92.78469848632812,88.10221099853516,85.86617279052734,89.55445098876953,88.63971710205078,86.00581359863281,90.82400512695312,88.54377746582031,89.8888168334961,88.23265075683594,89.8888168334961,90.2496566772461,92.11405944824219,92.11405944824219,90.82400512695312,90.2496566772461,88.39117431640625,85.90692901611328,85.42247772216797,81.43709564208984,82.2982406616211,75.13321685791016,75.1797866821289,71.19690704345703,69.1158447265625,66.73080444335938,65.0,63.28506851196289,56.30275344848633,55.07267761230469,50.990196228027344,53.22593307495117,49.76947021484375,48.10405349731445,50.15974426269531,48.703182220458984,47.53945541381836,47.75981521606445,48.332183837890625,50.15974426269531,48.3735466003418,48.87739944458008,51.61395263671875
0,-35,-95,11,29,89.3756103515625,88.86506652832031,92.80086517333984,92.45539093017578,89.49860382080078,88.23831176757812,88.23831176757812,86.05230712890625,85.14693450927734,82.4196548461914,85.21150207519531,85.21150207519531,85.75546264648438,81.12335968017578,80.77747344970703,82.15229797363281,82.2982406616211,82.76472473144531,89.005615234375,85.86617279052734,86.83317565917969,88.1929702758789,81.00617218017578,86.31338500976562,90.42676544189453,87.46427917480469,83.52843475341797,77.66595458984375,79.88116455078125,72.11102294921875,72.67048645019531,72.20111083984375,68.00735473632812,65.4369888305664,58.79625701904297,57.48912811279297,53.600372314453125,52.201534271240234,49.40647888183594,45.80392837524414,50.477718353271484,45.650848388671875,46.3249397277832,45.17742919921875,45.650848388671875,44.41846466064453,49.19349670410156,44.41846466064453,43.90899658203125,46.647613525390625,49.648765563964844,49.497474670410156
0,-34,-95,9,41,102.55242919921875,106.51290893554688,103.87010955810547,109.00458526611328,101.76934814453125,105.84894561767578,103.87010955810547,100.7223892211914,100.7223892211914,98.38699340820312,97.04637908935547,99.76472473144531,97.1287841796875,96.7470932006836,98.1121826171875,96.3846435546875,99.85990142822266,96.8968505859375,99.5690689086914,99.85990142822266,101.54801940917969,99.98500061035156,98.27003479003906,101.3558120727539,99.84988403320312,100.7223892211914,97.06183624267578,91.78779602050781,93.62158203125,86.53900909423828,86.16263580322266,82.2800064086914,80.65357971191406,75.89466094970703,73.38937377929688,64.8459701538086,62.62587356567383,60.74536895751953,59.80802536010742,59.09314727783203,52.55473327636719,55.94640350341797,51.89412307739258,54.120235443115234,53.22593307495117,52.77309799194336,54.12947463989258,56.79788589477539,56.36488342285156,54.7813835144043,54.4058837890625,56.08921432495117
0,-34,-95,9,40,98.97979736328125,100.24469757080078,102.18121337890625,102.45974731445312,101.2422866821289,98.03060913085938,99.72462463378906,97.40636444091797,97.49871826171875,96.2081069946289,97.49871826171875,93.52005004882812,94.02127075195312,94.3716049194336,90.78546142578125,95.29428100585938,93.1504135131836,94.8946762084961,94.15412902832031,100.34440612792969,96.25486755371094,99.36296844482422,99.7296371459961,98.83824920654297,97.08243560791016,96.25486755371094,91.92388153076172,92.4770278930664,87.46427917480469,86.03487396240234,81.93289947509766,80.3243408203125,75.0,71.84010314941406,69.6419448852539,66.7607650756836,63.06346130371094,58.52349853515625,54.708316802978516,54.708316802978516,54.7813835144043,51.078372955322266,50.56678771972656,50.08992004394531,51.4781494140625,50.15974426269531,52.92447280883789,52.801513671875,53.141319274902344,53.45091247558594,53.36665725708008,52.611785888671875
0,-34,-95,10,33,84.72307586669922,90.91754150390625,89.8888168334961,91.92388153076172,89.35882568359375,90.04998779296875,89.1852035522461,89.1852035522461,89.1852035522461,81.84130859375,84.90583038330078,83.40863037109375,83.6002426147461,79.05693817138672,85.42832946777344,83.00602722167969,83.63013458251953,80.15609741210938,85.14693450927734,85.14693450927734,89.49860382080078,88.72992706298828,85.14693450927734,89.02246856689453,87.20092010498047,87.6584243774414,81.60882568359375,80.4549560546875,77.17512512207031,77.5241928100586,73.79024505615234,68.47627258300781,70.71067810058594,64.41273498535156,61.269893646240234,55.90169906616211,54.12947463989258,51.429561614990234,51.4781494140625,50.11985778808594,47.01063537597656,49.39635467529297,43.5660400390625,45.221675872802734,45.79301071166992,43.8292121887207,46.04345703125,44.40720748901367,48.02082824707031,45.27692413330078,44.59820556640625,49.39635467529297
0,-34,-95,9,40,106.60675048828125,107.41508483886719,106.8316421508789,108.60018157958984,105.80170440673828,106.60675048828125,105.20931243896484,104.86181640625,102.64988708496094,100.68763732910156,103.17460632324219,99.85990142822266,99.64437103271484,97.24710845947266,98.97979736328125,102.0,101.07917785644531,98.41239929199219,103.78824615478516,102.45974731445312,101.07422637939453,105.99056243896484,101.11874389648438,101.96568298339844,101.71037292480469,101.3558120727539,97.41663360595703,94.57801055908203,95.69221496582031,90.44335174560547,86.60831451416016,84.40379333496094,79.2022705078125,77.6208724975586,74.02702331542969,69.81404113769531,66.84310150146484,61.22091293334961,58.8217658996582,58.00862121582031,56.603885650634766,56.603885650634766,54.708316802978516,53.33854293823242,52.839378356933594,51.97114562988281,52.839378356933594,55.56977462768555,54.918121337890625,56.61272048950195,57.00876998901367,57.28001403808594
0,-34,-95,10,33,91.21403503417969,90.52071380615234,92.6552734375,90.52071380615234,92.444580078125,89.73851013183594,91.48223876953125,87.64131164550781,87.36132049560547,85.70297241210938,86.03487396240234,85.4400405883789,83.77350616455078,83.77350616455078,82.85529327392578,84.69356536865234,82.29216003417969,84.5813217163086,85.42832946777344,87.20664978027344,85.0,89.47066497802734,87.72685241699219,87.72685241699219,87.32124328613281,86.72946166992188,82.2192153930664,80.95677947998047,76.843994140625,76.5375747680664,71.0633544921875,72.03471374511719,68.88395690917969,63.56099319458008,64.53681182861328,58.694122314453125,56.75385284423828,52.63079071044922,51.92301940917969,47.801673889160156,47.12748718261719,46.48655700683594,45.31004333496094,43.32435989379883,44.384681701660156,44.94440841674805,44.94440841674805,46.81879806518555,47.12748718261719,46.3249397277832,48.83646011352539,48.3735466003418
0,-35,-95,10,33,89.005615234375,94.5145492553711,98.41239929199219,96.64884948730469,94.82615661621094,93.4772720336914,93.02149963378906,90.8019790649414,91.7060546875,86.92525482177734,87.8464584350586,92.11405944824219,92.11405944824219,89.1964111328125,86.64871978759766,85.70297241210938,88.8875732421875,86.68333435058594,88.05680084228516,92.04889678955078,87.93179321289062,89.8109130859375,88.23265075683594,91.39474487304688,90.13877868652344,89.31964874267578,83.77350616455078,82.3468246459961,84.07734680175781,78.26238250732422,78.29431915283203,72.00694274902344,68.47627258300781,67.23094177246094,65.0,58.5918083190918,58.66856002807617,57.697486877441406,55.90169906616211,49.19349670410156,49.648765563964844,50.08992004394531,47.92702865600586,48.84669876098633,44.94440841674805,46.81879806518555,50.28916549682617,51.62363815307617,49.39635467529297,50.56678771972656,50.11985778808594,49.648765563964844
0,-34,-95,10,33,92.19544219970703,90.62008666992188,94.33981323242188,92.70382690429688,94.15412902832031,90.87353515625,91.92388153076172,87.32124328613281,87.46427917480469,88.0227279663086,86.72946166992188,86.64871978759766,83.81526947021484,84.48076629638672,83.24061584472656,86.83317565917969,85.37564086914062,86.34812927246094,86.88497924804688,89.26925659179688,88.76936340332031,89.73851013183594,86.83317565917969,89.26925659179688,88.32327270507812,87.28115844726562,84.43340301513672,82.54090118408203,78.77182006835938,78.77182006835938,72.49827575683594,71.69379425048828,69.85699462890625,64.40496826171875,62.169124603271484,60.41522979736328,57.384666442871094,53.3104133605957,51.078372955322266,47.53945541381836,47.75981521606445,42.72002029418945,47.434165954589844,45.880279541015625,44.643028259277344,45.607017517089844,45.35416030883789,46.840152740478516,47.75981521606445,46.81879806518555,48.332183837890625,48.764739990234375
0,-34,-95,10,33,90.70832061767578,90.70832061767578,91.92388153076172,92.6498794555664,90.70832061767578,90.02777099609375,90.47099304199219,87.80091094970703,86.58522033691406,85.86617279052734,87.64131164550781,84.48076629638672,85.070556640625,83.81526947021484,84.15461730957031,84.30895233154297,85.08818817138672,84.17243957519531,85.49269104003906,86.8158950805664,86.53900909423828,88.95504760742188,86.37708282470703,91.18113708496094,87.92041778564453,85.4400405883789,82.2800064086914,81.04319763183594,79.55501556396484,77.36924743652344,73.16419982910156,72.18032836914062,66.91038513183594,63.95310592651367,59.6824951171875,56.56854248046875,55.578773498535156,51.788028717041016,48.05205535888672,47.07440948486328,47.29693603515625,45.607017517089844,43.96589660644531,46.173583984375,44.271888732910156,43.96589660644531,45.880279541015625,44.643028259277344,45.607017517089844,48.27007293701172,48.3735466003418,46.097721099853516
0,-35,-95,10,33,89.20201873779297,93.86160278320312,89.49860382080078,95.01578521728516,90.13877868652344,90.13877868652344,88.72992706298828,88.41380310058594,86.68333435058594,82.8070068359375,83.63013458251953,85.58621215820312,87.68124389648438,82.73451232910156,87.1148681640625,84.38601684570312,87.86353302001953,83.73768615722656,88.23831176757812,88.23831176757812,89.49860382080078,90.13877868652344,85.6329345703125,88.5268325805664,88.39117431640625,87.04596710205078,85.58621215820312,80.28075408935547,82.97589874267578,71.70076751708984,72.62230682373047,74.40430450439453,69.02897644042969,64.8999252319336,59.90826416015625,56.22277069091797,56.61272048950195,51.400390625,53.413482666015625,49.04079818725586,46.097721099853516,46.75468063354492,46.66904830932617,47.381431579589844,45.96738052368164,42.42640686035156,46.010868072509766,46.66904830932617,46.66904830932617,46.75468063354492,47.20169448852539,48.02082824707031
0,-34,-95,11,30,91.28527069091797,90.55384826660156,94.79451751708984,94.76286315917969,95.52486419677734,92.09777069091797,91.28527069091797,91.0494384765625,89.87213134765625,93.7229995727539,91.54779815673828,89.20201873779297,85.21150207519531,86.60831451416016,83.6002426147461,87.3670425415039,87.3670425415039,87.66413116455078,91.92388153076172,89.8888168334961,90.97252655029297,89.58794403076172,89.05054473876953,90.97252655029297,88.23265075683594,88.00568389892578,85.91275024414062,85.04116821289062,81.56592559814453,76.5767593383789,72.86288452148438,70.00714111328125,72.12489318847656,67.20863342285156,66.48307800292969,62.22539520263672,58.0,55.154327392578125,53.037723541259766,48.91830062866211,48.91830062866211,47.50789260864258,42.8018684387207,46.22769546508789,44.04542922973633,44.68780517578125,47.01063537597656,47.16990661621094,45.343135833740234,50.32891845703125,48.79549026489258,53.26349639892578
0,-34,-95,9,39,99.29753112792969,101.60708618164062,101.98039245605469,102.1077880859375,101.60708618164062,98.47842407226562,100.80674743652344,95.90099334716797,98.65596771240234,94.14881896972656,96.54014587402344,93.86160278320312,96.5660400390625,93.30059051513672,92.6552734375,92.6552734375,93.98403930664062,93.6375961303711,96.2081069946289,99.02020263671875,96.13532257080078,98.03060913085938,96.76776123046875,97.08243560791016,97.1236343383789,96.3016128540039,90.47099304199219,90.24411010742188,85.90692901611328,82.37718200683594,80.0624771118164,77.92945861816406,75.80237579345703,71.70076751708984,68.4689712524414,65.4904556274414,62.64982223510742,56.56854248046875,55.578773498535156,51.97114562988281,50.0099983215332,49.47726821899414,49.72926712036133,48.08325958251953,47.12748718261719,48.08325958251953,50.28916549682617,51.244510650634766,50.447994232177734,52.95280838012695,51.4781494140625,53.0848388671875
0,-34,-95,10,34,100.16985321044922,94.83142852783203,99.45853424072266,98.71676635742188,97.01546478271484,95.56673431396484,95.8018798828125,93.14505004882812,93.14505004882812,92.72000885009766,91.21403503417969,90.44335174560547,90.47651672363281,90.82400512695312,87.8464584350586,92.4770278930664,89.55445098876953,90.47099304199219,91.23595428466797,92.61209106445312,92.70382690429688,94.42987060546875,92.8493423461914,92.30926513671875,92.11405944824219,92.02716827392578,86.97700500488281,88.23265075683594,82.00609588623047,81.4923324584961,77.36924743652344,75.69015502929688,71.80529022216797,69.63475799560547,66.70832061767578,62.817195892333984,59.228370666503906,55.081756591796875,52.63079071044922,50.695167541503906,50.59644317626953,48.383880615234375,49.39635467529297,46.2385139465332,46.2385139465332,47.53945541381836,46.615447998046875,49.39635467529297,49.33558654785156,50.0,50.447994232177734,49.36598205566406
0,-34,-95,11,29,85.79627227783203,88.54377746582031,93.30059051513672,93.23089599609375,93.04837799072266,91.76055908203125,90.2496566772461,88.39117431640625,87.92041778564453,87.28115844726562,84.77027893066406,87.36132049560547,81.04319763183594,83.93450164794922,83.24061584472656,84.40379333496094,84.34452819824219,85.90692901611328,88.45903015136719,90.70832061767578,85.37564086914062,89.73851013183594,87.80091094970703,84.92938232421875,90.8019790649414,86.68333435058594,83.00602722167969,78.39005279541016,80.62257385253906,75.23961639404297,72.09021759033203,69.35416412353516,65.29930877685547,67.5425796508789,59.9416389465332,59.4810905456543,59.05929183959961,50.08992004394531,48.332183837890625,46.2385139465332,47.92702865600586,46.81879806518555,46.81879806518555,45.54119110107422,42.05948257446289,46.173583984375,44.271888732910156,46.173583984375,48.46648406982422,50.08992004394531,49.24428939819336,43.90899658203125
0,-34,-95,9,40,107.54068756103516,108.90821838378906,107.91200256347656,108.5587387084961,108.5587387084961,107.18675231933594,106.17438507080078,105.81587982177734,105.30906677246094,102.0,103.31021118164062,101.07917785644531,101.13357543945312,101.13357543945312,100.7223892211914,102.15674591064453,101.95096588134766,100.08995819091797,104.177734375,102.31813049316406,105.19029998779297,103.87010955810547,103.36827087402344,105.7024154663086,102.41581726074219,104.65657806396484,98.88377380371094,96.04165649414062,94.66783905029297,89.04492950439453,86.83892822265625,85.44589233398438,81.60882568359375,75.60423278808594,73.60027313232422,69.20259857177734,65.802734375,61.032779693603516,59.07622146606445,59.36328887939453,57.14017868041992,55.07267761230469,52.839378356933594,52.77309799194336,53.23532485961914,53.712196350097656,54.120235443115234,54.20331954956055,57.45433044433594,54.08327102661133,55.217750549316406,55.226806640625
0,-34,-95,9,39,104.29285430908203,104.8475112915039,106.0,104.29285430908203,105.9480972290039,99.29753112792969,99.86490631103516,99.86490631103516,98.73702239990234,98.79270935058594,96.5660400390625,96.25486755371094,96.25486755371094,93.53608703613281,94.82615661621094,97.50897216796875,94.84724426269531,97.08243560791016,96.66436767578125,100.64790344238281,101.07422637939453,102.85912322998047,99.29753112792969,101.07422637939453,98.48857879638672,97.75479888916016,93.49331665039062,91.8368148803711,86.26702880859375,87.41853332519531,80.60397338867188,81.4002456665039,77.0064926147461,72.34638977050781,69.02897644042969,66.21932983398438,61.84658432006836,58.41232681274414,56.40035629272461,52.63079071044922,52.430908203125,50.774009704589844,50.774009704589844,47.16990661621094,51.0,50.6063232421875,51.4781494140625,51.107730865478516,53.823787689208984,53.00943374633789,53.26349639892578,50.91168975830078
0,-34,-95,10,33,95.90099334716797,96.67471313476562,97.74456787109375,99.48869323730469,97.6166000366211,97.18538665771484,97.30878448486328,94.4933853149414,94.3663101196289,90.02777099609375,92.02173614501953,90.60904693603516,91.92388153076172,89.10667419433594,90.52071380615234,89.87213134765625,90.78546142578125,87.86353302001953,95.01578521728516,93.50936126708984,91.9673843383789,96.2081069946289,90.52071380615234,93.38094329833984,92.6336898803711,91.9673843383789,87.86353302001953,85.91275024414062,82.32861328125,79.64923095703125,75.80237579345703,76.40026092529297,73.00685119628906,67.42403411865234,64.8999252319336,59.64059066772461,59.07622146606445,54.4058837890625,53.600372314453125,50.0,47.50789260864258,48.27007293701172,46.66904830932617,46.66904830932617,47.381431579589844,46.66904830932617,47.381431579589844,49.57822036743164,47.423622131347656,47.801673889160156,49.648765563964844,49.648765563964844
0,-34,-95,10,34,98.99494934082031,98.0051040649414,99.29753112792969,101.27191162109375,98.15293884277344,94.8946762084961,96.33794403076172,93.38094329833984,95.35198211669922,92.76313781738281,93.74433135986328,93.62158203125,90.70832061767578,91.21403503417969,90.2496566772461,92.34716796875,90.47651672363281,91.08238220214844,92.69843292236328,93.04837799072266,93.6375961303711,96.79875946044922,93.60555267333984,94.25497436523438,96.3016128540039,93.14505004882812,89.49860382080078,86.88497924804688,84.5280990600586,82.56512451171875,78.26238250732422,76.11833190917969,72.00694274902344,69.58448028564453,67.60177612304688,64.38167572021484,59.53990173339844,54.7448616027832,52.77309799194336,51.788028717041016,49.47726821899414,49.47726821899414,49.33558654785156,47.801673889160156,47.75981521606445,48.703182220458984,48.703182220458984,49.648765563964844,50.695167541503906,50.21951675415039,50.48762130737305,50.03998565673828
0,-34,-95,9,40,103.57605743408203,103.24727630615234,105.54619598388672,107.20074462890625,103.57605743408203,102.59142303466797,102.25947570800781,100.44898986816406,98.47842407226562,99.2471694946289,100.66280364990234,99.20181274414062,99.45853424072266,98.37174224853516,97.80081939697266,96.76776123046875,98.08159637451172,97.41663360595703,98.4327163696289,101.51354217529297,100.24469757080078,102.48902130126953,100.24469757080078,100.5683822631836,99.04039764404297,99.45853424072266,96.54014587402344,93.94147491455078,90.60904693603516,87.66413116455078,85.98837280273438,81.88406372070312,78.77182006835938,73.33484649658203,70.45565795898438,67.47592163085938,63.639610290527344,60.67124557495117,58.694122314453125,55.578773498535156,52.17279052734375,51.41984176635742,52.63079071044922,50.28916549682617,50.695167541503906,50.0,52.49761962890625,51.92301940917969,52.88667297363281,54.5710563659668,54.7448616027832,53.037723541259766
