timestamp,rssi,noise_floor,agc_gain,fft_gain,subcarrier_0,subcarrier_1,subcarrier_2,subcarrier_3,subcarrier_4,subcarrier_5,subcarrier_6,subcarrier_7,subcarrier_8,subcarrier_9,subcarrier_10,subcarrier_11,subcarrier_12,subcarrier_13,subcarrier_14,subcarrier_15,subcarrier_16,subcarrier_17,subcarrier_18,subcarrier_19,subcarrier_20,subcarrier_21,subcarrier_22,subcarrier_23,subcarrier_24,subcarrier_25,subcarrier_26,subcarrier_27,subcarrier_28,subcarrier_29,subcarrier_30,subcarrier_31,subcarrier_32,subcarrier_33,subcarrier_34,subcarrier_35,subcarrier_36,subcarrier_37,subcarrier_38,subcarrier_39,subcarrier_40,subcarrier_41,subcarrier_42,subcarrier_43,subcarrier_44,subcarrier_45,subcarrier_46,subcarrier_47,subcarrier_48,subcarrier_49,subcarrier_50,subcarrier_51
0,-49.0,-95,24,11,119.43617248535156,110.57124328613281,104.3886947631836,97.16995239257812,87.32124328613281,79.84986114501953,73.16419982910156,66.128662109375,60.083274841308594,50.695167541503906,47.07440948486328,41.30375289916992,33.0151481628418,28.160255432128906,21.3775577545166,17.8885440826416,17.804492950439453,16.124515533447266,16.124515533447266,23.194826126098633,24.351591110229492,29.068883895874023,32.75667953491211,39.408119201660156,42.63801193237305,46.097721099853516,55.865909576416016,61.55485534667969,65.0691909790039,67.88224792480469,72.12489318847656,73.53910827636719,79.20858764648438,79.20858764648438,82.03657531738281,84.8646011352539,84.2199478149414,84.8646011352539,86.37129211425781,86.45230102539062,86.45230102539062,86.45230102539062,87.45856475830078,84.64632415771484,85.0,82.6619644165039,84.59905242919922,81.6333236694336,82.85529327392578,81.00617218017578,80.49844360351562,78.18567657470703
0,-48.0,-95,23,15,117.0,110.00454711914062,104.00480651855469,97.00515747070312,87.0,82.02438354492188,73.06161499023438,66.12110137939453,58.13776779174805,51.62363815307617,46.097721099853516,37.64305877685547,31.95309066772461,28.23118782043457,23.600847244262695,17.804492950439453,15.524174690246582,16.031219482421875,17.72004508972168,19.416488647460938,22.671567916870117,26.4007568359375,31.906112670898438,36.67424011230469,41.62931823730469,45.31004333496094,55.36244201660156,58.52349853515625,63.24555206298828,69.2603759765625,68.3081283569336,74.67261505126953,76.89603424072266,78.77182006835938,81.3449478149414,82.2800064086914,84.30895233154297,84.69356536865234,85.61541748046875,86.92525482177734,85.0,85.90692901611328,87.20664978027344,86.31338500976562,83.24061584472656,83.35466766357422,83.86298370361328,83.21658325195312,81.02468872070312,80.80223083496094,80.15609741210938,76.38062286376953
0,-49.0,-95,23,15,121.92620849609375,108.5587387084961,105.38026428222656,97.32420349121094,93.38094329833984,79.76214599609375,74.81310272216797,64.93843078613281,61.392181396484375,54.120235443115234,47.434165954589844,37.336307525634766,35.7770881652832,28.600698471069336,25.495098114013672,18.867961883544922,14.866068840026855,16.031219482421875,18.788293838500977,19.416488647460938,22.627416610717773,28.600698471069336,30.528675079345703,34.78505325317383,41.231056213378906,43.32435989379883,53.851646423339844,60.16643524169922,62.09669876098633,67.91170501708984,68.15423583984375,73.49829864501953,75.69015502929688,77.20103454589844,81.60882568359375,83.16850280761719,83.16850280761719,81.27114868164062,84.75848388671875,82.2800064086914,86.53900909423828,85.23497009277344,89.31964874267578,81.02468872070312,83.6480712890625,80.49844360351562,82.85529327392578,82.49242401123047,82.09750366210938,80.70935821533203,76.05918884277344,73.66138458251953
0,-49.0,-95,23,14,105.01904296875,94.00531768798828,93.04837799072266,85.02352905273438,79.05693817138672,70.1783447265625,64.1248779296875,56.32051086425781,53.600372314453125,47.85394287109375,41.9761848449707,35.735137939453125,30.08321762084961,23.706539154052734,20.0,18.601076126098633,15.81138801574707,16.124515533447266,16.492422103881836,17.492855072021484,20.808652877807617,23.34523582458496,28.844409942626953,32.24903106689453,36.2353401184082,38.910152435302734,48.10405349731445,52.92447280883789,54.424259185791016,58.52349853515625,60.406951904296875,64.62197875976562,66.85057830810547,68.15423583984375,71.69379425048828,71.69379425048828,74.32361602783203,72.01388549804688,73.34848022460938,73.79024505615234,74.24284362792969,73.79024505615234,76.47875213623047,72.06941223144531,73.57308959960938,71.02112579345703,72.11102294921875,72.20111083984375,72.62230682373047,71.0633544921875,68.62215423583984,67.17886352539062
0,-48.0,-95,24,11,119.26860809326172,110.05453491210938,105.36128234863281,97.71898651123047,88.8875732421875,80.36167907714844,74.72616577148438,66.94026947021484,61.392181396484375,52.611785888671875,46.173583984375,40.04996871948242,34.01470184326172,27.166154861450195,23.53720474243164,21.02379608154297,13.45362377166748,17.0,17.0,20.615528106689453,23.409399032592773,28.844409942626953,29.4108829498291,36.878177642822266,40.31128692626953,44.59820556640625,53.90732955932617,61.717098236083984,66.06814575195312,67.00746154785156,69.52696990966797,74.5184555053711,79.30951690673828,79.30951690673828,82.03657531738281,81.39410400390625,83.48652648925781,84.148681640625,85.5628433227539,85.5628433227539,86.37129211425781,87.78382873535156,85.58621215820312,82.87943267822266,82.46211242675781,83.24061584472656,81.84130859375,83.23461151123047,82.15229797363281,78.39005279541016,79.15807342529297,76.15773010253906
0,-49.0,-95,24,12,120.6150894165039,113.35784149169922,105.11898040771484,101.04454803466797,91.54779815673828,81.68843078613281,73.40980529785156,64.637451171875,60.464866638183594,52.35456085205078,45.617977142333984,38.910152435302734,36.055511474609375,29.27456283569336,25.079872131347656,17.464248657226562,15.0,15.81138801574707,19.313207626342773,18.11077117919922,25.079872131347656,29.614185333251953,31.95309066772461,38.910152435302734,43.382022857666016,47.50789260864258,57.14017868041992,61.29437255859375,66.8879623413086,69.89277648925781,72.94518280029297,78.23043060302734,80.15609741210938,81.83519744873047,82.68010711669922,85.4400405883789,88.5098876953125,85.23497009277344,89.69392395019531,88.6848373413086,85.95928955078125,91.24143981933594,91.24143981933594,87.6584243774414,86.8158950805664,82.3468246459961,86.00581359863281,84.50444030761719,84.15461730957031,84.11896514892578,82.00609588623047,78.85429382324219
0,-49.0,-95,24,10,93.98403930664062,89.53770446777344,80.77747344970703,76.5375747680664,72.80110168457031,64.8459701538086,57.9741325378418,54.7448616027832,48.83646011352539,41.30375289916992,36.22154235839844,33.0151481628418,26.172504425048828,21.095022201538086,18.439088821411133,13.601470947265625,12.806248664855957,12.529964447021484,16.124515533447266,15.29705810546875,20.615528106689453,23.323806762695312,24.83948516845703,29.832868576049805,32.649654388427734,34.71310806274414,44.204071044921875,49.648765563964844,52.47856521606445,55.217750549316406,58.600341796875,59.40538787841797,65.73431396484375,60.80295944213867,67.42403411865234,66.06814575195312,70.93659210205078,70.60453033447266,72.4706802368164,72.62230682373047,68.62215423583984,71.50524139404297,69.52696990966797,66.70832061767578,70.03570556640625,64.44377136230469,67.89698028564453,69.02897644042969,63.03173828125,62.00806427001953,63.28506851196289,63.071388244628906
0,-48.0,-95,23,15,108.17115783691406,104.29285430908203,93.14505004882812,92.6498794555664,83.24061584472656,74.04052734375,67.67569732666016,58.872745513916016,54.7813835144043,46.51881408691406,45.617977142333984,37.2155876159668,31.38471031188965,26.248809814453125,22.022714614868164,20.615528106689453,15.132745742797852,16.278820037841797,16.6433162689209,19.10497283935547,23.021728515625,27.294687271118164,28.792360305786133,33.37664031982422,39.051246643066406,43.73785400390625,49.25444030761719,54.147945404052734,60.20797348022461,64.19501495361328,66.18912506103516,71.17584228515625,72.17340087890625,72.17340087890625,72.3394775390625,74.4311752319336,78.77182006835938,76.53103637695312,80.0624771118164,79.07591247558594,77.27871704101562,80.80841827392578,80.60397338867188,78.44743347167969,78.85429382324219,74.46475982666016,76.40026092529297,76.24303436279297,74.0,76.69419860839844,72.49827575683594,70.71067810058594
0,-48.0,-95,23,15,106.8877944946289,100.80674743652344,93.62158203125,89.73851013183594,80.77747344970703,73.97972869873047,66.7607650756836,58.18934631347656,54.424259185791016,46.2385139465332,41.231056213378906,35.34119415283203,29.4108829498291,25.612497329711914,21.40093421936035,17.464248657226562,14.03566837310791,13.601470947265625,17.20465087890625,20.51828384399414,24.413110733032227,29.068883895874023,29.73213768005371,35.1710090637207,41.231056213378906,43.73785400390625,52.239830017089844,55.44366455078125,62.3939094543457,65.12296295166016,66.18912506103516,70.34912872314453,73.17103576660156,73.33484649658203,76.53103637695312,77.78174591064453,80.0624771118164,78.26238250732422,79.42921447753906,80.23091888427734,79.42921447753906,81.58431243896484,83.54639434814453,79.62411499023438,78.58753204345703,78.58753204345703,79.12016296386719,77.49193572998047,75.61084747314453,77.077880859375,73.35530090332031,72.71863555908203
0,-48.0,-95,23,16,122.87391662597656,112.89818572998047,109.77249145507812,98.61541748046875,93.64827728271484,83.35466766357422,76.05918884277344,69.35416412353516,61.741397857666016,53.851646423339844,48.46648406982422,43.011627197265625,34.71310806274414,29.017236709594727,23.0867919921875,20.248456954956055,15.264337539672852,15.81138801574707,18.248287200927734,22.022714614868164,25.317977905273438,29.120439529418945,33.241539001464844,39.4461669921875,43.5660400390625,48.02082824707031,55.4707145690918,63.24555206298828,65.802734375,71.61005401611328,71.61005401611328,78.00640869140625,81.60882568359375,81.27114868164062,84.31488800048828,88.20430755615234,87.3670425415039,88.5098876953125,87.46427917480469,89.1852035522461,90.91754150390625,87.23531341552734,90.78546142578125,86.33075714111328,86.40602111816406,85.61541748046875,85.79627227783203,85.4400405883789,85.070556640625,84.48076629638672,82.0,78.77182006835938
0,-49.0,-95,24,6,80.0062484741211,70.51950073242188,68.62215423583984,61.98386764526367,57.245086669921875,52.0,48.10405349731445,44.384681701660156,38.94868469238281,32.649654388427734,30.528675079345703,25.0,22.671567916870117,19.10497283935547,14.422204971313477,13.928388595581055,11.180339813232422,12.083045959472656,11.401754379272461,13.601470947265625,15.65247631072998,20.248456954956055,21.189620971679688,24.515300750732422,28.284271240234375,31.400636672973633,37.2155876159668,40.04996871948242,42.10700607299805,47.01063537597656,47.01063537597656,50.03998565673828,53.037723541259766,53.037723541259766,54.147945404052734,56.080299377441406,56.14267349243164,56.14267349243164,57.21887969970703,56.22277069091797,59.41380310058594,57.42821502685547,57.706153869628906,56.56854248046875,56.08921432495117,56.29387283325195,55.785301208496094,55.785301208496094,56.61272048950195,54.424259185791016,53.3104133605957,53.22593307495117
0,-48.0,-95,23,16,119.20570373535156,112.04463195800781,107.29864501953125,100.89598846435547,89.64373779296875,81.21575927734375,74.02702331542969,65.6048812866211,58.24946212768555,51.4781494140625,49.19349670410156,39.217342376708984,36.68787384033203,30.265491485595703,24.0,20.39607810974121,18.601076126098633,16.278820037841797,19.697715759277344,23.194826126098633,25.01999282836914,30.265491485595703,35.902645111083984,42.05948257446289,46.48655700683594,50.695167541503906,58.18075180053711,61.741397857666016,69.31810760498047,72.00694274902344,75.58438873291016,77.82030487060547,81.39410400390625,86.33075714111328,87.32124328613281,86.8158950805664,91.78779602050781,88.23831176757812,90.62008666992188,91.54779815673828,89.31964874267578,92.97311401367188,93.30059051513672,89.4930191040039,89.5600357055664,86.12781524658203,88.29496002197266,86.88497924804688,87.29833984375,86.83317565917969,84.2911605834961,83.00602722167969
0,-48.0,-95,23,15,113.35784149169922,109.83624267578125,102.42070007324219,96.33794403076172,85.32877349853516,77.78174591064453,71.44927978515625,62.20128631591797,58.07753372192383,47.01063537597656,43.046485900878906,39.11521530151367,29.42787742614746,25.298221588134766,22.360679626464844,19.10497283935547,14.866068840026855,16.031219482421875,17.464248657226562,21.540658950805664,25.238859176635742,31.14482307434082,33.941123962402344,37.202152252197266,42.8018684387207,48.010414123535156,61.057350158691406,61.91122817993164,67.23094177246094,70.8307876586914,74.4311752319336,76.15773010253906,79.61155700683594,81.12335968017578,87.3670425415039,84.59905242919922,85.70297241210938,85.70297241210938,88.00568389892578,88.81441497802734,88.60022735595703,90.60353088378906,91.0494384765625,87.45856475830078,87.20664978027344,86.37129211425781,84.89994049072266,84.85281372070312,84.17243957519531,81.56592559814453,81.4002456665039,77.93586730957031
0,-48.0,-95,24,12,120.30793762207031,112.71202087402344,102.956298828125,97.52947998046875,89.55445098876953,82.85529327392578,71.19690704345703,64.07027435302734,58.24946212768555,49.81967544555664,45.343135833740234,38.28837966918945,32.015621185302734,26.419689178466797,21.540658950805664,20.2237491607666,18.973665237426758,17.804492950439453,20.248456954956055,22.825424194335938,26.248809814453125,31.256999969482422,35.12833786010742,41.01219177246094,45.0111083984375,52.15361785888672,61.52235412597656,64.49806213378906,70.57620239257812,74.81310272216797,77.92945861816406,80.0624771118164,81.88406372070312,84.71717834472656,86.20904541015625,85.70880889892578,90.66973114013672,88.27796936035156,91.26883697509766,91.26883697509766,91.0494384765625,94.02127075195312,91.0,90.0,90.022216796875,86.20904541015625,89.27485656738281,85.47514343261719,85.28775024414062,85.84288024902344,84.92938232421875,83.24061584472656
0,-48.0,-95,23,15,116.84605407714844,111.89280700683594,98.41239929199219,98.88377380371094,86.31338500976562,81.39410400390625,72.49827575683594,65.30696868896484,57.384666442871094,49.04079818725586,44.92215347290039,40.79215621948242,34.058773040771484,27.0,22.56102752685547,17.8885440826416,17.804492950439453,17.0,19.02629852294922,22.022714614868164,24.515300750732422,29.96664810180664,32.202484130859375,39.11521530151367,44.40720748901367,49.40647888183594,60.0,60.4400520324707,67.47592163085938,68.7677230834961,74.02702331542969,76.216796875,80.21221923828125,82.20097351074219,84.81155395507812,82.20097351074219,86.21485137939453,87.20092010498047,88.00568389892578,89.62700653076172,85.4400405883789,91.58602142333984,85.75546264648438,88.32327270507812,86.83317565917969,83.6480712890625,85.0,84.5813217163086,82.85529327392578,83.57032775878906,81.60882568359375,77.87811279296875
0,-48.0,-95,23,15,115.69355773925781,106.73799896240234,103.09219360351562,97.41663360595703,90.44335174560547,76.843994140625,69.57010650634766,64.25729370117188,57.584720611572266,47.85394287109375,44.29446792602539,37.2155876159668,32.80244064331055,28.284271240234375,25.238859176635742,17.72004508972168,13.0,14.866068840026855,18.601076126098633,22.671567916870117,23.706539154052734,31.78049659729004,33.52610778808594,36.34556198120117,45.89117431640625,46.097721099853516,58.03447341918945,61.032779693603516,66.12110137939453,72.00694274902344,70.028564453125,78.00640869140625,78.05767059326172,80.02499389648438,83.09632873535156,84.05355072021484,86.09297180175781,85.47514343261719,89.45389556884766,85.37564086914062,86.5794448852539,89.94442749023438,92.54188537597656,84.01190185546875,85.70297241210938,83.54639434814453,85.37564086914062,82.9698715209961,82.00609588623047,81.60882568359375,78.54934692382812,77.87811279296875
0,-48.0,-95,24,12,111.1980209350586,107.05606079101562,101.212646484375,90.13877868652344,81.60882568359375,79.2022705078125,67.95587158203125,61.032779693603516,58.30952072143555,47.50789260864258,43.046485900878906,39.0,32.015621185302734,28.160255432128906,22.022714614868164,17.262676239013672,15.264337539672852,15.0,20.39607810974121,19.02629852294922,24.020824432373047,29.832868576049805,30.364452362060547,35.46829605102539,42.54409408569336,44.72135925292969,54.708316802978516,58.18075180053711,65.51335906982422,64.14047241210938,68.09552001953125,71.34423828125,72.56031799316406,76.05918884277344,79.17701721191406,79.25907135009766,80.13114166259766,81.39410400390625,82.73451232910156,85.42832946777344,81.43709564208984,84.5813217163086,81.02468872070312,79.84986114501953,79.12016296386719,78.43468475341797,79.05693817138672,80.65357971191406,77.6208724975586,75.92759704589844,77.92945861816406,75.42546081542969
0,-48.0,-95,24,11,115.95257568359375,110.57124328613281,103.07764434814453,96.00521087646484,86.16263580322266,78.77182006835938,74.0,63.89052963256836,57.00876998901367,52.17279052734375,45.7055778503418,39.11521530151367,34.01470184326172,27.294687271118164,24.041629791259766,19.416488647460938,18.601076126098633,17.72004508972168,19.02629852294922,23.34523582458496,24.041629791259766,30.886890411376953,33.61547088623047,40.0,44.04542922973633,50.32891845703125,59.41380310058594,62.28964614868164,68.01470184326172,72.34638977050781,73.66138458251953,78.64476776123047,82.87943267822266,82.134033203125,84.8646011352539,85.58621215820312,88.41380310058594,86.26702880859375,86.97700500488281,90.5096664428711,89.10667419433594,89.8276138305664,89.1964111328125,86.45230102539062,88.5268325805664,84.50444030761719,85.91275024414062,85.6037368774414,83.81526947021484,84.59905242919922,81.6333236694336,80.49844360351562
0,-48.0,-95,23,15,106.7052001953125,100.28459167480469,91.0054931640625,87.66413116455078,78.64476776123047,71.80529022216797,65.30696868896484,56.75385284423828,52.63079071044922,42.72002029418945,39.39543151855469,34.0,29.832868576049805,24.041629791259766,21.40093421936035,17.464248657226562,15.033296585083008,16.552946090698242,18.601076126098633,22.671567916870117,24.20743751525879,31.38471031188965,31.78049659729004,36.400550842285156,42.379241943359375,44.384681701660156,55.54277801513672,56.75385284423828,63.06346130371094,66.4906005859375,68.44705963134766,71.80529022216797,74.72616577148438,75.43209075927734,80.36167907714844,78.58753204345703,81.74349975585938,81.04319763183594,83.52245330810547,85.09406280517578,80.65357971191406,84.15461730957031,82.87339782714844,80.99382781982422,81.39410400390625,78.26238250732422,76.94153594970703,78.892333984375,75.80237579345703,77.17512512207031,74.06078338623047,74.02702331542969
0,-48.0,-95,23,15,101.96568298339844,92.13034057617188,88.56636047363281,78.72102355957031,74.32361602783203,66.30987548828125,62.032249450683594,54.424259185791016,48.383880615234375,42.44997024536133,38.832977294921875,33.13608169555664,28.0,24.083189010620117,17.72004508972168,15.81138801574707,13.601470947265625,15.29705810546875,17.11724281311035,20.615528106689453,24.166091918945312,28.301942825317383,31.064449310302734,36.2353401184082,39.623226165771484,44.59820556640625,52.40229034423828,56.63920974731445,59.54829788208008,62.481998443603516,63.03173828125,70.1783447265625,71.50524139404297,71.44927978515625,75.00666809082031,76.48529052734375,78.56844329833984,77.8331527709961,79.20858764648438,77.077880859375,77.78174591064453,76.3675308227539,80.61017608642578,75.69015502929688,77.8331527709961,73.66138458251953,75.28611755371094,75.28611755371094,75.0,73.49829864501953,71.69379425048828,69.35416412353516
0,-49.0,-95,24,-4,40.31128692626953,37.2155876159668,37.336307525634766,33.241539001464844,30.265491485595703,28.284271240234375,23.53720474243164,23.76972770690918,19.416488647460938,16.76305389404297,14.317821502685547,11.661903381347656,10.816654205322266,8.485280990600586,5.0,6.082762718200684,6.0,5.099019527435303,5.830951690673828,8.485280990600586,9.219544410705566,10.770329475402832,13.0,15.524174690246582,16.278820037841797,18.439088821411133,21.3775577545166,23.53720474243164,23.34523582458496,24.515300750732422,26.68332862854004,28.44292449951172,29.614185333251953,28.635643005371094,31.78049659729004,30.5941162109375,31.048349380493164,30.805843353271484,32.015621185302734,32.015621185302734,32.572994232177734,31.320919036865234,33.52610778808594,31.95309066772461,31.95309066772461,29.546573638916016,32.31098937988281,30.4138126373291,29.96664810180664,30.4138126373291,29.681644439697266,28.017850875854492
0,-49.0,-95,24,9,90.90654754638672,82.32861328125,78.64476776123047,70.1783447265625,66.60330200195312,60.95900344848633,57.314918518066406,49.57822036743164,44.59820556640625,37.64305877685547,33.30165100097656,28.844409942626953,24.59674835205078,18.027755737304688,17.029386520385742,15.29705810546875,12.529964447021484,14.866068840026855,15.231546401977539,17.262676239013672,21.0,24.020824432373047,29.154760360717773,33.734256744384766,37.656341552734375,41.231056213378906,47.801673889160156,51.865211486816406,54.708316802978516,57.584720611572266,61.98386764526367,63.24555206298828,65.14598846435547,65.802734375,70.51950073242188,69.2603759765625,71.16881561279297,70.0927963256836,70.0927963256836,70.8307876586914,71.80529022216797,72.56720733642578,71.19690704345703,71.02112579345703,69.87130737304688,67.36467742919922,68.26419067382812,70.1783447265625,68.00735473632812,67.00746154785156,66.06814575195312,65.37583923339844
0,-49.0,-95,24,11,93.17188262939453,84.17243957519531,81.39410400390625,74.14849853515625,65.92420196533203,61.0,54.451812744140625,49.25444030761719,43.28972244262695,40.01249694824219,36.0,30.149627685546875,24.515300750732422,21.931713104248047,14.764822959899902,13.45362377166748,15.65247631072998,13.03840446472168,14.317821502685547,17.8885440826416,20.248456954956055,23.34523582458496,26.248809814453125,32.557640075683594,35.80502700805664,38.832977294921875,46.647613525390625,49.24428939819336,54.20331954956055,57.706153869628906,56.080299377441406,62.433963775634766,64.14047241210938,63.812225341796875,66.37017059326172,69.3397445678711,69.3397445678711,70.72481536865234,71.28113555908203,72.11102294921875,71.61005401611328,70.21395874023438,70.21395874023438,67.80117797851562,69.02897644042969,67.47592163085938,68.01470184326172,68.680419921875,65.76473236083984,66.52819061279297,65.6048812866211,62.68173599243164
0,-48.0,-95,24,11,116.10340118408203,108.2450942993164,102.53292083740234,93.38094329833984,87.72685241699219,77.78174591064453,72.18032836914062,64.44377136230469,58.898216247558594,49.40647888183594,43.26661682128906,36.2353401184082,32.202484130859375,25.0,22.022714614868164,19.235383987426758,16.6433162689209,17.029386520385742,20.615528106689453,22.56102752685547,27.018512725830078,33.0151481628418,35.12833786010742,40.26164245605469,44.384681701660156,49.04079818725586,61.09828186035156,62.032249450683594,66.48307800292969,71.30918884277344,75.02666473388672,77.6208724975586,78.0,82.63776397705078,82.87339782714844,87.31552124023438,88.54377746582031,86.64871978759766,89.1852035522461,89.1852035522461,88.32327270507812,88.32327270507812,90.2496566772461,86.34812927246094,86.34812927246094,84.5280990600586,86.14522552490234,85.98837280273438,84.59314727783203,83.15046691894531,84.0,79.15807342529297
0,-48.0,-95,23,15,113.60017395019531,107.96759033203125,99.45853424072266,95.88013458251953,82.71033477783203,77.87811279296875,69.42621612548828,61.0,54.58937454223633,48.166378021240234,43.011627197265625,35.05709457397461,32.24903106689453,25.298221588134766,23.706539154052734,18.384777069091797,16.76305389404297,16.031219482421875,19.235383987426758,23.25940704345703,26.419689178466797,33.42155075073242,34.71310806274414,42.52058410644531,45.45327377319336,51.088157653808594,60.216278076171875,64.20280456542969,69.89277648925781,72.11102294921875,75.0,78.81623840332031,82.4196548461914,83.00602722167969,86.21485137939453,85.0,88.60022735595703,87.45856475830078,91.67878723144531,92.31468200683594,90.60904693603516,92.95697784423828,90.60904693603516,89.87213134765625,88.41380310058594,85.58621215820312,86.27861785888672,87.20664978027344,84.50444030761719,84.20214080810547,81.02468872070312,78.892333984375
0,-48.0,-95,23,15,107.07940673828125,99.46356201171875,93.62158203125,86.58522033691406,79.8122787475586,69.12307739257812,63.06346130371094,55.6596794128418,50.59644317626953,41.62931823730469,38.910152435302734,31.38471031188965,27.80287742614746,25.495098114013672,21.954498291015625,16.492422103881836,14.0,15.81138801574707,20.615528106689453,23.34523582458496,25.0,32.24903106689453,31.78049659729004,36.68787384033203,43.011627197265625,46.3249397277832,56.08921432495117,59.03388977050781,65.73431396484375,65.76473236083984,68.24954223632812,74.52516174316406,74.73285675048828,75.70997619628906,79.55501556396484,78.85429382324219,81.25269317626953,81.04319763183594,83.52245330810547,83.52245330810547,80.65357971191406,84.75848388671875,84.75848388671875,80.99382781982422,80.62257385253906,77.87811279296875,79.62411499023438,80.52949523925781,76.05918884277344,77.5241928100586,74.63243103027344,74.81310272216797
0,-48.0,-95,23,15,108.45275115966797,98.88377380371094,92.13034057617188,85.08818817138672,84.11896514892578,70.23532104492188,65.30696868896484,58.13776779174805,53.3104133605957,43.32435989379883,38.62641525268555,36.13862228393555,29.154760360717773,26.0,21.21320343017578,16.552946090698242,15.55634880065918,17.0,19.10497283935547,20.2237491607666,22.360679626464844,30.08321762084961,31.78049659729004,36.2353401184082,41.88078308105469,46.87216567993164,55.217750549316406,58.600341796875,62.42595672607422,66.40029907226562,67.20118713378906,71.40028381347656,74.20242309570312,76.6093978881836,79.05693817138672,80.70935821533203,79.88116455078125,81.54139709472656,83.21658325195312,79.92496490478516,82.85529327392578,82.36504364013672,81.88406372070312,80.52949523925781,81.41252899169922,77.077880859375,78.0,77.6208724975586,77.8331527709961,75.89466094970703,74.72616577148438,73.16419982910156
0,-48.0,-95,24,10,100.16985321044922,90.2496566772461,88.29496002197266,80.52328491210938,76.90253448486328,66.70832061767578,62.96824645996094,54.12947463989258,48.83646011352539,47.04253387451172,38.05259704589844,31.064449310302734,27.294687271118164,20.880613327026367,18.867961883544922,16.401220321655273,12.649110794067383,15.132745742797852,16.278820037841797,18.027755737304688,22.825424194335938,27.018512725830078,31.240999221801758,33.970577239990234,39.824615478515625,42.8018684387207,51.400390625,57.42821502685547,58.00862121582031,62.42595672607422,62.42595672607422,67.80117797851562,70.0,70.60453033447266,74.02702331542969,76.83749389648438,76.40026092529297,76.83749389648438,76.83749389648438,75.82215881347656,80.05622863769531,75.74298858642578,78.56844329833984,75.00666809082031,76.38062286376953,74.2765121459961,74.41101837158203,74.5184555053711,76.216796875,72.20111083984375,70.45565795898438,69.83551788330078
0,-48.0,-95,23,15,116.2755355834961,104.65657806396484,99.98500061035156,96.25486755371094,90.04998779296875,76.15773010253906,67.23094177246094,61.29437255859375,55.75840759277344,46.86149978637695,44.68780517578125,33.241539001464844,32.80244064331055,24.698177337646484,23.53720474243164,19.02629852294922,14.866068840026855,17.029386520385742,22.022714614868164,24.698177337646484,27.513633728027344,33.52610778808594,35.22782897949219,42.01190185546875,46.010868072509766,49.04079818725586,61.20457458496094,64.19501495361328,68.06614685058594,73.43704986572266,74.3303451538086,80.15609741210938,80.15609741210938,85.14693450927734,85.0058822631836,87.14356231689453,90.04998779296875,87.00574493408203,90.0,89.005615234375,89.02246856689453,92.0869140625,92.0869140625,87.09190368652344,86.46965026855469,83.6002426147461,86.14522552490234,85.5102310180664,84.72307586669922,85.37564086914062,81.60882568359375,79.47956085205078
0,-48.0,-95,23,15,106.96260833740234,100.00499725341797,92.45539093017578,87.96590423583984,78.24320983886719,73.40980529785156,65.802734375,59.07622146606445,53.0,45.650848388671875,42.94182205200195,35.46829605102539,29.832868576049805,24.1867733001709,22.022714614868164,16.492422103881836,16.401220321655273,16.6433162689209,19.646883010864258,22.022714614868164,26.019224166870117,29.27456283569336,31.048349380493164,37.6961555480957,42.54409408569336,46.097721099853516,55.4707145690918,58.5918083190918,61.773780822753906,66.73080444335938,69.35416412353516,72.94518280029297,75.1797866821289,75.59100341796875,79.15807342529297,79.60527801513672,81.39410400390625,81.39410400390625,82.29216003417969,81.85963439941406,81.02468872070312,83.38465118408203,83.38465118408203,79.84986114501953,80.99382781982422,77.49193572998047,79.4040298461914,79.8122787475586,78.58753204345703,74.95331573486328,75.13321685791016,74.3303451538086
0,-49.0,-95,24,9,95.90099334716797,89.44271850585938,85.15867614746094,77.27871704101562,70.85901641845703,66.48307800292969,58.30952072143555,50.15974426269531,48.041648864746094,42.0,38.01315689086914,29.27456283569336,26.476404190063477,23.0867919921875,18.867961883544922,14.422204971313477,14.317821502685547,17.0,16.492422103881836,20.248456954956055,22.825424194335938,26.4007568359375,31.240999221801758,34.71310806274414,39.051246643066406,44.68780517578125,53.600372314453125,52.15361785888672,56.859474182128906,60.74536895751953,62.96824645996094,66.0302963256836,70.21395874023438,71.02816009521484,73.81734466552734,74.88658142089844,75.21302795410156,75.43209075927734,73.24616241455078,74.81310272216797,75.60423278808594,76.216796875,76.48529052734375,77.33692169189453,72.86288452148438,74.24958038330078,72.24956512451172,71.4212875366211,75.74298858642578,73.24616241455078,71.84706115722656,68.96376037597656
0,-48.0,-95,23,14,110.7519760131836,105.75916290283203,97.94896697998047,93.60555267333984,81.39410400390625,75.74298858642578,69.3108901977539,61.55485534667969,53.075416564941406,47.20169448852539,41.67733383178711,35.7770881652832,31.320919036865234,26.305892944335938,24.0,18.439088821411133,18.027755737304688,16.401220321655273,21.931713104248047,24.331050872802734,27.018512725830078,34.01470184326172,35.22782897949219,42.20189666748047,46.57252502441406,52.201534271240234,60.406951904296875,61.6846809387207,68.70953369140625,70.00714111328125,75.61084747314453,79.37883758544922,81.27114868164062,83.81526947021484,85.070556640625,83.81526947021484,89.53770446777344,88.60022735595703,91.08238220214844,89.84430694580078,88.05680084228516,90.52071380615234,87.55569458007812,88.5268325805664,87.86353302001953,85.32877349853516,86.31338500976562,86.5794448852539,83.6002426147461,83.48652648925781,81.1541748046875,79.00633239746094
0,-49.0,-95,24,8,85.58621215820312,77.077880859375,71.58910369873047,67.20863342285156,62.28964614868164,54.81787872314453,53.00943374633789,45.45327377319336,40.8166618347168,37.44329071044922,32.75667953491211,24.166091918945312,23.76972770690918,21.095022201538086,17.11724281311035,13.928388595581055,12.806248664855957,12.806248664855957,15.81138801574707,21.095022201538086,21.02379608154297,26.07680892944336,28.861740112304688,30.805843353271484,34.78505325317383,37.6961555480957,45.617977142333984,48.332183837890625,48.30113983154297,56.93856430053711,56.35601043701172,60.373836517333984,62.169124603271484,63.06346130371094,64.8459701538086,67.5425796508789,67.62396240234375,64.47480010986328,68.54196166992188,67.06713104248047,68.15423583984375,66.85057830810547,69.57010650634766,66.73080444335938,65.14598846435547,65.14598846435547,66.48307800292969,64.28841400146484,67.89698028564453,64.49806213378906,63.3876953125,62.032249450683594
0,-48.0,-95,22,19,114.21470642089844,104.9952392578125,100.41912078857422,96.26006317138672,87.1148681640625,79.20858764648438,69.29646301269531,62.36986541748047,54.671749114990234,47.801673889160156,43.26661682128906,35.510562896728516,32.202484130859375,24.515300750732422,24.083189010620117,20.2237491607666,16.401220321655273,19.84943389892578,21.931713104248047,24.331050872802734,29.068883895874023,30.01666259765625,36.055511474609375,41.9761848449707,46.69047164916992,52.17279052734375,59.90826416015625,63.5688591003418,70.21395874023438,73.68174743652344,77.49193572998047,81.27114868164062,82.2192153930664,84.43340301513672,85.4400405883789,87.09190368652344,91.4439697265625,88.5268325805664,89.05054473876953,89.49860382080078,86.58522033691406,92.96235656738281,91.4111557006836,90.25519561767578,87.96590423583984,84.71717834472656,86.46965026855469,84.38008880615234,85.02352905273438,85.0058822631836,80.3056640625,80.7527084350586
0,-48.0,-95,23,16,117.63077545166016,110.85575866699219,102.77159118652344,97.86214447021484,87.66413116455078,79.07591247558594,74.81310272216797,63.28506851196289,59.13543701171875,47.0,45.0111083984375,36.12478256225586,31.048349380493164,26.570659637451172,22.472204208374023,18.439088821411133,16.155494689941406,19.10497283935547,22.360679626464844,24.59674835205078,28.65309715270996,34.71310806274414,35.35533905029297,43.13930892944336,46.097721099853516,51.855567932128906,60.0,67.00746154785156,72.80110168457031,75.21302795410156,79.2022705078125,81.60882568359375,85.21150207519531,85.6037368774414,88.23831176757812,88.86506652832031,90.13877868652344,90.13877868652344,93.4344711303711,92.02173614501953,94.04785919189453,93.38094329833984,91.93476104736328,91.93476104736328,92.09777069091797,87.86353302001953,88.72992706298828,89.02246856689453,89.62700653076172,86.8216552734375,85.23497009277344,82.29216003417969
0,-48.0,-95,23,15,106.73331451416016,98.71676635742188,92.1791763305664,87.09190368652344,79.8122787475586,71.47027587890625,62.297672271728516,55.71355438232422,52.92447280883789,43.46262741088867,39.4461669921875,33.83784866333008,30.479501724243164,24.83948516845703,21.954498291015625,17.464248657226562,15.132745742797852,16.552946090698242,21.260292053222656,24.20743751525879,26.62705421447754,32.202484130859375,35.46829605102539,37.36308288574219,42.44997024536133,46.87216567993164,57.55866622924805,59.53990173339844,64.62971496582031,67.47592163085938,68.4689712524414,71.44927978515625,73.68174743652344,76.65507507324219,79.07591247558594,78.77182006835938,83.18653869628906,80.60397338867188,83.74365997314453,83.74365997314453,81.78630828857422,86.12200927734375,87.32124328613281,82.9698715209961,81.32035064697266,80.65357971191406,78.77182006835938,79.12016296386719,77.6208724975586,77.077880859375,75.29276275634766,74.3303451538086
0,-49.0,-95,25,5,100.12492370605469,91.67878723144531,81.84130859375,78.49203491210938,66.8879623413086,62.68173599243164,57.14017868041992,55.46169662475586,47.50789260864258,37.57658767700195,32.31098937988281,30.08321762084961,26.305892944335938,22.0,20.099750518798828,14.317821502685547,17.029386520385742,18.384777069091797,19.10497283935547,20.02498435974121,25.495098114013672,26.305892944335938,31.016124725341797,34.885528564453125,38.07886505126953,42.54409408569336,52.839378356933594,52.430908203125,56.859474182128906,62.68173599243164,65.21502685546875,66.0378646850586,69.63475799560547,71.56116485595703,69.6419448852539,74.3303451538086,76.02631378173828,76.27581787109375,72.40165710449219,75.80237579345703,77.17512512207031,76.15773010253906,73.35530090332031,75.13321685791016,74.24284362792969,74.73285675048828,73.00685119628906,74.84651184082031,71.16881561279297,69.89277648925781,70.88018035888672,70.40596771240234
0,-48.0,-95,23,15,113.50770568847656,107.44766235351562,101.92153930664062,93.96276092529297,85.4400405883789,76.24303436279297,69.57010650634766,63.5688591003418,55.71355438232422,48.30113983154297,42.19004440307617,36.400550842285156,31.11269760131836,25.806976318359375,21.931713104248047,19.235383987426758,17.262676239013672,18.788293838500977,22.022714614868164,26.248809814453125,30.886890411376953,35.34119415283203,38.62641525268555,43.17406463623047,50.0099983215332,53.75872039794922,64.49806213378906,68.59300231933594,71.70076751708984,74.5452880859375,76.65507507324219,85.0,85.15867614746094,87.29833984375,88.28363037109375,91.24143981933594,90.09439849853516,91.24143981933594,92.57429504394531,93.17188262939453,94.5938720703125,92.19544219970703,93.62158203125,90.2496566772461,90.13877868652344,88.86506652832031,90.82400512695312,89.31964874267578,88.76936340332031,87.72685241699219,85.42247772216797,84.05950164794922
0,-48.0,-95,23,15,98.97979736328125,90.55384826660156,86.8216552734375,81.6333236694336,75.47184753417969,63.812225341796875,57.42821502685547,53.413482666015625,47.20169448852539,39.623226165771484,37.48332977294922,30.479501724243164,25.238859176635742,22.360679626464844,17.464248657226562,16.124515533447266,15.264337539672852,15.55634880065918,19.235383987426758,23.0867919921875,26.305892944335938,30.265491485595703,34.01470184326172,38.11823654174805,42.10700607299805,46.097721099853516,54.58937454223633,57.87054443359375,60.8276252746582,67.26811981201172,64.93843078613281,71.38627624511719,72.18032836914062,75.31268310546875,77.5241928100586,76.79192352294922,78.63841247558594,77.41446685791016,80.39900207519531,78.31346893310547,78.16009521484375,80.15609741210938,85.09406280517578,78.10249328613281,78.00640869140625,74.00675964355469,77.05841827392578,77.10382843017578,74.1080322265625,76.32168579101562,72.18032836914062,72.53275299072266
0,-49.0,-95,24,0,50.20956039428711,44.55333709716797,45.96738052368164,42.52058410644531,37.53664779663086,33.241539001464844,29.4108829498291,27.658634185791016,23.600847244262695,21.954498291015625,18.973665237426758,16.155494689941406,12.165525436401367,10.049875259399414,8.0,9.486832618713379,7.8102498054504395,6.4031243324279785,7.280109882354736,12.0,12.0,13.601470947265625,17.464248657226562,20.248456954956055,22.360679626464844,24.1867733001709,27.784887313842773,29.96664810180664,30.886890411376953,32.75667953491211,31.764760971069336,36.055511474609375,38.07886505126953,37.735923767089844,39.4461669921875,39.824615478515625,40.70626449584961,42.48529052734375,42.48529052734375,42.48529052734375,41.59326934814453,40.31128692626953,42.48529052734375,39.81205749511719,41.231056213378906,39.0,40.49691390991211,40.16217041015625,39.84971618652344,38.60051727294922,37.85498809814453,36.22154235839844
0,-48.0,-95,22,19,114.72576141357422,107.70793914794922,97.08243560791016,97.08243560791016,84.72307586669922,77.46611785888672,68.88395690917969,61.52235412597656,58.215118408203125,47.04253387451172,42.0,35.12833786010742,30.805843353271484,26.0,23.021728515625,19.79899024963379,17.464248657226562,19.10497283935547,22.360679626464844,25.495098114013672,29.068883895874023,35.608985900878906,36.878177642822266,41.72529220581055,46.097721099853516,52.40229034423828,61.22091293334961,66.21932983398438,70.80254364013672,73.00685119628906,77.0064926147461,80.0,84.81155395507812,84.50444030761719,86.68333435058594,85.2760238647461,87.86353302001953,88.5268325805664,90.68627166748047,91.28527069091797,89.8276138305664,91.21951293945312,89.8276138305664,89.10667419433594,88.5268325805664,87.20664978027344,86.83317565917969,86.83317565917969,83.81526947021484,82.09750366210938,83.35466766357422,80.05622863769531
0,-48.0,-95,23,14,98.83824920654297,92.57429504394531,80.49844360351562,81.41252899169922,72.06941223144531,65.51335906982422,57.45433044433594,51.61395263671875,48.25971221923828,39.20458984375,37.48332977294922,31.14482307434082,28.017850875854492,21.470911026000977,20.880613327026367,16.031219482421875,15.81138801574707,15.81138801574707,19.416488647460938,20.248456954956055,24.351591110229492,28.460498809814453,31.575305938720703,36.055511474609375,41.19466018676758,45.0444221496582,55.0,54.0,62.00806427001953,63.0079345703125,65.03076171875,69.0,69.02897644042969,71.00704193115234,73.06161499023438,75.0,76.02631378173828,75.05997467041016,77.16217041015625,78.10249328613281,72.56031799316406,79.5110092163086,77.64663696289062,76.94153594970703,73.16419982910156,72.99314880371094,73.97972869873047,72.53275299072266,70.60453033447266,71.7844009399414,70.38465881347656,70.21395874023438
0,-48.0,-95,23,15,114.03946685791016,110.04090118408203,98.08159637451172,96.08329772949219,83.15046691894531,78.31346893310547,68.4689712524414,62.64982223510742,55.73149871826172,49.030601501464844,42.44997024536133,37.161808013916016,29.529645919799805,25.0,22.671567916870117,17.464248657226562,17.11724281311035,17.72004508972168,23.021728515625,24.83948516845703,29.068883895874023,34.20526123046875,39.4461669921875,44.283180236816406,50.15974426269531,52.39274597167969,63.90618133544922,65.45991516113281,74.0,74.94664764404297,78.77182006835938,82.87339782714844,84.75848388671875,86.64871978759766,89.31964874267578,88.95504760742188,91.76055908203125,91.38927459716797,91.38927459716797,94.42987060546875,92.57429504394531,93.94147491455078,93.03762817382812,89.89437866210938,89.94442749023438,88.32327270507812,89.35882568359375,88.7524642944336,87.09190368652344,85.0,84.64632415771484,84.17243957519531
0,-49.0,-95,24,9,91.0054931640625,86.68333435058594,80.0624771118164,77.27871704101562,66.48307800292969,60.8276252746582,56.22277069091797,50.08992004394531,46.010868072509766,39.051246643066406,35.12833786010742,29.614185333251953,24.351591110229492,21.40093421936035,17.69180679321289,14.422204971313477,15.81138801574707,14.03566837310791,17.72004508972168,22.825424194335938,25.806976318359375,30.4138126373291,31.827661514282227,38.60051727294922,41.617305755615234,46.3249397277832,55.56977462768555,57.30619430541992,60.8276252746582,59.05929183959961,62.265560150146484,68.42514038085938,69.77105712890625,70.23532104492188,75.59100341796875,73.57308959960938,75.66372680664062,76.66159057617188,79.4040298461914,79.92496490478516,75.7165756225586,79.32212829589844,76.66159057617188,75.1664810180664,75.45197296142578,72.42237091064453,73.81734466552734,75.1664810180664,71.21797180175781,72.18032836914062,70.0927963256836,68.88395690917969
0,-48.0,-95,23,15,114.9652099609375,105.19029998779297,100.31948852539062,93.23089599609375,86.00581359863281,75.02666473388672,70.22820281982422,61.032779693603516,56.32051086425781,47.29693603515625,41.59326934814453,35.12833786010742,29.017236709594727,24.331050872802734,21.189620971679688,18.384777069091797,16.552946090698242,20.2237491607666,22.0,24.351591110229492,28.792360305786133,34.0,38.587562561035156,42.63801193237305,46.22769546508789,51.088157653808594,63.70243453979492,67.17886352539062,70.72481536865234,74.96665954589844,76.38062286376953,79.24645233154297,84.2199478149414,82.87943267822266,88.61715698242188,88.61715698242188,89.87213134765625,87.96590423583984,88.72992706298828,88.72992706298828,93.23625946044922,91.83136749267578,90.8019790649414,89.40357971191406,91.52595520019531,87.66413116455078,89.69392395019531,88.1929702758789,87.23531341552734,85.86617279052734,83.77350616455078,80.65357971191406
0,-48.0,-95,24,11,115.84903717041016,106.79419708251953,98.06120300292969,94.14881896972656,86.68333435058594,75.50496673583984,68.44705963134766,61.13100814819336,55.785301208496094,45.880279541015625,43.46262741088867,35.34119415283203,33.60059356689453,25.495098114013672,23.853721618652344,17.72004508972168,14.0,20.248456954956055,23.021728515625,26.870058059692383,29.4108829498291,34.48188018798828,35.7770881652832,40.16217041015625,46.2385139465332,50.96076965332031,61.0,61.84658432006836,70.60453033447266,73.54590606689453,74.73285675048828,80.80841827392578,82.22530364990234,84.17243957519531,85.37564086914062,86.12781524658203,88.32327270507812,88.23265075683594,89.8109130859375,89.4930191040039,88.54377746582031,93.04837799072266,90.13877868652344,85.4400405883789,88.76936340332031,84.17243957519531,85.90692901611328,86.76981353759766,83.72574615478516,84.72307586669922,81.60882568359375,80.28075408935547
0,-49.0,-95,20,13,43.0,40.0,40.01249694824219,36.013885498046875,31.064449310302734,29.017236709594727,25.179357528686523,24.083189010620117,20.39607810974121,19.92485809326172,16.155494689941406,13.416407585144043,11.401754379272461,9.899495124816895,8.062257766723633,7.6157732009887695,7.0,7.071067810058594,7.6157732009887695,9.899495124816895,9.899495124816895,13.03840446472168,16.124515533447266,17.0,20.615528106689453,20.615528106689453,25.0,25.63201141357422,29.4108829498291,27.892650604248047,28.160255432128906,31.048349380493164,31.62277603149414,32.572994232177734,34.78505325317383,32.893768310546875,34.1760139465332,34.539833068847656,35.34119415283203,36.400550842285156,34.1760139465332,35.84689712524414,36.769554138183594,34.539833068847656,34.885528564453125,33.541019439697266,35.84689712524414,34.48188018798828,34.48188018798828,33.2866325378418,32.202484130859375,30.479501724243164
0,-48.0,-95,23,15,113.74093627929688,106.23088073730469,99.5690689086914,94.57801055908203,85.98255920410156,76.6093978881836,69.20259857177734,61.073726654052734,53.90732955932617,47.381431579589844,42.52058410644531,34.4093017578125,31.38471031188965,23.409399032592773,22.360679626464844,20.099750518798828,17.464248657226562,17.029386520385742,22.360679626464844,24.351591110229492,28.44292449951172,34.2344856262207,38.01315689086914,43.104522705078125,48.093658447265625,53.46026611328125,60.8276252746582,66.91038513183594,70.85901641845703,72.83543395996094,77.27871704101562,81.04936981201172,83.72574615478516,85.15867614746094,86.70063781738281,85.70880889892578,89.67720031738281,90.44888305664062,91.3509750366211,92.13577270507812,90.13877868652344,95.04735565185547,90.0888442993164,89.005615234375,90.00555419921875,87.09190368652344,87.14356231689453,85.37564086914062,85.47514343261719,85.0,81.78630828857422,81.04319763183594
0,-49.0,-95,24,8,87.14356231689453,83.09632873535156,77.05841827392578,76.10519409179688,66.00757598876953,59.00847244262695,55.009090423583984,46.04345703125,43.185646057128906,38.327537536621094,32.75667953491211,29.832868576049805,22.472204208374023,19.416488647460938,15.81138801574707,14.764822959899902,15.033296585083008,13.152946472167969,16.552946090698242,19.72308349609375,21.260292053222656,25.612497329711914,27.20294189453125,32.75667953491211,37.58989334106445,42.54409408569336,50.08992004394531,50.537113189697266,56.79788589477539,56.46237564086914,61.269893646240234,65.7419204711914,66.18912506103516,67.97793579101562,67.11929321289062,68.42514038085938,71.11962127685547,69.35416412353516,69.83551788330078,72.71863555908203,74.09453582763672,70.72481536865234,72.94518280029297,71.84706115722656,69.63475799560547,68.60028839111328,71.0633544921875,68.01470184326172,70.71067810058594,70.00714111328125,65.19202423095703,66.21932983398438
0,-48.0,-95,24,11,114.54257202148438,106.51290893554688,96.84007263183594,93.14505004882812,86.40023040771484,76.92203521728516,68.680419921875,61.98386764526367,57.245086669921875,46.51881408691406,42.94182205200195,37.121421813964844,32.80244064331055,25.495098114013672,23.853721618652344,17.72004508972168,13.03840446472168,16.76305389404297,23.021728515625,24.041629791259766,27.459060668945312,34.0,34.78505325317383,40.024993896484375,46.3249397277832,48.66210174560547,61.400325775146484,62.20128631591797,70.57620239257812,72.17340087890625,74.3303451538086,78.51751708984375,79.6303939819336,83.48652648925781,85.70880889892578,84.71717834472656,87.96590423583984,88.28363037109375,91.59148406982422,90.42676544189453,85.5102310180664,92.19544219970703,91.98369598388672,87.55569458007812,86.40023040771484,83.24061584472656,87.59566497802734,84.75848388671875,82.63776397705078,82.63776397705078,80.52949523925781,80.62257385253906
0,-49.0,-95,19,21,45.25483322143555,43.863426208496094,41.231056213378906,38.20994567871094,34.71310806274414,31.890438079833984,27.658634185791016,25.612497329711914,21.63330841064453,19.235383987426758,17.0,14.317821502685547,12.369317054748535,10.198039054870605,10.0,7.6157732009887695,7.211102485656738,7.8102498054504395,8.246211051940918,10.198039054870605,12.0,13.03840446472168,15.132745742797852,16.278820037841797,18.681541442871094,20.880613327026367,24.351591110229492,25.298221588134766,29.154760360717773,29.154760360717773,31.016124725341797,33.241539001464844,34.1760139465332,35.11410140991211,36.055511474609375,35.46829605102539,36.055511474609375,37.64305877685547,37.64305877685547,37.64305877685547,36.878177642822266,37.10795211791992,35.902645111083984,36.67424011230469,35.902645111083984,34.71310806274414,35.35533905029297,35.12833786010742,34.058773040771484,35.0142822265625,33.0,33.060550689697266
0,-48.0,-95,23,14,113.99122619628906,103.09703826904297,100.40418243408203,91.54779815673828,84.38008880615234,76.10519409179688,70.028564453125,61.0,56.00892639160156,48.041648864746094,41.30375289916992,35.902645111083984,32.893768310546875,26.4007568359375,21.40093421936035,18.867961883544922,17.262676239013672,19.0,19.416488647460938,23.323806762695312,27.459060668945312,31.14482307434082,35.46829605102539,40.224369049072266,45.79301071166992,48.87739944458008,56.82429122924805,65.29930877685547,65.29930877685547,71.5541763305664,72.00694274902344,76.02631378173828,81.41252899169922,81.4923324584961,83.24061584472656,85.95928955078125,87.70974731445312,85.0,85.47514343261719,84.90583038330078,90.21086120605469,86.8216552734375,90.73587799072266,84.31488800048828,85.21150207519531,85.0,83.73768615722656,83.09632873535156,85.04116821289062,79.24645233154297,79.20858764648438,74.5184555053711
0,-49.0,-95,22,12,63.348243713378906,56.88584899902344,53.93514633178711,51.195701599121094,45.35416030883789,40.024993896484375,35.44009017944336,33.241539001464844,28.792360305786133,25.079872131347656,23.25940704345703,20.248456954956055,16.970561981201172,13.03840446472168,10.770329475402832,9.486832618713379,9.0,8.5440034866333,10.0,12.206555366516113,14.764822959899902,17.0880069732666,18.973665237426758,21.587032318115234,25.70992088317871,28.44292449951172,33.0151481628418,35.12833786010742,37.05401611328125,38.0,41.04875183105469,42.01190185546875,43.046485900878906,45.0111083984375,46.097721099853516,48.166378021240234,48.010414123535156,47.095645904541016,47.095645904541016,47.16990661621094,49.36598205566406,49.25444030761719,48.25971221923828,47.51841735839844,46.69047164916992,47.07440948486328,48.27007293701172,45.35416030883789,48.50773239135742,47.801673889160156,44.271888732910156,43.863426208496094
0,-48.0,-95,23,15,99.20181274414062,96.60745239257812,85.70297241210938,87.92041778564453,78.23681640625,71.02112579345703,64.66065216064453,56.4358024597168,50.08992004394531,45.617977142333984,44.0113639831543,34.20526123046875,28.284271240234375,23.0,19.235383987426758,15.65247631072998,17.029386520385742,17.464248657226562,19.235383987426758,23.0,26.305892944335938,30.08321762084961,30.675724029541016,38.01315689086914,43.382022857666016,47.41307830810547,56.080299377441406,57.45433044433594,65.73431396484375,63.812225341796875,71.56116485595703,73.24616241455078,73.7834701538086,76.85050201416016,78.54934692382812,77.17512512207031,81.98780059814453,81.4923324584961,82.76472473144531,84.11896514892578,80.95677947998047,84.9705810546875,80.05622863769531,82.85529327392578,79.7057113647461,79.47956085205078,79.12016296386719,80.3243408203125,75.96051788330078,79.8122787475586,77.46611785888672,73.43704986572266
0,-48.0,-95,23,15,106.79419708251953,99.50376892089844,95.33625030517578,90.3548583984375,78.10249328613281,71.0633544921875,66.0,58.00862121582031,54.08327102661133,47.04253387451172,39.20458984375,34.928497314453125,30.364452362060547,25.079872131347656,21.40093421936035,16.6433162689209,14.560219764709473,17.029386520385742,17.464248657226562,21.954498291015625,25.0,30.4138126373291,31.827661514282227,37.013511657714844,39.66106414794922,44.94440841674805,54.20331954956055,59.9416389465332,59.9416389465332,66.18912506103516,68.0,70.23532104492188,75.59100341796875,74.70609283447266,81.00617218017578,78.892333984375,79.4040298461914,79.07591247558594,79.92496490478516,80.4549560546875,83.76156616210938,83.76156616210938,82.09750366210938,80.80223083496094,80.21221923828125,76.83749389648438,78.74642944335938,77.98717498779297,77.8331527709961,77.15568542480469,73.0,72.20111083984375
0,-49.0,-95,25,-15,31.30495262145996,28.17800521850586,27.294687271118164,25.553865432739258,24.1867733001709,21.095022201538086,19.72308349609375,16.401220321655273,15.81138801574707,12.727922439575195,11.313708305358887,9.219544410705566,8.602325439453125,6.7082037925720215,6.082762718200684,5.0,4.123105525970459,4.242640495300293,5.830951690673828,6.324555397033691,8.246211051940918,8.062257766723633,9.0,11.0,12.0,13.03840446472168,16.124515533447266,17.262676239013672,18.248287200927734,19.235383987426758,20.2237491607666,22.203603744506836,22.203603744506836,22.203603744506836,23.194826126098633,23.194826126098633,23.194826126098633,24.083189010620117,24.020824432373047,25.079872131347656,25.01999282836914,24.020824432373047,24.0,23.0,24.020824432373047,23.0,23.0,23.021728515625,23.021728515625,22.203603744506836,22.360679626464844,22.56102752685547
0,-48.0,-95,23,15,117.27745056152344,107.07940673828125,103.24727630615234,93.05912017822266,86.31338500976562,75.13321685791016,72.44308471679688,62.513999938964844,57.14017868041992,48.010414123535156,43.046485900878906,38.20994567871094,30.08321762084961,25.63201141357422,21.470911026000977,19.84943389892578,16.552946090698242,19.10497283935547,19.416488647460938,22.360679626464844,26.07680892944336,32.526912689208984,34.71310806274414,37.64305877685547,43.416587829589844,48.010414123535156,58.52349853515625,64.66065216064453,66.37017059326172,73.43023681640625,74.4311752319336,78.03204345703125,81.6333236694336,81.54139709472656,85.98255920410156,86.8216552734375,86.8216552734375,86.53323364257812,87.09190368652344,86.60831451416016,89.40357971191406,88.60022735595703,90.8019790649414,87.45856475830078,86.45230102539062,86.45230102539062,85.58621215820312,85.5628433227539,84.8646011352539,81.39410400390625,81.83519744873047,77.38862609863281
0,-48.0,-95,23,16,108.5587387084961,100.60317993164062,94.76286315917969,92.9139404296875,80.7527084350586,73.97972869873047,67.08203887939453,59.228370666503906,54.12947463989258,45.607017517089844,41.78516387939453,33.105892181396484,28.65309715270996,23.600847244262695,19.10497283935547,16.124515533447266,15.033296585083008,14.142135620117188,18.601076126098633,20.51828384399414,23.600847244262695,29.529645919799805,31.764760971069336,37.0,42.379241943359375,47.801673889160156,56.51548385620117,59.90826416015625,66.21932983398438,68.44705963134766,70.0927963256836,74.21590423583984,76.65507507324219,77.6208724975586,81.60882568359375,81.04319763183594,82.9698715209961,82.2800064086914,82.861328125,84.11896514892578,83.57032775878906,84.50444030761719,84.15461730957031,84.69356536865234,81.93900299072266,80.95677947998047,78.71467590332031,81.88406372070312,78.39005279541016,78.54934692382812,76.843994140625,75.43209075927734
0,-48.0,-95,23,16,119.70797729492188,110.27692413330078,108.78418731689453,97.6166000366211,89.47066497802734,80.95059967041016,75.13321685791016,65.92420196533203,59.236812591552734,53.48831558227539,43.96589660644531,37.10795211791992,33.241539001464844,26.019224166870117,23.194826126098633,18.788293838500977,15.0,16.155494689941406,20.099750518798828,20.39607810974121,25.0,30.463092803955078,35.84689712524414,40.224369049072266,43.600460052490234,48.27007293701172,58.0,65.79513549804688,67.17886352539062,72.83543395996094,72.86288452148438,77.10382843017578,82.02438354492188,82.8070068359375,84.89994049072266,89.27485656738281,89.27485656738281,87.96590423583984,90.27181243896484,88.09085845947266,90.90654754638672,88.86506652832031,93.40770721435547,86.40023040771484,88.81441497802734,85.21150207519531,86.53323364257812,86.28441619873047,88.6848373413086,84.53401947021484,82.3468246459961,78.43468475341797
0,-48.0,-95,24,11,115.52056121826172,108.84851837158203,102.45974731445312,95.5196304321289,83.48652648925781,77.79460144042969,72.80110168457031,63.56099319458008,58.46366500854492,49.497474670410156,43.28972244262695,38.05259704589844,30.066593170166016,26.476404190063477,20.615528106689453,17.804492950439453,14.21267032623291,16.492422103881836,20.099750518798828,22.847318649291992,25.495098114013672,31.064449310302734,33.60059356689453,38.18376541137695,44.59820556640625,50.32891845703125,57.80138397216797,63.89052963256836,67.80117797851562,68.00735473632812,72.20111083984375,78.24320983886719,81.4002456665039,82.61961364746094,84.64632415771484,83.24061584472656,86.05230712890625,87.96590423583984,88.72992706298828,87.96590423583984,89.14033508300781,89.1964111328125,88.45903015136719,85.5628433227539,86.97700500488281,86.37129211425781,85.14693450927734,85.2760238647461,83.86894226074219,83.00602722167969,80.4549560546875,78.39005279541016
0,-48.0,-95,24,11,118.2708740234375,111.22050476074219,101.40019989013672,98.41239929199219,89.45389556884766,78.51751708984375,71.56814575195312,64.93843078613281,59.84145736694336,50.21951675415039,45.54119110107422,38.62641525268555,35.34119415283203,27.459060668945312,24.041629791259766,18.867961883544922,16.552946090698242,16.031219482421875,17.8885440826416,20.615528106689453,23.34523582458496,31.064449310302734,30.528675079345703,34.928497314453125,43.382022857666016,48.10405349731445,56.32051086425781,61.032779693603516,67.35725402832031,67.18630981445312,70.88018035888672,74.04052734375,76.5375747680664,79.69943237304688,83.81526947021484,81.59656524658203,86.64871978759766,83.57032775878906,86.16263580322266,88.39117431640625,85.08818817138672,89.55445098876953,84.69356536865234,84.5813217163086,87.20664978027344,81.4923324584961,84.59905242919922,84.90583038330078,80.4549560546875,79.88116455078125,77.0064926147461,77.98717498779297
0,-50.0,-95,22,-1,32.649654388427734,30.610456466674805,29.73213768005371,26.90724754333496,24.083189010620117,21.260292053222656,18.867961883544922,18.601076126098633,17.20465087890625,14.422204971313477,13.416407585144043,10.770329475402832,10.198039054870605,8.0,7.071067810058594,6.0,5.830951690673828,2.8284270763397217,4.4721360206604,7.0,6.0,8.062257766723633,8.062257766723633,9.848857879638672,13.0,13.0,16.124515533447266,16.124515533447266,17.8885440826416,18.027755737304688,18.867961883544922,20.59126091003418,21.470911026000977,21.63330841064453,22.360679626464844,21.954498291015625,22.825424194335938,22.825424194335938,23.25940704345703,23.25940704345703,23.706539154052734,22.360679626464844,24.59674835205078,23.25940704345703,22.847318649291992,22.847318649291992,23.409399032592773,23.409399032592773,23.409399032592773,21.840330123901367,21.587032318115234,21.3775577545166
0,-49.0,-95,23,16,111.64676666259766,103.5857162475586,96.25486755371094,91.19758605957031,83.09632873535156,75.1065902709961,69.065185546875,62.032249450683594,55.0,48.166378021240234,44.40720748901367,36.67424011230469,30.364452362060547,25.05992889404297,22.472204208374023,18.384777069091797,15.65247631072998,15.033296585083008,17.262676239013672,21.095022201538086,23.853721618652344,27.58622932434082,30.610456466674805,36.359317779541016,42.19004440307617,44.777225494384766,55.03635025024414,57.27128601074219,61.32699203491211,66.30987548828125,70.26378631591797,70.68238830566406,76.55716705322266,76.02631378173828,80.05622863769531,79.62411499023438,81.85963439941406,81.39410400390625,80.49844360351562,81.88406372070312,82.76472473144531,83.72574615478516,83.72574615478516,83.35466766357422,80.99382781982422,79.88116455078125,81.02468872070312,78.60025787353516,77.801025390625,79.5110092163086,76.41989135742188,75.07329559326172
0,-49.0,-95,24,11,106.00471496582031,97.0,93.04837799072266,86.02325439453125,80.02499389648438,70.11418914794922,66.18912506103516,59.13543701171875,53.46026611328125,46.69047164916992,42.57933807373047,36.400550842285156,29.154760360717773,25.495098114013672,18.601076126098633,18.384777069091797,13.601470947265625,11.0,14.866068840026855,18.027755737304688,19.79899024963379,25.0,27.459060668945312,32.69556427001953,36.769554138183594,41.43669891357422,49.33558654785156,53.45091247558594,55.36244201660156,61.400325775146484,61.400325775146484,66.21932983398438,68.00735473632812,68.680419921875,70.51950073242188,73.37574768066406,74.3303451538086,76.5506362915039,75.61084747314453,75.61084747314453,77.2528305053711,75.02666473388672,77.6208724975586,73.00685119628906,74.24958038330078,73.79024505615234,72.89718627929688,73.35530090332031,72.40165710449219,71.56116485595703,71.61005401611328,68.24954223632812
0,-49.0,-95,24,8,88.48163604736328,79.88116455078125,75.7165756225586,71.61005401611328,66.21932983398438,61.032779693603516,55.44366455078125,52.009613037109375,43.931766510009766,40.31128692626953,36.06937789916992,30.479501724243164,26.07680892944336,21.02379608154297,16.492422103881836,15.132745742797852,14.0,10.816654205322266,10.816654205322266,14.866068840026855,15.29705810546875,19.10497283935547,23.0,27.166154861450195,31.575305938720703,34.525352478027344,41.773197174072266,41.48493576049805,47.801673889160156,48.703182220458984,52.201534271240234,54.120235443115234,56.75385284423828,56.04462432861328,58.694122314453125,58.46366500854492,61.13100814819336,62.36986541748047,63.56099319458008,63.56099319458008,63.348243713378906,63.639610290527344,62.96824645996094,63.78871536254883,63.28506851196289,61.20457458496094,62.12889862060547,61.00819778442383,58.07753372192383,62.0,61.073726654052734,56.88584899902344
0,-49.0,-95,24,11,122.28655242919922,108.23123168945312,104.8093490600586,95.60334777832031,89.40357971191406,79.6303939819336,72.11102294921875,67.74215698242188,59.16925048828125,51.97114562988281,46.51881408691406,38.27531814575195,34.48188018798828,28.07133674621582,23.021728515625,19.235383987426758,15.65247631072998,14.866068840026855,15.524174690246582,21.02379608154297,24.1867733001709,29.120439529418945,31.95309066772461,38.07886505126953,44.72135925292969,46.52956008911133,56.603885650634766,61.057350158691406,63.28506851196289,68.50547790527344,69.3397445678711,73.49829864501953,77.93586730957031,80.70935821533203,82.49242401123047,83.35466766357422,83.72574615478516,85.8836441040039,85.8836441040039,85.42247772216797,87.66413116455078,85.0,88.56636047363281,81.85963439941406,84.5813217163086,83.77350616455078,84.69356536865234,84.15461730957031,84.11896514892578,81.74349975585938,79.42921447753906,77.64663696289062
0,-49.0,-95,24,6,86.53323364257812,76.6093978881836,74.02702331542969,69.02897644042969,63.411354064941406,59.03388977050781,51.855567932128906,48.91830062866211,42.52058410644531,36.12478256225586,31.890438079833984,28.42534065246582,23.853721618652344,19.235383987426758,17.0880069732666,15.033296585083008,11.180339813232422,11.180339813232422,13.03840446472168,12.649110794067383,16.124515533447266,21.02379608154297,22.0,26.172504425048828,29.42787742614746,32.557640075683594,39.293766021728516,42.44997024536133,44.384681701660156,48.764739990234375,50.447994232177734,52.63079071044922,56.32051086425781,55.785301208496094,58.24946212768555,58.46366500854492,60.20797348022461,61.188232421875,62.64982223510742,62.801273345947266,62.3939094543457,61.400325775146484,63.3876953125,60.20797348022461,62.20128631591797,58.07753372192383,60.008331298828125,61.0,58.13776779174805,57.314918518066406,56.718605041503906,56.29387283325195
0,-48.0,-95,24,11,120.2081527709961,112.64102172851562,108.93116760253906,100.96038818359375,93.68030548095703,82.9698715209961,74.95331573486328,67.6830825805664,61.98386764526367,54.7448616027832,47.16990661621094,42.01190185546875,34.01470184326172,30.265491485595703,23.34523582458496,17.492855072021484,14.21267032623291,15.81138801574707,16.031219482421875,19.646883010864258,23.25940704345703,28.600698471069336,30.479501724243164,37.48332977294922,40.360870361328125,44.68780517578125,56.61272048950195,61.85466766357422,64.40496826171875,69.89277648925781,70.80254364013672,75.0,77.801025390625,78.4091796875,83.24061584472656,83.86894226074219,84.81155395507812,83.86894226074219,85.14693450927734,85.14693450927734,90.02777099609375,85.91275024414062,89.27485656738281,84.8646011352539,84.85281372070312,82.75868225097656,86.37129211425781,84.50444030761719,83.86894226074219,80.80223083496094,79.61155700683594,76.15773010253906
0,-49.0,-95,23,10,79.37883758544922,84.77027893066406,67.05221557617188,72.56720733642578,61.84658432006836,56.30275344848633,55.785301208496094,47.434165954589844,41.1096076965332,34.885528564453125,30.870698928833008,26.832815170288086,23.600847244262695,20.51828384399414,17.029386520385742,12.083045959472656,11.401754379272461,10.049875259399414,11.313708305358887,11.401754379272461,13.928388595581055,18.439088821411133,18.248287200927734,23.021728515625,27.018512725830078,29.068883895874023,36.34556198120117,38.327537536621094,41.59326934814453,44.9110221862793,45.7055778503418,49.030601501464844,50.80354309082031,50.80354309082031,52.77309799194336,53.93514633178711,55.90169906616211,56.29387283325195,56.88584899902344,56.88584899902344,56.718605041503906,57.87054443359375,57.706153869628906,55.44366455078125,54.33230972290039,55.3263053894043,56.14267349243164,56.14267349243164,55.081756591796875,55.03635025024414,54.00925827026367,53.33854293823242
0,-49.0,-95,24,11,121.2476806640625,112.30760955810547,105.55093383789062,101.07422637939453,93.91485595703125,82.2982406616211,74.30342864990234,67.74215698242188,61.91122817993164,53.5350341796875,48.60041046142578,41.231056213378906,37.48332977294922,30.479501724243164,24.698177337646484,23.0867919921875,16.0,15.29705810546875,17.804492950439453,17.804492950439453,21.931713104248047,27.20294189453125,29.42787742614746,35.0,41.04875183105469,43.011627197265625,54.147945404052734,58.4208869934082,60.406951904296875,64.49806213378906,66.75328063964844,72.83543395996094,73.68174743652344,77.64663696289062,78.31346893310547,80.5046615600586,80.3056640625,82.15229797363281,84.09518432617188,84.148681640625,84.05355072021484,85.02352905273438,86.00581359863281,80.02499389648438,82.0,79.02531433105469,82.09750366210938,80.39900207519531,78.4091796875,79.07591247558594,77.66595458984375,75.69015502929688
0,-49.0,-95,23,16,123.82245635986328,113.0177001953125,110.63905334472656,103.94229125976562,92.66067504882812,82.36504364013672,76.92203521728516,68.87670135498047,63.158531188964844,57.775428771972656,50.32891845703125,42.72002029418945,36.67424011230469,30.265491485595703,25.01999282836914,20.39607810974121,17.029386520385742,17.029386520385742,16.155494689941406,18.0,23.021728515625,27.513633728027344,31.78049659729004,36.24913787841797,39.824615478515625,47.16990661621094,56.40035629272461,59.81638717651367,62.481998443603516,71.21797180175781,71.21797180175781,74.02702331542969,76.40026092529297,77.0064926147461,81.05553436279297,84.40379333496094,84.87638092041016,83.76156616210938,84.31488800048828,86.28441619873047,88.20430755615234,85.98255920410156,88.5098876953125,86.09297180175781,84.38008880615234,82.76472473144531,83.6480712890625,85.42832946777344,83.77350616455078,82.87339782714844,80.65357971191406,76.90253448486328
0,-49.0,-95,24,11,118.94956970214844,111.01801300048828,105.385009765625,99.40824890136719,87.46427917480469,82.2982406616211,76.16429901123047,66.06814575195312,61.00819778442383,52.038448333740234,48.25971221923828,40.31128692626953,34.928497314453125,29.154760360717773,23.706539154052734,19.84943389892578,15.81138801574707,15.81138801574707,17.029386520385742,19.646883010864258,21.954498291015625,27.58622932434082,28.284271240234375,35.608985900878906,40.49691390991211,44.41846466064453,54.20331954956055,59.9416389465332,62.64982223510742,65.7419204711914,69.35416412353516,73.82411193847656,76.66159057617188,75.80237579345703,78.54934692382812,78.892333984375,82.36504364013672,81.6333236694336,83.35466766357422,82.15229797363281,84.87638092041016,84.87638092041016,85.44589233398438,83.00602722167969,82.46211242675781,81.46778869628906,80.72174072265625,80.65978240966797,79.93122100830078,80.61017608642578,77.89736938476562,75.60423278808594
0,-49.0,-95,24,12,122.14745330810547,112.07140350341797,110.29052734375,100.24469757080078,95.18928527832031,84.38008880615234,75.42546081542969,68.4689712524414,62.96824645996094,56.56854248046875,49.47726821899414,41.761226654052734,36.400550842285156,28.635643005371094,23.021728515625,19.84943389892578,15.264337539672852,14.142135620117188,15.524174690246582,20.248456954956055,22.671567916870117,27.80287742614746,31.064449310302734,34.01470184326172,42.95346450805664,45.31004333496094,54.7813835144043,57.87054443359375,62.297672271728516,69.57010650634766,69.92138671875,76.843994140625,77.16217041015625,79.12016296386719,80.41144561767578,83.93450164794922,85.4400405883789,84.69356536865234,85.08818817138672,84.17243957519531,86.33075714111328,86.8158950805664,88.14192962646484,84.53401947021484,84.59905242919922,80.62257385253906,82.68010711669922,82.92768096923828,83.23461151123047,80.0,80.15609741210938,76.38062286376953
0,-49.0,-95,23,16,123.60015869140625,116.6061782836914,108.46658325195312,103.81233215332031,94.30270385742188,84.05355072021484,76.843994140625,70.45565795898438,64.66065216064453,56.79788589477539,49.19349670410156,43.46262741088867,36.055511474609375,31.575305938720703,28.017850875854492,22.090721130371094,15.231546401977539,15.55634880065918,15.231546401977539,17.11724281311035,20.2237491607666,25.70992088317871,30.08321762084961,32.649654388427734,38.470767974853516,45.27692413330078,55.4707145690918,58.8217658996582,61.85466766357422,64.20280456542969,68.24221801757812,72.80110168457031,76.02631378173828,77.42092895507812,82.6619644165039,80.70935821533203,82.6619644165039,82.92768096923828,83.76156616210938,86.28441619873047,84.2199478149414,85.95928955078125,86.95401000976562,83.72574615478516,83.6480712890625,81.85963439941406,84.17243957519531,83.93450164794922,80.77747344970703,81.27114868164062,80.36167907714844,75.92759704589844
0,-49.0,-95,23,16,125.93649291992188,113.74093627929688,108.46658325195312,103.17460632324219,96.26006317138672,84.87638092041016,78.23681640625,69.40460968017578,61.61168670654297,54.5618896484375,50.20956039428711,41.72529220581055,37.64305877685547,30.805843353271484,28.17800521850586,20.248456954956055,15.0,14.317821502685547,18.439088821411133,18.439088821411133,20.615528106689453,26.68332862854004,30.01666259765625,35.12833786010742,39.11521530151367,45.17742919921875,54.12947463989258,56.08921432495117,62.96824645996094,65.30696868896484,69.63475799560547,71.38627624511719,76.48529052734375,78.08969116210938,79.07591247558594,81.04936981201172,84.01190185546875,81.88406372070312,83.48652648925781,83.72574615478516,83.38465118408203,88.27796936035156,86.09297180175781,81.05553436279297,84.0,81.0,83.02409362792969,79.10120391845703,79.22752380371094,80.3056640625,76.29547882080078,74.95331573486328
0,-50.0,-95,24,8,95.4620361328125,90.52071380615234,82.87943267822266,77.8331527709961,70.0927963256836,69.52696990966797,59.46427536010742,53.26349639892578,49.81967544555664,41.04875183105469,40.8166618347168,33.12099075317383,28.17800521850586,21.840330123901367,19.416488647460938,16.031219482421875,14.142135620117188,10.816654205322266,12.529964447021484,14.866068840026855,17.029386520385742,20.099750518798828,22.360679626464844,29.120439529418945,33.83784866333008,35.44009017944336,43.46262741088867,43.382022857666016,47.85394287109375,49.658836364746094,56.46237564086914,55.94640350341797,59.61543273925781,60.539241790771484,62.64982223510742,65.19202423095703,66.85057830810547,67.62396240234375,67.62396240234375,68.62215423583984,66.40782928466797,68.00735473632812,66.0984115600586,68.680419921875,65.73431396484375,65.92420196533203,66.70832061767578,66.2872543334961,64.49806213378906,64.49806213378906,63.071388244628906,61.073726654052734
0,-49.0,-95,23,15,119.26860809326172,113.29607391357422,107.83784484863281,101.843017578125,91.08238220214844,84.43340301513672,75.28611755371094,68.680419921875,62.361846923828125,54.12947463989258,47.51841735839844,43.104522705078125,38.01315689086914,29.068883895874023,24.1867733001709,21.02379608154297,16.6433162689209,13.601470947265625,14.317821502685547,17.029386520385742,20.248456954956055,24.698177337646484,27.459060668945312,31.827661514282227,37.48332977294922,42.52058410644531,50.447994232177734,55.31726837158203,59.203041076660156,64.40496826171875,67.20118713378906,68.4105224609375,74.02702331542969,75.43209075927734,75.92759704589844,79.5110092163086,80.91971588134766,79.39773559570312,79.98124694824219,80.05622863769531,82.73451232910156,82.75868225097656,83.4505844116211,81.32035064697266,79.30951690673828,78.56844329833984,80.28075408935547,78.24320983886719,77.801025390625,76.6093978881836,73.7834701538086,72.94518280029297
0,-49.0,-95,24,11,121.06196594238281,113.0,107.35455322265625,103.24727630615234,93.21480560302734,84.34452819824219,77.27871704101562,69.63475799560547,61.84658432006836,55.54277801513672,48.08325958251953,41.43669891357422,37.6961555480957,29.96664810180664,25.0,21.260292053222656,18.027755737304688,15.132745742797852,15.29705810546875,17.492855072021484,19.10497283935547,25.238859176635742,28.017850875854492,31.78049659729004,36.400550842285156,42.379241943359375,50.695167541503906,56.75385284423828,61.61168670654297,63.78871536254883,66.4906005859375,69.85699462890625,72.80110168457031,73.49829864501953,76.92203521728516,76.5375747680664,80.65357971191406,79.12016296386719,80.99382781982422,82.2800064086914,79.84986114501953,79.84986114501953,82.46211242675781,81.43709564208984,78.29431915283203,79.15807342529297,81.4923324584961,78.892333984375,77.38862609863281,75.45197296142578,75.43209075927734,72.24956512451172
0,-49.0,-95,23,14,108.25894927978516,105.11898040771484,95.75489807128906,93.03762817382812,82.85529327392578,76.15773010253906,70.00714111328125,62.3939094543457,56.920997619628906,51.54609680175781,46.3249397277832,39.81205749511719,35.35533905029297,30.066593170166016,25.01999282836914,20.39607810974121,17.8885440826416,14.866068840026855,14.317821502685547,16.124515533447266,16.124515533447266,20.39607810974121,24.698177337646484,29.068883895874023,32.75667953491211,36.8917350769043,47.20169448852539,47.50789260864258,52.49761962890625,54.671749114990234,59.66573715209961,61.073726654052734,64.66065216064453,65.29930877685547,68.4105224609375,68.24954223632812,69.81404113769531,71.40028381347656,72.20111083984375,73.23933410644531,72.67048645019531,74.88658142089844,72.40165710449219,72.40165710449219,71.86793518066406,70.71067810058594,71.11962127685547,71.11258697509766,68.94200134277344,68.15423583984375,68.00735473632812,66.21932983398438
0,-49.0,-95,23,15,124.19742584228516,115.108642578125,110.54862976074219,103.3924560546875,97.32933807373047,87.28115844726562,80.39900207519531,71.56814575195312,66.75328063964844,58.051700592041016,54.12947463989258,43.931766510009766,40.49691390991211,32.69556427001953,29.529645919799805,23.600847244262695,17.029386520385742,14.866068840026855,17.0,15.65247631072998,19.235383987426758,23.34523582458496,22.671567916870117,31.764760971069336,36.2353401184082,40.853397369384766,48.703182220458984,55.36244201660156,56.30275344848633,63.5688591003418,62.93647766113281,67.67569732666016,69.89277648925781,70.22820281982422,75.02666473388672,75.3923110961914,77.87811279296875,78.0,79.7057113647461,78.29431915283203,79.15807342529297,81.41252899169922,81.41252899169922,76.05918884277344,79.4040298461914,73.7834701538086,78.23681640625,76.5506362915039,74.81310272216797,73.24616241455078,73.55270385742188,72.24956512451172
0,-49.0,-95,23,15,122.93087768554688,113.08846282958984,110.13627624511719,102.31813049316406,93.40770721435547,83.21658325195312,78.43468475341797,70.51950073242188,64.19501495361328,57.28001403808594,50.21951675415039,45.54119110107422,39.31920623779297,32.015621185302734,27.166154861450195,20.615528106689453,17.8885440826416,14.142135620117188,13.928388595581055,16.0,19.235383987426758,24.166091918945312,26.4007568359375,29.4108829498291,36.2353401184082,41.03656768798828,50.20956039428711,55.865909576416016,56.58621597290039,62.28964614868164,61.55485534667969,67.20863342285156,72.83543395996094,72.12489318847656,76.3675308227539,77.077880859375,77.077880859375,77.077880859375,79.24645233154297,79.98124694824219,82.2192153930664,78.74642944335938,80.28075408935547,76.83749389648438,79.4040298461914,78.81623840332031,77.93586730957031,79.92496490478516,77.17512512207031,76.15773010253906,73.79024505615234,71.30918884277344
0,-49.0,-95,23,15,126.57408905029297,116.0,109.60382843017578,101.83319854736328,96.8968505859375,87.04596710205078,80.65978240966797,73.0,66.84310150146484,59.203041076660156,52.009613037109375,46.647613525390625,38.94868469238281,33.105892181396484,29.4108829498291,23.194826126098633,19.02629852294922,16.492422103881836,14.866068840026855,17.0,19.416488647460938,22.022714614868164,27.018512725830078,30.805843353271484,36.878177642822266,40.26164245605469,49.97999572753906,52.92447280883789,56.46237564086914,61.46543884277344,62.7694206237793,67.23094177246094,70.22820281982422,72.80110168457031,75.58438873291016,77.8331527709961,76.5506362915039,77.49193572998047,79.69943237304688,77.20103454589844,82.00609588623047,80.08120727539062,80.77747344970703,77.87811279296875,79.83106994628906,75.31268310546875,79.07591247558594,77.78174591064453,76.53103637695312,74.1080322265625,73.00685119628906,73.10950469970703
0,-50.0,-95,24,9,98.47334289550781,95.13148498535156,91.58602142333984,88.20430755615234,80.26206970214844,72.40165710449219,65.0,59.9416389465332,53.23532485961914,46.957427978515625,42.154476165771484,37.336307525634766,33.83784866333008,30.4138126373291,25.179357528686523,19.10497283935547,15.524174690246582,13.601470947265625,14.422204971313477,13.0,17.029386520385742,17.11724281311035,22.360679626464844,25.298221588134766,30.870698928833008,34.885528564453125,39.96248245239258,41.88078308105469,50.21951675415039,50.80354309082031,52.430908203125,57.20139694213867,59.90826416015625,59.36328887939453,62.68173599243164,60.74536895751953,66.0378646850586,65.3681869506836,65.86349487304688,67.23094177246094,66.73080444335938,67.11929321289062,67.11929321289062,66.64083099365234,67.5351791381836,65.39112854003906,64.07807922363281,65.55150604248047,64.8459701538086,62.817195892333984,61.61168670654297,60.530982971191406
0,-50.0,-95,25,6,93.40770721435547,91.4166259765625,84.75848388671875,81.27114868164062,73.68174743652344,68.00735473632812,60.728904724121094,55.081756591796875,50.28916549682617,41.9761848449707,41.773197174072266,35.35533905029297,30.01666259765625,25.01999282836914,20.099750518798828,18.439088821411133,13.416407585144043,13.45362377166748,12.649110794067383,13.0,16.124515533447266,21.540658950805664,21.02379608154297,26.419689178466797,28.600698471069336,31.240999221801758,36.878177642822266,43.13930892944336,48.10405349731445,46.66904830932617,51.6623649597168,55.17245864868164,55.31726837158203,56.080299377441406,59.54829788208008,56.080299377441406,61.84658432006836,60.80295944213867,63.411354064941406,63.60031509399414,61.032779693603516,64.8999252319336,64.07027435302734,64.14047241210938,63.631752014160156,61.717098236083984,62.60990524291992,62.60990524291992,59.61543273925781,59.46427536010742,58.24087905883789,58.46366500854492
0,-49.0,-95,24,11,127.75758361816406,114.49017333984375,111.6646728515625,103.73042297363281,98.08159637451172,84.50444030761719,81.70679473876953,71.69379425048828,65.55150604248047,58.18075180053711,52.77309799194336,45.650848388671875,41.34005355834961,34.058773040771484,29.0,25.806976318359375,17.8885440826416,17.11724281311035,15.132745742797852,17.0,19.79899024963379,23.853721618652344,26.4007568359375,28.861740112304688,34.928497314453125,39.81205749511719,47.26520919799805,53.15073013305664,55.145263671875,62.20128631591797,61.073726654052734,66.12110137939453,68.18357849121094,70.11418914794922,73.43704986572266,76.41989135742188,78.77182006835938,76.65507507324219,77.78174591064453,78.08969116210938,79.07591247558594,79.24645233154297,81.39410400390625,77.87811279296875,77.66595458984375,76.65507507324219,77.20103454589844,77.49193572998047,76.89603424072266,73.9256362915039,72.89718627929688,69.83551788330078
0,-50.0,-95,24,11,106.04244232177734,100.68763732910156,96.16651916503906,93.68030548095703,85.16454315185547,79.55501556396484,67.46851348876953,62.36986541748047,56.51548385620117,48.50773239135742,43.104522705078125,39.0128173828125,34.058773040771484,29.0,23.34523582458496,20.248456954956055,18.027755737304688,15.264337539672852,13.601470947265625,13.0,15.81138801574707,19.72308349609375,21.40093421936035,24.83948516845703,31.827661514282227,37.013511657714844,44.204071044921875,46.04345703125,50.477718353271484,50.477718353271484,56.035701751708984,59.16925048828125,61.057350158691406,63.24555206298828,65.21502685546875,64.8999252319336,68.60028839111328,67.20118713378906,70.80254364013672,73.24616241455078,69.81404113769531,74.5184555053711,69.02897644042969,70.29224395751953,68.7677230834961,68.680419921875,67.17886352539062,68.59300231933594,66.06814575195312,66.21932983398438,68.00735473632812,65.19202423095703
0,-50.0,-95,24,10,100.89598846435547,93.94147491455078,88.6453628540039,84.72307586669922,78.64476776123047,67.08203887939453,65.6201171875,57.55866622924805,54.147945404052734,50.08992004394531,45.0444221496582,39.0128173828125,34.058773040771484,27.294687271118164,23.53720474243164,21.02379608154297,18.601076126098633,14.21267032623291,12.369317054748535,13.0,16.278820037841797,18.788293838500977,20.248456954956055,24.20743751525879,26.172504425048828,32.526912689208984,40.45985794067383,41.400482177734375,46.615447998046875,50.0,51.400390625,52.201534271240234,55.44366455078125,59.203041076660156,60.30754470825195,63.25345993041992,64.53681182861328,63.78087615966797,62.36986541748047,65.0691909790039,65.0691909790039,61.717098236083984,66.4680404663086,64.35060119628906,62.96824645996094,63.78087615966797,63.12685775756836,64.20280456542969,61.85466766357422,62.7694206237793,59.16925048828125,59.09314727783203
0,-49.0,-95,23,15,117.0341796875,109.98636627197266,102.44998931884766,95.90099334716797,88.40814208984375,80.60397338867188,75.0,68.00735473632812,62.12889862060547,54.37830352783203,49.92995071411133,44.777225494384766,38.910152435302734,31.62277603149414,27.20294189453125,24.083189010620117,19.235383987426758,15.81138801574707,14.21267032623291,13.03840446472168,17.262676239013672,21.095022201538086,22.022714614868164,27.459060668945312,31.048349380493164,35.44009017944336,43.65776062011719,47.423622131347656,51.4781494140625,53.22593307495117,56.36488342285156,59.4810905456543,63.50590515136719,65.30696868896484,66.70832061767578,67.62396240234375,70.93659210205078,68.3520278930664,69.89277648925781,72.11102294921875,71.7844009399414,71.16881561279297,71.16881561279297,70.60453033447266,71.16881561279297,70.0927963256836,72.03471374511719,71.38627624511719,70.71067810058594,68.35934448242188,66.0302963256836,66.00757598876953
0,-49.0,-95,23,14,121.01652526855469,117.01708984375,107.0,105.0047607421875,93.0,86.00581359863281,79.02531433105469,72.00694274902344,65.12296295166016,57.14017868041992,51.35172653198242,46.87216567993164,41.231056213378906,33.83784866333008,29.546573638916016,23.021728515625,19.84943389892578,18.027755737304688,16.492422103881836,17.029386520385742,18.681541442871094,21.63330841064453,22.203603744506836,29.0,33.42155075073242,39.408119201660156,46.647613525390625,49.39635467529297,55.07267761230469,56.82429122924805,61.91122817993164,64.66065216064453,66.8879623413086,67.41661834716797,72.40165710449219,72.11102294921875,75.1664810180664,73.23933410644531,75.7165756225586,77.20103454589844,75.60423278808594,78.60025787353516,76.83749389648438,75.92759704589844,76.48529052734375,75.00666809082031,75.66372680664062,75.00666809082031,73.75635528564453,73.24616241455078,71.02816009521484,69.97142028808594
0,-49.0,-95,23,14,123.47064208984375,116.2497329711914,108.85311126708984,103.7545166015625,94.9210205078125,85.5102310180664,76.94153594970703,70.8307876586914,65.11528015136719,56.32051086425781,53.45091247558594,45.54119110107422,42.04759216308594,34.885528564453125,30.0,25.495098114013672,17.69180679321289,15.524174690246582,17.029386520385742,17.464248657226562,19.235383987426758,22.671567916870117,24.20743751525879,28.23118782043457,35.7770881652832,36.055511474609375,44.92215347290039,48.50773239135742,55.36244201660156,58.24087905883789,59.203041076660156,63.60031509399414,65.52098846435547,68.96376037597656,69.28924560546875,71.16881561279297,74.63243103027344,73.05477142333984,76.5506362915039,75.96051788330078,74.46475982666016,77.47257232666016,77.47257232666016,73.34848022460938,73.82411193847656,71.19690704345703,74.94664764404297,72.94518280029297,72.11102294921875,73.49829864501953,68.24954223632812,67.89698028564453
0,-50.0,-95,24,-4,63.411354064941406,56.7274169921875,48.91830062866211,48.27007293701172,44.55333709716797,42.42640686035156,39.69886779785156,32.526912689208984,32.649654388427734,26.172504425048828,23.34523582458496,21.260292053222656,19.84943389892578,16.401220321655273,15.264337539672852,11.180339813232422,8.246211051940918,9.0,7.8102498054504395,7.211102485656738,7.6157732009887695,10.29563045501709,12.165525436401367,12.0,15.0,16.0,22.0,23.34523582458496,25.317977905273438,27.166154861450195,30.265491485595703,30.01666259765625,32.140316009521484,34.13209533691406,32.06243896484375,35.0142822265625,36.12478256225586,36.12478256225586,37.121421813964844,36.013885498046875,37.013511657714844,38.0,34.13209533691406,36.22154235839844,35.12833786010742,35.510562896728516,33.541019439697266,37.85498809814453,34.48188018798828,34.48188018798828,34.1760139465332,35.34119415283203
0,-49.0,-95,23,14,117.72000885009766,105.1712875366211,101.07917785644531,95.18928527832031,86.37129211425781,80.02499389648438,71.11258697509766,65.0076904296875,60.0333251953125,54.00925827026367,47.04253387451172,43.28972244262695,35.35533905029297,32.557640075683594,27.513633728027344,22.360679626464844,19.416488647460938,15.620499610900879,16.155494689941406,15.033296585083008,16.278820037841797,19.235383987426758,22.472204208374023,26.248809814453125,29.0,34.71310806274414,43.600460052490234,45.0,48.25971221923828,51.312767028808594,56.035701751708984,58.24946212768555,60.216278076171875,62.42595672607422,64.20280456542969,67.80117797851562,68.24954223632812,67.26811981201172,69.52696990966797,68.01470184326172,70.03570556640625,68.62215423583984,69.3108901977539,67.89698028564453,69.3108901977539,66.52819061279297,68.01470184326172,68.4105224609375,67.42403411865234,66.0378646850586,65.3681869506836,63.071388244628906
0,-50.0,-95,22,3,52.239830017089844,47.26520919799805,49.36598205566406,44.283180236816406,41.19466018676758,36.12478256225586,32.38827133178711,32.557640075683594,26.305892944335938,26.925823211669922,21.840330123901367,17.72004508972168,15.65247631072998,12.083045959472656,11.661903381347656,10.630146026611328,7.280109882354736,7.6157732009887695,8.062257766723633,6.7082037925720215,9.433980941772461,9.219544410705566,12.041594505310059,13.892443656921387,15.65247631072998,16.155494689941406,18.027755737304688,23.409399032592773,24.351591110229492,24.698177337646484,25.63201141357422,29.120439529418945,30.08321762084961,29.4108829498291,33.83784866333008,32.69556427001953,33.105892181396484,33.541019439697266,34.438350677490234,34.539833068847656,33.541019439697266,32.649654388427734,35.34119415283203,32.649654388427734,33.61547088623047,31.906112670898438,33.61547088623047,33.0151481628418,33.60059356689453,31.890438079833984,31.827661514282227,30.479501724243164
0,-49.0,-95,23,15,113.0,109.03668975830078,103.09703826904297,97.01546478271484,88.28363037109375,82.73451232910156,74.81310272216797,67.89698028564453,61.98386764526367,55.785301208496094,49.72926712036133,44.59820556640625,38.07886505126953,32.202484130859375,27.459060668945312,22.671567916870117,19.79899024963379,15.65247631072998,15.132745742797852,15.29705810546875,17.0,19.10497283935547,21.40093421936035,28.23118782043457,30.886890411376953,34.928497314453125,43.32435989379883,47.12748718261719,50.0,54.4058837890625,56.61272048950195,60.4400520324707,61.98386764526367,64.19501495361328,63.90618133544922,67.35725402832031,70.21395874023438,69.57010650634766,70.22820281982422,71.30918884277344,70.7742919921875,72.09021759033203,73.34848022460938,68.44705963134766,70.23532104492188,68.09552001953125,69.97142028808594,69.3397445678711,69.065185546875,68.00735473632812,66.21932983398438,64.35060119628906
0,-50.0,-95,24,6,87.36132049560547,80.36167907714844,75.28611755371094,71.84010314941406,63.89052963256836,61.032779693603516,55.36244201660156,49.97999572753906,45.694637298583984,40.853397369384766,36.24913787841797,33.12099075317383,29.154760360717773,24.413110733032227,20.0,17.029386520385742,15.65247631072998,12.041594505310059,11.045360565185547,10.770329475402832,12.206555366516113,13.601470947265625,18.439088821411133,21.02379608154297,24.698177337646484,27.20294189453125,31.78049659729004,32.557640075683594,37.656341552734375,37.656341552734375,42.57933807373047,46.52956008911133,46.87216567993164,48.05205535888672,48.05205535888672,49.030601501464844,51.41984176635742,50.447994232177734,53.16013717651367,54.120235443115234,52.49761962890625,55.973209381103516,52.81098556518555,53.141319274902344,54.424259185791016,52.92447280883789,52.92447280883789,51.4781494140625,49.24428939819336,49.39635467529297,50.477718353271484,48.27007293701172
0,-49.0,-95,23,15,123.49089050292969,112.50777435302734,109.83624267578125,102.39628601074219,97.94386291503906,85.58621215820312,78.23043060302734,70.72481536865234,66.85057830810547,57.20139694213867,53.26349639892578,45.343135833740234,41.72529220581055,31.890438079833984,31.240999221801758,24.166091918945312,16.492422103881836,15.033296585083008,16.76305389404297,16.6433162689209,17.804492950439453,22.360679626464844,24.041629791259766,29.0,32.015621185302734,38.05259704589844,46.173583984375,49.497474670410156,53.23532485961914,59.41380310058594,60.8276252746582,62.3939094543457,67.60177612304688,68.4689712524414,70.1783447265625,72.56031799316406,74.1687240600586,74.1687240600586,77.05841827392578,74.1080322265625,76.10519409179688,76.05918884277344,78.0,76.00657653808594,73.10950469970703,73.06161499023438,73.43704986572266,71.44927978515625,73.68174743652344,72.83543395996094,70.0927963256836,68.96376037597656
0,-49.0,-95,23,15,125.13192749023438,119.85408020019531,113.35784149169922,107.20074462890625,96.8813705444336,88.6453628540039,79.83106994628906,73.00685119628906,66.94026947021484,60.4400520324707,54.708316802978516,46.2385139465332,42.54409408569336,36.67424011230469,28.844409942626953,25.495098114013672,21.40093421936035,16.76305389404297,15.0,17.464248657226562,18.601076126098633,21.21320343017578,25.238859176635742,30.870698928833008,35.46829605102539,38.62641525268555,49.33558654785156,51.244510650634766,56.04462432861328,59.66573715209961,64.03124237060547,66.21932983398438,69.6419448852539,73.08214569091797,74.63243103027344,74.3303451538086,77.79460144042969,76.843994140625,77.8331527709961,78.77182006835938,78.0,78.92401123046875,78.92401123046875,78.29431915283203,78.26238250732422,76.05918884277344,76.94153594970703,77.69813537597656,75.47184753417969,74.63243103027344,74.20242309570312,71.58910369873047
0,-49.0,-95,23,15,123.98789978027344,113.454833984375,108.97705841064453,104.06248474121094,98.35140991210938,85.70297241210938,79.24645233154297,72.83543395996094,64.35060119628906,58.728187561035156,52.40229034423828,44.821868896484375,40.224369049072266,34.48188018798828,29.96664810180664,24.041629791259766,19.10497283935547,16.278820037841797,14.866068840026855,14.866068840026855,17.8885440826416,21.587032318115234,24.020824432373047,29.017236709594727,32.24903106689453,36.67424011230469,46.097721099853516,50.21951675415039,53.600372314453125,60.16643524169922,59.90826416015625,63.78871536254883,66.94026947021484,69.63475799560547,69.42621612548828,74.52516174316406,74.3303451538086,73.82411193847656,74.81310272216797,74.81310272216797,77.64663696289062,76.53103637695312,79.4040298461914,73.17103576660156,73.10950469970703,73.06161499023438,74.0,74.02702331542969,74.1080322265625,74.4311752319336,72.18032836914062,67.6830825805664
0,-50.0,-95,24,11,106.9205322265625,105.47511291503906,93.53608703613281,92.6552734375,82.49242401123047,79.15807342529297,71.56814575195312,64.1248779296875,58.07753372192383,52.009613037109375,47.01063537597656,38.20994567871094,38.20994567871094,29.27456283569336,27.20294189453125,21.540658950805664,18.027755737304688,14.21267032623291,11.704699516296387,14.0,14.560219764709473,18.027755737304688,22.022714614868164,27.58622932434082,29.73213768005371,34.71310806274414,40.804412841796875,43.600460052490234,50.21951675415039,51.312767028808594,54.918121337890625,57.20139694213867,60.80295944213867,60.80295944213867,62.00806427001953,64.40496826171875,66.21932983398438,67.20118713378906,69.02897644042969,70.93659210205078,70.76722717285156,69.29646301269531,69.29646301269531,67.88224792480469,68.59300231933594,68.01470184326172,67.47592163085938,66.61080932617188,66.40029907226562,64.8999252319336,63.28506851196289,61.717098236083984
0,-49.0,-95,23,14,124.7878189086914,114.01753997802734,111.61540985107422,101.76934814453125,98.0866928100586,85.08818817138672,79.2022705078125,72.01388549804688,65.76473236083984,59.9416389465332,51.97114562988281,47.16990661621094,40.0,36.878177642822266,27.58622932434082,25.0,21.02379608154297,17.72004508972168,17.262676239013672,17.8885440826416,18.384777069091797,22.203603744506836,23.25940704345703,30.08321762084961,35.735137939453125,38.832977294921875,47.26520919799805,51.788028717041016,54.58937454223633,58.30952072143555,60.530982971191406,65.4904556274414,68.59300231933594,69.58448028564453,71.70076751708984,75.80237579345703,73.97972869873047,74.52516174316406,77.66595458984375,77.66595458984375,77.1297607421875,77.1297607421875,78.33900451660156,74.63243103027344,76.5375747680664,74.0,74.67261505126953,74.46475982666016,76.967529296875,72.00694274902344,71.69379425048828,68.24221801757812
0,-49.0,-95,23,15,123.64869689941406,115.7410888671875,110.0636215209961,104.04325866699219,94.5568618774414,85.4400405883789,79.8122787475586,72.03471374511719,66.70832061767578,58.46366500854492,53.93514633178711,47.26520919799805,41.1096076965332,34.01470184326172,32.140316009521484,24.351591110229492,19.235383987426758,17.029386520385742,15.264337539672852,14.560219764709473,19.02629852294922,20.615528106689453,23.76972770690918,28.017850875854492,33.0151481628418,37.013511657714844,46.69047164916992,49.51767349243164,54.451812744140625,57.28001403808594,61.55485534667969,65.0691909790039,67.17886352539062,67.17886352539062,70.72481536865234,70.76722717285156,74.2765121459961,75.1664810180664,77.15568542480469,75.1664810180664,75.43209075927734,76.05918884277344,78.4091796875,75.80237579345703,73.81734466552734,74.3303451538086,74.3303451538086,76.66159057617188,75.1797866821289,72.44998168945312,73.00685119628906,69.57010650634766
0,-49.0,-95,23,14,112.64102172851562,107.56393432617188,100.24469757080078,96.16651916503906,85.070556640625,79.37883758544922,74.0,65.45991516113281,59.80802536010742,53.3104133605957,48.84669876098633,43.382022857666016,37.735923767089844,32.4499626159668,28.319604873657227,22.671567916870117,18.027755737304688,15.524174690246582,16.031219482421875,15.81138801574707,14.866068840026855,18.384777069091797,19.72308349609375,27.312999725341797,29.73213768005371,34.20526123046875,41.9761848449707,45.7055778503418,49.81967544555664,51.788028717041016,55.90169906616211,58.051700592041016,61.98386764526367,63.150611877441406,63.150611877441406,64.32728576660156,67.26811981201172,66.94026947021484,67.91170501708984,70.3420181274414,68.94925689697266,68.00735473632812,69.89277648925781,68.70953369140625,67.779052734375,67.23094177246094,67.11929321289062,68.87670135498047,65.76473236083984,65.86349487304688,64.35060119628906,63.411354064941406
0,-49.0,-95,23,14,123.47064208984375,115.88356018066406,111.50785064697266,102.88343048095703,95.77056121826172,84.2199478149414,79.25907135009766,73.57308959960938,66.8879623413086,59.07622146606445,53.600372314453125,45.607017517089844,38.897300720214844,33.970577239990234,28.844409942626953,25.495098114013672,20.880613327026367,16.0,15.29705810546875,15.81138801574707,19.209373474121094,20.124610900878906,24.351591110229492,32.24903106689453,33.241539001464844,39.11521530151367,48.010414123535156,53.0,54.037025451660156,60.0333251953125,62.00806427001953,64.03124237060547,70.0,70.00714111328125,71.02816009521484,72.00694274902344,76.00657653808594,76.02631378173828,77.10382843017578,76.16429901123047,79.15807342529297,77.41446685791016,79.6303939819336,76.65507507324219,76.11833190917969,74.52516174316406,73.97972869873047,74.21590423583984,73.49829864501953,73.05477142333984,70.93659210205078,68.94200134277344
0,-49.0,-95,23,14,118.25819396972656,113.2784194946289,104.89041900634766,100.6578369140625,91.43850708007812,85.79627227783203,76.5767593383789,71.0633544921875,64.20280456542969,56.61272048950195,52.430908203125,45.79301071166992,38.470767974853516,33.241539001464844,27.513633728027344,24.083189010620117,20.0,18.027755737304688,17.029386520385742,15.81138801574707,17.0880069732666,20.099750518798828,25.0,28.160255432128906,32.38827133178711,37.10795211791992,43.680660247802734,49.04079818725586,53.141319274902344,56.30275344848633,60.74536895751953,65.19202423095703,65.45991516113281,67.35725402832031,68.94925689697266,72.12489318847656,73.08214569091797,73.76313781738281,73.24616241455078,74.46475982666016,73.24616241455078,75.43209075927734,73.97972869873047,76.48529052734375,72.00694274902344,72.69112396240234,73.43704986572266,72.44308471679688,71.0633544921875,71.0,71.11258697509766,68.4689712524414
0,-49.0,-95,23,14,127.03543090820312,118.10588836669922,109.07337188720703,105.0428466796875,95.08417510986328,86.09297180175781,83.15046691894531,73.17103576660156,68.26419067382812,60.530982971191406,55.73149871826172,49.24428939819336,41.9761848449707,37.0,30.870698928833008,27.294687271118164,21.931713104248047,19.416488647460938,16.492422103881836,18.027755737304688,18.439088821411133,21.02379608154297,23.021728515625,26.870058059692383,31.890438079833984,38.60051727294922,46.3249397277832,49.92995071411133,53.851646423339844,56.603885650634766,60.20797348022461,65.19202423095703,65.19202423095703,69.065185546875,72.11102294921875,74.625732421875,74.06078338623047,73.81734466552734,77.0064926147461,77.0064926147461,77.46611785888672,76.83749389648438,77.23341369628906,74.3303451538086,76.38062286376953,72.12489318847656,73.66138458251953,75.82215881347656,74.02702331542969,71.61005401611328,72.40165710449219,71.11962127685547
0,-50.0,-95,23,-1,45.54119110107422,42.379241943359375,41.43669891357422,37.0,35.46829605102539,31.95309066772461,28.160255432128906,28.160255432128906,23.76972770690918,21.587032318115234,18.248287200927734,17.11724281311035,14.142135620117188,12.041594505310059,10.0,8.246211051940918,5.830951690673828,5.385164737701416,4.242640495300293,4.0,6.0,5.099019527435303,8.5440034866333,10.0,11.401754379272461,13.601470947265625,16.278820037841797,19.10497283935547,19.10497283935547,21.21320343017578,21.21320343017578,22.022714614868164,24.041629791259766,24.041629791259766,26.248809814453125,27.58622932434082,26.90724754333496,26.90724754333496,29.0,28.284271240234375,28.42534065246582,26.90724754333496,28.42534065246582,26.248809814453125,27.658634185791016,26.62705421447754,28.600698471069336,27.459060668945312,26.07680892944336,25.495098114013672,25.495098114013672,24.351591110229492
0,-50.0,-95,24,0,59.203041076660156,56.22277069091797,52.801513671875,51.400390625,44.821868896484375,41.86884307861328,38.28837966918945,34.20526123046875,31.827661514282227,29.73213768005371,26.870058059692383,22.671567916870117,20.808652877807617,17.0,14.317821502685547,13.0,9.05538558959961,6.082762718200684,6.082762718200684,8.485280990600586,7.211102485656738,11.180339813232422,10.049875259399414,12.0,15.0,19.02629852294922,24.515300750732422,23.53720474243164,24.331050872802734,26.68332862854004,28.635643005371094,31.78049659729004,31.575305938720703,32.98484420776367,33.541019439697266,35.1710090637207,34.928497314453125,35.510562896728516,36.49657440185547,35.510562896728516,35.510562896728516,37.48332977294922,37.2155876159668,38.20994567871094,36.055511474609375,37.05401611328125,37.0,36.0,37.013511657714844,36.013885498046875,34.36568069458008,33.541019439697266
0,-49.0,-95,23,15,126.82665252685547,116.38728332519531,111.94641876220703,104.35516357421875,95.81753540039062,88.23265075683594,81.59656524658203,75.96051788330078,69.46221923828125,61.84658432006836,54.5618896484375,48.30113983154297,41.67733383178711,36.619667053222656,31.240999221801758,26.4007568359375,22.360679626464844,19.416488647460938,17.029386520385742,16.76305389404297,17.492855072021484,21.21320343017578,24.413110733032227,29.068883895874023,31.62277603149414,37.336307525634766,46.3249397277832,49.24428939819336,53.15073013305664,58.051700592041016,59.43904495239258,62.36986541748047,67.6830825805664,68.15423583984375,70.60453033447266,73.49829864501953,73.76313781738281,73.08214569091797,76.24303436279297,76.24303436279297,76.843994140625,76.89603424072266,77.8331527709961,75.3923110961914,75.7693862915039,73.40980529785156,74.6860122680664,74.70609283447266,73.43023681640625,72.40165710449219,71.02816009521484,69.52696990966797
0,-49.0,-95,23,14,114.40279388427734,104.8093490600586,102.41581726074219,94.40338897705078,87.41853332519531,80.21221923828125,72.20111083984375,66.85057830810547,60.74536895751953,54.20331954956055,49.24428939819336,42.54409408569336,38.27531814575195,33.241539001464844,27.658634185791016,23.194826126098633,19.235383987426758,16.76305389404297,15.620499610900879,18.601076126098633,18.788293838500977,19.10497283935547,24.083189010620117,26.305892944335938,29.120439529418945,34.78505325317383,43.08131790161133,45.694637298583984,50.15974426269531,52.77309799194336,56.79788589477539,59.61543273925781,61.32699203491211,63.56099319458008,65.39112854003906,67.62396240234375,68.87670135498047,67.62396240234375,69.46221923828125,69.6419448852539,69.6419448852539,70.22820281982422,69.89277648925781,67.35725402832031,68.4105224609375,67.91170501708984,69.85699462890625,67.08203887939453,66.91038513183594,65.76473236083984,68.26419067382812,64.03124237060547
0,-49.0,-95,23,15,111.94641876220703,108.78418731689453,97.71898651123047,96.76776123046875,87.36132049560547,80.65357971191406,73.37574768066406,68.15423583984375,61.84658432006836,54.918121337890625,51.97114562988281,42.7551155090332,38.11823654174805,33.0,28.160255432128906,22.56102752685547,18.788293838500977,16.552946090698242,15.81138801574707,15.81138801574707,16.031219482421875,19.10497283935547,22.360679626464844,26.62705421447754,31.38471031188965,31.240999221801758,42.52058410644531,43.863426208496094,51.6623649597168,51.6623649597168,54.451812744140625,58.694122314453125,58.694122314453125,62.28964614868164,62.36986541748047,62.96824645996094,65.79513549804688,67.47592163085938,66.84310150146484,69.52696990966797,68.24954223632812,70.80254364013672,67.80117797851562,68.00735473632812,66.85057830810547,68.50547790527344,68.26419067382812,67.11929321289062,67.11929321289062,64.88451385498047,64.62197875976562,63.89052963256836
0,-50.0,-95,24,7,83.21658325195312,81.3019027709961,72.94518280029297,71.02112579345703,68.24221801757812,59.64059066772461,55.4707145690918,48.41487503051758,47.20169448852539,39.20458984375,36.12478256225586,32.526912689208984,29.0,24.413110733032227,18.867961883544922,16.155494689941406,12.369317054748535,11.180339813232422,11.661903381347656,10.816654205322266,12.083045959472656,15.231546401977539,15.29705810546875,20.0,22.022714614868164,27.0,31.256999969482422,33.37664031982422,37.85498809814453,40.607879638671875,44.14748001098633,45.54119110107422,47.67599105834961,47.67599105834961,49.648765563964844,49.648765563964844,52.77309799194336,51.4781494140625,51.62363815307617,52.46903991699219,55.3263053894043,55.578773498535156,54.147945404052734,55.145263671875,54.037025451660156,54.00925827026367,52.038448333740234,52.038448333740234,55.226806640625,51.4781494140625,51.62363815307617,49.030601501464844
0,-49.0,-95,23,14,125.51493835449219,117.90250396728516,107.07940673828125,101.98039245605469,93.94147491455078,86.12200927734375,79.07591247558594,72.2772445678711,65.25334930419922,58.52349853515625,54.08327102661133,45.694637298583984,42.48529052734375,35.35533905029297,30.232433319091797,26.172504425048828,21.63330841064453,18.788293838500977,17.11724281311035,16.124515533447266,18.357559204101562,20.808652877807617,23.430749893188477,26.419689178466797,29.96664810180664,35.34119415283203,44.384681701660156,48.703182220458984,50.9215087890625,55.6596794128418,57.245086669921875,61.35144805908203,64.19501495361328,65.19202423095703,69.07966613769531,69.28924560546875,72.44998168945312,71.30918884277344,74.46475982666016,74.32361602783203,74.73285675048828,75.58438873291016,74.24284362792969,73.82411193847656,72.94518280029297,71.02112579345703,73.49829864501953,71.61005401611328,70.0,69.81404113769531,68.680419921875,69.3108901977539
0,-50.0,-95,24,-6,37.161808013916016,34.539833068847656,34.438350677490234,30.870698928833008,29.154760360717773,26.4007568359375,22.847318649291992,22.360679626464844,19.697715759277344,18.027755737304688,14.422204971313477,12.806248664855957,12.806248664855957,11.313708305358887,8.485280990600586,8.246211051940918,5.099019527435303,7.071067810058594,5.099019527435303,5.099019527435303,6.4031243324279785,7.071067810058594,7.6157732009887695,9.486832618713379,10.198039054870605,10.198039054870605,13.34166431427002,15.132745742797852,16.124515533447266,18.11077117919922,18.11077117919922,19.235383987426758,21.095022201538086,21.3775577545166,21.095022201538086,22.56102752685547,24.083189010620117,24.1867733001709,23.194826126098633,24.331050872802734,24.515300750732422,24.515300750732422,21.840330123901367,24.351591110229492,23.0867919921875,23.76972770690918,22.472204208374023,23.409399032592773,21.470911026000977,21.470911026000977,21.954498291015625,21.63330841064453
0,-49.0,-95,23,15,117.79643249511719,110.42192077636719,104.40306854248047,100.00499725341797,91.0494384765625,81.83519744873047,77.20103454589844,70.21395874023438,64.07027435302734,57.00876998901367,49.09175109863281,42.94182205200195,38.910152435302734,33.541019439697266,29.4108829498291,23.194826126098633,20.02498435974121,16.124515533447266,15.81138801574707,13.03840446472168,16.76305389404297,20.099750518798828,22.022714614868164,26.07680892944336,29.42787742614746,34.928497314453125,42.44997024536133,47.434165954589844,50.59644317626953,55.71355438232422,56.30275344848633,58.52349853515625,62.032249450683594,63.24555206298828,67.35725402832031,68.680419921875,68.96376037597656,69.12307739257812,70.0927963256836,69.63475799560547,72.56720733642578,72.36711883544922,73.16419982910156,68.59300231933594,68.59300231933594,68.18357849121094,67.06713104248047,71.02816009521484,70.00714111328125,67.02984619140625,67.36467742919922,62.96824645996094
0,-50.0,-95,24,11,109.8954086303711,106.9205322265625,98.15293884277344,96.02603912353516,85.32877349853516,78.77182006835938,72.18032836914062,65.92420196533203,60.01666259765625,53.16013717651367,50.0,41.1096076965332,37.161808013916016,32.24903106689453,27.018512725830078,24.83948516845703,19.416488647460938,17.464248657226562,16.0,17.464248657226562,17.8885440826416,22.022714614868164,22.022714614868164,26.4007568359375,30.886890411376953,36.67424011230469,44.0113639831543,47.01063537597656,50.695167541503906,52.55473327636719,56.46237564086914,61.09828186035156,61.46543884277344,63.324562072753906,62.7694206237793,64.62197875976562,66.30987548828125,67.11929321289062,71.17584228515625,73.79024505615234,69.35416412353516,72.94518280029297,71.69379425048828,71.19690704345703,68.26419067382812,69.89277648925781,71.61005401611328,67.00746154785156,68.24954223632812,68.680419921875,67.17886352539062,66.70832061767578
0,-49.0,-95,23,15,123.06502532958984,115.87062072753906,111.40017700195312,101.55294036865234,94.84724426269531,86.31338500976562,80.49844360351562,75.1797866821289,66.24198150634766,59.16925048828125,53.5350341796875,47.434165954589844,39.69886779785156,33.241539001464844,29.068883895874023,26.419689178466797,21.189620971679688,17.11724281311035,16.278820037841797,17.492855072021484,18.384777069091797,21.954498291015625,24.59674835205078,30.08321762084961,34.928497314453125,38.327537536621094,47.26520919799805,52.15361785888672,54.08327102661133,59.03388977050781,61.073726654052734,65.0691909790039,68.18357849121094,68.11754608154297,73.43704986572266,74.4311752319336,74.4311752319336,76.65507507324219,78.08969116210938,74.81310272216797,77.27871704101562,77.46611785888672,78.44743347167969,76.40026092529297,74.46475982666016,75.96051788330078,75.0,74.0,73.16419982910156,73.00685119628906,73.35530090332031,69.97142028808594
0,-49.0,-95,23,15,110.67520141601562,106.23088073730469,97.24710845947266,92.11405944824219,84.2199478149414,79.4040298461914,73.82411193847656,65.29930877685547,60.8276252746582,52.801513671875,50.15974426269531,43.32435989379883,36.68787384033203,32.75667953491211,28.07133674621582,24.0,19.10497283935547,17.464248657226562,12.727922439575195,16.124515533447266,17.262676239013672,20.0,21.095022201538086,25.0,29.154760360717773,31.78049659729004,41.67733383178711,46.14108657836914,47.50789260864258,49.39635467529297,53.851646423339844,56.603885650634766,57.45433044433594,60.90156173706055,62.7694206237793,64.14047241210938,65.3681869506836,67.11929321289062,67.11929321289062,67.97793579101562,67.5425796508789,67.11929321289062,67.5425796508789,67.11929321289062,67.62396240234375,65.78753662109375,65.45991516113281,65.14598846435547,65.96968841552734,62.817195892333984,62.96824645996094,61.20457458496094
0,-50.0,-95,24,10,116.2497329711914,109.03668975830078,100.84146118164062,97.73944854736328,87.82368469238281,80.62257385253906,73.43704986572266,68.11754608154297,64.0078125,53.00943374633789,50.0,46.173583984375,38.327537536621094,34.928497314453125,27.85677719116211,22.360679626464844,21.63330841064453,15.81138801574707,14.317821502685547,16.031219482421875,16.278820037841797,20.615528106689453,22.825424194335938,26.870058059692383,30.479501724243164,33.970577239990234,44.204071044921875,47.20169448852539,50.80354309082031,51.61395263671875,54.81787872314453,58.24946212768555,63.411354064941406,63.411354064941406,67.20118713378906,67.80117797851562,67.80117797851562,69.02897644042969,72.4706802368164,68.680419921875,71.50524139404297,72.18032836914062,71.4212875366211,70.83784484863281,69.3108901977539,68.62215423583984,69.52696990966797,69.40460968017578,68.60028839111328,66.61080932617188,66.0378646850586,66.73080444335938
0,-49.0,-95,22,19,124.91997528076172,114.7911148071289,111.42710876464844,99.36800384521484,97.49871826171875,86.97700500488281,79.47956085205078,72.23572540283203,66.30987548828125,60.835845947265625,53.22593307495117,46.14108657836914,41.04875183105469,36.2353401184082,30.4138126373291,25.806976318359375,21.470911026000977,17.262676239013672,16.031219482421875,16.76305389404297,18.027755737304688,22.022714614868164,25.553865432739258,28.460498809814453,33.83784866333008,35.693138122558594,45.7055778503418,51.62363815307617,54.451812744140625,58.215118408203125,60.20797348022461,64.49806213378906,67.47592163085938,68.59300231933594,71.70076751708984,73.68174743652344,74.14849853515625,74.3303451538086,75.31268310546875,75.70997619628906,77.87811279296875,77.46611785888672,78.58753204345703,73.76313781738281,75.28611755371094,74.94664764404297,74.67261505126953,76.32168579101562,73.00685119628906,71.5541763305664,70.32780456542969,69.3397445678711
0,-49.0,-95,22,19,123.8587875366211,118.84864044189453,109.3846435546875,104.92378234863281,94.93682098388672,86.92525482177734,81.02468872070312,72.49827575683594,66.21178436279297,58.5918083190918,53.712196350097656,49.09175109863281,41.86884307861328,36.2353401184082,30.4138126373291,26.248809814453125,18.357559204101562,15.29705810546875,20.39607810974121,15.65247631072998,19.10497283935547,24.20743751525879,24.166091918945312,27.85677719116211,34.78505325317383,38.832977294921875,46.27094268798828,49.648765563964844,54.230987548828125,57.42821502685547,62.64982223510742,64.49806213378906,67.47592163085938,70.57620239257812,71.44927978515625,72.83543395996094,74.14849853515625,74.52516174316406,74.3303451538086,78.64476776123047,73.75635528564453,76.40026092529297,75.43209075927734,76.24303436279297,74.3303451538086,72.11102294921875,75.96051788330078,72.80110168457031,72.49827575683594,72.89718627929688,69.46221923828125,69.065185546875
0,-49.0,-95,23,14,123.30855560302734,115.15641784667969,109.00458526611328,104.92378234863281,92.8493423461914,87.09190368652344,79.37883758544922,69.89277648925781,64.19501495361328,57.9741325378418,51.41984176635742,46.87216567993164,42.42640686035156,34.058773040771484,30.0,23.53720474243164,19.697715759277344,16.278820037841797,15.0,16.278820037841797,18.027755737304688,21.3775577545166,26.0,29.068883895874023,34.48188018798828,36.8917350769043,45.607017517089844,49.67897033691406,55.31726837158203,56.080299377441406,60.95900344848633,65.94694519042969,68.01470184326172,70.1783447265625,72.4706802368164,73.24616241455078,76.216796875,77.0064926147461,74.63243103027344,77.42092895507812,78.00640869140625,78.23681640625,77.38862609863281,77.38862609863281,74.4311752319336,75.29276275634766,73.35530090332031,76.02631378173828,72.91776275634766,74.46475982666016,72.73238372802734,68.15423583984375
0,-49.0,-95,22,19,127.34991455078125,116.92733001708984,113.60017395019531,107.00466918945312,100.0,89.02246856689453,81.4923324584961,72.80110168457031,67.18630981445312,60.406951904296875,54.7813835144043,47.01063537597656,42.94182205200195,36.055511474609375,31.14482307434082,26.870058059692383,18.027755737304688,16.278820037841797,19.02629852294922,20.615528106689453,18.357559204101562,23.34523582458496,25.612497329711914,29.068883895874023,35.34119415283203,37.6961555480957,47.801673889160156,49.72926712036133,55.081756591796875,59.03388977050781,59.43904495239258,65.96968841552734,67.18630981445312,69.6419448852539,68.96376037597656,70.60453033447266,75.69015502929688,73.37574768066406,77.79460144042969,77.8331527709961,74.67261505126953,77.49193572998047,81.93289947509766,75.7693862915039,75.1531753540039,74.24284362792969,75.1797866821289,75.80237579345703,75.80237579345703,73.7834701538086,71.61005401611328,68.7677230834961
0,-50.0,-95,22,6,55.865909576416016,52.345008850097656,46.75468063354492,43.13930892944336,43.931766510009766,39.69886779785156,37.48332977294922,31.890438079833984,29.73213768005371,25.806976318359375,25.495098114013672,21.63330841064453,19.235383987426758,16.124515533447266,13.601470947265625,12.041594505310059,9.0,9.486832618713379,7.8102498054504395,8.485280990600586,7.280109882354736,10.770329475402832,10.0,11.0,13.03840446472168,15.033296585083008,20.39607810974121,22.135944366455078,23.76972770690918,26.248809814453125,27.20294189453125,29.614185333251953,27.892650604248047,31.78049659729004,31.78049659729004,32.98484420776367,33.95585250854492,32.98484420776367,32.75667953491211,32.557640075683594,34.71310806274414,32.75667953491211,36.12478256225586,35.05709457397461,34.058773040771484,34.0,33.0151481628418,34.058773040771484,35.22782897949219,33.241539001464844,32.38827133178711,31.575305938720703
0,-49.0,-95,23,15,119.54078674316406,109.62207794189453,98.79270935058594,98.22932434082031,90.42676544189453,78.23681640625,76.66159057617188,67.23094177246094,61.587337493896484,58.13776779174805,51.0,44.0113639831543,42.379241943359375,34.20526123046875,28.160255432128906,26.019224166870117,21.3775577545166,18.357559204101562,14.866068840026855,17.492855072021484,17.464248657226562,21.095022201538086,23.0867919921875,28.44292449951172,31.048349380493164,37.336307525634766,44.384681701660156,46.957427978515625,50.537113189697266,55.4707145690918,57.27128601074219,60.373836517333984,63.50590515136719,65.7419204711914,64.8459701538086,67.97793579101562,70.68238830566406,70.68238830566406,70.7742919921875,71.69379425048828,73.16419982910156,73.53910827636719,71.16881561279297,70.83784484863281,71.7844009399414,69.92138671875,69.6419448852539,68.65857696533203,69.63475799560547,67.89698028564453,67.47592163085938,66.06814575195312
0,-49.0,-95,23,14,115.20850372314453,109.1421127319336,100.22474670410156,96.04686737060547,86.34812927246094,76.90253448486328,68.15423583984375,64.56005096435547,57.28001403808594,49.72926712036133,47.01063537597656,42.48529052734375,36.359317779541016,33.0151481628418,27.018512725830078,23.34523582458496,20.0,16.492422103881836,16.0,17.72004508972168,19.235383987426758,21.40093421936035,22.203603744506836,27.294687271118164,32.75667953491211,34.539833068847656,44.59820556640625,47.434165954589844,51.54609680175781,53.45091247558594,56.04462432861328,59.4810905456543,61.032779693603516,64.19501495361328,64.8459701538086,67.35725402832031,68.96376037597656,68.00735473632812,69.6419448852539,70.93659210205078,69.6419448852539,71.30918884277344,71.58910369873047,69.85699462890625,68.88395690917969,68.96376037597656,69.46221923828125,69.97142028808594,68.50547790527344,65.73431396484375,67.00746154785156,65.0691909790039
0,-49.0,-95,23,14,122.88612365722656,112.89375305175781,111.25196838378906,101.25709533691406,94.30270385742188,84.87638092041016,79.8122787475586,73.24616241455078,64.66065216064453,58.898216247558594,53.15073013305664,46.66904830932617,40.360870361328125,34.20526123046875,29.154760360717773,26.0,21.21320343017578,20.02498435974121,18.973665237426758,17.029386520385742,20.248456954956055,22.847318649291992,26.570659637451172,30.5941162109375,34.525352478027344,39.20458984375,48.010414123535156,53.0848388671875,54.00925827026367,60.008331298828125,62.0,66.00757598876953,68.0,70.00714111328125,71.02816009521484,73.10950469970703,76.2364730834961,75.53807067871094,78.63841247558594,75.66372680664062,78.91767883300781,76.79192352294922,78.08969116210938,77.1297607421875,75.18643188476562,74.46475982666016,75.96051788330078,75.89466094970703,75.61084747314453,72.91776275634766,71.58910369873047,69.97142028808594
0,-49.0,-95,23,14,108.0462875366211,99.84988403320312,98.48857879638672,89.69392395019531,81.4923324584961,73.43023681640625,70.21395874023438,62.60990524291992,55.90169906616211,51.4781494140625,45.694637298583984,41.78516387939453,35.44009017944336,31.400636672973633,26.07680892944336,23.194826126098633,20.880613327026367,17.8885440826416,14.866068840026855,17.492855072021484,18.027755737304688,19.235383987426758,23.0,27.166154861450195,28.284271240234375,34.20526123046875,40.16217041015625,44.384681701660156,48.46648406982422,49.76947021484375,52.92447280883789,56.64803695678711,58.52349853515625,60.539241790771484,62.3939094543457,64.51356506347656,64.8459701538086,65.52098846435547,65.96968841552734,65.52098846435547,67.18630981445312,66.21932983398438,67.6830825805664,66.2872543334961,66.91038513183594,64.62971496582031,65.27633666992188,66.18912506103516,65.0076904296875,65.0076904296875,63.12685775756836,62.64982223510742
0,-50.0,-95,24,9,101.11874389648438,95.77056121826172,91.30169677734375,86.35391998291016,80.13114166259766,72.06941223144531,64.41273498535156,60.0333251953125,55.226806640625,50.0,42.43819046020508,40.0,36.878177642822266,31.14482307434082,28.319604873657227,18.867961883544922,17.72004508972168,16.124515533447266,16.492422103881836,13.928388595581055,17.029386520385742,17.69180679321289,20.615528106689453,25.0,28.861740112304688,30.805843353271484,37.336307525634766,42.19004440307617,44.18144226074219,48.25971221923828,51.244510650634766,52.345008850097656,54.230987548828125,57.070133209228516,58.54912567138672,60.530982971191406,60.406951904296875,62.169124603271484,66.0984115600586,63.150611877441406,61.392181396484375,63.06346130371094,64.28841400146484,63.24555206298828,61.400325775146484,62.62587356567383,60.16643524169922,63.158531188964844,63.06346130371094,59.53990173339844,60.20797348022461,57.42821502685547
0,-49.0,-95,23,15,110.76551818847656,105.57461547851562,98.32598876953125,93.4344711303711,84.38008880615234,80.15609741210938,72.17340087890625,67.11929321289062,60.0333251953125,53.00943374633789,49.04079818725586,43.185646057128906,38.832977294921875,34.48188018798828,29.154760360717773,24.698177337646484,22.022714614868164,19.416488647460938,18.384777069091797,20.0,21.21320343017578,23.0867919921875,22.847318649291992,30.01666259765625,34.4093017578125,35.608985900878906,43.863426208496094,47.381431579589844,52.345008850097656,53.15073013305664,58.0,59.41380310058594,62.96824645996094,62.2414665222168,66.4680404663086,67.17886352539062,69.29646301269531,70.03570556640625,70.03570556640625,71.58910369873047,70.1783447265625,71.70076751708984,71.0633544921875,72.62230682373047,71.61005401611328,68.50547790527344,69.3397445678711,68.60028839111328,68.47627258300781,67.97793579101562,67.23094177246094,64.51356506347656
0,-49.0,-95,23,14,121.27654266357422,110.11357879638672,106.23088073730469,100.89598846435547,95.8018798828125,83.19855499267578,77.1297607421875,70.60453033447266,64.56005096435547,56.61272048950195,51.62363815307617,46.615447998046875,42.48529052734375,34.98571014404297,31.240999221801758,26.90724754333496,21.63330841064453,20.615528106689453,20.02498435974121,20.099750518798828,20.880613327026367,24.698177337646484,26.248809814453125,28.844409942626953,33.83784866333008,37.735923767089844,44.72135925292969,50.15974426269531,54.12947463989258,58.18075180053711,59.09314727783203,65.79513549804688,64.40496826171875,68.87670135498047,70.23532104492188,70.66116333007812,74.24284362792969,73.35530090332031,73.82411193847656,74.4311752319336,74.09453582763672,74.625732421875,77.69813537597656,73.49829864501953,72.62230682373047,71.0633544921875,73.0,71.4212875366211,72.18032836914062,70.00714111328125,68.01470184326172,69.20259857177734
0,-49.0,-95,23,13,103.07764434814453,97.6166000366211,93.1504135131836,86.95401000976562,81.12335968017578,73.06161499023438,65.7419204711914,59.93329620361328,55.46169662475586,51.4781494140625,46.097721099853516,40.804412841796875,34.928497314453125,31.575305938720703,26.172504425048828,22.022714614868164,20.39607810974121,15.65247631072998,15.264337539672852,15.264337539672852,15.81138801574707,19.235383987426758,22.090721130371094,26.019224166870117,30.265491485595703,32.015621185302734,40.16217041015625,44.271888732910156,45.221675872802734,49.04079818725586,50.9215087890625,55.154327392578125,56.64803695678711,57.93962478637695,61.032779693603516,62.297672271728516,62.93647766113281,63.06346130371094,63.78871536254883,64.76110076904297,64.53681182861328,66.2872543334961,66.0984115600586,62.169124603271484,62.96824645996094,61.52235412597656,65.27633666992188,61.032779693603516,63.0079345703125,62.032249450683594,60.20797348022461,57.87054443359375
0,-49.0,-95,23,15,127.098388671875,117.1067886352539,114.43775939941406,105.23307800292969,99.2471694946289,89.08984375,83.2946548461914,76.32168579101562,68.4689712524414,62.801273345947266,54.918121337890625,49.030601501464844,45.221675872802734,37.6961555480957,37.121421813964844,28.017850875854492,21.931713104248047,23.021728515625,22.472204208374023,21.02379608154297,22.022714614868164,24.351591110229492,25.553865432739258,30.610456466674805,35.0,38.20994567871094,46.22769546508789,51.855567932128906,55.44366455078125,61.22091293334961,62.00806427001953,65.0,69.20259857177734,70.1783447265625,71.70076751708984,75.1664810180664,75.69015502929688,74.96665954589844,77.077880859375,76.3675308227539,76.38062286376953,77.8331527709961,81.46778869628906,75.28611755371094,76.83749389648438,73.81734466552734,74.88658142089844,76.00657653808594,75.29276275634766,74.70609283447266,72.23572540283203,68.94925689697266
0,-49.0,-95,23,14,123.9758071899414,116.86744689941406,109.3846435546875,105.30906677246094,94.93682098388672,86.53900909423828,79.71198272705078,74.0,67.35725402832031,60.083274841308594,56.32051086425781,49.24428939819336,45.39823913574219,40.112342834472656,35.0142822265625,30.265491485595703,25.63201141357422,23.323806762695312,22.627416610717773,23.021728515625,22.847318649291992,25.495098114013672,28.07133674621582,33.0151481628418,36.055511474609375,41.0,48.764739990234375,51.865211486816406,56.61272048950195,58.8217658996582,62.64183807373047,65.14598846435547,67.05221557617188,71.16881561279297,72.53275299072266,74.21590423583984,74.95331573486328,73.75635528564453,77.46611785888672,78.85429382324219,77.10382843017578,78.91767883300781,78.63841247558594,76.53103637695312,76.2364730834961,75.1664810180664,77.0064926147461,75.00666809082031,73.10950469970703,76.65507507324219,72.18032836914062,72.2772445678711
0,-49.0,-95,22,19,129.61866760253906,122.88612365722656,114.6211166381836,106.01886749267578,100.0,90.8019790649414,84.20214080810547,77.6208724975586,72.34638977050781,64.44377136230469,57.982757568359375,53.075416564941406,46.86149978637695,39.96248245239258,34.48188018798828,34.539833068847656,29.42787742614746,28.017850875854492,23.34523582458496,25.63201141357422,24.698177337646484,29.0,29.73213768005371,33.12099075317383,36.2353401184082,41.78516387939453,48.764739990234375,53.600372314453125,56.51548385620117,60.41522979736328,61.61168670654297,66.94026947021484,68.88395690917969,70.60453033447266,74.46475982666016,76.92203521728516,79.4040298461914,77.79460144042969,77.79460144042969,77.49193572998047,79.47956085205078,79.12016296386719,80.62257385253906,78.29431915283203,78.72102355957031,75.1797866821289,77.5241928100586,77.17512512207031,78.23681640625,75.60423278808594,75.1664810180664,73.53910827636719
0,-49.0,-95,24,7,104.40306854248047,97.52947998046875,89.9888916015625,84.20214080810547,79.55501556396484,75.0,68.65857696533203,61.188232421875,56.08921432495117,52.611785888671875,46.69047164916992,42.10700607299805,38.01315689086914,33.241539001464844,29.832868576049805,26.68332862854004,21.540658950805664,21.095022201538086,22.803508758544922,18.867961883544922,23.0867919921875,22.360679626464844,22.0,26.305892944335938,29.42787742614746,29.832868576049805,36.055511474609375,40.853397369384766,45.617977142333984,47.85394287109375,51.078372955322266,52.801513671875,55.46169662475586,55.94640350341797,59.61543273925781,60.16643524169922,60.539241790771484,64.19501495361328,63.24555206298828,63.24555206298828,66.0984115600586,61.6846809387207,63.56099319458008,62.169124603271484,64.13267517089844,62.801273345947266,62.3939094543457,62.20128631591797,61.0,61.00819778442383,61.20457458496094,58.051700592041016
0,-49.0,-95,23,14,119.50732421875,115.45128631591797,108.7474136352539,103.31505584716797,95.75489807128906,88.63971710205078,79.30951690673828,74.09453582763672,67.41661834716797,60.406951904296875,57.28001403808594,50.990196228027344,46.69047164916992,40.04996871948242,36.013885498046875,32.38827133178711,27.513633728027344,26.0,23.853721618652344,26.172504425048828,23.853721618652344,27.85677719116211,28.44292449951172,32.06243896484375,35.0142822265625,40.01249694824219,48.66210174560547,50.80354309082031,54.7448616027832,58.051700592041016,61.98386764526367,64.93843078613281,66.75328063964844,66.75328063964844,72.83543395996094,71.70076751708984,73.43704986572266,75.53807067871094,76.41989135742188,77.16217041015625,75.05997467041016,77.0064926147461,77.0064926147461,76.02631378173828,75.05997467041016,73.24616241455078,73.55270385742188,75.95393371582031,72.56720733642578,72.80110168457031,73.05477142333984,69.07966613769531
0,-49.0,-95,24,8,98.08159637451172,112.40106964111328,106.25440979003906,81.59656524658203,84.77027893066406,85.16454315185547,74.84651184082031,65.45991516113281,61.35144805908203,53.851646423339844,49.648765563964844,45.39823913574219,41.1096076965332,37.121421813964844,32.24903106689453,29.42787742614746,29.154760360717773,28.17800521850586,24.083189010620117,24.83948516845703,22.847318649291992,26.248809814453125,27.459060668945312,32.0,34.0,32.24903106689453,44.283180236816406,46.69047164916992,50.0099983215332,52.77309799194336,55.90169906616211,57.87054443359375,63.95310592651367,62.801273345947266,65.6201171875,66.61080932617188,67.47592163085938,69.35416412353516,69.2603759765625,70.028564453125,73.17103576660156,70.028564453125,73.02738952636719,71.00704193115234,68.18357849121094,67.47592163085938,68.73136138916016,68.73136138916016,68.88395690917969,68.15423583984375,66.73080444335938,64.40496826171875
0,-49.0,-95,23,14,123.62847900390625,116.7261734008789,111.00450134277344,104.23531341552734,95.18928527832031,88.45903015136719,81.58431243896484,74.95331573486328,70.8307876586914,62.64183807373047,56.920997619628906,53.3104133605957,47.85394287109375,42.72002029418945,38.60051727294922,35.35533905029297,31.400636672973633,29.154760360717773,27.513633728027344,25.317977905273438,27.0,28.44292449951172,31.320919036865234,33.61547088623047,37.2155876159668,41.04875183105469,49.04079818725586,52.40229034423828,56.63920974731445,57.982757568359375,60.87692642211914,67.17886352539062,67.20863342285156,70.83784484863281,72.24956512451172,73.0,75.07329559326172,75.28611755371094,77.6208724975586,76.40026092529297,75.45197296142578,77.42092895507812,77.93586730957031,78.39005279541016,76.94153594970703,73.35530090332031,76.05918884277344,74.46475982666016,72.80110168457031,74.0,72.53275299072266,69.87130737304688
0,-49.0,-95,22,11,85.58621215820312,61.98386764526367,68.42514038085938,66.48307800292969,62.64982223510742,51.89412307739258,48.02082824707031,43.416587829589844,46.06517028808594,38.07886505126953,36.055511474609375,32.280025482177734,31.048349380493164,24.515300750732422,24.331050872802734,23.0,20.02498435974121,17.72004508972168,18.027755737304688,17.8885440826416,17.029386520385742,18.439088821411133,19.416488647460938,21.931713104248047,21.189620971679688,25.0,28.635643005371094,31.575305938720703,33.541019439697266,37.48332977294922,36.878177642822266,39.623226165771484,41.0,41.0,43.680660247802734,45.607017517089844,48.08325958251953,47.12748718261719,46.81879806518555,48.10405349731445,46.51881408691406,48.754486083984375,48.3735466003418,46.647613525390625,46.3249397277832,46.615447998046875,46.40043258666992,46.69047164916992,45.96738052368164,45.27692413330078,44.68780517578125,42.72002029418945
0,-48.0,-95,23,15,125.31958770751953,117.68601989746094,116.18089294433594,106.96260833740234,101.31633758544922,90.68627166748047,85.14693450927734,77.46611785888672,74.81310272216797,67.42403411865234,63.24555206298828,55.94640350341797,52.77309799194336,46.097721099853516,43.65776062011719,39.81205749511719,35.05709457397461,33.060550689697266,32.75667953491211,29.4108829498291,30.4138126373291,31.906112670898438,31.827661514282227,37.80211639404297,38.832977294921875,41.62931823730469,49.24428939819336,51.4781494140625,54.7813835144043,61.35144805908203,62.62587356567383,65.45991516113281,68.62215423583984,70.93659210205078,73.16419982910156,73.53910827636719,77.87811279296875,74.24958038330078,76.47875213623047,76.94153594970703,77.5241928100586,77.5241928100586,79.61155700683594,76.5506362915039,76.6093978881836,74.81310272216797,75.28611755371094,75.00666809082031,75.66372680664062,75.1664810180664,69.81404113769531,71.02112579345703
0,-48.0,-95,23,15,124.10076904296875,122.26201629638672,111.22050476074219,109.07337188720703,99.08077239990234,91.26883697509766,85.37564086914062,78.4091796875,74.67261505126953,66.75328063964844,60.8276252746582,56.04462432861328,53.16013717651367,45.880279541015625,43.8292121887207,40.49691390991211,36.2353401184082,33.241539001464844,33.0151481628418,32.202484130859375,33.241539001464844,33.37664031982422,35.0142822265625,36.12478256225586,39.31920623779297,43.931766510009766,50.695167541503906,54.424259185791016,58.30952072143555,61.46543884277344,63.56099319458008,66.70832061767578,68.02940368652344,71.30918884277344,73.16419982910156,75.02666473388672,76.5375747680664,75.58438873291016,77.20103454589844,79.8122787475586,76.65507507324219,79.62411499023438,78.26238250732422,78.77182006835938,76.79192352294922,77.5241928100586,78.05767059326172,77.02597045898438,74.02702331542969,74.3303451538086,72.69112396240234,72.03471374511719
0,-49.0,-95,24,11,105.19029998779297,98.48857879638672,94.84724426269531,89.15716552734375,84.5813217163086,75.58438873291016,74.32361602783203,68.02940368652344,64.47480010986328,57.245086669921875,55.081756591796875,49.72926712036133,47.67599105834961,41.30375289916992,39.0128173828125,35.0,33.241539001464844,29.832868576049805,29.154760360717773,27.294687271118164,28.844409942626953,30.4138126373291,29.73213768005371,33.60059356689453,34.0,37.57658767700195,42.154476165771484,45.221675872802734,50.0,50.0,53.16013717651367,56.30275344848633,58.18934631347656,58.18934631347656,60.74536895751953,61.35144805908203,62.62587356567383,62.96824645996094,64.47480010986328,65.30696868896484,66.18912506103516,65.3681869506836,66.73080444335938,62.96824645996094,63.24555206298828,62.481998443603516,64.44377136230469,65.76473236083984,64.35060119628906,61.717098236083984,60.80295944213867,59.16925048828125
0,-48.0,-95,23,14,123.16655731201172,118.25819396972656,109.44404602050781,107.68936920166016,99.63935089111328,91.59148406982422,85.14693450927734,80.28075408935547,74.72616577148438,65.52098846435547,64.8459701538086,59.46427536010742,53.851646423339844,51.429561614990234,46.3249397277832,43.416587829589844,38.897300720214844,36.06937789916992,35.510562896728516,36.67424011230469,34.78505325317383,35.510562896728516,38.327537536621094,38.0,42.10700607299805,43.416587829589844,50.447994232177734,51.6623649597168,58.52349853515625,60.083274841308594,61.032779693603516,65.14598846435547,67.44627380371094,68.680419921875,70.60453033447266,71.84010314941406,73.97972869873047,73.54590606689453,76.48529052734375,75.95393371582031,76.65507507324219,75.53807067871094,76.2364730834961,75.05997467041016,73.00685119628906,72.00694274902344,75.1065902709961,73.55270385742188,71.02112579345703,71.0633544921875,70.88018035888672,68.15423583984375
0,-48.0,-95,23,14,114.84336853027344,106.32027435302734,104.40306854248047,97.52947998046875,93.40770721435547,83.52245330810547,79.4040298461914,74.63243103027344,71.7844009399414,64.25729370117188,59.93329620361328,55.90169906616211,51.97114562988281,47.70744323730469,44.40720748901367,43.13930892944336,39.69886779785156,37.80211639404297,35.84689712524414,36.67424011230469,35.735137939453125,37.10795211791992,38.20994567871094,38.01315689086914,41.1096076965332,42.296573638916016,47.07440948486328,49.47726821899414,52.201534271240234,56.61272048950195,55.36244201660156,58.8217658996582,62.64183807373047,63.324562072753906,65.96968841552734,67.44627380371094,68.15423583984375,66.94026947021484,70.61161041259766,68.59300231933594,70.45565795898438,70.57620239257812,71.17584228515625,68.06614685058594,68.00735473632812,68.02940368652344,69.18092346191406,65.76473236083984,65.76473236083984,65.30696868896484,63.60031509399414,60.74536895751953
0,-48.0,-95,23,15,118.33004760742188,111.78997802734375,107.83784484863281,102.18121337890625,95.85926818847656,91.54779815673828,85.09406280517578,78.43468475341797,75.89466094970703,67.72000885009766,63.78871536254883,60.01666259765625,55.44366455078125,52.08646774291992,48.041648864746094,46.04345703125,43.5660400390625,41.0,40.49691390991211,38.4837646484375,37.2155876159668,37.80211639404297,36.878177642822266,40.360870361328125,43.600460052490234,42.72002029418945,48.30113983154297,51.4781494140625,53.712196350097656,56.080299377441406,58.694122314453125,58.694122314453125,64.47480010986328,64.88451385498047,66.64083099365234,67.97793579101562,69.77105712890625,70.71067810058594,72.4706802368164,71.69379425048828,72.11102294921875,72.11102294921875,72.42237091064453,70.80254364013672,70.93659210205078,67.20863342285156,70.03570556640625,70.03570556640625,68.24954223632812,68.60028839111328,66.8879623413086,65.30696868896484
0,-48.0,-95,23,14,123.1015853881836,115.06954193115234,114.03946685791016,107.00466918945312,100.0199966430664,92.04889678955078,90.13877868652344,83.38465118408203,79.4040298461914,73.55270385742188,69.58448028564453,65.11528015136719,59.43904495239258,57.567352294921875,51.865211486816406,52.39274597167969,48.3735466003418,47.50789260864258,44.04542922973633,45.25483322143555,43.84062194824219,43.600460052490234,45.486263275146484,46.06517028808594,47.423622131347656,49.39635467529297,52.63079071044922,57.48912811279297,58.24946212768555,62.817195892333984,62.36986541748047,64.13267517089844,67.6830825805664,69.85699462890625,72.03471374511719,72.03471374511719,72.73238372802734,72.73238372802734,73.38937377929688,72.80110168457031,75.23961639404297,72.91776275634766,76.02631378173828,72.56031799316406,72.56031799316406,71.86793518066406,74.06078338623047,72.62230682373047,72.34638977050781,70.03570556640625,70.29224395751953,68.60028839111328
0,-48.0,-95,23,14,108.11567687988281,113.44161224365234,105.385009765625,101.49384307861328,90.19977569580078,86.20904541015625,80.15609741210938,76.16429901123047,73.43704986572266,68.18357849121094,65.4904556274414,62.169124603271484,56.51548385620117,52.49761962890625,50.59644317626953,50.15974426269531,47.01063537597656,45.79301071166992,42.8018684387207,43.27817153930664,40.360870361328125,41.1096076965332,40.0,40.8166618347168,44.72135925292969,47.01063537597656,49.648765563964844,51.865211486816406,52.49761962890625,57.00876998901367,57.87054443359375,62.361846923828125,62.93647766113281,63.89052963256836,64.19501495361328,65.14598846435547,67.06713104248047,65.55150604248047,68.15423583984375,67.11929321289062,68.42514038085938,67.5351791381836,68.0,66.5732650756836,66.5732650756836,64.81512451171875,65.19202423095703,65.79513549804688,65.0691909790039,62.36986541748047,62.00806427001953,60.20797348022461
0,-48.0,-95,23,14,111.6646728515625,107.29864501953125,101.04454803466797,98.85848236083984,91.0494384765625,87.00574493408203,80.60397338867188,76.40026092529297,71.61005401611328,66.85057830810547,64.35060119628906,60.8276252746582,57.245086669921875,52.0,49.97999572753906,48.764739990234375,47.07440948486328,42.42640686035156,43.0,42.04759216308594,41.19466018676758,41.43669891357422,42.20189666748047,43.65776062011719,44.384681701660156,45.18849563598633,51.4781494140625,51.312767028808594,56.035701751708984,56.30275344848633,59.64059066772461,61.29437255859375,59.90826416015625,63.812225341796875,64.66065216064453,65.0,65.3681869506836,65.3681869506836,66.21178436279297,67.97793579101562,66.70832061767578,67.779052734375,67.779052734375,66.0984115600586,64.8459701538086,63.78871536254883,65.30696868896484,63.78871536254883,62.20128631591797,63.071388244628906,61.00819778442383,58.694122314453125
0,-48.0,-95,20,18,61.32699203491211,55.03635025024414,59.03388977050781,54.120235443115234,49.648765563964844,44.29446792602539,44.777225494384766,42.04759216308594,38.07886505126953,39.217342376708984,36.68787384033203,34.20526123046875,33.37664031982422,29.154760360717773,27.018512725830078,28.0,25.0,23.021728515625,23.0867919921875,23.76972770690918,24.041629791259766,22.360679626464844,24.59674835205078,25.806976318359375,27.658634185791016,25.45584487915039,27.58622932434082,31.11269760131836,31.827661514282227,31.14482307434082,30.4138126373291,33.30165100097656,34.71310806274414,33.241539001464844,37.53664779663086,36.06937789916992,36.06937789916992,36.79673767089844,37.53664779663086,36.12478256225586,36.400550842285156,34.4093017578125,36.400550842285156,35.0,37.735923767089844,33.541019439697266,35.7770881652832,35.84689712524414,34.539833068847656,32.893768310546875,34.20526123046875,33.241539001464844
0,-47.0,-95,23,14,110.29052734375,106.169677734375,101.49384307861328,98.32598876953125,92.19544219970703,88.14192962646484,81.22191619873047,77.5241928100586,72.56031799316406,66.75328063964844,66.75328063964844,63.348243713378906,58.94064712524414,55.36244201660156,54.424259185791016,49.24428939819336,47.88528060913086,47.50789260864258,48.010414123535156,46.75468063354492,45.96738052368164,46.097721099853516,44.04542922973633,46.04345703125,47.16990661621094,48.3735466003418,51.4781494140625,52.92447280883789,55.154327392578125,57.93962478637695,59.61543273925781,61.46543884277344,62.3939094543457,64.62197875976562,64.25729370117188,65.39112854003906,67.97793579101562,65.76473236083984,65.3681869506836,65.0,66.37017059326172,66.85057830810547,64.8999252319336,66.40029907226562,64.66065216064453,63.78087615966797,65.05382537841797,61.55485534667969,61.84658432006836,61.032779693603516,61.400325775146484,59.03388977050781
0,-47.0,-95,23,13,107.61505126953125,104.00961303710938,99.85990142822266,96.25486755371094,90.97252655029297,82.68010711669922,78.49203491210938,73.81734466552734,71.40028381347656,68.24954223632812,64.03124237060547,60.8276252746582,58.694122314453125,55.17245864868164,52.49761962890625,50.21951675415039,48.54894256591797,47.41307830810547,45.31004333496094,46.81879806518555,46.48655700683594,45.12205505371094,46.52956008911133,47.16990661621094,50.08992004394531,50.0099983215332,53.0848388671875,56.035701751708984,56.14267349243164,57.314918518066406,58.13776779174805,61.20457458496094,62.12889862060547,62.12889862060547,65.0691909790039,66.06814575195312,65.0076904296875,65.0076904296875,66.00757598876953,66.06814575195312,65.27633666992188,65.27633666992188,65.76473236083984,62.36986541748047,63.56099319458008,60.16643524169922,62.297672271728516,62.032249450683594,60.539241790771484,59.93329620361328,59.6824951171875,57.20139694213867
0,-48.0,-95,24,7,93.40770721435547,88.60022735595703,82.2800064086914,79.55501556396484,75.0,71.30918884277344,68.00735473632812,64.19501495361328,60.083274841308594,57.245086669921875,54.7813835144043,50.56678771972656,48.754486083984375,46.06517028808594,46.14108657836914,41.617305755615234,40.360870361328125,38.20994567871094,38.94868469238281,38.41874694824219,38.60051727294922,39.66106414794922,39.11521530151367,41.59326934814453,42.95346450805664,42.379241943359375,45.221675872802734,44.384681701660156,45.880279541015625,49.72926712036133,48.50773239135742,50.96076965332031,53.600372314453125,53.16013717651367,53.45091247558594,54.4058837890625,55.71355438232422,54.424259185791016,53.712196350097656,55.03635025024414,56.35601043701172,55.90169906616211,55.226806640625,53.5350341796875,51.865211486816406,52.801513671875,52.49761962890625,51.7397346496582,51.7397346496582,52.49761962890625,50.21951675415039,49.73931884765625
0,-47.0,-95,23,12,106.66770935058594,101.67103576660156,100.00499725341797,93.23625946044922,89.64373779296875,82.46211242675781,77.15568542480469,74.3303451538086,71.44927978515625,67.20863342285156,63.65532302856445,60.8276252746582,58.898216247558594,55.0,52.430908203125,50.2493782043457,46.51881408691406,47.01063537597656,47.434165954589844,46.3249397277832,45.89117431640625,46.52956008911133,46.27094268798828,50.08992004394531,50.0099983215332,50.0,52.239830017089844,55.226806640625,55.3263053894043,58.4208869934082,58.30952072143555,61.400325775146484,61.52235412597656,63.19810104370117,64.19501495361328,64.07027435302734,64.0,63.03173828125,65.0691909790039,64.07027435302734,64.1248779296875,63.50590515136719,63.50590515136719,60.01666259765625,60.41522979736328,61.13100814819336,59.4810905456543,59.13543701171875,58.694122314453125,58.18075180053711,57.45433044433594,54.037025451660156
0,-47.0,-95,23,13,109.23827362060547,102.18121337890625,100.80674743652344,91.98369598388672,88.45903015136719,81.78630828857422,80.41144561767578,76.11833190917969,70.85901641845703,68.4689712524414,65.19202423095703,61.073726654052734,58.0,56.080299377441406,54.230987548828125,52.95280838012695,49.47726821899414,48.764739990234375,47.16990661621094,47.423622131347656,48.30113983154297,48.02082824707031,47.16990661621094,49.20365905761719,51.855567932128906,50.32891845703125,55.154327392578125,57.982757568359375,55.90169906616211,59.46427536010742,58.694122314453125,60.8276252746582,63.65532302856445,63.65532302856445,63.70243453979492,65.94694519042969,64.53681182861328,64.66065216064453,64.03124237060547,64.81512451171875,65.21502685546875,62.68173599243164,63.51377868652344,60.90156173706055,62.265560150146484,59.09314727783203,60.539241790771484,59.80802536010742,60.16643524169922,59.43904495239258,56.4358024597168,56.035701751708984
0,-48.0,-95,23,-5,37.656341552734375,35.693138122558594,34.525352478027344,32.557640075683594,30.5941162109375,29.27456283569336,28.635643005371094,24.331050872802734,24.1867733001709,23.0867919921875,23.0867919921875,21.0,20.0,20.02498435974121,19.10497283935547,17.262676239013672,16.492422103881836,15.231546401977539,16.155494689941406,17.464248657226562,15.65247631072998,16.6433162689209,17.20465087890625,16.401220321655273,17.20465087890625,17.69180679321289,18.439088821411133,19.10497283935547,19.10497283935547,19.10497283935547,18.439088821411133,21.260292053222656,20.51828384399414,21.260292053222656,21.931713104248047,21.931713104248047,21.260292053222656,22.022714614868164,22.203603744506836,21.63330841064453,20.808652877807617,21.63330841064453,22.472204208374023,21.095022201538086,21.540658950805664,18.788293838500977,21.540658950805664,18.973665237426758,19.92485809326172,20.39607810974121,19.235383987426758,18.027755737304688
0,-48.0,-95,22,6,48.82622146606445,46.04345703125,46.615447998046875,44.40720748901367,42.43819046020508,38.01315689086914,35.80502700805664,35.608985900878906,32.202484130859375,31.14482307434082,27.58622932434082,27.58622932434082,25.45584487915039,26.4007568359375,24.413110733032227,22.825424194335938,22.847318649291992,22.847318649291992,23.409399032592773,22.803508758544922,22.360679626464844,22.360679626464844,22.203603744506836,23.021728515625,25.0,24.0,26.019224166870117,26.07680892944336,27.166154861450195,28.07133674621582,28.017850875854492,29.068883895874023,31.064449310302734,31.0,31.0,32.0,31.0,31.016124725341797,31.016124725341797,31.14482307434082,30.149627685546875,30.265491485595703,31.400636672973633,30.805843353271484,29.832868576049805,29.120439529418945,27.513633728027344,29.4108829498291,28.635643005371094,27.294687271118164,26.925823211669922,27.20294189453125
0,-47.0,-95,22,15,105.11898040771484,96.7470932006836,92.43917083740234,89.35882568359375,86.45230102539062,78.54934692382812,75.7165756225586,68.96376037597656,67.11929321289062,63.071388244628906,62.169124603271484,56.859474182128906,54.424259185791016,49.72926712036133,48.50773239135742,47.07440948486328,45.39823913574219,45.09988784790039,44.0113639831543,45.0,43.011627197265625,44.283180236816406,44.55333709716797,45.880279541015625,48.383880615234375,48.383880615234375,51.62363815307617,54.7813835144043,55.54277801513672,56.46237564086914,55.71355438232422,60.16643524169922,60.406951904296875,60.083274841308594,60.87692642211914,62.93647766113281,61.6846809387207,59.66573715209961,61.61168670654297,59.03388977050781,62.3939094543457,59.304298400878906,60.20797348022461,60.0333251953125,60.008331298828125,57.14017868041992,58.30952072143555,56.56854248046875,56.88584899902344,55.10898208618164,53.45091247558594,51.4781494140625
0,-47.0,-95,22,14,97.73944854736328,94.8946762084961,89.94442749023438,87.57283020019531,79.6303939819336,75.66372680664062,69.87130737304688,67.89698028564453,63.150611877441406,59.43904495239258,57.00876998901367,55.36244201660156,51.865211486816406,49.24428939819336,47.85394287109375,46.14108657836914,46.04345703125,42.8018684387207,43.185646057128906,42.42640686035156,42.52058410644531,44.40720748901367,44.40720748901367,43.90899658203125,47.88528060913086,47.85394287109375,51.078372955322266,53.3104133605957,55.54277801513672,56.080299377441406,56.859474182128906,56.859474182128906,59.50630187988281,60.373836517333984,59.4810905456543,59.05929183959961,61.773780822753906,59.6824951171875,59.36328887939453,60.464866638183594,59.64059066772461,60.605281829833984,59.66573715209961,58.79625701904297,58.0,56.58621597290039,56.7274169921875,54.20331954956055,54.08327102661133,53.851646423339844,53.66563034057617,51.62363815307617
0,-47.0,-95,22,14,96.87621307373047,90.52071380615234,88.39117431640625,83.4505844116211,78.49203491210938,71.4212875366211,69.35416412353516,63.03173828125,60.20797348022461,58.898216247558594,54.81787872314453,50.21951675415039,49.92995071411133,47.88528060913086,45.617977142333984,44.59820556640625,42.44997024536133,41.9761848449707,40.607879638671875,42.10700607299805,42.04759216308594,44.0113639831543,44.10215377807617,44.283180236816406,47.381431579589844,46.69047164916992,50.447994232177734,51.6623649597168,51.6623649597168,54.81787872314453,56.51548385620117,56.51548385620117,58.694122314453125,58.24946212768555,58.85575485229492,59.53990173339844,60.20797348022461,59.07622146606445,60.0333251953125,59.00847244262695,59.00847244262695,58.03447341918945,59.07622146606445,55.3263053894043,56.32051086425781,53.600372314453125,55.90169906616211,54.5710563659668,53.75872039794922,53.3104133605957,51.88448715209961,50.2493782043457
0,-48.0,-95,23,9,94.79451751708984,92.02173614501953,83.48652648925781,82.07313537597656,74.2765121459961,71.50524139404297,66.60330200195312,64.53681182861328,59.66573715209961,51.865211486816406,53.25410842895508,49.24428939819336,46.51881408691406,43.08131790161133,42.72002029418945,41.0,40.4474983215332,38.05259704589844,39.0128173828125,38.20994567871094,38.11823654174805,38.327537536621094,38.327537536621094,43.08131790161133,42.95346450805664,43.863426208496094,48.764739990234375,50.11985778808594,51.97114562988281,52.47856521606445,54.58937454223633,57.30619430541992,58.5918083190918,58.600341796875,59.09314727783203,59.09314727783203,59.03388977050781,59.50630187988281,61.32699203491211,62.032249450683594,57.245086669921875,58.52349853515625,58.24087905883789,59.66573715209961,56.88584899902344,55.44366455078125,56.22277069091797,55.081756591796875,55.009090423583984,54.0,52.239830017089844,50.990196228027344
0,-48.0,-95,22,10,72.91776275634766,72.01388549804688,66.21178436279297,63.56099319458008,59.50630187988281,56.79788589477539,51.88448715209961,49.19349670410156,47.41307830810547,40.49691390991211,41.04875183105469,37.80211639404297,33.30165100097656,31.827661514282227,31.827661514282227,29.4108829498291,30.528675079345703,29.96664810180664,27.85677719116211,28.160255432128906,29.42787742614746,30.265491485595703,31.14482307434082,31.0,33.0151481628418,36.0,39.051246643066406,39.20458984375,42.42640686035156,42.57933807373047,44.283180236816406,45.09988784790039,46.173583984375,47.01063537597656,48.010414123535156,46.04345703125,48.0,48.0,48.010414123535156,47.04253387451172,47.26520919799805,48.25971221923828,45.7055778503418,47.07440948486328,46.3249397277832,45.880279541015625,45.221675872802734,44.0113639831543,43.863426208496094,43.8292121887207,42.19004440307617,42.8018684387207
0,-47.0,-95,22,13,100.42410278320312,94.64142608642578,87.80091094970703,86.05230712890625,78.4091796875,74.02702331542969,69.20259857177734,64.40496826171875,59.90826416015625,54.20331954956055,51.88448715209961,48.84669876098633,45.221675872802734,42.44997024536133,39.623226165771484,38.11823654174805,38.01315689086914,37.121421813964844,35.902645111083984,37.0,37.6961555480957,38.01315689086914,38.587562561035156,42.01190185546875,44.04542922973633,46.097721099853516,51.62363815307617,53.037723541259766,57.28001403808594,57.28001403808594,59.396968841552734,62.96824645996094,63.70243453979492,63.78087615966797,65.94694519042969,65.4369888305664,65.94694519042969,66.84310150146484,65.6048812866211,66.0302963256836,65.73431396484375,66.0378646850586,66.24198150634766,62.64982223510742,64.40496826171875,61.32699203491211,62.032249450683594,61.032779693603516,60.16643524169922,60.63827133178711,58.85575485229492,58.30952072143555
0,-47.0,-95,22,13,90.55384826660156,81.98780059814453,80.77747344970703,73.9256362915039,70.32780456542969,63.28506851196289,60.464866638183594,55.4707145690918,52.201534271240234,47.6340217590332,46.097721099853516,41.72529220581055,38.41874694824219,35.80502700805664,33.12099075317383,33.241539001464844,31.320919036865234,32.75667953491211,31.064449310302734,31.064449310302734,32.24903106689453,35.902645111083984,36.400550842285156,38.62641525268555,41.231056213378906,41.231056213378906,47.41307830810547,50.6063232421875,51.4781494140625,54.58937454223633,54.58937454223633,57.245086669921875,60.373836517333984,59.03388977050781,60.41522979736328,63.158531188964844,62.032249450683594,61.35144805908203,61.6846809387207,60.4400520324707,62.361846923828125,58.94064712524414,63.348243713378906,58.051700592041016,58.694122314453125,58.54912567138672,57.14017868041992,58.03447341918945,58.03447341918945,56.32051086425781,54.7448616027832,52.63079071044922
0,-47.0,-95,23,12,99.32270812988281,92.26592254638672,86.28441619873047,81.09870910644531,73.24616241455078,68.73136138916016,62.28964614868164,57.87054443359375,52.17279052734375,47.67599105834961,46.2385139465332,41.146080017089844,37.2155876159668,35.80502700805664,34.71310806274414,32.015621185302734,31.906112670898438,32.69556427001953,32.98484420776367,33.541019439697266,34.2344856262207,38.01315689086914,38.11823654174805,40.607879638671875,44.14748001098633,47.801673889160156,55.36244201660156,56.04462432861328,58.8217658996582,60.083274841308594,62.297672271728516,65.802734375,67.44627380371094,70.3420181274414,70.61161041259766,71.30918884277344,70.8307876586914,70.61161041259766,71.38627624511719,73.82411193847656,70.45565795898438,70.1783447265625,70.1783447265625,70.11418914794922,69.0,67.06713104248047,67.11929321289062,67.47592163085938,65.4904556274414,65.76473236083984,64.32728576660156,61.98386764526367
0,-48.0,-95,22,19,117.54573822021484,109.03668975830078,103.5857162475586,93.53608703613281,87.46427917480469,79.4040298461914,73.10950469970703,68.02940368652344,62.00806427001953,57.21887969970703,52.15361785888672,47.07440948486328,43.32435989379883,39.81205749511719,37.735923767089844,36.769554138183594,35.80502700805664,34.66987228393555,36.400550842285156,39.051246643066406,41.773197174072266,43.104522705078125,47.0,52.239830017089844,54.451812744140625,55.44366455078125,65.92420196533203,69.85699462890625,71.80529022216797,77.46611785888672,75.92759704589844,79.62411499023438,85.70297241210938,83.18653869628906,87.132080078125,87.69264221191406,87.57283020019531,89.35882568359375,90.13877868652344,89.05054473876953,91.02197265625,86.0,89.05054473876953,84.148681640625,85.28775024414062,84.48076629638672,83.02409362792969,85.32877349853516,84.64632415771484,80.65357971191406,79.47956085205078,76.02631378173828
0,-48.0,-95,24,12,109.59014892578125,101.51847076416016,96.60227966308594,89.44271850585938,81.84130859375,74.70609283447266,68.09552001953125,61.29437255859375,57.42821502685547,49.57822036743164,46.010868072509766,43.27817153930664,35.510562896728516,33.105892181396484,36.055511474609375,34.13209533691406,33.0151481628418,33.241539001464844,31.320919036865234,34.438350677490234,38.587562561035156,41.617305755615234,43.600460052490234,48.10405349731445,53.15073013305664,55.31726837158203,63.411354064941406,68.60028839111328,71.28113555908203,73.60027313232422,74.81310272216797,80.0,81.83519744873047,83.09632873535156,85.91275024414062,87.86353302001953,87.86353302001953,86.31338500976562,87.68124389648438,88.39117431640625,86.31338500976562,87.20664978027344,87.20664978027344,85.42832946777344,83.23461151123047,82.6619644165039,82.68010711669922,84.2199478149414,81.88406372070312,80.05622863769531,80.41144561767578,76.24303436279297
0,-48.0,-95,24,14,115.108642578125,105.8914566040039,100.42410278320312,93.86160278320312,86.21485137939453,74.40430450439453,69.3397445678711,61.91122817993164,55.90169906616211,49.76947021484375,47.434165954589844,41.0,40.04996871948242,36.055511474609375,33.241539001464844,30.463092803955078,30.610456466674805,33.970577239990234,34.66987228393555,38.470767974853516,40.853397369384766,45.35416030883789,48.05205535888672,51.244510650634766,57.07889175415039,63.03173828125,71.00704193115234,75.00666809082031,77.0064926147461,80.02499389648438,84.00595092773438,88.00568389892578,91.0,91.0054931640625,95.02104949951172,98.0204086303711,97.04637908935547,97.25225067138672,97.18538665771484,98.50888061523438,95.63471984863281,95.75489807128906,95.03683471679688,91.4111557006836,91.7823486328125,91.21951293945312,91.21403503417969,91.48223876953125,88.54377746582031,87.66413116455078,86.00581359863281,83.72574615478516
0,-49.0,-95,24,14,95.18928527832031,85.15867614746094,81.39410400390625,76.48529052734375,69.42621612548828,61.188232421875,53.16013717651367,48.703182220458984,40.853397369384766,36.67424011230469,34.13209533691406,29.068883895874023,24.83948516845703,24.413110733032227,25.495098114013672,24.083189010620117,24.1867733001709,24.041629791259766,26.4007568359375,28.301942825317383,35.608985900878906,36.79673767089844,42.52058410644531,45.607017517089844,47.801673889160156,48.82622146606445,60.464866638183594,62.433963775634766,66.0302963256836,72.11102294921875,72.71863555908203,75.1664810180664,76.5506362915039,77.66595458984375,79.88116455078125,81.21575927734375,85.70297241210938,82.32861328125,84.95881652832031,80.05622863769531,82.75868225097656,83.4505844116211,83.4385986328125,79.20858764648438,77.8331527709961,76.5767593383789,75.92759704589844,76.216796875,74.88658142089844,73.7834701538086,71.11962127685547,68.94200134277344
0,-49.0,-95,25,15,136.12493896484375,124.23365020751953,112.92475128173828,106.23088073730469,99.80982208251953,87.23531341552734,76.47875213623047,70.32780456542969,62.68173599243164,54.81787872314453,50.2493782043457,42.52058410644531,38.01315689086914,32.572994232177734,34.36568069458008,31.064449310302734,27.85677719116211,32.24903106689453,38.60051727294922,42.44997024536133,45.45327377319336,52.69725036621094,54.708316802978516,61.717098236083984,68.42514038085938,72.61542510986328,83.16850280761719,87.59566497802734,93.6375961303711,97.40636444091797,97.08243560791016,104.06248474121094,109.44404602050781,110.72488403320312,107.91200256347656,112.00446319580078,117.20068359375,112.25862884521484,116.2755355834961,115.38197326660156,111.80339813232422,112.37882232666016,115.00434875488281,110.45361328125,107.91200256347656,107.89810180664062,107.20074462890625,106.40018463134766,106.52699279785156,101.86265563964844,99.7045669555664,97.83660125732422
0,-50.0,-95,26,7,92.41753387451172,88.5268325805664,83.18653869628906,81.58431243896484,69.23149871826172,65.30696868896484,56.56854248046875,49.162994384765625,46.010868072509766,37.013511657714844,33.241539001464844,30.5941162109375,26.68332862854004,21.931713104248047,22.203603744506836,20.59126091003418,21.587032318115234,22.56102752685547,26.019224166870117,25.70992088317871,31.048349380493164,32.69556427001953,34.928497314453125,38.470767974853516,40.49691390991211,47.16990661621094,56.035701751708984,58.898216247558594,65.6048812866211,63.82006072998047,69.63475799560547,70.80254364013672,72.62230682373047,73.49829864501953,79.05693817138672,73.7834701538086,77.69813537597656,76.85050201416016,78.892333984375,79.4040298461914,76.94153594970703,82.2982406616211,73.34848022460938,74.84651184082031,75.23961639404297,69.6419448852539,73.9256362915039,73.38937377929688,68.96376037597656,69.42621612548828,69.05070495605469,65.4904556274414
0,-50.0,-95,26,12,103.17460632324219,112.04016876220703,121.20230865478516,126.19429779052734,117.20921325683594,103.23758697509766,97.25225067138672,83.6002426147461,78.63841247558594,65.96968841552734,63.24555206298828,53.141319274902344,48.764739990234375,40.0,38.94868469238281,33.12099075317383,30.675724029541016,30.01666259765625,36.12478256225586,37.947330474853516,41.231056213378906,51.107730865478516,46.615447998046875,57.384666442871094,63.70243453979492,65.76473236083984,78.24320983886719,83.09632873535156,90.13877868652344,94.4933853149414,94.4933853149414,101.82828521728516,104.48445129394531,105.64563751220703,109.87720489501953,108.37435150146484,108.90362548828125,108.2081298828125,113.1370849609375,111.73181915283203,110.53506469726562,111.28791809082031,111.07205200195312,107.93516540527344,107.44766235351562,104.8093490600586,105.43718719482422,105.68348693847656,101.0197982788086,101.3558120727539,99.28242492675781,96.7729263305664
0,-50.0,-95,26,12,146.72764587402344,139.94284057617188,138.4232635498047,125.89678192138672,119.70797729492188,103.94229125976562,99.84988403320312,87.6584243774414,82.76472473144531,73.00685119628906,65.55150604248047,57.28001403808594,49.81967544555664,46.097721099853516,36.013885498046875,33.541019439697266,28.792360305786133,28.301942825317383,29.698484420776367,30.886890411376953,35.11410140991211,40.607879638671875,41.19466018676758,46.010868072509766,52.46903991699219,55.145263671875,65.11528015136719,72.2772445678711,74.73285675048828,80.52328491210938,82.0,86.58522033691406,92.41753387451172,90.8019790649414,94.3663101196289,96.33794403076172,96.17691802978516,93.90420532226562,97.86725616455078,95.52486419677734,101.40019989013672,95.2575454711914,100.17984008789062,95.04735565185547,95.04735565185547,93.00537872314453,92.04889678955078,93.19334411621094,90.79647827148438,87.96590423583984,87.4757080078125,86.40023040771484
0,-50.0,-95,24,15,151.85519409179688,136.23509216308594,132.6536865234375,125.60652923583984,116.5160903930664,103.23274993896484,96.54014587402344,89.3756103515625,83.54639434814453,77.8331527709961,69.3108901977539,62.93647766113281,59.66573715209961,49.40647888183594,45.486263275146484,42.04759216308594,33.52610778808594,30.5941162109375,32.06243896484375,30.265491485595703,27.513633728027344,27.784887313842773,30.0,32.649654388427734,35.80502700805664,37.121421813964844,47.16990661621094,50.9215087890625,55.02726745605469,56.920997619628906,59.46427536010742,64.19501495361328,64.51356506347656,68.3520278930664,72.44998168945312,72.44998168945312,72.49827575683594,72.44998168945312,74.30342864990234,71.5541763305664,72.4706802368164,74.79304504394531,76.15773010253906,70.49113464355469,71.02112579345703,68.818603515625,67.80117797851562,68.11754608154297,69.42621612548828,69.29646301269531,63.89052963256836,62.20128631591797
0,-50.0,-95,24,12,127.28707885742188,125.87295532226562,115.27792358398438,112.43220520019531,101.13851928710938,96.8968505859375,88.41380310058594,81.32035064697266,77.10382843017578,66.48307800292969,65.11528015136719,59.03388977050781,50.6063232421875,45.221675872802734,42.19004440307617,38.01315689086914,32.31098937988281,29.832868576049805,28.07133674621582,24.083189010620117,24.73863410949707,24.698177337646484,23.323806762695312,26.870058059692383,28.42534065246582,30.0,37.58989334106445,38.01315689086914,43.863426208496094,45.18849563598633,50.08992004394531,51.89412307739258,52.32590103149414,53.66563034057617,54.120235443115234,56.35601043701172,58.18075180053711,57.80138397216797,58.30952072143555,58.30952072143555,58.24946212768555,58.8217658996582,56.40035629272461,57.00876998901367,55.31726837158203,54.488529205322266,53.75872039794922,53.75872039794922,53.075416564941406,51.400390625,51.61395263671875,50.6063232421875
0,-50.0,-95,20,8,47.801673889160156,43.96589660644531,46.173583984375,41.1096076965332,38.62641525268555,35.46829605102539,31.62277603149414,31.62277603149414,27.20294189453125,26.925823211669922,24.73863410949707,21.3775577545166,18.248287200927734,17.11724281311035,15.132745742797852,15.0,12.041594505310059,12.0,12.165525436401367,8.9442720413208,10.0,9.219544410705566,9.433980941772461,8.9442720413208,9.486832618713379,11.401754379272461,12.369317054748535,15.0,15.0,17.029386520385742,17.0,16.0,19.0,19.10497283935547,19.02629852294922,20.099750518798828,21.095022201538086,19.10497283935547,21.21320343017578,19.10497283935547,20.615528106689453,20.39607810974121,19.646883010864258,18.973665237426758,19.646883010864258,18.973665237426758,18.027755737304688,18.788293838500977,18.357559204101562,18.027755737304688,18.601076126098633,17.029386520385742
0,-50.0,-95,23,10,98.84330749511719,94.04785919189453,90.8019790649414,86.14522552490234,80.8949966430664,72.69112396240234,66.0984115600586,61.52235412597656,59.6824951171875,54.918121337890625,49.81967544555664,45.12205505371094,41.48493576049805,37.64305877685547,34.928497314453125,30.01666259765625,29.154760360717773,25.806976318359375,24.75883674621582,23.430749893188477,23.021728515625,23.25940704345703,21.189620971679688,24.331050872802734,26.172504425048828,25.0,29.42787742614746,30.805843353271484,33.734256744384766,37.64305877685547,38.327537536621094,39.293766021728516,39.81205749511719,43.17406463623047,42.95346450805664,44.55333709716797,44.40720748901367,45.17742919921875,45.17742919921875,43.104522705078125,44.0,45.0111083984375,44.0,41.19466018676758,41.04875183105469,40.31128692626953,42.42640686035156,40.607879638671875,41.231056213378906,38.897300720214844,37.57658767700195,38.470767974853516
0,-48.0,-95,22,12,94.70480346679688,89.15716552734375,85.61541748046875,79.30951690673828,74.84651184082031,68.54196166992188,65.92420196533203,58.30952072143555,53.851646423339844,50.28916549682617,46.173583984375,43.416587829589844,38.832977294921875,35.35533905029297,32.06243896484375,32.0,28.07133674621582,27.166154861450195,25.298221588134766,25.495098114013672,25.238859176635742,24.20743751525879,24.041629791259766,25.0,26.62705421447754,29.154760360717773,31.78049659729004,35.46829605102539,36.055511474609375,36.055511474609375,38.897300720214844,40.16217041015625,42.379241943359375,42.72002029418945,42.54409408569336,43.46262741088867,46.097721099853516,44.283180236816406,43.382022857666016,44.29446792602539,45.27692413330078,44.10215377807617,46.3249397277832,43.011627197265625,42.8018684387207,42.63801193237305,41.773197174072266,40.31128692626953,41.72529220581055,41.86884307861328,40.224369049072266,38.07886505126953
0,-48.0,-95,22,9,82.76472473144531,79.64923095703125,71.11962127685547,70.26378631591797,61.29437255859375,62.169124603271484,55.009090423583984,50.11985778808594,46.14108657836914,42.19004440307617,41.617305755615234,38.41874694824219,34.71310806274414,31.11269760131836,31.240999221801758,28.600698471069336,27.784887313842773,25.495098114013672,25.0,24.515300750732422,24.1867733001709,26.0,26.0,27.166154861450195,28.44292449951172,32.557640075683594,33.241539001464844,32.98484420776367,35.735137939453125,37.64305877685547,39.560081481933594,40.804412841796875,41.48493576049805,43.680660247802734,44.9110221862793,40.79215621948242,44.9110221862793,43.28972244262695,44.40720748901367,46.173583984375,44.04542922973633,45.0444221496582,42.0,43.011627197265625,43.046485900878906,40.31128692626953,41.43669891357422,40.79215621948242,38.832977294921875,38.897300720214844,39.560081481933594,38.470767974853516
0,-48.0,-95,19,18,50.11985778808594,45.17742919921875,43.416587829589844,40.8166618347168,38.470767974853516,34.48188018798828,32.649654388427734,29.96664810180664,27.312999725341797,25.495098114013672,23.76972770690918,23.0867919921875,20.39607810974121,20.2237491607666,18.027755737304688,17.0,16.0,15.29705810546875,14.560219764709473,16.155494689941406,16.155494689941406,17.492855072021484,16.124515533447266,17.804492950439453,19.84943389892578,19.79899024963379,21.931713104248047,22.627416610717773,24.041629791259766,23.34523582458496,24.041629791259766,26.172504425048828,24.75883674621582,26.870058059692383,27.58622932434082,27.658634185791016,27.80287742614746,27.20294189453125,27.20294189453125,28.017850875854492,26.925823211669922,26.419689178466797,27.294687271118164,25.495098114013672,26.0,23.76972770690918,25.298221588134766,25.298221588134766,26.476404190063477,24.331050872802734,24.1867733001709,22.0
0,-47.0,-95,22,8,72.24956512451172,68.680419921875,64.38167572021484,61.55485534667969,55.90169906616211,49.57822036743164,47.6340217590332,41.86884307861328,40.607879638671875,37.735923767089844,34.885528564453125,31.38471031188965,28.23118782043457,26.925823211669922,25.495098114013672,23.021728515625,24.0,23.0867919921875,23.53720474243164,24.041629791259766,24.698177337646484,24.59674835205078,25.553865432739258,27.80287742614746,29.068883895874023,30.4138126373291,36.06937789916992,35.35533905029297,37.48332977294922,37.53664779663086,38.94868469238281,41.01219177246094,42.42640686035156,43.863426208496094,44.59820556640625,43.863426208496094,45.27692413330078,44.04542922973633,44.821868896484375,45.80392837524414,45.486263275146484,44.94440841674805,44.94440841674805,43.416587829589844,43.8292121887207,43.46262741088867,43.08131790161133,43.32435989379883,42.379241943359375,41.761226654052734,41.773197174072266,40.199501037597656
0,-48.0,-95,22,9,70.57620239257812,65.6201171875,61.98386764526367,57.55866622924805,53.75872039794922,47.67599105834961,42.7551155090332,41.0,38.07886505126953,33.61547088623047,31.38471031188965,26.832815170288086,26.4007568359375,24.83948516845703,22.627416610717773,20.0,19.697715759277344,18.681541442871094,21.21320343017578,22.203603744506836,22.0,25.0,24.331050872802734,26.925823211669922,30.08321762084961,30.675724029541016,34.438350677490234,36.24913787841797,37.57658767700195,38.910152435302734,42.04759216308594,42.54409408569336,44.777225494384766,45.31004333496094,44.94440841674805,44.0113639831543,45.880279541015625,45.880279541015625,49.33558654785156,48.764739990234375,45.880279541015625,47.29693603515625,47.85394287109375,46.69047164916992,45.27692413330078,45.17742919921875,46.010868072509766,46.0,46.0,45.0444221496582,44.283180236816406,42.95346450805664
0,-48.0,-95,22,11,73.24616241455078,69.1158447265625,63.28506851196289,58.30952072143555,53.23532485961914,48.50773239135742,43.73785400390625,40.024993896484375,36.400550842285156,31.38471031188965,28.65309715270996,26.62705421447754,23.34523582458496,21.931713104248047,21.095022201538086,20.248456954956055,21.587032318115234,22.022714614868164,24.020824432373047,23.194826126098633,25.70992088317871,27.85677719116211,29.546573638916016,30.528675079345703,34.98571014404297,36.8917350769043,42.8018684387207,43.27817153930664,46.22769546508789,48.41487503051758,50.447994232177734,52.201534271240234,55.217750549316406,55.217750549316406,57.42821502685547,56.30275344848633,59.90826416015625,58.30952072143555,58.30952072143555,58.30952072143555,57.706153869628906,58.18075180053711,57.245086669921875,59.09314727783203,56.46237564086914,56.30275344848633,55.6596794128418,56.920997619628906,55.54277801513672,56.51548385620117,55.44366455078125,53.037723541259766
0,-47.0,-95,21,18,72.89718627929688,67.08203887939453,63.071388244628906,57.775428771972656,52.55473327636719,45.880279541015625,41.761226654052734,36.878177642822266,32.24903106689453,30.01666259765625,27.166154861450195,22.803508758544922,22.360679626464844,22.022714614868164,21.260292053222656,23.25940704345703,22.803508758544922,25.179357528686523,27.018512725830078,30.066593170166016,33.13608169555664,34.71310806274414,39.293766021728516,43.32435989379883,45.880279541015625,49.97999572753906,55.94640350341797,59.09314727783203,61.269893646240234,63.50590515136719,63.976558685302734,67.5425796508789,69.35416412353516,72.09021759033203,73.00685119628906,73.53910827636719,74.84651184082031,72.80110168457031,74.46475982666016,75.27283477783203,74.94664764404297,74.94664764404297,74.3303451538086,70.88018035888672,71.30918884277344,69.37578582763672,69.85699462890625,70.21395874023438,70.03570556640625,69.46221923828125,68.18357849121094,66.00757598876953
0,-47.0,-95,23,14,80.0624771118164,72.69112396240234,66.12110137939453,61.13100814819336,54.08327102661133,47.0,42.04759216308594,34.13209533691406,31.575305938720703,25.495098114013672,23.853721618652344,19.84943389892578,19.697715759277344,19.416488647460938,21.0,24.515300750732422,27.312999725341797,29.96664810180664,34.4093017578125,39.051246643066406,42.63801193237305,46.69047164916992,47.381431579589844,53.90732955932617,56.63920974731445,61.717098236083984,69.02897644042969,73.81734466552734,75.60423278808594,79.8122787475586,80.43009185791016,84.64632415771484,88.72992706298828,85.70297241210938,88.72992706298828,89.1964111328125,91.3509750366211,90.55384826660156,89.10667419433594,89.09545135498047,89.80534362792969,87.69264221191406,89.8276138305664,85.70297241210938,86.55634307861328,82.61961364746094,84.62860107421875,85.0,82.92768096923828,81.3019027709961,80.62257385253906,79.2022705078125
0,-49.0,-95,21,11,38.62641525268555,34.1760139465332,29.068883895874023,26.4007568359375,26.832815170288086,23.021728515625,18.357559204101562,14.866068840026855,13.45362377166748,10.29563045501709,7.6157732009887695,6.0,5.385164737701416,5.0,7.071067810058594,11.180339813232422,11.401754379272461,14.560219764709473,15.033296585083008,16.0,21.0,21.0,24.0,26.305892944335938,29.42787742614746,30.265491485595703,32.38827133178711,34.928497314453125,38.63935852050781,39.458839416503906,42.42640686035156,40.4474983215332,44.283180236816406,42.19004440307617,43.28972244262695,46.27094268798828,45.54119110107422,44.283180236816406,46.52956008911133,45.39823913574219,45.09988784790039,45.0444221496582,43.185646057128906,42.0,45.0444221496582,41.0,41.0,42.0,39.0128173828125,40.112342834472656,40.31128692626953,38.832977294921875
0,-49.0,-95,25,13,109.17874908447266,104.08650207519531,91.4439697265625,86.70063781738281,72.56031799316406,63.3876953125,59.00847244262695,46.010868072509766,40.01249694824219,32.06243896484375,24.331050872802734,15.81138801574707,11.313708305358887,9.05538558959961,13.601470947265625,17.804492950439453,24.59674835205078,29.4108829498291,34.78505325317383,42.95346450805664,47.29693603515625,55.73149871826172,56.56854248046875,64.19501495361328,72.44308471679688,77.3175277709961,91.13726043701172,88.09085845947266,100.12492370605469,98.0204086303711,107.07473754882812,108.11567687988281,114.21470642089844,111.22050476074219,115.27792358398438,111.36426544189453,117.27318572998047,115.52488708496094,117.27318572998047,120.50311279296875,114.52947235107422,118.51160430908203,113.53413391113281,114.62983703613281,111.64676666259766,111.01801300048828,108.90362548828125,111.15754699707031,106.7052001953125,107.07940673828125,106.23088073730469,104.9952392578125
0,-49.0,-95,25,15,123.55565643310547,115.73245239257812,104.8093490600586,96.54014587402344,84.40379333496094,76.40026092529297,64.03124237060547,57.28001403808594,49.04079818725586,38.327537536621094,32.015621185302734,23.0867919921875,14.866068840026855,8.246211051940918,1.0,5.385164737701416,12.806248664855957,19.79899024963379,27.20294189453125,31.827661514282227,38.94868469238281,48.79549026489258,52.32590103149414,58.728187561035156,65.05382537841797,72.18032836914062,84.38601684570312,83.86894226074219,93.86160278320312,94.64142608642578,97.45255279541016,105.42295837402344,107.29864501953125,109.01834869384766,114.80853271484375,111.40017700195312,115.60276794433594,114.40279388427734,116.21101379394531,116.21101379394531,113.60017395019531,114.80853271484375,114.40279388427734,112.00446319580078,110.60289001464844,109.40292358398438,111.25196838378906,109.01834869384766,107.80074310302734,105.8914566040039,106.30146026611328,103.94710540771484
0,-50.0,-95,25,11,114.4770736694336,106.52699279785156,97.08243560791016,92.45539093017578,79.39773559570312,75.92759704589844,69.42621612548828,58.0,53.037723541259766,41.72529220581055,35.35533905029297,30.4138126373291,22.203603744506836,15.0,10.0,1.0,2.0,6.0,13.152946472167969,18.973665237426758,23.409399032592773,29.73213768005371,30.675724029541016,39.051246643066406,45.89117431640625,48.703182220458984,61.61168670654297,67.18630981445312,68.4105224609375,71.38627624511719,74.95331573486328,80.77747344970703,83.43260955810547,82.46211242675781,82.46211242675781,84.40379333496094,87.32124328613281,87.86353302001953,87.66413116455078,85.90692901611328,86.58522033691406,87.32124328613281,86.68333435058594,86.34812927246094,83.9523696899414,80.77747344970703,82.46211242675781,82.46211242675781,80.77747344970703,82.0,82.71033477783203,78.43468475341797
0,-50.0,-95,25,13,110.11357879638672,120.61923217773438,125.93649291992188,123.35720825195312,116.55899810791016,101.27191162109375,95.18928527832031,81.74349975585938,77.41446685791016,67.11929321289062,59.03388977050781,53.00943374633789,45.0111083984375,38.20994567871094,29.832868576049805,22.847318649291992,17.492855072021484,16.6433162689209,14.0,16.492422103881836,17.8885440826416,23.430749893188477,28.844409942626953,33.12099075317383,39.66106414794922,44.29446792602539,54.625999450683594,60.926185607910156,63.694583892822266,70.93659210205078,70.93659210205078,78.39005279541016,82.46211242675781,82.85529327392578,85.61541748046875,88.63971710205078,88.56636047363281,89.47066497802734,89.0,88.54942321777344,90.82400512695312,89.47066497802734,90.82400512695312,87.32124328613281,88.32327270507812,84.87638092041016,87.6584243774414,85.44589233398438,86.40023040771484,84.0238037109375,81.68843078613281,79.19596099853516
0,-50.0,-95,24,13,135.94851684570312,125.9920654296875,122.38055419921875,114.02192687988281,107.71257781982422,97.08243560791016,89.27485656738281,81.39410400390625,72.83543395996094,69.29646301269531,61.61980056762695,54.671749114990234,50.0,42.72002029418945,39.357337951660156,32.69556427001953,27.459060668945312,27.018512725830078,26.476404190063477,26.925823211669922,25.942243576049805,27.80287742614746,29.20616340637207,34.48188018798828,36.2353401184082,40.31128692626953,48.703182220458984,51.865211486816406,56.32051086425781,59.4810905456543,61.6846809387207,65.14598846435547,68.00735473632812,70.57620239257812,75.96051788330078,74.67261505126953,76.32168579101562,77.47257232666016,75.64390563964844,76.48529052734375,77.36924743652344,74.79304504394531,78.03204345703125,76.32168579101562,73.23933410644531,74.20242309570312,73.24616241455078,73.10950469970703,72.13875579833984,72.83543395996094,70.0927963256836,67.80117797851562
0,-48.0,-95,23,15,118.0,110.0,105.0,99.0,91.0054931640625,85.0,79.15807342529297,73.10950469970703,66.18912506103516,59.84145736694336,55.73149871826172,50.96076965332031,45.880279541015625,42.48529052734375,39.11521530151367,34.828147888183594,32.557640075683594,33.0151481628418,33.105892181396484,35.44009017944336,34.71310806274414,38.11823654174805,39.0,41.30375289916992,46.52956008911133,48.27007293701172,53.45091247558594,59.4810905456543,62.62587356567383,63.90618133544922,67.67569732666016,69.89277648925781,70.83784484863281,73.37574768066406,75.0,74.72616577148438,78.58753204345703,79.30951690673828,78.85429382324219,79.24645233154297,77.78174591064453,78.63841247558594,77.5241928100586,76.32168579101562,76.10519409179688,73.0,73.00685119628906,72.11102294921875,72.17340087890625,72.56031799316406,71.19690704345703,68.96376037597656
0,-47.0,-95,23,12,100.70252990722656,94.57801055908203,84.62860107421875,80.70935821533203,76.843994140625,71.40028381347656,64.53681182861328,58.79625701904297,53.75872039794922,51.6623649597168,48.91830062866211,44.821868896484375,40.31128692626953,37.161808013916016,35.735137939453125,38.470767974853516,37.013511657714844,37.0,34.71310806274414,36.13862228393555,39.217342376708984,40.71854782104492,42.94182205200195,43.5660400390625,47.434165954589844,48.82622146606445,53.26349639892578,59.46427536010742,57.314918518066406,61.61980056762695,63.89052963256836,65.94694519042969,68.01470184326172,70.29224395751953,71.84010314941406,73.40980529785156,71.02816009521484,72.94518280029297,71.34423828125,72.20111083984375,73.9256362915039,71.58910369873047,73.34848022460938,67.11929321289062,68.94200134277344,67.779052734375,67.67569732666016,67.35725402832031,67.91170501708984,63.78871536254883,64.38167572021484,63.071388244628906
0,-46.0,-95,23,11,88.45903015136719,82.2982406616211,79.15807342529297,76.2364730834961,68.06614685058594,63.0079345703125,62.07253646850586,57.07889175415039,52.46903991699219,49.81967544555664,48.27007293701172,44.271888732910156,43.863426208496094,42.05948257446289,41.04875183105469,41.1096076965332,41.03656768798828,41.1096076965332,40.804412841796875,44.94440841674805,47.01063537597656,48.754486083984375,50.56678771972656,52.55473327636719,54.4058837890625,57.87054443359375,62.64183807373047,64.03124237060547,65.0,68.4105224609375,68.62215423583984,71.16881561279297,73.68174743652344,73.05477142333984,76.89603424072266,75.7693862915039,74.32361602783203,74.24284362792969,74.24284362792969,73.9256362915039,75.29276275634766,73.7834701538086,73.49829864501953,69.40460968017578,70.0,67.35725402832031,67.20863342285156,67.17886352539062,67.26811981201172,64.81512451171875,65.45991516113281,60.539241790771484
0,-46.0,-95,23,10,81.93900299072266,79.62411499023438,75.66372680664062,71.58910369873047,64.66065216064453,61.91122817993164,58.24946212768555,54.20331954956055,53.75872039794922,51.7397346496582,49.40647888183594,46.87216567993164,48.764739990234375,48.46648406982422,50.59644317626953,46.57252502441406,47.85394287109375,51.35172653198242,52.038448333740234,56.0,54.037025451660156,58.215118408203125,58.4208869934082,61.66035842895508,64.77654266357422,65.92420196533203,68.65857696533203,72.56720733642578,78.44743347167969,76.90253448486328,77.10382843017578,78.91767883300781,82.60750579833984,81.49846649169922,84.48076629638672,81.3019027709961,83.38465118408203,82.02438354492188,81.0,81.0,78.05767059326172,79.22752380371094,79.4040298461914,76.94153594970703,75.80237579345703,70.61161041259766,75.18643188476562,74.04052734375,69.28924560546875,69.6419448852539,67.5425796508789,64.66065216064453
0,-46.0,-95,23,11,75.43209075927734,70.3420181274414,65.78753662109375,63.694583892822266,60.41522979736328,56.35601043701172,54.20331954956055,51.61395263671875,49.81967544555664,49.51767349243164,48.91830062866211,47.801673889160156,49.73931884765625,50.08992004394531,49.24428939819336,52.49761962890625,53.16013717651367,53.600372314453125,56.88584899902344,57.706153869628906,59.53990173339844,65.27633666992188,63.19810104370117,67.0,69.065185546875,73.00685119628906,77.02597045898438,78.05767059326172,81.00617218017578,81.02468872070312,82.2982406616211,84.2911605834961,85.47514343261719,82.87339782714844,86.14522552490234,85.0,84.34452819824219,83.9523696899414,82.22530364990234,83.52245330810547,81.27114868164062,80.65357971191406,78.77182006835938,75.3923110961914,73.82411193847656,73.35530090332031,74.4311752319336,71.86793518066406,70.1783447265625,68.818603515625,68.11754608154297,65.79513549804688
0,-46.0,-95,24,10,71.58910369873047,67.80117797851562,62.96824645996094,61.773780822753906,55.90169906616211,54.7813835144043,50.695167541503906,51.195701599121094,51.244510650634766,49.01020431518555,53.037723541259766,51.788028717041016,54.5710563659668,56.61272048950195,58.872745513916016,60.926185607910156,60.8276252746582,63.52952194213867,67.74215698242188,70.45565795898438,70.45565795898438,75.0,75.0,79.02531433105469,84.64632415771484,85.2760238647461,90.42676544189453,91.21403503417969,92.61749267578125,94.40338897705078,97.20082092285156,98.0051040649414,99.6242904663086,97.90811920166016,100.84642028808594,96.8968505859375,96.25486755371094,97.1287841796875,97.06183624267578,95.75489807128906,91.7060546875,93.77632904052734,89.8888168334961,87.28115844726562,85.38150024414062,84.77027893066406,83.6779556274414,82.97589874267578,79.62411499023438,79.6303939819336,76.16429901123047,76.02631378173828
0,-47.0,-95,25,9,66.0302963256836,65.19202423095703,55.90169906616211,56.29387283325195,53.75872039794922,50.56678771972656,44.65422821044922,48.83646011352539,50.6063232421875,48.010414123535156,52.32590103149414,58.52349853515625,57.584720611572266,61.392181396484375,65.92420196533203,66.37017059326172,76.16429901123047,75.1664810180664,79.0,84.00595092773438,84.00595092773438,88.0511245727539,91.0494384765625,99.72462463378906,101.71037292480469,105.68348693847656,113.99122619628906,113.63538360595703,120.70211029052734,115.73245239257812,122.5887451171875,122.4948959350586,124.10076904296875,123.14625549316406,125.09996032714844,120.00416564941406,123.00406646728516,120.00416564941406,117.1067886352539,120.14990997314453,112.28534698486328,113.21660614013672,109.77249145507812,112.75193786621094,108.0462875366211,104.39348602294922,103.36827087402344,102.61091613769531,99.20181274414062,98.67117309570312,98.68130493164062,97.16995239257812
0,-49.0,-95,27,12,117.68601989746094,106.7052001953125,93.17188262939453,83.74365997314453,67.74215698242188,57.87054443359375,41.43669891357422,31.575305938720703,22.203603744506836,12.0,1.0,10.0,21.470911026000977,28.17800521850586,38.27531814575195,49.19349670410156,56.79788589477539,65.79513549804688,73.35530090332031,83.18653869628906,89.005615234375,94.3663101196289,101.11874389648438,112.36102294921875,116.50321960449219,121.79490661621094,135.9117431640625,138.43771362304688,148.6606903076172,144.77914428710938,150.6021270751953,148.94630432128906,147.87156677246094,146.47866821289062,142.302490234375,149.49581909179688,147.6346893310547,148.94630432128906,148.9496612548828,146.184814453125,145.26182556152344,148.5193634033203,144.26712036132812,143.73587036132812,136.75160217285156,133.25538635253906,132.0757293701172,129.84991455078125,124.55520629882812,128.16004943847656,126.2695541381836,122.1187973022461
0,-50.0,-95,26,12,117.6435317993164,131.21737670898438,127.34991455078125,112.7918472290039,105.75916290283203,88.5268325805664,80.52328491210938,67.91170501708984,59.228370666503906,53.36665725708008,42.20189666748047,29.154760360717773,24.020824432373047,16.278820037841797,8.485280990600586,9.0,14.764822959899902,23.853721618652344,28.017850875854492,37.013511657714844,43.185646057128906,50.20956039428711,55.17245864868164,63.25345993041992,67.94115447998047,73.10950469970703,84.64632415771484,90.90654754638672,92.8493423461914,102.44998931884766,102.17631530761719,106.66770935058594,110.2587890625,112.92918395996094,112.80514526367188,113.5693588256836,112.80514526367188,109.34349822998047,113.5693588256836,108.37435150146484,108.57716369628906,105.11898040771484,110.2587890625,101.82828521728516,101.82828521728516,98.40731811523438,100.0,96.82975006103516,96.02082824707031,92.00543212890625,91.40021514892578,90.13877868652344
0,-50.0,-95,25,11,111.11255645751953,118.06777954101562,128.1405487060547,121.10326385498047,109.1650161743164,101.07917785644531,90.0888442993164,81.02468872070312,73.02738952636719,64.28063201904297,56.32051086425781,45.7055778503418,38.832977294921875,30.5941162109375,24.331050872802734,17.72004508972168,8.246211051940918,2.0,6.0,10.049875259399414,18.0,25.079872131347656,29.27456283569336,36.878177642822266,42.20189666748047,47.53945541381836,59.66573715209961,64.03124237060547,68.15423583984375,71.30918884277344,77.87811279296875,81.78630828857422,83.74365997314453,87.66413116455078,89.44271850585938,86.68333435058594,87.4757080078125,89.10667419433594,89.44271850585938,87.132080078125,86.97700500488281,86.5794448852539,85.15867614746094,81.88406372070312,81.49846649169922,78.4091796875,81.49846649169922,78.51751708984375,74.67261505126953,76.65507507324219,76.2364730834961,74.02702331542969
0,-49.0,-95,22,17,120.2081527709961,111.72286987304688,106.07544708251953,97.58073425292969,90.52071380615234,82.73451232910156,76.41989135742188,68.59300231933594,62.36986541748047,54.037025451660156,49.20365905761719,43.600460052490234,36.359317779541016,28.17800521850586,24.041629791259766,20.2237491607666,17.029386520385742,12.369317054748535,9.899495124816895,12.369317054748535,16.124515533447266,21.095022201538086,23.34523582458496,27.85677719116211,33.61547088623047,37.161808013916016,47.41307830810547,50.6063232421875,54.708316802978516,58.66856002807617,60.41522979736328,65.3681869506836,68.0,67.97793579101562,71.58910369873047,72.91776275634766,72.91776275634766,73.40980529785156,73.00685119628906,73.73601531982422,71.86793518066406,71.86793518066406,71.16881561279297,69.57010650634766,66.73080444335938,65.14598846435547,65.802734375,66.0984115600586,62.361846923828125,64.03124237060547,63.56099319458008,59.84145736694336
0,-48.0,-95,19,21,51.62363815307617,49.162994384765625,46.52956008911133,43.5660400390625,40.112342834472656,34.058773040771484,33.0151481628418,27.018512725830078,29.017236709594727,24.020824432373047,22.0,20.02498435974121,17.464248657226562,16.76305389404297,14.317821502685547,12.041594505310059,10.630146026611328,10.29563045501709,9.219544410705566,12.0,11.0,14.317821502685547,15.29705810546875,16.76305389404297,19.697715759277344,21.02379608154297,25.553865432739258,26.419689178466797,27.784887313842773,29.681644439697266,31.38471031188965,33.12099075317383,32.75667953491211,34.0,35.7770881652832,35.34119415283203,35.34119415283203,35.84689712524414,35.11410140991211,37.336307525634766,35.11410140991211,34.78505325317383,36.13862228393555,33.95585250854492,32.75667953491211,31.575305938720703,32.24903106689453,32.38827133178711,32.140316009521484,31.0,31.0,30.066593170166016
0,-46.0,-95,21,15,82.76472473144531,77.36924743652344,73.82411193847656,69.83551788330078,63.28506851196289,59.36328887939453,53.851646423339844,50.21951675415039,47.801673889160156,42.44997024536133,39.20458984375,37.735923767089844,36.67424011230469,34.78505325317383,34.20526123046875,33.13608169555664,32.0,33.13608169555664,34.20526123046875,36.13862228393555,37.336307525634766,40.31128692626953,40.31128692626953,43.011627197265625,47.6340217590332,50.447994232177734,55.31726837158203,58.898216247558594,63.12685775756836,62.28964614868164,65.85590362548828,69.65629577636719,70.60453033447266,70.80254364013672,72.94518280029297,72.00694274902344,73.00685119628906,72.11102294921875,74.625732421875,73.43023681640625,70.66116333007812,72.91776275634766,69.85699462890625,68.15423583984375,66.73080444335938,64.56005096435547,64.03124237060547,63.78871536254883,62.09669876098633,62.169124603271484,60.8276252746582,59.07622146606445
0,-46.0,-95,23,12,62.801273345947266,59.41380310058594,55.03635025024414,51.009803771972656,47.095645904541016,44.40720748901367,42.379241943359375,38.910152435302734,39.11521530151367,37.80211639404297,38.897300720214844,40.45985794067383,40.8166618347168,42.94182205200195,44.384681701660156,46.840152740478516,48.05205535888672,51.4781494140625,55.03635025024414,56.0,58.03447341918945,62.20128631591797,64.1248779296875,69.72087097167969,70.85901641845703,74.14849853515625,82.97589874267578,83.19855499267578,85.61541748046875,92.6498794555664,91.21951293945312,96.7729263305664,96.8813705444336,96.50906372070312,99.82484436035156,101.27191162109375,100.9752426147461,98.41239929199219,97.32933807373047,98.18350219726562,98.12747192382812,95.04735565185547,92.04889678955078,91.02197265625,90.04998779296875,89.08984375,88.27796936035156,86.46965026855469,84.01190185546875,82.37718200683594,81.02468872070312,80.0062484741211
0,-48.0,-95,25,11,66.0,57.03507614135742,53.600372314453125,49.030601501464844,42.379241943359375,35.7770881652832,32.015621185302734,32.015621185302734,29.529645919799805,30.08321762084961,32.06243896484375,33.060550689697266,36.49657440185547,41.231056213378906,42.04759216308594,50.477718353271484,55.0,52.49761962890625,59.396968841552734,65.11528015136719,69.52696990966797,72.62230682373047,76.6093978881836,82.68010711669922,85.4400405883789,93.1504135131836,100.62306213378906,105.11898040771484,107.35455322265625,111.82575988769531,112.69871520996094,120.30377960205078,122.53978729248047,127.94139099121094,124.90796661376953,125.78155517578125,128.8914337158203,127.26350402832031,126.90941619873047,127.26350402832031,125.64234924316406,122.5887451171875,121.49073791503906,116.76471710205078,116.4989242553711,115.20850372314453,114.40279388427734,113.2298583984375,111.39569091796875,111.80339813232422,107.48023223876953,106.15083312988281
0,-49.0,-95,26,7,70.7742919921875,59.9416389465332,50.56678771972656,46.957427978515625,39.11521530151367,30.805843353271484,26.832815170288086,12.806248664855957,15.264337539672852,11.180339813232422,2.0,2.2360680103302,9.219544410705566,14.142135620117188,20.39607810974121,28.65309715270996,30.232433319091797,36.715118408203125,41.617305755615234,43.8292121887207,48.83646011352539,52.49761962890625,55.17245864868164,61.61980056762695,65.29930877685547,70.29224395751953,82.46211242675781,87.6584243774414,87.20092010498047,98.22932434082031,99.04544067382812,99.86490631103516,103.73042297363281,103.81233215332031,105.39450073242188,110.43550109863281,110.9414291381836,108.46658325195312,108.811767578125,109.40292358398438,109.62207794189453,110.20889282226562,107.00466918945312,106.50821685791016,102.07839965820312,100.60317993164062,102.80078125,102.80078125,100.89598846435547,98.08159637451172,97.08243560791016,96.87621307373047
0,-50.0,-95,24,14,128.015625,123.00406646728516,114.0,107.11676025390625,99.2471694946289,90.13877868652344,84.0238037109375,77.02597045898438,69.0,62.0,57.00876998901367,51.088157653808594,46.389652252197266,39.293766021728516,35.1710090637207,30.463092803955078,28.301942825317383,26.172504425048828,24.20743751525879,21.931713104248047,22.803508758544922,25.01999282836914,25.0,25.961509704589844,29.73213768005371,33.241539001464844,38.94868469238281,42.19004440307617,44.94440841674805,51.03919982910156,52.69725036621094,56.859474182128906,59.36328887939453,60.20797348022461,65.86349487304688,64.88451385498047,66.64833068847656,67.5351791381836,68.44705963134766,69.35416412353516,67.779052734375,67.41661834716797,69.89277648925781,68.96376037597656,65.52098846435547,63.78871536254883,63.78871536254883,63.95310592651367,63.639610290527344,62.28964614868164,62.07253646850586,62.032249450683594
0,-48.0,-95,22,10,57.42821502685547,53.25410842895508,53.413482666015625,50.0,44.204071044921875,40.804412841796875,39.66106414794922,35.510562896728516,33.61547088623047,33.61547088623047,30.4138126373291,28.23118782043457,26.248809814453125,24.73863410949707,22.360679626464844,22.022714614868164,22.0,20.02498435974121,19.235383987426758,20.880613327026367,20.880613327026367,21.470911026000977,23.25940704345703,23.853721618652344,24.413110733032227,26.90724754333496,26.172504425048828,29.068883895874023,31.11269760131836,29.698484420776367,31.11269760131836,32.557640075683594,33.241539001464844,33.941123962402344,36.79673767089844,34.828147888183594,34.20526123046875,35.22782897949219,36.8917350769043,36.8917350769043,33.61547088623047,34.48188018798828,35.7770881652832,33.541019439697266,34.928497314453125,31.95309066772461,34.78505325317383,32.280025482177734,33.734256744384766,32.557640075683594,30.265491485595703,30.0
0,-46.0,-95,22,12,88.0227279663086,82.00609588623047,79.05693817138672,74.00675964355469,73.17103576660156,65.4904556274414,64.62971496582031,59.228370666503906,58.694122314453125,55.6596794128418,54.7813835144043,52.77309799194336,50.6063232421875,48.82622146606445,46.22769546508789,50.20956039428711,47.381431579589844,48.41487503051758,49.648765563964844,52.15361785888672,51.97114562988281,55.46169662475586,55.94640350341797,57.245086669921875,60.406951904296875,62.93647766113281,64.28841400146484,71.16881561279297,70.88018035888672,72.53275299072266,70.88018035888672,75.58438873291016,77.79460144042969,77.16217041015625,78.54934692382812,81.1541748046875,80.62257385253906,79.62411499023438,78.72102355957031,77.41446685791016,78.892333984375,76.32168579101562,77.93586730957031,71.84706115722656,72.80110168457031,70.1783447265625,70.00714111328125,69.29646301269531,71.50524139404297,66.21932983398438,66.2872543334961,64.14047241210938
0,-46.0,-95,22,10,56.603885650634766,54.4058837890625,44.777225494384766,49.648765563964844,42.7551155090332,40.52159881591797,44.9110221862793,41.19466018676758,38.0,35.0,35.05709457397461,36.67424011230469,39.560081481933594,37.6961555480957,40.24922180175781,37.121421813964844,39.11521530151367,38.832977294921875,40.31128692626953,44.59820556640625,44.55333709716797,46.75468063354492,45.96738052368164,50.32891845703125,52.63079071044922,56.22277069091797,59.40538787841797,58.2580451965332,62.62587356567383,60.605281829833984,63.25345993041992,66.84310150146484,65.85590362548828,65.79513549804688,68.59300231933594,65.76473236083984,67.26811981201172,66.70832061767578,67.80117797851562,69.20259857177734,63.0079345703125,62.68173599243164,64.66065216064453,61.91122817993164,61.29437255859375,59.93329620361328,59.09314727783203,58.872745513916016,56.30275344848633,56.75385284423828,53.15073013305664,54.451812744140625
0,-46.0,-95,24,10,57.48912811279297,51.865211486816406,46.097721099853516,44.41846466064453,39.20458984375,38.18376541137695,39.824615478515625,35.7770881652832,37.947330474853516,36.49657440185547,40.31128692626953,43.104522705078125,46.27094268798828,49.47726821899414,50.28916549682617,57.00876998901367,58.18075180053711,60.373836517333984,63.28506851196289,68.24221801757812,71.40028381347656,74.02702331542969,78.24320983886719,83.54639434814453,87.86353302001953,91.3509750366211,96.87621307373047,98.99494934082031,104.66136169433594,107.48023223876953,106.77546691894531,110.3177261352539,110.3177261352539,113.89907836914062,113.21660614013672,113.95174407958984,115.43396759033203,115.52056121826172,113.0707778930664,111.82575988769531,111.60645294189453,111.01801300048828,108.811767578125,106.25440979003906,102.07839965820312,100.40418243408203,102.92716217041016,100.84642028808594,98.0051040649414,97.94896697998047,95.34149169921875,95.5196304321289
0,-47.0,-95,25,11,32.31098937988281,27.85677719116211,20.880613327026367,17.8885440826416,8.246211051940918,2.8284270763397217,4.0,11.180339813232422,14.560219764709473,22.472204208374023,28.635643005371094,34.98571014404297,39.4461669921875,45.486263275146484,51.107730865478516,50.80354309082031,58.41232681274414,65.6048812866211,67.26811981201172,74.41101837158203,75.1664810180664,82.07313537597656,84.17243957519531,94.06912231445312,97.67292022705078,102.64988708496094,110.11357879638672,111.39569091796875,117.0341796875,120.60265350341797,123.06502532958984,129.32130432128906,129.07362365722656,129.32130432128906,132.007568359375,132.007568359375,133.22537231445312,128.97286987304688,129.32130432128906,131.71180725097656,128.31600952148438,127.14165496826172,130.38404846191406,126.73200225830078,120.28299713134766,118.92855072021484,119.50313568115234,117.45637512207031,120.2081527709961,120.21646881103516,115.96551513671875,114.02192687988281
0,-51.0,-95,24,12,111.94641876220703,103.74005889892578,99.20181274414062,93.40770721435547,88.05680084228516,82.46211242675781,78.44743347167969,70.61161041259766,65.30696868896484,60.20797348022461,57.706153869628906,51.62363815307617,46.52956008911133,41.59326934814453,36.67424011230469,34.525352478027344,28.284271240234375,25.70992088317871,21.189620971679688,19.235383987426758,14.764822959899902,15.55634880065918,14.317821502685547,14.317821502685547,17.029386520385742,15.132745742797852,23.409399032592773,28.635643005371094,31.30495262145996,32.649654388427734,35.84689712524414,38.587562561035156,42.01190185546875,43.600460052490234,46.22769546508789,47.50789260864258,49.57822036743164,50.2493782043457,50.20956039428711,49.497474670410156,51.62363815307617,49.57822036743164,51.62363815307617,48.79549026489258,50.93132781982422,48.79549026489258,48.79549026489258,49.51767349243164,49.51767349243164,50.20956039428711,48.79549026489258,48.83646011352539
0,-50.0,-95,23,10,86.37129211425781,84.17243957519531,82.75868225097656,77.10382843017578,76.3675308227539,67.88224792480469,64.35060119628906,59.396968841552734,57.28001403808594,55.17245864868164,48.08325958251953,46.010868072509766,41.231056213378906,39.051246643066406,36.2353401184082,34.13209533691406,29.681644439697266,29.068883895874023,26.832815170288086,24.59674835205078,22.135944366455078,22.360679626464844,18.248287200927734,19.0,18.681541442871094,18.973665237426758,20.124610900878906,19.416488647460938,23.021728515625,23.34523582458496,25.495098114013672,29.73213768005371,30.4138126373291,31.827661514282227,32.557640075683594,33.241539001464844,33.941123962402344,35.46829605102539,37.80211639404297,35.0,36.400550842285156,36.359317779541016,37.58989334106445,36.715118408203125,35.35533905029297,33.541019439697266,34.01470184326172,34.01470184326172,33.83784866333008,33.52610778808594,32.015621185302734,30.5941162109375
0,-46.0,-95,22,5,61.392181396484375,60.01666259765625,57.9741325378418,55.54277801513672,55.785301208496094,51.41984176635742,48.50773239135742,47.53945541381836,46.840152740478516,43.011627197265625,41.78516387939453,39.924930572509766,39.39543151855469,38.470767974853516,38.07886505126953,33.83784866333008,33.0151481628418,33.0151481628418,33.30165100097656,33.30165100097656,33.241539001464844,34.65544509887695,32.557640075683594,34.20526123046875,34.66987228393555,34.4093017578125,36.359317779541016,37.2155876159668,39.4461669921875,37.2155876159668,39.824615478515625,41.34005355834961,40.49691390991211,42.20189666748047,41.88078308105469,41.617305755615234,43.011627197265625,42.63801193237305,41.86884307861328,42.44997024536133,42.42640686035156,41.72529220581055,40.360870361328125,39.69886779785156,38.60051727294922,37.2155876159668,38.07886505126953,38.07886505126953,36.24913787841797,35.46829605102539,34.48188018798828,32.75667953491211
0,-45.0,-95,21,13,69.0,66.00757598876953,66.0302963256836,65.0691909790039,62.12889862060547,59.13543701171875,59.21148681640625,57.55866622924805,55.90169906616211,52.95280838012695,53.36665725708008,52.49761962890625,51.54609680175781,52.0,50.56678771972656,49.24428939819336,49.24428939819336,48.87739944458008,51.03919982910156,50.80354309082031,50.0,51.855567932128906,51.22499465942383,54.488529205322266,57.314918518066406,55.865909576416016,59.46427536010742,59.396968841552734,60.8276252746582,60.8276252746582,62.2414665222168,65.11528015136719,65.19202423095703,64.66065216064453,64.03124237060547,65.0,65.45991516113281,64.35060119628906,64.66065216064453,63.631752014160156,64.0078125,63.071388244628906,62.64982223510742,60.539241790771484,58.18934631347656,57.567352294921875,57.00876998901367,58.46366500854492,56.88584899902344,54.451812744140625,53.15073013305664,53.00943374633789
0,-45.0,-95,23,9,59.40538787841797,56.603885650634766,55.4707145690918,56.35601043701172,54.7813835144043,50.9215087890625,50.0,50.80354309082031,48.50773239135742,48.041648864746094,49.04079818725586,49.162994384765625,51.62363815307617,51.97114562988281,52.39274597167969,52.81098556518555,53.3104133605957,55.03635025024414,57.30619430541992,59.9416389465332,60.539241790771484,64.35060119628906,62.20128631591797,66.21932983398438,68.88395690917969,68.88395690917969,76.41989135742188,76.48529052734375,79.30951690673828,80.72174072265625,83.73768615722656,85.04116821289062,86.37129211425781,86.55634307861328,85.42832946777344,86.68333435058594,87.00574493408203,87.80091094970703,86.83892822265625,87.09190368652344,86.09297180175781,84.72307586669922,87.8179931640625,82.2982406616211,83.18653869628906,79.2022705078125,78.92401123046875,80.05622863769531,78.77182006835938,78.16009521484375,75.92759704589844,73.68174743652344
0,-47.0,-95,25,13,24.515300750732422,21.3775577545166,19.10497283935547,17.464248657226562,18.439088821411133,22.847318649291992,25.01999282836914,28.0,32.38827133178711,35.693138122558594,43.73785400390625,49.47726821899414,53.3104133605957,56.46237564086914,58.18075180053711,68.60028839111328,70.1783447265625,74.09453582763672,80.60397338867188,83.09632873535156,89.27485656738281,91.24143981933594,96.17691802978516,105.38026428222656,107.56393432617188,112.80514526367188,121.21056365966797,123.8466796875,129.4024658203125,136.82470703125,138.6001434326172,140.6627197265625,147.29901123046875,144.26712036132812,149.26486206054688,148.80860900878906,152.11837768554688,146.98638916015625,151.34397888183594,148.5294647216797,149.4590301513672,147.75656127929688,148.9228057861328,142.126708984375,142.90206909179688,139.81773376464844,141.7674102783203,140.2640380859375,137.18600463867188,137.44090270996094,135.59129333496094,131.2097625732422
0,-47.0,-95,26,13,49.648765563964844,46.097721099853516,40.52159881591797,38.20994567871094,33.0151481628418,33.734256744384766,35.84689712524414,35.510562896728516,39.051246643066406,43.13930892944336,49.04079818725586,52.63079071044922,60.464866638183594,65.21502685546875,71.61005401611328,72.80110168457031,79.8122787475586,82.20097351074219,88.60022735595703,96.82975006103516,99.48869323730469,107.62899017333984,106.96260833740234,117.37972259521484,125.17587280273438,129.4179229736328,143.01048278808594,146.0,152.11837768554688,154.0292205810547,164.6572265625,165.42369079589844,164.34719848632812,162.2744598388672,162.11415100097656,162.11415100097656,163.41664123535156,162.05245971679688,163.41664123535156,157.07960510253906,158.142333984375,155.05160522460938,159.1540069580078,158.142333984375,157.11460876464844,160.4150848388672,160.70469665527344,157.89236450195312,163.049072265625,164.29547119140625,160.11245727539062,158.44873046875
0,-50.0,-95,26,13,94.41397857666016,89.47066497802734,86.31338500976562,80.52949523925781,72.56031799316406,64.66065216064453,59.64059066772461,55.803226470947266,51.088157653808594,47.381431579589844,45.27692413330078,46.86149978637695,43.8292121887207,39.4461669921875,40.853397369384766,41.78516387939453,45.35416030883789,44.9110221862793,48.50773239135742,53.75872039794922,55.73149871826172,58.051700592041016,63.12685775756836,67.46851348876953,73.34848022460938,73.34848022460938,87.32124328613281,89.05054473876953,93.86160278320312,98.23441314697266,101.13851928710938,105.5367202758789,110.16351318359375,110.60289001464844,112.53887939453125,114.17967987060547,117.6435317993164,117.0469970703125,114.17967987060547,115.7410888671875,117.39250183105469,116.81181335449219,116.45600128173828,115.69355773925781,115.69355773925781,114.76933288574219,115.95257568359375,115.95257568359375,112.92475128173828,115.15641784667969,116.07756042480469,114.58621215820312
0,-49.0,-95,22,15,94.04785919189453,86.20904541015625,86.05230712890625,82.2982406616211,81.22191619873047,75.42546081542969,73.43704986572266,68.4689712524414,64.38167572021484,63.19810104370117,61.29437255859375,58.03447341918945,57.00876998901367,54.00925827026367,52.038448333740234,50.0099983215332,49.09175109863281,47.095645904541016,47.381431579589844,45.27692413330078,45.27692413330078,45.39823913574219,42.296573638916016,42.7551155090332,41.9761848449707,41.773197174072266,42.57933807373047,42.20189666748047,41.0,42.20189666748047,39.051246643066406,40.024993896484375,39.81205749511719,39.81205749511719,39.81205749511719,39.623226165771484,39.81205749511719,39.623226165771484,39.458839416503906,37.336307525634766,38.20994567871094,37.2155876159668,37.121421813964844,34.058773040771484,36.0,34.058773040771484,32.06243896484375,34.13209533691406,34.2344856262207,31.400636672973633,32.98484420776367,32.572994232177734
0,-47.0,-95,17,24,54.08327102661133,50.477718353271484,47.434165954589844,46.04345703125,46.40043258666992,41.04875183105469,42.72002029418945,38.832977294921875,38.27531814575195,36.055511474609375,36.055511474609375,34.4093017578125,33.60059356689453,33.42155075073242,31.890438079833984,31.890438079833984,30.4138126373291,29.73213768005371,28.319604873657227,30.479501724243164,29.068883895874023,29.20616340637207,28.42534065246582,29.20616340637207,29.068883895874023,28.600698471069336,28.017850875854492,29.832868576049805,28.017850875854492,28.600698471069336,26.4007568359375,29.20616340637207,29.20616340637207,27.20294189453125,28.319604873657227,28.284271240234375,27.58622932434082,27.58622932434082,26.90724754333496,26.90724754333496,25.612497329711914,25.612497329711914,26.4007568359375,23.853721618652344,24.698177337646484,24.1867733001709,23.706539154052734,22.360679626464844,22.360679626464844,21.189620971679688,21.840330123901367,21.3775577545166
0,-46.0,-95,21,10,66.48307800292969,62.513999938964844,61.66035842895508,58.54912567138672,56.56854248046875,53.600372314453125,53.15073013305664,50.0099983215332,45.89117431640625,44.643028259277344,45.880279541015625,43.65776062011719,41.78516387939453,39.924930572509766,40.31128692626953,39.357337951660156,38.587562561035156,37.58989334106445,38.01315689086914,38.01315689086914,38.01315689086914,37.64305877685547,40.45985794067383,41.1096076965332,41.1096076965332,42.44997024536133,43.13930892944336,43.185646057128906,42.44997024536133,44.55333709716797,42.52058410644531,43.931766510009766,44.68780517578125,44.68780517578125,44.821868896484375,44.204071044921875,45.0,44.40720748901367,43.26661682128906,43.5660400390625,43.90899658203125,42.05948257446289,42.94182205200195,40.71854782104492,40.31128692626953,41.43669891357422,41.1096076965332,40.52159881591797,40.024993896484375,38.470767974853516,38.20994567871094,38.01315689086914
0,-46.0,-95,22,12,51.15662384033203,48.010414123535156,46.04345703125,42.10700607299805,40.4474983215332,37.10795211791992,36.769554138183594,34.438350677490234,34.4093017578125,33.241539001464844,35.38361358642578,36.619667053222656,39.4461669921875,38.910152435302734,40.16217041015625,45.607017517089844,45.12205505371094,46.69047164916992,49.25444030761719,53.15073013305664,54.08327102661133,59.03388977050781,57.00876998901367,63.0079345703125,64.0,65.0,70.1783447265625,72.11102294921875,76.16429901123047,77.10382843017578,77.23341369628906,81.22191619873047,81.09870910644531,81.09870910644531,80.0062484741211,81.00617218017578,83.0,83.05419921875,82.00609588623047,81.05553436279297,80.15609741210938,80.3056640625,78.23043060302734,76.53103637695312,77.64663696289062,75.13321685791016,74.3303451538086,74.73285675048828,73.24616241455078,73.37574768066406,71.51223754882812,71.17584228515625
0,-45.0,-95,23,11,46.86149978637695,42.44997024536133,41.1096076965332,38.832977294921875,34.0,33.241539001464844,31.575305938720703,31.016124725341797,33.37664031982422,33.95585250854492,35.84689712524414,38.470767974853516,43.26661682128906,45.343135833740234,49.04079818725586,50.2493782043457,55.226806640625,56.080299377441406,64.20280456542969,63.411354064941406,67.42403411865234,71.02112579345703,70.8307876586914,76.05918884277344,79.25907135009766,81.84130859375,89.47066497802734,90.37699127197266,96.17691802978516,93.10746765136719,101.07917785644531,100.64790344238281,101.51847076416016,102.85912322998047,102.85912322998047,101.07422637939453,103.76897430419922,102.4743881225586,100.84642028808594,102.39628601074219,96.25486755371094,102.92716217041016,99.5690689086914,97.34988403320312,94.86833190917969,94.40338897705078,96.40020751953125,94.02127075195312,91.3509750366211,92.69843292236328,89.10667419433594,88.61715698242188
0,-48.0,-95,26,16,76.48529052734375,65.802734375,61.29437255859375,57.706153869628906,50.990196228027344,44.72135925292969,44.283180236816406,41.01219177246094,44.72135925292969,45.54119110107422,51.88448715209961,55.4707145690918,58.8217658996582,62.801273345947266,67.00746154785156,74.02702331542969,80.43009185791016,83.86894226074219,90.27181243896484,96.82975006103516,100.42410278320312,105.0,112.61438751220703,121.49485778808594,126.19429779052734,132.5745086669922,143.38758850097656,145.26182556152344,138.43771362304688,133.98880004882812,132.5745086669922,128.00390625,124.80785369873047,125.41929626464844,124.32618713378906,124.63145446777344,119.33147430419922,123.06502532958984,119.33147430419922,120.0,120.0,115.43396759033203,115.43396759033203,116.50321960449219,116.81181335449219,118.20744323730469,117.72000885009766,118.59595489501953,119.07980346679688,123.54756164550781,128.8914337158203,136.4734344482422
0,-53.0,-95,28,-3,80.0062484741211,78.16009521484375,69.46221923828125,69.35416412353516,62.3939094543457,59.07622146606445,56.4358024597168,49.04079818725586,49.36598205566406,41.773197174072266,39.31920623779297,37.336307525634766,33.060550689697266,30.149627685546875,26.019224166870117,27.0,25.01999282836914,23.0867919921875,18.027755737304688,20.880613327026367,21.540658950805664,18.384777069091797,23.25940704345703,22.203603744506836,22.203603744506836,26.248809814453125,29.0,31.14482307434082,33.30165100097656,34.20526123046875,38.01315689086914,36.619667053222656,39.408119201660156,41.67733383178711,42.54409408569336,45.27692413330078,47.434165954589844,44.777225494384766,47.434165954589844,45.221675872802734,47.16990661621094,45.27692413330078,46.87216567993164,45.27692413330078,47.16990661621094,45.27692413330078,45.221675872802734,46.14108657836914,46.3249397277832,44.65422821044922,43.8292121887207,44.29446792602539
0,-50.0,-95,23,15,130.50669860839844,125.15989685058594,126.12692260742188,116.4989242553711,116.92733001708984,104.3455810546875,102.9611587524414,96.8813705444336,90.60904693603516,87.66413116455078,83.74365997314453,78.44743347167969,74.3303451538086,68.65857696533203,63.78871536254883,61.400325775146484,55.081756591796875,54.120235443115234,48.383880615234375,47.12748718261719,43.96589660644531,42.379241943359375,38.27531814575195,35.84689712524414,34.78505325317383,30.08321762084961,25.63201141357422,22.472204208374023,20.615528106689453,15.81138801574707,14.866068840026855,11.704699516296387,8.062257766723633,5.830951690673828,4.242640495300293,3.1622776985168457,2.2360680103302,3.605551242828369,5.0,5.830951690673828,8.062257766723633,8.062257766723633,9.848857879638672,9.848857879638672,12.083045959472656,10.770329475402832,12.083045959472656,12.206555366516113,13.03840446472168,14.866068840026855,15.65247631072998,15.65247631072998
0,-49.0,-95,22,10,95.88534545898438,93.38094329833984,87.29833984375,88.5268325805664,80.80841827392578,78.10249328613281,74.95331573486328,70.3420181274414,68.15423583984375,63.06346130371094,60.41522979736328,58.24946212768555,55.31726837158203,53.15073013305664,50.990196228027344,48.66210174560547,45.39823913574219,41.0,41.30375289916992,38.20994567871094,37.121421813964844,36.12478256225586,33.060550689697266,33.0,32.0,31.016124725341797,28.017850875854492,25.01999282836914,26.07680892944336,23.194826126098633,22.203603744506836,22.360679626464844,20.2237491607666,19.646883010864258,19.92485809326172,16.76305389404297,18.788293838500977,16.552946090698242,17.8885440826416,17.464248657226562,15.264337539672852,17.492855072021484,15.65247631072998,15.81138801574707,17.20465087890625,16.124515533447266,16.401220321655273,17.0,14.317821502685547,13.416407585144043,13.03840446472168,15.81138801574707
0,-48.0,-95,20,12,73.06161499023438,71.19690704345703,68.47627258300781,67.5351791381836,61.717098236083984,60.373836517333984,55.03635025024414,51.89412307739258,50.15974426269531,47.423622131347656,44.72135925292969,42.05948257446289,39.357337951660156,38.07886505126953,34.98571014404297,31.906112670898438,30.805843353271484,27.80287742614746,28.319604873657227,27.58622932434082,26.172504425048828,26.172504425048828,22.803508758544922,24.413110733032227,24.413110733032227,22.472204208374023,22.360679626464844,22.847318649291992,24.351591110229492,23.0867919921875,23.76972770690918,24.351591110229492,24.041629791259766,24.041629791259766,23.76972770690918,24.041629791259766,23.76972770690918,23.76972770690918,24.041629791259766,24.698177337646484,24.041629791259766,25.298221588134766,24.351591110229492,24.166091918945312,23.25940704345703,22.360679626464844,22.360679626464844,23.323806762695312,21.63330841064453,22.022714614868164,21.260292053222656,20.51828384399414
0,-46.0,-95,20,9,57.55866622924805,53.46026611328125,52.46903991699219,49.36598205566406,46.27094268798828,43.046485900878906,41.19466018676758,38.11823654174805,36.22154235839844,33.241539001464844,31.14482307434082,29.42787742614746,27.892650604248047,25.0,24.041629791259766,22.847318649291992,21.470911026000977,20.59126091003418,20.808652877807617,18.439088821411133,19.79899024963379,20.51828384399414,19.10497283935547,21.63330841064453,20.248456954956055,21.470911026000977,22.847318649291992,22.847318649291992,23.76972770690918,24.351591110229492,24.698177337646484,25.63201141357422,26.570659637451172,27.85677719116211,26.4007568359375,27.312999725341797,28.635643005371094,27.294687271118164,27.784887313842773,27.784887313842773,27.784887313842773,26.07680892944336,28.017850875854492,27.20294189453125,25.612497329711914,25.612497329711914,26.90724754333496,26.870058059692383,26.248809814453125,25.0,23.853721618652344,24.1867733001709
0,-46.0,-95,20,10,54.08327102661133,51.03919982910156,47.70744323730469,45.486263275146484,41.04875183105469,38.27531814575195,35.510562896728516,32.75667953491211,30.528675079345703,26.832815170288086,26.0,23.409399032592773,21.840330123901367,21.21320343017578,21.0,21.0,18.11077117919922,18.248287200927734,18.384777069091797,19.235383987426758,18.867961883544922,20.808652877807617,21.40093421936035,23.34523582458496,24.041629791259766,25.45584487915039,26.90724754333496,29.068883895874023,31.240999221801758,31.890438079833984,31.890438079833984,33.241539001464844,34.65544509887695,33.941123962402344,35.38361358642578,35.38361358642578,34.71310806274414,35.46829605102539,34.828147888183594,35.80502700805664,35.22782897949219,34.13209533691406,34.13209533691406,33.61547088623047,33.12099075317383,31.78049659729004,33.61547088623047,32.69556427001953,32.572994232177734,32.280025482177734,31.400636672973633,30.149627685546875
0,-47.0,-95,21,10,64.28063201904297,60.20797348022461,56.4358024597168,54.230987548828125,48.25971221923828,44.55333709716797,42.57933807373047,38.07886505126953,36.13862228393555,32.572994232177734,31.78049659729004,29.529645919799805,28.600698471069336,27.80287742614746,25.45584487915039,27.018512725830078,26.925823211669922,28.635643005371094,29.154760360717773,29.120439529418945,31.048349380493164,32.98484420776367,33.541019439697266,36.22154235839844,37.2155876159668,40.31128692626953,43.046485900878906,44.18144226074219,46.097721099853516,46.173583984375,46.27094268798828,49.25444030761719,49.648765563964844,49.36598205566406,50.990196228027344,49.648765563964844,50.447994232177734,48.50773239135742,50.0,49.04079818725586,46.48655700683594,46.48655700683594,46.81879806518555,44.384681701660156,44.384681701660156,43.863426208496094,45.17742919921875,43.5660400390625,40.8166618347168,42.43819046020508,42.01190185546875,39.69886779785156
0,-48.0,-95,23,17,87.78382873535156,79.98124694824219,77.78174591064453,71.4212875366211,64.38167572021484,58.2580451965332,53.25410842895508,47.70744323730469,44.777225494384766,42.05948257446289,40.607879638671875,39.11521530151367,40.112342834472656,40.26164245605469,38.897300720214844,43.8292121887207,43.5660400390625,48.25971221923828,51.22499465942383,57.48912811279297,58.79625701904297,63.639610290527344,64.35060119628906,69.42621612548828,73.59347534179688,75.1664810180664,81.46778869628906,87.04596710205078,86.45230102539062,91.28527069091797,90.5096664428711,92.6552734375,94.84724426269531,90.60904693603516,92.09777069091797,94.4933853149414,92.00543212890625,90.8019790649414,89.62700653076172,89.05054473876953,89.30845642089844,84.59905242919922,85.75546264648438,82.49242401123047,81.12335968017578,77.82672882080078,78.71467590332031,78.26238250732422,76.967529296875,76.32168579101562,74.3303451538086,71.84010314941406
0,-52.0,-95,27,13,54.00925827026367,61.073726654052734,73.43704986572266,79.4040298461914,96.25486755371094,104.23531341552734,112.21853637695312,123.19902801513672,122.1024169921875,106.23088073730469,104.12012481689453,94.13288116455078,85.14693450927734,74.00675964355469,69.065185546875,58.4208869934082,54.34151077270508,46.81879806518555,46.097721099853516,42.43819046020508,42.52058410644531,45.221675872802734,45.17742919921875,47.16990661621094,55.6596794128418,59.228370666503906,69.46221923828125,74.3303451538086,81.3019027709961,81.1541748046875,85.0058822631836,92.00543212890625,96.0,94.0,99.04544067382812,97.00515747070312,101.31633758544922,99.2471694946289,103.31021118164062,101.2422866821289,99.32270812988281,101.71037292480469,102.42070007324219,100.44898986816406,98.84330749511719,97.86214447021484,98.84330749511719,101.86756134033203,98.95453643798828,100.0,100.57833099365234,101.63660430908203
0,-52.0,-95,27,13,57.688819885253906,64.49806213378906,76.47875213623047,83.38465118408203,92.97311401367188,105.77334594726562,119.2518310546875,124.19339752197266,129.52220153808594,117.90250396728516,109.65856170654297,100.80674743652344,89.44271850585938,81.21575927734375,71.70076751708984,64.19501495361328,58.07753372192383,51.009803771972656,46.27094268798828,44.271888732910156,44.29446792602539,42.43819046020508,45.25483322143555,46.40043258666992,51.61395263671875,54.5618896484375,67.35725402832031,67.35725402832031,74.46475982666016,75.89466094970703,83.24061584472656,89.9888916015625,91.21403503417969,90.02777099609375,94.25497436523438,98.71676635742188,96.31718444824219,96.7729263305664,97.52947998046875,96.76776123046875,101.19288635253906,97.40636444091797,99.92497253417969,98.0866928100586,99.16148376464844,96.66436767578125,93.94147491455078,98.41239929199219,98.41239929199219,94.81033325195312,97.50897216796875,96.66436767578125
0,-49.0,-95,22,11,96.04686737060547,87.45856475830078,87.45856475830078,81.05553436279297,80.15609741210938,70.83784484863281,67.26811981201172,62.481998443603516,58.898216247558594,55.226806640625,53.15073013305664,47.6340217590332,42.63801193237305,38.60051727294922,35.22782897949219,30.528675079345703,28.17800521850586,24.59674835205078,22.135944366455078,19.416488647460938,19.10497283935547,16.0,16.124515533447266,16.155494689941406,17.492855072021484,17.69180679321289,20.808652877807617,22.203603744506836,24.1867733001709,26.419689178466797,28.17800521850586,30.4138126373291,29.96664810180664,33.541019439697266,34.885528564453125,35.7770881652832,35.7770881652832,34.885528564453125,37.2155876159668,36.2353401184082,36.8917350769043,37.2155876159668,37.44329071044922,35.22782897949219,34.20526123046875,32.80244064331055,34.71310806274414,34.71310806274414,34.65544509887695,33.970577239990234,32.557640075683594,32.202484130859375
0,-48.0,-95,22,4,66.61080932617188,65.6201171875,60.530982971191406,60.29925537109375,54.147945404052734,51.244510650634766,48.25971221923828,45.27692413330078,41.1096076965332,37.48332977294922,36.34556198120117,33.541019439697266,30.5941162109375,25.70992088317871,23.76972770690918,21.189620971679688,21.470911026000977,16.124515533447266,15.620499610900879,14.142135620117188,14.422204971313477,13.416407585144043,13.601470947265625,15.0,16.0,18.027755737304688,20.39607810974121,20.615528106689453,23.76972770690918,24.041629791259766,26.248809814453125,27.85677719116211,28.160255432128906,28.460498809814453,29.832868576049805,31.048349380493164,31.575305938720703,31.575305938720703,31.575305938720703,31.575305938720703,30.149627685546875,33.13608169555664,30.149627685546875,30.066593170166016,31.0,29.0,30.0,29.154760360717773,27.073972702026367,27.166154861450195,27.658634185791016,25.0
0,-47.0,-95,21,9,65.802734375,60.4400520324707,59.203041076660156,56.04462432861328,52.201534271240234,47.53945541381836,43.416587829589844,41.9761848449707,37.85498809814453,34.525352478027344,31.400636672973633,29.154760360717773,26.07680892944336,23.0,21.095022201538086,19.646883010864258,17.464248657226562,17.0,15.81138801574707,15.55634880065918,16.6433162689209,18.384777069091797,19.313207626342773,20.2237491607666,21.21320343017578,24.083189010620117,27.0,30.0,31.0,34.0,34.0,35.0,37.0,38.05259704589844,39.11521530151367,41.1096076965332,41.1096076965332,40.31128692626953,39.458839416503906,39.623226165771484,41.0,39.623226165771484,41.48493576049805,37.64305877685547,40.16217041015625,37.947330474853516,37.336307525634766,37.161808013916016,37.58989334106445,37.2155876159668,36.055511474609375,34.828147888183594
0,-46.0,-95,20,11,57.48912811279297,54.671749114990234,51.6623649597168,49.67897033691406,44.55333709716797,41.03656768798828,37.48332977294922,32.526912689208984,31.11269760131836,28.42534065246582,23.600847244262695,21.954498291015625,21.931713104248047,18.973665237426758,17.11724281311035,15.0,14.142135620117188,13.928388595581055,15.264337539672852,15.0,17.69180679321289,18.601076126098633,19.72308349609375,22.360679626464844,24.166091918945312,27.85677719116211,32.015621185302734,32.893768310546875,35.1710090637207,36.400550842285156,38.60051727294922,38.897300720214844,41.1096076965332,42.379241943359375,43.08131790161133,43.65776062011719,43.46262741088867,42.95346450805664,44.283180236816406,44.72135925292969,42.94182205200195,44.777225494384766,44.41846466064453,44.41846466064453,41.04875183105469,41.400482177734375,41.231056213378906,41.231056213378906,41.1096076965332,41.01219177246094,38.94868469238281,37.013511657714844
0,-46.0,-95,20,12,50.28916549682617,48.764739990234375,43.17406463623047,42.20189666748047,37.656341552734375,34.525352478027344,30.149627685546875,28.07133674621582,24.0,20.099750518798828,20.2237491607666,17.0880069732666,14.764822959899902,14.866068840026855,13.45362377166748,12.529964447021484,13.34166431427002,14.03566837310791,17.11724281311035,19.10497283935547,20.615528106689453,22.135944366455078,21.540658950805664,26.419689178466797,30.01666259765625,30.886890411376953,36.055511474609375,36.055511474609375,41.04875183105469,40.224369049072266,42.43819046020508,44.65422821044922,45.486263275146484,46.04345703125,48.02082824707031,47.16990661621094,48.02082824707031,49.24428939819336,49.24428939819336,51.429561614990234,47.423622131347656,49.658836364746094,47.423622131347656,49.24428939819336,47.53945541381836,45.54119110107422,45.880279541015625,45.880279541015625,44.643028259277344,45.35416030883789,43.73785400390625,44.18144226074219
0,-46.0,-95,26,14,112.92475128173828,106.8877944946289,106.8877944946289,103.83159637451172,98.47842407226562,96.25486755371094,92.61749267578125,91.67878723144531,91.3509750366211,91.24143981933594,94.06912231445312,92.69843292236328,94.4933853149414,94.4933853149414,97.20082092285156,101.40019989013672,100.80178833007812,106.60675048828125,110.0,110.20889282226562,117.20068359375,119.01680755615234,124.20144653320312,129.18978881835938,133.0601348876953,138.53880310058594,146.0,152.3056182861328,157.8765411376953,160.52725219726562,162.05245971679688,169.0,169.0,171.1256866455078,175.36817932128906,176.77670288085938,176.08236694335938,176.82760620117188,175.38528442382812,174.0,174.0,170.48460388183594,168.315185546875,167.26026916503906,166.6043243408203,165.09693908691406,162.8557586669922,162.8557586669922,165.01211547851562,165.7588653564453,171.33009338378906,166.88319396972656
0,-48.0,-95,25,11,97.94896697998047,98.83824920654297,104.21611785888672,103.87010955810547,111.2339859008789,117.39250183105469,121.14866638183594,128.70509338378906,130.29197692871094,129.02713012695312,128.75169372558594,117.74549102783203,116.6190414428711,108.63240814208984,102.52804565429688,99.5389404296875,95.07891082763672,90.2496566772461,87.72685241699219,79.84986114501953,78.18567657470703,75.7693862915039,69.85699462890625,70.26378631591797,66.85057830810547,65.0,58.8217658996582,59.203041076660156,58.694122314453125,54.918121337890625,53.75872039794922,54.230987548828125,52.038448333740234,52.009613037109375,50.0099983215332,49.04079818725586,48.25971221923828,48.3735466003418,48.66210174560547,47.07440948486328,46.173583984375,46.81879806518555,48.08325958251953,46.81879806518555,46.957427978515625,48.754486083984375,49.19349670410156,48.87739944458008,48.54894256591797,52.69725036621094,52.009613037109375,49.51767349243164
0,-47.0,-95,22,11,116.84605407714844,113.2784194946289,108.97705841064453,106.77546691894531,99.7045669555664,95.48298645019531,91.28527069091797,85.70297241210938,82.2192153930664,77.89736938476562,75.07329559326172,69.35416412353516,67.94115447998047,62.28964614868164,58.728187561035156,54.451812744140625,49.51767349243164,48.10405349731445,46.097721099853516,43.416587829589844,42.01190185546875,39.408119201660156,35.510562896728516,35.35533905029297,32.24903106689453,31.30495262145996,28.23118782043457,27.513633728027344,26.925823211669922,26.68332862854004,25.961509704589844,24.331050872802734,24.1867733001709,23.34523582458496,22.090721130371094,23.021728515625,21.02379608154297,21.02379608154297,20.0,19.0,17.0,16.0,16.0,16.0,15.0,14.0,14.0,14.0,14.0,12.0,12.041594505310059,10.0
0,-46.0,-95,21,8,82.36504364013672,81.41252899169922,75.59100341796875,75.58438873291016,71.11962127685547,68.02940368652344,63.56099319458008,60.835845947265625,56.859474182128906,53.851646423339844,52.32590103149414,49.658836364746094,45.617977142333984,44.72135925292969,42.05948257446289,39.11521530151367,37.44329071044922,35.80502700805664,34.828147888183594,33.42155075073242,32.557640075683594,32.526912689208984,31.827661514282227,32.015621185302734,31.400636672973633,33.0151481628418,33.2866325378418,31.906112670898438,33.12099075317383,33.12099075317383,33.12099075317383,32.75667953491211,32.4499626159668,33.0151481628418,33.0151481628418,33.60059356689453,33.0151481628418,32.015621185302734,32.649654388427734,31.240999221801758,29.73213768005371,29.73213768005371,28.284271240234375,28.284271240234375,27.658634185791016,25.612497329711914,24.413110733032227,23.853721618652344,23.853721618652344,23.853721618652344,22.360679626464844,21.540658950805664
0,-44.0,-95,19,15,80.77747344970703,76.65507507324219,74.72616577148438,72.42237091064453,68.62215423583984,63.24555206298828,61.35144805908203,57.245086669921875,53.75872039794922,52.201534271240234,48.764739990234375,45.35416030883789,43.17406463623047,41.59326934814453,38.470767974853516,38.05259704589844,35.0,35.0,34.13209533691406,33.13608169555664,32.38827133178711,32.75667953491211,33.241539001464844,34.1760139465332,34.539833068847656,34.928497314453125,37.57658767700195,36.67424011230469,38.01315689086914,38.910152435302734,39.81205749511719,39.39543151855469,40.31128692626953,40.49691390991211,40.49691390991211,41.43669891357422,39.84971618652344,39.84971618652344,39.560081481933594,38.832977294921875,37.85498809814453,36.67424011230469,36.34556198120117,35.22782897949219,35.05709457397461,33.0151481628418,33.0,32.015621185302734,32.06243896484375,30.149627685546875,29.42787742614746,28.861740112304688
0,-44.0,-95,20,9,74.24284362792969,75.13321685791016,67.5351791381836,67.5425796508789,59.93329620361328,60.835845947265625,56.79788589477539,52.77309799194336,49.648765563964844,43.416587829589844,44.94440841674805,42.43819046020508,40.0,37.64305877685547,36.12478256225586,33.941123962402344,33.42155075073242,30.232433319091797,32.24903106689453,31.30495262145996,31.78049659729004,32.893768310546875,31.320919036865234,33.734256744384766,35.693138122558594,37.656341552734375,39.458839416503906,38.327537536621094,43.416587829589844,41.30375289916992,43.5660400390625,43.931766510009766,43.931766510009766,44.384681701660156,45.607017517089844,43.416587829589844,44.643028259277344,44.271888732910156,43.32435989379883,44.94440841674805,41.231056213378906,42.04759216308594,39.81205749511719,40.70626449584961,39.4461669921875,37.44329071044922,39.408119201660156,37.64305877685547,35.46829605102539,35.38361358642578,34.65544509887695,34.71310806274414
0,-45.0,-95,20,12,70.3420181274414,63.06346130371094,62.64183807373047,57.9741325378418,56.04462432861328,49.04079818725586,48.703182220458984,44.0113639831543,40.31128692626953,37.57658767700195,34.48188018798828,33.2866325378418,32.202484130859375,29.698484420776367,26.90724754333496,28.844409942626953,27.73084831237793,28.792360305786133,27.892650604248047,30.4138126373291,30.149627685546875,32.0,35.0142822265625,36.0,37.05401611328125,40.112342834472656,43.416587829589844,46.389652252197266,44.40720748901367,48.3735466003418,47.095645904541016,50.15974426269531,51.088157653808594,50.08992004394531,52.009613037109375,53.0,53.00943374633789,52.038448333740234,51.088157653808594,50.15974426269531,51.244510650634766,48.3735466003418,49.497474670410156,46.87216567993164,47.85394287109375,46.3249397277832,45.880279541015625,44.92215347290039,45.54119110107422,45.18849563598633,44.72135925292969,43.046485900878906
0,-46.0,-95,21,14,74.5184555053711,67.35725402832031,65.11528015136719,60.87692642211914,55.865909576416016,45.96738052368164,46.86149978637695,39.408119201660156,35.510562896728516,34.438350677490234,30.675724029541016,27.294687271118164,27.0,25.495098114013672,27.513633728027344,28.301942825317383,29.832868576049805,31.11269760131836,33.970577239990234,38.832977294921875,41.04875183105469,44.777225494384766,46.957427978515625,51.89412307739258,55.46169662475586,57.384666442871094,60.926185607910156,64.62197875976562,68.15423583984375,69.07966613769531,72.09021759033203,73.9256362915039,75.1531753540039,76.02631378173828,76.47875213623047,78.26238250732422,76.05918884277344,75.1797866821289,76.66159057617188,74.4311752319336,76.00657653808594,75.1664810180664,76.5506362915039,72.42237091064453,71.21797180175781,69.81404113769531,69.65629577636719,70.1783447265625,70.03570556640625,67.20863342285156,68.11754608154297,66.40029907226562
0,-47.0,-95,19,12,26.07680892944336,24.083189010620117,20.0,19.02629852294922,17.11724281311035,14.142135620117188,13.03840446472168,8.9442720413208,7.6157732009887695,5.0,4.4721360206604,5.0,5.385164737701416,8.062257766723633,10.0,11.401754379272461,13.03840446472168,15.264337539672852,18.867961883544922,18.357559204101562,21.02379608154297,23.706539154052734,24.698177337646484,25.63201141357422,28.23118782043457,29.73213768005371,31.016124725341797,33.83784866333008,34.48188018798828,36.68787384033203,38.60051727294922,38.60051727294922,38.60051727294922,40.804412841796875,39.84971618652344,40.804412841796875,41.1096076965332,39.84971618652344,40.16217041015625,40.16217041015625,40.16217041015625,39.217342376708984,39.217342376708984,39.560081481933594,38.27531814575195,38.07886505126953,37.6961555480957,37.6961555480957,37.161808013916016,38.01315689086914,38.07886505126953,35.510562896728516
0,-50.0,-95,28,12,155.72412109375,168.67127990722656,166.2919158935547,170.41419982910156,168.5823211669922,155.6663055419922,148.82203674316406,140.0714111328125,131.52186584472656,127.34991455078125,120.24142456054688,106.0660171508789,103.27632904052734,96.04686737060547,96.83490753173828,92.9139404296875,87.3670425415039,83.19255065917969,86.00581359863281,88.60022735595703,84.20214080810547,88.05680084228516,89.05054473876953,97.26766967773438,97.86214447021484,103.7545166015625,117.88553619384766,119.85408020019531,124.14910125732422,127.34598541259766,128.08200073242188,121.20230865478516,118.1270523071289,114.72576141357422,113.32254791259766,112.89375305175781,117.98728942871094,116.81181335449219,115.45128631591797,114.94781494140625,113.63538360595703,119.85408020019531,121.70867156982422,120.93386840820312,121.93850708007812,123.66487121582031,126.90941619873047,121.20230865478516,125.64234924316406,131.1868896484375,124.55520629882812,118.51160430908203
0,-49.0,-95,26,12,142.3411407470703,137.18600463867188,135.83078002929688,135.59129333496094,134.62911987304688,140.91131591796875,142.35870361328125,143.6558380126953,139.5421142578125,132.3782501220703,128.7982940673828,122.1024169921875,113.21660614013672,110.07270050048828,104.27847290039062,94.93682098388672,90.07774353027344,86.53900909423828,81.70679473876953,79.7057113647461,70.68238830566406,69.7782211303711,66.24198150634766,64.8459701538086,62.17716598510742,61.587337493896484,58.600341796875,58.13776779174805,60.14149856567383,59.41380310058594,58.13776779174805,63.25345993041992,62.801273345947266,65.19202423095703,63.51377868652344,61.057350158691406,69.46221923828125,68.47627258300781,68.0,71.5541763305664,71.5541763305664,72.09021759033203,74.24958038330078,73.40980529785156,76.15773010253906,76.89603424072266,78.54934692382812,77.8331527709961,81.70679473876953,79.69943237304688,83.6779556274414,80.04998779296875
0,-47.0,-95,22,12,117.09825134277344,116.4001693725586,111.01801300048828,107.20074462890625,100.9752426147461,98.65596771240234,93.38094329833984,88.28363037109375,85.32877349853516,80.0624771118164,78.08969116210938,73.82411193847656,69.58448028564453,65.4904556274414,62.3939094543457,57.314918518066406,56.22277069091797,50.2493782043457,49.04079818725586,45.0444221496582,42.04759216308594,39.0,37.013511657714844,35.0,33.0,32.0,27.0,26.0,23.0,21.0,20.02498435974121,17.029386520385742,15.132745742797852,12.369317054748535,10.440306663513184,9.848857879638672,9.433980941772461,6.4031243324279785,5.830951690673828,6.324555397033691,5.0,6.082762718200684,8.5440034866333,8.602325439453125,9.433980941772461,10.630146026611328,10.816654205322266,13.03840446472168,14.317821502685547,15.81138801574707,16.76305389404297,19.235383987426758
0,-47.0,-95,22,7,68.96376037597656,64.8459701538086,76.843994140625,69.2603759765625,65.30696868896484,63.976558685302734,55.154327392578125,58.694122314453125,50.537113189697266,50.9215087890625,47.75981521606445,44.271888732910156,40.804412841796875,39.217342376708984,37.336307525634766,36.400550842285156,32.015621185302734,32.572994232177734,30.805843353271484,26.925823211669922,27.459060668945312,24.73863410949707,23.0867919921875,21.0,20.02498435974121,19.02629852294922,17.029386520385742,15.0,14.03566837310791,14.0,13.03840446472168,11.0,10.049875259399414,10.0,8.0,9.05538558959961,7.280109882354736,5.385164737701416,4.4721360206604,3.1622776985168457,2.0,1.4142135381698608,1.0,1.0,2.2360680103302,1.4142135381698608,4.242640495300293,5.0,5.656854152679443,7.071067810058594,7.071067810058594,7.211102485656738
0,-47.0,-95,20,11,80.39900207519531,77.23341369628906,74.1687240600586,72.02777099609375,67.02984619140625,65.0,61.0,58.0,55.009090423583984,51.03919982910156,48.0,47.0,44.0,41.0,39.0,35.05709457397461,33.13608169555664,31.064449310302734,29.27456283569336,29.27456283569336,26.476404190063477,25.495098114013672,23.76972770690918,23.409399032592773,22.472204208374023,21.931713104248047,21.095022201538086,21.095022201538086,20.248456954956055,20.0,19.416488647460938,20.615528106689453,20.615528106689453,19.209373474121094,19.84943389892578,17.804492950439453,19.10497283935547,17.804492950439453,16.970561981201172,16.278820037841797,15.55634880065918,17.029386520385742,15.55634880065918,15.55634880065918,16.278820037841797,16.278820037841797,15.55634880065918,16.278820037841797,17.029386520385742,16.970561981201172,16.970561981201172,17.804492950439453
0,-46.0,-95,20,8,61.717098236083984,60.835845947265625,58.13776779174805,56.36488342285156,52.39274597167969,48.46648406982422,46.2385139465332,44.0113639831543,40.853397369384766,38.62641525268555,36.400550842285156,34.539833068847656,33.541019439697266,31.30495262145996,29.529645919799805,26.07680892944336,25.238859176635742,23.021728515625,22.671567916870117,22.671567916870117,21.21320343017578,22.022714614868164,20.0,21.095022201538086,20.59126091003418,21.470911026000977,21.931713104248047,23.0867919921875,23.409399032592773,23.409399032592773,23.409399032592773,23.409399032592773,23.409399032592773,24.351591110229492,24.698177337646484,25.298221588134766,25.298221588134766,25.079872131347656,23.76972770690918,24.698177337646484,24.166091918945312,23.76972770690918,24.59674835205078,23.25940704345703,23.323806762695312,24.1867733001709,22.472204208374023,24.413110733032227,24.20743751525879,24.20743751525879,24.041629791259766,24.83948516845703
0,-45.0,-95,19,14,64.35060119628906,59.46427536010742,58.728187561035156,55.226806640625,52.49761962890625,48.91830062866211,45.343135833740234,42.52058410644531,39.69886779785156,37.48332977294922,36.06937789916992,33.241539001464844,31.240999221801758,27.80287742614746,25.806976318359375,26.419689178466797,23.706539154052734,24.166091918945312,21.840330123901367,22.56102752685547,21.095022201538086,21.02379608154297,23.021728515625,23.0867919921875,24.083189010620117,24.083189010620117,25.495098114013672,26.925823211669922,27.20294189453125,27.892650604248047,27.20294189453125,30.08321762084961,30.08321762084961,31.048349380493164,31.048349380493164,32.015621185302734,30.5941162109375,30.5941162109375,31.575305938720703,31.400636672973633,32.38827133178711,32.38827133178711,33.241539001464844,32.06243896484375,32.015621185302734,32.0,32.0,33.0151481628418,33.13608169555664,32.38827133178711,32.98484420776367,31.95309066772461
0,-47.0,-95,21,16,67.89698028564453,62.93647766113281,59.41380310058594,53.740116119384766,50.20956039428711,43.931766510009766,38.28837966918945,34.20526123046875,30.0,26.925823211669922,21.931713104248047,18.681541442871094,15.0,13.0,11.180339813232422,10.630146026611328,12.083045959472656,15.132745742797852,17.029386520385742,20.0,24.083189010620117,26.305892944335938,29.832868576049805,33.241539001464844,36.400550842285156,39.39543151855469,44.72135925292969,47.85394287109375,49.648765563964844,52.35456085205078,53.66563034057617,57.245086669921875,60.373836517333984,60.835845947265625,63.071388244628906,63.95310592651367,64.41273498535156,65.76473236083984,66.18912506103516,67.5425796508789,68.54196166992188,67.5425796508789,69.85699462890625,66.30987548828125,68.3520278930664,67.41661834716797,69.89277648925781,70.21395874023438,69.92138671875,70.60453033447266,69.63475799560547,68.73136138916016
0,-48.0,-95,25,12,82.38932037353516,72.24956512451172,72.56031799316406,61.66035842895508,57.27128601074219,50.447994232177734,44.94440841674805,43.382022857666016,37.735923767089844,36.2353401184082,36.878177642822266,35.510562896728516,34.438350677490234,34.928497314453125,35.510562896728516,43.73785400390625,45.17742919921875,49.04079818725586,53.00943374633789,57.0,61.032779693603516,64.0078125,69.0,75.02666473388672,82.02438354492188,83.09632873535156,93.19334411621094,98.41239929199219,98.50888061523438,108.18965148925781,106.0660171508789,113.1370849609375,119.5198745727539,117.71150970458984,120.83873748779297,126.69648742675781,123.22337341308594,127.57743072509766,128.5768280029297,124.72369384765625,130.7707977294922,128.08200073242188,132.81565856933594,126.81088256835938,128.08200073242188,129.02713012695312,131.24404907226562,130.38404846191406,134.73678588867188,130.91983032226562,131.60546875,130.0
0,-49.0,-95,27,13,128.70509338378906,134.01492309570312,141.2267608642578,134.61798095703125,142.144287109375,145.24806213378906,141.65098571777344,150.0,146.72764587402344,149.84324645996094,145.086181640625,139.03236389160156,134.40237426757812,126.82665252685547,122.4132308959961,116.81181335449219,114.28035736083984,109.28861236572266,106.8316421508789,106.0,101.87246704101562,102.4743881225586,98.47842407226562,99.5690689086914,103.77379608154297,106.17438507080078,109.65856170654297,106.94390869140625,115.00434875488281,114.06138610839844,114.9652099609375,122.9837417602539,124.77580261230469,123.9758071899414,127.63228607177734,127.91012573242188,127.94139099121094,129.71121215820312,133.2816619873047,135.0851593017578,132.42356872558594,137.76791381835938,135.0703582763672,136.85028076171875,137.75340270996094,136.05880737304688,142.2251739501953,138.6542510986328,143.1083526611328,142.66744995117188,138.6542510986328,130.54501342773438
0,-49.0,-95,23,-3,63.324562072753906,62.09669876098633,61.61168670654297,60.16643524169922,57.28001403808594,53.851646423339844,50.96076965332031,48.08325958251953,49.04079818725586,46.840152740478516,44.643028259277344,41.231056213378906,41.0,38.07886505126953,36.400550842285156,33.541019439697266,31.575305938720703,29.42787742614746,29.42787742614746,28.635643005371094,26.476404190063477,25.317977905273438,24.331050872802734,22.203603744506836,21.3775577545166,19.235383987426758,17.464248657226562,17.464248657226562,16.492422103881836,15.29705810546875,13.928388595581055,13.928388595581055,12.206555366516113,12.529964447021484,11.401754379272461,9.899495124816895,8.485280990600586,8.062257766723633,8.062257766723633,9.219544410705566,9.05538558959961,9.0,9.0,8.062257766723633,9.219544410705566,8.9442720413208,10.29563045501709,10.0,10.630146026611328,9.899495124816895,10.630146026611328,10.29563045501709
0,-47.0,-95,21,9,89.05054473876953,89.30845642089844,84.87638092041016,84.38008880615234,78.54934692382812,75.29276275634766,72.94518280029297,68.47627258300781,66.24198150634766,63.1347770690918,61.29437255859375,56.82429122924805,53.851646423339844,52.839378356933594,51.4781494140625,46.14108657836914,44.94440841674805,41.88078308105469,41.04875183105469,39.66106414794922,39.11521530151367,37.202152252197266,33.0151481628418,33.42155075073242,32.202484130859375,30.479501724243164,30.4138126373291,29.068883895874023,26.90724754333496,24.041629791259766,23.34523582458496,22.627416610717773,21.21320343017578,20.51828384399414,19.10497283935547,18.439088821411133,18.439088821411133,17.20465087890625,16.401220321655273,14.764822959899902,13.03840446472168,14.764822959899902,13.928388595581055,13.0,12.083045959472656,12.649110794067383,13.34166431427002,13.34166431427002,13.0,13.0,15.231546401977539,14.764822959899902
0,-46.0,-95,20,10,69.72087097167969,65.4904556274414,63.50590515136719,61.29437255859375,57.21887969970703,53.0848388671875,52.08646774291992,48.010414123535156,45.0111083984375,42.296573638916016,42.19004440307617,39.31920623779297,37.336307525634766,33.734256744384766,32.557640075683594,29.832868576049805,28.160255432128906,26.248809814453125,26.0,26.0,25.079872131347656,24.1867733001709,21.954498291015625,24.083189010620117,23.430749893188477,23.430749893188477,23.34523582458496,24.083189010620117,24.20743751525879,24.413110733032227,25.806976318359375,25.0,26.4007568359375,26.4007568359375,26.4007568359375,26.4007568359375,28.017850875854492,27.20294189453125,28.017850875854492,26.4007568359375,27.658634185791016,27.018512725830078,27.658634185791016,28.319604873657227,26.870058059692383,27.658634185791016,27.018512725830078,30.0,28.844409942626953,28.844409942626953,28.65309715270996,27.85677719116211
0,-46.0,-95,20,11,61.032779693603516,57.0,55.226806640625,52.0,50.03998565673828,45.0111083984375,42.0,40.04996871948242,35.12833786010742,32.38827133178711,32.557640075683594,29.42787742614746,27.20294189453125,24.698177337646484,24.59674835205078,21.095022201538086,19.416488647460938,19.84943389892578,19.416488647460938,20.248456954956055,19.72308349609375,20.615528106689453,20.248456954956055,20.39607810974121,23.53720474243164,24.1867733001709,26.019224166870117,27.0,29.0,30.01666259765625,30.0,33.0,34.01470184326172,34.0,35.0,35.0,35.0,36.013885498046875,37.0,37.05401611328125,37.121421813964844,37.2155876159668,38.327537536621094,36.34556198120117,37.48332977294922,36.878177642822266,37.36308288574219,39.293766021728516,39.84971618652344,38.62641525268555,38.4837646484375,38.27531814575195
0,-47.0,-95,21,11,63.56099319458008,58.694122314453125,55.54277801513672,51.078372955322266,46.06517028808594,42.04759216308594,38.07886505126953,34.98571014404297,32.202484130859375,27.658634185791016,24.83948516845703,21.931713104248047,18.601076126098633,17.0,15.81138801574707,16.031219482421875,15.0,14.142135620117188,14.866068840026855,15.81138801574707,17.029386520385742,18.439088821411133,21.40093421936035,21.095022201538086,24.166091918945312,26.4007568359375,31.016124725341797,31.95309066772461,34.48188018798828,35.44009017944336,37.64305877685547,39.560081481933594,41.48493576049805,42.20189666748047,43.680660247802734,44.643028259277344,45.880279541015625,46.173583984375,47.12748718261719,48.383880615234375,48.703182220458984,48.10405349731445,49.39635467529297,49.76947021484375,48.84669876098633,49.658836364746094,51.429561614990234,51.107730865478516,52.839378356933594,51.312767028808594,53.00943374633789,53.075416564941406
0,-49.0,-95,22,11,70.8307876586914,66.73080444335938,64.0078125,59.16925048828125,53.712196350097656,46.957427978515625,40.24922180175781,37.161808013916016,34.438350677490234,29.154760360717773,25.0,21.3775577545166,17.262676239013672,16.124515533447266,13.0,8.062257766723633,6.4031243324279785,4.123105525970459,6.0,6.7082037925720215,8.602325439453125,10.0,15.264337539672852,17.464248657226562,18.788293838500977,22.472204208374023,28.460498809814453,28.460498809814453,33.734256744384766,34.928497314453125,38.832977294921875,39.458839416503906,41.9761848449707,43.931766510009766,45.7055778503418,48.66210174560547,48.83646011352539,50.80354309082031,51.62363815307617,54.58937454223633,52.77309799194336,56.88584899902344,55.73149871826172,57.87054443359375,57.070133209228516,58.24946212768555,60.41522979736328,61.61168670654297,62.09669876098633,63.60031509399414,64.8459701538086,64.88451385498047
0,-52.0,-95,23,12,93.02149963378906,88.54942321777344,80.52949523925781,76.92203521728516,71.58910369873047,67.60177612304688,64.49806213378906,59.16925048828125,57.80138397216797,48.87739944458008,47.16990661621094,45.486263275146484,39.66106414794922,36.055511474609375,33.60059356689453,28.319604873657227,27.658634185791016,24.041629791259766,21.931713104248047,20.51828384399414,14.142135620117188,15.81138801574707,12.041594505310059,9.899495124816895,9.433980941772461,8.9442720413208,4.4721360206604,3.605551242828369,7.211102485656738,5.0,8.5440034866333,8.5440034866333,14.142135620117188,13.152946472167969,15.132745742797852,16.124515533447266,18.11077117919922,22.022714614868164,22.0,28.07133674621582,26.019224166870117,28.0,31.016124725341797,31.0,33.0,33.0151481628418,39.11521530151367,39.623226165771484,40.31128692626953,41.773197174072266,43.416587829589844,44.92215347290039
0,-50.0,-95,23,13,118.84864044189453,113.20777130126953,110.45361328125,105.39450073242188,96.79875946044922,90.69729614257812,85.70297241210938,80.99382781982422,74.63243103027344,71.02112579345703,68.50547790527344,61.057350158691406,59.16925048828125,53.23532485961914,50.2493782043457,45.17742919921875,43.382022857666016,38.01315689086914,36.769554138183594,34.539833068847656,31.95309066772461,29.120439529418945,25.298221588134766,25.0,21.587032318115234,17.262676239013672,15.29705810546875,14.317821502685547,11.180339813232422,8.5440034866333,7.6157732009887695,5.830951690673828,3.605551242828369,2.2360680103302,1.4142135381698608,2.0,4.0,5.385164737701416,6.082762718200684,8.0,11.045360565185547,13.0,14.0,16.0,17.11724281311035,20.099750518798828,22.360679626464844,23.53720474243164,24.73863410949707,26.925823211669922,27.73084831237793,30.01666259765625
0,-50.0,-95,23,8,103.31021118164062,97.41663360595703,97.25225067138672,92.77930450439453,88.1192398071289,83.02409362792969,78.08969116210938,72.83543395996094,69.23149871826172,67.08203887939453,61.392181396484375,56.88584899902344,54.451812744140625,48.66210174560547,44.283180236816406,44.18144226074219,40.112342834472656,36.12478256225586,36.013885498046875,34.01470184326172,33.0,29.017236709594727,29.068883895874023,26.476404190063477,25.495098114013672,21.587032318115234,20.880613327026367,23.76972770690918,19.697715759277344,17.0880069732666,21.931713104248047,17.492855072021484,17.0,16.124515533447266,15.620499610900879,14.764822959899902,14.422204971313477,14.422204971313477,14.142135620117188,11.401754379272461,10.29563045501709,8.602325439453125,8.5440034866333,8.246211051940918,8.9442720413208,7.280109882354736,12.041594505310059,8.062257766723633,10.0,11.045360565185547,11.0,10.0
0,-47.0,-95,21,14,97.1236343383789,91.48223876953125,91.21403503417969,84.64632415771484,84.40379333496094,75.31268310546875,71.38627624511719,67.08203887939453,63.95310592651367,60.20797348022461,56.88584899902344,52.95280838012695,49.24428939819336,45.35416030883789,43.680660247802734,41.761226654052734,37.336307525634766,36.769554138183594,34.885528564453125,34.66987228393555,31.906112670898438,31.400636672973633,31.240999221801758,31.11269760131836,31.11269760131836,30.4138126373291,32.015621185302734,33.60059356689453,32.80244064331055,34.4093017578125,33.60059356689453,34.4093017578125,34.4093017578125,35.0,34.20526123046875,35.0,34.058773040771484,33.30165100097656,32.557640075683594,30.4138126373291,31.11269760131836,30.4138126373291,30.4138126373291,29.0,28.319604873657227,27.658634185791016,28.42534065246582,27.658634185791016,27.80287742614746,26.07680892944336,25.553865432739258,24.59674835205078
0,-47.0,-95,21,13,94.81033325195312,89.05054473876953,84.5813217163086,82.85529327392578,75.7693862915039,71.30918884277344,65.92420196533203,62.7694206237793,60.008331298828125,54.5618896484375,52.77309799194336,48.3735466003418,45.79301071166992,41.617305755615234,40.0,38.20994567871094,36.878177642822266,34.828147888183594,34.13209533691406,34.885528564453125,34.885528564453125,35.46829605102539,35.11410140991211,36.878177642822266,38.63935852050781,37.48332977294922,42.42640686035156,43.104522705078125,46.173583984375,47.095645904541016,47.16990661621094,48.166378021240234,49.36598205566406,48.66210174560547,48.66210174560547,49.81967544555664,49.81967544555664,49.030601501464844,48.27007293701172,49.04079818725586,46.48655700683594,45.880279541015625,46.81879806518555,45.694637298583984,43.863426208496094,44.283180236816406,43.416587829589844,44.41846466064453,41.88078308105469,42.43819046020508,42.52058410644531,41.01219177246094
0,-46.0,-95,21,13,89.55445098876953,84.11896514892578,81.4923324584961,77.02597045898438,72.06941223144531,65.76473236083984,61.717098236083984,57.27128601074219,56.36488342285156,52.55473327636719,50.0,46.097721099853516,44.72135925292969,41.19466018676758,39.0128173828125,38.05259704589844,38.470767974853516,35.902645111083984,37.0,39.0,38.01315689086914,41.59326934814453,41.04875183105469,42.20189666748047,47.01063537597656,48.166378021240234,53.075416564941406,53.81449508666992,55.226806640625,56.58621597290039,57.384666442871094,62.481998443603516,62.481998443603516,63.25345993041992,64.20280456542969,64.20280456542969,64.40496826171875,64.35060119628906,65.51335906982422,64.49806213378906,63.52952194213867,63.06346130371094,62.169124603271484,61.32699203491211,59.61543273925781,59.46427536010742,60.083274841308594,59.203041076660156,58.694122314453125,58.694122314453125,58.215118408203125,57.0
0,-46.0,-95,19,20,50.447994232177734,47.12748718261719,44.271888732910156,41.43669891357422,38.62641525268555,33.241539001464844,33.105892181396484,29.529645919799805,29.20616340637207,25.0,25.495098114013672,25.495098114013672,24.413110733032227,24.1867733001709,24.351591110229492,23.76972770690918,24.515300750732422,25.0,25.0,28.017850875854492,28.160255432128906,30.805843353271484,30.4138126373291,33.52610778808594,36.400550842285156,37.0,40.49691390991211,42.05948257446289,44.59820556640625,44.59820556640625,44.271888732910156,47.434165954589844,46.840152740478516,48.08325958251953,48.50773239135742,47.53945541381836,48.50773239135742,49.030601501464844,49.030601501464844,49.81967544555664,47.51841735839844,49.36598205566406,49.36598205566406,47.26520919799805,47.01063537597656,45.0111083984375,48.0,46.04345703125,45.0444221496582,45.17742919921875,45.39823913574219,42.44997024536133
0,-46.0,-95,23,8,56.36488342285156,51.26402282714844,50.28916549682617,46.840152740478516,41.9761848449707,40.31128692626953,37.0,34.01470184326172,33.541019439697266,32.893768310546875,32.69556427001953,33.83784866333008,32.526912689208984,33.42155075073242,34.4093017578125,38.07886505126953,39.824615478515625,44.384681701660156,42.72002029418945,44.384681701660156,50.990196228027344,52.17279052734375,56.56854248046875,60.29925537109375,61.29437255859375,64.19501495361328,69.18092346191406,71.34423828125,72.11102294921875,76.2364730834961,75.1664810180664,78.23043060302734,81.39410400390625,81.49846649169922,81.04936981201172,85.70880889892578,83.02409362792969,82.03657531738281,81.58431243896484,79.42921447753906,81.4923324584961,79.55501556396484,82.71033477783203,75.28611755371094,77.79460144042969,75.27283477783203,76.89603424072266,76.69419860839844,75.64390563964844,75.13321685791016,74.30342864990234,72.94518280029297
0,-46.0,-95,22,15,38.327537536621094,33.0151481628418,30.4138126373291,24.698177337646484,20.880613327026367,15.81138801574707,14.21267032623291,12.649110794067383,18.027755737304688,14.560219764709473,16.6433162689209,20.0,22.803508758544922,27.58622932434082,32.015621185302734,35.0,39.11521530151367,40.49691390991211,45.17742919921875,47.88528060913086,50.990196228027344,55.54277801513672,55.54277801513672,62.96824645996094,65.19202423095703,68.94925689697266,73.68174743652344,75.58438873291016,77.79460144042969,79.69943237304688,82.2192153930664,82.861328125,84.43340301513672,85.070556640625,86.33075714111328,86.33075714111328,87.92041778564453,86.03487396240234,85.79627227783203,86.72946166992188,85.79627227783203,87.66413116455078,84.8646011352539,83.00602722167969,83.38465118408203,83.00602722167969,82.85529327392578,83.19255065917969,81.84130859375,81.88406372070312,81.3019027709961,80.21221923828125
0,-48.0,-95,22,17,71.02112579345703,68.24954223632812,61.188232421875,58.54912567138672,53.33854293823242,48.166378021240234,46.097721099853516,40.112342834472656,37.013511657714844,34.058773040771484,32.38827133178711,29.42787742614746,29.73213768005371,28.635643005371094,29.154760360717773,28.600698471069336,30.479501724243164,30.479501724243164,31.827661514282227,33.970577239990234,34.058773040771484,37.80211639404297,39.408119201660156,43.27817153930664,44.04542922973633,46.40043258666992,51.22499465942383,52.49761962890625,54.671749114990234,55.973209381103516,56.63920974731445,60.14149856567383,60.14149856567383,61.52235412597656,61.52235412597656,62.96824645996094,62.28964614868164,63.78087615966797,65.29930877685547,64.81512451171875,63.411354064941406,65.0,64.40496826171875,62.68173599243164,63.812225341796875,63.812225341796875,65.0,66.73080444335938,65.76473236083984,66.24198150634766,68.09552001953125,67.95587158203125
0,-50.0,-95,22,11,74.95331573486328,69.85699462890625,67.26811981201172,65.30696868896484,57.48912811279297,54.5710563659668,50.80354309082031,45.54119110107422,42.95346450805664,40.26164245605469,36.67424011230469,33.95585250854492,33.734256744384766,29.4108829498291,27.513633728027344,25.961509704589844,22.135944366455078,21.470911026000977,22.360679626464844,21.095022201538086,20.0,22.022714614868164,19.84943389892578,22.627416610717773,21.931713104248047,23.021728515625,27.20294189453125,25.806976318359375,26.62705421447754,28.301942825317383,30.528675079345703,31.38471031188965,32.24903106689453,31.38471031188965,34.0,33.12099075317383,33.83784866333008,32.4499626159668,33.60059356689453,34.20526123046875,35.608985900878906,36.2353401184082,35.46829605102539,36.12478256225586,35.38361358642578,38.897300720214844,37.48332977294922,36.79673767089844,36.769554138183594,39.59798049926758,39.623226165771484,38.94868469238281
0,-50.0,-95,21,11,80.70935821533203,74.3303451538086,72.94518280029297,65.802734375,64.637451171875,58.600341796875,57.42821502685547,52.009613037109375,48.60041046142578,45.221675872802734,42.63801193237305,39.824615478515625,35.80502700805664,32.80244064331055,28.600698471069336,27.459060668945312,23.323806762695312,21.095022201538086,17.492855072021484,14.317821502685547,13.416407585144043,11.180339813232422,11.180339813232422,9.05538558959961,6.082762718200684,5.099019527435303,2.2360680103302,5.099019527435303,4.123105525970459,6.0,6.324555397033691,8.9442720413208,10.29563045501709,10.29563045501709,10.29563045501709,12.083045959472656,12.083045959472656,13.0,12.529964447021484,13.03840446472168,16.6433162689209,14.422204971313477,17.0,15.81138801574707,17.20465087890625,16.6433162689209,17.492855072021484,18.027755737304688,18.867961883544922,18.357559204101562,18.973665237426758,18.027755737304688
0,-49.0,-95,21,9,72.23572540283203,68.94925689697266,64.8459701538086,63.24555206298828,58.52349853515625,56.04462432861328,52.201534271240234,50.0,46.57252502441406,41.48493576049805,40.52159881591797,37.64305877685547,33.241539001464844,30.364452362060547,28.861740112304688,27.20294189453125,24.698177337646484,20.248456954956055,18.788293838500977,16.552946090698242,15.65247631072998,13.601470947265625,13.601470947265625,10.630146026611328,9.219544410705566,9.433980941772461,8.5440034866333,7.0,7.0,9.486832618713379,9.848857879638672,9.433980941772461,8.9442720413208,11.180339813232422,11.661903381347656,13.03840446472168,13.03840446472168,12.806248664855957,13.601470947265625,15.55634880065918,14.866068840026855,14.866068840026855,15.620499610900879,16.278820037841797,15.620499610900879,16.278820037841797,15.620499610900879,17.20465087890625,16.6433162689209,18.027755737304688,18.357559204101562,18.788293838500977
0,-49.0,-95,21,9,78.81623840332031,74.06078338623047,73.49829864501953,69.6419448852539,66.37017059326172,60.0333251953125,57.30619430541992,53.33854293823242,50.537113189697266,48.87739944458008,44.41846466064453,41.34005355834961,39.96248245239258,35.510562896728516,32.4499626159668,29.4108829498291,26.4007568359375,25.495098114013672,24.83948516845703,21.931713104248047,20.0,18.601076126098633,17.492855072021484,16.552946090698242,16.552946090698242,15.29705810546875,16.031219482421875,15.0,15.132745742797852,17.262676239013672,16.278820037841797,17.464248657226562,17.464248657226562,18.973665237426758,19.646883010864258,20.248456954956055,20.248456954956055,20.248456954956055,20.248456954956055,19.92485809326172,21.931713104248047,20.248456954956055,22.135944366455078,20.615528106689453,21.189620971679688,20.248456954956055,22.135944366455078,23.0867919921875,24.041629791259766,24.73863410949707,24.515300750732422,24.1867733001709
0,-49.0,-95,20,17,63.0079345703125,66.94026947021484,60.530982971191406,59.66573715209961,54.12947463989258,50.635955810546875,47.16990661621094,43.185646057128906,41.30375289916992,38.01315689086914,35.12833786010742,32.0,31.0,29.0,26.172504425048828,25.317977905273438,22.803508758544922,20.615528106689453,18.788293838500977,18.867961883544922,20.0,18.439088821411133,18.439088821411133,20.0,19.72308349609375,19.235383987426758,21.540658950805664,22.472204208374023,23.409399032592773,23.76972770690918,25.0,25.0,25.961509704589844,25.495098114013672,25.298221588134766,25.70992088317871,26.248809814453125,27.892650604248047,26.925823211669922,26.925823211669922,27.513633728027344,27.20294189453125,27.20294189453125,27.20294189453125,27.20294189453125,25.298221588134766,27.513633728027344,28.23118782043457,28.23118782043457,29.546573638916016,27.73084831237793,29.681644439697266
0,-50.0,-95,22,8,47.20169448852539,46.615447998046875,41.231056213378906,40.607879638671875,34.4093017578125,33.60059356689453,29.73213768005371,26.870058059692383,25.45584487915039,20.615528106689453,17.20465087890625,16.124515533447266,13.0,12.369317054748535,12.041594505310059,12.165525436401367,10.198039054870605,12.529964447021484,13.601470947265625,12.806248664855957,15.0,15.65247631072998,16.552946090698242,19.313207626342773,20.880613327026367,23.0867919921875,26.68332862854004,26.476404190063477,29.614185333251953,29.832868576049805,32.75667953491211,32.557640075683594,32.557640075683594,33.734256744384766,32.98484420776367,34.20526123046875,37.36308288574219,35.735137939453125,37.10795211791992,37.10795211791992,36.055511474609375,37.0,36.68787384033203,38.897300720214844,37.0,37.336307525634766,37.161808013916016,36.769554138183594,37.57658767700195,38.94868469238281,39.11521530151367,39.408119201660156
0,-49.0,-95,22,13,56.40035629272461,52.801513671875,46.87216567993164,45.221675872802734,38.27531814575195,33.83784866333008,29.154760360717773,24.1867733001709,20.124610900878906,17.464248657226562,12.083045959472656,9.848857879638672,6.0,3.605551242828369,5.0,7.211102485656738,11.313708305358887,14.21267032623291,17.029386520385742,20.0,23.600847244262695,25.806976318359375,28.301942825317383,30.886890411376953,35.510562896728516,37.58989334106445,43.382022857666016,42.94182205200195,48.332183837890625,48.754486083984375,50.990196228027344,53.712196350097656,53.22593307495117,53.22593307495117,57.27128601074219,55.46169662475586,56.79788589477539,57.245086669921875,57.697486877441406,58.600341796875,55.46169662475586,59.03388977050781,55.46169662475586,58.13776779174805,57.27128601074219,55.46169662475586,56.79788589477539,58.5918083190918,55.4707145690918,56.4358024597168,57.45433044433594,58.00862121582031
0,-49.0,-95,20,18,38.01315689086914,34.01470184326172,33.0151481628418,30.0,28.0,25.0,22.0,20.02498435974121,19.10497283935547,17.464248657226562,15.81138801574707,14.764822959899902,14.422204971313477,15.81138801574707,16.278820037841797,15.55634880065918,15.620499610900879,17.20465087890625,17.804492950439453,20.248456954956055,20.59126091003418,21.954498291015625,23.706539154052734,25.553865432739258,27.784887313842773,27.784887313842773,31.064449310302734,33.2866325378418,33.0151481628418,34.66987228393555,34.4093017578125,35.608985900878906,38.832977294921875,37.202152252197266,40.0,40.0,39.20458984375,38.41874694824219,39.051246643066406,38.28837966918945,38.897300720214844,37.48332977294922,38.20994567871094,37.53664779663086,36.06937789916992,36.878177642822266,36.12478256225586,36.2353401184082,36.878177642822266,35.608985900878906,36.878177642822266,35.38361358642578
0,-48.0,-95,22,11,61.22091293334961,55.31726837158203,55.0,51.088157653808594,48.166378021240234,43.931766510009766,38.94868469238281,38.28837966918945,32.557640075683594,31.14482307434082,31.14482307434082,27.658634185791016,27.20294189453125,25.553865432739258,28.23118782043457,25.495098114013672,24.698177337646484,26.925823211669922,26.925823211669922,29.42787742614746,30.149627685546875,32.140316009521484,33.241539001464844,35.0142822265625,35.05709457397461,36.055511474609375,42.10700607299805,44.0113639831543,46.173583984375,45.27692413330078,48.25971221923828,50.35871505737305,50.15974426269531,52.345008850097656,50.35871505737305,50.635955810546875,51.4781494140625,50.80354309082031,50.80354309082031,50.447994232177734,50.0099983215332,50.21951675415039,50.447994232177734,47.12748718261719,48.383880615234375,48.383880615234375,45.880279541015625,47.16990661621094,45.880279541015625,47.75981521606445,45.54119110107422,46.81879806518555
0,-49.0,-95,23,12,86.68333435058594,82.00609588623047,78.33900451660156,75.43209075927734,67.6830825805664,62.817195892333984,57.9741325378418,53.600372314453125,51.195701599121094,46.3249397277832,44.384681701660156,41.48493576049805,38.60051727294922,35.46829605102539,34.01470184326172,31.764760971069336,30.886890411376953,30.805843353271484,31.400636672973633,29.73213768005371,31.14482307434082,32.649654388427734,33.42155075073242,37.013511657714844,38.60051727294922,39.66106414794922,46.3249397277832,47.70744323730469,50.774009704589844,50.774009704589844,51.62363815307617,56.4358024597168,55.226806640625,56.4358024597168,59.16925048828125,56.4358024597168,57.982757568359375,57.982757568359375,56.30275344848633,56.61272048950195,55.803226470947266,55.0,54.037025451660156,54.037025451660156,53.15073013305664,51.6623649597168,53.037723541259766,50.93132781982422,49.497474670410156,50.990196228027344,50.990196228027344,48.79549026489258
0,-49.0,-95,23,13,89.10667419433594,82.20097351074219,79.62411499023438,72.18032836914062,68.65857696533203,62.169124603271484,55.785301208496094,52.63079071044922,45.35416030883789,42.7551155090332,38.63935852050781,33.541019439697266,30.265491485595703,28.017850875854492,23.0867919921875,19.02629852294922,17.0880069732666,16.552946090698242,17.20465087890625,18.439088821411133,19.72308349609375,22.472204208374023,22.803508758544922,26.925823211669922,31.62277603149414,34.71310806274414,40.607879638671875,43.416587829589844,47.51841735839844,46.389652252197266,50.48762130737305,54.451812744140625,56.32051086425781,56.4358024597168,58.4208869934082,57.314918518066406,58.54912567138672,59.53990173339844,58.85575485229492,60.8276252746582,58.4208869934082,59.03388977050781,56.88584899902344,55.10898208618164,57.070133209228516,54.12947463989258,54.34151077270508,54.34151077270508,52.39274597167969,51.92301940917969,52.88667297363281,51.41984176635742
0,-50.0,-95,23,14,96.69022369384766,88.95504760742188,85.70880889892578,80.5046615600586,76.41989135742188,69.46221923828125,64.49806213378906,56.035701751708984,53.0848388671875,49.25444030761719,45.39823913574219,40.4474983215332,35.510562896728516,30.5941162109375,28.160255432128906,25.298221588134766,21.470911026000977,21.095022201538086,18.384777069091797,17.029386520385742,18.973665237426758,19.646883010864258,23.53720474243164,26.019224166870117,30.0,32.0,40.112342834472656,42.296573638916016,45.17742919921875,46.69047164916992,48.05205535888672,51.62363815307617,54.12947463989258,55.31726837158203,55.90169906616211,57.27128601074219,57.28001403808594,58.8217658996582,57.9741325378418,58.24946212768555,57.9741325378418,57.27128601074219,57.070133209228516,52.17279052734375,53.75872039794922,53.600372314453125,53.600372314453125,55.3263053894043,54.58937454223633,54.7448616027832,51.97114562988281,50.0099983215332
0,-50.0,-95,23,14,96.17691802978516,90.93404388427734,85.58621215820312,78.51751708984375,75.42546081542969,68.26419067382812,63.19810104370117,57.14017868041992,51.088157653808594,46.010868072509766,42.04759216308594,38.01315689086914,32.06243896484375,28.07133674621582,24.083189010620117,20.099750518798828,15.524174690246582,12.083045959472656,9.433980941772461,8.9442720413208,10.0,10.440306663513184,13.928388595581055,15.81138801574707,21.931713104248047,24.20743751525879,32.015621185302734,35.38361358642578,36.769554138183594,41.03656768798828,43.13930892944336,47.381431579589844,48.79549026489258,51.6623649597168,51.088157653808594,52.49761962890625,54.671749114990234,54.037025451660156,53.26349639892578,54.037025451660156,53.90732955932617,53.90732955932617,54.671749114990234,53.26349639892578,53.15073013305664,51.7397346496582,50.447994232177734,51.855567932128906,51.855567932128906,52.009613037109375,50.0,47.434165954589844
0,-51.0,-95,22,8,50.15974426269531,56.82429122924805,50.9215087890625,44.40720748901367,44.94440841674805,39.924930572509766,36.67424011230469,33.241539001464844,29.4108829498291,25.70992088317871,23.53720474243164,20.2237491607666,16.278820037841797,12.369317054748535,12.369317054748535,9.0,8.0,8.0,4.4721360206604,0.0,2.0,3.0,6.324555397033691,9.433980941772461,12.165525436401367,12.165525436401367,16.278820037841797,19.416488647460938,21.840330123901367,21.840330123901367,24.351591110229492,26.68332862854004,27.892650604248047,28.460498809814453,29.832868576049805,30.675724029541016,32.893768310546875,33.241539001464844,33.241539001464844,32.893768310546875,33.61547088623047,33.61547088623047,31.78049659729004,31.30495262145996,31.78049659729004,31.38471031188965,30.4138126373291,33.61547088623047,30.528675079345703,31.62277603149414,31.400636672973633,29.068883895874023
0,-48.0,-95,22,14,94.79451751708984,89.87213134765625,84.8646011352539,80.65978240966797,73.53910827636719,68.59300231933594,62.93647766113281,57.28001403808594,51.7397346496582,49.20365905761719,42.63801193237305,38.01315689086914,33.2866325378418,30.4138126373291,26.4007568359375,19.92485809326172,17.262676239013672,14.03566837310791,12.649110794067383,10.816654205322266,10.816654205322266,12.369317054748535,15.033296585083008,18.11077117919922,21.587032318115234,24.698177337646484,34.01470184326172,34.928497314453125,41.146080017089844,43.8292121887207,47.85394287109375,49.658836364746094,51.429561614990234,53.712196350097656,56.36488342285156,56.859474182128906,60.008331298828125,60.008331298828125,62.032249450683594,62.032249450683594,60.74536895751953,62.96824645996094,62.297672271728516,61.98386764526367,61.13100814819336,58.94064712524414,61.84658432006836,61.392181396484375,60.01666259765625,60.67124557495117,59.41380310058594,58.03447341918945
0,-46.0,-95,21,14,88.45903015136719,81.39410400390625,78.49203491210938,73.53910827636719,68.59300231933594,62.22539520263672,56.56854248046875,53.037723541259766,47.50789260864258,42.8018684387207,39.66106414794922,34.98571014404297,30.870698928833008,27.312999725341797,24.041629791259766,22.022714614868164,19.10497283935547,18.027755737304688,16.6433162689209,17.029386520385742,17.804492950439453,21.470911026000977,23.0867919921875,26.07680892944336,28.017850875854492,31.0,38.01315689086914,42.19004440307617,44.18144226074219,48.50773239135742,49.36598205566406,54.230987548828125,56.32051086425781,57.21887969970703,60.13318634033203,61.13100814819336,63.12685775756836,63.12685775756836,64.03124237060547,64.0,64.0078125,64.0,66.0302963256836,63.03173828125,63.19810104370117,62.513999938964844,63.78871536254883,61.814239501953125,62.169124603271484,61.188232421875,60.4400520324707,58.872745513916016
0,-47.0,-95,22,10,79.17701721191406,74.70609283447266,68.96376037597656,68.47627258300781,59.36328887939453,57.14017868041992,51.865211486816406,45.45327377319336,41.1096076965332,37.53664779663086,33.941123962402344,30.610456466674805,26.07680892944336,24.166091918945312,21.587032318115234,22.022714614868164,20.099750518798828,20.880613327026367,19.72308349609375,19.84943389892578,22.671567916870117,25.05992889404297,28.17800521850586,31.38471031188965,35.11410140991211,37.64305877685547,43.931766510009766,44.9110221862793,49.81967544555664,49.81967544555664,55.10898208618164,59.03388977050781,59.03388977050781,61.0,64.53681182861328,64.76110076904297,66.48307800292969,65.52098846435547,68.00735473632812,68.62215423583984,65.14598846435547,68.62215423583984,66.73080444335938,66.85057830810547,66.85057830810547,66.21178436279297,67.5351791381836,64.88451385498047,64.14047241210938,64.637451171875,63.60031509399414,63.70243453979492
0,-46.0,-95,22,7,64.40496826171875,61.073726654052734,55.973209381103516,53.90732955932617,48.83646011352539,43.863426208496094,40.31128692626953,37.48332977294922,34.20526123046875,29.154760360717773,27.784887313842773,26.0,22.135944366455078,21.21320343017578,18.0,18.248287200927734,17.464248657226562,19.416488647460938,20.51828384399414,21.260292053222656,23.853721618652344,25.05992889404297,27.85677719116211,30.675724029541016,32.015621185302734,34.71310806274414,42.296573638916016,42.296573638916016,45.39823913574219,49.36598205566406,50.635955810546875,52.611785888671875,53.75872039794922,54.918121337890625,57.27128601074219,55.90169906616211,56.51548385620117,57.00876998901367,57.9741325378418,58.94064712524414,56.920997619628906,58.8217658996582,58.52349853515625,57.384666442871094,56.46237564086914,55.03635025024414,55.90169906616211,55.4707145690918,54.708316802978516,55.226806640625,52.801513671875,51.088157653808594
0,-46.0,-95,21,11,64.76110076904297,64.76110076904297,57.9741325378418,55.081756591796875,49.04079818725586,48.383880615234375,41.43669891357422,38.27531814575195,33.61547088623047,31.064449310302734,27.459060668945312,25.612497329711914,23.430749893188477,21.63330841064453,20.880613327026367,18.248287200927734,18.0,17.11724281311035,21.540658950805664,23.25940704345703,23.323806762695312,27.018512725830078,26.248809814453125,34.058773040771484,34.4093017578125,36.619667053222656,44.65422821044922,43.90899658203125,51.62363815307617,50.2493782043457,54.708316802978516,55.75840759277344,57.688819885253906,59.36328887939453,58.8217658996582,58.600341796875,63.0079345703125,62.00806427001953,62.20128631591797,64.66065216064453,62.36986541748047,61.717098236083984,61.717098236083984,61.55485534667969,60.10823440551758,59.396968841552734,60.30754470825195,61.61980056762695,59.03388977050781,58.600341796875,57.982757568359375,58.18075180053711
0,-46.0,-95,21,4,38.11823654174805,36.12478256225586,34.058773040771484,32.06243896484375,28.0,26.0,23.0867919921875,20.099750518798828,19.235383987426758,15.524174690246582,15.231546401977539,12.529964447021484,10.630146026611328,10.0,9.848857879638672,10.198039054870605,10.0,12.165525436401367,12.083045959472656,13.416407585144043,14.422204971313477,17.029386520385742,19.10497283935547,21.21320343017578,21.931713104248047,24.75883674621582,28.42534065246582,28.600698471069336,31.240999221801758,32.202484130859375,34.058773040771484,35.608985900878906,36.2353401184082,36.878177642822266,38.20994567871094,38.28837966918945,39.69886779785156,38.20994567871094,39.623226165771484,38.897300720214844,40.31128692626953,39.59798049926758,38.20994567871094,38.94868469238281,38.28837966918945,36.878177642822266,38.41874694824219,37.80211639404297,37.202152252197266,36.055511474609375,38.07886505126953,37.121421813964844
0,-47.0,-95,22,9,57.384666442871094,53.851646423339844,49.39635467529297,46.81879806518555,41.43669891357422,34.928497314453125,32.015621185302734,27.459060668945312,24.1867733001709,21.0,16.031219482421875,13.928388595581055,10.816654205322266,11.313708305358887,9.486832618713379,12.0,13.03840446472168,16.76305389404297,17.8885440826416,21.63330841064453,23.600847244262695,27.58622932434082,29.698484420776367,34.058773040771484,37.013511657714844,40.0,47.801673889160156,47.434165954589844,51.865211486816406,53.25410842895508,55.803226470947266,57.20139694213867,60.605281829833984,61.073726654052734,61.84658432006836,62.00806427001953,63.25345993041992,63.25345993041992,63.25345993041992,63.89052963256836,63.03173828125,62.36986541748047,63.78087615966797,60.8276252746582,61.55485534667969,59.396968841552734,59.46427536010742,59.46427536010742,60.20797348022461,58.79625701904297,58.600341796875,59.07622146606445
0,-47.0,-95,22,10,55.54277801513672,50.56678771972656,48.30113983154297,42.94182205200195,38.470767974853516,32.649654388427734,29.529645919799805,24.698177337646484,21.63330841064453,15.620499610900879,14.866068840026855,11.661903381347656,8.246211051940918,5.0,5.0,7.280109882354736,10.049875259399414,13.0,16.76305389404297,18.384777069091797,23.409399032592773,25.495098114013672,28.17800521850586,30.4138126373291,35.35533905029297,38.587562561035156,43.5660400390625,45.79301071166992,49.09175109863281,53.25410842895508,54.08327102661133,56.30275344848633,58.30952072143555,57.45433044433594,59.90826416015625,62.433963775634766,62.433963775634766,61.91122817993164,61.91122817993164,60.539241790771484,61.057350158691406,60.20797348022461,63.28506851196289,60.0333251953125,58.66856002807617,56.35601043701172,58.5918083190918,57.80138397216797,58.600341796875,60.008331298828125,56.080299377441406,57.245086669921875
0,-47.0,-95,21,16,61.814239501953125,56.4358024597168,52.239830017089844,48.3735466003418,42.19004440307617,36.22154235839844,33.37664031982422,27.294687271118164,24.083189010620117,21.095022201538086,16.124515533447266,12.165525436401367,8.9442720413208,7.071067810058594,5.099019527435303,7.071067810058594,10.29563045501709,12.806248664855957,15.620499610900879,18.439088821411133,22.627416610717773,26.870058059692383,29.0,31.14482307434082,36.12478256225586,39.623226165771484,46.69047164916992,48.166378021240234,50.990196228027344,53.90732955932617,55.226806640625,58.13776779174805,59.46427536010742,60.95900344848633,61.61980056762695,63.12685775756836,64.03124237060547,62.481998443603516,62.481998443603516,62.62587356567383,62.62587356567383,62.62587356567383,61.22091293334961,59.81638717651367,59.203041076660156,58.2580451965332,58.41232681274414,59.203041076660156,57.628116607666016,58.00862121582031,57.00876998901367,55.973209381103516
0,-48.0,-95,22,10,56.035701751708984,54.00925827026367,48.0,47.0,40.0,37.0,35.0,29.0,29.017236709594727,24.020824432373047,22.203603744506836,19.416488647460938,14.560219764709473,13.416407585144043,13.03840446472168,15.55634880065918,13.601470947265625,15.65247631072998,17.72004508972168,19.646883010864258,22.090721130371094,23.0867919921875,24.083189010620117,28.160255432128906,31.256999969482422,33.13608169555664,39.11521530151367,40.04996871948242,44.10215377807617,44.18144226074219,46.097721099853516,49.162994384765625,51.088157653808594,50.15974426269531,53.0848388671875,50.15974426269531,53.23532485961914,53.33854293823242,52.345008850097656,51.35172653198242,51.4781494140625,51.4781494140625,52.611785888671875,50.80354309082031,50.21951675415039,50.21951675415039,49.030601501464844,49.81967544555664,47.29693603515625,49.030601501464844,48.05205535888672,47.51841735839844
0,-49.0,-95,20,8,38.07886505126953,35.510562896728516,32.202484130859375,29.4108829498291,30.0,26.4007568359375,25.238859176635742,21.40093421936035,21.095022201538086,18.027755737304688,15.264337539672852,15.264337539672852,14.317821502685547,13.928388595581055,11.401754379272461,11.180339813232422,10.049875259399414,11.180339813232422,11.0,13.03840446472168,12.165525436401367,14.317821502685547,13.928388595581055,16.155494689941406,17.0880069732666,18.027755737304688,20.615528106689453,21.02379608154297,22.360679626464844,21.931713104248047,22.825424194335938,25.495098114013672,25.942243576049805,25.495098114013672,26.832815170288086,26.4007568359375,26.4007568359375,26.4007568359375,27.294687271118164,26.4007568359375,25.63201141357422,26.4007568359375,27.20294189453125,26.248809814453125,25.63201141357422,24.73863410949707,25.298221588134766,24.73863410949707,24.73863410949707,25.70992088317871,24.73863410949707,23.409399032592773
0,-49.0,-95,21,10,56.61272048950195,51.92301940917969,48.27007293701172,48.27007293701172,43.17406463623047,38.832977294921875,36.878177642822266,35.693138122558594,31.575305938720703,28.44292449951172,25.317977905273438,22.360679626464844,21.587032318115234,18.681541442871094,18.027755737304688,16.155494689941406,13.892443656921387,13.601470947265625,13.601470947265625,13.45362377166748,13.601470947265625,15.264337539672852,13.928388595581055,16.155494689941406,17.72004508972168,19.235383987426758,22.203603744506836,23.194826126098633,25.179357528686523,27.166154861450195,28.07133674621582,29.154760360717773,31.064449310302734,31.064449310302734,33.0151481628418,34.01470184326172,33.241539001464844,34.01470184326172,34.13209533691406,34.13209533691406,33.060550689697266,34.2344856262207,32.24903106689453,33.241539001464844,31.256999969482422,31.256999969482422,31.400636672973633,31.256999969482422,31.400636672973633,32.24903106689453,31.256999969482422,32.24903106689453
0,-50.0,-95,20,14,53.600372314453125,50.80354309082031,48.27007293701172,44.9110221862793,41.0,38.832977294921875,34.928497314453125,32.75667953491211,29.42787742614746,26.248809814453125,24.041629791259766,21.840330123901367,18.681541442871094,16.76305389404297,14.560219764709473,13.34166431427002,10.049875259399414,9.0,6.0,5.385164737701416,5.0,4.4721360206604,6.324555397033691,8.246211051940918,9.0,10.0,13.0,14.03566837310791,17.11724281311035,18.027755737304688,19.416488647460938,22.360679626464844,21.587032318115234,24.515300750732422,22.56102752685547,23.34523582458496,23.34523582458496,24.515300750732422,25.495098114013672,25.961509704589844,26.68332862854004,25.70992088317871,26.476404190063477,25.70992088317871,25.0,24.515300750732422,25.70992088317871,26.925823211669922,24.331050872802734,25.317977905273438,24.331050872802734,24.041629791259766
0,-50.0,-95,21,12,60.29925537109375,56.4358024597168,52.46903991699219,51.35172653198242,45.39823913574219,40.199501037597656,37.336307525634766,33.37664031982422,30.4138126373291,26.68332862854004,24.73863410949707,20.880613327026367,18.027755737304688,13.416407585144043,11.661903381347656,8.062257766723633,7.071067810058594,5.099019527435303,6.0,5.385164737701416,7.8102498054504395,9.433980941772461,10.198039054870605,12.649110794067383,14.317821502685547,16.031219482421875,20.0,23.194826126098633,23.0,26.019224166870117,28.160255432128906,29.068883895874023,32.140316009521484,32.24903106689453,32.140316009521484,33.13608169555664,34.2344856262207,32.140316009521484,34.525352478027344,35.510562896728516,32.557640075683594,34.71310806274414,33.734256744384766,33.95585250854492,33.95585250854492,32.98484420776367,33.241539001464844,32.893768310546875,31.95309066772461,32.31098937988281,32.31098937988281,30.463092803955078
0,-49.0,-95,21,12,55.94640350341797,51.4781494140625,48.754486083984375,44.283180236816406,38.4837646484375,36.2353401184082,30.886890411376953,28.65309715270996,25.238859176635742,20.808652877807617,17.804492950439453,15.0,12.041594505310059,8.9442720413208,7.280109882354736,6.0,7.211102485656738,7.8102498054504395,9.486832618713379,11.045360565185547,12.041594505310059,16.0,18.0,20.0,22.090721130371094,25.01999282836914,28.160255432128906,31.400636672973633,31.575305938720703,34.525352478027344,36.34556198120117,38.327537536621094,39.31920623779297,38.20994567871094,39.11521530151367,40.04996871948242,41.01219177246094,40.01249694824219,41.0,42.0,40.0,41.0,42.0,40.04996871948242,39.11521530151367,39.11521530151367,38.20994567871094,38.327537536621094,37.48332977294922,37.656341552734375,35.1710090637207,33.83784866333008
0,-48.0,-95,22,11,45.80392837524414,43.011627197265625,38.01315689086914,32.015621185302734,26.248809814453125,24.75883674621582,21.931713104248047,18.601076126098633,13.928388595581055,11.180339813232422,9.0,9.219544410705566,7.8102498054504395,10.29563045501709,11.401754379272461,15.033296585083008,17.0,18.0,21.21320343017578,24.331050872802734,26.925823211669922,29.4108829498291,30.08321762084961,35.34119415283203,36.67424011230469,38.07886505126953,42.95346450805664,46.51881408691406,49.19349670410156,48.30113983154297,52.32590103149414,52.77309799194336,54.625999450683594,55.46169662475586,54.625999450683594,54.625999450683594,55.94640350341797,55.54277801513672,55.36244201660156,55.154327392578125,53.851646423339844,54.08327102661133,53.141319274902344,52.49761962890625,52.49761962890625,50.96076965332031,50.695167541503906,48.764739990234375,49.030601501464844,47.07440948486328,46.27094268798828,44.10215377807617
0,-47.0,-95,21,16,42.04759216308594,37.161808013916016,33.241539001464844,27.513633728027344,22.803508758544922,19.416488647460938,15.033296585083008,11.0,7.280109882354736,5.830951690673828,7.0,11.180339813232422,13.892443656921387,15.620499610900879,19.10497283935547,22.627416610717773,24.083189010620117,28.600698471069336,30.805843353271484,34.66987228393555,39.11521530151367,42.54409408569336,42.54409408569336,46.097721099853516,49.24428939819336,50.56678771972656,57.384666442871094,61.09828186035156,61.09828186035156,64.25729370117188,65.55150604248047,68.15423583984375,69.46221923828125,68.94200134277344,70.26378631591797,71.69379425048828,71.69379425048828,69.85699462890625,70.68238830566406,68.44705963134766,67.97793579101562,65.7419204711914,67.08203887939453,63.06346130371094,63.52952194213867,61.400325775146484,61.400325775146484,60.539241790771484,59.16925048828125,57.982757568359375,55.803226470947266,54.037025451660156
0,-47.0,-95,22,5,21.3775577545166,19.235383987426758,13.416407585144043,12.083045959472656,8.0,3.1622776985168457,6.7082037925720215,3.0,3.0,5.656854152679443,6.4031243324279785,9.219544410705566,9.219544410705566,10.770329475402832,13.928388595581055,17.0,18.867961883544922,20.615528106689453,24.59674835205078,22.472204208374023,28.301942825317383,26.925823211669922,28.600698471069336,31.240999221801758,33.42155075073242,34.20526123046875,39.20458984375,39.69886779785156,39.623226165771484,42.52058410644531,43.931766510009766,41.773197174072266,46.010868072509766,45.45327377319336,45.343135833740234,46.010868072509766,46.097721099853516,45.343135833740234,45.96738052368164,43.863426208496094,43.27817153930664,45.343135833740234,40.360870361328125,40.360870361328125,40.31128692626953,39.69886779785156,39.623226165771484,40.360870361328125,36.2353401184082,35.608985900878906,37.013511657714844,36.619667053222656
0,-46.0,-95,22,14,41.30375289916992,39.11521530151367,33.060550689697266,32.75667953491211,25.298221588134766,24.59674835205078,21.63330841064453,18.439088821411133,17.029386520385742,18.027755737304688,20.2237491607666,21.21320343017578,26.019224166870117,27.0,29.27456283569336,32.24903106689453,36.49657440185547,38.470767974853516,42.42640686035156,45.7055778503418,48.83646011352539,52.611785888671875,54.58937454223633,59.21148681640625,60.13318634033203,62.28964614868164,71.02816009521484,73.06161499023438,76.05918884277344,76.00657653808594,79.02531433105469,80.0062484741211,81.00617218017578,82.0,82.00609588623047,82.02438354492188,83.00602722167969,82.00609588623047,81.02468872070312,81.05553436279297,79.05693817138672,79.15807342529297,77.23341369628906,75.32595825195312,73.24616241455078,71.17584228515625,71.25306701660156,71.25306701660156,68.35934448242188,68.35934448242188,66.27216339111328,64.07027435302734
0,-47.0,-95,19,14,32.649654388427734,29.529645919799805,27.294687271118164,26.4007568359375,22.847318649291992,18.973665237426758,19.235383987426758,17.11724281311035,16.0,15.132745742797852,14.317821502685547,13.928388595581055,15.264337539672852,16.124515533447266,18.439088821411133,18.439088821411133,19.10497283935547,21.21320343017578,22.627416610717773,24.75883674621582,26.172504425048828,29.0,28.319604873657227,31.14482307434082,33.970577239990234,34.65544509887695,38.28837966918945,39.69886779785156,41.231056213378906,42.01190185546875,42.01190185546875,44.68780517578125,45.45327377319336,44.204071044921875,46.22769546508789,47.01063537597656,44.40720748901367,45.221675872802734,45.221675872802734,45.221675872802734,43.26661682128906,44.10215377807617,43.5660400390625,41.34005355834961,39.96248245239258,39.96248245239258,39.4461669921875,38.470767974853516,38.470767974853516,38.470767974853516,36.715118408203125,36.715118408203125
0,-48.0,-95,22,11,43.13930892944336,38.897300720214844,35.38361358642578,31.14482307434082,26.870058059692383,22.627416610717773,18.439088821411133,14.866068840026855,10.816654205322266,5.830951690673828,5.099019527435303,5.099019527435303,5.656854152679443,9.486832618713379,13.34166431427002,14.142135620117188,16.124515533447266,18.11077117919922,22.090721130371094,26.019224166870117,29.154760360717773,32.38827133178711,33.541019439697266,36.878177642822266,39.81205749511719,42.20189666748047,48.50773239135742,50.695167541503906,51.92301940917969,54.120235443115234,56.04462432861328,58.24087905883789,61.13100814819336,60.16643524169922,61.61168670654297,60.16643524169922,61.6846809387207,60.4400520324707,63.06346130371094,60.16643524169922,59.203041076660156,56.75385284423828,58.24087905883789,56.32051086425781,55.54277801513672,54.12947463989258,52.63079071044922,52.63079071044922,52.201534271240234,52.201534271240234,50.695167541503906,48.05205535888672
0,-48.0,-95,21,12,34.928497314453125,32.557640075683594,27.459060668945312,25.70992088317871,21.21320343017578,17.262676239013672,13.03840446472168,9.0,7.0,4.0,0.0,0.0,1.0,6.324555397033691,8.0,13.03840446472168,14.317821502685547,18.11077117919922,19.416488647460938,20.880613327026367,25.961509704589844,26.68332862854004,28.792360305786133,33.61547088623047,33.61547088623047,34.928497314453125,41.62931823730469,42.48529052734375,44.283180236816406,46.51881408691406,49.24428939819336,49.24428939819336,52.39274597167969,50.990196228027344,53.3104133605957,52.32590103149414,53.22593307495117,51.429561614990234,51.4781494140625,51.4781494140625,52.0,50.56678771972656,48.84669876098633,49.658836364746094,47.92702865600586,47.53945541381836,46.615447998046875,44.94440841674805,43.46262741088867,45.694637298583984,42.154476165771484,43.011627197265625
0,-48.0,-95,21,12,34.48188018798828,31.62277603149414,26.925823211669922,26.0,21.540658950805664,18.973665237426758,15.81138801574707,12.083045959472656,8.9442720413208,6.324555397033691,4.0,0.0,1.4142135381698608,2.8284270763397217,7.8102498054504395,9.899495124816895,12.206555366516113,15.0,17.69180679321289,19.209373474121094,21.931713104248047,23.600847244262695,25.0,29.681644439697266,30.805843353271484,36.359317779541016,39.4461669921875,39.11521530151367,44.65422821044922,44.41846466064453,44.94440841674805,46.87216567993164,47.16990661621094,49.09175109863281,50.774009704589844,49.92995071411133,49.09175109863281,49.648765563964844,49.648765563964844,50.21951675415039,47.801673889160156,48.82622146606445,46.615447998046875,46.04345703125,46.04345703125,44.65422821044922,43.011627197265625,43.600460052490234,42.20189666748047,41.231056213378906,40.607879638671875,41.03656768798828
0,-49.0,-95,18,14,24.083189010620117,21.931713104248047,19.10497283935547,16.970561981201172,15.55634880065918,12.727922439575195,11.401754379272461,9.219544410705566,7.071067810058594,4.4721360206604,3.605551242828369,1.0,0.0,1.0,3.0,3.1622776985168457,5.385164737701416,7.071067810058594,9.219544410705566,11.180339813232422,12.369317054748535,13.34166431427002,14.317821502685547,16.124515533447266,18.248287200927734,18.248287200927734,21.095022201538086,23.0867919921875,24.083189010620117,24.083189010620117,25.179357528686523,25.079872131347656,27.166154861450195,27.166154861450195,27.166154861450195,27.166154861450195,28.160255432128906,29.42787742614746,28.284271240234375,29.154760360717773,27.166154861450195,27.166154861450195,27.166154861450195,26.305892944335938,26.172504425048828,25.179357528686523,25.179357528686523,25.179357528686523,24.1867733001709,23.194826126098633,23.53720474243164,22.803508758544922
0,-48.0,-95,20,12,35.12833786010742,31.14482307434082,30.149627685546875,27.073972702026367,23.194826126098633,18.439088821411133,17.262676239013672,13.34166431427002,11.401754379272461,8.246211051940918,6.324555397033691,4.123105525970459,1.0,1.0,2.8284270763397217,4.242640495300293,5.830951690673828,7.8102498054504395,10.630146026611328,13.45362377166748,15.620499610900879,17.69180679321289,17.69180679321289,20.615528106689453,23.430749893188477,24.83948516845703,28.600698471069336,30.805843353271484,32.4499626159668,33.60059356689453,34.4093017578125,36.619667053222656,38.01315689086914,38.01315689086914,37.80211639404297,37.80211639404297,39.408119201660156,38.60051727294922,39.408119201660156,40.224369049072266,37.80211639404297,39.408119201660156,36.8917350769043,36.619667053222656,36.619667053222656,34.4093017578125,36.619667053222656,33.60059356689453,33.60059356689453,34.20526123046875,33.60059356689453,33.30165100097656
0,-48.0,-95,20,12,31.016124725341797,26.832815170288086,25.079872131347656,21.02379608154297,18.867961883544922,14.764822959899902,12.529964447021484,10.29563045501709,6.7082037925720215,5.0,3.1622776985168457,1.0,1.0,2.2360680103302,5.0,7.211102485656738,8.062257766723633,10.816654205322266,12.206555366516113,15.81138801574707,17.492855072021484,18.357559204101562,21.470911026000977,22.360679626464844,25.495098114013672,26.4007568359375,30.675724029541016,33.241539001464844,33.61547088623047,36.68787384033203,35.11410140991211,37.0,38.897300720214844,39.217342376708984,41.1096076965332,41.43669891357422,41.43669891357422,39.560081481933594,40.853397369384766,39.217342376708984,41.43669891357422,39.217342376708984,41.1096076965332,39.217342376708984,37.947330474853516,37.0,37.947330474853516,38.27531814575195,37.6961555480957,36.67424011230469,34.885528564453125,34.0
0,-48.0,-95,21,13,36.878177642822266,32.557640075683594,29.120439529418945,25.70992088317871,21.840330123901367,18.439088821411133,13.34166431427002,10.198039054870605,8.0,3.1622776985168457,0.0,2.0,4.4721360206604,7.8102498054504395,10.816654205322266,12.041594505310059,16.278820037841797,17.20465087890625,21.260292053222656,23.34523582458496,24.83948516845703,29.0,30.4138126373291,32.557640075683594,36.878177642822266,38.41874694824219,42.63801193237305,43.27817153930664,47.6340217590332,47.20169448852539,49.67897033691406,51.22499465942383,52.009613037109375,52.009613037109375,53.413482666015625,55.0,53.600372314453125,53.413482666015625,54.81787872314453,54.81787872314453,51.855567932128906,53.15073013305664,52.49761962890625,52.49761962890625,51.855567932128906,48.91830062866211,48.83646011352539,49.51767349243164,46.69047164916992,48.08325958251953,46.69047164916992,45.343135833740234
0,-49.0,-95,21,1,22.671567916870117,19.84943389892578,17.029386520385742,16.278820037841797,13.45362377166748,12.041594505310059,10.0,8.485280990600586,5.830951690673828,5.830951690673828,3.605551242828369,2.0,0.0,1.0,2.2360680103302,2.0,3.1622776985168457,5.0,7.071067810058594,8.062257766723633,9.05538558959961,11.045360565185547,11.045360565185547,13.34166431427002,15.29705810546875,16.031219482421875,18.027755737304688,18.027755737304688,19.02629852294922,19.0,22.022714614868164,23.021728515625,22.022714614868164,23.0,23.0867919921875,23.021728515625,23.021728515625,23.021728515625,23.0867919921875,23.021728515625,23.021728515625,22.022714614868164,23.021728515625,22.022714614868164,21.095022201538086,20.02498435974121,21.21320343017578,20.02498435974121,20.02498435974121,20.02498435974121,19.235383987426758,17.262676239013672
0,-49.0,-95,20,13,47.07440948486328,45.7055778503418,38.63935852050781,38.63935852050781,33.37664031982422,30.265491485595703,27.166154861450195,24.083189010620117,19.10497283935547,17.029386520385742,14.0,11.0,9.0,6.0,4.0,0.0,1.4142135381698608,4.0,5.385164737701416,7.280109882354736,11.401754379272461,12.369317054748535,15.81138801574707,15.81138801574707,19.92485809326172,21.189620971679688,25.63201141357422,26.925823211669922,29.154760360717773,29.546573638916016,31.95309066772461,33.61547088623047,33.61547088623047,34.539833068847656,36.055511474609375,35.46829605102539,36.400550842285156,36.400550842285156,35.46829605102539,37.0,35.735137939453125,35.735137939453125,34.78505325317383,35.735137939453125,35.735137939453125,32.893768310546875,32.98484420776367,32.015621185302734,29.832868576049805,30.08321762084961,30.805843353271484,29.42787742614746
0,-49.0,-95,19,17,54.08327102661133,51.03919982910156,46.615447998046875,46.40043258666992,40.607879638671875,37.202152252197266,33.60059356689453,30.610456466674805,27.018512725830078,24.83948516845703,21.21320343017578,17.69180679321289,14.866068840026855,14.21267032623291,10.0,5.0,5.0,2.8284270763397217,0.0,1.0,3.605551242828369,5.830951690673828,8.062257766723633,9.848857879638672,12.529964447021484,15.81138801574707,19.72308349609375,21.095022201538086,23.021728515625,23.706539154052734,26.419689178466797,26.62705421447754,28.844409942626953,28.844409942626953,31.62277603149414,30.232433319091797,32.4499626159668,32.202484130859375,32.202484130859375,33.60059356689453,30.610456466674805,32.80244064331055,31.890438079833984,31.240999221801758,29.832868576049805,29.832868576049805,29.068883895874023,28.319604873657227,27.58622932434082,27.58622932434082,26.870058059692383,25.495098114013672
0,-48.0,-95,19,16,52.32590103149414,50.20956039428711,46.66904830932617,45.27692413330078,38.897300720214844,36.79673767089844,32.649654388427734,29.73213768005371,27.018512725830078,23.600847244262695,21.40093421936035,18.027755737304688,16.124515533447266,12.529964447021484,9.486832618713379,8.246211051940918,6.0,4.0,2.8284270763397217,3.0,4.0,6.7082037925720215,6.7082037925720215,10.0,13.45362377166748,14.142135620117188,18.384777069091797,20.615528106689453,22.671567916870117,23.430749893188477,26.248809814453125,26.90724754333496,28.319604873657227,28.284271240234375,29.698484420776367,29.698484420776367,30.479501724243164,31.14482307434082,30.479501724243164,31.14482307434082,29.832868576049805,29.20616340637207,30.479501724243164,30.805843353271484,29.4108829498291,28.017850875854492,27.459060668945312,27.459060668945312,26.419689178466797,25.942243576049805,25.079872131347656,23.76972770690918
0,-47.0,-95,19,15,51.107730865478516,48.54894256591797,45.486263275146484,41.88078308105469,38.27531814575195,35.22782897949219,32.015621185302734,28.600698471069336,26.248809814453125,22.022714614868164,20.51828384399414,17.804492950439453,14.21267032623291,11.401754379272461,9.848857879638672,8.246211051940918,6.0,5.385164737701416,4.242640495300293,5.385164737701416,7.0,9.0,11.045360565185547,13.34166431427002,15.81138801574707,17.0880069732666,20.615528106689453,24.59674835205078,24.59674835205078,27.73084831237793,28.17800521850586,29.96664810180664,31.30495262145996,32.69556427001953,33.241539001464844,34.1760139465332,34.1760139465332,33.83784866333008,35.735137939453125,35.44009017944336,34.48188018798828,33.95585250854492,34.928497314453125,32.98484420776367,32.557640075683594,32.38827133178711,31.256999969482422,31.400636672973633,30.149627685546875,29.017236709594727,29.0,28.017850875854492
0,-47.0,-95,19,9,33.52610778808594,31.62277603149414,28.160255432128906,28.160255432128906,23.53720474243164,23.53720474243164,20.615528106689453,18.248287200927734,17.262676239013672,13.03840446472168,13.0,11.045360565185547,9.05538558959961,6.082762718200684,5.099019527435303,3.605551242828369,3.1622776985168457,3.1622776985168457,3.1622776985168457,4.4721360206604,5.830951690673828,7.211102485656738,7.211102485656738,10.770329475402832,10.440306663513184,11.704699516296387,15.81138801574707,16.492422103881836,18.439088821411133,18.681541442871094,20.615528106689453,20.615528106689453,22.803508758544922,22.803508758544922,23.409399032592773,23.0867919921875,23.76972770690918,24.351591110229492,23.0867919921875,24.351591110229492,23.76972770690918,23.76972770690918,24.166091918945312,22.847318649291992,22.360679626464844,21.470911026000977,21.470911026000977,20.59126091003418,20.59126091003418,20.59126091003418,19.72308349609375,18.601076126098633
0,-47.0,-95,20,11,49.0,46.010868072509766,41.01219177246094,41.0,35.0,32.06243896484375,29.068883895874023,25.079872131347656,23.194826126098633,20.2237491607666,17.72004508972168,15.231546401977539,11.704699516296387,9.433980941772461,7.071067810058594,6.324555397033691,5.0,6.324555397033691,7.071067810058594,9.433980941772461,8.5440034866333,12.649110794067383,14.560219764709473,17.262676239013672,19.10497283935547,20.099750518798828,26.019224166870117,28.017850875854492,30.01666259765625,32.0,34.01470184326172,35.05709457397461,36.055511474609375,38.05259704589844,38.11823654174805,39.11521530151367,40.112342834472656,39.20458984375,39.20458984375,39.31920623779297,39.458839416503906,38.470767974853516,39.623226165771484,38.63935852050781,37.85498809814453,36.878177642822266,36.400550842285156,36.400550842285156,34.78505325317383,33.83784866333008,33.83784866333008,32.202484130859375
0,-47.0,-95,18,17,37.36308288574219,33.52610778808594,32.280025482177734,29.4108829498291,26.925823211669922,23.409399032592773,21.540658950805664,17.464248657226562,17.492855072021484,14.764822959899902,12.206555366516113,12.041594505310059,9.219544410705566,8.062257766723633,7.280109882354736,5.0,5.0,5.656854152679443,6.4031243324279785,8.062257766723633,8.5440034866333,10.770329475402832,12.165525436401367,14.03566837310791,16.124515533447266,16.124515533447266,21.0,21.02379608154297,23.0,25.0,26.0,28.0,28.0,30.0,30.066593170166016,30.01666259765625,31.064449310302734,29.27456283569336,29.27456283569336,30.265491485595703,30.265491485595703,29.27456283569336,30.4138126373291,29.614185333251953,28.861740112304688,27.892650604248047,27.20294189453125,27.20294189453125,27.20294189453125,27.513633728027344,25.63201141357422,24.59674835205078
0,-47.0,-95,21,10,59.07622146606445,53.823787689208984,48.54894256591797,47.70744323730469,40.8166618347168,39.4461669921875,34.48188018798828,30.886890411376953,28.635643005371094,23.409399032592773,22.803508758544922,18.248287200927734,16.0,13.03840446472168,11.704699516296387,9.433980941772461,11.313708305358887,9.433980941772461,13.152946472167969,14.0,16.0,18.439088821411133,20.39607810974121,23.409399032592773,26.4007568359375,28.635643005371094,34.01470184326172,36.2353401184082,39.357337951660156,38.470767974853516,42.94182205200195,42.95346450805664,44.384681701660156,45.694637298583984,47.16990661621094,47.53945541381836,47.53945541381836,47.16990661621094,47.16990661621094,48.703182220458984,47.434165954589844,47.12748718261719,47.53945541381836,48.05205535888672,44.72135925292969,43.5660400390625,44.283180236816406,44.283180236816406,42.296573638916016,41.19466018676758,40.01249694824219,40.01249694824219
0,-48.0,-95,21,10,62.20128631591797,58.215118408203125,54.451812744140625,51.15662384033203,44.283180236816406,40.199501037597656,36.34556198120117,34.525352478027344,29.42787742614746,26.476404190063477,22.472204208374023,18.788293838500977,15.264337539672852,12.041594505310059,11.313708305358887,8.9442720413208,9.0,8.246211051940918,10.0,12.041594505310059,12.806248664855957,16.6433162689209,18.357559204101562,20.615528106689453,23.76972770690918,27.85677719116211,32.893768310546875,34.48188018798828,36.400550842285156,38.60051727294922,40.16217041015625,43.011627197265625,44.0113639831543,44.94440841674805,46.2385139465332,48.10405349731445,47.92702865600586,46.06517028808594,48.30113983154297,46.06517028808594,45.650848388671875,45.650848388671875,46.647613525390625,45.79301071166992,42.72002029418945,43.5660400390625,43.600460052490234,42.20189666748047,40.45985794067383,40.45985794067383,38.20994567871094,37.48332977294922
0,-49.0,-95,22,9,69.28924560546875,65.45991516113281,61.46543884277344,57.93962478637695,53.141319274902344,46.81879806518555,41.78516387939453,38.07886505126953,34.539833068847656,30.01666259765625,25.553865432739258,20.808652877807617,19.209373474121094,16.278820037841797,12.041594505310059,8.9442720413208,6.0,6.082762718200684,7.071067810058594,8.5440034866333,10.198039054870605,14.142135620117188,16.0,21.095022201538086,22.090721130371094,24.1867733001709,32.98484420776367,33.541019439697266,36.878177642822266,37.85498809814453,40.79215621948242,41.59326934814453,44.72135925292969,43.416587829589844,47.51841735839844,45.39823913574219,46.389652252197266,49.36598205566406,49.25444030761719,49.09175109863281,47.04253387451172,47.04253387451172,46.04345703125,44.0,45.0,44.0113639831543,45.0111083984375,44.04542922973633,42.10700607299805,42.10700607299805,40.31128692626953,39.81205749511719
0,-50.0,-95,22,9,77.41446685791016,74.30342864990234,65.3681869506836,63.52952194213867,56.4358024597168,52.35456085205078,47.50789260864258,42.19004440307617,38.07886505126953,31.906112670898438,28.844409942626953,25.612497329711914,20.808652877807617,18.027755737304688,12.806248664855957,12.041594505310059,6.4031243324279785,4.123105525970459,0.0,2.0,5.0,9.433980941772461,10.0,14.142135620117188,16.401220321655273,19.209373474121094,24.83948516845703,27.658634185791016,28.42534065246582,31.240999221801758,31.240999221801758,35.608985900878906,37.013511657714844,37.44329071044922,38.27531814575195,39.408119201660156,38.832977294921875,38.60051727294922,39.408119201660156,38.832977294921875,39.4461669921875,39.11521530151367,37.2155876159668,36.715118408203125,37.2155876159668,34.885528564453125,34.885528564453125,34.885528564453125,33.12099075317383,32.24903106689453,34.438350677490234,32.69556427001953
0,-50.0,-95,22,10,78.8733139038086,72.34638977050781,67.94115447998047,65.29930877685547,60.87692642211914,54.037025451660156,49.57822036743164,43.931766510009766,39.69886779785156,36.878177642822266,32.557640075683594,27.658634185791016,24.75883674621582,19.79899024963379,16.278820037841797,12.806248664855957,9.433980941772461,5.385164737701416,3.0,2.0,3.0,7.071067810058594,9.848857879638672,12.206555366516113,13.03840446472168,17.029386520385742,21.40093421936035,23.021728515625,24.20743751525879,28.42534065246582,29.4108829498291,29.20616340637207,32.202484130859375,34.4093017578125,33.83784866333008,32.75667953491211,36.055511474609375,35.510562896728516,34.885528564453125,36.2353401184082,34.98571014404297,34.0,34.885528564453125,32.24903106689453,31.764760971069336,29.96664810180664,30.870698928833008,30.886890411376953,30.463092803955078,31.38471031188965,28.792360305786133,28.792360305786133
0,-51.0,-95,22,8,80.08120727539062,73.76313781738281,68.680419921875,66.48307800292969,59.90826416015625,55.785301208496094,51.41984176635742,46.57252502441406,42.72002029418945,39.560081481933594,35.735137939453125,31.95309066772461,26.248809814453125,24.351591110229492,20.248456954956055,16.155494689941406,13.416407585144043,9.486832618713379,6.7082037925720215,5.099019527435303,2.2360680103302,0.0,2.0,6.324555397033691,7.280109882354736,8.0,13.34166431427002,15.524174690246582,18.027755737304688,17.72004508972168,20.248456954956055,19.92485809326172,21.840330123901367,23.409399032592773,22.803508758544922,24.041629791259766,25.0,25.961509704589844,26.248809814453125,25.70992088317871,23.76972770690918,25.961509704589844,24.73863410949707,25.70992088317871,23.76972770690918,24.73863410949707,24.73863410949707,23.76972770690918,24.041629791259766,23.76972770690918,23.34523582458496,24.1867733001709
0,-51.0,-95,22,9,83.09632873535156,78.16009521484375,73.24616241455078,70.11418914794922,65.19202423095703,58.03447341918945,53.0848388671875,49.09175109863281,46.04345703125,40.199501037597656,35.0,32.0,26.019224166870117,24.083189010620117,20.099750518798828,17.11724281311035,13.0,11.0,6.0,3.0,0.0,1.0,2.8284270763397217,6.082762718200684,8.5440034866333,8.5440034866333,12.649110794067383,16.492422103881836,17.464248657226562,18.027755737304688,19.92485809326172,22.803508758544922,24.041629791259766,24.73863410949707,24.73863410949707,25.961509704589844,24.73863410949707,25.70992088317871,26.925823211669922,27.658634185791016,25.961509704589844,27.658634185791016,28.861740112304688,24.515300750732422,24.73863410949707,24.515300750732422,25.317977905273438,25.495098114013672,26.305892944335938,24.331050872802734,24.331050872802734,24.020824432373047
0,-51.0,-95,22,10,78.29431915283203,73.82411193847656,68.47627258300781,65.3681869506836,59.53990173339844,52.77309799194336,47.88528060913086,43.90899658203125,39.357337951660156,37.2155876159668,32.24903106689453,26.925823211669922,24.1867733001709,21.63330841064453,17.492855072021484,12.649110794067383,10.440306663513184,6.0,4.0,3.1622776985168457,2.2360680103302,4.0,7.280109882354736,10.198039054870605,10.770329475402832,12.649110794067383,16.552946090698242,17.464248657226562,21.02379608154297,22.360679626464844,23.25940704345703,24.59674835205078,24.59674835205078,25.942243576049805,28.635643005371094,27.73084831237793,28.635643005371094,28.23118782043457,29.068883895874023,28.23118782043457,29.546573638916016,29.96664810180664,29.068883895874023,28.635643005371094,28.23118782043457,28.635643005371094,27.73084831237793,29.529645919799805,27.73084831237793,27.294687271118164,27.73084831237793,27.20294189453125
0,-51.0,-95,21,15,78.10890197753906,73.05477142333984,67.05221557617188,62.93647766113281,56.32051086425781,52.49761962890625,48.383880615234375,42.05948257446289,36.68787384033203,33.95585250854492,29.614185333251953,25.495098114013672,22.360679626464844,18.439088821411133,15.524174690246582,10.440306663513184,7.280109882354736,3.605551242828369,2.8284270763397217,3.0,3.605551242828369,6.7082037925720215,8.9442720413208,9.848857879638672,12.083045959472656,16.155494689941406,18.384777069091797,20.59126091003418,21.931713104248047,23.706539154052734,24.59674835205078,26.4007568359375,27.312999725341797,29.546573638916016,29.96664810180664,29.96664810180664,30.886890411376953,30.886890411376953,31.764760971069336,33.12099075317383,31.764760971069336,33.12099075317383,32.24903106689453,31.38471031188965,32.24903106689453,30.886890411376953,30.4138126373291,30.01666259765625,30.4138126373291,29.96664810180664,29.96664810180664,29.546573638916016
0,-52.0,-95,20,6,29.0,27.0,25.01999282836914,23.0,23.0,21.0,16.0,16.031219482421875,14.0,11.045360565185547,10.0,8.0,6.0,5.0,3.0,2.0,1.0,1.0,0.0,1.0,1.0,2.0,4.0,5.099019527435303,6.324555397033691,7.6157732009887695,7.6157732009887695,9.219544410705566,10.440306663513184,9.486832618713379,10.440306663513184,11.401754379272461,12.369317054748535,11.401754379272461,12.369317054748535,11.401754379272461,12.369317054748535,12.369317054748535,12.369317054748535,13.601470947265625,12.369317054748535,12.369317054748535,13.34166431427002,12.369317054748535,12.369317054748535,11.401754379272461,12.369317054748535,12.041594505310059,12.369317054748535,12.041594505310059,11.045360565185547,11.045360565185547
0,-52.0,-95,22,9,63.25345993041992,59.03388977050781,55.44366455078125,51.22499465942383,46.097721099853516,40.607879638671875,37.80211639404297,31.400636672973633,27.80287742614746,25.495098114013672,21.931713104248047,18.439088821411133,16.278820037841797,12.727922439575195,9.899495124816895,6.7082037925720215,2.2360680103302,2.0,0.0,1.4142135381698608,5.830951690673828,6.4031243324279785,10.0,11.313708305358887,12.041594505310059,14.866068840026855,17.69180679321289,20.0,20.51828384399414,21.260292053222656,21.931713104248047,23.430749893188477,24.83948516845703,25.495098114013672,26.90724754333496,29.068883895874023,28.42534065246582,26.172504425048828,26.90724754333496,27.58622932434082,27.658634185791016,28.319604873657227,26.870058059692383,26.172504425048828,25.45584487915039,24.75883674621582,25.495098114013672,25.45584487915039,25.495098114013672,24.83948516845703,24.083189010620117,23.430749893188477
0,-52.0,-95,21,9,52.81098556518555,49.648765563964844,46.48655700683594,42.379241943359375,39.217342376708984,33.241539001464844,31.95309066772461,27.85677719116211,25.63201141357422,22.135944366455078,19.313207626342773,15.524174690246582,15.524174690246582,11.401754379272461,10.049875259399414,6.0,4.0,3.0,1.0,1.0,4.242640495300293,4.242640495300293,5.830951690673828,6.7082037925720215,8.9442720413208,10.816654205322266,13.03840446472168,13.892443656921387,14.317821502685547,17.0,16.552946090698242,18.788293838500977,18.357559204101562,18.357559204101562,19.235383987426758,21.02379608154297,20.248456954956055,21.954498291015625,21.470911026000977,20.59126091003418,21.095022201538086,21.095022201538086,20.248456954956055,21.095022201538086,19.416488647460938,18.601076126098633,18.027755737304688,18.601076126098633,18.601076126098633,18.601076126098633,17.804492950439453,17.804492950439453
0,-51.0,-95,20,11,55.56977462768555,50.2493782043457,48.3735466003418,43.90899658203125,40.8166618347168,38.587562561035156,34.13209533691406,30.528675079345703,28.65309715270996,26.419689178466797,23.323806762695312,19.72308349609375,18.788293838500977,15.231546401977539,11.704699516296387,11.704699516296387,8.246211051940918,6.324555397033691,5.0,3.1622776985168457,2.8284270763397217,2.0,2.0,5.385164737701416,5.385164737701416,5.385164737701416,10.29563045501709,10.0,13.601470947265625,13.03840446472168,13.601470947265625,15.620499610900879,15.620499610900879,16.401220321655273,17.20465087890625,16.124515533447266,16.6433162689209,16.6433162689209,17.20465087890625,18.027755737304688,16.6433162689209,16.6433162689209,17.20465087890625,16.6433162689209,16.6433162689209,16.124515533447266,16.124515533447266,16.6433162689209,16.124515533447266,17.8885440826416,17.0,16.76305389404297
0,-51.0,-95,20,8,44.18144226074219,42.10700607299805,38.11823654174805,36.055511474609375,33.241539001464844,30.265491485595703,26.305892944335938,24.083189010620117,22.203603744506836,19.10497283935547,17.11724281311035,16.124515533447266,13.152946472167969,11.045360565185547,10.0,8.0,6.0,5.099019527435303,4.123105525970459,2.2360680103302,2.2360680103302,2.0,3.605551242828369,4.4721360206604,5.0,7.211102485656738,8.062257766723633,9.433980941772461,10.770329475402832,10.816654205322266,11.661903381347656,12.529964447021484,13.03840446472168,12.529964447021484,14.422204971313477,13.03840446472168,14.422204971313477,15.264337539672852,14.422204971313477,15.264337539672852,14.422204971313477,15.264337539672852,13.601470947265625,14.422204971313477,14.422204971313477,14.422204971313477,14.422204971313477,14.21267032623291,14.422204971313477,13.601470947265625,14.21267032623291,15.55634880065918
0,-51.0,-95,20,9,51.4781494140625,47.51841735839844,44.72135925292969,41.59326934814453,37.336307525634766,34.2344856262207,31.256999969482422,28.07133674621582,26.305892944335938,24.331050872802734,21.21320343017578,18.11077117919922,16.492422103881836,14.560219764709473,11.704699516296387,9.219544410705566,7.280109882354736,4.4721360206604,4.4721360206604,3.0,3.0,4.4721360206604,4.242640495300293,5.656854152679443,8.062257766723633,8.062257766723633,10.198039054870605,11.704699516296387,12.649110794067383,12.649110794067383,13.928388595581055,14.866068840026855,14.866068840026855,15.81138801574707,16.76305389404297,17.0880069732666,16.492422103881836,17.464248657226562,17.464248657226562,17.464248657226562,18.027755737304688,17.0880069732666,18.384777069091797,18.384777069091797,18.384777069091797,17.464248657226562,17.464248657226562,19.697715759277344,17.8885440826416,19.235383987426758,17.492855072021484,19.416488647460938
0,-50.0,-95,19,12,41.43669891357422,39.560081481933594,36.769554138183594,34.539833068847656,31.95309066772461,28.460498809814453,25.298221588134766,24.351591110229492,21.840330123901367,18.384777069091797,17.0880069732666,14.866068840026855,13.0,11.704699516296387,10.29563045501709,7.8102498054504395,5.656854152679443,5.656854152679443,5.830951690673828,4.4721360206604,4.0,3.1622776985168457,4.242640495300293,4.4721360206604,6.324555397033691,6.324555397033691,8.246211051940918,10.440306663513184,10.198039054870605,11.704699516296387,11.704699516296387,12.369317054748535,13.601470947265625,13.928388595581055,13.601470947265625,15.81138801574707,15.524174690246582,16.155494689941406,15.81138801574707,14.560219764709473,14.866068840026855,15.231546401977539,14.317821502685547,13.928388595581055,14.866068840026855,14.317821502685547,14.317821502685547,16.552946090698242,15.65247631072998,15.65247631072998,15.264337539672852,16.401220321655273
0,-50.0,-95,19,15,60.539241790771484,55.46169662475586,50.695167541503906,48.703182220458984,46.2385139465332,42.154476165771484,37.947330474853516,35.735137939453125,30.675724029541016,27.20294189453125,25.079872131347656,21.540658950805664,19.313207626342773,15.65247631072998,12.529964447021484,13.03840446472168,9.433980941772461,7.071067810058594,6.4031243324279785,6.082762718200684,5.0,4.123105525970459,6.324555397033691,7.211102485656738,10.0,9.433980941772461,13.03840446472168,14.317821502685547,16.124515533447266,16.124515533447266,18.357559204101562,17.0,19.416488647460938,20.248456954956055,19.416488647460938,19.416488647460938,20.248456954956055,21.954498291015625,21.63330841064453,20.248456954956055,21.40093421936035,22.022714614868164,21.40093421936035,21.260292053222656,20.51828384399414,20.51828384399414,21.21320343017578,22.627416610717773,21.931713104248047,22.671567916870117,21.40093421936035,21.954498291015625
0,-50.0,-95,20,9,53.5350341796875,50.80354309082031,48.25971221923828,47.01063537597656,42.01190185546875,37.013511657714844,34.828147888183594,32.80244064331055,28.42534065246582,27.20294189453125,24.698177337646484,21.954498291015625,21.095022201538086,18.357559204101562,16.552946090698242,12.649110794067383,11.180339813232422,10.0,9.0,8.062257766723633,7.280109882354736,6.4031243324279785,7.071067810058594,8.9442720413208,8.5440034866333,12.369317054748535,14.142135620117188,14.142135620117188,14.142135620117188,16.124515533447266,16.124515533447266,17.11724281311035,18.11077117919922,18.11077117919922,19.10497283935547,20.099750518798828,20.099750518798828,19.235383987426758,20.2237491607666,19.10497283935547,20.099750518798828,20.39607810974121,19.416488647460938,19.416488647460938,19.416488647460938,19.416488647460938,19.646883010864258,19.92485809326172,19.646883010864258,20.248456954956055,20.248456954956055,21.02379608154297
0,-50.0,-95,20,9,56.859474182128906,51.865211486816406,53.00943374633789,47.70744323730469,45.486263275146484,39.4461669921875,36.8917350769043,33.61547088623047,31.38471031188965,30.528675079345703,27.784887313842773,24.413110733032227,23.021728515625,20.615528106689453,19.10497283935547,16.278820037841797,13.892443656921387,13.03840446472168,13.416407585144043,11.401754379272461,12.165525436401367,12.0,12.041594505310059,12.165525436401367,12.369317054748535,12.649110794067383,13.892443656921387,16.124515533447266,16.6433162689209,17.492855072021484,16.6433162689209,18.357559204101562,19.235383987426758,18.867961883544922,20.0,21.470911026000977,20.124610900878906,20.124610900878906,20.124610900878906,20.124610900878906,20.124610900878906,19.235383987426758,21.02379608154297,19.697715759277344,21.02379608154297,20.248456954956055,19.313207626342773,20.248456954956055,21.189620971679688,20.39607810974121,21.3775577545166,21.095022201538086
0,-49.0,-95,20,10,60.20797348022461,57.14017868041992,57.14017868041992,52.201534271240234,49.40647888183594,43.600460052490234,41.400482177734375,38.41874694824219,37.013511657714844,34.20526123046875,31.62277603149414,28.844409942626953,26.925823211669922,24.1867733001709,21.63330841064453,20.124610900878906,18.973665237426758,15.81138801574707,15.81138801574707,16.124515533447266,14.317821502685547,13.0,13.0,12.165525436401367,13.34166431427002,12.083045959472656,12.529964447021484,13.03840446472168,14.422204971313477,15.0,14.21267032623291,14.21267032623291,15.620499610900879,16.401220321655273,14.866068840026855,16.278820037841797,16.970561981201172,15.55634880065918,15.55634880065918,14.866068840026855,15.620499610900879,16.970561981201172,15.620499610900879,15.55634880065918,16.278820037841797,16.278820037841797,17.029386520385742,17.029386520385742,17.69180679321289,16.401220321655273,17.20465087890625,16.6433162689209
0,-49.0,-95,18,7,53.851646423339844,48.764739990234375,47.434165954589844,43.65776062011719,41.1096076965332,35.46829605102539,37.336307525634766,32.69556427001953,31.95309066772461,30.463092803955078,28.23118782043457,25.63201141357422,24.041629791259766,20.615528106689453,18.681541442871094,18.681541442871094,16.278820037841797,15.524174690246582,13.152946472167969,13.0,12.041594505310059,11.045360565185547,11.180339813232422,11.401754379272461,10.770329475402832,8.9442720413208,8.602325439453125,10.0,9.899495124816895,9.219544410705566,9.899495124816895,9.219544410705566,11.401754379272461,10.816654205322266,10.29563045501709,9.899495124816895,10.0,10.816654205322266,10.816654205322266,10.816654205322266,10.816654205322266,10.816654205322266,11.180339813232422,9.848857879638672,10.816654205322266,10.29563045501709,11.180339813232422,11.180339813232422,11.180339813232422,10.816654205322266,10.816654205322266,10.630146026611328
0,-48.0,-95,20,11,77.33692169189453,71.58910369873047,68.7677230834961,66.48307800292969,62.28964614868164,57.982757568359375,56.56854248046875,53.037723541259766,50.20956039428711,45.27692413330078,43.863426208496094,41.773197174072266,38.94868469238281,34.71310806274414,31.890438079833984,30.479501724243164,29.20616340637207,26.248809814453125,24.413110733032227,22.203603744506836,19.416488647460938,19.72308349609375,16.6433162689209,14.317821502685547,13.0,12.083045959472656,9.486832618713379,8.0,7.071067810058594,6.082762718200684,5.0,5.385164737701416,3.605551242828369,3.605551242828369,2.8284270763397217,4.4721360206604,5.0,6.0,5.0,7.071067810058594,7.0,8.062257766723633,9.219544410705566,9.219544410705566,10.198039054870605,10.198039054870605,11.180339813232422,12.165525436401367,13.03840446472168,13.152946472167969,14.03566837310791,14.0
0,-48.0,-95,20,11,78.64476776123047,73.66138458251953,69.42621612548828,66.84310150146484,63.89052963256836,60.4400520324707,55.60575485229492,53.600372314453125,51.400390625,47.801673889160156,45.0,41.400482177734375,39.051246643066406,36.2353401184082,34.058773040771484,31.890438079833984,29.73213768005371,26.248809814453125,24.041629791259766,23.34523582458496,19.79899024963379,18.384777069091797,18.439088821411133,16.401220321655273,14.21267032623291,13.601470947265625,9.433980941772461,8.9442720413208,8.246211051940918,6.324555397033691,6.0,5.0,5.0,3.605551242828369,3.1622776985168457,3.605551242828369,4.4721360206604,5.385164737701416,5.099019527435303,6.082762718200684,6.0,8.062257766723633,8.0,9.05538558959961,9.05538558959961,10.0,11.045360565185547,11.0,12.0,14.03566837310791,13.34166431427002,14.560219764709473
0,-48.0,-95,18,10,52.15361785888672,49.04079818725586,46.04345703125,42.296573638916016,42.04759216308594,38.05259704589844,38.05259704589844,32.140316009521484,34.058773040771484,30.265491485595703,29.42787742614746,27.294687271118164,26.07680892944336,23.021728515625,21.02379608154297,20.02498435974121,18.027755737304688,16.0,13.0,14.0,11.0,10.198039054870605,10.0,10.0,8.062257766723633,6.0,3.1622776985168457,4.0,2.2360680103302,0.0,1.0,1.4142135381698608,1.4142135381698608,3.1622776985168457,3.1622776985168457,4.0,5.0,5.099019527435303,5.099019527435303,5.385164737701416,7.280109882354736,6.082762718200684,8.246211051940918,8.246211051940918,7.280109882354736,9.219544410705566,9.219544410705566,9.219544410705566,10.770329475402832,10.770329475402832,10.29563045501709,10.29563045501709
0,-49.0,-95,21,10,85.58621215820312,80.26206970214844,79.4040298461914,76.15773010253906,71.19690704345703,65.76473236083984,61.29437255859375,57.30619430541992,53.712196350097656,50.6063232421875,46.14108657836914,43.90899658203125,40.8166618347168,37.44329071044922,34.48188018798828,31.064449310302734,26.62705421447754,24.698177337646484,23.600847244262695,20.615528106689453,18.867961883544922,16.401220321655273,13.601470947265625,11.401754379272461,9.433980941772461,7.6157732009887695,1.4142135381698608,2.2360680103302,0.0,3.0,2.8284270763397217,3.605551242828369,5.656854152679443,5.656854152679443,9.219544410705566,10.630146026611328,11.313708305358887,11.313708305358887,12.806248664855957,12.727922439575195,13.45362377166748,14.422204971313477,17.029386520385742,15.81138801574707,15.620499610900879,17.029386520385742,17.804492950439453,17.20465087890625,19.416488647460938,19.72308349609375,20.248456954956055,20.248456954956055
0,-50.0,-95,21,12,88.54377746582031,81.59656524658203,80.95677947998047,74.3303451538086,71.16881561279297,63.24555206298828,61.032779693603516,56.920997619628906,53.45091247558594,49.04079818725586,44.643028259277344,40.024993896484375,38.327537536621094,32.98484420776367,32.280025482177734,26.68332862854004,23.53720474243164,20.615528106689453,18.248287200927734,15.524174690246582,13.928388595581055,11.704699516296387,7.071067810058594,6.7082037925720215,5.656854152679443,3.1622776985168457,5.0,5.830951690673828,6.7082037925720215,7.211102485656738,7.6157732009887695,12.083045959472656,12.649110794067383,14.560219764709473,16.278820037841797,15.132745742797852,16.492422103881836,18.248287200927734,16.278820037841797,18.248287200927734,19.235383987426758,19.416488647460938,19.235383987426758,19.646883010864258,19.416488647460938,19.416488647460938,19.235383987426758,19.416488647460938,20.615528106689453,19.416488647460938,19.416488647460938,21.095022201538086
0,-50.0,-95,22,8,84.17243957519531,79.62411499023438,77.10382843017578,73.54590606689453,67.26811981201172,62.169124603271484,58.46366500854492,55.31726837158203,52.39274597167969,47.07440948486328,43.680660247802734,41.0,36.49657440185547,32.38827133178711,32.557640075683594,27.658634185791016,25.179357528686523,22.203603744506836,19.0,18.0,14.0,12.041594505310059,11.045360565185547,10.049875259399414,7.211102485656738,6.324555397033691,2.8284270763397217,6.0,5.0,4.4721360206604,6.324555397033691,8.9442720413208,8.602325439453125,9.433980941772461,10.0,10.0,10.0,12.529964447021484,12.041594505310059,13.601470947265625,10.816654205322266,10.816654205322266,12.206555366516113,10.630146026611328,9.899495124816895,10.0,10.630146026611328,11.401754379272461,12.041594505310059,9.899495124816895,9.899495124816895,9.219544410705566
0,-50.0,-95,22,10,94.3716049194336,92.59049987792969,87.66413116455078,85.08818817138672,76.94153594970703,72.56031799316406,66.73080444335938,63.631752014160156,60.539241790771484,57.45433044433594,53.66563034057617,48.754486083984375,48.30113983154297,44.72135925292969,39.4461669921875,35.84689712524414,34.539833068847656,31.38471031188965,28.460498809814453,27.85677719116211,23.76972770690918,22.472204208374023,18.439088821411133,19.235383987426758,16.124515533447266,14.03566837310791,11.0,9.0,9.0,8.0,6.0,3.0,4.123105525970459,4.123105525970459,2.0,3.1622776985168457,4.0,2.0,3.0,4.0,3.0,3.1622776985168457,2.8284270763397217,3.605551242828369,4.123105525970459,5.099019527435303,3.605551242828369,5.099019527435303,6.4031243324279785,5.0,6.082762718200684,6.082762718200684
0,-49.0,-95,21,15,101.07917785644531,96.02082824707031,91.0494384765625,89.0,82.0,77.0,72.00694274902344,68.00735473632812,66.00757598876953,60.008331298828125,57.03507614135742,54.08327102661133,51.15662384033203,48.25971221923828,44.10215377807617,40.112342834472656,38.20994567871094,35.12833786010742,33.241539001464844,31.256999969482422,29.068883895874023,26.305892944335938,24.331050872802734,22.803508758544922,21.3775577545166,17.262676239013672,16.031219482421875,14.142135620117188,12.041594505310059,10.0,9.0,7.0,6.0,4.0,3.0,2.8284270763397217,1.4142135381698608,1.4142135381698608,1.0,2.0,1.0,2.2360680103302,3.1622776985168457,4.4721360206604,4.4721360206604,5.830951690673828,5.830951690673828,7.071067810058594,8.062257766723633,9.219544410705566,9.219544410705566,9.219544410705566
0,-49.0,-95,22,14,112.29425811767578,106.47064971923828,101.96568298339844,99.29753112792969,92.59049987792969,89.06739044189453,83.18653869628906,78.29431915283203,74.24284362792969,68.44705963134766,67.97793579101562,63.071388244628906,58.694122314453125,56.46237564086914,52.0,49.39635467529297,48.10405349731445,43.65776062011719,43.32435989379883,39.560081481933594,35.46829605102539,34.539833068847656,33.105892181396484,31.016124725341797,29.546573638916016,28.17800521850586,25.553865432739258,23.021728515625,22.022714614868164,22.671567916870117,20.51828384399414,19.209373474121094,19.416488647460938,19.72308349609375,17.0880069732666,17.464248657226562,17.464248657226562,17.464248657226562,18.11077117919922,19.10497283935547,17.029386520385742,18.0,18.027755737304688,20.099750518798828,18.439088821411133,20.39607810974121,20.39607810974121,19.646883010864258,21.189620971679688,22.472204208374023,23.706539154052734,23.706539154052734
0,-48.0,-95,24,11,120.066650390625,117.0384521484375,112.0,109.01834869384766,103.0,96.00521087646484,91.02197265625,87.09190368652344,84.05355072021484,78.16009521484375,77.10382843017578,74.1687240600586,70.34912872314453,67.36467742919922,64.38167572021484,60.530982971191406,59.84145736694336,55.44366455078125,54.7448616027832,52.611785888671875,52.46903991699219,49.497474670410156,48.50773239135742,49.497474670410156,48.166378021240234,48.093658447265625,49.01020431518555,49.0,49.01020431518555,48.041648864746094,48.093658447265625,49.25444030761719,49.497474670410156,49.648765563964844,50.0099983215332,50.0099983215332,50.0099983215332,48.05205535888672,48.764739990234375,48.764739990234375,49.72926712036133,47.801673889160156,48.764739990234375,47.801673889160156,49.33558654785156,49.04079818725586,49.04079818725586,51.244510650634766,49.33558654785156,48.383880615234375,50.9215087890625,51.4781494140625
0,-48.0,-95,24,-1,61.717098236083984,57.384666442871094,55.973209381103516,53.75872039794922,50.32891845703125,47.50789260864258,43.84062194824219,43.863426208496094,39.59798049926758,40.31128692626953,37.48332977294922,36.769554138183594,33.970577239990234,31.827661514282227,29.698484420776367,32.649654388427734,29.73213768005371,29.0,29.698484420776367,26.870058059692383,29.0,27.658634185791016,26.172504425048828,26.90724754333496,26.248809814453125,26.90724754333496,27.658634185791016,28.319604873657227,28.319604873657227,31.240999221801758,30.0,29.681644439697266,30.610456466674805,31.064449310302734,29.4108829498291,32.202484130859375,30.805843353271484,31.62277603149414,31.064449310302734,31.62277603149414,33.0151481628418,32.202484130859375,32.202484130859375,31.064449310302734,30.610456466674805,32.202484130859375,29.4108829498291,33.42155075073242,32.202484130859375,31.62277603149414,34.4093017578125,33.2866325378418
0,-50.0,-95,23,12,79.92496490478516,81.3449478149414,74.94664764404297,73.40980529785156,61.29437255859375,61.400325775146484,53.712196350097656,47.88528060913086,49.19349670410156,45.650848388671875,45.27692413330078,42.94182205200195,43.382022857666016,41.146080017089844,38.94868469238281,35.22782897949219,35.608985900878906,28.600698471069336,33.60059356689453,33.42155075073242,32.526912689208984,31.14482307434082,30.479501724243164,37.80211639404297,36.06937789916992,38.20994567871094,40.45985794067383,40.45985794067383,43.27817153930664,41.231056213378906,46.40043258666992,44.204071044921875,50.0,47.801673889160156,50.477718353271484,47.434165954589844,49.648765563964844,49.40647888183594,52.801513671875,55.44366455078125,48.60041046142578,52.009613037109375,50.32891845703125,50.990196228027344,52.49761962890625,51.088157653808594,51.6623649597168,53.15073013305664,50.93132781982422,52.32590103149414,53.90732955932617,54.81787872314453
0,-50.0,-95,22,15,63.82006072998047,56.61272048950195,53.25410842895508,47.20169448852539,43.8292121887207,37.202152252197266,33.0151481628418,30.610456466674805,25.806976318359375,20.615528106689453,18.439088821411133,15.55634880065918,11.401754379272461,9.486832618713379,7.0,8.062257766723633,9.848857879638672,10.0,12.727922439575195,15.0,17.492855072021484,21.095022201538086,21.63330841064453,26.07680892944336,28.844409942626953,29.681644439697266,34.4093017578125,37.44329071044922,39.20458984375,42.01190185546875,42.63801193237305,46.40043258666992,47.801673889160156,47.801673889160156,49.20365905761719,50.447994232177734,50.32891845703125,52.49761962890625,51.088157653808594,51.7397346496582,53.75872039794922,53.037723541259766,54.451812744140625,52.345008850097656,53.037723541259766,53.075416564941406,55.17245864868164,57.314918518066406,57.314918518066406,58.728187561035156,57.982757568359375,57.314918518066406
0,-50.0,-95,20,15,48.54894256591797,46.3249397277832,39.11521530151367,36.8917350769043,31.62277603149414,30.528675079345703,27.459060668945312,24.413110733032227,19.84943389892578,14.866068840026855,13.45362377166748,12.206555366516113,8.5440034866333,9.0,7.0,6.7082037925720215,7.8102498054504395,8.485280990600586,12.083045959472656,13.0,13.34166431427002,15.81138801574707,16.278820037841797,20.099750518798828,21.095022201538086,21.0,26.07680892944336,26.0,29.0,27.0,31.0,31.016124725341797,32.015621185302734,34.01470184326172,34.058773040771484,33.13608169555664,35.12833786010742,35.12833786010742,35.12833786010742,37.05401611328125,34.36568069458008,37.2155876159668,35.12833786010742,37.2155876159668,36.34556198120117,35.35533905029297,36.67424011230469,37.48332977294922,37.85498809814453,38.327537536621094,37.947330474853516,39.924930572509766
0,-50.0,-95,20,13,45.486263275146484,42.43819046020508,36.359317779541016,35.510562896728516,32.24903106689453,29.154760360717773,27.459060668945312,23.323806762695312,21.02379608154297,18.973665237426758,16.76305389404297,15.29705810546875,13.0,11.045360565185547,11.401754379272461,10.770329475402832,11.661903381347656,10.630146026611328,12.206555366516113,13.892443656921387,14.317821502685547,16.552946090698242,15.81138801574707,17.72004508972168,18.439088821411133,19.416488647460938,22.203603744506836,23.194826126098633,25.317977905273438,25.179357528686523,27.294687271118164,27.459060668945312,27.294687271118164,28.284271240234375,27.658634185791016,29.614185333251953,29.832868576049805,28.861740112304688,30.08321762084961,29.832868576049805,30.805843353271484,30.08321762084961,30.805843353271484,30.364452362060547,30.675724029541016,30.08321762084961,31.38471031188965,32.69556427001953,32.649654388427734,35.35533905029297,34.66987228393555,34.20526123046875
0,-48.0,-95,20,12,50.03998565673828,47.095645904541016,43.0,41.01219177246094,39.0128173828125,34.058773040771484,31.016124725341797,29.0,28.0,25.317977905273438,22.203603744506836,21.840330123901367,21.189620971679688,20.124610900878906,19.72308349609375,18.601076126098633,17.029386520385742,17.69180679321289,17.69180679321289,19.416488647460938,19.416488647460938,21.470911026000977,19.235383987426758,20.615528106689453,23.76972770690918,20.880613327026367,23.76972770690918,24.73863410949707,25.961509704589844,24.73863410949707,26.68332862854004,27.658634185791016,27.892650604248047,29.614185333251953,28.861740112304688,29.614185333251953,29.614185333251953,31.320919036865234,32.572994232177734,31.048349380493164,31.62277603149414,31.95309066772461,33.61547088623047,32.69556427001953,33.105892181396484,33.541019439697266,34.0,34.66987228393555,36.055511474609375,36.400550842285156,37.53664779663086,36.79673767089844
0,-48.0,-95,20,12,50.35871505737305,47.26520919799805,44.40720748901367,42.19004440307617,37.336307525634766,34.13209533691406,31.400636672973633,30.4138126373291,27.459060668945312,27.20294189453125,24.041629791259766,21.931713104248047,22.360679626464844,20.248456954956055,20.0,19.10497283935547,18.439088821411133,18.439088821411133,18.867961883544922,18.357559204101562,21.470911026000977,21.540658950805664,20.880613327026367,21.840330123901367,21.840330123901367,22.56102752685547,23.194826126098633,25.179357528686523,26.172504425048828,26.07680892944336,27.073972702026367,28.07133674621582,29.017236709594727,29.154760360717773,29.068883895874023,30.01666259765625,30.149627685546875,30.265491485595703,31.14482307434082,33.241539001464844,31.256999969482422,32.38827133178711,33.541019439697266,33.541019439697266,33.541019439697266,34.20526123046875,34.48188018798828,35.46829605102539,35.84689712524414,35.7770881652832,38.587562561035156,37.202152252197266
0,-47.0,-95,20,12,54.20331954956055,51.97114562988281,49.24428939819336,46.647613525390625,43.046485900878906,40.31128692626953,38.07886505126953,34.885528564453125,33.12099075317383,32.69556427001953,29.73213768005371,28.460498809814453,26.925823211669922,25.495098114013672,23.53720474243164,23.0867919921875,23.0,23.0,23.021728515625,22.022714614868164,21.02379608154297,23.194826126098633,22.56102752685547,22.803508758544922,22.135944366455078,22.472204208374023,23.25940704345703,24.166091918945312,24.166091918945312,25.238859176635742,24.1867733001709,25.05992889404297,26.419689178466797,26.419689178466797,26.925823211669922,28.301942825317383,28.301942825317383,28.301942825317383,30.01666259765625,30.01666259765625,30.886890411376953,31.30495262145996,32.649654388427734,31.78049659729004,33.61547088623047,32.893768310546875,34.48188018798828,34.20526123046875,35.510562896728516,37.336307525634766,38.05259704589844,37.05401611328125
0,-47.0,-95,21,9,68.88395690917969,64.76110076904297,62.817195892333984,58.694122314453125,56.51548385620117,52.201534271240234,49.72926712036133,47.53945541381836,43.416587829589844,40.79215621948242,40.79215621948242,38.63935852050781,37.2155876159668,35.12833786010742,33.060550689697266,31.0,30.0,30.0,29.154760360717773,28.284271240234375,28.44292449951172,27.892650604248047,25.70992088317871,27.85677719116211,25.495098114013672,28.23118782043457,25.495098114013672,26.419689178466797,27.459060668945312,25.806976318359375,27.459060668945312,28.600698471069336,28.017850875854492,28.017850875854492,29.4108829498291,29.832868576049805,30.610456466674805,30.610456466674805,32.80244064331055,33.0151481628418,33.0151481628418,33.0151481628418,34.66987228393555,35.510562896728516,35.35533905029297,34.885528564453125,37.161808013916016,38.07886505126953,38.27531814575195,39.560081481933594,39.81205749511719,39.11521530151367
0,-47.0,-95,21,8,70.21395874023438,66.0984115600586,62.96824645996094,60.20797348022461,55.90169906616211,53.600372314453125,50.447994232177734,48.05205535888672,44.9110221862793,42.42640686035156,40.4474983215332,38.327537536621094,37.121421813964844,35.05709457397461,33.0151481628418,30.0,30.0,28.017850875854492,28.284271240234375,27.294687271118164,25.495098114013672,25.70992088317871,25.70992088317871,24.698177337646484,24.698177337646484,23.76972770690918,23.706539154052734,24.1867733001709,23.853721618652344,23.021728515625,24.413110733032227,24.83948516845703,25.612497329711914,24.083189010620117,26.172504425048828,26.248809814453125,27.58622932434082,27.58622932434082,28.284271240234375,29.0,28.319604873657227,30.479501724243164,31.240999221801758,31.240999221801758,32.015621185302734,32.4499626159668,34.66987228393555,34.48188018798828,34.0,35.84689712524414,35.46829605102539,34.928497314453125
0,-47.0,-95,20,8,51.088157653808594,47.6340217590332,46.097721099853516,43.416587829589844,43.600460052490234,39.20458984375,36.055511474609375,34.20526123046875,33.83784866333008,30.610456466674805,28.42534065246582,26.248809814453125,26.248809814453125,25.495098114013672,23.34523582458496,20.615528106689453,19.84943389892578,20.808652877807617,19.72308349609375,18.027755737304688,17.0,19.235383987426758,15.231546401977539,15.524174690246582,15.81138801574707,15.524174690246582,16.124515533447266,15.033296585083008,15.033296585083008,17.0,17.0,17.0,17.029386520385742,19.0,17.11724281311035,19.10497283935547,19.235383987426758,19.10497283935547,20.099750518798828,18.11077117919922,21.02379608154297,21.095022201538086,20.0,20.0,20.0,22.090721130371094,20.099750518798828,23.0867919921875,22.360679626464844,23.53720474243164,22.803508758544922,22.472204208374023
0,-50.0,-95,23,2,72.44308471679688,71.56814575195312,66.48307800292969,62.801273345947266,59.6824951171875,56.56854248046875,51.195701599121094,47.85394287109375,47.85394287109375,40.79215621948242,39.623226165771484,36.49657440185547,33.37664031982422,32.24903106689453,30.265491485595703,25.179357528686523,23.194826126098633,21.0,20.099750518798828,19.0,16.124515533447266,15.29705810546875,12.369317054748535,10.440306663513184,10.770329475402832,10.0,10.630146026611328,8.062257766723633,8.5440034866333,10.198039054870605,10.0,11.045360565185547,10.049875259399414,13.0,13.03840446472168,15.132745742797852,15.524174690246582,17.464248657226562,16.278820037841797,17.262676239013672,18.11077117919922,17.262676239013672,17.262676239013672,19.10497283935547,18.11077117919922,20.099750518798828,19.0,20.02498435974121,21.0,22.0,23.021728515625,23.194826126098633
0,-51.0,-95,24,11,117.0384521484375,127.00393676757812,127.098388671875,117.0042724609375,115.0,104.04325866699219,97.1287841796875,90.0888442993164,83.02409362792969,77.0064926147461,72.06246948242188,66.0302963256836,60.0,54.00925827026367,47.04253387451172,43.104522705078125,36.055511474609375,34.36568069458008,29.832868576049805,24.331050872802734,20.248456954956055,17.464248657226562,11.401754379272461,9.433980941772461,8.602325439453125,2.8284270763397217,4.242640495300293,9.433980941772461,12.806248664855957,15.264337539672852,18.384777069091797,20.615528106689453,22.135944366455078,25.079872131347656,26.925823211669922,29.4108829498291,30.364452362060547,33.52610778808594,35.44009017944336,35.1710090637207,36.769554138183594,37.10795211791992,36.68787384033203,33.83784866333008,38.62641525268555,40.16217041015625,36.400550842285156,40.853397369384766,41.231056213378906,42.48529052734375,39.824615478515625,40.8166618347168
0,-52.0,-95,25,13,161.22035217285156,162.93557739257812,163.24827575683594,150.8641815185547,144.46107482910156,132.27999877929688,123.43419647216797,113.5693588256836,106.66770935058594,99.48869323730469,90.78546142578125,83.63013458251953,74.41101837158203,66.52819061279297,59.66573715209961,53.81449508666992,45.45327377319336,40.607879638671875,33.42155075073242,30.805843353271484,26.832815170288086,22.472204208374023,19.313207626342773,16.031219482421875,15.524174690246582,15.81138801574707,18.439088821411133,21.260292053222656,25.806976318359375,29.154760360717773,31.38471031188965,34.928497314453125,38.07886505126953,40.853397369384766,40.49691390991211,44.94440841674805,44.271888732910156,47.75981521606445,47.75981521606445,47.434165954589844,51.62363815307617,50.59644317626953,52.55473327636719,49.76947021484375,52.55473327636719,53.712196350097656,55.46169662475586,58.18075180053711,59.236812591552734,60.008331298828125,61.09828186035156,62.93647766113281
0,-53.0,-95,27,10,78.23681640625,89.0,91.92388153076172,98.4327163696289,108.46658325195312,118.1270523071289,127.90621185302734,121.39604949951172,114.14026641845703,103.16007232666016,98.48857879638672,86.58522033691406,81.25269317626953,73.37574768066406,68.3081283569336,61.032779693603516,58.872745513916016,50.08992004394531,51.0,47.70744323730469,47.6340217590332,48.08325958251953,46.097721099853516,48.60041046142578,51.61395263671875,51.97114562988281,57.27128601074219,56.82429122924805,60.008331298828125,65.39112854003906,70.00714111328125,66.70832061767578,73.9256362915039,73.9256362915039,76.69419860839844,78.92401123046875,77.077880859375,77.87811279296875,79.7057113647461,80.95677947998047,83.24061584472656,81.4923324584961,85.95928955078125,83.52843475341797,85.75546264648438,86.83892822265625,81.02468872070312,87.80091094970703,90.21086120605469,92.6552734375,94.30270385742188,95.13148498535156
0,-51.0,-95,26,10,110.05907440185547,107.42439270019531,96.17691802978516,90.55384826660156,84.05950164794922,77.42092895507812,70.60453033447266,66.84310150146484,60.10823440551758,54.488529205322266,56.61272048950195,51.61395263671875,51.0,49.658836364746094,49.39635467529297,48.383880615234375,48.764739990234375,50.0099983215332,54.12947463989258,58.4208869934082,58.215118408203125,59.41380310058594,62.12889862060547,63.3876953125,71.34423828125,69.46221923828125,75.13321685791016,75.66372680664062,82.37718200683594,82.76472473144531,82.37718200683594,84.40379333496094,85.90692901611328,82.56512451171875,85.16454315185547,85.38150024414062,90.13877868652344,86.72946166992188,90.2496566772461,89.05054473876953,82.73451232910156,88.54942321777344,93.1504135131836,87.66413116455078,87.98295593261719,87.09190368652344,91.02197265625,88.60022735595703,92.20086669921875,94.81033325195312,95.21029663085938,96.83490753173828
0,-50.0,-95,25,17,68.47627258300781,59.9416389465332,54.625999450683594,49.04079818725586,41.19466018676758,38.0,36.22154235839844,35.84689712524414,35.510562896728516,34.71310806274414,39.051246643066406,42.72002029418945,49.648765563964844,50.537113189697266,53.851646423339844,56.859474182128906,62.64982223510742,65.92420196533203,70.93659210205078,75.23961639404297,76.5506362915039,81.70679473876953,81.02468872070312,87.66413116455078,91.67878723144531,94.3716049194336,99.84988403320312,102.72779846191406,107.070068359375,108.72441864013672,110.67520141601562,111.25196838378906,114.03946685791016,114.20157623291016,114.20157623291016,115.25623321533203,114.97825622558594,114.97825622558594,114.69088745117188,118.19052124023438,113.86395263671875,115.27792358398438,118.92855072021484,113.21660614013672,115.52056121826172,114.69088745117188,118.44407653808594,119.75391387939453,122.4948959350586,124.52308654785156,121.63058471679688,119.55333709716797
0,-47.0,-95,22,16,39.11521530151367,34.4093017578125,29.73213768005371,26.870058059692383,22.022714614868164,17.464248657226562,13.34166431427002,14.142135620117188,11.704699516296387,14.21267032623291,18.027755737304688,20.124610900878906,23.25940704345703,24.351591110229492,28.861740112304688,31.575305938720703,34.2344856262207,38.11823654174805,41.1096076965332,43.046485900878906,46.0,50.0,50.0099983215332,53.15073013305664,55.145263671875,57.21887969970703,62.513999938964844,63.3876953125,65.76473236083984,68.73136138916016,69.58448028564453,69.87130737304688,73.82411193847656,73.68174743652344,73.55270385742188,73.68174743652344,75.66372680664062,74.5452880859375,74.5452880859375,75.53807067871094,75.42546081542969,75.53807067871094,75.53807067871094,76.32168579101562,74.4311752319336,75.32595825195312,76.16429901123047,76.02631378173828,75.0,76.05918884277344,76.32168579101562,76.11833190917969
0,-47.0,-95,21,14,43.5660400390625,38.327537536621094,37.05401611328125,33.0,28.0,25.01999282836914,22.56102752685547,20.248456954956055,18.027755737304688,17.804492950439453,14.866068840026855,17.492855072021484,18.681541442871094,20.2237491607666,22.0,23.0,24.1867733001709,26.305892944335938,28.861740112304688,32.280025482177734,33.52610778808594,34.78505325317383,35.46829605102539,38.4837646484375,39.81205749511719,40.71854782104492,45.17742919921875,46.52956008911133,50.11985778808594,49.24428939819336,49.648765563964844,52.77309799194336,52.77309799194336,53.66563034057617,54.5618896484375,53.712196350097656,56.79788589477539,56.46237564086914,57.775428771972656,59.236812591552734,57.384666442871094,57.384666442871094,57.584720611572266,56.30275344848633,57.584720611572266,57.28001403808594,57.9741325378418,57.723480224609375,57.070133209228516,57.55866622924805,58.215118408203125,57.0
0,-46.0,-95,20,9,47.12748718261719,44.271888732910156,41.43669891357422,39.560081481933594,35.46829605102539,32.31098937988281,28.635643005371094,26.4007568359375,24.1867733001709,23.021728515625,19.209373474121094,17.69180679321289,17.804492950439453,16.124515533447266,13.928388595581055,13.601470947265625,14.03566837310791,14.03566837310791,15.132745742797852,16.492422103881836,16.492422103881836,17.464248657226562,16.6433162689209,19.416488647460938,20.0,22.022714614868164,24.75883674621582,26.870058059692383,26.870058059692383,28.319604873657227,30.479501724243164,31.890438079833984,32.557640075683594,33.241539001464844,33.970577239990234,35.38361358642578,36.06937789916992,35.38361358642578,35.38361358642578,37.48332977294922,36.79673767089844,36.79673767089844,37.64305877685547,37.013511657714844,37.80211639404297,36.619667053222656,37.44329071044922,39.11521530151367,37.58989334106445,37.57658767700195,36.769554138183594,37.64305877685547
0,-47.0,-95,19,12,47.801673889160156,46.840152740478516,43.011627197265625,40.52159881591797,36.68787384033203,34.48188018798828,31.320919036865234,29.4108829498291,27.20294189453125,23.409399032592773,22.472204208374023,19.235383987426758,17.492855072021484,15.264337539672852,14.21267032623291,12.041594505310059,10.816654205322266,10.770329475402832,11.180339813232422,9.05538558959961,11.0,11.045360565185547,11.180339813232422,12.083045959472656,13.03840446472168,13.601470947265625,17.029386520385742,17.029386520385742,18.384777069091797,20.51828384399414,21.931713104248047,21.931713104248047,22.627416610717773,24.75883674621582,25.495098114013672,26.172504425048828,26.870058059692383,26.870058059692383,27.58622932434082,28.42534065246582,27.80287742614746,28.600698471069336,29.4108829498291,29.681644439697266,29.154760360717773,30.01666259765625,29.068883895874023,28.635643005371094,29.96664810180664,28.792360305786133,29.4108829498291,28.635643005371094
0,-47.0,-95,18,7,38.20994567871094,36.12478256225586,33.970577239990234,31.827661514282227,30.4138126373291,27.58622932434082,26.172504425048828,21.931713104248047,21.260292053222656,19.10497283935547,17.69180679321289,16.401220321655273,15.0,13.601470947265625,12.206555366516113,10.29563045501709,7.6157732009887695,7.280109882354736,6.082762718200684,6.0,4.0,4.123105525970459,3.1622776985168457,3.605551242828369,5.0,5.099019527435303,6.0,7.071067810058594,8.062257766723633,9.219544410705566,10.049875259399414,11.180339813232422,11.401754379272461,12.165525436401367,13.152946472167969,14.317821502685547,15.29705810546875,14.317821502685547,15.132745742797852,15.132745742797852,16.124515533447266,16.124515533447266,17.029386520385742,16.031219482421875,16.031219482421875,17.0,17.0,18.0,17.029386520385742,17.11724281311035,17.11724281311035,16.492422103881836
0,-48.0,-95,19,13,67.41661834716797,62.12889862060547,61.057350158691406,57.14017868041992,53.851646423339844,50.2493782043457,45.79301071166992,42.54409408569336,41.67733383178711,36.715118408203125,35.35533905029297,31.30495262145996,29.068883895874023,26.0,22.847318649291992,20.615528106689453,18.973665237426758,16.552946090698242,13.601470947265625,12.649110794067383,9.219544410705566,8.246211051940918,6.324555397033691,4.0,2.0,1.0,2.0,4.123105525970459,7.071067810058594,8.246211051940918,9.219544410705566,12.165525436401367,13.34166431427002,14.560219764709473,16.492422103881836,16.492422103881836,17.72004508972168,18.027755737304688,20.248456954956055,20.248456954956055,22.135944366455078,20.248456954956055,21.540658950805664,21.02379608154297,22.360679626464844,21.470911026000977,22.825424194335938,22.825424194335938,22.825424194335938,24.1867733001709,23.021728515625,22.803508758544922
0,-47.0,-95,19,14,72.61542510986328,69.07966613769531,68.70953369140625,63.694583892822266,60.74536895751953,56.64803695678711,53.48831558227539,48.703182220458984,46.81879806518555,43.96589660644531,41.48493576049805,38.327537536621094,35.1710090637207,32.98484420776367,31.048349380493164,26.68332862854004,24.515300750732422,22.56102752685547,20.39607810974121,19.646883010864258,16.76305389404297,13.928388595581055,13.928388595581055,12.649110794067383,10.29563045501709,7.8102498054504395,6.7082037925720215,7.280109882354736,8.062257766723633,10.049875259399414,10.198039054870605,9.219544410705566,11.180339813232422,12.206555366516113,14.142135620117188,15.620499610900879,15.620499610900879,17.69180679321289,17.69180679321289,19.10497283935547,19.416488647460938,19.416488647460938,20.615528106689453,20.0,21.63330841064453,19.72308349609375,20.59126091003418,21.470911026000977,21.470911026000977,20.59126091003418,23.25940704345703,21.931713104248047
0,-47.0,-95,20,11,77.5241928100586,73.43704986572266,71.02112579345703,68.88395690917969,64.13267517089844,59.84145736694336,57.070133209228516,54.7448616027832,52.17279052734375,49.24428939819336,46.3249397277832,43.416587829589844,41.761226654052734,38.60051727294922,35.44009017944336,33.83784866333008,32.572994232177734,28.160255432128906,26.570659637451172,25.298221588134766,23.76972770690918,22.135944366455078,20.615528106689453,20.615528106689453,19.10497283935547,19.02629852294922,18.0,17.029386520385742,17.029386520385742,17.464248657226562,17.0880069732666,15.65247631072998,17.0,16.6433162689209,17.804492950439453,17.029386520385742,18.384777069091797,17.69180679321289,18.601076126098633,17.804492950439453,18.601076126098633,18.601076126098633,20.248456954956055,19.416488647460938,19.72308349609375,19.235383987426758,20.124610900878906,20.124610900878906,20.615528106689453,19.697715759277344,20.615528106689453,19.92485809326172
0,-46.0,-95,22,10,106.00471496582031,101.0,99.08077239990234,95.08417510986328,90.0888442993164,88.0511245727539,81.1541748046875,78.05767059326172,77.3175277709961,72.17340087890625,68.18357849121094,66.18912506103516,64.38167572021484,59.53990173339844,58.54912567138672,55.73149871826172,54.7448616027832,52.77309799194336,49.24428939819336,48.05205535888672,47.51841735839844,45.7055778503418,44.283180236816406,44.283180236816406,44.40720748901367,44.10215377807617,42.0,43.0,42.0,42.0,41.1096076965332,42.10700607299805,40.199501037597656,40.4474983215332,41.59326934814453,40.4474983215332,39.81205749511719,39.051246643066406,36.68787384033203,37.64305877685547,37.64305877685547,36.68787384033203,37.36308288574219,35.735137939453125,35.735137939453125,33.83784866333008,35.11410140991211,34.78505325317383,35.11410140991211,34.539833068847656,32.202484130859375,31.78049659729004
0,-46.0,-95,24,8,117.17081451416016,115.83177185058594,114.94781494140625,111.89280700683594,105.99056243896484,102.04410552978516,97.98979187011719,95.2732925415039,93.52005004882812,89.47066497802734,88.54942321777344,86.31338500976562,84.53401947021484,81.4923324584961,81.4923324584961,75.66372680664062,76.5375747680664,73.35530090332031,72.94518280029297,74.625732421875,72.20111083984375,72.71863555908203,71.34423828125,71.86793518066406,72.20111083984375,71.19690704345703,74.4311752319336,73.9256362915039,74.79304504394531,70.71067810058594,69.77105712890625,72.4706802368164,74.24284362792969,70.21395874023438,72.44998168945312,69.35416412353516,69.7782211303711,68.54196166992188,64.88451385498047,67.11929321289062,63.56099319458008,63.50590515136719,63.158531188964844,61.269893646240234,57.697486877441406,57.697486877441406,57.775428771972656,59.61543273925781,55.154327392578125,57.384666442871094,56.30275344848633,55.36244201660156
0,-45.0,-95,23,1,44.821868896484375,43.416587829589844,41.88078308105469,41.88078308105469,40.49691390991211,38.07886505126953,40.49691390991211,39.96248245239258,39.11521530151367,38.94868469238281,40.31128692626953,39.96248245239258,39.66106414794922,37.735923767089844,39.66106414794922,39.96248245239258,39.66106414794922,36.359317779541016,39.66106414794922,38.60051727294922,40.49691390991211,38.60051727294922,40.224369049072266,43.416587829589844,42.63801193237305,42.63801193237305,42.63801193237305,44.04542922973633,44.68780517578125,42.8018684387207,45.0,44.68780517578125,46.40043258666992,44.68780517578125,44.04542922973633,43.416587829589844,43.416587829589844,43.416587829589844,44.04542922973633,43.416587829589844,40.45985794067383,39.69886779785156,40.360870361328125,38.18376541137695,40.360870361328125,34.71310806274414,37.48332977294922,35.46829605102539,35.35533905029297,35.38361358642578,35.46829605102539,33.0151481628418
0,-44.0,-95,25,14,78.39005279541016,82.54090118408203,82.54090118408203,89.9888916015625,86.68333435058594,91.24143981933594,94.8946762084961,97.62171936035156,100.60317993164062,101.49384307861328,107.46627044677734,110.76551818847656,113.53413391113281,113.99122619628906,116.8417739868164,117.38824462890625,126.75172424316406,123.62847900390625,129.24781799316406,125.31958770751953,122.37646484375,123.4544448852539,124.66354370117188,120.55289459228516,117.98728942871094,115.31695556640625,115.03912353515625,113.59577178955078,110.53506469726562,113.74093627929688,111.50785064697266,107.70329284667969,105.67875671386719,108.78418731689453,110.05907440185547,110.9414291381836,112.00446319580078,114.06138610839844,116.36150360107422,118.11858367919922,121.19818115234375,124.35433197021484,127.90621185302734,127.0157470703125,129.71121215820312,127.23600006103516,129.35609436035156,130.54501342773438,130.54501342773438,129.80755615234375,128.41339111328125,128.4445343017578
0,-45.0,-95,23,10,23.706539154052734,23.600847244262695,23.430749893188477,24.59674835205078,26.570659637451172,26.305892944335938,31.016124725341797,32.140316009521484,38.470767974853516,41.0,43.011627197265625,45.54119110107422,50.9215087890625,52.32590103149414,55.46169662475586,56.82429122924805,59.36328887939453,62.433963775634766,65.802734375,69.40460968017578,71.40028381347656,74.02702331542969,75.28611755371094,80.72174072265625,82.2192153930664,84.17243957519531,89.1964111328125,93.34880828857422,93.33809661865234,99.76472473144531,97.62171936035156,101.23734283447266,100.4987564086914,100.5683822631836,104.7377700805664,104.23531341552734,104.13932800292969,102.17631530761719,102.8250961303711,100.2646484375,101.04454803466797,101.212646484375,99.6242904663086,97.20082092285156,95.44107818603516,94.04785919189453,95.41488647460938,95.71833801269531,97.1287841796875,93.53608703613281,93.91485595703125,92.11405944824219
0,-44.0,-95,21,11,33.0,31.14482307434082,27.658634185791016,27.513633728027344,25.079872131347656,24.1867733001709,25.0,23.34523582458496,23.600847244262695,24.166091918945312,26.925823211669922,27.892650604248047,28.44292449951172,31.064449310302734,32.015621185302734,33.0,36.12478256225586,36.22154235839844,39.623226165771484,42.57933807373047,43.931766510009766,45.607017517089844,43.680660247802734,49.648765563964844,49.648765563964844,52.49761962890625,57.00876998901367,57.384666442871094,60.539241790771484,59.236812591552734,62.3939094543457,64.25729370117188,64.25729370117188,62.62587356567383,66.40782928466797,63.5688591003418,66.40782928466797,65.14598846435547,65.45991516113281,64.56005096435547,62.361846923828125,63.06346130371094,63.78871536254883,63.56099319458008,62.96824645996094,60.8276252746582,62.3939094543457,61.20457458496094,60.29925537109375,60.13318634033203,60.008331298828125,58.13776779174805
0,-45.0,-95,19,15,43.17406463623047,40.607879638671875,38.11823654174805,35.05709457397461,34.01470184326172,29.0,28.07133674621582,25.495098114013672,24.73863410949707,23.25940704345703,23.706539154052734,23.600847244262695,24.041629791259766,23.34523582458496,24.413110733032227,23.706539154052734,25.495098114013672,27.85677719116211,29.832868576049805,29.614185333251953,30.4138126373291,32.24903106689453,32.38827133178711,37.05401611328125,38.01315689086914,38.0,41.0,44.0113639831543,46.0,47.0,47.0,49.01020431518555,50.0,50.0,50.03998565673828,51.03919982910156,51.03919982910156,50.08992004394531,52.239830017089844,50.35871505737305,51.62363815307617,50.635955810546875,50.635955810546875,50.21951675415039,49.47726821899414,48.764739990234375,49.33558654785156,48.383880615234375,50.32891845703125,50.15974426269531,48.764739990234375,46.87216567993164
0,-45.0,-95,19,15,49.497474670410156,45.7055778503418,42.10700607299805,39.11521530151367,36.055511474609375,35.0,32.0,30.01666259765625,27.166154861450195,25.298221588134766,24.351591110229492,22.825424194335938,23.853721618652344,22.022714614868164,21.931713104248047,22.022714614868164,21.40093421936035,22.825424194335938,24.698177337646484,25.298221588134766,27.20294189453125,26.925823211669922,27.459060668945312,31.14482307434082,32.06243896484375,33.060550689697266,35.05709457397461,38.05259704589844,41.04875183105469,41.04875183105469,41.04875183105469,44.04542922973633,44.10215377807617,45.27692413330078,45.27692413330078,44.40720748901367,46.27094268798828,46.52956008911133,46.69047164916992,47.07440948486328,45.35416030883789,45.607017517089844,45.880279541015625,45.221675872802734,45.31004333496094,44.384681701660156,45.18849563598633,45.17742919921875,44.777225494384766,44.41846466064453,43.011627197265625,43.27817153930664
0,-47.0,-95,19,13,57.87054443359375,54.4058837890625,52.49761962890625,49.04079818725586,46.173583984375,42.72002029418945,40.024993896484375,36.13862228393555,34.20526123046875,31.62277603149414,29.4108829498291,27.513633728027344,25.079872131347656,22.360679626464844,20.59126091003418,18.357559204101562,16.6433162689209,14.21267032623291,13.601470947265625,12.806248664855957,11.661903381347656,10.770329475402832,9.219544410705566,11.0,11.045360565185547,10.440306663513184,13.892443656921387,16.124515533447266,16.6433162689209,17.20465087890625,18.867961883544922,20.0,21.40093421936035,23.021728515625,23.600847244262695,23.600847244262695,24.413110733032227,25.238859176635742,26.925823211669922,25.942243576049805,25.942243576049805,26.832815170288086,27.73084831237793,26.4007568359375,27.513633728027344,27.20294189453125,27.892650604248047,26.68332862854004,26.68332862854004,27.294687271118164,27.073972702026367,26.0
0,-48.0,-95,19,14,68.59300231933594,61.55485534667969,61.55485534667969,55.973209381103516,53.26349639892578,49.57822036743164,46.69047164916992,44.59820556640625,40.31128692626953,36.79673767089844,34.65544509887695,31.890438079833984,29.832868576049805,26.4007568359375,22.803508758544922,22.203603744506836,19.72308349609375,16.124515533447266,13.892443656921387,12.083045959472656,10.770329475402832,8.246211051940918,7.0,5.0,4.4721360206604,4.242640495300293,6.082762718200684,6.082762718200684,8.246211051940918,10.29563045501709,12.206555366516113,13.892443656921387,14.764822959899902,16.124515533447266,17.8885440826416,18.357559204101562,18.357559204101562,19.72308349609375,20.59126091003418,22.360679626464844,21.470911026000977,23.25940704345703,22.360679626464844,23.25940704345703,21.931713104248047,23.25940704345703,22.472204208374023,23.76972770690918,24.351591110229492,22.472204208374023,24.041629791259766,21.587032318115234
0,-48.0,-95,21,9,78.51751708984375,77.077880859375,74.24958038330078,72.12489318847656,66.48307800292969,62.93647766113281,57.314918518066406,53.740116119384766,53.037723541259766,49.51767349243164,45.27692413330078,43.13930892944336,39.20458984375,37.53664779663086,35.46829605102539,29.832868576049805,29.068883895874023,24.083189010620117,22.671567916870117,20.51828384399414,18.439088821411133,15.55634880065918,14.21267032623291,10.630146026611328,8.5440034866333,9.05538558959961,7.0,5.830951690673828,7.071067810058594,7.6157732009887695,9.486832618713379,9.486832618713379,11.180339813232422,13.0,15.0,16.031219482421875,16.0,18.027755737304688,19.10497283935547,19.416488647460938,19.235383987426758,20.2237491607666,20.615528106689453,20.39607810974121,20.615528106689453,21.587032318115234,23.0867919921875,21.840330123901367,20.248456954956055,21.189620971679688,21.540658950805664,21.02379608154297
0,-47.0,-95,21,15,102.15674591064453,96.3846435546875,93.04837799072266,91.54779815673828,87.09190368652344,81.3449478149414,75.61084747314453,73.38937377929688,70.83784484863281,65.802734375,62.93647766113281,59.203041076660156,56.32051086425781,52.63079071044922,50.96076965332031,46.57252502441406,42.44997024536133,40.52159881591797,38.07886505126953,37.0,33.241539001464844,33.241539001464844,29.96664810180664,29.546573638916016,27.294687271118164,27.20294189453125,24.75883674621582,24.083189010620117,24.20743751525879,24.413110733032227,25.05992889404297,25.079872131347656,26.570659637451172,24.73863410949707,26.476404190063477,27.294687271118164,26.07680892944336,26.07680892944336,26.0,27.0,26.0,27.0,26.019224166870117,26.0,26.019224166870117,26.019224166870117,26.019224166870117,25.079872131347656,25.179357528686523,25.079872131347656,24.020824432373047,24.331050872802734
0,-47.0,-95,23,14,120.83045959472656,124.33824920654297,120.0749740600586,111.61093139648438,107.93516540527344,107.70793914794922,101.92153930664062,95.07891082763672,92.04889678955078,87.09190368652344,84.20214080810547,82.861328125,81.32035064697266,75.96051788330078,73.76313781738281,69.2603759765625,67.72000885009766,67.18630981445312,65.802734375,64.03124237060547,61.392181396484375,62.169124603271484,59.43904495239258,62.169124603271484,59.03388977050781,61.0,60.530982971191406,60.29925537109375,60.13318634033203,61.073726654052734,60.074954986572266,61.0,60.008331298828125,58.03447341918945,57.07889175415039,56.080299377441406,57.14017868041992,55.145263671875,53.15073013305664,51.03919982910156,51.088157653808594,49.162994384765625,50.08992004394531,47.095645904541016,47.04253387451172,46.010868072509766,46.010868072509766,43.011627197265625,42.01190185546875,43.011627197265625,45.0,42.10700607299805
0,-47.0,-95,24,16,113.0,119.07980346679688,122.1883773803711,121.41252136230469,127.56566619873047,122.26201629638672,118.60859680175781,118.2708740234375,113.28282928466797,109.07337188720703,108.16654205322266,108.01851654052734,107.11676025390625,101.00495147705078,101.0,100.0199966430664,101.0197982788086,97.00515747070312,97.02061462402344,98.0,102.01960754394531,100.00499725341797,97.08243560791016,102.01960754394531,102.01960754394531,105.07616424560547,109.00458526611328,105.0047607421875,111.0,108.07405090332031,108.11567687988281,111.0,109.07337188720703,105.0047607421875,108.00463104248047,104.0,102.00489807128906,102.0,98.0204086303711,94.19129180908203,91.0878677368164,91.3509750366211,93.34345245361328,85.84288024902344,86.31338500976562,83.36066436767578,84.5280990600586,81.58431243896484,81.4923324584961,82.22530364990234,81.25269317626953,80.0624771118164
0,-47.0,-95,21,12,42.42640686035156,38.897300720214844,37.202152252197266,37.735923767089844,33.83784866333008,32.649654388427734,36.715118408203125,34.539833068847656,34.438350677490234,34.48188018798828,35.735137939453125,38.60051727294922,38.60051727294922,38.327537536621094,37.36308288574219,39.81205749511719,41.231056213378906,38.832977294921875,39.458839416503906,42.20189666748047,43.416587829589844,44.14748001098633,46.097721099853516,48.27007293701172,47.53945541381836,48.764739990234375,50.447994232177734,52.39274597167969,52.63079071044922,52.39274597167969,52.39274597167969,52.88667297363281,53.600372314453125,49.72926712036133,53.45091247558594,51.41984176635742,50.447994232177734,49.47726821899414,50.96076965332031,49.33558654785156,47.434165954589844,46.81879806518555,46.615447998046875,43.863426208496094,44.777225494384766,42.04759216308594,46.06517028808594,42.48529052734375,42.94182205200195,42.94182205200195,39.81205749511719,40.31128692626953
0,-46.0,-95,24,12,34.13209533691406,24.20743751525879,24.20743751525879,21.540658950805664,22.203603744506836,22.203603744506836,25.0,29.4108829498291,32.015621185302734,38.28837966918945,40.45985794067383,48.10405349731445,53.90732955932617,58.79625701904297,61.61980056762695,67.94115447998047,69.42621612548828,74.3303451538086,80.62257385253906,81.3449478149414,86.26702880859375,92.6552734375,94.04785919189453,101.17806243896484,104.06248474121094,107.51744079589844,111.94641876220703,119.63277435302734,117.15374755859375,121.03718566894531,124.84390258789062,123.06502532958984,126.65702056884766,125.09996032714844,126.65702056884766,124.47087860107422,124.32618713378906,122.28655242919922,121.51131439208984,120.0,118.00423431396484,115.43396759033203,116.82893371582031,115.67626953125,110.67971801757812,112.07140350341797,110.67971801757812,108.45275115966797,108.22661590576172,110.80162811279297,107.29864501953125,108.57716369628906
0,-46.0,-95,23,14,28.017850875854492,23.430749893188477,20.808652877807617,15.524174690246582,16.124515533447266,13.601470947265625,19.209373474121094,21.470911026000977,25.079872131347656,30.08321762084961,36.13862228393555,41.0,44.14748001098633,50.447994232177734,56.04462432861328,61.392181396484375,65.25334930419922,67.18630981445312,68.4105224609375,74.72616577148438,78.84795379638672,80.65357971191406,83.81526947021484,91.4166259765625,93.6375961303711,96.79875946044922,101.59232330322266,106.77546691894531,108.63240814208984,109.93180084228516,112.72089385986328,115.15641784667969,115.8792495727539,116.07756042480469,117.17507934570312,117.9237060546875,118.30891418457031,113.29607391357422,114.2365951538086,110.30865478515625,107.33592224121094,110.98197937011719,109.1650161743164,106.10372161865234,105.7024154663086,102.55242919921875,104.27847290039062,102.04410552978516,101.23734283447266,101.63660430908203,100.46392059326172,99.29753112792969
0,-45.0,-95,21,11,40.45985794067383,34.65544509887695,34.71310806274414,28.319604873657227,24.20743751525879,19.72308349609375,17.0880069732666,14.866068840026855,12.0,12.649110794067383,10.29563045501709,11.401754379272461,13.416407585144043,15.524174690246582,18.439088821411133,21.0,24.020824432373047,26.07680892944336,30.149627685546875,32.557640075683594,34.36568069458008,37.656341552734375,40.26164245605469,41.48493576049805,43.680660247802734,48.383880615234375,50.9215087890625,55.02726745605469,56.30275344848633,57.584720611572266,59.46427536010742,61.35144805908203,63.24555206298828,60.728904724121094,64.56005096435547,63.89052963256836,63.60031509399414,63.06346130371094,63.324562072753906,63.06346130371094,62.585941314697266,59.66573715209961,61.392181396484375,59.43904495239258,59.03388977050781,58.85575485229492,58.85575485229492,58.4208869934082,57.55866622924805,58.215118408203125,54.147945404052734,55.0
0,-46.0,-95,18,8,25.05992889404297,23.25940704345703,22.847318649291992,20.248456954956055,17.0880069732666,14.560219764709473,13.152946472167969,12.041594505310059,10.0,9.05538558959961,9.486832618713379,7.211102485656738,8.485280990600586,8.9442720413208,9.486832618713379,9.219544410705566,12.041594505310059,12.0,13.0,15.132745742797852,15.132745742797852,16.492422103881836,19.416488647460938,20.39607810974121,21.189620971679688,22.135944366455078,23.409399032592773,26.248809814453125,26.570659637451172,28.460498809814453,28.460498809814453,29.4108829498291,30.08321762084961,30.08321762084961,31.320919036865234,32.015621185302734,31.048349380493164,31.78049659729004,31.78049659729004,31.575305938720703,31.575305938720703,30.265491485595703,31.400636672973633,29.27456283569336,29.27456283569336,28.160255432128906,28.07133674621582,29.017236709594727,30.01666259765625,29.0,27.018512725830078,27.166154861450195
0,-48.0,-95,19,9,32.69556427001953,30.08321762084961,27.73084831237793,25.495098114013672,24.59674835205078,20.59126091003418,19.235383987426758,18.027755737304688,15.620499610900879,12.727922439575195,12.041594505310059,9.433980941772461,9.848857879638672,8.062257766723633,8.0,8.062257766723633,8.5440034866333,9.848857879638672,11.401754379272461,12.041594505310059,13.45362377166748,14.21267032623291,15.264337539672852,17.492855072021484,17.8885440826416,19.72308349609375,21.470911026000977,23.706539154052734,24.166091918945312,25.495098114013672,25.495098114013672,28.17800521850586,28.17800521850586,28.17800521850586,28.65309715270996,29.154760360717773,29.681644439697266,29.681644439697266,30.232433319091797,28.600698471069336,30.232433319091797,28.600698471069336,29.20616340637207,29.068883895874023,27.658634185791016,26.90724754333496,26.90724754333496,27.58622932434082,26.90724754333496,27.658634185791016,26.248809814453125,25.806976318359375
0,-47.0,-95,20,10,50.0099983215332,47.04253387451172,44.04542922973633,41.01219177246094,38.0,33.0151481628418,31.016124725341797,28.160255432128906,25.179357528686523,23.194826126098633,19.646883010864258,18.027755737304688,15.231546401977539,13.416407585144043,11.401754379272461,9.433980941772461,9.486832618713379,9.05538558959961,10.0,10.198039054870605,12.083045959472656,14.764822959899902,15.264337539672852,17.69180679321289,17.69180679321289,21.260292053222656,24.83948516845703,27.018512725830078,27.658634185791016,29.73213768005371,29.832868576049805,32.557640075683594,33.241539001464844,33.941123962402344,36.06937789916992,36.06937789916992,35.38361358642578,35.38361358642578,36.12478256225586,36.12478256225586,36.2353401184082,35.80502700805664,35.80502700805664,34.66987228393555,34.66987228393555,33.61547088623047,34.48188018798828,34.0,33.541019439697266,33.105892181396484,33.241539001464844,31.62277603149414
0,-49.0,-95,21,11,77.3175277709961,71.44927978515625,70.45565795898438,63.28506851196289,61.400325775146484,55.44366455078125,51.4781494140625,47.381431579589844,44.72135925292969,40.4474983215332,37.656341552734375,31.400636672973633,28.44292449951172,26.476404190063477,21.587032318115234,18.681541442871094,14.866068840026855,12.083045959472656,8.246211051940918,5.830951690673828,4.123105525970459,0.0,2.0,5.099019527435303,6.7082037925720215,9.486832618713379,15.81138801574707,18.027755737304688,19.697715759277344,22.472204208374023,23.25940704345703,26.4007568359375,27.85677719116211,28.792360305786133,30.675724029541016,33.52610778808594,32.572994232177734,33.52610778808594,32.572994232177734,32.572994232177734,34.48188018798828,33.52610778808594,34.48188018798828,34.20526123046875,34.48188018798828,32.015621185302734,32.015621185302734,31.78049659729004,31.575305938720703,31.400636672973633,31.400636672973633,31.14482307434082
0,-49.0,-95,22,10,89.55445098876953,85.0,83.18653869628906,77.82672882080078,72.89718627929688,67.08203887939453,61.269893646240234,58.600341796875,54.12947463989258,50.15974426269531,45.694637298583984,41.231056213378906,39.0,35.46829605102539,32.31098937988281,27.312999725341797,24.59674835205078,19.235383987426758,18.357559204101562,16.401220321655273,14.866068840026855,12.206555366516113,10.770329475402832,9.219544410705566,10.049875259399414,11.401754379272461,15.0,17.029386520385742,19.209373474121094,21.21320343017578,22.627416610717773,25.612497329711914,28.42534065246582,27.20294189453125,30.805843353271484,30.232433319091797,31.906112670898438,33.2866325378418,32.4499626159668,32.75667953491211,33.2866325378418,34.13209533691406,33.2866325378418,31.906112670898438,33.61547088623047,32.24903106689453,31.906112670898438,33.61547088623047,31.906112670898438,31.38471031188965,32.75667953491211,31.764760971069336
0,-48.0,-95,22,14,106.77546691894531,101.91172790527344,97.08243560791016,92.76313781738281,87.96590423583984,80.80841827392578,76.69419860839844,72.62230682373047,68.4105224609375,64.20280456542969,59.203041076660156,56.40035629272461,53.00943374633789,49.40647888183594,45.0,40.804412841796875,37.80211639404297,35.46829605102539,32.557640075683594,30.4138126373291,29.832868576049805,27.80287742614746,27.294687271118164,26.07680892944336,26.925823211669922,26.248809814453125,28.284271240234375,30.265491485595703,29.017236709594727,31.016124725341797,32.140316009521484,32.140316009521484,34.525352478027344,34.525352478027344,36.67424011230469,37.85498809814453,36.878177642822266,38.327537536621094,37.36308288574219,38.327537536621094,38.07886505126953,38.07886505126953,36.878177642822266,34.928497314453125,34.71310806274414,36.67424011230469,36.67424011230469,37.48332977294922,36.67424011230469,34.928497314453125,36.878177642822266,34.928497314453125
0,-47.0,-95,25,12,96.51942443847656,93.34345245361328,87.09190368652344,85.0,79.02531433105469,79.10120391845703,75.66372680664062,72.44308471679688,73.16419982910156,75.13321685791016,72.7804946899414,73.49829864501953,73.05477142333984,72.73238372802734,79.84986114501953,75.96051788330078,81.54139709472656,77.077880859375,85.08818817138672,86.40602111816406,87.23531341552734,91.28527069091797,94.02127075195312,95.63471984863281,96.5660400390625,98.61541748046875,109.00458526611328,108.50345611572266,114.82595825195312,114.49017333984375,115.76700592041016,115.108642578125,121.43310546875,116.45600128173828,117.32433319091797,117.0042724609375,116.48175811767578,115.24755859375,112.36102294921875,114.00438690185547,110.60289001464844,109.65856170654297,105.9056167602539,103.7545166015625,103.24727630615234,99.46356201171875,98.85848236083984,101.27191162109375,93.53608703613281,97.73944854736328,91.54779815673828,91.24143981933594
0,-46.0,-95,25,14,70.8307876586914,64.0078125,64.47480010986328,62.297672271728516,59.43904495239258,58.13776779174805,53.037723541259766,59.03388977050781,53.46026611328125,63.324562072753906,65.25334930419922,66.128662109375,73.16419982910156,74.09453582763672,78.72102355957031,85.08818817138672,89.05054473876953,89.96110534667969,98.48857879638672,100.84642028808594,106.92988586425781,111.61540985107422,112.53887939453125,120.55289459228516,124.6515121459961,130.03460693359375,130.91983032226562,130.29965209960938,124.6515121459961,122.42957305908203,122.56018829345703,117.98728942871094,114.94781494140625,117.0469970703125,117.74549102783203,116.05602264404297,115.7410888671875,118.9621810913086,115.24755859375,117.17507934570312,123.69316864013672,123.4544448852539,126.11502838134766,125.60254669189453,128.1327362060547,126.15070343017578,127.88275909423828,127.14165496826172,122.69066619873047,120.81390380859375,116.96580505371094,115.7410888671875
0,-47.0,-95,25,11,48.91830062866211,39.11521530151367,31.11269760131836,28.65309715270996,23.409399032592773,22.022714614868164,21.3775577545166,25.553865432739258,26.90724754333496,35.0,41.67733383178711,46.04345703125,51.107730865478516,53.851646423339844,56.93856430053711,63.52952194213867,70.8307876586914,72.71863555908203,81.54139709472656,82.37718200683594,85.75546264648438,95.96353149414062,98.22932434082031,103.23274993896484,109.40292358398438,112.80071258544922,123.22743225097656,124.47087860107422,130.0961151123047,133.22537231445312,130.8739776611328,135.72398376464844,135.72398376464844,137.0,136.23509216308594,132.7742462158203,135.09255981445312,137.6117706298828,135.2479248046875,132.7742462158203,129.4681396484375,125.73384857177734,128.31600952148438,123.43419647216797,121.0826187133789,119.33147430419922,116.2755355834961,120.6150894165039,115.74540710449219,115.25623321533203,111.21150970458984,108.46658325195312
0,-47.0,-95,24,10,42.48529052734375,33.61547088623047,28.17800521850586,21.02379608154297,16.155494689941406,10.049875259399414,5.0,3.605551242828369,9.848857879638672,15.0,20.59126091003418,27.294687271118164,34.438350677490234,37.57658767700195,42.95346450805664,46.615447998046875,51.865211486816406,54.424259185791016,61.46543884277344,65.802734375,70.88018035888672,75.43209075927734,75.43209075927734,82.76472473144531,86.88497924804688,91.7823486328125,98.47842407226562,102.42070007324219,104.23531341552734,104.56098937988281,107.51744079589844,113.28282928466797,115.41230773925781,113.77169799804688,114.42464447021484,115.91807556152344,112.37882232666016,111.40017700195312,112.5877456665039,111.40017700195312,108.46658325195312,106.8877944946289,108.67382049560547,101.98039245605469,101.98039245605469,101.0,99.2471694946289,99.68952178955078,96.3016128540039,97.1236343383789,95.18928527832031,91.76055908203125
0,-46.0,-95,22,14,54.0,47.04253387451172,43.104522705078125,36.22154235839844,31.78049659729004,25.298221588134766,22.825424194335938,19.84943389892578,16.401220321655273,15.81138801574707,18.0,20.880613327026367,22.360679626464844,24.413110733032227,28.600698471069336,33.970577239990234,36.79673767089844,41.231056213378906,42.20189666748047,47.434165954589844,51.312767028808594,54.918121337890625,59.16925048828125,61.717098236083984,63.95310592651367,68.0,76.94153594970703,80.95059967041016,77.82672882080078,84.53401947021484,82.85529327392578,87.32124328613281,88.6848373413086,88.6848373413086,90.21086120605469,92.43917083740234,89.69392395019531,88.20430755615234,88.7524642944336,84.05355072021484,87.41853332519531,82.4196548461914,85.21150207519531,80.0,79.8122787475586,78.24320983886719,77.98717498779297,77.15568542480469,76.48529052734375,74.2765121459961,73.53910827636719,73.0
0,-47.0,-95,22,11,53.46026611328125,50.80354309082031,45.35416030883789,42.44997024536133,37.336307525634766,33.83784866333008,28.23118782043457,24.1867733001709,21.260292053222656,20.0,17.8885440826416,16.492422103881836,16.0,17.262676239013672,18.973665237426758,21.954498291015625,23.34523582458496,25.45584487915039,31.890438079833984,32.015621185302734,35.80502700805664,39.11521530151367,40.49691390991211,47.01063537597656,47.88528060913086,51.0,56.82429122924805,58.5918083190918,62.17716598510742,62.60990524291992,64.41273498535156,66.24198150634766,68.60028839111328,68.60028839111328,68.60028839111328,69.6419448852539,67.95587158203125,68.50547790527344,69.63475799560547,66.0302963256836,66.61080932617188,65.6048812866211,65.4369888305664,65.29930877685547,62.481998443603516,61.61980056762695,61.61980056762695,61.52235412597656,60.10823440551758,58.79625701904297,57.00876998901367,57.42821502685547
0,-47.0,-95,21,13,56.080299377441406,51.7397346496582,46.69047164916992,42.52058410644531,40.31128692626953,33.941123962402344,31.890438079833984,27.20294189453125,23.323806762695312,21.02379608154297,19.697715759277344,17.262676239013672,16.0,14.317821502685547,14.764822959899902,13.601470947265625,14.21267032623291,18.867961883544922,19.697715759277344,22.472204208374023,25.298221588134766,26.248809814453125,27.892650604248047,31.400636672973633,35.22782897949219,37.336307525634766,41.1096076965332,42.296573638916016,44.18144226074219,47.16990661621094,47.381431579589844,49.36598205566406,51.62363815307617,52.611785888671875,52.95280838012695,52.95280838012695,53.15073013305664,51.6623649597168,52.201534271240234,51.92301940917969,53.45091247558594,50.59644317626953,51.865211486816406,51.26402282714844,48.46648406982422,47.53945541381836,47.92702865600586,46.957427978515625,45.650848388671875,44.41846466064453,45.79301071166992,45.0
0,-47.0,-95,19,18,42.19004440307617,40.31128692626953,40.0,35.0,34.2344856262207,31.064449310302734,24.0,24.083189010620117,20.0,17.464248657226562,14.866068840026855,11.704699516296387,9.433980941772461,9.219544410705566,8.602325439453125,12.165525436401367,12.0,12.041594505310059,13.152946472167969,11.661903381347656,15.81138801574707,15.231546401977539,19.84943389892578,21.931713104248047,22.022714614868164,22.022714614868164,26.4007568359375,29.73213768005371,29.73213768005371,35.608985900878906,34.058773040771484,33.30165100097656,35.46829605102539,35.80502700805664,35.608985900878906,38.01315689086914,38.01315689086914,38.01315689086914,37.44329071044922,36.619667053222656,38.910152435302734,37.58989334106445,34.885528564453125,34.438350677490234,35.35533905029297,34.539833068847656,32.69556427001953,35.46829605102539,32.572994232177734,32.015621185302734,32.98484420776367,33.241539001464844
0,-47.0,-95,21,10,62.00806427001953,57.00876998901367,55.803226470947266,51.400390625,48.010414123535156,40.49691390991211,37.2155876159668,33.61547088623047,29.529645919799805,29.068883895874023,23.76972770690918,20.880613327026367,18.248287200927734,17.0,15.033296585083008,13.601470947265625,12.206555366516113,12.806248664855957,13.601470947265625,14.317821502685547,17.72004508972168,18.248287200927734,22.022714614868164,23.0,26.0,27.018512725830078,32.24903106689453,35.12833786010742,35.22782897949219,39.20458984375,37.2155876159668,41.30375289916992,42.19004440307617,43.185646057128906,46.04345703125,46.010868072509766,46.0,46.0,46.04345703125,46.0,48.041648864746094,45.09988784790039,47.095645904541016,44.18144226074219,44.40720748901367,43.5660400390625,44.40720748901367,43.17406463623047,43.680660247802734,42.05948257446289,41.231056213378906,39.81205749511719
0,-49.0,-95,22,8,88.6848373413086,84.11896514892578,79.17701721191406,77.02597045898438,69.35416412353516,65.86349487304688,60.41522979736328,55.94640350341797,51.0,47.85394287109375,42.48529052734375,39.81205749511719,36.769554138183594,34.1760139465332,26.248809814453125,23.409399032592773,19.416488647460938,15.29705810546875,14.0,12.0,7.0,6.7082037925720215,5.830951690673828,6.082762718200684,7.071067810058594,8.9442720413208,15.620499610900879,15.620499610900879,18.439088821411133,21.931713104248047,23.34523582458496,26.870058059692383,26.870058059692383,29.698484420776367,31.14482307434082,32.557640075683594,31.14482307434082,33.30165100097656,34.828147888183594,37.013511657714844,33.60059356689453,35.608985900878906,33.60059356689453,35.510562896728516,35.22782897949219,34.13209533691406,35.35533905029297,35.84689712524414,33.541019439697266,33.105892181396484,32.31098937988281,32.893768310546875
0,-49.0,-95,22,9,92.59049987792969,88.1192398071289,82.73451232910156,78.29431915283203,72.89718627929688,67.11929321289062,61.773780822753906,57.245086669921875,53.23532485961914,48.30113983154297,46.06517028808594,40.31128692626953,35.84689712524414,32.31098937988281,26.570659637451172,25.298221588134766,20.615528106689453,18.439088821411133,14.0,13.03840446472168,9.0,4.4721360206604,3.605551242828369,6.0,7.6157732009887695,9.433980941772461,12.806248664855957,17.029386520385742,19.84943389892578,21.21320343017578,24.083189010620117,25.45584487915039,28.284271240234375,29.0,29.73213768005371,31.890438079833984,33.42155075073242,34.058773040771484,35.608985900878906,36.400550842285156,37.202152252197266,35.22782897949219,35.510562896728516,35.84689712524414,35.7770881652832,34.885528564453125,34.01470184326172,34.928497314453125,34.539833068847656,34.1760139465332,32.572994232177734,31.78049659729004
0,-49.0,-95,22,8,86.53900909423828,82.07923126220703,77.47257232666016,75.3923110961914,68.15423583984375,63.694583892822266,58.30952072143555,54.625999450683594,50.15974426269531,45.617977142333984,42.48529052734375,39.357337951660156,35.35533905029297,29.154760360717773,26.832815170288086,23.021728515625,19.209373474121094,17.029386520385742,12.727922439575195,9.219544410705566,8.062257766723633,6.324555397033691,4.0,4.4721360206604,6.082762718200684,8.062257766723633,12.0,14.03566837310791,17.262676239013672,20.099750518798828,21.3775577545166,23.34523582458496,25.495098114013672,26.305892944335938,28.44292449951172,29.27456283569336,31.400636672973633,31.14482307434082,31.14482307434082,33.13608169555664,33.060550689697266,32.0,34.0,32.0,33.0,32.0,32.015621185302734,32.140316009521484,32.24903106689453,30.4138126373291,31.575305938720703,28.861740112304688
0,-49.0,-95,23,12,127.88275909423828,122.4948959350586,114.28035736083984,112.44554138183594,102.23991394042969,94.2602767944336,91.19758605957031,85.14693450927734,79.15807342529297,71.0633544921875,68.00735473632812,64.03124237060547,56.0,52.0,46.04345703125,41.04875183105469,38.20994567871094,32.140316009521484,29.27456283569336,25.495098114013672,21.540658950805664,19.235383987426758,18.027755737304688,17.029386520385742,17.492855072021484,18.027755737304688,22.090721130371094,22.0,26.07680892944336,28.44292449951172,29.832868576049805,32.98484420776367,35.44009017944336,34.78505325317383,37.6961555480957,39.560081481933594,38.4837646484375,40.31128692626953,41.62931823730469,42.04759216308594,39.824615478515625,41.59326934814453,42.48529052734375,38.01315689086914,39.357337951660156,37.58989334106445,38.470767974853516,38.07886505126953,38.01315689086914,35.84689712524414,36.359317779541016,35.510562896728516
0,-50.0,-95,25,6,109.83624267578125,103.7545166015625,103.5857162475586,94.14881896972656,93.86160278320312,84.92938232421875,78.84795379638672,74.04052734375,68.4105224609375,65.52098846435547,59.77457809448242,56.920997619628906,50.447994232177734,47.53945541381836,44.384681701660156,40.52159881591797,34.525352478027344,35.510562896728516,33.241539001464844,30.01666259765625,28.017850875854492,28.07133674621582,24.331050872802734,27.20294189453125,27.312999725341797,26.832815170288086,30.232433319091797,29.832868576049805,31.240999221801758,32.649654388427734,33.241539001464844,36.769554138183594,37.80211639404297,36.79673767089844,39.824615478515625,38.897300720214844,36.12478256225586,40.607879638671875,39.824615478515625,39.69886779785156,41.231056213378906,37.80211639404297,39.69886779785156,39.69886779785156,36.2353401184082,36.2353401184082,35.46829605102539,35.46829605102539,34.71310806274414,34.65544509887695,34.65544509887695,31.14482307434082
0,-48.0,-95,24,15,138.9244384765625,140.16062927246094,140.16062927246094,130.7363739013672,128.015625,115.97413635253906,109.93180084228516,103.5857162475586,99.4786376953125,95.01578521728516,88.58893585205078,84.2199478149414,78.71467590332031,77.82672882080078,70.68238830566406,69.85699462890625,65.92420196533203,64.51356506347656,61.35144805908203,62.09669876098633,62.585941314697266,64.77654266357422,62.801273345947266,62.513999938964844,66.27216339111328,66.18912506103516,70.028564453125,73.00685119628906,70.0,74.00675964355469,74.00675964355469,78.025634765625,77.02597045898438,77.0,77.0064926147461,80.0062484741211,76.02631378173828,77.10382843017578,76.00657653808594,74.0,74.0,72.02777099609375,72.17340087890625,68.11754608154297,68.26419067382812,66.27216339111328,65.4904556274414,65.76473236083984,65.11528015136719,61.188232421875,61.66035842895508,60.8276252746582
0,-47.0,-95,25,12,143.54441833496094,136.69308471679688,130.3610382080078,125.19584655761719,119.03781127929688,112.68096923828125,107.37783813476562,103.17460632324219,98.22932434082031,91.8368148803711,91.60785675048828,86.83317565917969,85.42832946777344,82.32861328125,77.8331527709961,78.51751708984375,77.79460144042969,75.07329559326172,77.8331527709961,77.6208724975586,79.2022705078125,80.0,77.42092895507812,83.00602722167969,84.62860107421875,87.09190368652344,92.0869140625,90.13877868652344,94.57801055908203,95.13148498535156,95.96353149414062,97.6370849609375,97.6370849609375,95.96353149414062,98.18350219726562,96.51942443847656,96.83490753173828,94.40338897705078,94.20191192626953,94.64142608642578,87.61849212646484,88.09085845947266,89.27485656738281,83.48652648925781,83.48652648925781,78.51751708984375,78.51751708984375,82.07313537597656,78.64476776123047,78.10249328613281,75.1664810180664,73.59347534179688
0,-48.0,-95,25,10,107.91200256347656,101.51847076416016,98.48857879638672,97.08243560791016,86.35391998291016,85.95928955078125,84.59905242919922,76.02631378173828,74.81310272216797,73.40980529785156,70.29224395751953,71.58910369873047,70.1783447265625,68.62215423583984,71.0633544921875,68.680419921875,73.24616241455078,68.00735473632812,74.02702331542969,77.66595458984375,77.66595458984375,80.44873809814453,79.88116455078125,86.83317565917969,85.8021011352539,89.40357971191406,94.62557983398438,94.20191192626953,99.48869323730469,99.20181274414062,101.67103576660156,101.212646484375,101.31633758544922,102.94173431396484,103.71113586425781,100.5683822631836,101.11874389648438,98.31072998046875,100.5683822631836,98.35140991210938,91.9673843383789,96.42613983154297,91.67878723144531,91.83136749267578,89.8109130859375,85.8021011352539,84.40379333496094,85.98255920410156,84.38008880615234,85.75546264648438,83.72574615478516,82.37718200683594
0,-47.0,-95,25,12,98.03060913085938,90.2496566772461,83.52245330810547,80.0624771118164,74.96665954589844,71.17584228515625,65.0076904296875,64.03124237060547,64.49806213378906,65.0,64.51356506347656,65.19202423095703,69.7782211303711,67.11929321289062,68.88395690917969,72.94518280029297,72.40165710449219,77.38862609863281,80.4549560546875,87.98295593261719,88.81441497802734,92.6498794555664,97.6370849609375,104.00961303710938,107.33592224121094,104.04325866699219,112.68096923828125,117.83463287353516,123.16655731201172,124.42266845703125,123.54756164550781,129.71121215820312,125.70600891113281,127.4754867553711,126.62543487548828,124.81185913085938,129.76902770996094,123.48279571533203,125.39936065673828,124.7878189086914,122.06555938720703,119.2182846069336,119.2182846069336,117.34138488769531,114.2365951538086,110.35397338867188,112.53887939453125,111.40017700195312,111.61093139648438,109.65856170654297,105.51303100585938,103.58088684082031
0,-47.0,-95,25,10,71.70076751708984,65.21502685546875,61.91122817993164,56.79788589477539,50.15974426269531,47.53945541381836,45.12205505371094,44.283180236816406,44.0113639831543,40.31128692626953,47.07440948486328,48.08325958251953,46.097721099853516,50.537113189697266,54.708316802978516,58.830265045166016,61.91122817993164,62.42595672607422,66.2872543334961,71.84706115722656,74.88658142089844,80.44873809814453,78.23681640625,85.75546264648438,90.13877868652344,90.21086120605469,98.61541748046875,105.30906677246094,104.44615936279297,105.58882141113281,106.94390869140625,112.29425811767578,108.6876220703125,110.90987396240234,113.59577178955078,111.40017700195312,112.40106964111328,111.08555603027344,110.98197937011719,107.15409088134766,109.00458526611328,104.40306854248047,104.67568969726562,100.24469757080078,100.5683822631836,99.92997741699219,100.96038818359375,100.96038818359375,100.96038818359375,98.23441314697266,96.3016128540039,96.4624252319336
0,-47.0,-95,24,11,55.75840759277344,53.851646423339844,44.29446792602539,38.4837646484375,35.46829605102539,30.4138126373291,23.021728515625,23.194826126098633,22.472204208374023,22.627416610717773,25.495098114013672,28.844409942626953,33.105892181396484,36.24913787841797,41.1096076965332,43.011627197265625,47.801673889160156,50.695167541503906,56.75385284423828,60.16643524169922,62.817195892333984,68.680419921875,69.92138671875,77.79460144042969,79.69943237304688,80.36167907714844,89.8109130859375,93.04837799072266,96.2081069946289,96.93296813964844,99.5389404296875,100.46392059326172,104.0,103.07764434814453,102.31813049316406,103.07764434814453,101.63660430908203,103.87010955810547,104.78549194335938,101.51847076416016,99.74467468261719,99.74467468261719,99.7296371459961,94.3663101196289,94.8946762084961,94.8946762084961,95.77056121826172,95.38343811035156,94.41397857666016,91.78779602050781,91.67878723144531,90.37699127197266
0,-46.0,-95,22,16,51.97114562988281,44.72135925292969,40.31128692626953,32.140316009521484,28.160255432128906,21.02379608154297,17.11724281311035,11.704699516296387,9.219544410705566,9.486832618713379,11.045360565185547,13.601470947265625,17.8885440826416,21.095022201538086,26.4007568359375,32.202484130859375,34.20526123046875,39.051246643066406,41.400482177734375,44.204071044921875,49.40647888183594,52.430908203125,55.217750549316406,60.20797348022461,63.812225341796875,66.0378646850586,73.24616241455078,76.32168579101562,78.23043060302734,80.77747344970703,81.12335968017578,82.49242401123047,84.72307586669922,84.72307586669922,86.60831451416016,85.58621215820312,86.83317565917969,86.35391998291016,84.59905242919922,85.0,83.72574615478516,81.00617218017578,83.18653869628906,79.17701721191406,79.64923095703125,78.29431915283203,78.77182006835938,78.29431915283203,76.47875213623047,77.41446685791016,76.66159057617188,75.1664810180664
0,-47.0,-95,21,12,40.45985794067383,38.60051727294922,32.015621185302734,22.671567916870117,19.209373474121094,20.248456954956055,15.55634880065918,11.401754379272461,4.4721360206604,2.2360680103302,0.0,3.605551242828369,7.6157732009887695,11.661903381347656,14.764822959899902,17.8885440826416,20.59126091003418,22.472204208374023,26.832815170288086,27.73084831237793,33.105892181396484,35.34119415283203,36.400550842285156,39.217342376708984,41.43669891357422,44.271888732910156,48.383880615234375,50.28916549682617,53.16013717651367,53.851646423339844,55.081756591796875,56.32051086425781,56.04462432861328,59.4810905456543,59.77457809448242,59.90826416015625,59.228370666503906,59.66573715209961,58.46366500854492,59.43904495239258,58.694122314453125,59.66573715209961,57.27128601074219,55.31726837158203,55.54277801513672,53.36665725708008,55.785301208496094,54.81787872314453,54.5710563659668,53.36665725708008,53.45091247558594,53.141319274902344
0,-47.0,-95,22,11,47.381431579589844,43.863426208496094,40.45985794067383,33.42155075073242,29.832868576049805,23.021728515625,19.416488647460938,14.764822959899902,11.180339813232422,7.071067810058594,3.1622776985168457,3.1622776985168457,7.071067810058594,11.180339813232422,14.422204971313477,17.804492950439453,21.21320343017578,23.34523582458496,26.870058059692383,30.479501724243164,31.827661514282227,37.202152252197266,40.607879638671875,42.43819046020508,44.65422821044922,47.70744323730469,53.851646423339844,56.4358024597168,57.30619430541992,60.41522979736328,60.90156173706055,63.631752014160156,67.60177612304688,65.0,67.11929321289062,68.96376037597656,68.47627258300781,66.73080444335938,66.37017059326172,65.51335906982422,68.47627258300781,64.41273498535156,68.09552001953125,62.7694206237793,63.28506851196289,62.265560150146484,62.7694206237793,63.28506851196289,64.637451171875,62.42595672607422,60.80295944213867,60.4400520324707
0,-47.0,-95,22,9,52.46903991699219,46.097721099853516,41.04875183105469,37.121421813964844,34.01470184326172,28.017850875854492,26.0,20.2237491607666,15.29705810546875,10.440306663513184,8.9442720413208,6.7082037925720215,8.062257766723633,7.8102498054504395,12.041594505310059,13.892443656921387,16.124515533447266,18.384777069091797,23.0867919921875,25.961509704589844,27.892650604248047,32.015621185302734,32.38827133178711,37.336307525634766,40.4474983215332,41.1096076965332,48.093658447265625,49.09175109863281,52.08646774291992,54.037025451660156,55.145263671875,57.07889175415039,59.03388977050781,59.13543701171875,59.13543701171875,60.13318634033203,61.13100814819336,61.29437255859375,60.29925537109375,61.29437255859375,59.53990173339844,60.29925537109375,60.29925537109375,59.53990173339844,59.41380310058594,57.55866622924805,58.54912567138672,57.55866622924805,56.88584899902344,57.48912811279297,54.81787872314453,54.424259185791016
0,-48.0,-95,21,11,58.13776779174805,53.0848388671875,48.3735466003418,47.26520919799805,41.30375289916992,37.336307525634766,32.38827133178711,26.476404190063477,23.53720474243164,19.646883010864258,17.72004508972168,13.0,10.29563045501709,6.4031243324279785,5.0,4.0,5.385164737701416,6.324555397033691,10.440306663513184,13.0,17.0,18.0,21.0,24.0,26.07680892944336,29.42787742614746,32.75667953491211,34.36568069458008,37.85498809814453,39.051246643066406,41.9761848449707,43.17406463623047,43.17406463623047,46.097721099853516,47.07440948486328,45.12205505371094,48.05205535888672,47.85394287109375,47.67599105834961,48.66210174560547,47.51841735839844,48.83646011352539,47.67599105834961,47.67599105834961,47.51841735839844,46.27094268798828,47.381431579589844,45.17742919921875,46.04345703125,47.0,46.0,45.09988784790039
0,-48.0,-95,21,11,61.91122817993164,59.6824951171875,53.823787689208984,51.03919982910156,45.80392837524414,42.43819046020508,37.44329071044922,34.20526123046875,29.832868576049805,25.0,21.931713104248047,19.10497283935547,14.866068840026855,11.401754379272461,7.8102498054504395,5.385164737701416,3.0,3.605551242828369,5.385164737701416,6.7082037925720215,9.433980941772461,11.661903381347656,14.21267032623291,17.69180679321289,20.51828384399414,21.931713104248047,27.58622932434082,29.698484420776367,31.890438079833984,31.890438079833984,34.058773040771484,36.878177642822266,37.53664779663086,38.94868469238281,39.623226165771484,40.45985794067383,42.44997024536133,42.44997024536133,41.773197174072266,42.44997024536133,42.44997024536133,45.25483322143555,43.13930892944336,43.13930892944336,43.13930892944336,41.773197174072266,42.52058410644531,41.773197174072266,41.1096076965332,40.607879638671875,42.43819046020508,40.8166618347168
0,-49.0,-95,20,13,55.03635025024414,50.08992004394531,50.56678771972656,43.863426208496094,41.62931823730469,36.24913787841797,34.1760139465332,30.463092803955078,26.925823211669922,24.351591110229492,22.135944366455078,19.92485809326172,15.29705810546875,12.369317054748535,9.486832618713379,7.071067810058594,5.0,3.0,0.0,1.0,3.0,5.0,7.0,10.0,11.0,14.0,18.0,21.02379608154297,21.02379608154297,22.090721130371094,23.021728515625,25.079872131347656,27.073972702026367,27.073972702026367,27.018512725830078,30.066593170166016,30.066593170166016,29.068883895874023,30.0,30.01666259765625,31.064449310302734,31.14482307434082,33.060550689697266,30.066593170166016,31.0,30.01666259765625,31.0,31.0,31.0,30.01666259765625,30.066593170166016,28.160255432128906
0,-50.0,-95,22,11,92.70382690429688,86.92525482177734,85.23497009277344,79.12016296386719,74.09453582763672,68.3520278930664,62.62587356567383,58.8217658996582,53.75872039794922,51.54609680175781,44.92215347290039,41.761226654052734,37.36308288574219,34.48188018798828,31.016124725341797,26.0,21.840330123901367,19.235383987426758,18.867961883544922,16.401220321655273,16.278820037841797,16.124515533447266,13.0,16.278820037841797,16.031219482421875,16.0,20.099750518798828,23.194826126098633,23.34523582458496,26.68332862854004,29.4108829498291,30.08321762084961,32.572994232177734,32.572994232177734,34.1760139465332,35.735137939453125,36.055511474609375,36.400550842285156,37.64305877685547,37.0,37.947330474853516,37.336307525634766,38.27531814575195,37.64305877685547,39.560081481933594,39.84971618652344,38.62641525268555,39.924930572509766,38.27531814575195,41.1096076965332,39.0,38.4837646484375
0,-49.0,-95,22,14,100.88111877441406,95.81753540039062,92.69843292236328,89.53770446777344,82.63776397705078,76.89603424072266,71.30918884277344,66.85057830810547,61.46543884277344,58.18075180053711,55.03635025024414,50.56678771972656,47.423622131347656,42.54409408569336,37.161808013916016,35.46829605102539,32.893768310546875,28.861740112304688,25.961509704589844,24.331050872802734,23.021728515625,23.0,23.194826126098633,22.203603744506836,22.803508758544922,23.76972770690918,25.942243576049805,27.784887313842773,27.784887313842773,30.805843353271484,31.400636672973633,34.20526123046875,33.60059356689453,35.608985900878906,36.2353401184082,37.64305877685547,39.051246643066406,39.051246643066406,39.051246643066406,39.824615478515625,39.824615478515625,41.231056213378906,40.607879638671875,41.231056213378906,40.0,38.41874694824219,39.20458984375,39.20458984375,39.824615478515625,39.824615478515625,39.69886779785156,38.18376541137695
0,-49.0,-95,23,12,109.44404602050781,106.56922912597656,99.6242904663086,94.5568618774414,89.84430694580078,84.77027893066406,79.8122787475586,73.49829864501953,69.37578582763672,62.817195892333984,60.16643524169922,56.75385284423828,52.63079071044922,46.840152740478516,44.271888732910156,41.48493576049805,38.60051727294922,35.46829605102539,35.34119415283203,34.438350677490234,30.528675079345703,32.4499626159668,31.400636672973633,32.015621185302734,31.827661514282227,31.827661514282227,34.71310806274414,35.608985900878906,37.80211639404297,37.80211639404297,39.408119201660156,40.224369049072266,41.88078308105469,43.5660400390625,45.221675872802734,45.486263275146484,45.486263275146484,47.434165954589844,47.70744323730469,47.434165954589844,46.615447998046875,46.615447998046875,47.20169448852539,47.801673889160156,46.40043258666992,45.80392837524414,47.20169448852539,47.01063537597656,47.801673889160156,47.20169448852539,45.221675872802734,44.65422821044922
0,-48.0,-95,23,16,118.00423431396484,113.0398178100586,110.22250366210938,103.17460632324219,99.08077239990234,91.0878677368164,86.09297180175781,81.05553436279297,74.06078338623047,73.02738952636719,68.06614685058594,64.03124237060547,62.032249450683594,57.03507614135742,52.038448333740234,52.0,50.08992004394531,48.093658447265625,46.04345703125,46.52956008911133,45.89117431640625,46.3249397277832,45.880279541015625,47.53945541381836,47.801673889160156,48.383880615234375,51.26402282714844,52.81098556518555,52.81098556518555,56.30275344848633,55.71355438232422,59.236812591552734,60.16643524169922,62.3939094543457,62.032249450683594,62.3939094543457,62.96824645996094,61.35144805908203,62.297672271728516,61.98386764526367,64.56005096435547,64.28841400146484,65.802734375,62.817195892333984,60.63827133178711,60.87692642211914,62.817195892333984,62.585941314697266,63.78871536254883,63.348243713378906,59.66573715209961,57.9741325378418
0,-49.0,-95,25,-2,57.00876998901367,55.02726745605469,49.04079818725586,47.434165954589844,44.94440841674805,42.05948257446289,40.52159881591797,37.64305877685547,34.48188018798828,34.78505325317383,34.78505325317383,32.280025482177734,30.675724029541016,28.160255432128906,26.68332862854004,26.305892944335938,27.658634185791016,24.083189010620117,26.172504425048828,23.021728515625,25.0,26.0,27.0,27.166154861450195,28.07133674621582,29.068883895874023,32.015621185302734,33.060550689697266,33.0151481628418,33.0151481628418,35.05709457397461,33.0151481628418,36.055511474609375,36.013885498046875,36.055511474609375,38.11823654174805,39.31920623779297,38.470767974853516,39.623226165771484,39.623226165771484,36.34556198120117,36.67424011230469,36.13862228393555,37.10795211791992,38.07886505126953,34.928497314453125,37.64305877685547,38.327537536621094,36.68787384033203,34.78505325317383,35.44009017944336,35.1710090637207
0,-48.0,-95,25,12,113.35784149169922,107.93516540527344,97.83660125732422,95.2680435180664,86.40023040771484,83.00602722167969,82.37718200683594,74.94664764404297,68.0,65.3681869506836,68.09552001953125,66.64833068847656,60.373836517333984,63.694583892822266,62.361846923828125,56.61272048950195,62.09669876098633,60.41522979736328,65.0,63.639610290527344,65.4904556274414,70.03570556640625,66.70832061767578,72.7804946899414,73.75635528564453,77.46611785888672,84.5280990600586,84.17243957519531,90.60904693603516,89.49860382080078,92.1791763305664,94.11163330078125,97.01546478271484,97.52947998046875,100.68763732910156,101.19288635253906,103.24727630615234,103.81714630126953,101.63660430908203,102.88343048095703,102.18121337890625,105.7024154663086,99.31767272949219,100.64790344238281,100.64790344238281,98.84330749511719,100.62306213378906,98.41239929199219,97.06183624267578,101.11874389648438,96.60745239257812,97.16995239257812
0,-47.0,-95,25,13,105.11898040771484,103.353759765625,97.52947998046875,94.33981323242188,82.92768096923828,81.60882568359375,75.60423278808594,71.50524139404297,68.59300231933594,65.19202423095703,64.40496826171875,65.73431396484375,65.19202423095703,67.11929321289062,69.31810760498047,69.35416412353516,71.69379425048828,70.57620239257812,78.54934692382812,78.54934692382812,80.95677947998047,85.09406280517578,86.72946166992188,94.02127075195312,96.5660400390625,99.72462463378906,110.07270050048828,109.123779296875,115.39497375488281,116.76471710205078,119.40686798095703,125.70600891113281,125.29964447021484,126.76355743408203,128.28094482421875,129.84991455078125,133.98880004882812,128.968994140625,130.0961151123047,133.8095703125,128.8099365234375,131.8218536376953,130.72872924804688,130.72872924804688,128.42507934570312,123.43419647216797,127.66361999511719,126.0634765625,124.08464813232422,125.39936065673828,126.37246704101562,119.63277435302734
0,-47.0,-95,25,13,88.54377746582031,83.52245330810547,76.843994140625,73.75635528564453,70.03570556640625,63.12685775756836,57.14017868041992,53.15073013305664,51.41984176635742,51.92301940917969,55.36244201660156,52.801513671875,56.4358024597168,57.688819885253906,59.40538787841797,64.53681182861328,66.52819061279297,71.44927978515625,74.3303451538086,80.65978240966797,82.03657531738281,87.0,90.5096664428711,97.18538665771484,98.71676635742188,104.35037231445312,116.66190338134766,117.29023742675781,119.01680755615234,124.03628540039062,127.64012145996094,130.91983032226562,137.8767547607422,135.0740509033203,141.17364501953125,140.356689453125,143.38758850097656,141.6615753173828,140.80128479003906,139.18692016601562,141.90489196777344,139.18692016601562,140.47064208984375,141.3541717529297,137.76791381835938,133.29666137695312,135.9595489501953,136.41847229003906,135.9595489501953,136.41847229003906,133.29666137695312,133.25538635253906
0,-47.0,-95,25,11,66.21932983398438,62.361846923828125,52.81098556518555,50.56678771972656,41.18252182006836,33.42155075073242,31.11269760131836,30.232433319091797,29.068883895874023,31.62277603149414,33.0151481628418,32.06243896484375,37.05401611328125,41.9761848449707,45.607017517089844,47.801673889160156,52.81098556518555,57.584720611572266,64.19501495361328,68.3081283569336,73.37574768066406,77.16217041015625,77.20103454589844,86.34812927246094,88.32327270507812,93.14505004882812,103.16007232666016,104.78549194335938,111.98660278320312,110.47624206542969,115.41230773925781,119.2182846069336,121.06196594238281,123.04470825195312,125.02799987792969,122.69066619873047,128.39002990722656,126.57013702392578,126.39620208740234,128.249755859375,125.2557373046875,127.25171661376953,128.015625,122.1024169921875,126.0634765625,124.01612854003906,124.00403594970703,122.1024169921875,117.1067886352539,122.06555938720703,120.41594696044922,116.8417739868164
0,-47.0,-95,24,13,57.45433044433594,48.02082824707031,47.41307830810547,39.11521530151367,33.30165100097656,24.083189010620117,21.40093421936035,19.697715759277344,15.0,15.132745742797852,14.422204971313477,19.84943389892578,25.806976318359375,29.681644439697266,33.60059356689453,36.715118408203125,42.54409408569336,46.14108657836914,53.823787689208984,56.30275344848633,60.20797348022461,65.73431396484375,66.8879623413086,74.40430450439453,76.02631378173828,81.02468872070312,89.9388656616211,92.19544219970703,95.7757797241211,98.2903823852539,99.82484436035156,106.07544708251953,103.3247299194336,108.2081298828125,108.2081298828125,106.77546691894531,108.90362548828125,106.77546691894531,108.90362548828125,108.93116760253906,107.71257781982422,110.53506469726562,107.71257781982422,107.05606079101562,103.5857162475586,102.8250961303711,105.64563751220703,104.35037231445312,106.21675872802734,101.91172790527344,101.13851928710938,98.2903823852539
0,-47.0,-95,24,11,61.09828186035156,51.54609680175781,44.59820556640625,37.336307525634766,31.95309066772461,23.0867919921875,17.72004508972168,15.132745742797852,7.0,5.385164737701416,9.219544410705566,14.21267032623291,17.20465087890625,24.20743751525879,28.844409942626953,36.400550842285156,39.408119201660156,43.600460052490234,50.0,51.865211486816406,59.16925048828125,63.51377868652344,65.29930877685547,72.94518280029297,74.70609283447266,81.41252899169922,89.15716552734375,93.52005004882812,98.0866928100586,98.79270935058594,101.23734283447266,104.177734375,108.84851837158203,107.91200256347656,109.11003875732422,108.78418731689453,109.7861557006836,110.05453491210938,111.0,111.94641876220703,109.11003875732422,109.73149108886719,108.15729522705078,108.15729522705078,106.25440979003906,103.4069595336914,103.73042297363281,106.56922912597656,104.67568969726562,106.04244232177734,103.87010955810547,100.22474670410156
0,-46.0,-95,22,16,59.80802536010742,53.851646423339844,47.75981521606445,41.78516387939453,32.572994232177734,27.513633728027344,22.56102752685547,16.492422103881836,10.049875259399414,5.385164737701416,2.0,7.071067810058594,11.661903381347656,17.8885440826416,22.135944366455078,27.513633728027344,31.320919036865234,35.1710090637207,42.20189666748047,47.29693603515625,48.764739990234375,53.93514633178711,55.90169906616211,62.28964614868164,67.36467742919922,68.35934448242188,79.30951690673828,81.09870910644531,86.09297180175781,87.09190368652344,90.13877868652344,93.26306915283203,94.33981323242188,94.33981323242188,99.2471694946289,97.1287841796875,97.04637908935547,98.0204086303711,95.04735565185547,98.08159637451172,98.12747192382812,97.08243560791016,97.08243560791016,93.13430786132812,93.19334411621094,90.44888305664062,92.43917083740234,92.43917083740234,89.45389556884766,89.45389556884766,88.95504760742188,84.92938232421875
0,-47.0,-95,22,14,60.87692642211914,55.36244201660156,51.92301940917969,46.097721099853516,39.293766021728516,31.400636672973633,26.172504425048828,21.095022201538086,17.11724281311035,12.369317054748535,6.4031243324279785,6.324555397033691,8.062257766723633,11.180339813232422,17.029386520385742,21.40093421936035,24.413110733032227,27.20294189453125,32.75667953491211,34.438350677490234,39.81205749511719,44.94440841674805,47.16990661621094,50.59644317626953,54.708316802978516,57.87054443359375,65.14598846435547,68.680419921875,70.60453033447266,74.72616577148438,75.0,78.16009521484375,79.69943237304688,80.65357971191406,81.90848541259766,82.56512451171875,82.56512451171875,80.65357971191406,82.2192153930664,83.16850280761719,81.59656524658203,81.27114868164062,80.05622863769531,78.77182006835938,79.12016296386719,76.69419860839844,77.077880859375,77.87811279296875,76.05918884277344,75.58438873291016,74.30342864990234,71.86793518066406
0,-47.0,-95,22,13,68.00735473632812,61.00819778442383,56.22277069091797,50.08992004394531,46.173583984375,40.112342834472656,34.2344856262207,27.658634185791016,24.515300750732422,18.788293838500977,14.764822959899902,12.041594505310059,10.440306663513184,10.198039054870605,12.529964447021484,14.866068840026855,18.601076126098633,22.825424194335938,27.312999725341797,30.463092803955078,33.241539001464844,37.0,39.293766021728516,41.9761848449707,46.87216567993164,49.030601501464844,55.90169906616211,59.03388977050781,62.96824645996094,63.78871536254883,66.0984115600586,67.26811981201172,69.63475799560547,71.58910369873047,71.80529022216797,72.36711883544922,72.36711883544922,71.80529022216797,72.03471374511719,73.24616241455078,70.3420181274414,72.03471374511719,72.03471374511719,69.37578582763672,68.96376037597656,67.35725402832031,68.62215423583984,69.28924560546875,67.41661834716797,65.92420196533203,66.21178436279297,64.0078125
0,-48.0,-95,22,7,55.56977462768555,51.97114562988281,47.16990661621094,44.41846466064453,37.44329071044922,33.0151481628418,29.4108829498291,25.806976318359375,21.40093421936035,17.69180679321289,15.620499610900879,13.0,10.198039054870605,8.0,8.062257766723633,7.8102498054504395,11.180339813232422,12.649110794067383,15.033296585083008,17.11724281311035,19.02629852294922,22.0,24.0,28.07133674621582,29.27456283569336,32.24903106689453,36.34556198120117,37.656341552734375,41.0,40.607879638671875,42.7551155090332,45.54119110107422,47.67599105834961,45.54119110107422,47.26520919799805,46.52956008911133,47.51841735839844,47.381431579589844,47.26520919799805,48.25971221923828,47.26520919799805,47.26520919799805,47.26520919799805,47.04253387451172,46.010868072509766,45.0,45.0,45.0,44.0,43.104522705078125,43.185646057128906,43.5660400390625
0,-49.0,-95,22,9,65.86349487304688,61.057350158691406,60.20797348022461,54.37830352783203,48.02082824707031,44.41846466064453,38.587562561035156,36.359317779541016,29.681644439697266,28.017850875854492,22.803508758544922,19.84943389892578,15.620499610900879,12.041594505310059,8.9442720413208,6.0,5.385164737701416,3.605551242828369,6.7082037925720215,8.0,12.0,14.03566837310791,16.031219482421875,19.10497283935547,21.095022201538086,24.331050872802734,28.861740112304688,31.048349380493164,30.805843353271484,33.52610778808594,33.95585250854492,36.13862228393555,36.878177642822266,40.79215621948242,40.79215621948242,41.0,40.79215621948242,40.79215621948242,40.79215621948242,41.59326934814453,41.59326934814453,40.4474983215332,42.57933807373047,41.43669891357422,42.10700607299805,40.31128692626953,41.19466018676758,41.04875183105469,43.011627197265625,41.0,42.01190185546875,40.199501037597656
0,-49.0,-95,22,9,67.00746154785156,65.0,62.00806427001953,57.00876998901367,50.0,48.0,41.01219177246094,38.05259704589844,33.0151481628418,29.154760360717773,25.317977905273438,22.203603744506836,20.099750518798828,16.124515533447266,11.401754379272461,8.5440034866333,6.7082037925720215,3.1622776985168457,4.4721360206604,4.4721360206604,8.9442720413208,10.198039054870605,12.369317054748535,15.132745742797852,17.029386520385742,19.235383987426758,24.020824432373047,26.0,28.0,30.01666259765625,32.015621185302734,32.015621185302734,35.05709457397461,35.12833786010742,36.055511474609375,36.12478256225586,39.0128173828125,38.05259704589844,39.051246643066406,40.112342834472656,39.20458984375,40.112342834472656,39.20458984375,39.20458984375,39.20458984375,39.458839416503906,40.31128692626953,38.63935852050781,38.832977294921875,38.832977294921875,40.024993896484375,40.16217041015625
0,-50.0,-95,18,14,45.17742919921875,41.59326934814453,38.910152435302734,38.4837646484375,32.649654388427734,29.96664810180664,28.65309715270996,25.495098114013672,22.825424194335938,21.470911026000977,18.357559204101562,16.6433162689209,15.0,11.401754379272461,9.899495124816895,8.062257766723633,5.0,2.2360680103302,1.0,1.0,1.0,3.1622776985168457,3.0,5.830951690673828,7.280109882354736,9.486832618713379,13.03840446472168,13.0,15.65247631072998,16.6433162689209,15.264337539672852,18.357559204101562,17.8885440826416,20.124610900878906,20.124610900878906,20.248456954956055,19.72308349609375,20.248456954956055,20.59126091003418,20.59126091003418,20.248456954956055,20.59126091003418,21.095022201538086,21.095022201538086,20.124610900878906,22.360679626464844,21.931713104248047,21.954498291015625,22.847318649291992,22.360679626464844,21.931713104248047,21.189620971679688
0,-49.0,-95,22,12,94.5145492553711,87.46427917480469,83.24061584472656,78.39005279541016,74.30342864990234,65.86349487304688,62.7694206237793,56.93856430053711,51.107730865478516,45.650848388671875,42.05948257446289,37.58989334106445,32.202484130859375,27.73084831237793,22.847318649291992,19.313207626342773,14.866068840026855,11.704699516296387,7.071067810058594,3.0,0.0,1.4142135381698608,3.1622776985168457,7.280109882354736,10.770329475402832,12.083045959472656,18.681541442871094,23.0867919921875,24.041629791259766,26.570659637451172,27.513633728027344,31.62277603149414,32.893768310546875,34.1760139465332,35.11410140991211,35.735137939453125,35.735137939453125,37.947330474853516,37.0,38.897300720214844,39.560081481933594,38.897300720214844,39.217342376708984,38.897300720214844,39.560081481933594,38.27531814575195,39.924930572509766,40.853397369384766,41.231056213378906,40.71854782104492,39.824615478515625,40.8166618347168
0,-50.0,-95,22,14,103.5857162475586,97.29337310791016,91.98369598388672,87.09764862060547,81.02468872070312,73.97972869873047,69.12307739257812,63.78871536254883,58.94064712524414,53.15073013305664,48.27007293701172,44.9110221862793,39.623226165771484,33.541019439697266,28.635643005371094,24.515300750732422,20.39607810974121,16.492422103881836,13.152946472167969,9.486832618713379,6.324555397033691,3.605551242828369,3.1622776985168457,4.242640495300293,8.5440034866333,8.246211051940918,15.81138801574707,17.464248657226562,20.39607810974121,21.587032318115234,23.76972770690918,26.476404190063477,28.635643005371094,28.44292449951172,30.5941162109375,31.78049659729004,31.78049659729004,32.98484420776367,34.71310806274414,34.71310806274414,34.71310806274414,37.656341552734375,36.67424011230469,36.878177642822266,37.656341552734375,36.49657440185547,38.470767974853516,38.470767974853516,38.470767974853516,39.31920623779297,39.31920623779297,39.051246643066406
0,-50.0,-95,23,12,116.4001693725586,113.00442504882812,107.61505126953125,102.80078125,94.20191192626953,86.60831451416016,80.60397338867188,75.21302795410156,70.0,63.25345993041992,57.00876998901367,52.63079071044922,49.04079818725586,41.773197174072266,37.80211639404297,32.015621185302734,28.017850875854492,22.203603744506836,18.867961883544922,15.264337539672852,11.704699516296387,8.246211051940918,6.082762718200684,5.830951690673828,7.211102485656738,9.486832618713379,15.033296585083008,17.0,19.02629852294922,22.090721130371094,25.179357528686523,27.166154861450195,28.284271240234375,29.42787742614746,31.400636672973633,33.37664031982422,34.2344856262207,34.36568069458008,37.48332977294922,38.470767974853516,37.336307525634766,38.327537536621094,38.327537536621094,39.458839416503906,38.327537536621094,39.458839416503906,40.31128692626953,41.30375289916992,41.59326934814453,42.42640686035156,41.773197174072266,41.231056213378906
0,-50.0,-95,24,11,148.1654510498047,139.70326232910156,136.2093963623047,125.87692260742188,122.44182586669922,106.04244232177734,105.42295837402344,98.60020446777344,85.91275024414062,85.42832946777344,78.81623840332031,71.28113555908203,69.63475799560547,62.68173599243164,54.20331954956055,48.010414123535156,43.416587829589844,38.94868469238281,34.828147888183594,32.526912689208984,29.0,25.612497329711914,24.59674835205078,22.847318649291992,23.0867919921875,22.203603744506836,24.083189010620117,27.166154861450195,26.476404190063477,27.513633728027344,27.85677719116211,31.78049659729004,33.541019439697266,33.12099075317383,38.07886505126953,39.824615478515625,38.94868469238281,39.824615478515625,40.70626449584961,42.48529052734375,41.18252182006836,42.94182205200195,44.72135925292969,42.48529052734375,44.283180236816406,45.617977142333984,49.24428939819336,46.957427978515625,49.24428939819336,47.85394287109375,47.41307830810547,48.54894256591797
0,-49.0,-95,24,15,106.32027435302734,116.48175811767578,119.92080688476562,126.6056900024414,127.12198638916016,120.54045104980469,115.44696044921875,105.26158142089844,100.42410278320312,92.6498794555664,90.47099304199219,83.9523696899414,79.83106994628906,71.38627624511719,67.46851348876953,62.585941314697266,57.87054443359375,54.7448616027832,53.600372314453125,50.15974426269531,49.01020431518555,46.010868072509766,46.010868072509766,48.25971221923828,48.66210174560547,45.7055778503418,47.53945541381836,49.72926712036133,51.92301940917969,50.9215087890625,52.81098556518555,55.71355438232422,56.080299377441406,57.00876998901367,58.30952072143555,57.384666442871094,60.926185607910156,59.80802536010742,61.6846809387207,60.74536895751953,61.6846809387207,63.24555206298828,64.19501495361328,65.14598846435547,62.361846923828125,63.24555206298828,63.60031509399414,64.56005096435547,63.60031509399414,64.28841400146484,67.35725402832031,63.90618133544922
0,-48.0,-95,24,16,153.3786163330078,147.82760620117188,141.1984405517578,135.3513946533203,124.80785369873047,118.71394348144531,112.89375305175781,107.41508483886719,102.2007827758789,91.8368148803711,91.21403503417969,86.40023040771484,80.15609741210938,78.10249328613281,75.66372680664062,74.24958038330078,72.13875579833984,65.94694519042969,68.7677230834961,65.29930877685547,66.61080932617188,68.24221801757812,66.0302963256836,72.42237091064453,72.42237091064453,73.49829864501953,77.38862609863281,80.77747344970703,82.92768096923828,82.37718200683594,85.4400405883789,88.7524642944336,90.42676544189453,90.13877868652344,93.74433135986328,92.41753387451172,94.40338897705078,94.20191192626953,97.80081939697266,95.90099334716797,95.2680435180664,95.2680435180664,92.69843292236328,92.6552734375,93.4344711303711,91.9673843383789,93.38094329833984,95.4620361328125,92.6552734375,93.34880828857422,93.34880828857422,90.68627166748047
0,-48.0,-95,25,12,132.3215789794922,122.3315200805664,122.3315200805664,111.73181915283203,111.01801300048828,99.00505065917969,94.11163330078125,89.49860382080078,86.21485137939453,85.6037368774414,77.42092895507812,78.23681640625,73.06161499023438,69.46221923828125,69.7782211303711,72.94518280029297,68.94200134277344,71.58910369873047,67.06713104248047,72.11102294921875,71.16881561279297,76.5506362915039,78.44743347167969,79.69943237304688,83.16850280761719,80.3243408203125,90.13877868652344,94.57801055908203,93.77632904052734,97.69339752197266,94.5409927368164,100.84642028808594,105.30906677246094,106.10372161865234,106.45186614990234,109.123779296875,108.24047088623047,108.67382049560547,107.91200256347656,108.5587387084961,107.54068756103516,104.86181640625,108.72441864013672,104.86181640625,105.43718719482422,104.86181640625,106.60675048828125,106.60675048828125,106.40018463134766,102.41581726074219,103.4069595336914,99.4032211303711
0,-48.0,-95,24,15,115.73245239257812,104.3455810546875,102.83968353271484,100.96038818359375,89.84430694580078,87.64131164550781,81.3449478149414,79.2022705078125,72.00694274902344,73.43023681640625,71.69379425048828,67.11929321289062,66.0302963256836,67.62396240234375,64.35060119628906,63.78087615966797,63.639610290527344,65.85590362548828,70.00714111328125,71.50524139404297,72.62230682373047,74.5184555053711,75.80237579345703,82.8070068359375,85.04116821289062,80.91971588134766,90.68627166748047,94.79451751708984,96.87621307373047,102.53292083740234,103.24727630615234,108.97705841064453,109.71326446533203,110.34491729736328,111.07205200195312,114.76933288574219,115.88356018066406,111.21150970458984,110.80162811279297,110.20889282226562,115.60276794433594,110.9414291381836,115.43396759033203,108.16654205322266,110.67520141601562,108.16654205322266,106.53168487548828,109.93180084228516,108.4066390991211,111.1395492553711,107.04204559326172,102.62553405761719
0,-47.0,-95,25,10,95.00526428222656,93.04837799072266,82.2192153930664,81.61495208740234,73.82411193847656,66.91038513183594,66.48307800292969,59.236812591552734,55.54277801513672,55.009090423583984,55.226806640625,55.217750549316406,56.85068130493164,59.46427536010742,60.8276252746582,59.46427536010742,61.61980056762695,62.801273345947266,72.62230682373047,71.84706115722656,74.88658142089844,78.00640869140625,77.46611785888672,87.45856475830078,89.3756103515625,91.0494384765625,99.08582305908203,103.3924560546875,107.48953247070312,104.00480651855469,108.89444732666016,116.69190216064453,115.26057434082031,115.3126220703125,120.28299713134766,119.00420379638672,120.8801040649414,121.03718566894531,121.40016174316406,124.61942291259766,116.66190338134766,124.85191345214844,116.21101379394531,118.71394348144531,117.88977813720703,112.60550689697266,117.0469970703125,113.1591796875,108.90821838378906,111.3058853149414,110.67520141601562,109.04127502441406
0,-47.0,-95,24,12,73.55270385742188,69.46221923828125,64.28063201904297,61.0,57.314918518066406,50.35871505737305,47.51841735839844,42.7551155090332,42.95346450805664,42.05948257446289,42.43819046020508,41.773197174072266,46.66904830932617,46.86149978637695,50.6063232421875,50.21951675415039,54.08327102661133,58.30952072143555,62.12889862060547,66.0378646850586,67.74215698242188,72.20111083984375,71.28113555908203,77.66595458984375,82.92768096923828,83.23461151123047,92.61749267578125,94.64142608642578,100.12492370605469,99.15644073486328,106.15083312988281,106.8877944946289,108.97705841064453,108.97705841064453,110.39022064208984,112.43220520019531,112.43220520019531,108.2450942993164,114.62983703613281,113.35784149169922,112.60994720458984,112.04463195800781,112.04463195800781,108.07405090332031,107.29864501953125,106.66770935058594,108.70602416992188,109.63575744628906,106.66770935058594,105.11898040771484,104.23531341552734,103.24727630615234
0,-46.0,-95,24,10,67.89698028564453,59.66573715209961,52.40229034423828,48.25971221923828,40.224369049072266,39.4461669921875,35.735137939453125,32.98484420776367,31.016124725341797,27.0,31.320919036865234,33.241539001464844,32.31098937988281,36.67424011230469,40.224369049072266,41.04875183105469,46.615447998046875,46.097721099853516,53.26349639892578,55.44366455078125,61.073726654052734,62.481998443603516,63.03173828125,69.02897644042969,75.0,77.10382843017578,84.87638092041016,83.48652648925781,91.80958557128906,88.32327270507812,94.66783905029297,98.1121826171875,98.97979736328125,98.97979736328125,98.88377380371094,98.0051040649414,102.42070007324219,102.0,103.7545166015625,106.43777465820312,97.04637908935547,102.45974731445312,100.7223892211914,100.31948852539062,98.89894104003906,95.75489807128906,99.80982208251953,99.80982208251953,95.75489807128906,95.7078857421875,94.3716049194336,92.66067504882812
0,-46.0,-95,23,12,55.3263053894043,50.35871505737305,46.87216567993164,41.0,37.336307525634766,31.78049659729004,26.07680892944336,24.75883674621582,24.20743751525879,22.847318649291992,26.570659637451172,27.294687271118164,29.0,31.064449310302734,37.48332977294922,38.63935852050781,41.773197174072266,46.69047164916992,46.87216567993164,52.95280838012695,55.54277801513672,59.03388977050781,61.814239501953125,66.75328063964844,70.57620239257812,68.73136138916016,81.39410400390625,82.2982406616211,88.20430755615234,89.08984375,90.022216796875,94.13288116455078,94.04785919189453,97.02061462402344,99.04544067382812,100.00499725341797,99.0,100.04499053955078,101.04454803466797,100.07997131347656,99.08077239990234,98.18350219726562,99.2471694946289,97.25225067138672,97.18538665771484,92.26592254638672,98.24967956542969,95.18928527832031,93.19334411621094,93.19334411621094,93.04837799072266,89.005615234375
0,-46.0,-95,22,14,53.23532485961914,47.85394287109375,43.8292121887207,37.161808013916016,32.893768310546875,26.476404190063477,25.317977905273438,21.21320343017578,19.646883010864258,15.65247631072998,17.69180679321289,22.203603744506836,22.825424194335938,24.698177337646484,25.298221588134766,32.015621185302734,34.928497314453125,40.79215621948242,41.0,45.89117431640625,45.89117431640625,51.41984176635742,54.34151077270508,57.567352294921875,62.361846923828125,65.52098846435547,72.44998168945312,72.80110168457031,73.73601531982422,79.7057113647461,78.92401123046875,85.0,85.90692901611328,85.08818817138672,89.0,90.78546142578125,91.24143981933594,89.005615234375,89.89437866210938,89.55445098876953,90.91754150390625,88.83692932128906,89.69392395019531,87.8179931640625,86.95401000976562,84.72307586669922,86.09297180175781,85.58621215820312,87.32124328613281,84.59905242919922,83.63013458251953,81.93900299072266
0,-45.0,-95,21,16,52.88667297363281,45.607017517089844,42.44997024536133,35.735137939453125,30.675724029541016,24.351591110229492,19.697715759277344,14.764822959899902,10.630146026611328,8.9442720413208,8.0,8.5440034866333,12.041594505310059,14.21267032623291,17.492855072021484,21.954498291015625,26.419689178466797,29.068883895874023,31.906112670898438,36.055511474609375,39.66106414794922,41.617305755615234,44.65422821044922,48.41487503051758,51.400390625,52.801513671875,58.898216247558594,62.96824645996094,64.38167572021484,68.62215423583984,68.59300231933594,72.83543395996094,74.24958038330078,74.24958038330078,75.66372680664062,79.20858764648438,78.51751708984375,77.79460144042969,77.8331527709961,77.15568542480469,80.72174072265625,76.5767593383789,80.80841827392578,77.23341369628906,77.33692169189453,75.1664810180664,76.5767593383789,75.92759704589844,76.41989135742188,74.95331573486328,74.24958038330078,70.83784484863281
0,-46.0,-95,22,11,55.36244201660156,51.6623649597168,43.011627197265625,39.84971618652344,33.52610778808594,28.635643005371094,21.3775577545166,17.262676239013672,13.0,5.0,4.242640495300293,6.0,9.486832618713379,12.206555366516113,17.029386520385742,20.0,25.612497329711914,25.612497329711914,30.610456466674805,35.46829605102539,37.64305877685547,42.01190185546875,42.8018684387207,48.25971221923828,51.62363815307617,56.603885650634766,62.7694206237793,61.773780822753906,68.47627258300781,67.08203887939453,72.00694274902344,72.4706802368164,76.05918884277344,75.59100341796875,77.36924743652344,75.58438873291016,79.7057113647461,80.52949523925781,79.62411499023438,84.09518432617188,79.2022705078125,82.3468246459961,79.2022705078125,81.43709564208984,78.71467590332031,77.82672882080078,78.71467590332031,79.17701721191406,77.41446685791016,76.5375747680664,78.03204345703125,75.7165756225586
0,-47.0,-95,21,13,55.6596794128418,49.33558654785156,44.94440841674805,39.560081481933594,34.928497314453125,28.635643005371094,24.59674835205078,20.124610900878906,14.422204971313477,12.041594505310059,7.071067810058594,4.0,3.605551242828369,7.071067810058594,9.0,12.0,16.124515533447266,19.92485809326172,21.840330123901367,25.298221588134766,26.570659637451172,29.96664810180664,33.541019439697266,35.7770881652832,38.470767974853516,42.19004440307617,47.70744323730469,49.39635467529297,49.648765563964844,53.600372314453125,53.600372314453125,56.859474182128906,59.81638717651367,59.81638717651367,60.605281829833984,61.84658432006836,62.801273345947266,62.801273345947266,65.0,64.81512451171875,65.21502685546875,65.21502685546875,66.61080932617188,63.60031509399414,63.411354064941406,63.60031509399414,63.24555206298828,65.73431396484375,64.66065216064453,63.631752014160156,63.06346130371094,62.2414665222168
0,-47.0,-95,22,9,56.603885650634766,49.09175109863281,44.10215377807617,41.04875183105469,34.4093017578125,30.0,26.4007568359375,21.260292053222656,17.029386520385742,11.401754379272461,8.9442720413208,5.0,2.8284270763397217,5.0,8.062257766723633,10.440306663513184,14.866068840026855,17.8885440826416,20.59126091003418,23.853721618652344,28.017850875854492,30.610456466674805,31.400636672973633,36.06937789916992,38.94868469238281,41.03656768798828,43.863426208496094,48.166378021240234,51.22499465942383,50.990196228027344,53.15073013305664,57.48912811279297,58.41232681274414,58.898216247558594,61.073726654052734,63.25345993041992,63.25345993041992,63.25345993041992,64.03124237060547,63.89052963256836,63.25345993041992,63.89052963256836,64.66065216064453,63.25345993041992,63.78087615966797,60.95900344848633,64.38167572021484,62.2414665222168,63.639610290527344,62.2414665222168,63.12685775756836,61.400325775146484
0,-47.0,-95,21,12,53.600372314453125,50.0,45.0,40.607879638671875,32.649654388427734,30.479501724243164,26.870058059692383,21.260292053222656,16.970561981201172,12.041594505310059,8.062257766723633,6.0,4.242640495300293,5.0,9.0,11.045360565185547,12.369317054748535,17.0880069732666,19.72308349609375,21.954498291015625,25.238859176635742,28.844409942626953,29.681644439697266,33.30165100097656,34.828147888183594,37.53664779663086,43.863426208496094,45.25483322143555,46.66904830932617,48.79549026489258,51.6623649597168,51.6623649597168,54.488529205322266,55.90169906616211,56.58621597290039,57.314918518066406,59.41380310058594,58.728187561035156,60.14149856567383,61.55485534667969,60.10823440551758,60.8276252746582,59.41380310058594,60.10823440551758,59.41380310058594,58.79625701904297,58.79625701904297,60.20797348022461,58.898216247558594,58.2580451965332,58.8217658996582,56.603885650634766
0,-47.0,-95,19,13,44.271888732910156,42.72002029418945,35.84689712524414,33.83784866333008,30.463092803955078,26.0,23.25940704345703,17.8885440826416,16.6433162689209,13.03840446472168,10.29563045501709,7.8102498054504395,5.385164737701416,4.0,5.830951690673828,4.4721360206604,8.062257766723633,10.198039054870605,13.0,13.0,16.031219482421875,18.0,19.10497283935547,21.3775577545166,23.34523582458496,25.495098114013672,29.832868576049805,30.08321762084961,33.52610778808594,32.893768310546875,35.44009017944336,35.11410140991211,37.947330474853516,38.897300720214844,39.293766021728516,39.84971618652344,42.05948257446289,41.761226654052734,41.761226654052734,41.48493576049805,42.20189666748047,42.20189666748047,42.20189666748047,41.9761848449707,42.20189666748047,40.607879638671875,41.59326934814453,42.57933807373047,41.19466018676758,41.1096076965332,41.01219177246094,42.0
0,-48.0,-95,21,12,59.46427536010742,54.424259185791016,50.9215087890625,46.48655700683594,39.84971618652344,36.400550842285156,31.048349380493164,27.658634185791016,23.34523582458496,19.10497283935547,16.0,13.152946472167969,10.770329475402832,7.8102498054504395,6.7082037925720215,8.0,9.486832618713379,13.03840446472168,13.601470947265625,15.620499610900879,16.970561981201172,19.209373474121094,24.20743751525879,24.413110733032227,29.154760360717773,30.232433319091797,37.2155876159668,37.58989334106445,38.01315689086914,42.48529052734375,41.59326934814453,43.8292121887207,45.17742919921875,45.617977142333984,48.30113983154297,50.08992004394531,50.08992004394531,49.19349670410156,52.32590103149414,51.4781494140625,52.35456085205078,52.35456085205078,52.35456085205078,51.62363815307617,51.62363815307617,50.477718353271484,51.865211486816406,52.201534271240234,52.201534271240234,50.6063232421875,51.7397346496582,51.62363815307617
0,-48.0,-95,21,10,60.95900344848633,53.15073013305664,51.855567932128906,47.6340217590332,42.8018684387207,37.202152252197266,33.0151481628418,28.017850875854492,24.698177337646484,21.954498291015625,17.8885440826416,13.601470947265625,12.369317054748535,10.0,7.0,5.656854152679443,7.6157732009887695,8.0,9.05538558959961,12.369317054748535,14.560219764709473,15.65247631072998,19.235383987426758,21.095022201538086,23.853721618652344,25.806976318359375,29.73213768005371,31.240999221801758,31.890438079833984,36.79673767089844,35.38361358642578,38.20994567871094,38.94868469238281,40.360870361328125,43.185646057128906,42.44997024536133,44.59820556640625,43.27817153930664,46.097721099853516,44.68780517578125,46.75468063354492,46.097721099853516,47.01063537597656,44.821868896484375,46.40043258666992,45.80392837524414,46.04345703125,46.04345703125,46.647613525390625,46.14108657836914,46.51881408691406,44.384681701660156
0,-48.0,-95,21,10,63.976558685302734,60.41522979736328,55.009090423583984,51.4781494140625,43.863426208496094,40.24922180175781,36.2353401184082,32.202484130859375,29.529645919799805,24.698177337646484,20.615528106689453,19.10497283935547,13.45362377166748,11.401754379272461,8.5440034866333,7.0,6.7082037925720215,7.071067810058594,8.9442720413208,10.440306663513184,13.152946472167969,16.0,17.0,20.2237491607666,22.090721130371094,24.1867733001709,28.44292449951172,32.015621185302734,33.95585250854492,35.1710090637207,36.13862228393555,38.327537536621094,40.26164245605469,41.48493576049805,42.20189666748047,43.931766510009766,43.416587829589844,43.17406463623047,45.12205505371094,45.12205505371094,45.89117431640625,46.097721099853516,46.87216567993164,46.69047164916992,44.55333709716797,46.27094268798828,47.16990661621094,45.17742919921875,44.04542922973633,45.0,46.0,44.18144226074219
0,-48.0,-95,21,9,65.29930877685547,63.50590515136719,56.36488342285156,56.35601043701172,48.764739990234375,44.72135925292969,39.824615478515625,34.928497314453125,33.105892181396484,26.570659637451172,23.0867919921875,19.92485809326172,16.278820037841797,15.29705810546875,12.041594505310059,7.6157732009887695,5.385164737701416,5.830951690673828,7.0,7.280109882354736,10.770329475402832,10.770329475402832,13.601470947265625,16.278820037841797,16.970561981201172,20.615528106689453,24.83948516845703,27.20294189453125,28.600698471069336,30.0,33.0151481628418,32.202484130859375,35.80502700805664,37.80211639404297,38.60051727294922,40.224369049072266,40.0,40.607879638671875,41.04875183105469,41.617305755615234,41.86884307861328,41.86884307861328,41.231056213378906,41.1096076965332,41.86884307861328,42.42640686035156,41.03656768798828,45.27692413330078,40.360870361328125,41.231056213378906,41.617305755615234,43.5660400390625
0,-49.0,-95,21,10,70.22820281982422,66.48307800292969,60.083274841308594,56.64803695678711,52.81098556518555,47.16990661621094,44.92215347290039,38.60051727294922,35.44009017944336,32.015621185302734,26.925823211669922,24.73863410949707,19.416488647460938,17.029386520385742,13.0,11.0,8.062257766723633,6.4031243324279785,4.4721360206604,6.0,7.6157732009887695,8.602325439453125,10.0,13.45362377166748,16.278820037841797,16.401220321655273,21.63330841064453,24.698177337646484,25.553865432739258,26.419689178466797,28.65309715270996,30.528675079345703,32.24903106689453,33.61547088623047,34.48188018798828,35.84689712524414,36.359317779541016,37.44329071044922,39.96248245239258,40.49691390991211,38.832977294921875,38.27531814575195,39.66106414794922,38.60051727294922,39.20458984375,39.20458984375,39.824615478515625,41.1096076965332,40.360870361328125,41.03656768798828,40.45985794067383,39.20458984375
0,-49.0,-95,21,10,70.11418914794922,67.11929321289062,62.12889862060547,58.07753372192383,52.038448333740234,48.093658447265625,44.18144226074219,40.112342834472656,35.12833786010742,31.064449310302734,27.294687271118164,24.331050872802734,20.39607810974121,18.439088821411133,13.601470947265625,10.770329475402832,7.8102498054504395,5.656854152679443,4.4721360206604,3.0,3.605551242828369,5.0,8.9442720413208,9.219544410705566,12.041594505310059,15.033296585083008,17.0,21.0,23.021728515625,25.01999282836914,26.07680892944336,27.073972702026367,30.066593170166016,31.016124725341797,32.015621185302734,33.0,34.0,35.0,35.0142822265625,37.0,36.0,37.0,37.0,36.0,37.013511657714844,36.013885498046875,39.20458984375,38.11823654174805,37.2155876159668,36.49657440185547,37.85498809814453,36.68787384033203
0,-49.0,-95,21,11,75.28611755371094,71.70076751708984,67.35725402832031,66.84310150146484,58.13776779174805,54.671749114990234,49.67897033691406,45.343135833740234,41.773197174072266,37.53664779663086,33.941123962402344,29.698484420776367,26.172504425048828,21.931713104248047,19.209373474121094,15.81138801574707,12.529964447021484,8.9442720413208,8.062257766723633,6.082762718200684,4.0,2.0,3.0,6.324555397033691,8.602325439453125,9.219544410705566,14.142135620117188,14.866068840026855,18.439088821411133,20.615528106689453,21.931713104248047,24.83948516845703,25.612497329711914,27.658634185791016,29.20616340637207,29.20616340637207,32.80244064331055,31.890438079833984,33.42155075073242,33.30165100097656,34.058773040771484,34.828147888183594,34.828147888183594,36.12478256225586,35.38361358642578,35.38361358642578,36.06937789916992,36.769554138183594,35.38361358642578,36.06937789916992,35.608985900878906,35.22782897949219
0,-49.0,-95,21,11,75.28611755371094,71.0633544921875,67.62396240234375,63.78087615966797,58.2580451965332,54.671749114990234,50.6063232421875,45.80392837524414,40.607879638671875,36.400550842285156,34.4093017578125,30.232433319091797,26.62705421447754,21.470911026000977,19.235383987426758,14.764822959899902,13.0,10.770329475402832,7.071067810058594,5.0,1.4142135381698608,2.0,2.2360680103302,6.4031243324279785,7.8102498054504395,10.29563045501709,13.892443656921387,17.0,19.72308349609375,20.124610900878906,20.59126091003418,25.05992889404297,25.05992889404297,27.73084831237793,30.01666259765625,29.068883895874023,30.886890411376953,31.764760971069336,31.764760971069336,34.438350677490234,33.61547088623047,35.35533905029297,34.98571014404297,34.98571014404297,35.510562896728516,33.83784866333008,35.510562896728516,35.80502700805664,35.80502700805664,37.202152252197266,35.38361358642578,36.769554138183594
0,-49.0,-95,21,10,74.3303451538086,72.11102294921875,68.818603515625,64.8999252319336,59.07622146606445,53.25410842895508,50.21951675415039,45.221675872802734,42.01190185546875,38.60051727294922,35.0,31.14482307434082,29.068883895874023,24.041629791259766,20.615528106689453,17.69180679321289,14.866068840026855,12.041594505310059,10.630146026611328,7.8102498054504395,5.0,2.2360680103302,0.0,2.2360680103302,5.0,6.4031243324279785,10.816654205322266,12.806248664855957,15.264337539672852,15.264337539672852,17.492855072021484,19.72308349609375,21.095022201538086,21.954498291015625,25.05992889404297,26.419689178466797,26.925823211669922,27.294687271118164,28.844409942626953,30.01666259765625,29.529645919799805,31.064449310302734,31.064449310302734,30.528675079345703,30.528675079345703,31.064449310302734,30.805843353271484,32.202484130859375,32.80244064331055,32.649654388427734,33.30165100097656,31.827661514282227
0,-49.0,-95,21,12,85.47514343261719,83.38465118408203,75.95393371582031,74.81310272216797,68.59300231933594,64.38167572021484,58.4208869934082,52.345008850097656,50.35871505737305,45.7055778503418,41.43669891357422,36.34556198120117,32.557640075683594,29.832868576049805,25.70992088317871,22.360679626464844,19.416488647460938,16.124515533447266,12.649110794067383,10.198039054870605,6.0,6.0,3.605551242828369,2.0,4.0,6.7082037925720215,9.219544410705566,12.727922439575195,16.278820037841797,16.970561981201172,19.10497283935547,19.84943389892578,23.430749893188477,23.600847244262695,26.90724754333496,26.248809814453125,29.068883895874023,29.20616340637207,31.400636672973633,32.649654388427734,32.202484130859375,32.015621185302734,33.0151481628418,33.83784866333008,33.0151481628418,34.13209533691406,34.98571014404297,36.359317779541016,34.885528564453125,34.48188018798828,34.928497314453125,33.241539001464844
0,-49.0,-95,21,11,85.42832946777344,82.46211242675781,79.4040298461914,71.21797180175781,70.80254364013672,62.20128631591797,61.61168670654297,56.22277069091797,53.00943374633789,46.40043258666992,44.40720748901367,38.27531814575195,36.359317779541016,30.528675079345703,27.459060668945312,25.238859176635742,21.63330841064453,18.027755737304688,13.601470947265625,12.206555366516113,8.485280990600586,6.4031243324279785,6.4031243324279785,4.0,4.123105525970459,4.4721360206604,8.062257766723633,10.440306663513184,13.152946472167969,15.132745742797852,16.492422103881836,20.02498435974121,21.21320343017578,22.022714614868164,23.021728515625,25.0,26.019224166870117,28.0,28.0,29.0,31.0,32.0,31.0,31.0,33.060550689697266,31.016124725341797,32.06243896484375,32.140316009521484,33.13608169555664,33.13608169555664,32.24903106689453,32.75667953491211
0,-49.0,-95,22,7,86.12781524658203,82.2800064086914,77.79460144042969,74.3303451538086,69.92138671875,64.51356506347656,59.80802536010742,54.7813835144043,50.59644317626953,48.383880615234375,44.94440841674805,39.924930572509766,35.46829605102539,33.241539001464844,28.23118782043457,26.4007568359375,21.931713104248047,18.788293838500977,16.155494689941406,15.81138801574707,12.041594505310059,10.049875259399414,7.0,6.324555397033691,5.830951690673828,4.4721360206604,9.05538558959961,10.0,13.0,14.142135620117188,16.124515533447266,18.11077117919922,21.21320343017578,21.587032318115234,22.56102752685547,25.0,25.961509704589844,27.513633728027344,27.20294189453125,27.20294189453125,28.460498809814453,30.364452362060547,30.675724029541016,30.675724029541016,31.320919036865234,30.675724029541016,31.016124725341797,31.38471031188965,32.69556427001953,33.105892181396484,31.764760971069336,30.528675079345703
0,-49.0,-95,22,8,85.23497009277344,81.54139709472656,76.05918884277344,74.32361602783203,68.87670135498047,63.158531188964844,59.50630187988281,55.90169906616211,52.32590103149414,47.01063537597656,42.94182205200195,40.31128692626953,37.2155876159668,34.13209533691406,30.528675079345703,25.05992889404297,23.323806762695312,18.357559204101562,16.552946090698242,13.416407585144043,13.0,10.440306663513184,8.0,7.0,6.082762718200684,7.8102498054504395,10.29563045501709,11.045360565185547,12.165525436401367,13.03840446472168,16.031219482421875,17.0,19.0,21.0,23.0,25.0,25.0,25.01999282836914,27.018512725830078,29.017236709594727,29.0,30.149627685546875,29.068883895874023,31.064449310302734,31.016124725341797,31.064449310302734,31.575305938720703,31.575305938720703,31.400636672973633,31.575305938720703,32.75667953491211,29.4108829498291
0,-49.0,-95,22,9,94.76286315917969,92.76313781738281,85.04116821289062,82.8070068359375,74.41101837158203,75.07329559326172,66.70832061767578,63.25345993041992,59.03388977050781,51.22499465942383,50.447994232177734,45.45327377319336,41.231056213378906,38.41874694824219,34.4093017578125,30.0,28.017850875854492,23.34523582458496,21.931713104248047,16.278820037841797,16.401220321655273,13.601470947265625,11.180339813232422,10.440306663513184,10.0,10.0,10.770329475402832,14.142135620117188,14.866068840026855,17.804492950439453,19.416488647460938,21.63330841064453,23.323806762695312,23.706539154052734,25.942243576049805,26.4007568359375,28.17800521850586,29.96664810180664,30.870698928833008,31.95309066772461,32.31098937988281,33.61547088623047,33.241539001464844,33.83784866333008,34.1760139465332,33.52610778808594,33.83784866333008,35.735137939453125,33.241539001464844,34.928497314453125,35.693138122558594,36.34556198120117
0,-49.0,-95,22,9,90.42676544189453,85.42832946777344,82.20097351074219,79.2022705078125,72.20111083984375,68.00735473632812,63.82006072998047,58.52349853515625,54.64430618286133,51.312767028808594,47.16990661621094,43.5660400390625,42.19004440307617,36.359317779541016,33.2866325378418,29.529645919799805,27.20294189453125,22.203603744506836,22.203603744506836,19.84943389892578,18.439088821411133,14.21267032623291,13.03840446472168,13.892443656921387,13.601470947265625,12.041594505310059,13.152946472167969,12.649110794067383,16.155494689941406,17.8885440826416,18.357559204101562,20.248456954956055,21.095022201538086,24.20743751525879,25.0,26.4007568359375,27.658634185791016,28.319604873657227,29.73213768005371,30.4138126373291,31.827661514282227,32.526912689208984,32.557640075683594,32.557640075683594,30.4138126373291,31.827661514282227,33.941123962402344,33.970577239990234,34.828147888183594,33.42155075073242,34.20526123046875,34.13209533691406
0,-49.0,-95,22,10,97.83660125732422,97.30878448486328,85.91275024414062,86.55634307861328,78.8733139038086,75.80237579345703,70.60453033447266,65.802734375,63.24555206298828,55.803226470947266,54.08327102661133,52.430908203125,45.221675872802734,42.19004440307617,40.49691390991211,37.2155876159668,33.2866325378418,28.600698471069336,29.20616340637207,24.83948516845703,24.041629791259766,22.022714614868164,20.51828384399414,18.601076126098633,20.124610900878906,17.0880069732666,19.235383987426758,20.099750518798828,22.0,21.02379608154297,23.194826126098633,24.331050872802734,27.658634185791016,27.20294189453125,27.513633728027344,28.460498809814453,31.016124725341797,30.675724029541016,31.016124725341797,33.61547088623047,34.928497314453125,34.539833068847656,33.105892181396484,35.34119415283203,34.0,35.7770881652832,35.84689712524414,35.84689712524414,34.885528564453125,34.48188018798828,36.055511474609375,35.80502700805664
0,-49.0,-95,22,10,92.97311401367188,86.33075714111328,84.77027893066406,80.65357971191406,76.24303436279297,70.88018035888672,65.96968841552734,60.41522979736328,59.228370666503906,56.08921432495117,52.95280838012695,45.7055778503418,44.55333709716797,42.57933807373047,37.48332977294922,34.36568069458008,31.256999969482422,28.44292449951172,27.459060668945312,24.331050872802734,24.041629791259766,23.0867919921875,20.124610900878906,21.02379608154297,19.416488647460938,18.439088821411133,19.84943389892578,20.0,20.248456954956055,20.59126091003418,22.847318649291992,24.166091918945312,25.079872131347656,26.248809814453125,26.570659637451172,28.160255432128906,27.892650604248047,30.08321762084961,29.614185333251953,30.5941162109375,31.78049659729004,32.24903106689453,33.541019439697266,32.75667953491211,33.241539001464844,32.75667953491211,33.541019439697266,33.37664031982422,33.060550689697266,32.24903106689453,33.13608169555664,33.0151481628418
0,-48.0,-95,21,15,97.02061462402344,91.13726043701172,90.3548583984375,84.2140121459961,81.3019027709961,74.3303451538086,70.45565795898438,67.60177612304688,63.50590515136719,59.84145736694336,54.58937454223633,51.788028717041016,47.85394287109375,44.55333709716797,39.458839416503906,39.31920623779297,35.35533905029297,33.241539001464844,30.265491485595703,29.154760360717773,27.0,25.0,25.01999282836914,23.0867919921875,22.360679626464844,23.76972770690918,23.25940704345703,23.323806762695312,24.413110733032227,26.4007568359375,25.612497329711914,27.58622932434082,28.319604873657227,28.319604873657227,29.832868576049805,30.610456466674805,31.400636672973633,33.0151481628418,33.83784866333008,33.2866325378418,34.13209533691406,34.98571014404297,35.510562896728516,33.83784866333008,34.66987228393555,34.48188018798828,34.98571014404297,35.35533905029297,35.84689712524414,34.885528564453125,34.885528564453125,34.01470184326172
0,-47.0,-95,22,11,101.0,98.06120300292969,92.6498794555664,90.70832061767578,83.43260955810547,79.12016296386719,74.04052734375,70.21395874023438,67.05221557617188,62.62587356567383,59.46427536010742,54.7813835144043,51.26402282714844,47.75981521606445,44.94440841674805,41.231056213378906,38.62641525268555,35.735137939453125,34.78505325317383,32.015621185302734,30.805843353271484,30.265491485595703,27.294687271118164,28.07133674621582,27.0,26.0,28.284271240234375,28.44292449951172,29.832868576049805,30.08321762084961,31.95309066772461,32.893768310546875,32.69556427001953,34.01470184326172,34.885528564453125,35.7770881652832,35.7770881652832,37.121421813964844,37.2155876159668,37.58989334106445,38.07886505126953,38.07886505126953,38.587562561035156,38.07886505126953,38.587562561035156,38.07886505126953,39.11521530151367,38.587562561035156,38.587562561035156,38.587562561035156,39.11521530151367,37.80211639404297
0,-47.0,-95,22,12,101.13851928710938,95.4620361328125,94.79451751708984,89.14033508300781,86.37129211425781,77.15568542480469,74.41101837158203,71.0633544921875,67.47592163085938,63.25345993041992,60.30754470825195,54.81787872314453,52.63079071044922,49.04079818725586,46.86149978637695,43.416587829589844,39.824615478515625,38.20994567871094,36.878177642822266,34.65544509887695,33.941123962402344,32.557640075683594,31.240999221801758,31.400636672973633,31.064449310302734,30.886890411376953,30.870698928833008,32.31098937988281,31.95309066772461,33.52610778808594,33.241539001464844,35.1710090637207,35.902645111083984,35.510562896728516,38.470767974853516,38.327537536621094,38.11823654174805,40.112342834472656,40.04996871948242,39.051246643066406,41.19466018676758,39.11521530151367,41.01219177246094,39.051246643066406,40.04996871948242,40.04996871948242,39.0128173828125,40.04996871948242,40.0,40.0,40.0,38.05259704589844
0,-47.0,-95,22,13,107.11676025390625,97.02061462402344,98.08159637451172,96.02082824707031,88.20430755615234,84.05355072021484,81.0,75.1664810180664,70.06425476074219,66.61080932617188,63.3876953125,60.530982971191406,56.56854248046875,53.46026611328125,50.2493782043457,49.36598205566406,46.097721099853516,43.28972244262695,39.0128173828125,38.01315689086914,38.05259704589844,36.055511474609375,36.12478256225586,36.055511474609375,37.336307525634766,35.510562896728516,37.10795211791992,36.68787384033203,37.64305877685547,39.217342376708984,37.57658767700195,39.81205749511719,41.59326934814453,42.05948257446289,43.416587829589844,43.416587829589844,43.8292121887207,43.90899658203125,43.90899658203125,44.41846466064453,46.3249397277832,44.41846466064453,47.16990661621094,43.046485900878906,44.65422821044922,44.65422821044922,44.65422821044922,44.65422821044922,44.65422821044922,44.10215377807617,43.011627197265625,42.63801193237305
0,-47.0,-95,22,13,105.99056243896484,104.54663848876953,96.5660400390625,95.60334777832031,88.8875732421875,86.68333435058594,80.3243408203125,75.27283477783203,73.05477142333984,66.73080444335938,65.78753662109375,62.032249450683594,60.406951904296875,55.02726745605469,52.81098556518555,49.39635467529297,49.04079818725586,44.271888732910156,44.92215347290039,43.680660247802734,40.79215621948242,41.0,37.656341552734375,39.623226165771484,39.20458984375,39.20458984375,41.01219177246094,40.01249694824219,43.011627197265625,42.10700607299805,43.28972244262695,45.27692413330078,46.389652252197266,45.39823913574219,46.69047164916992,45.89117431640625,46.097721099853516,48.27007293701172,48.27007293701172,48.50773239135742,47.29693603515625,49.47726821899414,48.27007293701172,48.50773239135742,47.53945541381836,46.3249397277832,47.53945541381836,47.53945541381836,43.416587829589844,45.880279541015625,46.173583984375,44.94440841674805
0,-47.0,-95,22,15,105.47511291503906,100.84642028808594,96.64884948730469,93.1504135131836,87.70974731445312,83.6480712890625,78.71467590332031,75.13321685791016,71.58910369873047,67.11929321289062,65.30696868896484,63.56099319458008,59.50630187988281,55.46169662475586,53.22593307495117,51.429561614990234,47.423622131347656,47.41307830810547,46.52956008911133,45.650848388671875,44.94440841674805,44.41846466064453,42.72002029418945,42.20189666748047,42.8018684387207,43.8292121887207,45.607017517089844,46.22769546508789,46.86149978637695,47.50789260864258,48.83646011352539,49.51767349243164,50.91168975830078,52.32590103149414,53.037723541259766,53.037723541259766,53.075416564941406,52.345008850097656,53.075416564941406,53.075416564941406,53.075416564941406,53.75872039794922,53.75872039794922,51.62363815307617,52.345008850097656,50.2493782043457,52.345008850097656,52.345008850097656,49.57822036743164,49.57822036743164,49.67897033691406,48.41487503051758
0,-47.0,-95,23,11,94.5145492553711,89.55445098876953,89.58794403076172,84.90583038330078,80.99382781982422,73.7834701538086,71.28113555908203,68.24221801757812,68.26419067382812,62.801273345947266,61.29437255859375,57.42821502685547,56.61272048950195,56.859474182128906,52.15361785888672,48.87739944458008,46.04345703125,48.54894256591797,48.54894256591797,48.02082824707031,45.27692413330078,45.27692413330078,45.617977142333984,47.41307830810547,45.650848388671875,48.30113983154297,49.19349670410156,50.990196228027344,52.0,51.89412307739258,51.89412307739258,54.12947463989258,55.154327392578125,55.94640350341797,56.46237564086914,56.859474182128906,56.46237564086914,56.46237564086914,56.080299377441406,54.7813835144043,56.46237564086914,55.03635025024414,56.46237564086914,55.03635025024414,52.39274597167969,53.22593307495117,53.3104133605957,53.22593307495117,55.03635025024414,52.801513671875,53.3104133605957,49.648765563964844
0,-47.0,-95,23,11,97.59098052978516,95.67131042480469,89.80534362792969,87.69264221191406,83.4505844116211,77.79460144042969,75.69015502929688,70.00714111328125,67.20863342285156,65.79513549804688,62.93647766113281,60.14149856567383,60.8276252746582,56.58621597290039,55.154327392578125,54.488529205322266,50.990196228027344,48.91830062866211,47.381431579589844,50.32891845703125,49.81967544555664,49.04079818725586,50.6063232421875,51.7397346496582,52.49761962890625,51.400390625,56.40035629272461,55.0,57.20139694213867,59.203041076660156,55.803226470947266,60.605281829833984,61.29437255859375,61.61168670654297,63.812225341796875,63.0079345703125,60.80295944213867,63.0079345703125,62.20128631591797,62.42595672607422,63.60031509399414,60.464866638183594,62.00806427001953,59.66573715209961,59.90826416015625,57.42821502685547,58.41232681274414,58.00862121582031,56.61272048950195,55.60575485229492,56.61272048950195,54.918121337890625
0,-47.0,-95,24,11,120.48651123046875,116.69190216064453,109.11003875732422,108.78418731689453,99.6242904663086,94.5568618774414,91.08238220214844,86.33075714111328,84.75848388671875,82.2192153930664,78.77182006835938,74.94664764404297,73.37574768066406,72.11102294921875,70.22820281982422,66.128662109375,67.62396240234375,63.56099319458008,62.7694206237793,65.30696868896484,64.8459701538086,64.40496826171875,61.773780822753906,65.7419204711914,67.5425796508789,68.87670135498047,71.19690704345703,73.35530090332031,72.89718627929688,74.30342864990234,76.94153594970703,77.02597045898438,79.4040298461914,82.85529327392578,83.00602722167969,81.00617218017578,82.36504364013672,82.76472473144531,84.11896514892578,83.72574615478516,78.892333984375,81.88406372070312,80.52949523925781,79.64923095703125,78.71467590332031,77.89736938476562,78.71467590332031,77.89736938476562,74.70609283447266,74.30342864990234,74.30342864990234,72.40165710449219
0,-47.0,-95,24,11,114.21470642089844,111.28791809082031,105.3043212890625,103.3924560546875,97.41663360595703,95.13148498535156,87.14356231689453,85.14693450927734,84.48076629638672,79.30951690673828,79.4040298461914,76.41989135742188,73.55270385742188,73.55270385742188,71.70076751708984,68.73136138916016,66.91038513183594,65.92420196533203,67.26811981201172,68.44705963134766,67.26811981201172,68.44705963134766,68.15423583984375,73.34848022460938,73.75635528564453,74.73285675048828,78.85429382324219,79.62411499023438,80.80841827392578,79.83106994628906,85.70297241210938,84.5280990600586,88.29496002197266,87.09764862060547,87.09764862060547,88.29496002197266,88.1192398071289,87.29833984375,91.4111557006836,87.29833984375,86.31338500976562,87.57283020019531,85.58621215820312,84.59314727783203,85.58621215820312,79.76214599609375,82.60750579833984,80.62257385253906,79.6303939819336,79.6303939819336,78.08969116210938,77.10382843017578
0,-47.0,-95,24,12,111.73181915283203,107.48953247070312,103.24727630615234,102.59142303466797,96.87621307373047,94.04785919189453,86.97700500488281,84.89994049072266,81.3449478149414,75.74298858642578,76.48529052734375,76.48529052734375,74.02702331542969,71.0633544921875,69.40460968017578,70.0,72.00694274902344,67.42403411865234,67.00746154785156,67.42403411865234,69.065185546875,70.45565795898438,66.40029907226562,71.84706115722656,73.7834701538086,73.49829864501953,80.44873809814453,81.54139709472656,82.09750366210938,84.05355072021484,87.3670425415039,89.62700653076172,90.69729614257812,91.02197265625,89.87213134765625,92.00543212890625,89.40357971191406,90.60353088378906,90.60353088378906,92.80086517333984,91.40021514892578,89.02246856689453,90.27181243896484,84.0238037109375,85.91275024414062,83.09632873535156,85.91275024414062,84.0238037109375,82.32861328125,82.46211242675781,81.60882568359375,78.23681640625
0,-47.0,-95,25,10,120.41594696044922,111.22050476074219,111.64676666259766,107.67079162597656,101.17806243896484,94.42987060546875,88.14192962646484,90.44888305664062,82.15229797363281,80.0062484741211,82.00609588623047,81.02468872070312,76.00657653808594,80.15609741210938,75.23961639404297,75.05997467041016,71.0633544921875,71.34423828125,75.32595825195312,75.23961639404297,76.32168579101562,79.6303939819336,76.65507507324219,82.49242401123047,82.49242401123047,82.60750579833984,86.20904541015625,94.19129180908203,94.13288116455078,97.18538665771484,98.24967956542969,97.18538665771484,101.17806243896484,102.23991394042969,102.12247467041016,103.0436782836914,104.04325866699219,102.01960754394531,104.01922607421875,103.0436782836914,103.00485229492188,101.0,102.01960754394531,99.00505065917969,97.00515747070312,97.04637908935547,95.18928527832031,93.04837799072266,93.13430786132812,91.0054931640625,91.0,89.14033508300781
0,-47.0,-95,24,14,118.359619140625,111.57060241699219,109.65856170654297,103.36827087402344,102.88343048095703,97.01546478271484,91.21403503417969,86.64871978759766,85.70297241210938,81.93289947509766,81.1541748046875,82.46211242675781,78.39005279541016,77.47257232666016,75.1531753540039,79.2022705078125,78.72102355957031,76.94153594970703,75.58438873291016,79.60527801513672,78.29431915283203,81.41252899169922,85.8836441040039,88.54942321777344,90.3548583984375,92.13034057617188,94.81033325195312,99.28242492675781,102.956298828125,102.55242919921875,101.63660430908203,106.6208267211914,110.30865478515625,108.33743286132812,110.30865478515625,113.6529769897461,109.7861557006836,110.72488403320312,109.7861557006836,108.50345611572266,108.84851837158203,107.20541381835938,107.85638427734375,106.04244232177734,99.92997741699219,99.92997741699219,101.2422866821289,101.6513671875,98.08159637451172,96.84007263183594,95.21029663085938,93.30059051513672
0,-47.0,-95,25,0,55.94640350341797,50.08992004394531,51.62363815307617,49.73931884765625,46.04345703125,42.8018684387207,41.04875183105469,43.416587829589844,39.824615478515625,42.63801193237305,41.231056213378906,39.69886779785156,38.94868469238281,38.20994567871094,38.20994567871094,40.360870361328125,39.69886779785156,38.60051727294922,41.86884307861328,39.824615478515625,44.04542922973633,44.04542922973633,45.343135833740234,47.381431579589844,48.10405349731445,47.423622131347656,52.345008850097656,54.451812744140625,55.17245864868164,56.58621597290039,58.694122314453125,57.314918518066406,60.20797348022461,60.10823440551758,59.66573715209961,60.8276252746582,62.28964614868164,60.4400520324707,60.30754470825195,59.81638717651367,60.30754470825195,60.605281829833984,57.80138397216797,56.40035629272461,58.00862121582031,56.40035629272461,56.61272048950195,56.40035629272461,53.413482666015625,53.413482666015625,53.26349639892578,50.2493782043457
0,-47.0,-95,25,11,96.13011932373047,92.0,92.00543212890625,90.022216796875,84.148681640625,77.5241928100586,78.4091796875,72.69112396240234,73.75635528564453,70.88018035888672,70.3420181274414,71.16881561279297,72.11102294921875,71.69379425048828,76.48529052734375,75.23961639404297,74.84651184082031,76.05918884277344,82.73451232910156,86.33075714111328,87.6584243774414,91.38927459716797,91.23595428466797,99.02020263671875,100.7223892211914,101.39033508300781,110.72488403320312,114.49017333984375,118.59595489501953,118.00423431396484,125.57467651367188,122.26201629638672,125.41929626464844,129.54150390625,129.52220153808594,127.57743072509766,129.2942352294922,128.09762573242188,126.69648742675781,127.90621185302734,125.76565551757812,125.15989685058594,123.32071685791016,121.34249114990234,118.08895111083984,117.61377716064453,114.73883056640625,118.60859680175781,112.75193786621094,112.8716049194336,109.4897232055664,107.2800064086914
0,-47.0,-95,24,15,96.5660400390625,94.5938720703125,85.4400405883789,85.4400405883789,80.99382781982422,76.48529052734375,75.58438873291016,75.29276275634766,71.02112579345703,71.02816009521484,71.50524139404297,74.96665954589844,68.59300231933594,75.66372680664062,75.07329559326172,82.07313537597656,80.72174072265625,83.54639434814453,85.70297241210938,92.02173614501953,92.09777069091797,96.33275604248047,100.00499725341797,101.17806243896484,100.4987564086914,110.34491729736328,118.1397476196289,123.06908416748047,119.09659576416016,129.07362365722656,126.66886138916016,130.0961151123047,130.8739776611328,133.6862030029297,139.01438903808594,137.6117706298828,135.8712615966797,133.41664123535156,138.05795288085938,134.03358459472656,132.5745086669922,131.4686279296875,133.1465301513672,124.86792755126953,130.0,123.82245635986328,126.05157470703125,122.96747589111328,121.49073791503906,117.32433319091797,117.6435317993164,115.0
0,-47.0,-95,25,12,91.67878723144531,84.07734680175781,82.49242401123047,79.07591247558594,74.63243103027344,67.47592163085938,68.7677230834961,67.20863342285156,67.47592163085938,67.80117797851562,68.60028839111328,67.11929321289062,70.49113464355469,68.88395690917969,70.21395874023438,77.87811279296875,77.077880859375,81.1541748046875,79.62411499023438,85.23497009277344,89.69392395019531,91.7060546875,98.0866928100586,99.74467468261719,106.92988586425781,104.21611785888672,113.60017395019531,119.0,120.44085693359375,125.03199768066406,120.93386840820312,127.62445068359375,131.3697052001953,133.45411682128906,133.45411682128906,137.29530334472656,131.7459716796875,135.0740509033203,130.63307189941406,127.31456756591797,132.31024169921875,128.8099365234375,130.80137634277344,122.61321258544922,122.80065155029297,117.61377716064453,117.29023742675781,120.10411834716797,119.63277435302734,116.01724243164062,113.00442504882812,108.45275115966797
0,-47.0,-95,25,12,78.025634765625,76.00657653808594,69.02897644042969,68.4689712524414,65.76473236083984,60.41522979736328,59.13543701171875,57.00876998901367,57.27128601074219,55.4707145690918,61.057350158691406,65.21502685546875,62.62587356567383,63.89052963256836,65.94694519042969,68.59300231933594,72.13875579833984,73.59347534179688,78.51751708984375,81.3449478149414,86.26702880859375,87.72685241699219,90.52071380615234,94.9210205078125,101.53324890136719,104.9952392578125,112.61438751220703,114.63420104980469,117.6435317993164,121.49485778808594,126.49110412597656,128.41339111328125,128.968994140625,129.24781799316406,130.0845947265625,131.54847717285156,130.6981201171875,130.51052856445312,129.8653106689453,133.7647247314453,125.03199768066406,129.37542724609375,128.35107421875,123.06502532958984,119.86659240722656,116.2755355834961,121.20230865478516,117.68601989746094,112.72976684570312,114.49017333984375,112.69871520996094,111.01801300048828
0,-47.0,-95,25,12,82.07923126220703,79.37883758544922,73.97972869873047,72.00694274902344,65.11528015136719,63.12685775756836,61.00819778442383,64.28063201904297,61.392181396484375,61.188232421875,63.06346130371094,64.51356506347656,66.30987548828125,69.46221923828125,74.79304504394531,75.29276275634766,82.49242401123047,79.4040298461914,87.32124328613281,87.32124328613281,94.33981323242188,99.4786376953125,99.84988403320312,104.21611785888672,112.25862884521484,114.54257202148438,126.62543487548828,129.35609436035156,131.18307495117188,130.78225708007812,136.48809814453125,136.69308471679688,132.7742462158203,131.47242736816406,129.76902770996094,130.97328186035156,125.59060668945312,124.27791595458984,123.32882690429688,124.31009674072266,130.29965209960938,126.19429779052734,127.12985229492188,131.60546875,132.85330200195312,128.5768280029297,130.96946716308594,129.4024658203125,122.7232666015625,126.64912414550781,124.04031372070312,119.2182846069336
0,-47.0,-95,20,8,23.34523582458496,20.39607810974121,21.189620971679688,18.788293838500977,15.65247631072998,15.264337539672852,15.264337539672852,16.970561981201172,13.45362377166748,16.278820037841797,16.401220321655273,15.264337539672852,16.552946090698242,16.155494689941406,18.027755737304688,20.124610900878906,19.697715759277344,24.041629791259766,23.409399032592773,23.76972770690918,26.4007568359375,26.570659637451172,26.832815170288086,29.068883895874023,29.96664810180664,30.870698928833008,34.0,34.13209533691406,34.66987228393555,37.2155876159668,38.27531814575195,37.44329071044922,37.202152252197266,40.224369049072266,39.20458984375,40.804412841796875,40.607879638671875,40.0,38.41874694824219,37.64305877685547,39.051246643066406,38.94868469238281,37.53664779663086,36.878177642822266,35.38361358642578,36.06937789916992,33.941123962402344,35.38361358642578,33.970577239990234,34.71310806274414,34.058773040771484,32.649654388427734
0,-46.0,-95,24,15,73.55270385742188,70.25667572021484,64.19501495361328,62.00806427001953,58.215118408203125,54.34151077270508,51.54609680175781,52.92447280883789,52.839378356933594,54.37830352783203,58.13776779174805,61.55485534667969,63.65532302856445,60.95900344848633,66.21932983398438,75.60423278808594,74.5184555053711,80.0,80.15609741210938,88.09085845947266,91.83136749267578,97.08243560791016,100.89598846435547,103.3924560546875,107.62899017333984,111.7586669921875,120.28299713134766,122.38055419921875,126.73200225830078,133.20660400390625,129.7266387939453,135.72398376464844,139.62808227539062,143.22360229492188,143.80889892578125,145.24461364746094,143.84019470214844,141.2090606689453,142.00352478027344,136.6052703857422,143.22010803222656,132.5745086669922,139.2300262451172,131.1868896484375,132.0757293701172,126.40016174316406,129.84991455078125,126.40016174316406,127.02755737304688,124.85191345214844,119.85408020019531,116.4001693725586
0,-46.0,-95,24,15,70.0,64.03124237060547,62.22539520263672,58.898216247558594,50.21951675415039,46.957427978515625,47.53945541381836,45.89117431640625,48.25971221923828,50.2493782043457,53.00943374633789,56.56854248046875,57.314918518066406,60.8276252746582,66.0984115600586,68.00735473632812,75.0,74.21590423583984,81.60882568359375,88.32327270507812,92.34716796875,92.72000885009766,94.5938720703125,103.94229125976562,106.53168487548828,113.95174407958984,119.364990234375,122.80065155029297,128.2692413330078,126.775390625,122.80065155029297,122.69066619873047,118.60859680175781,118.34272003173828,116.2497329711914,119.33985137939453,112.1115493774414,112.01785278320312,114.0,115.0,122.26201629638672,115.00434875488281,124.00403594970703,123.00406646728516,124.01612854003906,126.015869140625,123.0162582397461,128.015625,124.06449890136719,121.00413513183594,120.00416564941406,121.10326385498047
0,-46.0,-95,25,9,59.236812591552734,47.41307830810547,51.4781494140625,41.88078308105469,38.897300720214844,34.4093017578125,31.38471031188965,32.572994232177734,33.734256744384766,39.051246643066406,40.31128692626953,41.59326934814453,48.27007293701172,49.648765563964844,53.851646423339844,59.77457809448242,61.09828186035156,67.23094177246094,70.57620239257812,77.49193572998047,79.84986114501953,83.24061584472656,90.82400512695312,93.96276092529297,98.08159637451172,97.52947998046875,107.70329284667969,112.80514526367188,114.33721923828125,122.18428802490234,120.61923217773438,124.95198822021484,125.93649291992188,127.4754867553711,127.098388671875,126.11502838134766,127.7380142211914,129.55308532714844,128.72451782226562,124.31009674072266,127.01181030273438,120.50311279296875,127.66361999511719,119.70797729492188,119.70797729492188,119.07980346679688,119.07980346679688,117.42657470703125,115.1173324584961,114.12712097167969,110.0227279663086,106.30146026611328
0,-46.0,-95,24,9,42.72002029418945,40.607879638671875,38.327537536621094,34.01470184326172,28.017850875854492,27.20294189453125,23.25940704345703,23.600847244262695,21.931713104248047,25.612497329711914,26.832815170288086,27.20294189453125,33.734256744384766,34.928497314453125,39.20458984375,41.43669891357422,48.166378021240234,52.345008850097656,52.345008850097656,54.451812744140625,60.20797348022461,67.08203887939453,67.08203887939453,73.75635528564453,73.75635528564453,76.48529052734375,85.37564086914062,87.55569458007812,89.28605651855469,92.97311401367188,93.30059051513672,98.97979736328125,98.03060913085938,99.6242904663086,100.24469757080078,99.95999145507812,101.0197982788086,99.16148376464844,99.5389404296875,100.46392059326172,95.4620361328125,96.7729263305664,97.16995239257812,96.25486755371094,92.8493423461914,92.70382690429688,91.18113708496094,87.46427917480469,90.07774353027344,87.32124328613281,86.16263580322266,82.861328125
0,-46.0,-95,24,13,55.4707145690918,49.39635467529297,44.65422821044922,38.897300720214844,33.970577239990234,28.017850875854492,27.85677719116211,26.172504425048828,28.0,29.73213768005371,34.1760139465332,38.910152435302734,40.8166618347168,45.221675872802734,51.400390625,55.803226470947266,58.600341796875,62.62587356567383,66.84310150146484,74.20242309570312,77.0064926147461,85.21150207519531,85.21150207519531,87.98295593261719,95.71833801269531,97.75479888916016,105.58882141113281,108.24047088623047,113.14591979980469,115.03912353515625,118.53269958496094,120.42009735107422,123.06502532958984,125.00399780273438,123.49089050292969,126.64912414550781,125.3554916381836,125.71794128417969,125.93649291992188,126.19429779052734,125.0,121.43310546875,124.32618713378906,118.59595489501953,116.76043701171875,113.52973175048828,113.52973175048828,113.88591003417969,111.3283462524414,107.56393432617188,110.13627624511719,103.07764434814453
0,-46.0,-95,24,11,54.5618896484375,48.83646011352539,41.72529220581055,37.013511657714844,31.906112670898438,25.63201141357422,24.083189010620117,21.21320343017578,22.847318649291992,21.40093421936035,29.698484420776367,32.80244064331055,36.400550842285156,39.66106414794922,45.617977142333984,52.77309799194336,53.712196350097656,59.4810905456543,63.95310592651367,70.26378631591797,72.89718627929688,75.1797866821289,79.60527801513672,85.4400405883789,88.32327270507812,92.96235656738281,105.11898040771484,103.2279052734375,106.40018463134766,108.60018157958984,113.81124877929688,115.20850372314453,121.60591888427734,120.8014907836914,122.20065307617188,119.97083282470703,119.33147430419922,119.97083282470703,118.56221771240234,121.37957000732422,117.79643249511719,119.09659576416016,116.84605407714844,114.76933288574219,111.39569091796875,110.8873291015625,110.11357879638672,111.39569091796875,108.23123168945312,106.66770935058594,107.44766235351562,101.0197982788086
0,-46.0,-95,24,10,52.35456085205078,46.647613525390625,39.11521530151367,35.0,30.479501724243164,23.430749893188477,21.02379608154297,17.262676239013672,19.10497283935547,19.697715759277344,23.323806762695312,27.658634185791016,31.890438079833984,34.20526123046875,40.0,43.600460052490234,45.607017517089844,52.430908203125,57.20139694213867,60.80295944213867,66.61080932617188,67.62396240234375,70.0,79.5110092163086,81.46778869628906,84.2911605834961,91.3509750366211,94.79451751708984,98.2903823852539,101.83319854736328,102.53292083740234,105.418212890625,108.18965148925781,107.56393432617188,112.44998931884766,110.39022064208984,113.2784194946289,110.34491729736328,110.39022064208984,108.37435150146484,110.39022064208984,107.62899017333984,106.4048843383789,103.3924560546875,103.4794692993164,99.90495300292969,101.98039245605469,97.74456787109375,100.44898986816406,98.31072998046875,94.06912231445312,91.3509750366211
0,-46.0,-95,24,9,52.201534271240234,44.643028259277344,38.832977294921875,35.12833786010742,29.017236709594727,22.090721130371094,19.416488647460938,14.764822959899902,12.806248664855957,17.464248657226562,17.11724281311035,22.090721130371094,26.07680892944336,32.24903106689453,34.525352478027344,38.832977294921875,43.17406463623047,47.53945541381836,50.635955810546875,57.42821502685547,59.84145736694336,62.513999938964844,66.0984115600586,71.84706115722656,76.65507507324219,80.3056640625,87.02298736572266,89.05054473876953,92.02173614501953,94.00531768798828,97.0,100.12492370605469,103.07764434814453,102.12247467041016,104.07689666748047,103.01941680908203,105.01904296875,103.0436782836914,104.12012481689453,103.17460632324219,105.1712875366211,100.31948852539062,100.4987564086914,98.24967956542969,95.63471984863281,96.51942443847656,96.6281509399414,93.77099609375,93.53608703613281,89.08984375,90.00555419921875,88.0227279663086
0,-46.0,-95,24,10,52.49761962890625,45.96738052368164,41.773197174072266,34.65544509887695,26.90724754333496,21.954498291015625,17.0880069732666,12.0,12.083045959472656,14.142135620117188,15.264337539672852,22.472204208374023,25.63201141357422,28.635643005371094,34.525352478027344,40.4474983215332,46.69047164916992,47.67599105834961,54.33230972290039,55.73149871826172,61.814239501953125,66.0984115600586,69.23149871826172,72.2772445678711,77.87811279296875,80.52328491210938,90.52071380615234,88.23265075683594,96.13532257080078,95.5196304321289,98.97979736328125,100.30453491210938,105.6219711303711,104.67568969726562,105.6219711303711,106.89247131347656,109.93180084228516,105.47511291503906,106.04244232177734,108.2681884765625,104.40306854248047,106.77546691894531,105.10946655273438,100.6578369140625,98.79270935058594,99.72462463378906,96.2081069946289,98.08159637451172,96.2081069946289,92.02716827392578,90.8019790649414,90.9560317993164
0,-46.0,-95,23,12,52.40229034423828,46.010868072509766,38.897300720214844,31.14482307434082,25.0,20.248456954956055,15.264337539672852,10.198039054870605,9.486832618713379,9.433980941772461,16.76305389404297,17.262676239013672,26.07680892944336,27.018512725830078,32.0,35.0,41.0,45.0111083984375,52.0,56.0,58.0,64.0078125,64.03124237060547,70.1783447265625,74.24284362792969,75.1664810180664,83.48652648925781,90.09439849853516,90.42676544189453,92.22798156738281,94.20191192626953,99.46356201171875,99.63935089111328,99.29753112792969,100.44898986816406,103.7545166015625,102.9611587524414,103.16007232666016,100.62306213378906,100.0199966430664,101.78899383544922,98.84330749511719,99.82484436035156,95.7078857421875,95.52486419677734,92.76313781738281,93.5574722290039,91.7823486328125,92.22798156738281,88.95504760742188,88.45903015136719,87.14356231689453
0,-46.0,-95,23,11,46.27094268798828,41.19466018676758,34.2344856262207,30.066593170166016,22.022714614868164,19.0,14.317821502685547,9.848857879638672,7.8102498054504395,6.0,9.486832618713379,12.206555366516113,16.278820037841797,18.439088821411133,23.430749893188477,29.73213768005371,32.649654388427734,35.35533905029297,38.897300720214844,43.13930892944336,46.86149978637695,47.50789260864258,50.447994232177734,54.4058837890625,59.81638717651367,61.400325775146484,68.50547790527344,70.49113464355469,73.7834701538086,75.29276275634766,77.17512512207031,78.03204345703125,80.77747344970703,80.77747344970703,81.6333236694336,82.85529327392578,84.11896514892578,83.24061584472656,85.0,85.0,81.12335968017578,82.76472473144531,79.64923095703125,79.64923095703125,76.5375747680664,76.15773010253906,76.15773010253906,78.77182006835938,74.30342864990234,73.57308959960938,71.56116485595703,70.45565795898438
0,-46.0,-95,22,14,51.312767028808594,47.434165954589844,39.4461669921875,34.48188018798828,28.017850875854492,22.803508758544922,19.10497283935547,12.041594505310059,8.246211051940918,4.4721360206604,8.602325439453125,10.770329475402832,17.029386520385742,21.095022201538086,25.079872131347656,30.01666259765625,36.12478256225586,38.05259704589844,43.104522705078125,47.16990661621094,50.08992004394531,53.46026611328125,54.33230972290039,62.801273345947266,63.639610290527344,65.11528015136719,73.97972869873047,75.70997619628906,82.22530364990234,80.28075408935547,86.34812927246094,86.12781524658203,90.52071380615234,89.28605651855469,89.5600357055664,88.32327270507812,92.34716796875,89.84430694580078,89.5600357055664,90.13877868652344,86.97700500488281,88.8875732421875,87.59566497802734,86.33075714111328,85.070556640625,82.56512451171875,84.11896514892578,82.56512451171875,82.00609588623047,81.4923324584961,78.10249328613281,76.29547882080078
0,-46.0,-95,22,14,50.0,45.880279541015625,39.560081481933594,33.241539001464844,26.570659637451172,21.540658950805664,16.155494689941406,10.29563045501709,6.4031243324279785,4.123105525970459,6.4031243324279785,11.704699516296387,15.81138801574707,20.615528106689453,23.34523582458496,28.44292449951172,33.541019439697266,36.67424011230469,42.20189666748047,44.384681701660156,47.29693603515625,52.63079071044922,53.851646423339844,58.8217658996582,61.032779693603516,65.45991516113281,72.44998168945312,71.86793518066406,78.18567657470703,78.92401123046875,82.07923126220703,82.07923126220703,85.61541748046875,86.16263580322266,87.09190368652344,86.53900909423828,87.72685241699219,87.72685241699219,88.63971710205078,89.05054473876953,84.30895233154297,87.8464584350586,85.08818817138672,84.69356536865234,80.23091888427734,79.30951690673828,80.77747344970703,80.41144561767578,78.54934692382812,76.89603424072266,75.89466094970703,74.72616577148438
0,-46.0,-95,21,17,50.6063232421875,45.0,40.0,35.608985900878906,28.42534065246582,23.430749893188477,17.69180679321289,11.401754379272461,6.324555397033691,4.4721360206604,7.071067810058594,12.041594505310059,15.132745742797852,19.10497283935547,23.34523582458496,28.44292449951172,32.75667953491211,35.693138122558594,40.4474983215332,43.5660400390625,46.69047164916992,50.48762130737305,54.451812744140625,58.13776779174805,61.073726654052734,65.12296295166016,70.028564453125,73.00685119628906,76.0,78.00640869140625,79.00633239746094,83.02409362792969,83.00602722167969,85.0058822631836,86.00581359863281,86.00581359863281,86.09297180175781,86.02325439453125,85.05292510986328,85.02352905273438,84.05355072021484,84.05355072021484,83.09632873535156,81.09870910644531,80.0062484741211,79.0,80.0062484741211,78.0,77.0064926147461,75.00666809082031,74.06078338623047,72.44308471679688
0,-46.0,-95,22,12,53.00943374633789,44.10215377807617,42.19004440307617,34.058773040771484,29.017236709594727,21.02379608154297,17.029386520385742,12.0,7.071067810058594,3.605551242828369,3.605551242828369,5.385164737701416,11.180339813232422,15.264337539672852,20.615528106689453,25.63201141357422,27.73084831237793,31.38471031188965,35.7770881652832,38.94868469238281,42.19004440307617,45.486263275146484,48.3735466003418,51.865211486816406,54.918121337890625,59.07622146606445,65.802734375,65.6048812866211,70.60453033447266,71.84010314941406,73.40980529785156,76.69419860839844,78.10249328613281,77.6208724975586,79.5110092163086,79.64923095703125,80.60397338867188,79.8122787475586,79.2022705078125,80.28075408935547,79.02531433105469,78.8733139038086,78.24320983886719,77.46611785888672,73.87828063964844,74.02702331542969,73.87828063964844,72.4706802368164,71.02816009521484,71.28113555908203,68.26419067382812,67.23094177246094
0,-47.0,-95,22,12,48.82622146606445,46.04345703125,39.408119201660156,34.4093017578125,27.80287742614746,23.021728515625,16.6433162689209,12.529964447021484,6.324555397033691,3.0,2.0,6.4031243324279785,10.816654205322266,13.892443656921387,19.416488647460938,22.472204208374023,28.017850875854492,31.064449310302734,34.66987228393555,38.587562561035156,39.96248245239258,43.416587829589844,46.647613525390625,50.6063232421875,54.5618896484375,55.009090423583984,63.324562072753906,64.07807922363281,69.07966613769531,68.94925689697266,71.30918884277344,74.09453582763672,75.3923110961914,75.96051788330078,78.18567657470703,76.32168579101562,75.96051788330078,76.55716705322266,76.69419860839844,77.2528305053711,75.96051788330078,76.89603424072266,75.27283477783203,74.09453582763672,72.80110168457031,72.09021759033203,73.16419982910156,71.69379425048828,70.26378631591797,70.21395874023438,68.88395690917969,67.23094177246094
0,-47.0,-95,22,10,45.221675872802734,39.66106414794922,35.510562896728516,31.064449310302734,24.413110733032227,21.095022201538086,17.804492950439453,11.661903381347656,8.602325439453125,1.4142135381698608,0.0,2.0,8.246211051940918,11.401754379272461,14.560219764709473,16.492422103881836,22.847318649291992,23.409399032592773,31.62277603149414,32.280025482177734,34.48188018798828,37.656341552734375,37.10795211791992,42.57933807373047,44.72135925292969,46.69047164916992,52.345008850097656,55.3263053894043,57.21887969970703,58.13776779174805,60.13318634033203,63.19810104370117,63.12685775756836,64.38167572021484,64.19501495361328,64.38167572021484,65.27633666992188,65.27633666992188,66.27216339111328,65.19202423095703,64.19501495361328,63.19810104370117,64.19501495361328,62.20128631591797,61.400325775146484,60.29925537109375,61.400325775146484,59.41380310058594,59.6824951171875,58.694122314453125,57.070133209228516,55.54277801513672
0,-47.0,-95,21,15,51.88448715209961,47.16990661621094,40.8166618347168,36.359317779541016,29.681644439697266,23.853721618652344,18.867961883544922,14.422204971313477,8.602325439453125,4.242640495300293,1.0,3.0,6.082762718200684,12.529964447021484,15.65247631072998,20.0,24.20743751525879,26.4007568359375,31.400636672973633,32.80244064331055,38.28837966918945,42.44997024536133,43.13930892944336,48.83646011352539,48.79549026489258,53.75872039794922,58.41232681274414,59.66573715209961,63.411354064941406,64.20280456542969,66.84310150146484,69.20259857177734,71.84010314941406,69.81404113769531,74.02702331542969,72.20111083984375,72.62230682373047,71.84010314941406,74.02702331542969,74.81310272216797,71.21797180175781,73.24616241455078,70.43436431884766,69.52696990966797,67.47592163085938,66.60330200195312,66.70832061767578,66.60330200195312,65.85590362548828,65.76473236083984,64.38167572021484,63.12685775756836
0,-47.0,-95,21,6,31.62277603149414,27.513633728027344,25.961509704589844,20.615528106689453,19.646883010864258,16.492422103881836,12.165525436401367,8.0,7.071067810058594,2.0,0.0,2.8284270763397217,4.4721360206604,7.280109882354736,8.246211051940918,13.152946472167969,13.152946472167969,17.262676239013672,18.11077117919922,19.02629852294922,23.0867919921875,24.083189010620117,27.018512725830078,29.0,30.01666259765625,31.016124725341797,35.0,38.0,38.05259704589844,39.0,40.04996871948242,42.04759216308594,43.046485900878906,43.011627197265625,42.01190185546875,47.04253387451172,45.0111083984375,45.0,43.0,43.046485900878906,45.0444221496582,42.01190185546875,45.0,42.0,41.04875183105469,41.0,40.0,41.01219177246094,41.04875183105469,40.112342834472656,40.199501037597656,38.327537536621094
0,-47.0,-95,22,10,50.695167541503906,45.607017517089844,38.07886505126953,34.928497314453125,28.460498809814453,25.0,19.313207626342773,14.317821502685547,10.440306663513184,5.099019527435303,2.8284270763397217,3.1622776985168457,6.082762718200684,10.440306663513184,14.317821502685547,18.973665237426758,23.409399032592773,25.079872131347656,30.870698928833008,32.649654388427734,34.885528564453125,38.01315689086914,39.824615478515625,42.72002029418945,46.3249397277832,50.774009704589844,55.803226470947266,55.803226470947266,60.80295944213867,61.22091293334961,64.20280456542969,65.4369888305664,67.00746154785156,67.80117797851562,69.20259857177734,68.4105224609375,71.0633544921875,69.65629577636719,70.43436431884766,71.0633544921875,68.4105224609375,69.65629577636719,68.11754608154297,67.00746154785156,65.6048812866211,65.6048812866211,65.6048812866211,63.0079345703125,61.61168670654297,63.0079345703125,62.68173599243164,60.90156173706055
0,-47.0,-95,22,7,41.59326934814453,38.470767974853516,32.24903106689453,30.886890411376953,26.07680892944336,20.59126091003418,17.492855072021484,11.661903381347656,8.062257766723633,5.0,2.0,1.0,3.0,7.211102485656738,9.433980941772461,14.422204971313477,17.20465087890625,18.867961883544922,21.40093421936035,24.413110733032227,27.20294189453125,29.20616340637207,31.890438079833984,36.06937789916992,36.06937789916992,40.31128692626953,43.84062194824219,45.96738052368164,45.96738052368164,50.2493782043457,50.93132781982422,52.345008850097656,52.32590103149414,53.75872039794922,55.154327392578125,55.865909576416016,55.90169906616211,54.451812744140625,55.865909576416016,53.75872039794922,55.154327392578125,53.037723541259766,53.037723541259766,52.32590103149414,52.32590103149414,51.6623649597168,53.075416564941406,51.088157653808594,49.81967544555664,50.6063232421875,47.801673889160156,47.70744323730469
0,-47.0,-95,22,10,50.96076965332031,45.607017517089844,40.52159881591797,37.10795211791992,32.015621185302734,25.70992088317871,22.360679626464844,17.262676239013672,12.165525436401367,7.0,5.0,0.0,4.4721360206604,8.9442720413208,13.601470947265625,15.524174690246582,17.464248657226562,22.360679626464844,25.179357528686523,29.154760360717773,32.24903106689453,35.05709457397461,38.05259704589844,41.0,44.0,46.0,52.08646774291992,55.03635025024414,55.081756591796875,57.07889175415039,59.07622146606445,61.20457458496094,64.1248779296875,63.19810104370117,64.19501495361328,66.12110137939453,66.12110137939453,65.12296295166016,66.12110137939453,65.12296295166016,66.18912506103516,64.19501495361328,65.12296295166016,62.07253646850586,63.12685775756836,60.13318634033203,61.032779693603516,61.00819778442383,60.0,60.0,57.07889175415039,55.3263053894043
0,-47.0,-95,22,9,48.754486083984375,45.17742919921875,41.67733383178711,36.715118408203125,31.38471031188965,26.419689178466797,21.63330841064453,16.124515533447266,12.206555366516113,8.485280990600586,4.242640495300293,1.0,4.0,7.071067810058594,10.198039054870605,15.264337539672852,18.027755737304688,20.808652877807617,23.600847244262695,27.20294189453125,29.681644439697266,32.80244064331055,36.2353401184082,38.897300720214844,42.52058410644531,44.55333709716797,50.93132781982422,51.6623649597168,53.75872039794922,57.384666442871094,56.58621597290039,59.46427536010742,59.41380310058594,60.87692642211914,62.28964614868164,64.38167572021484,63.70243453979492,62.2414665222168,63.65532302856445,63.70243453979492,62.36986541748047,60.87692642211914,62.93647766113281,62.28964614868164,58.728187561035156,57.28001403808594,57.28001403808594,60.10823440551758,58.728187561035156,57.48912811279297,56.080299377441406,55.217750549316406
0,-47.0,-95,22,9,50.6063232421875,43.416587829589844,41.231056213378906,36.878177642822266,31.827661514282227,25.45584487915039,21.931713104248047,16.970561981201172,11.313708305358887,8.602325439453125,4.0,2.2360680103302,4.0,7.071067810058594,10.770329475402832,13.892443656921387,18.027755737304688,20.0,24.83948516845703,25.612497329711914,29.73213768005371,31.890438079833984,34.65544509887695,36.79673767089844,39.59798049926758,43.185646057128906,48.27007293701172,49.81967544555664,51.22499465942383,52.801513671875,56.40035629272461,57.628116607666016,57.80138397216797,60.0,61.400325775146484,61.22091293334961,61.400325775146484,62.481998443603516,61.22091293334961,61.84658432006836,59.66573715209961,61.22091293334961,61.84658432006836,58.2580451965332,57.48912811279297,56.63920974731445,57.384666442871094,57.314918518066406,55.90169906616211,55.865909576416016,54.488529205322266,52.63079071044922
0,-47.0,-95,19,12,30.886890411376953,26.419689178466797,26.62705421447754,23.021728515625,17.492855072021484,15.264337539672852,14.317821502685547,9.433980941772461,7.071067810058594,4.4721360206604,4.0,2.2360680103302,3.0,5.0,7.8102498054504395,7.8102498054504395,9.219544410705566,13.03840446472168,14.764822959899902,16.401220321655273,17.0,20.59126091003418,20.59126091003418,23.25940704345703,25.495098114013672,27.73084831237793,30.463092803955078,29.73213768005371,31.95309066772461,31.95309066772461,33.83784866333008,36.400550842285156,35.11410140991211,37.336307525634766,37.6961555480957,37.947330474853516,37.0,36.055511474609375,37.336307525634766,37.6961555480957,37.336307525634766,37.336307525634766,37.6961555480957,37.161808013916016,34.539833068847656,34.539833068847656,34.438350677490234,35.84689712524414,33.541019439697266,34.438350677490234,34.0,32.75667953491211
0,-47.0,-95,21,12,50.35871505737305,45.54119110107422,40.4474983215332,35.510562896728516,31.400636672973633,26.68332862854004,21.840330123901367,16.76305389404297,13.0,7.6157732009887695,4.4721360206604,3.0,4.4721360206604,7.071067810058594,11.0,13.0,17.0,19.10497283935547,22.360679626464844,25.495098114013672,28.635643005371094,30.5941162109375,33.734256744384766,36.68787384033203,39.293766021728516,41.761226654052734,47.434165954589844,48.383880615234375,51.26402282714844,51.26402282714844,54.424259185791016,55.154327392578125,58.30952072143555,58.872745513916016,57.93962478637695,59.13543701171875,61.032779693603516,59.13543701171875,58.8217658996582,61.032779693603516,60.728904724121094,59.77457809448242,58.18934631347656,58.8217658996582,56.30275344848633,56.04462432861328,57.567352294921875,56.61272048950195,54.5710563659668,55.31726837158203,54.58937454223633,52.345008850097656
0,-47.0,-95,20,6,24.041629791259766,21.21320343017578,21.21320343017578,18.439088821411133,15.55634880065918,13.45362377166748,9.219544410705566,9.899495124816895,6.4031243324279785,5.830951690673828,3.0,1.4142135381698608,3.0,3.1622776985168457,4.242640495300293,5.830951690673828,7.211102485656738,8.485280990600586,9.219544410705566,12.727922439575195,12.806248664855957,14.866068840026855,15.55634880065918,17.029386520385742,19.209373474121094,20.615528106689453,23.021728515625,22.022714614868164,24.20743751525879,23.021728515625,24.413110733032227,27.20294189453125,26.4007568359375,28.017850875854492,28.42534065246582,27.20294189453125,27.20294189453125,28.42534065246582,27.018512725830078,28.42534065246582,27.20294189453125,26.4007568359375,28.42534065246582,27.80287742614746,26.90724754333496,25.612497329711914,26.90724754333496,24.75883674621582,26.172504425048828,26.90724754333496,25.45584487915039,24.083189010620117
0,-47.0,-95,20,16,52.17279052734375,46.097721099853516,43.416587829589844,37.48332977294922,35.510562896728516,28.160255432128906,25.317977905273438,20.099750518798828,16.0,12.0,8.0,3.605551242828369,4.0,7.211102485656738,8.485280990600586,12.529964447021484,14.317821502685547,17.0880069732666,21.587032318115234,24.515300750732422,26.68332862854004,31.400636672973633,32.24903106689453,37.121421813964844,38.11823654174805,39.0128173828125,45.0,49.0,47.0,53.0,51.0,55.0,57.0,57.0,58.0,60.0,59.0,58.0,59.00847244262695,58.0,59.0,56.0,60.0,57.00876998901367,57.00876998901367,55.081756591796875,54.147945404052734,55.081756591796875,56.32051086425781,53.33854293823242,51.788028717041016,52.39274597167969
0,-47.0,-95,21,11,52.46903991699219,48.25971221923828,42.10700607299805,38.20994567871094,33.13608169555664,31.016124725341797,25.0,21.0,16.0,11.180339813232422,8.5440034866333,3.605551242828369,5.0,5.830951690673828,7.071067810058594,10.29563045501709,13.928388595581055,14.866068840026855,19.646883010864258,23.34523582458496,24.515300750732422,29.42787742614746,30.265491485595703,34.058773040771484,36.12478256225586,39.0128173828125,44.0,44.0,48.0,47.0,50.03998565673828,53.00943374633789,53.0,53.037723541259766,56.0,55.0,56.0,56.00892639160156,54.08327102661133,57.03507614135742,54.147945404052734,54.147945404052734,55.03635025024414,54.230987548828125,53.23532485961914,52.239830017089844,53.33854293823242,52.46903991699219,50.2493782043457,49.648765563964844,49.030601501464844,47.12748718261719
0,-47.0,-95,21,11,51.62363815307617,47.381431579589844,42.57933807373047,37.48332977294922,32.38827133178711,27.658634185791016,23.0867919921875,18.681541442871094,14.866068840026855,11.180339813232422,7.071067810058594,4.4721360206604,3.0,4.242640495300293,8.5440034866333,10.198039054870605,14.03566837310791,17.0,21.095022201538086,23.0867919921875,26.07680892944336,30.4138126373291,31.14482307434082,32.98484420776367,37.85498809814453,38.07886505126953,43.680660247802734,44.92215347290039,48.383880615234375,49.33558654785156,50.28916549682617,54.708316802978516,54.708316802978516,55.6596794128418,56.61272048950195,56.61272048950195,57.28001403808594,56.32051086425781,57.567352294921875,56.32051086425781,56.04462432861328,57.28001403808594,56.32051086425781,55.081756591796875,55.081756591796875,54.81787872314453,53.851646423339844,52.39274597167969,53.93514633178711,53.75872039794922,53.600372314453125,49.162994384765625
0,-47.0,-95,21,11,50.990196228027344,46.957427978515625,41.59326934814453,38.07886505126953,33.61547088623047,28.65309715270996,23.323806762695312,18.867961883544922,14.866068840026855,12.727922439575195,9.433980941772461,6.082762718200684,5.099019527435303,5.0,8.246211051940918,10.0,13.0,15.29705810546875,19.646883010864258,21.587032318115234,23.76972770690918,26.570659637451172,27.85677719116211,31.78049659729004,34.01470184326172,35.7770881652832,41.59326934814453,42.05948257446289,44.29446792602539,45.27692413330078,47.88528060913086,49.24428939819336,49.648765563964844,53.23532485961914,52.839378356933594,52.35456085205078,53.712196350097656,52.77309799194336,53.23532485961914,53.66563034057617,53.22593307495117,53.23532485961914,53.22593307495117,51.89412307739258,51.4781494140625,50.15974426269531,51.078372955322266,50.695167541503906,49.97999572753906,49.33558654785156,49.33558654785156,48.05205535888672
0,-47.0,-95,21,11,50.6063232421875,47.88528060913086,41.67733383178711,39.96248245239258,34.98571014404297,28.301942825317383,25.238859176635742,21.40093421936035,16.401220321655273,13.45362377166748,9.433980941772461,5.830951690673828,4.123105525970459,2.8284270763397217,7.0,9.0,10.198039054870605,13.928388595581055,16.76305389404297,21.189620971679688,22.472204208374023,25.079872131347656,28.635643005371094,30.01666259765625,33.61547088623047,34.48188018798828,39.11521530151367,42.19004440307617,44.65422821044922,45.221675872802734,46.04345703125,49.92995071411133,49.39635467529297,49.92995071411133,51.865211486816406,51.865211486816406,51.865211486816406,52.15361785888672,52.47856521606445,52.47856521606445,50.2493782043457,53.0,51.97114562988281,51.97114562988281,50.6063232421875,49.19349670410156,50.08992004394531,49.658836364746094,49.24428939819336,50.15974426269531,48.10405349731445,45.54119110107422
0,-47.0,-95,21,11,52.801513671875,49.40647888183594,44.40720748901367,40.224369049072266,35.22782897949219,30.01666259765625,26.419689178466797,21.470911026000977,17.8885440826416,13.928388595581055,10.440306663513184,7.0,4.4721360206604,4.4721360206604,5.0,8.5440034866333,11.180339813232422,12.806248664855957,17.029386520385742,19.10497283935547,21.931713104248047,25.612497329711914,26.172504425048828,30.0,32.202484130859375,33.60059356689453,38.27531814575195,42.19004440307617,43.046485900878906,44.94440841674805,46.647613525390625,46.647613525390625,48.87739944458008,49.39635467529297,51.107730865478516,51.312767028808594,52.15361785888672,51.97114562988281,52.15361785888672,51.312767028808594,52.47856521606445,50.774009704589844,52.47856521606445,49.39635467529297,49.648765563964844,48.82622146606445,50.21951675415039,50.21951675415039,49.04079818725586,47.6340217590332,46.69047164916992,45.27692413330078
0,-47.0,-95,21,11,55.154327392578125,46.615447998046875,44.94440841674805,42.54409408569336,37.161808013916016,30.675724029541016,26.925823211669922,23.53720474243164,18.248287200927734,15.033296585083008,11.045360565185547,8.246211051940918,6.4031243324279785,4.123105525970459,7.071067810058594,10.770329475402832,12.206555366516113,14.866068840026855,16.278820037841797,19.209373474121094,22.203603744506836,25.806976318359375,28.301942825317383,29.529645919799805,33.541019439697266,35.34119415283203,40.71854782104492,41.62931823730469,43.863426208496094,46.097721099853516,47.01063537597656,48.84669876098633,51.078372955322266,50.56678771972656,52.32590103149414,52.801513671875,52.39274597167969,54.12947463989258,53.66563034057617,53.22593307495117,53.66563034057617,55.009090423583984,52.77309799194336,52.77309799194336,53.23532485961914,50.6063232421875,51.97114562988281,50.2493782043457,50.774009704589844,49.92995071411133,48.60041046142578,48.27007293701172
0,-47.0,-95,21,11,53.413482666015625,47.01063537597656,45.45327377319336,40.45985794067383,35.46829605102539,29.698484420776367,25.495098114013672,21.931713104248047,18.439088821411133,15.81138801574707,11.661903381347656,8.246211051940918,7.0,6.4031243324279785,5.385164737701416,9.0,11.045360565185547,15.81138801574707,16.155494689941406,18.973665237426758,21.931713104248047,24.59674835205078,26.925823211669922,28.844409942626953,31.906112670898438,33.0151481628418,39.20458984375,41.231056213378906,42.01190185546875,46.86149978637695,45.0,47.50789260864258,48.27007293701172,49.20365905761719,51.400390625,52.63079071044922,51.400390625,51.400390625,50.80354309082031,51.400390625,52.201534271240234,51.400390625,52.201534271240234,49.40647888183594,50.477718353271484,49.92995071411133,50.477718353271484,49.39635467529297,48.87739944458008,47.88528060913086,47.85394287109375,45.694637298583984
0,-47.0,-95,18,12,37.57658767700195,35.84689712524414,29.068883895874023,27.73084831237793,24.041629791259766,20.248456954956055,19.92485809326172,14.560219764709473,14.03566837310791,10.440306663513184,9.05538558959961,7.0,4.123105525970459,3.1622776985168457,5.0,3.605551242828369,7.211102485656738,9.899495124816895,10.816654205322266,13.45362377166748,14.422204971313477,17.20465087890625,16.6433162689209,18.357559204101562,21.954498291015625,22.825424194335938,26.832815170288086,25.942243576049805,28.635643005371094,30.463092803955078,31.38471031188965,33.105892181396484,32.69556427001953,34.928497314453125,34.0,34.438350677490234,36.24913787841797,34.438350677490234,34.438350677490234,34.438350677490234,35.7770881652832,34.438350677490234,34.885528564453125,34.48188018798828,31.764760971069336,33.61547088623047,32.75667953491211,33.61547088623047,33.0151481628418,33.0151481628418,32.80244064331055,32.015621185302734
0,-47.0,-95,21,11,53.46026611328125,49.36598205566406,46.097721099853516,42.19004440307617,37.121421813964844,31.14482307434082,27.0,23.0,20.0,15.29705810546875,13.152946472167969,9.433980941772461,6.4031243324279785,6.0,5.385164737701416,7.8102498054504395,9.219544410705566,12.529964447021484,16.155494689941406,18.681541442871094,22.135944366455078,24.73863410949707,26.476404190063477,29.42787742614746,31.400636672973633,32.38827133178711,37.05401611328125,41.30375289916992,42.04759216308594,45.0444221496582,45.0444221496582,47.04253387451172,50.03998565673828,51.03919982910156,50.03998565673828,52.08646774291992,52.08646774291992,50.15974426269531,52.08646774291992,52.08646774291992,52.08646774291992,51.15662384033203,53.23532485961914,50.2493782043457,49.162994384765625,49.36598205566406,49.25444030761719,50.48762130737305,49.81967544555664,48.05205535888672,47.07440948486328,47.434165954589844
0,-47.0,-95,21,11,54.120235443115234,49.658836364746094,48.3735466003418,42.54409408569336,37.2155876159668,30.886890411376953,28.301942825317383,23.323806762695312,20.248456954956055,17.69180679321289,13.45362377166748,8.602325439453125,6.324555397033691,5.0,5.0,7.0,10.0,12.041594505310059,14.142135620117188,17.262676239013672,21.587032318115234,22.135944366455078,24.698177337646484,28.635643005371094,28.635643005371094,32.649654388427734,36.715118408203125,40.31128692626953,40.8166618347168,41.67733383178711,43.90899658203125,46.957427978515625,47.88528060913086,47.41307830810547,49.24428939819336,50.6063232421875,50.2493782043457,49.24428939819336,50.11985778808594,51.4781494140625,52.839378356933594,51.0,50.537113189697266,50.11985778808594,48.754486083984375,48.332183837890625,50.15974426269531,49.24428939819336,46.81879806518555,49.39635467529297,46.48655700683594,45.35416030883789
0,-47.0,-95,21,10,59.46427536010742,55.226806640625,50.91168975830078,45.27692413330078,40.31128692626953,36.06937789916992,30.0,27.018512725830078,22.203603744506836,16.124515533447266,15.264337539672852,9.848857879638672,8.0,5.385164737701416,4.4721360206604,7.280109882354736,10.0,13.152946472167969,13.601470947265625,18.788293838500977,21.931713104248047,22.472204208374023,25.942243576049805,30.01666259765625,30.805843353271484,31.906112670898438,38.01315689086914,39.20458984375,41.231056213378906,42.8018684387207,44.821868896484375,48.27007293701172,49.20365905761719,48.41487503051758,50.6063232421875,50.80354309082031,51.61395263671875,51.865211486816406,53.25410842895508,51.61395263671875,51.312767028808594,51.312767028808594,51.865211486816406,50.774009704589844,49.39635467529297,49.73931884765625,48.87739944458008,50.11985778808594,49.24428939819336,49.658836364746094,48.10405349731445,46.173583984375
0,-48.0,-95,21,8,52.95280838012695,49.81967544555664,44.40720748901367,42.42640686035156,35.510562896728516,32.24903106689453,28.160255432128906,23.194826126098633,20.0,17.0,13.152946472167969,10.440306663513184,8.602325439453125,6.4031243324279785,5.0,6.7082037925720215,9.219544410705566,9.899495124816895,12.529964447021484,16.124515533447266,18.357559204101562,20.248456954956055,22.360679626464844,25.63201141357422,27.85677719116211,30.364452362060547,34.20526123046875,34.928497314453125,38.07886505126953,38.07886505126953,41.0,43.17406463623047,43.416587829589844,44.384681701660156,44.384681701660156,44.384681701660156,46.57252502441406,45.880279541015625,46.840152740478516,47.801673889160156,44.643028259277344,47.53945541381836,44.92215347290039,46.840152740478516,45.880279541015625,43.32435989379883,44.271888732910156,44.0113639831543,43.08131790161133,43.46262741088867,43.8292121887207,42.54409408569336
0,-48.0,-95,17,12,28.301942825317383,26.07680892944336,25.0,22.203603744506836,20.808652877807617,18.439088821411133,15.0,12.041594505310059,11.401754379272461,8.485280990600586,6.4031243324279785,4.242640495300293,3.605551242828369,3.1622776985168457,3.0,3.1622776985168457,4.0,6.082762718200684,7.071067810058594,8.246211051940918,9.219544410705566,9.219544410705566,12.649110794067383,13.416407585144043,14.317821502685547,15.231546401977539,16.552946090698242,17.8885440826416,19.235383987426758,21.02379608154297,21.540658950805664,21.931713104248047,23.25940704345703,22.847318649291992,22.847318649291992,25.079872131347656,24.698177337646484,25.63201141357422,24.698177337646484,23.76972770690918,25.298221588134766,24.351591110229492,24.351591110229492,23.409399032592773,24.351591110229492,22.803508758544922,22.803508758544922,24.73863410949707,23.34523582458496,22.203603744506836,22.203603744506836,22.022714614868164
0,-47.0,-95,21,10,56.32051086425781,51.92301940917969,47.801673889160156,43.416587829589844,40.024993896484375,33.734256744384766,29.614185333251953,26.305892944335938,22.090721130371094,17.0,14.0,11.0,8.246211051940918,6.4031243324279785,4.123105525970459,6.324555397033691,8.9442720413208,10.630146026611328,13.03840446472168,14.764822959899902,17.8885440826416,20.124610900878906,23.706539154052734,23.409399032592773,26.570659637451172,30.463092803955078,35.11410140991211,36.68787384033203,38.60051727294922,40.52159881591797,40.804412841796875,43.416587829589844,45.880279541015625,45.880279541015625,46.173583984375,49.04079818725586,47.434165954589844,47.434165954589844,47.12748718261719,47.12748718261719,48.703182220458984,47.75981521606445,48.383880615234375,48.10405349731445,47.16990661621094,45.31004333496094,46.2385139465332,46.615447998046875,46.51881408691406,46.06517028808594,45.650848388671875,44.94440841674805
0,-48.0,-95,16,22,33.541019439697266,29.42787742614746,28.635643005371094,25.70992088317871,23.53720474243164,20.615528106689453,17.464248657226562,15.524174690246582,12.649110794067383,10.440306663513184,7.6157732009887695,5.830951690673828,5.0,3.605551242828369,3.0,3.1622776985168457,3.1622776985168457,5.099019527435303,6.082762718200684,8.062257766723633,9.05538558959961,11.0,12.0,14.0,14.03566837310791,16.031219482421875,18.248287200927734,21.21320343017578,21.21320343017578,22.203603744506836,22.203603744506836,24.331050872802734,24.1867733001709,25.179357528686523,25.179357528686523,25.179357528686523,25.317977905273438,26.172504425048828,27.166154861450195,27.166154861450195,26.172504425048828,25.179357528686523,27.166154861450195,25.079872131347656,26.019224166870117,25.01999282836914,26.019224166870117,25.0,25.0,25.0,24.020824432373047,24.1867733001709
0,-47.0,-95,21,10,58.13776779174805,53.81449508666992,49.51767349243164,45.343135833740234,40.45985794067383,36.769554138183594,31.11269760131836,27.58622932434082,24.75883674621582,20.808652877807617,17.20465087890625,14.764822959899902,9.486832618713379,8.0,5.0,5.0,7.280109882354736,9.0,12.369317054748535,13.601470947265625,15.81138801574707,18.788293838500977,19.697715759277344,23.853721618652344,26.07680892944336,28.844409942626953,31.064449310302734,34.4093017578125,35.608985900878906,38.01315689086914,38.60051727294922,40.804412841796875,43.600460052490234,43.011627197265625,45.486263275146484,45.221675872802734,45.221675872802734,48.010414123535156,48.25971221923828,46.87216567993164,46.647613525390625,46.647613525390625,47.16990661621094,45.79301071166992,46.14108657836914,45.17742919921875,45.17742919921875,46.06517028808594,44.283180236816406,43.863426208496094,44.59820556640625,43.96589660644531
0,-48.0,-95,21,10,57.45433044433594,52.47856521606445,50.6063232421875,45.650848388671875,40.24922180175781,34.885528564453125,31.30495262145996,27.312999725341797,24.351591110229492,20.615528106689453,16.492422103881836,13.03840446472168,12.0,8.5440034866333,6.4031243324279785,6.0,7.0,9.486832618713379,10.29563045501709,13.892443656921387,15.620499610900879,19.10497283935547,21.21320343017578,23.34523582458496,26.90724754333496,29.068883895874023,32.80244064331055,34.058773040771484,37.013511657714844,38.60051727294922,40.0,41.400482177734375,42.8018684387207,43.600460052490234,46.097721099853516,46.40043258666992,45.607017517089844,46.86149978637695,47.6340217590332,48.27007293701172,46.75468063354492,47.50789260864258,46.75468063354492,46.75468063354492,46.010868072509766,44.55333709716797,46.66904830932617,46.75468063354492,45.27692413330078,44.68780517578125,44.821868896484375,44.65422821044922
0,-48.0,-95,21,10,59.236812591552734,55.54277801513672,50.695167541503906,46.2385139465332,39.924930572509766,38.4837646484375,32.69556427001953,29.068883895874023,25.553865432739258,19.72308349609375,17.20465087890625,14.21267032623291,11.313708305358887,8.602325439453125,7.0,6.324555397033691,6.4031243324279785,8.246211051940918,11.180339813232422,14.03566837310791,15.0,18.0,20.02498435974121,22.360679626464844,24.331050872802734,27.459060668945312,32.015621185302734,32.98484420776367,36.400550842285156,36.13862228393555,39.560081481933594,41.48493576049805,43.011627197265625,43.416587829589844,44.643028259277344,44.384681701660156,46.57252502441406,45.880279541015625,45.607017517089844,47.801673889160156,46.097721099853516,47.29693603515625,45.35416030883789,45.89117431640625,45.7055778503418,44.55333709716797,45.54119110107422,45.39823913574219,45.27692413330078,44.18144226074219,44.0113639831543,44.0
0,-48.0,-95,21,9,56.82429122924805,53.712196350097656,48.3735466003418,46.14108657836914,40.31128692626953,36.359317779541016,33.0151481628418,28.017850875854492,24.20743751525879,20.615528106689453,16.970561981201172,15.0,10.816654205322266,8.5440034866333,7.0,5.830951690673828,5.830951690673828,8.246211051940918,9.0,13.152946472167969,14.317821502685547,15.29705810546875,19.416488647460938,20.248456954956055,24.351591110229492,24.351591110229492,29.96664810180664,32.649654388427734,34.438350677490234,36.2353401184082,38.470767974853516,38.94868469238281,42.05948257446289,42.05948257446289,41.59326934814453,42.48529052734375,44.283180236816406,44.72135925292969,44.283180236816406,46.06517028808594,44.283180236816406,45.18849563598633,45.18849563598633,45.18849563598633,46.097721099853516,42.154476165771484,44.384681701660156,43.46262741088867,43.65776062011719,42.05948257446289,43.416587829589844,42.57933807373047
0,-48.0,-95,21,10,56.30275344848633,51.107730865478516,49.39635467529297,45.79301071166992,42.19004440307617,35.84689712524414,31.38471031188965,28.17800521850586,24.166091918945312,20.248456954956055,18.027755737304688,13.601470947265625,11.180339813232422,8.0,6.082762718200684,4.4721360206604,6.0,8.5440034866333,8.9442720413208,12.806248664855957,14.422204971313477,16.278820037841797,19.79899024963379,22.022714614868164,22.022714614868164,27.20294189453125,31.62277603149414,32.80244064331055,34.4093017578125,36.619667053222656,37.44329071044922,39.66106414794922,41.04875183105469,41.617305755615234,42.43819046020508,43.011627197265625,43.600460052490234,43.8292121887207,44.40720748901367,43.600460052490234,45.0,44.204071044921875,44.821868896484375,43.600460052490234,44.204071044921875,43.416587829589844,43.27817153930664,42.52058410644531,43.13930892944336,44.55333709716797,42.44997024536133,42.01190185546875
0,-48.0,-95,21,10,55.0,50.6063232421875,48.82622146606445,44.40720748901367,39.66106414794922,34.66987228393555,31.064449310302734,27.459060668945312,24.1867733001709,20.124610900878906,17.0880069732666,12.369317054748535,12.041594505310059,8.0,7.280109882354736,5.656854152679443,6.324555397033691,8.0,9.05538558959961,11.401754379272461,13.416407585144043,16.6433162689209,19.416488647460938,20.615528106689453,22.803508758544922,25.495098114013672,30.4138126373291,31.11269760131836,32.557640075683594,34.71310806274414,36.06937789916992,38.20994567871094,38.94868469238281,39.623226165771484,41.03656768798828,41.72529220581055,42.44997024536133,41.773197174072266,42.44997024536133,43.84062194824219,43.13930892944336,43.84062194824219,43.13930892944336,43.84062194824219,43.13930892944336,42.44997024536133,41.86884307861328,41.1096076965332,42.8018684387207,42.8018684387207,39.408119201660156,40.8166618347168
0,-48.0,-95,21,10,57.93962478637695,55.36244201660156,51.865211486816406,48.10405349731445,42.379241943359375,38.897300720214844,34.48188018798828,30.805843353271484,24.73863410949707,22.360679626464844,17.029386520385742,15.0,12.0,8.062257766723633,5.385164737701416,4.4721360206604,7.0,6.7082037925720215,9.219544410705566,11.313708305358887,12.041594505310059,17.20465087890625,18.867961883544922,21.954498291015625,23.706539154052734,27.73084831237793,33.541019439697266,33.61547088623047,35.84689712524414,37.6961555480957,36.769554138183594,39.0,41.231056213378906,42.72002029418945,43.46262741088867,44.384681701660156,45.31004333496094,45.31004333496094,45.694637298583984,46.51881408691406,46.097721099853516,47.41307830810547,44.283180236816406,45.17742919921875,46.06517028808594,45.650848388671875,45.650848388671875,44.777225494384766,43.5660400390625,44.10215377807617,44.204071044921875,43.27817153930664
0,-48.0,-95,21,7,52.345008850097656,48.79549026489258,45.96738052368164,41.01219177246094,36.769554138183594,31.14482307434082,30.479501724243164,25.495098114013672,22.203603744506836,19.209373474121094,15.81138801574707,12.083045959472656,10.198039054870605,8.246211051940918,7.071067810058594,4.4721360206604,4.4721360206604,5.0,8.062257766723633,11.180339813232422,11.401754379272461,15.231546401977539,16.155494689941406,17.8885440826416,20.59126091003418,22.472204208374023,25.806976318359375,27.80287742614746,28.600698471069336,32.015621185302734,31.400636672973633,34.20526123046875,35.608985900878906,36.2353401184082,37.202152252197266,38.60051727294922,37.80211639404297,37.202152252197266,38.60051727294922,38.27531814575195,39.408119201660156,39.408119201660156,40.224369049072266,38.01315689086914,36.055511474609375,36.055511474609375,37.735923767089844,37.2155876159668,37.58989334106445,38.01315689086914,36.67424011230469,36.055511474609375
0,-48.0,-95,21,9,53.851646423339844,52.92447280883789,48.10405349731445,44.59820556640625,37.0,34.1760139465332,29.4108829498291,28.160255432128906,23.76972770690918,20.2237491607666,19.235383987426758,14.142135620117188,11.0,7.6157732009887695,5.830951690673828,5.0,4.0,4.123105525970459,8.062257766723633,10.630146026611328,13.45362377166748,16.278820037841797,15.81138801574707,19.72308349609375,21.954498291015625,23.706539154052734,28.23118782043457,29.96664810180664,30.870698928833008,32.31098937988281,36.769554138183594,36.769554138183594,37.57658767700195,37.161808013916016,39.0,39.39543151855469,40.853397369384766,41.62931823730469,41.231056213378906,42.04759216308594,41.146080017089844,41.62931823730469,42.48529052734375,42.04759216308594,40.70626449584961,41.18252182006836,41.67733383178711,40.31128692626953,40.49691390991211,40.49691390991211,39.408119201660156,39.051246643066406
0,-48.0,-95,21,9,56.920997619628906,50.9215087890625,46.48655700683594,41.78516387939453,39.84971618652344,32.893768310546875,31.38471031188965,27.312999725341797,24.166091918945312,20.248456954956055,16.552946090698242,13.892443656921387,10.630146026611328,8.485280990600586,5.385164737701416,5.0,3.1622776985168457,5.830951690673828,7.280109882354736,11.0,11.0,14.0,17.0,19.02629852294922,21.21320343017578,23.194826126098633,27.459060668945312,30.4138126373291,30.805843353271484,31.78049659729004,31.575305938720703,34.71310806274414,36.67424011230469,35.693138122558594,37.656341552734375,38.63935852050781,37.336307525634766,38.20994567871094,40.31128692626953,38.327537536621094,41.30375289916992,38.470767974853516,41.30375289916992,38.20994567871094,38.20994567871094,38.11823654174805,39.11521530151367,40.04996871948242,40.0,38.05259704589844,39.051246643066406,37.336307525634766
0,-48.0,-95,21,9,57.775428771972656,54.230987548828125,50.990196228027344,46.097721099853516,42.95346450805664,36.24913787841797,32.202484130859375,29.068883895874023,25.942243576049805,21.63330841064453,17.20465087890625,14.21267032623291,12.806248664855957,8.602325439453125,7.6157732009887695,4.0,4.242640495300293,5.099019527435303,8.246211051940918,10.0,12.0,15.033296585083008,17.262676239013672,19.235383987426758,20.615528106689453,23.0867919921875,28.792360305786133,29.4108829498291,31.95309066772461,33.241539001464844,34.78505325317383,36.055511474609375,37.0,37.947330474853516,40.16217041015625,40.49691390991211,41.78516387939453,42.379241943359375,43.011627197265625,42.379241943359375,42.44997024536133,43.011627197265625,43.416587829589844,42.44997024536133,41.231056213378906,41.0,41.231056213378906,41.9761848449707,41.59326934814453,42.57933807373047,41.30375289916992,39.051246643066406
0,-48.0,-95,21,9,56.08921432495117,53.15073013305664,48.83646011352539,44.9110221862793,38.63935852050781,35.510562896728516,31.575305938720703,28.284271240234375,25.079872131347656,22.090721130371094,19.0,15.132745742797852,11.401754379272461,9.486832618713379,6.4031243324279785,6.7082037925720215,4.0,7.280109882354736,7.8102498054504395,9.899495124816895,12.806248664855957,16.401220321655273,16.124515533447266,17.8885440826416,20.248456954956055,22.472204208374023,26.925823211669922,28.792360305786133,30.08321762084961,32.280025482177734,32.572994232177734,35.11410140991211,36.68787384033203,36.769554138183594,37.6961555480957,39.84971618652344,39.84971618652344,40.16217041015625,40.49691390991211,40.853397369384766,41.231056213378906,40.49691390991211,41.231056213378906,40.31128692626953,38.4837646484375,39.357337951660156,39.824615478515625,39.824615478515625,38.94868469238281,39.4461669921875,40.49691390991211,38.60051727294922
0,-48.0,-95,21,8,51.078372955322266,50.15974426269531,43.863426208496094,42.154476165771484,36.67424011230469,33.61547088623047,29.96664810180664,25.942243576049805,23.706539154052734,18.867961883544922,17.8885440826416,13.892443656921387,11.401754379272461,8.485280990600586,6.4031243324279785,4.123105525970459,3.605551242828369,4.4721360206604,6.7082037925720215,8.246211051940918,10.0,11.0,14.03566837310791,16.278820037841797,18.248287200927734,20.2237491607666,24.331050872802734,25.317977905273438,27.658634185791016,27.892650604248047,30.5941162109375,30.5941162109375,33.734256744384766,33.541019439697266,33.541019439697266,34.525352478027344,36.49657440185547,35.510562896728516,35.35533905029297,37.48332977294922,36.34556198120117,37.336307525634766,35.22782897949219,37.121421813964844,34.13209533691406,34.01470184326172,35.0142822265625,36.0,34.0,35.05709457397461,35.12833786010742,34.36568069458008
0,-48.0,-95,20,13,56.7274169921875,53.90732955932617,49.67897033691406,46.097721099853516,41.86884307861328,39.051246643066406,32.80244064331055,28.600698471069336,27.20294189453125,22.472204208374023,17.8885440826416,16.552946090698242,11.704699516296387,8.5440034866333,7.0,5.099019527435303,5.0,5.099019527435303,7.0,9.848857879638672,11.704699516296387,13.03840446472168,15.65247631072998,18.601076126098633,22.803508758544922,23.430749893188477,27.658634185791016,30.479501724243164,33.241539001464844,33.241539001464844,34.71310806274414,36.79673767089844,38.20994567871094,38.20994567871094,38.897300720214844,39.623226165771484,41.03656768798828,40.360870361328125,41.773197174072266,43.13930892944336,41.1096076965332,41.86884307861328,41.86884307861328,40.45985794067383,41.231056213378906,40.804412841796875,42.20189666748047,41.04875183105469,40.224369049072266,40.49691390991211,40.70626449584961,38.910152435302734
0,-48.0,-95,21,10,61.13100814819336,56.14267349243164,52.15361785888672,49.162994384765625,44.18144226074219,40.31128692626953,35.22782897949219,31.256999969482422,28.44292449951172,23.34523582458496,20.615528106689453,17.464248657226562,15.231546401977539,9.848857879638672,8.485280990600586,7.211102485656738,6.0,5.099019527435303,7.071067810058594,8.062257766723633,10.770329475402832,12.649110794067383,15.81138801574707,18.248287200927734,21.21320343017578,23.194826126098633,28.07133674621582,29.0,31.0,32.0,34.01470184326172,37.0,37.0,38.0,40.01249694824219,40.04996871948242,41.04875183105469,41.19466018676758,43.104522705078125,43.104522705078125,42.19004440307617,44.10215377807617,44.18144226074219,42.19004440307617,42.19004440307617,41.30375289916992,43.5660400390625,41.773197174072266,40.79215621948242,41.48493576049805,42.05948257446289,41.78516387939453
0,-48.0,-95,21,1,38.07886505126953,36.359317779541016,32.75667953491211,31.38471031188965,26.419689178466797,23.323806762695312,21.63330841064453,19.72308349609375,17.20465087890625,14.21267032623291,12.806248664855957,10.630146026611328,7.8102498054504395,6.7082037925720215,5.099019527435303,3.0,3.1622776985168457,3.1622776985168457,5.0,6.0,7.071067810058594,10.198039054870605,9.219544410705566,11.704699516296387,13.601470947265625,13.928388595581055,16.552946090698242,17.8885440826416,20.124610900878906,19.72308349609375,21.470911026000977,23.706539154052734,23.706539154052734,24.59674835205078,24.59674835205078,24.59674835205078,25.942243576049805,25.942243576049805,25.495098114013672,26.832815170288086,26.4007568359375,27.73084831237793,26.4007568359375,27.312999725341797,25.079872131347656,25.63201141357422,26.570659637451172,26.248809814453125,25.298221588134766,26.248809814453125,25.961509704589844,25.495098114013672
0,-48.0,-95,20,11,55.36244201660156,53.75872039794922,48.50773239135742,46.173583984375,40.804412841796875,38.60051727294922,32.98484420776367,30.08321762084961,25.70992088317871,22.203603744506836,20.099750518798828,17.029386520385742,14.0,10.0,8.246211051940918,5.830951690673828,5.385164737701416,3.0,6.324555397033691,7.8102498054504395,9.219544410705566,11.401754379272461,12.529964447021484,15.65247631072998,18.788293838500977,20.248456954956055,24.351591110229492,26.248809814453125,27.892650604248047,28.160255432128906,31.048349380493164,32.015621185302734,34.20526123046875,34.78505325317383,36.13862228393555,33.241539001464844,37.36308288574219,36.400550842285156,37.64305877685547,38.60051727294922,36.68787384033203,37.947330474853516,36.68787384033203,37.64305877685547,37.0,37.0,37.6961555480957,37.0,36.769554138183594,37.6961555480957,36.2353401184082,35.510562896728516
0,-48.0,-95,21,9,60.10823440551758,54.451812744140625,53.740116119384766,48.79549026489258,44.55333709716797,39.59798049926758,36.12478256225586,31.14482307434082,27.658634185791016,26.4007568359375,20.0,17.492855072021484,14.764822959899902,12.083045959472656,7.280109882354736,6.0,4.242640495300293,5.830951690673828,7.0,8.246211051940918,10.440306663513184,13.0,15.65247631072998,18.601076126098633,19.416488647460938,23.021728515625,28.319604873657227,29.068883895874023,30.479501724243164,33.241539001464844,34.828147888183594,36.12478256225586,37.013511657714844,39.051246643066406,39.69886779785156,40.45985794067383,41.86884307861328,40.607879638671875,41.400482177734375,42.01190185546875,43.416587829589844,42.8018684387207,44.204071044921875,43.011627197265625,42.43819046020508,41.617305755615234,41.88078308105469,41.34005355834961,41.67733383178711,42.04759216308594,40.31128692626953,40.49691390991211
0,-48.0,-95,21,2,42.54409408569336,41.62931823730469,36.769554138183594,36.24913787841797,29.068883895874023,27.73084831237793,26.4007568359375,21.931713104248047,18.867961883544922,18.357559204101562,15.264337539672852,12.806248664855957,11.401754379272461,7.8102498054504395,6.7082037925720215,3.1622776985168457,3.0,3.605551242828369,4.123105525970459,6.324555397033691,7.0,10.0,11.045360565185547,12.041594505310059,14.03566837310791,16.278820037841797,19.416488647460938,19.646883010864258,21.587032318115234,23.0867919921875,23.76972770690918,25.0,25.0,26.248809814453125,25.70992088317871,26.925823211669922,27.892650604248047,29.120439529418945,27.658634185791016,28.861740112304688,29.832868576049805,29.832868576049805,29.614185333251953,29.42787742614746,28.44292449951172,29.27456283569336,29.154760360717773,30.149627685546875,29.068883895874023,29.017236709594727,29.0,29.0
0,-48.0,-95,21,9,61.6846809387207,55.081756591796875,53.36665725708008,47.53945541381836,45.35416030883789,40.26164245605469,35.693138122558594,31.78049659729004,28.284271240234375,25.317977905273438,22.203603744506836,18.0,14.0,11.401754379272461,8.5440034866333,6.4031243324279785,5.385164737701416,5.0,7.211102485656738,8.602325439453125,12.206555366516113,13.45362377166748,16.124515533447266,18.788293838500977,20.124610900878906,21.931713104248047,26.0,30.08321762084961,31.320919036865234,33.52610778808594,33.83784866333008,35.735137939453125,38.60051727294922,40.49691390991211,39.84971618652344,42.379241943359375,40.49691390991211,42.72002029418945,41.78516387939453,41.43669891357422,44.0113639831543,42.72002029418945,44.94440841674805,41.231056213378906,42.154476165771484,41.62931823730469,42.04759216308594,43.382022857666016,43.416587829589844,43.046485900878906,41.88078308105469,39.20458984375
0,-48.0,-95,19,11,44.72135925292969,39.81205749511719,38.470767974853516,35.7770881652832,32.202484130859375,27.73084831237793,26.0,22.847318649291992,20.248456954956055,17.0880069732666,14.866068840026855,12.369317054748535,10.049875259399414,8.0,6.0,4.123105525970459,2.8284270763397217,4.0,4.123105525970459,5.385164737701416,6.4031243324279785,9.219544410705566,10.630146026611328,12.206555366516113,14.422204971313477,15.81138801574707,18.867961883544922,19.72308349609375,20.59126091003418,22.360679626464844,23.706539154052734,25.05992889404297,27.294687271118164,26.419689178466797,27.784887313842773,28.65309715270996,29.529645919799805,28.65309715270996,30.528675079345703,30.01666259765625,29.681644439697266,28.844409942626953,31.064449310302734,30.232433319091797,28.600698471069336,28.844409942626953,28.42534065246582,29.20616340637207,29.832868576049805,29.068883895874023,28.319604873657227,28.284271240234375
0,-48.0,-95,21,10,62.64982223510742,58.66856002807617,55.56977462768555,51.97114562988281,46.14108657836914,40.8166618347168,36.715118408203125,33.61547088623047,30.232433319091797,26.4007568359375,21.40093421936035,19.10497283935547,14.866068840026855,12.529964447021484,8.246211051940918,7.0,6.082762718200684,5.656854152679443,7.6157732009887695,8.062257766723633,12.0,13.03840446472168,14.317821502685547,17.464248657226562,20.880613327026367,23.409399032592773,27.312999725341797,29.068883895874023,31.78049659729004,34.438350677490234,34.438350677490234,37.57658767700195,38.4837646484375,38.4837646484375,41.62931823730469,40.24922180175781,42.04759216308594,41.62931823730469,43.46262741088867,43.46262741088867,43.46262741088867,44.384681701660156,44.384681701660156,43.08131790161133,42.379241943359375,42.379241943359375,43.96589660644531,43.96589660644531,43.680660247802734,43.17406463623047,41.9761848449707,42.296573638916016
0,-48.0,-95,21,9,60.406951904296875,58.872745513916016,52.55473327636719,51.62363815307617,45.31004333496094,42.154476165771484,37.57658767700195,33.541019439697266,30.4138126373291,24.59674835205078,21.954498291015625,18.027755737304688,15.620499610900879,11.401754379272461,8.602325439453125,7.6157732009887695,7.071067810058594,4.4721360206604,6.324555397033691,8.246211051940918,10.0,11.0,14.03566837310791,18.248287200927734,18.248287200927734,20.2237491607666,27.892650604248047,26.925823211669922,29.4108829498291,30.364452362060547,33.52610778808594,33.83784866333008,35.735137939453125,35.735137939453125,38.327537536621094,38.60051727294922,39.293766021728516,40.26164245605469,40.804412841796875,42.72002029418945,41.48493576049805,43.17406463623047,41.231056213378906,41.9761848449707,42.20189666748047,39.81205749511719,42.57933807373047,42.57933807373047,38.470767974853516,41.1096076965332,42.01190185546875,40.0
0,-48.0,-95,21,9,62.28964614868164,60.87692642211914,55.31726837158203,51.7397346496582,45.343135833740234,41.03656768798828,37.80211639404297,33.0151481628418,29.4108829498291,24.698177337646484,22.472204208374023,17.8885440826416,14.560219764709473,11.401754379272461,7.0,7.0,5.0,5.385164737701416,7.0,8.5440034866333,10.770329475402832,13.03840446472168,13.892443656921387,17.804492950439453,21.40093421936035,21.931713104248047,26.870058059692383,30.4138126373291,33.241539001464844,33.241539001464844,34.65544509887695,37.53664779663086,37.48332977294922,40.360870361328125,39.623226165771484,40.360870361328125,42.52058410644531,42.42640686035156,42.42640686035156,43.863426208496094,42.42640686035156,44.55333709716797,42.42640686035156,43.13930892944336,43.13930892944336,41.72529220581055,41.86884307861328,43.27817153930664,42.63801193237305,42.8018684387207,42.72002029418945,41.67733383178711
0,-48.0,-95,21,10,65.29930877685547,60.30754470825195,55.44366455078125,50.447994232177734,45.45327377319336,43.600460052490234,39.20458984375,35.608985900878906,30.805843353271484,26.07680892944336,24.1867733001709,20.124610900878906,16.155494689941406,11.704699516296387,11.045360565185547,6.0,5.385164737701416,4.4721360206604,6.0,8.5440034866333,9.486832618713379,13.03840446472168,14.422204971313477,17.69180679321289,18.384777069091797,20.51828384399414,24.75883674621582,27.658634185791016,29.068883895874023,30.610456466674805,34.058773040771484,35.38361358642578,36.878177642822266,37.64305877685547,39.69886779785156,40.45985794067383,41.231056213378906,41.231056213378906,43.27817153930664,41.86884307861328,41.773197174072266,41.773197174072266,42.44997024536133,41.773197174072266,41.72529220581055,41.03656768798828,43.84062194824219,42.44997024536133,41.773197174072266,41.86884307861328,42.8018684387207,41.04875183105469
0,-48.0,-95,18,12,34.71310806274414,30.265491485595703,32.98484420776367,30.5941162109375,22.135944366455078,23.0867919921875,19.0,21.3775577545166,14.142135620117188,16.0,13.03840446472168,10.049875259399414,7.071067810058594,4.123105525970459,3.0,5.830951690673828,5.0,1.4142135381698608,1.0,5.0,4.4721360206604,6.7082037925720215,7.8102498054504395,10.29563045501709,12.083045959472656,12.369317054748535,13.34166431427002,14.866068840026855,17.72004508972168,14.560219764709473,15.81138801574707,18.439088821411133,20.248456954956055,18.439088821411133,21.189620971679688,19.92485809326172,21.189620971679688,21.540658950805664,22.472204208374023,23.0867919921875,21.189620971679688,21.540658950805664,21.840330123901367,21.840330123901367,22.847318649291992,20.248456954956055,23.409399032592773,21.02379608154297,21.931713104248047,21.02379608154297,20.59126091003418,20.808652877807617
0,-48.0,-95,21,10,63.78871536254883,59.66573715209961,54.5710563659668,51.6623649597168,45.607017517089844,41.48493576049805,37.64305877685547,32.280025482177734,29.4108829498291,26.570659637451172,23.25940704345703,18.788293838500977,14.764822959899902,10.816654205322266,7.071067810058594,6.324555397033691,4.0,5.0,6.082762718200684,8.0,8.0,13.0,16.0,18.11077117919922,20.39607810974121,22.360679626464844,27.658634185791016,28.861740112304688,32.015621185302734,32.98484420776367,35.1710090637207,36.13862228393555,36.68787384033203,37.36308288574219,41.0,41.231056213378906,42.72002029418945,41.48493576049805,42.44997024536133,41.0,42.20189666748047,44.384681701660156,44.9110221862793,43.931766510009766,42.95346450805664,42.7551155090332,43.5660400390625,43.28972244262695,43.28972244262695,42.19004440307617,42.04759216308594,42.0
0,-48.0,-95,17,17,35.46829605102539,32.649654388427734,28.600698471069336,27.018512725830078,26.4007568359375,23.021728515625,20.615528106689453,18.027755737304688,18.601076126098633,13.03840446472168,12.206555366516113,10.29563045501709,9.433980941772461,7.6157732009887695,6.082762718200684,3.0,2.2360680103302,2.2360680103302,4.0,4.0,5.0,6.324555397033691,6.4031243324279785,7.8102498054504395,8.485280990600586,10.0,14.142135620117188,14.21267032623291,14.866068840026855,17.69180679321289,17.804492950439453,17.69180679321289,19.209373474121094,20.51828384399414,19.84943389892578,21.260292053222656,20.615528106689453,20.615528106689453,22.022714614868164,21.260292053222656,22.627416610717773,23.34523582458496,21.21320343017578,22.671567916870117,21.21320343017578,22.671567916870117,22.022714614868164,22.022714614868164,21.40093421936035,21.40093421936035,21.63330841064453,21.095022201538086
0,-48.0,-95,21,10,62.96824645996094,60.530982971191406,54.58937454223633,53.75872039794922,47.51841735839844,41.30375289916992,38.20994567871094,35.0142822265625,30.01666259765625,26.0,24.0,19.02629852294922,16.031219482421875,13.34166431427002,10.770329475402832,8.9442720413208,5.830951690673828,4.0,5.656854152679443,7.071067810058594,9.219544410705566,13.416407585144043,14.317821502685547,16.492422103881836,18.681541442871094,20.880613327026367,26.476404190063477,28.44292449951172,30.265491485595703,32.557640075683594,33.37664031982422,35.22782897949219,37.48332977294922,37.48332977294922,40.607879638671875,39.623226165771484,40.4474983215332,41.773197174072266,40.607879638671875,43.5660400390625,41.773197174072266,43.73785400390625,42.57933807373047,42.95346450805664,43.931766510009766,42.20189666748047,42.44997024536133,41.761226654052734,41.1096076965332,42.72002029418945,41.62931823730469,42.48529052734375
0,-48.0,-95,21,10,62.0,60.0,54.00925827026367,53.0,47.0,42.01190185546875,40.04996871948242,33.13608169555664,30.265491485595703,26.172504425048828,22.360679626464844,17.464248657226562,15.524174690246582,12.649110794067383,8.062257766723633,6.4031243324279785,4.4721360206604,5.0,5.656854152679443,8.062257766723633,8.5440034866333,12.165525436401367,13.34166431427002,16.124515533447266,21.095022201538086,22.360679626464844,28.0,29.0,31.0,32.06243896484375,35.0,36.0,37.0,38.0,40.01249694824219,40.0,42.0,43.011627197265625,42.01190185546875,43.011627197265625,43.104522705078125,44.04542922973633,44.04542922973633,44.10215377807617,44.10215377807617,42.19004440307617,42.19004440307617,43.28972244262695,42.42640686035156,41.773197174072266,43.17406463623047,41.761226654052734
0,-48.0,-95,21,10,64.07807922363281,57.384666442871094,55.6596794128418,51.865211486816406,47.53945541381836,41.78516387939453,38.62641525268555,34.78505325317383,32.280025482177734,26.925823211669922,22.803508758544922,19.416488647460938,16.031219482421875,13.0,10.0,8.5440034866333,5.0,4.123105525970459,6.082762718200684,8.062257766723633,10.630146026611328,11.313708305358887,12.806248664855957,17.492855072021484,19.72308349609375,20.248456954956055,27.294687271118164,29.546573638916016,29.96664810180664,30.870698928833008,32.69556427001953,35.7770881652832,37.121421813964844,38.470767974853516,38.910152435302734,40.24922180175781,40.24922180175781,41.146080017089844,40.70626449584961,42.94182205200195,41.59326934814453,42.05948257446289,42.48529052734375,40.31128692626953,41.34005355834961,40.8166618347168,42.43819046020508,41.88078308105469,42.43819046020508,41.231056213378906,40.45985794067383,40.31128692626953
0,-48.0,-95,21,10,64.03124237060547,58.46366500854492,56.51548385620117,50.695167541503906,46.3249397277832,41.773197174072266,38.832977294921875,33.541019439697266,31.256999969482422,26.305892944335938,22.022714614868164,20.0,16.0,13.03840446472168,10.049875259399414,8.062257766723633,5.656854152679443,6.082762718200684,5.099019527435303,7.211102485656738,9.899495124816895,12.041594505310059,15.0,17.0,18.788293838500977,22.360679626464844,27.312999725341797,27.20294189453125,30.08321762084961,32.893768310546875,32.572994232177734,34.78505325317383,36.400550842285156,37.336307525634766,38.27531814575195,40.16217041015625,41.43669891357422,41.78516387939453,41.78516387939453,42.154476165771484,43.46262741088867,43.08131790161133,43.46262741088867,42.54409408569336,42.95346450805664,42.48529052734375,42.94182205200195,42.05948257446289,43.046485900878906,42.19004440307617,41.88078308105469,42.01190185546875
0,-48.0,-95,21,10,65.85590362548828,59.46427536010742,57.384666442871094,51.6623649597168,47.50789260864258,42.52058410644531,40.45985794067383,34.058773040771484,32.80244064331055,27.20294189453125,23.853721618652344,20.59126091003418,16.124515533447266,11.704699516296387,9.05538558959961,8.0,6.082762718200684,5.656854152679443,6.0,7.0,10.770329475402832,12.083045959472656,15.264337539672852,17.69180679321289,20.615528106689453,20.615528106689453,26.248809814453125,29.73213768005371,30.4138126373291,31.827661514282227,33.941123962402344,36.769554138183594,37.48332977294922,38.20994567871094,41.773197174072266,42.44997024536133,41.72529220581055,43.84062194824219,43.13930892944336,42.44997024536133,45.343135833740234,43.931766510009766,46.010868072509766,42.52058410644531,43.416587829589844,42.01190185546875,43.600460052490234,43.011627197265625,44.40720748901367,41.88078308105469,42.94182205200195,42.04759216308594
0,-48.0,-95,18,13,32.526912689208984,30.4138126373291,28.42534065246582,26.248809814453125,24.75883674621582,23.34523582458496,19.209373474121094,18.601076126098633,15.55634880065918,13.601470947265625,10.816654205322266,9.433980941772461,7.8102498054504395,6.7082037925720215,4.4721360206604,3.0,2.2360680103302,3.1622776985168457,3.0,2.0,5.099019527435303,5.385164737701416,7.211102485656738,8.602325439453125,9.219544410705566,10.0,12.806248664855957,14.142135620117188,16.278820037841797,16.278820037841797,17.029386520385742,16.970561981201172,19.84943389892578,18.439088821411133,18.384777069091797,20.51828384399414,21.260292053222656,21.931713104248047,21.260292053222656,21.931713104248047,22.671567916870117,22.671567916870117,20.51828384399414,21.40093421936035,21.21320343017578,20.808652877807617,19.84943389892578,22.203603744506836,20.248456954956055,21.095022201538086,21.470911026000977,21.02379608154297
0,-48.0,-95,21,10,63.28506851196289,57.45433044433594,56.603885650634766,51.312767028808594,47.70744323730469,41.34005355834961,38.01315689086914,31.906112670898438,29.4108829498291,26.248809814453125,21.931713104248047,18.384777069091797,16.401220321655273,11.661903381347656,8.9442720413208,7.280109882354736,5.0,5.0,6.7082037925720215,8.0,10.0,13.0,13.601470947265625,17.464248657226562,18.384777069091797,21.540658950805664,26.832815170288086,28.635643005371094,29.96664810180664,32.649654388427734,34.438350677490234,36.2353401184082,37.121421813964844,38.910152435302734,39.81205749511719,42.48529052734375,41.59326934814453,41.62931823730469,42.54409408569336,41.62931823730469,43.46262741088867,41.62931823730469,43.46262741088867,42.72002029418945,42.54409408569336,43.08131790161133,42.379241943359375,43.011627197265625,43.96589660644531,43.416587829589844,41.9761848449707,42.296573638916016
0,-48.0,-95,21,7,53.600372314453125,51.400390625,46.04345703125,44.40720748901367,40.0,35.22782897949219,31.064449310302734,29.154760360717773,25.238859176635742,22.360679626464844,17.0,15.65247631072998,13.0,9.848857879638672,8.062257766723633,5.099019527435303,2.2360680103302,4.123105525970459,5.0,6.324555397033691,9.433980941772461,9.433980941772461,11.313708305358887,14.866068840026855,16.278820037841797,17.029386520385742,22.022714614868164,25.0,25.0,27.80287742614746,27.80287742614746,30.805843353271484,31.62277603149414,32.80244064331055,34.4093017578125,34.058773040771484,37.013511657714844,36.2353401184082,36.878177642822266,36.400550842285156,36.12478256225586,36.878177642822266,34.71310806274414,34.71310806274414,36.878177642822266,35.35533905029297,34.71310806274414,37.48332977294922,34.71310806274414,33.60059356689453,35.22782897949219,36.055511474609375
0,-48.0,-95,21,7,54.451812744140625,50.2493782043457,46.69047164916992,43.185646057128906,38.28837966918945,34.71310806274414,31.240999221801758,27.018512725830078,25.0,20.808652877807617,19.416488647460938,16.124515533447266,12.083045959472656,10.770329475402832,8.246211051940918,6.0,5.099019527435303,3.605551242828369,5.0,6.0,8.246211051940918,8.5440034866333,10.29563045501709,13.601470947265625,16.6433162689209,16.6433162689209,22.022714614868164,22.671567916870117,24.75883674621582,25.495098114013672,27.58622932434082,28.284271240234375,30.479501724243164,31.827661514282227,31.827661514282227,33.241539001464844,33.30165100097656,34.058773040771484,33.42155075073242,34.71310806274414,33.42155075073242,36.2353401184082,36.400550842285156,34.20526123046875,33.60059356689453,35.0,34.4093017578125,34.4093017578125,34.13209533691406,34.48188018798828,35.35533905029297,33.241539001464844
0,-48.0,-95,21,10,61.400325775146484,59.90826416015625,52.201534271240234,50.695167541503906,44.643028259277344,42.05948257446289,36.68787384033203,32.572994232177734,28.792360305786133,23.76972770690918,20.124610900878906,18.357559204101562,14.422204971313477,10.630146026611328,8.062257766723633,6.324555397033691,5.0,4.242640495300293,6.082762718200684,8.062257766723633,12.041594505310059,14.0,16.0,17.11724281311035,20.099750518798828,23.194826126098633,26.476404190063477,29.614185333251953,32.75667953491211,31.78049659729004,34.928497314453125,36.878177642822266,38.832977294921875,40.024993896484375,40.79215621948242,41.0,41.231056213378906,42.44997024536133,43.17406463623047,45.12205505371094,43.73785400390625,44.72135925292969,43.73785400390625,43.73785400390625,44.40720748901367,43.28972244262695,44.18144226074219,44.18144226074219,42.19004440307617,43.046485900878906,44.0,43.104522705078125
0,-48.0,-95,21,10,62.0,56.00892639160156,55.145263671875,49.04079818725586,46.04345703125,40.04996871948242,38.11823654174805,33.13608169555664,28.160255432128906,24.515300750732422,22.360679626464844,17.464248657226562,16.155494689941406,10.29563045501709,8.485280990600586,7.211102485656738,5.0,6.082762718200684,5.656854152679443,9.433980941772461,12.083045959472656,13.601470947265625,15.524174690246582,17.464248657226562,21.3775577545166,22.090721130371094,27.018512725830078,31.064449310302734,31.064449310302734,35.0,35.0142822265625,37.05401611328125,39.0128173828125,39.11521530151367,41.1096076965332,42.04759216308594,42.01190185546875,42.04759216308594,44.18144226074219,42.19004440307617,43.185646057128906,43.104522705078125,47.16990661621094,44.18144226074219,43.28972244262695,43.416587829589844,43.416587829589844,43.73785400390625,44.9110221862793,43.17406463623047,41.761226654052734,42.05948257446289
0,-48.0,-95,21,10,61.29437255859375,56.30275344848633,50.21951675415039,47.70744323730469,44.40720748901367,38.01315689086914,35.0,31.14482307434082,27.658634185791016,23.34523582458496,21.260292053222656,17.69180679321289,13.601470947265625,10.29563045501709,7.6157732009887695,6.0,5.0,5.0,7.071067810058594,9.05538558959961,10.198039054870605,13.601470947265625,14.560219764709473,18.788293838500977,20.124610900878906,21.02379608154297,26.07680892944336,27.459060668945312,31.064449310302734,31.906112670898438,34.13209533691406,36.619667053222656,38.27531814575195,38.832977294921875,38.832977294921875,38.832977294921875,41.04875183105469,40.224369049072266,41.34005355834961,42.72002029418945,42.19004440307617,43.046485900878906,42.19004440307617,42.19004440307617,41.67733383178711,42.54409408569336,41.59326934814453,42.94182205200195,42.48529052734375,43.46262741088867,43.46262741088867,41.1096076965332
0,-48.0,-95,21,10,61.85466766357422,56.30275344848633,53.5350341796875,50.477718353271484,45.486263275146484,40.49691390991211,35.84689712524414,32.24903106689453,27.294687271118164,25.05992889404297,21.540658950805664,17.72004508972168,13.601470947265625,11.045360565185547,8.0,5.099019527435303,4.4721360206604,4.0,5.0,7.6157732009887695,10.816654205322266,12.041594505310059,16.278820037841797,17.69180679321289,20.0,22.803508758544922,26.62705421447754,29.4108829498291,30.232433319091797,33.2866325378418,33.60059356689453,36.619667053222656,38.01315689086914,39.11521530151367,39.408119201660156,41.34005355834961,41.88078308105469,41.617305755615234,42.43819046020508,43.600460052490234,43.416587829589844,43.600460052490234,44.204071044921875,43.600460052490234,42.8018684387207,41.231056213378906,43.416587829589844,42.52058410644531,44.55333709716797,42.42640686035156,43.13930892944336,42.63801193237305
0,-48.0,-95,21,11,63.3876953125,57.21887969970703,56.718605041503906,48.50773239135742,47.26520919799805,42.296573638916016,37.48332977294922,34.36568069458008,31.575305938720703,27.20294189453125,22.56102752685547,17.72004508972168,15.81138801574707,11.180339813232422,9.219544410705566,5.656854152679443,4.0,4.0,6.4031243324279785,8.062257766723633,10.198039054870605,12.041594505310059,15.033296585083008,18.0,20.0,21.0,26.019224166870117,30.01666259765625,29.068883895874023,33.241539001464844,33.13608169555664,36.12478256225586,37.2155876159668,37.121421813964844,39.31920623779297,41.1096076965332,42.04759216308594,42.04759216308594,42.01190185546875,40.01249694824219,44.10215377807617,42.04759216308594,45.0111083984375,42.0,42.01190185546875,42.0,42.01190185546875,42.01190185546875,43.046485900878906,44.283180236816406,42.42640686035156,40.26164245605469
0,-48.0,-95,21,10,60.728904724121094,59.4810905456543,52.81098556518555,50.9215087890625,44.271888732910156,41.761226654052734,37.0,32.572994232177734,29.4108829498291,25.495098114013672,21.931713104248047,17.8885440826416,15.264337539672852,12.041594505310059,10.0,5.099019527435303,4.0,3.1622776985168457,7.211102485656738,9.486832618713379,10.049875259399414,13.0,16.031219482421875,19.10497283935547,21.21320343017578,22.360679626464844,27.658634185791016,29.832868576049805,31.048349380493164,32.015621185302734,34.928497314453125,35.902645111083984,37.85498809814453,39.81205749511719,41.0,40.024993896484375,41.48493576049805,41.9761848449707,43.17406463623047,42.7551155090332,42.95346450805664,42.7551155090332,42.95346450805664,43.5660400390625,43.5660400390625,41.19466018676758,44.18144226074219,43.104522705078125,43.046485900878906,43.104522705078125,43.0,43.011627197265625
0,-48.0,-95,21,10,59.9416389465332,57.706153869628906,53.66563034057617,51.4781494140625,46.06517028808594,40.71854782104492,35.34119415283203,31.78049659729004,27.85677719116211,24.351591110229492,21.189620971679688,17.464248657226562,14.142135620117188,11.045360565185547,8.0,6.7082037925720215,5.0,5.0,6.324555397033691,8.062257766723633,10.630146026611328,14.142135620117188,15.620499610900879,17.029386520385742,20.0,23.600847244262695,27.459060668945312,29.529645919799805,31.38471031188965,33.61547088623047,34.48188018798828,37.58989334106445,38.470767974853516,38.94868469238281,40.31128692626953,40.31128692626953,43.046485900878906,43.046485900878906,43.046485900878906,43.5660400390625,42.72002029418945,43.26661682128906,42.43819046020508,43.8292121887207,43.011627197265625,43.011627197265625,43.600460052490234,42.8018684387207,43.27817153930664,42.44997024536133,41.72529220581055,42.44997024536133
0,-48.0,-95,21,9,55.973209381103516,52.009613037109375,49.51767349243164,45.343135833740234,41.1096076965332,35.46829605102539,31.240999221801758,29.832868576049805,26.172504425048828,21.931713104248047,19.209373474121094,14.21267032623291,12.206555366516113,9.848857879638672,7.6157732009887695,5.0,2.8284270763397217,4.123105525970459,7.0,10.0,10.198039054870605,11.401754379272461,14.764822959899902,17.0,18.867961883544922,20.248456954956055,24.413110733032227,28.017850875854492,28.017850875854492,30.805843353271484,32.202484130859375,33.0151481628418,34.66987228393555,34.66987228393555,36.055511474609375,36.619667053222656,38.01315689086914,39.66106414794922,38.01315689086914,39.11521530151367,39.11521530151367,39.11521530151367,40.49691390991211,38.587562561035156,38.94868469238281,37.57658767700195,37.58989334106445,38.910152435302734,37.57658767700195,37.161808013916016,37.6961555480957,36.68787384033203
0,-48.0,-95,21,9,59.50630187988281,55.03635025024414,50.56678771972656,48.84669876098633,41.78516387939453,37.161808013916016,35.46829605102539,29.154760360717773,26.570659637451172,24.041629791259766,20.880613327026367,17.262676239013672,14.0,10.0,7.071067810058594,6.082762718200684,4.242640495300293,3.0,5.830951690673828,8.062257766723633,9.219544410705566,12.806248664855957,14.142135620117188,17.029386520385742,18.601076126098633,22.022714614868164,26.925823211669922,27.459060668945312,27.294687271118164,30.886890411376953,31.906112670898438,34.66987228393555,36.359317779541016,35.510562896728516,36.8917350769043,37.735923767089844,39.11521530151367,37.2155876159668,39.66106414794922,39.66106414794922,39.408119201660156,39.408119201660156,39.408119201660156,39.408119201660156,38.41874694824219,38.41874694824219,39.69886779785156,39.051246643066406,38.20994567871094,39.59798049926758,38.94868469238281,38.41874694824219
0,-48.0,-95,20,5,37.48332977294922,35.693138122558594,32.557640075683594,30.4138126373291,27.658634185791016,23.53720474243164,23.53720474243164,18.681541442871094,17.72004508972168,14.560219764709473,13.601470947265625,12.083045959472656,8.9442720413208,7.8102498054504395,5.656854152679443,3.1622776985168457,3.0,4.4721360206604,5.830951690673828,5.830951690673828,6.324555397033691,8.5440034866333,9.05538558959961,10.0,12.041594505310059,14.03566837310791,17.029386520385742,17.0,18.0,20.0,22.0,23.0,23.0,24.0,24.020824432373047,25.0,26.0,26.0,26.0,26.019224166870117,26.172504425048828,27.018512725830078,25.01999282836914,26.07680892944336,27.073972702026367,27.166154861450195,25.179357528686523,25.179357528686523,25.495098114013672,25.495098114013672,25.961509704589844,26.0
0,-48.0,-95,21,9,58.694122314453125,55.54277801513672,50.56678771972656,48.332183837890625,42.48529052734375,37.161808013916016,33.105892181396484,30.4138126373291,27.294687271118164,23.600847244262695,19.209373474121094,16.278820037841797,14.21267032623291,9.433980941772461,7.280109882354736,6.082762718200684,5.830951690673828,5.385164737701416,7.6157732009887695,10.198039054870605,11.0,15.0,15.033296585083008,19.235383987426758,20.2237491607666,24.041629791259766,28.792360305786133,28.460498809814453,31.95309066772461,32.31098937988281,34.539833068847656,36.055511474609375,37.6961555480957,39.560081481933594,40.853397369384766,39.924930572509766,41.62931823730469,41.78516387939453,42.72002029418945,43.65776062011719,42.379241943359375,44.59820556640625,43.08131790161133,43.65776062011719,42.379241943359375,42.44997024536133,43.416587829589844,42.20189666748047,43.17406463623047,43.931766510009766,41.59326934814453,42.19004440307617
0,-48.0,-95,21,10,58.18075180053711,54.625999450683594,49.24428939819336,47.01063537597656,40.31128692626953,38.4837646484375,33.241539001464844,29.120439529418945,26.570659637451172,22.56102752685547,19.416488647460938,16.278820037841797,13.0,8.0,6.324555397033691,6.4031243324279785,5.385164737701416,6.0,8.9442720413208,9.433980941772461,13.601470947265625,15.620499610900879,16.970561981201172,19.209373474121094,22.022714614868164,23.853721618652344,30.232433319091797,29.681644439697266,31.906112670898438,33.2866325378418,35.510562896728516,36.8917350769043,38.27531814575195,39.11521530151367,40.49691390991211,39.96248245239258,41.88078308105469,41.34005355834961,42.43819046020508,43.600460052490234,43.600460052490234,43.600460052490234,43.600460052490234,43.600460052490234,42.8018684387207,41.86884307861328,44.04542922973633,43.863426208496094,42.44997024536133,43.13930892944336,41.1096076965332,42.01190185546875
0,-48.0,-95,21,4,38.327537536621094,35.35533905029297,35.35533905029297,31.400636672973633,29.27456283569336,25.179357528686523,22.360679626464844,19.416488647460938,17.262676239013672,14.560219764709473,11.704699516296387,10.29563045501709,7.211102485656738,5.0,4.242640495300293,4.0,4.4721360206604,3.605551242828369,2.8284270763397217,6.082762718200684,8.246211051940918,8.246211051940918,12.165525436401367,14.0,15.0,16.0,19.0,20.0,21.0,23.0,22.0,25.0,26.0,25.0,28.0,27.0,28.0,28.0,28.0,29.017236709594727,28.017850875854492,28.017850875854492,30.01666259765625,28.017850875854492,28.07133674621582,27.166154861450195,28.284271240234375,27.459060668945312,28.284271240234375,27.459060668945312,26.68332862854004,26.248809814453125
0,-48.0,-95,21,10,56.859474182128906,51.89412307739258,50.990196228027344,47.92702865600586,42.54409408569336,38.4837646484375,32.649654388427734,29.068883895874023,27.784887313842773,22.203603744506836,17.8885440826416,15.81138801574707,12.727922439575195,11.313708305358887,7.211102485656738,4.0,4.4721360206604,4.4721360206604,8.5440034866333,9.0,11.0,13.0,16.031219482421875,17.464248657226562,19.416488647460938,23.0867919921875,27.513633728027344,29.73213768005371,30.675724029541016,33.241539001464844,34.78505325317383,36.400550842285156,38.27531814575195,37.336307525634766,39.217342376708984,41.1096076965332,42.05948257446289,41.761226654052734,41.761226654052734,42.379241943359375,43.011627197265625,41.761226654052734,42.72002029418945,42.44997024536133,42.44997024536133,41.0,41.773197174072266,42.95346450805664,41.59326934814453,41.30375289916992,42.19004440307617,40.01249694824219
0,-48.0,-95,21,8,45.18849563598633,43.08131790161133,38.27531814575195,34.539833068847656,32.69556427001953,29.73213768005371,26.570659637451172,23.0867919921875,21.189620971679688,16.76305389404297,14.317821502685547,12.041594505310059,11.0,8.0,6.082762718200684,3.1622776985168457,4.123105525970459,5.0,5.099019527435303,6.7082037925720215,10.0,11.401754379272461,12.806248664855957,15.264337539672852,15.81138801574707,17.20465087890625,20.59126091003418,21.954498291015625,25.05992889404297,24.698177337646484,26.419689178466797,26.419689178466797,29.154760360717773,29.681644439697266,29.154760360717773,30.01666259765625,31.38471031188965,31.38471031188965,32.75667953491211,32.75667953491211,31.62277603149414,32.4499626159668,29.681644439697266,33.0151481628418,31.62277603149414,32.015621185302734,32.80244064331055,31.240999221801758,30.479501724243164,31.14482307434082,31.14482307434082,30.479501724243164
0,-48.0,-95,21,10,58.215118408203125,57.314918518066406,52.46903991699219,49.36598205566406,43.104522705078125,39.11521530151367,35.12833786010742,32.0,28.0,23.0,18.11077117919922,16.492422103881836,13.34166431427002,9.848857879638672,9.219544410705566,7.211102485656738,7.0,6.324555397033691,8.485280990600586,11.313708305358887,13.601470947265625,15.65247631072998,17.8885440826416,20.248456954956055,23.0867919921875,25.298221588134766,29.614185333251953,31.048349380493164,32.75667953491211,34.71310806274414,35.902645111083984,36.878177642822266,39.623226165771484,40.79215621948242,42.95346450805664,43.73785400390625,43.73785400390625,42.95346450805664,44.9110221862793,44.9110221862793,45.12205505371094,44.14748001098633,44.643028259277344,45.35416030883789,44.92215347290039,43.96589660644531,45.880279541015625,44.59820556640625,44.0113639831543,43.46262741088867,43.863426208496094,44.29446792602539
0,-48.0,-95,21,11,63.0079345703125,55.4707145690918,54.08327102661133,49.92995071411133,44.65422821044922,40.49691390991211,35.84689712524414,30.886890411376953,28.65309715270996,22.847318649291992,20.248456954956055,15.29705810546875,13.03840446472168,9.0,7.280109882354736,7.071067810058594,6.324555397033691,7.0,10.770329475402832,13.03840446472168,15.264337539672852,18.601076126098633,19.209373474121094,22.671567916870117,25.495098114013672,28.284271240234375,31.240999221801758,34.828147888183594,35.80502700805664,37.44329071044922,38.60051727294922,43.011627197265625,44.40720748901367,44.40720748901367,44.40720748901367,44.204071044921875,47.01063537597656,47.01063537597656,48.41487503051758,48.41487503051758,47.01063537597656,46.86149978637695,49.81967544555664,47.01063537597656,46.75468063354492,46.75468063354492,47.423622131347656,46.75468063354492,48.83646011352539,48.166378021240234,48.27007293701172,45.80392837524414
0,-48.0,-95,21,8,58.18075180053711,53.23532485961914,48.30113983154297,45.650848388671875,39.81205749511719,36.2353401184082,34.01470184326172,29.546573638916016,24.698177337646484,21.189620971679688,18.681541442871094,16.124515533447266,13.03840446472168,11.045360565185547,6.324555397033691,5.656854152679443,6.7082037925720215,7.0,9.486832618713379,10.440306663513184,12.083045959472656,15.81138801574707,16.401220321655273,20.615528106689453,21.931713104248047,23.34523582458496,27.58622932434082,28.284271240234375,31.14482307434082,32.649654388427734,34.058773040771484,36.2353401184082,36.878177642822266,37.53664779663086,40.360870361328125,38.897300720214844,41.03656768798828,41.72529220581055,41.03656768798828,42.42640686035156,41.72529220581055,42.42640686035156,41.72529220581055,41.72529220581055,40.360870361328125,40.360870361328125,42.63801193237305,40.0,40.224369049072266,41.04875183105469,38.587562561035156,39.357337951660156
0,-48.0,-95,21,10,58.4208869934082,56.32051086425781,51.244510650634766,47.16990661621094,41.19466018676758,38.20994567871094,34.058773040771484,30.0,26.0,22.090721130371094,17.029386520385742,15.29705810546875,11.704699516296387,9.433980941772461,6.4031243324279785,5.385164737701416,6.082762718200684,7.6157732009887695,9.899495124816895,12.806248664855957,15.0,17.0,17.8885440826416,23.409399032592773,25.079872131347656,26.248809814453125,31.575305938720703,32.280025482177734,34.928497314453125,34.928497314453125,38.07886505126953,40.024993896484375,41.231056213378906,41.231056213378906,42.20189666748047,44.14748001098633,45.12205505371094,45.35416030883789,45.607017517089844,47.801673889160156,45.880279541015625,45.880279541015625,45.880279541015625,45.880279541015625,45.221675872802734,43.65776062011719,45.31004333496094,45.31004333496094,45.694637298583984,45.617977142333984,43.90899658203125,44.10215377807617
0,-48.0,-95,19,7,38.01315689086914,35.0142822265625,31.0,28.017850875854492,26.019224166870117,23.0,22.0,18.027755737304688,16.031219482421875,13.03840446472168,11.045360565185547,9.05538558959961,7.6157732009887695,5.0,4.4721360206604,4.0,4.123105525970459,5.385164737701416,7.071067810058594,7.211102485656738,9.848857879638672,9.433980941772461,11.704699516296387,13.601470947265625,14.560219764709473,14.560219764709473,18.681541442871094,20.615528106689453,22.360679626464844,22.360679626464844,23.53720474243164,24.515300750732422,25.495098114013672,25.495098114013672,26.476404190063477,27.658634185791016,26.68332862854004,27.892650604248047,27.892650604248047,27.892650604248047,28.160255432128906,28.861740112304688,28.160255432128906,28.460498809814453,27.20294189453125,27.85677719116211,27.85677719116211,27.85677719116211,29.068883895874023,28.17800521850586,28.65309715270996,26.925823211669922
0,-48.0,-95,22,2,41.231056213378906,38.20994567871094,42.20189666748047,36.34556198120117,29.42787742614746,27.85677719116211,22.135944366455078,21.189620971679688,18.384777069091797,16.155494689941406,13.03840446472168,11.401754379272461,7.071067810058594,5.385164737701416,4.123105525970459,5.099019527435303,5.830951690673828,5.385164737701416,6.324555397033691,10.198039054870605,10.0,13.0,14.0,16.0,18.11077117919922,20.099750518798828,23.34523582458496,25.317977905273438,26.476404190063477,26.476404190063477,27.459060668945312,29.832868576049805,30.4138126373291,30.805843353271484,32.38827133178711,31.78049659729004,32.557640075683594,32.557640075683594,33.541019439697266,32.557640075683594,33.541019439697266,33.37664031982422,34.525352478027344,33.541019439697266,34.36568069458008,33.37664031982422,35.35533905029297,32.140316009521484,33.13608169555664,33.060550689697266,34.01470184326172,32.0
0,-48.0,-95,21,11,60.81118392944336,54.451812744140625,53.037723541259766,48.10405349731445,43.13930892944336,38.20994567871094,32.649654388427734,29.832868576049805,27.018512725830078,25.0,19.235383987426758,15.231546401977539,12.649110794067383,10.0,7.0,7.071067810058594,8.5440034866333,10.0,11.0,14.142135620117188,15.524174690246582,18.027755737304688,20.124610900878906,22.825424194335938,26.832815170288086,26.925823211669922,31.62277603149414,34.20526123046875,36.619667053222656,38.60051727294922,38.832977294921875,42.20189666748047,43.600460052490234,45.221675872802734,46.615447998046875,45.221675872802734,46.40043258666992,48.54894256591797,47.70744323730469,49.09175109863281,48.54894256591797,49.92995071411133,49.39635467529297,48.02082824707031,49.39635467529297,47.88528060913086,47.41307830810547,49.19349670410156,47.423622131347656,46.097721099853516,47.16990661621094,47.801673889160156
0,-48.0,-95,21,10,59.43904495239258,56.08921432495117,50.635955810546875,46.69047164916992,43.5660400390625,38.327537536621094,33.241539001464844,30.265491485595703,27.018512725830078,22.0,19.0,15.033296585083008,13.34166431427002,8.9442720413208,7.8102498054504395,6.324555397033691,6.082762718200684,8.062257766723633,9.899495124816895,12.727922439575195,15.264337539672852,17.492855072021484,19.235383987426758,23.76972770690918,25.079872131347656,26.0,32.280025482177734,33.241539001464844,36.13862228393555,36.13862228393555,38.60051727294922,41.48493576049805,42.72002029418945,44.384681701660156,44.92215347290039,45.880279541015625,44.92215347290039,44.92215347290039,45.880279541015625,46.840152740478516,46.173583984375,47.434165954589844,47.12748718261719,46.48655700683594,44.94440841674805,45.31004333496094,47.53945541381836,46.2385139465332,47.92702865600586,46.06517028808594,46.647613525390625,44.40720748901367
0,-48.0,-95,21,10,55.865909576416016,53.037723541259766,49.497474670410156,45.25483322143555,38.897300720214844,34.65544509887695,31.240999221801758,27.80287742614746,23.600847244262695,21.63330841064453,17.464248657226562,13.928388595581055,11.401754379272461,9.0,7.071067810058594,6.4031243324279785,7.6157732009887695,10.0,12.041594505310059,13.03840446472168,14.317821502685547,18.027755737304688,18.788293838500977,23.25940704345703,24.59674835205078,26.419689178466797,31.064449310302734,33.2866325378418,34.66987228393555,37.202152252197266,38.832977294921875,40.804412841796875,41.88078308105469,41.88078308105469,44.65422821044922,45.221675872802734,46.87216567993164,44.94440841674805,47.70744323730469,47.16990661621094,46.647613525390625,45.79301071166992,46.647613525390625,46.14108657836914,45.650848388671875,46.06517028808594,46.957427978515625,46.51881408691406,47.01063537597656,46.2385139465332,45.54119110107422,45.35416030883789
0,-48.0,-95,21,10,59.03388977050781,52.32590103149414,48.754486083984375,44.283180236816406,39.81205749511719,37.161808013916016,34.1760139465332,28.460498809814453,24.041629791259766,19.416488647460938,17.464248657226562,13.0,10.0,8.062257766723633,6.4031243324279785,5.385164737701416,8.0,8.062257766723633,11.180339813232422,14.422204971313477,17.20465087890625,19.10497283935547,21.260292053222656,24.083189010620117,25.495098114013672,28.42534065246582,32.202484130859375,35.608985900878906,37.013511657714844,37.202152252197266,41.400482177734375,43.600460052490234,43.600460052490234,45.0,45.0,47.20169448852539,46.40043258666992,49.04079818725586,48.27007293701172,49.04079818725586,48.91830062866211,46.75468063354492,48.83646011352539,48.83646011352539,46.75468063354492,46.69047164916992,48.08325958251953,48.10405349731445,47.50789260864258,47.50789260864258,47.20169448852539,46.3249397277832
0,-48.0,-95,21,11,57.628116607666016,53.00943374633789,49.648765563964844,47.20169448852539,41.617305755615234,36.619667053222656,31.906112670898438,27.459060668945312,24.1867733001709,21.02379608154297,16.552946090698242,12.369317054748535,11.045360565185547,9.05538558959961,6.4031243324279785,6.324555397033691,8.0,10.198039054870605,11.401754379272461,14.764822959899902,17.0,19.416488647460938,22.022714614868164,25.0,27.658634185791016,29.73213768005371,34.65544509887695,36.06937789916992,38.28837966918945,40.45985794067383,41.1096076965332,42.52058410644531,43.27817153930664,46.86149978637695,46.75468063354492,48.27007293701172,50.2493782043457,48.79549026489258,48.83646011352539,50.20956039428711,50.2493782043457,50.93132781982422,48.79549026489258,50.20956039428711,50.20956039428711,49.51767349243164,49.51767349243164,49.57822036743164,49.04079818725586,50.21951675415039,48.54894256591797,48.87739944458008
0,-48.0,-95,21,11,58.07753372192383,54.037025451660156,48.25971221923828,47.26520919799805,40.31128692626953,36.34556198120117,32.38827133178711,28.44292449951172,24.515300750732422,20.248456954956055,16.155494689941406,13.416407585144043,10.630146026611328,8.9442720413208,8.0,6.324555397033691,9.219544410705566,9.433980941772461,13.03840446472168,15.65247631072998,17.0880069732666,19.646883010864258,22.56102752685547,25.495098114013672,28.44292449951172,29.154760360717773,34.058773040771484,36.22154235839844,41.04875183105469,39.0128173828125,43.104522705078125,45.09988784790039,47.04253387451172,47.095645904541016,47.095645904541016,48.093658447265625,50.15974426269531,49.162994384765625,50.2493782043457,51.244510650634766,50.2493782043457,52.239830017089844,51.244510650634766,49.497474670410156,50.35871505737305,48.83646011352539,50.0099983215332,49.030601501464844,48.50773239135742,50.28916549682617,48.383880615234375,46.2385139465332
0,-48.0,-95,21,11,57.00876998901367,53.600372314453125,49.47726821899414,46.097721099853516,39.051246643066406,34.525352478027344,31.400636672973633,26.07680892944336,24.020824432373047,19.0,16.0,11.401754379272461,9.486832618713379,7.071067810058594,5.385164737701416,7.071067810058594,9.486832618713379,10.29563045501709,13.45362377166748,14.866068840026855,18.601076126098633,18.867961883544922,23.706539154052734,25.079872131347656,27.312999725341797,30.463092803955078,36.400550842285156,37.64305877685547,39.217342376708984,41.1096076965332,42.72002029418945,43.96589660644531,46.173583984375,46.173583984375,49.33558654785156,48.703182220458984,49.04079818725586,49.97999572753906,50.9215087890625,49.97999572753906,49.97999572753906,52.201534271240234,51.26402282714844,51.078372955322266,50.15974426269531,50.15974426269531,50.08992004394531,50.56678771972656,49.19349670410156,50.2493782043457,50.477718353271484,48.60041046142578
0,-48.0,-95,21,11,56.85068130493164,51.088157653808594,47.50789260864258,41.773197174072266,39.623226165771484,33.970577239990234,30.4138126373291,26.870058059692383,23.430749893188477,18.439088821411133,16.124515533447266,13.928388595581055,10.198039054870605,7.0,7.211102485656738,7.071067810058594,9.219544410705566,10.049875259399414,14.142135620117188,15.29705810546875,17.72004508972168,19.646883010864258,21.840330123901367,25.079872131347656,28.635643005371094,28.635643005371094,33.541019439697266,37.121421813964844,37.58989334106445,41.18252182006836,41.67733383178711,42.54409408569336,45.17742919921875,46.52956008911133,46.51881408691406,47.41307830810547,47.88528060913086,47.88528060913086,49.648765563964844,47.85394287109375,49.658836364746094,48.332183837890625,50.56678771972656,47.01063537597656,49.39635467529297,47.434165954589844,48.383880615234375,49.33558654785156,48.764739990234375,48.764739990234375,48.05205535888672,46.27094268798828
0,-47.0,-95,21,11,56.603885650634766,51.107730865478516,48.3735466003418,43.416587829589844,39.824615478515625,34.438350677490234,29.068883895874023,25.495098114013672,22.135944366455078,18.681541442871094,15.132745742797852,13.0,9.05538558959961,9.433980941772461,7.071067810058594,9.219544410705566,10.0,11.180339813232422,14.866068840026855,17.0,18.027755737304688,19.416488647460938,25.0,26.4007568359375,28.42534065246582,31.14482307434082,36.06937789916992,36.769554138183594,38.897300720214844,43.84062194824219,42.42640686035156,44.55333709716797,44.55333709716797,46.66904830932617,48.10405349731445,50.20956039428711,50.93132781982422,49.51767349243164,49.51767349243164,49.57822036743164,51.7397346496582,50.32891845703125,52.009613037109375,50.447994232177734,50.447994232177734,49.20365905761719,50.80354309082031,50.21951675415039,50.477718353271484,50.2493782043457,50.537113189697266,48.332183837890625
0,-47.0,-95,21,12,58.4208869934082,53.600372314453125,48.66210174560547,45.54119110107422,39.458839416503906,36.13862228393555,32.75667953491211,27.20294189453125,23.409399032592773,20.248456954956055,15.231546401977539,13.45362377166748,9.219544410705566,8.5440034866333,7.0,8.5440034866333,11.401754379272461,11.661903381347656,14.317821502685547,15.524174690246582,19.92485809326172,20.39607810974121,24.331050872802734,26.07680892944336,30.149627685546875,32.140316009521484,38.05259704589844,39.0,41.01219177246094,43.0,45.0,45.0,48.0,49.01020431518555,51.0,51.0,51.0,51.009803771972656,52.009613037109375,53.0,52.038448333740234,53.0,54.037025451660156,53.037723541259766,51.15662384033203,50.2493782043457,50.35871505737305,51.4781494140625,49.81967544555664,49.81967544555664,50.695167541503906,50.28916549682617
0,-48.0,-95,21,6,42.0,39.0,37.0,33.0,29.017236709594727,26.019224166870117,24.083189010620117,20.02498435974121,16.124515533447266,13.34166431427002,11.401754379272461,8.9442720413208,6.4031243324279785,5.385164737701416,5.0,5.099019527435303,7.211102485656738,7.8102498054504395,11.180339813232422,11.180339813232422,13.416407585144043,16.76305389404297,16.76305389404297,18.681541442871094,20.615528106689453,22.360679626464844,27.294687271118164,27.459060668945312,29.42787742614746,30.149627685546875,31.400636672973633,32.38827133178711,34.36568069458008,34.36568069458008,35.35533905029297,34.525352478027344,36.34556198120117,36.878177642822266,35.693138122558594,35.902645111083984,36.878177642822266,37.48332977294922,37.85498809814453,37.10795211791992,37.10795211791992,35.44009017944336,35.735137939453125,35.44009017944336,36.400550842285156,35.46829605102539,35.34119415283203,34.885528564453125
0,-47.0,-95,21,10,55.31726837158203,49.04079818725586,46.615447998046875,41.400482177734375,38.01315689086914,32.202484130859375,30.232433319091797,26.07680892944336,22.472204208374023,18.384777069091797,16.155494689941406,12.165525436401367,8.0,6.7082037925720215,5.656854152679443,8.246211051940918,8.062257766723633,11.0,13.601470947265625,16.155494689941406,19.697715759277344,20.59126091003418,24.1867733001709,27.20294189453125,27.80287742614746,29.4108829498291,34.20526123046875,38.28837966918945,38.20994567871094,40.45985794067383,40.45985794067383,43.931766510009766,45.343135833740234,46.75468063354492,47.50789260864258,48.27007293701172,48.41487503051758,47.50789260864258,49.04079818725586,48.27007293701172,49.40647888183594,49.20365905761719,51.61395263671875,48.010414123535156,48.82622146606445,48.54894256591797,48.54894256591797,48.87739944458008,50.11985778808594,48.30113983154297,47.53945541381836,46.48655700683594
0,-47.0,-95,21,11,54.0,53.00943374633789,49.0,42.0,38.11823654174805,32.015621185302734,31.064449310302734,25.317977905273438,22.56102752685547,15.524174690246582,14.764822959899902,12.206555366516113,8.485280990600586,8.062257766723633,6.0,7.6157732009887695,8.485280990600586,10.630146026611328,13.892443656921387,16.552946090698242,16.155494689941406,20.880613327026367,22.803508758544922,25.495098114013672,28.44292449951172,30.4138126373291,35.12833786010742,37.2155876159668,39.0128173828125,41.01219177246094,43.046485900878906,43.0,45.09988784790039,46.097721099853516,47.04253387451172,49.162994384765625,50.03998565673828,49.162994384765625,48.093658447265625,50.03998565673828,49.25444030761719,49.162994384765625,50.15974426269531,49.25444030761719,49.25444030761719,47.51841735839844,49.497474670410156,48.66210174560547,49.030601501464844,49.24428939819336,48.764739990234375,47.75981521606445
0,-47.0,-95,21,12,56.00892639160156,52.15361785888672,46.27094268798828,43.416587829589844,39.31920623779297,34.13209533691406,29.42787742614746,24.515300750732422,20.880613327026367,18.027755737304688,14.317821502685547,11.401754379272461,8.485280990600586,7.280109882354736,7.0,8.602325439453125,9.899495124816895,12.529964447021484,15.65247631072998,18.788293838500977,20.615528106689453,24.041629791259766,25.0,28.635643005371094,30.5941162109375,33.37664031982422,38.327537536621094,38.470767974853516,42.42640686035156,43.185646057128906,45.27692413330078,47.381431579589844,47.381431579589844,50.35871505737305,51.35172653198242,50.35871505737305,51.4781494140625,51.35172653198242,53.600372314453125,52.611785888671875,51.97114562988281,52.17279052734375,51.97114562988281,52.17279052734375,52.17279052734375,51.41984176635742,51.6623649597168,52.201534271240234,52.201534271240234,50.32891845703125,51.078372955322266,50.537113189697266
0,-47.0,-95,21,12,54.5618896484375,49.67897033691406,46.097721099853516,41.231056213378906,37.013511657714844,34.20526123046875,30.805843353271484,26.07680892944336,21.954498291015625,16.155494689941406,13.928388595581055,12.041594505310059,9.05538558959961,7.211102485656738,6.324555397033691,8.246211051940918,11.0,13.601470947265625,17.0880069732666,19.697715759277344,21.02379608154297,23.323806762695312,25.942243576049805,30.0,31.400636672973633,32.202484130859375,39.051246643066406,40.360870361328125,43.863426208496094,42.52058410644531,45.96738052368164,48.08325958251953,50.2493782043457,50.2493782043457,51.6623649597168,51.6623649597168,53.15073013305664,51.7397346496582,52.49761962890625,53.81449508666992,54.037025451660156,52.63079071044922,54.671749114990234,53.413482666015625,52.63079071044922,53.600372314453125,52.201534271240234,52.801513671875,52.69725036621094,51.107730865478516,51.88448715209961,50.15974426269531
0,-47.0,-95,18,21,37.64305877685547,34.20526123046875,32.893768310546875,28.460498809814453,26.925823211669922,24.351591110229492,20.248456954956055,17.464248657226562,14.764822959899902,11.401754379272461,10.630146026611328,7.8102498054504395,4.123105525970459,3.0,3.0,6.4031243324279785,7.6157732009887695,8.5440034866333,10.440306663513184,13.0,15.132745742797852,15.0,19.0,19.10497283935547,21.21320343017578,22.090721130371094,26.172504425048828,28.160255432128906,28.284271240234375,30.149627685546875,30.4138126373291,32.38827133178711,33.37664031982422,33.241539001464844,34.525352478027344,36.34556198120117,36.49657440185547,36.49657440185547,37.48332977294922,36.34556198120117,36.12478256225586,37.121421813964844,36.12478256225586,36.12478256225586,38.11823654174805,35.0142822265625,36.055511474609375,36.0,35.0,35.0142822265625,36.12478256225586,34.525352478027344
0,-48.0,-95,21,11,56.859474182128906,53.3104133605957,45.880279541015625,43.08131790161133,37.36308288574219,32.572994232177734,29.120439529418945,24.515300750732422,21.3775577545166,17.0,15.0,11.180339813232422,10.29563045501709,7.8102498054504395,7.280109882354736,9.219544410705566,10.440306663513184,13.03840446472168,17.029386520385742,17.804492950439453,19.79899024963379,23.34523582458496,24.20743751525879,26.62705421447754,31.62277603149414,34.4093017578125,39.11521530151367,38.27531814575195,42.54409408569336,45.27692413330078,46.647613525390625,48.3735466003418,49.73931884765625,50.2493782043457,51.107730865478516,50.6063232421875,52.839378356933594,51.107730865478516,52.47856521606445,54.918121337890625,52.15361785888672,52.69725036621094,53.25410842895508,53.823787689208984,50.80354309082031,52.201534271240234,51.400390625,52.63079071044922,50.447994232177734,52.345008850097656,50.93132781982422,50.2493782043457
0,-47.0,-95,21,12,54.120235443115234,50.537113189697266,45.17742919921875,42.04759216308594,34.928497314453125,31.78049659729004,27.312999725341797,24.73863410949707,19.646883010864258,15.0,13.0,12.041594505310059,7.211102485656738,6.7082037925720215,8.0,8.062257766723633,12.529964447021484,13.892443656921387,18.439088821411133,19.84943389892578,22.627416610717773,25.495098114013672,26.172504425048828,31.400636672973633,32.202484130859375,33.83784866333008,39.4461669921875,41.34005355834961,44.777225494384766,43.90899658203125,47.01063537597656,51.0,49.73931884765625,51.4781494140625,51.97114562988281,52.839378356933594,53.712196350097656,53.0,54.708316802978516,56.4358024597168,52.47856521606445,56.080299377441406,54.20331954956055,54.918121337890625,53.0,52.69725036621094,54.64430618286133,54.4058837890625,53.600372314453125,54.037025451660156,52.40229034423828,52.345008850097656
0,-47.0,-95,21,12,58.0,53.037723541259766,48.041648864746094,45.0,38.05259704589844,35.12833786010742,29.27456283569336,25.70992088317871,21.840330123901367,16.76305389404297,13.416407585144043,10.630146026611328,6.7082037925720215,5.0,6.7082037925720215,10.630146026611328,12.206555366516113,13.892443656921387,17.72004508972168,19.92485809326172,22.803508758544922,27.658634185791016,29.614185333251953,32.140316009521484,35.22782897949219,38.11823654174805,42.10700607299805,44.0113639831543,48.0,46.010868072509766,50.0,51.0,52.0,54.0,57.03507614135742,56.0,57.07889175415039,57.00876998901367,58.07753372192383,58.03447341918945,58.13776779174805,58.13776779174805,57.21887969970703,58.215118408203125,56.32051086425781,58.30952072143555,56.4358024597168,56.718605041503906,54.7448616027832,56.29387283325195,56.04462432861328,55.02726745605469
0,-47.0,-95,21,12,55.10898208618164,51.195701599121094,46.3249397277832,41.0,38.07886505126953,32.015621185302734,29.4108829498291,24.698177337646484,21.02379608154297,15.65247631072998,13.601470947265625,9.219544410705566,7.6157732009887695,6.0,6.7082037925720215,8.485280990600586,11.661903381347656,12.369317054748535,16.492422103881836,19.10497283935547,21.095022201538086,24.0,25.079872131347656,29.017236709594727,32.06243896484375,34.01470184326172,38.327537536621094,40.4474983215332,41.59326934814453,45.7055778503418,46.69047164916992,47.67599105834961,49.81967544555664,50.80354309082031,52.611785888671875,51.4781494140625,52.77309799194336,52.611785888671875,52.77309799194336,54.7448616027832,52.46903991699219,53.75872039794922,53.600372314453125,53.46026611328125,54.33230972290039,52.345008850097656,53.23532485961914,53.23532485961914,52.038448333740234,52.038448333740234,51.0,51.15662384033203
0,-47.0,-95,21,12,60.20797348022461,52.15361785888672,51.0,41.18252182006836,39.824615478515625,34.438350677490234,30.463092803955078,26.4007568359375,21.189620971679688,18.681541442871094,14.317821502685547,11.0,6.7082037925720215,7.211102485656738,7.071067810058594,9.05538558959961,9.848857879638672,13.0,15.81138801574707,20.615528106689453,24.75883674621582,25.45584487915039,27.58622932434082,31.890438079833984,32.80244064331055,32.80244064331055,40.0,44.65422821044922,44.94440841674805,49.09175109863281,49.39635467529297,51.62363815307617,52.69725036621094,53.823787689208984,54.08327102661133,55.4707145690918,56.859474182128906,56.859474182128906,56.859474182128906,55.217750549316406,58.24946212768555,56.035701751708984,58.8217658996582,55.0,56.40035629272461,54.81787872314453,54.5618896484375,55.44366455078125,56.63920974731445,54.451812744140625,54.451812744140625,52.63079071044922
0,-47.0,-95,21,3,30.149627685546875,27.294687271118164,26.305892944335938,23.34523582458496,22.203603744506836,19.416488647460938,16.124515533447266,13.0,10.440306663513184,10.0,7.211102485656738,4.242640495300293,3.605551242828369,2.0,4.4721360206604,5.656854152679443,7.211102485656738,8.062257766723633,8.5440034866333,11.180339813232422,12.165525436401367,13.03840446472168,16.124515533447266,17.0,19.0,20.0,22.0,24.020824432373047,25.079872131347656,26.0,26.019224166870117,27.073972702026367,29.068883895874023,28.017850875854492,30.066593170166016,30.01666259765625,31.0,31.0,32.0,31.016124725341797,31.0,31.0,31.016124725341797,30.0,31.0,29.017236709594727,30.01666259765625,30.066593170166016,30.01666259765625,29.154760360717773,28.635643005371094,29.832868576049805
0,-47.0,-95,21,12,53.037723541259766,49.51767349243164,45.27692413330078,41.773197174072266,36.06937789916992,32.015621185302734,27.20294189453125,23.600847244262695,20.248456954956055,15.65247631072998,13.416407585144043,9.0,7.6157732009887695,7.8102498054504395,7.8102498054504395,10.0,12.0,15.132745742797852,18.027755737304688,20.248456954956055,21.931713104248047,25.495098114013672,25.942243576049805,30.528675079345703,31.62277603149414,34.4093017578125,39.824615478515625,40.607879638671875,43.416587829589844,44.04542922973633,47.6340217590332,49.04079818725586,50.447994232177734,51.22499465942383,52.009613037109375,52.009613037109375,54.81787872314453,53.600372314453125,54.4058837890625,55.803226470947266,53.600372314453125,55.217750549316406,54.08327102661133,55.217750549316406,53.823787689208984,51.865211486816406,53.5350341796875,53.33854293823242,53.23532485961914,52.77309799194336,51.4781494140625,52.201534271240234
0,-47.0,-95,19,16,36.769554138183594,32.31098937988281,32.202484130859375,26.832815170288086,24.698177337646484,22.360679626464844,18.357559204101562,15.81138801574707,12.529964447021484,8.485280990600586,6.7082037925720215,4.4721360206604,4.0,3.605551242828369,4.242640495300293,7.6157732009887695,10.049875259399414,10.440306663513184,13.0,14.0,17.029386520385742,18.248287200927734,20.2237491607666,23.76972770690918,23.76972770690918,25.0,28.160255432128906,31.62277603149414,31.95309066772461,31.62277603149414,33.52610778808594,35.11410140991211,37.0,35.735137939453125,38.27531814575195,38.327537536621094,38.327537536621094,38.327537536621094,39.560081481933594,38.60051727294922,39.293766021728516,38.327537536621094,38.60051727294922,36.13862228393555,38.327537536621094,36.67424011230469,38.07886505126953,37.48332977294922,37.656341552734375,37.121421813964844,37.05401611328125,36.0
0,-48.0,-95,22,7,50.774009704589844,45.221675872802734,40.49691390991211,37.44329071044922,32.80244064331055,27.80287742614746,25.612497329711914,20.51828384399414,18.439088821411133,13.45362377166748,11.401754379272461,9.486832618713379,7.0,5.385164737701416,6.4031243324279785,8.246211051940918,10.049875259399414,15.0,15.132745742797852,18.439088821411133,20.615528106689453,23.76972770690918,24.041629791259766,26.925823211669922,28.792360305786133,30.463092803955078,36.24913787841797,37.57658767700195,38.4837646484375,41.59326934814453,42.94182205200195,44.283180236816406,44.72135925292969,46.51881408691406,47.85394287109375,48.30113983154297,48.30113983154297,48.754486083984375,50.08992004394531,48.754486083984375,50.15974426269531,49.76947021484375,48.84669876098633,48.46648406982422,48.10405349731445,48.383880615234375,48.383880615234375,49.33558654785156,48.764739990234375,47.801673889160156,48.27007293701172,46.27094268798828
0,-47.0,-95,21,12,53.33854293823242,47.16990661621094,46.3249397277832,38.832977294921875,38.832977294921875,30.232433319091797,26.4007568359375,22.022714614868164,16.970561981201172,15.620499610900879,10.816654205322266,8.246211051940918,7.0,6.7082037925720215,7.211102485656738,10.049875259399414,12.0,14.03566837310791,17.11724281311035,20.39607810974121,22.56102752685547,25.298221588134766,30.364452362060547,31.38471031188965,34.1760139465332,35.34119415283203,40.24922180175781,43.8292121887207,42.48529052734375,48.764739990234375,49.648765563964844,50.537113189697266,51.88448715209961,52.77309799194336,55.94640350341797,55.90169906616211,55.46169662475586,56.36488342285156,56.36488342285156,55.03635025024414,59.50630187988281,54.12947463989258,58.18075180053711,54.625999450683594,55.54277801513672,54.424259185791016,54.7813835144043,56.30275344848633,56.61272048950195,54.5710563659668,53.36665725708008,53.46026611328125
0,-47.0,-95,20,9,30.528675079345703,29.681644439697266,26.248809814453125,22.803508758544922,22.803508758544922,18.439088821411133,15.81138801574707,12.727922439575195,12.041594505310059,8.062257766723633,4.123105525970459,3.0,3.1622776985168457,2.8284270763397217,4.123105525970459,7.0,9.05538558959961,9.0,11.045360565185547,11.704699516296387,16.492422103881836,14.560219764709473,17.8885440826416,18.357559204101562,21.02379608154297,21.02379608154297,23.25940704345703,27.294687271118164,27.784887313842773,30.4138126373291,29.96664810180664,29.529645919799805,32.24903106689453,31.30495262145996,33.12099075317383,34.885528564453125,34.885528564453125,34.438350677490234,34.438350677490234,33.541019439697266,34.928497314453125,34.01470184326172,34.438350677490234,34.01470184326172,34.01470184326172,32.893768310546875,33.241539001464844,33.83784866333008,32.572994232177734,31.78049659729004,32.557640075683594,32.24903106689453
0,-47.0,-95,22,8,55.217750549316406,49.09175109863281,44.10215377807617,39.96248245239258,37.2155876159668,30.4138126373291,26.832815170288086,23.76972770690918,18.027755737304688,13.03840446472168,11.0,8.246211051940918,8.485280990600586,7.071067810058594,9.05538558959961,11.180339813232422,14.317821502685547,16.552946090698242,22.472204208374023,23.600847244262695,26.4007568359375,28.319604873657227,29.832868576049805,35.38361358642578,37.53664779663086,38.94868469238281,43.27817153930664,48.27007293701172,50.0,49.04079818725586,52.63079071044922,54.81787872314453,57.628116607666016,57.628116607666016,58.2580451965332,58.2580451965332,59.66573715209961,59.66573715209961,61.22091293334961,61.61980056762695,58.898216247558594,59.54829788208008,60.30754470825195,58.898216247558594,61.55485534667969,58.694122314453125,58.694122314453125,58.79625701904297,58.0,59.46427536010742,56.080299377441406,56.035701751708984
0,-47.0,-95,21,13,58.0,54.0,48.0,46.04345703125,38.11823654174805,35.05709457397461,29.154760360717773,24.331050872802734,20.615528106689453,16.552946090698242,13.892443656921387,10.0,8.246211051940918,8.062257766723633,8.5440034866333,12.806248664855957,15.264337539672852,17.8885440826416,21.540658950805664,25.298221588134766,25.298221588134766,26.925823211669922,31.78049659729004,35.12833786010742,39.20458984375,40.31128692626953,46.097721099853516,47.04253387451172,52.009613037109375,53.0848388671875,56.00892639160156,57.03507614135742,57.00876998901367,58.07753372192383,60.0333251953125,61.032779693603516,63.03173828125,61.032779693603516,63.071388244628906,65.12296295166016,62.032249450683594,64.1248779296875,61.13100814819336,61.20457458496094,62.28964614868164,58.54912567138672,62.513999938964844,60.530982971191406,60.01666259765625,61.188232421875,59.66573715209961,58.8217658996582
0,-47.0,-95,22,9,56.30275344848633,50.0,46.22769546508789,42.8018684387207,38.28837966918945,32.557640075683594,26.870058059692383,21.931713104248047,18.439088821411133,15.264337539672852,10.770329475402832,9.0,8.062257766723633,8.485280990600586,9.433980941772461,13.0,16.031219482421875,18.248287200927734,20.2237491607666,22.56102752685547,25.0,27.85677719116211,31.38471031188965,35.7770881652832,37.121421813964844,38.94868469238281,44.41846466064453,46.14108657836914,48.25971221923828,50.477718353271484,53.851646423339844,54.20331954956055,55.75840759277344,57.45433044433594,58.52349853515625,58.830265045166016,61.057350158691406,61.400325775146484,61.91122817993164,61.400325775146484,59.16925048828125,61.91122817993164,61.29437255859375,61.29437255859375,59.9416389465332,59.93329620361328,61.32699203491211,60.835845947265625,58.694122314453125,61.09828186035156,58.18934631347656,58.94064712524414
0,-47.0,-95,22,9,51.865211486816406,46.173583984375,43.46262741088867,37.6961555480957,35.34119415283203,28.635643005371094,26.4007568359375,20.59126091003418,15.81138801574707,12.727922439575195,10.0,7.280109882354736,5.099019527435303,6.4031243324279785,8.602325439453125,11.180339813232422,13.0,16.0,20.0,23.021728515625,24.083189010620117,27.166154861450195,29.42787742614746,32.98484420776367,34.20526123046875,36.400550842285156,42.379241943359375,44.271888732910156,45.54119110107422,49.04079818725586,49.648765563964844,51.865211486816406,51.865211486816406,53.75872039794922,55.36244201660156,56.64803695678711,56.30275344848633,57.87054443359375,56.61272048950195,57.87054443359375,58.52349853515625,55.6596794128418,59.77457809448242,56.32051086425781,55.081756591796875,56.04462432861328,56.75385284423828,57.48912811279297,57.070133209228516,55.73149871826172,54.451812744140625,54.08327102661133
0,-47.0,-95,21,4,31.016124725341797,31.78049659729004,26.07680892944336,23.53720474243164,24.331050872802734,19.416488647460938,15.524174690246582,17.0,12.0,9.219544410705566,6.7082037925720215,2.8284270763397217,3.1622776985168457,3.0,4.4721360206604,7.8102498054504395,9.899495124816895,9.219544410705566,13.601470947265625,14.317821502685547,17.0,16.155494689941406,19.313207626342773,22.135944366455078,23.409399032592773,24.351591110229492,26.925823211669922,29.4108829498291,31.048349380493164,31.62277603149414,33.83784866333008,33.734256744384766,35.44009017944336,33.241539001464844,36.13862228393555,36.68787384033203,37.336307525634766,37.0,38.897300720214844,38.60051727294922,37.0,37.0,36.68787384033203,36.68787384033203,37.336307525634766,35.46829605102539,36.400550842285156,36.769554138183594,34.539833068847656,34.885528564453125,34.13209533691406,33.83784866333008
0,-47.0,-95,21,14,58.00862121582031,54.08327102661133,48.166378021240234,44.10215377807617,38.20994567871094,34.2344856262207,28.44292449951172,24.331050872802734,19.646883010864258,15.65247631072998,12.041594505310059,8.602325439453125,10.0,8.062257766723633,10.816654205322266,15.0,17.0880069732666,21.189620971679688,23.76972770690918,26.476404190063477,29.614185333251953,33.241539001464844,34.13209533691406,40.04996871948242,43.046485900878906,44.0,51.009803771972656,53.00943374633789,55.03635025024414,56.22277069091797,60.074954986572266,64.19501495361328,64.0078125,63.12685775756836,66.12110137939453,65.03076171875,67.26811981201172,66.06814575195312,69.18092346191406,70.00714111328125,66.00757598876953,68.02940368652344,68.06614685058594,68.00735473632812,67.00746154785156,65.0,67.0,66.0,65.0076904296875,66.12110137939453,66.37017059326172,64.93843078613281
0,-47.0,-95,22,10,58.24946212768555,42.04759216308594,48.10405349731445,39.20458984375,33.42155075073242,32.202484130859375,23.34523582458496,19.10497283935547,14.21267032623291,13.03840446472168,10.198039054870605,7.0,5.830951690673828,7.211102485656738,9.0,13.0,15.033296585083008,16.278820037841797,19.646883010864258,23.76972770690918,24.041629791259766,29.154760360717773,30.08321762084961,32.649654388427734,38.07886505126953,39.4461669921875,43.26661682128906,44.65422821044922,48.010414123535156,49.40647888183594,50.21951675415039,53.00943374633789,53.823787689208984,53.25410842895508,54.64430618286133,56.035701751708984,57.42821502685547,57.42821502685547,57.42821502685547,57.42821502685547,57.688819885253906,58.24946212768555,58.00862121582031,56.61272048950195,57.982757568359375,56.080299377441406,56.080299377441406,55.56977462768555,54.20331954956055,56.82429122924805,54.625999450683594,55.154327392578125
0,-47.0,-95,22,9,55.154327392578125,50.91168975830078,46.69047164916992,42.44997024536133,36.12478256225586,30.0,25.612497329711914,20.808652877807617,17.8885440826416,16.76305389404297,11.0,8.5440034866333,7.071067810058594,8.062257766723633,10.198039054870605,13.34166431427002,15.81138801574707,19.697715759277344,21.02379608154297,25.05992889404297,28.844409942626953,30.0,34.4093017578125,36.878177642822266,41.03656768798828,42.52058410644531,46.66904830932617,49.51767349243164,51.62363815307617,52.40229034423828,55.90169906616211,57.28001403808594,59.46427536010742,59.41380310058594,59.46427536010742,62.28964614868164,63.78087615966797,62.28964614868164,64.38167572021484,63.78087615966797,63.70243453979492,62.2414665222168,63.65532302856445,62.2414665222168,63.65532302856445,59.396968841552734,62.93647766113281,60.8276252746582,61.61980056762695,61.84658432006836,62.00806427001953,59.36328887939453
0,-47.0,-95,22,6,54.12947463989258,39.623226165771484,34.525352478027344,37.0,33.61547088623047,27.658634185791016,20.880613327026367,19.235383987426758,13.928388595581055,10.630146026611328,8.602325439453125,6.324555397033691,6.082762718200684,7.211102485656738,8.9442720413208,11.704699516296387,13.601470947265625,17.262676239013672,19.02629852294922,22.0,25.01999282836914,27.0,29.068883895874023,32.140316009521484,35.12833786010742,36.22154235839844,40.607879638671875,42.7551155090332,43.73785400390625,45.12205505371094,46.69047164916992,50.447994232177734,50.21951675415039,50.0099983215332,52.95280838012695,54.34151077270508,53.93514633178711,53.93514633178711,53.93514633178711,53.93514633178711,52.77309799194336,53.75872039794922,54.7448616027832,52.77309799194336,51.62363815307617,51.4781494140625,52.345008850097656,53.33854293823242,53.15073013305664,53.0848388671875,52.0,50.03998565673828
0,-47.0,-95,22,10,57.070133209228516,52.17279052734375,48.27007293701172,44.14748001098633,37.36308288574219,32.572994232177734,27.312999725341797,23.25940704345703,19.72308349609375,14.21267032623291,12.727922439575195,8.5440034866333,8.0,9.433980941772461,10.0,12.083045959472656,16.76305389404297,21.840330123901367,22.090721130371094,26.019224166870117,30.01666259765625,32.0,34.0,39.051246643066406,40.112342834472656,42.10700607299805,46.389652252197266,51.62363815307617,52.95280838012695,55.578773498535156,57.070133209228516,59.03388977050781,61.98386764526367,61.98386764526367,61.814239501953125,63.95310592651367,64.49806213378906,65.37583923339844,64.49806213378906,63.639610290527344,65.4904556274414,66.61080932617188,65.37583923339844,63.28506851196289,64.28063201904297,63.19810104370117,63.12685775756836,66.18912506103516,64.0,63.03173828125,63.19810104370117,61.52235412597656
0,-47.0,-95,22,9,53.600372314453125,51.41984176635742,44.643028259277344,41.48493576049805,33.52610778808594,28.792360305786133,26.0,21.02379608154297,17.0,12.041594505310059,10.816654205322266,6.082762718200684,5.385164737701416,7.071067810058594,11.401754379272461,13.34166431427002,18.11077117919922,20.0,22.090721130371094,25.079872131347656,30.066593170166016,32.24903106689453,33.241539001464844,37.10795211791992,41.0,41.9761848449707,49.04079818725586,50.28916549682617,51.54609680175781,53.141319274902344,55.6596794128418,58.52349853515625,59.77457809448242,60.083274841308594,62.93647766113281,60.74536895751953,62.96824645996094,62.96824645996094,64.25729370117188,63.90618133544922,63.24555206298828,64.8459701538086,62.62587356567383,63.89052963256836,62.361846923828125,60.4400520324707,62.09669876098633,62.09669876098633,62.09669876098633,63.06346130371094,61.188232421875,60.406951904296875
0,-47.0,-95,22,10,53.075416564941406,50.990196228027344,43.27817153930664,40.360870361328125,33.42155075073242,29.068883895874023,26.4007568359375,21.63330841064453,16.124515533447266,11.704699516296387,11.045360565185547,8.0,5.0,7.0,10.0,12.649110794067383,15.231546401977539,18.357559204101562,22.825424194335938,24.698177337646484,26.62705421447754,30.610456466674805,31.14482307434082,36.06937789916992,37.48332977294922,40.31128692626953,45.96738052368164,45.96738052368164,49.57822036743164,49.57822036743164,53.81449508666992,55.226806640625,57.384666442871094,57.384666442871094,58.051700592041016,57.384666442871094,59.54829788208008,58.79625701904297,60.30754470825195,61.61980056762695,60.8276252746582,60.8276252746582,60.14149856567383,60.14149856567383,61.52235412597656,58.051700592041016,60.14149856567383,59.46427536010742,57.48912811279297,57.48912811279297,57.20139694213867,57.14017868041992
0,-47.0,-95,20,8,24.83948516845703,19.84943389892578,23.021728515625,21.40093421936035,14.764822959899902,13.416407585144043,10.0,12.806248664855957,6.4031243324279785,7.211102485656738,6.324555397033691,5.099019527435303,3.605551242828369,4.123105525970459,5.0,6.082762718200684,7.0,7.280109882354736,8.246211051940918,11.704699516296387,11.704699516296387,13.416407585144043,14.866068840026855,17.0,18.027755737304688,19.416488647460938,21.40093421936035,23.021728515625,23.021728515625,22.803508758544922,22.203603744506836,25.495098114013672,25.806976318359375,25.612497329711914,27.80287742614746,27.018512725830078,27.20294189453125,27.20294189453125,27.80287742614746,27.80287742614746,27.80287742614746,26.4007568359375,27.658634185791016,26.248809814453125,27.20294189453125,25.806976318359375,27.80287742614746,26.07680892944336,26.62705421447754,25.238859176635742,25.553865432739258,24.59674835205078
0,-47.0,-95,22,10,52.201534271240234,46.840152740478516,43.96589660644531,37.0,34.1760139465332,29.154760360717773,24.166091918945312,18.357559204101562,16.6433162689209,12.727922439575195,10.0,8.062257766723633,6.324555397033691,7.8102498054504395,11.180339813232422,12.165525436401367,18.027755737304688,20.02498435974121,22.0,25.01999282836914,27.073972702026367,31.400636672973633,32.75667953491211,35.44009017944336,38.327537536621094,39.293766021728516,45.607017517089844,47.75981521606445,49.648765563964844,52.92447280883789,52.81098556518555,55.6596794128418,58.52349853515625,58.52349853515625,59.46427536010742,61.09828186035156,61.09828186035156,60.406951904296875,60.16643524169922,62.62587356567383,59.80802536010742,60.083274841308594,61.35144805908203,59.13543701171875,59.203041076660156,60.16643524169922,60.16643524169922,58.94064712524414,60.63827133178711,60.20797348022461,58.051700592041016,57.314918518066406
0,-47.0,-95,22,10,58.0,50.20956039428711,44.55333709716797,40.360870361328125,36.878177642822266,31.890438079833984,26.62705421447754,23.021728515625,19.235383987426758,12.649110794067383,10.198039054870605,8.062257766723633,6.4031243324279785,8.0,10.0,12.369317054748535,15.81138801574707,19.697715759277344,22.825424194335938,25.806976318359375,28.600698471069336,31.240999221801758,34.058773040771484,38.20994567871094,41.72529220581055,40.360870361328125,47.381431579589844,50.32891845703125,51.855567932128906,55.31726837158203,55.31726837158203,60.95900344848633,61.717098236083984,61.717098236083984,63.03173828125,63.78087615966797,65.19202423095703,64.44377136230469,63.78087615966797,62.36986541748047,65.19202423095703,63.03173828125,67.35725402832031,62.28964614868164,63.65532302856445,62.22539520263672,62.93647766113281,61.52235412597656,63.65532302856445,63.78087615966797,61.400325775146484,59.07622146606445
0,-47.0,-95,21,14,55.60575485229492,49.40647888183594,45.0,42.20189666748047,37.202152252197266,32.4499626159668,25.05992889404297,21.931713104248047,14.560219764709473,12.165525436401367,11.0,5.656854152679443,6.4031243324279785,7.071067810058594,11.180339813232422,14.317821502685547,16.124515533447266,18.601076126098633,22.803508758544922,27.018512725830078,29.068883895874023,31.827661514282227,35.38361358642578,38.94868469238281,41.1096076965332,45.343135833740234,49.81967544555664,50.6063232421875,55.0,55.803226470947266,55.803226470947266,58.8217658996582,61.61168670654297,62.00806427001953,62.801273345947266,63.0079345703125,65.21502685546875,65.6048812866211,66.40029907226562,67.00746154785156,65.6048812866211,66.06814575195312,63.89052963256836,65.4369888305664,65.4369888305664,62.481998443603516,63.78087615966797,64.38167572021484,62.22539520263672,63.65532302856445,62.28964614868164,61.22091293334961
0,-47.0,-95,22,10,53.46026611328125,46.389652252197266,43.73785400390625,37.656341552734375,34.71310806274414,28.635643005371094,22.803508758544922,21.189620971679688,16.155494689941406,11.180339813232422,8.062257766723633,5.385164737701416,5.099019527435303,5.656854152679443,8.062257766723633,12.649110794067383,16.124515533447266,19.02629852294922,21.0,24.0,26.0,30.0,32.06243896484375,37.336307525634766,39.11521530151367,40.31128692626953,44.72135925292969,48.27007293701172,49.24428939819336,52.39274597167969,54.12947463989258,54.12947463989258,57.48912811279297,59.228370666503906,58.694122314453125,61.84658432006836,60.41522979736328,60.63827133178711,60.20797348022461,58.46366500854492,61.84658432006836,59.43904495239258,62.169124603271484,58.46366500854492,58.24946212768555,58.85575485229492,58.85575485229492,58.85575485229492,60.406951904296875,59.21148681640625,58.13776779174805,55.0
0,-47.0,-95,22,10,52.92447280883789,48.332183837890625,42.72002029418945,38.27531814575195,35.11410140991211,28.460498809814453,25.70992088317871,20.39607810974121,14.03566837310791,13.0,9.05538558959961,6.7082037925720215,6.324555397033691,8.0,10.770329475402832,12.806248664855957,15.55634880065918,17.029386520385742,19.416488647460938,23.021728515625,26.62705421447754,30.01666259765625,32.24903106689453,35.34119415283203,37.161808013916016,39.81205749511719,44.94440841674805,46.48655700683594,48.383880615234375,51.244510650634766,52.81098556518555,55.6596794128418,56.30275344848633,57.567352294921875,57.87054443359375,58.18934631347656,60.083274841308594,58.8217658996582,60.083274841308594,61.35144805908203,59.13543701171875,60.083274841308594,59.46427536010742,58.8217658996582,58.52349853515625,56.64803695678711,57.93962478637695,59.236812591552734,59.09314727783203,55.94640350341797,55.46169662475586,54.37830352783203
0,-47.0,-95,22,10,53.851646423339844,50.6063232421875,46.52956008911133,40.70626449584961,36.2353401184082,28.635643005371094,25.079872131347656,20.615528106689453,14.866068840026855,11.0,10.0,3.605551242828369,4.123105525970459,6.0,10.29563045501709,13.601470947265625,17.69180679321289,19.79899024963379,22.671567916870117,26.248809814453125,28.42534065246582,33.0151481628418,35.510562896728516,38.94868469238281,42.94182205200195,44.29446792602539,49.19349670410156,51.88448715209961,52.39274597167969,56.859474182128906,56.859474182128906,59.50630187988281,60.41522979736328,62.2414665222168,64.88451385498047,64.07807922363281,63.694583892822266,64.47480010986328,64.47480010986328,66.70832061767578,64.88451385498047,66.21178436279297,66.21178436279297,65.30696868896484,62.60990524291992,63.06346130371094,65.29930877685547,63.631752014160156,63.631752014160156,61.400325775146484,61.587337493896484,60.80295944213867
0,-47.0,-95,21,5,29.017236709594727,24.083189010620117,22.0,20.0,15.132745742797852,12.041594505310059,13.34166431427002,9.0,8.062257766723633,7.280109882354736,4.4721360206604,4.123105525970459,4.0,4.4721360206604,6.4031243324279785,6.4031243324279785,8.062257766723633,10.198039054870605,11.045360565185547,13.601470947265625,13.152946472167969,17.11724281311035,16.124515533447266,19.10497283935547,21.095022201538086,21.095022201538086,25.0,24.0,26.0,26.07680892944336,27.0,29.017236709594727,29.0,29.017236709594727,30.0,31.0,30.0,31.0,31.0,31.0,31.0,30.01666259765625,33.0,31.0,32.015621185302734,30.0,31.064449310302734,30.066593170166016,31.064449310302734,31.064449310302734,29.154760360717773,26.476404190063477
0,-47.0,-95,22,10,55.3263053894043,51.15662384033203,46.27094268798828,42.296573638916016,34.13209533691406,29.614185333251953,25.317977905273438,21.587032318115234,16.76305389404297,12.529964447021484,6.4031243324279785,7.280109882354736,5.099019527435303,5.656854152679443,10.770329475402832,14.866068840026855,16.124515533447266,21.095022201538086,23.0,29.0,29.0,33.0,34.058773040771484,36.22154235839844,42.296573638916016,44.40720748901367,49.030601501464844,51.195701599121094,53.15073013305664,56.08921432495117,56.51548385620117,58.94064712524414,61.84658432006836,62.817195892333984,63.78871536254883,64.76110076904297,66.4906005859375,64.76110076904297,64.53681182861328,66.94026947021484,66.4906005859375,66.2872543334961,65.51335906982422,64.32728576660156,64.13267517089844,63.95310592651367,64.93843078613281,63.95310592651367,63.50590515136719,62.513999938964844,64.19501495361328,61.0
0,-47.0,-95,22,10,55.4707145690918,51.312767028808594,45.486263275146484,41.617305755615234,35.608985900878906,29.068883895874023,24.83948516845703,21.931713104248047,17.029386520385742,11.704699516296387,9.219544410705566,7.071067810058594,7.071067810058594,10.29563045501709,12.041594505310059,14.03566837310791,18.11077117919922,21.587032318115234,23.76972770690918,26.570659637451172,30.08321762084961,34.78505325317383,36.24913787841797,38.470767974853516,40.24922180175781,44.777225494384766,51.312767028808594,50.6063232421875,53.5350341796875,56.035701751708984,59.90826416015625,60.74536895751953,60.74536895751953,62.12889862060547,63.51377868652344,63.28506851196289,64.66065216064453,63.812225341796875,65.51335906982422,66.8879623413086,64.66065216064453,66.37017059326172,66.37017059326172,65.0,63.1347770690918,63.1347770690918,63.52952194213867,63.06346130371094,61.741397857666016,63.158531188964844,62.032249450683594,59.77457809448242
0,-47.0,-95,22,10,57.245086669921875,51.88448715209961,45.617977142333984,40.31128692626953,35.46829605102539,30.870698928833008,24.698177337646484,22.803508758544922,17.262676239013672,11.045360565185547,10.0,5.385164737701416,6.082762718200684,7.0,11.401754379272461,13.03840446472168,15.55634880065918,18.439088821411133,23.430749893188477,27.20294189453125,28.844409942626953,31.38471031188965,33.12099075317383,38.01315689086914,40.31128692626953,42.54409408569336,47.75981521606445,50.28916549682617,52.49761962890625,55.081756591796875,57.28001403808594,58.18934631347656,61.032779693603516,62.297672271728516,62.297672271728516,61.032779693603516,63.324562072753906,64.19501495361328,65.14598846435547,66.0984115600586,64.8459701538086,64.56005096435547,64.8459701538086,61.032779693603516,62.297672271728516,62.032249450683594,63.90618133544922,62.62587356567383,62.7694206237793,59.61543273925781,61.269893646240234,60.20797348022461
0,-47.0,-95,22,10,56.36488342285156,50.990196228027344,45.694637298583984,41.146080017089844,36.055511474609375,29.4108829498291,23.409399032592773,21.3775577545166,16.031219482421875,14.0,9.486832618713379,7.071067810058594,7.071067810058594,9.0,11.704699516296387,15.55634880065918,17.029386520385742,21.260292053222656,22.022714614868164,25.0,28.017850875854492,31.906112670898438,35.510562896728516,38.01315689086914,41.146080017089844,42.48529052734375,50.15974426269531,49.97999572753906,54.7813835144043,57.245086669921875,57.584720611572266,59.80802536010742,59.46427536010742,60.74536895751953,63.90618133544922,63.5688591003418,63.24555206298828,63.90618133544922,66.73080444335938,63.90618133544922,65.78753662109375,65.78753662109375,64.8459701538086,64.8459701538086,63.324562072753906,62.032249450683594,64.62197875976562,63.158531188964844,63.071388244628906,61.717098236083984,63.631752014160156,61.587337493896484
0,-47.0,-95,21,14,55.31726837158203,50.0,44.92215347290039,41.761226654052734,35.84689712524414,30.08321762084961,25.495098114013672,20.59126091003418,15.0,13.45362377166748,8.9442720413208,6.0,7.071067810058594,9.433980941772461,11.704699516296387,13.152946472167969,18.027755737304688,20.0,24.020824432373047,25.079872131347656,30.265491485595703,33.541019439697266,35.693138122558594,39.051246643066406,39.293766021728516,43.416587829589844,48.703182220458984,49.648765563964844,53.75872039794922,54.424259185791016,60.16643524169922,59.236812591552734,61.09828186035156,61.09828186035156,61.09828186035156,63.324562072753906,65.19202423095703,64.51356506347656,64.51356506347656,65.78753662109375,65.78753662109375,65.78753662109375,65.78753662109375,65.14598846435547,63.90618133544922,63.5688591003418,64.19501495361328,64.19501495361328,60.87692642211914,63.150611877441406,62.96824645996094,61.29437255859375
0,-47.0,-95,20,10,30.0,25.612497329711914,23.600847244262695,22.803508758544922,17.804492950439453,15.620499610900879,12.041594505310059,10.630146026611328,7.211102485656738,7.6157732009887695,4.0,5.099019527435303,5.385164737701416,5.099019527435303,7.0,8.0,10.198039054870605,9.848857879638672,12.083045959472656,15.231546401977539,16.552946090698242,19.235383987426758,17.8885440826416,21.63330841064453,22.203603744506836,25.238859176635742,27.018512725830078,28.017850875854492,30.0,28.42534065246582,32.015621185302734,33.30165100097656,32.80244064331055,31.890438079833984,35.0,33.42155075073242,33.42155075073242,35.46829605102539,34.71310806274414,34.828147888183594,33.42155075073242,34.20526123046875,35.46829605102539,33.42155075073242,35.0,32.80244064331055,35.80502700805664,32.4499626159668,34.66987228393555,33.0151481628418,33.61547088623047,31.78049659729004
0,-47.0,-95,22,10,54.20331954956055,46.097721099853516,44.68780517578125,38.20994567871094,34.058773040771484,29.0,24.041629791259766,19.84943389892578,15.81138801574707,12.083045959472656,9.05538558959961,4.0,7.071067810058594,7.280109882354736,10.0,15.29705810546875,16.76305389404297,20.124610900878906,24.59674835205078,24.166091918945312,28.17800521850586,31.38471031188965,33.83784866333008,36.400550842285156,40.0,42.01190185546875,47.50789260864258,49.57822036743164,51.088157653808594,54.5618896484375,53.15073013305664,58.051700592041016,58.13776779174805,59.46427536010742,59.54829788208008,61.55485534667969,62.2414665222168,60.8276252746582,62.28964614868164,61.55485534667969,62.36986541748047,62.36986541748047,64.53681182861328,59.54829788208008,61.84658432006836,60.4400520324707,61.22091293334961,61.032779693603516,61.85466766357422,61.29437255859375,59.6824951171875,57.245086669921875
0,-47.0,-95,22,9,54.33230972290039,49.25444030761719,46.27094268798828,39.11521530151367,35.0142822265625,30.0,25.01999282836914,21.02379608154297,16.124515533447266,12.165525436401367,9.433980941772461,7.211102485656738,5.0,5.830951690673828,9.219544410705566,14.422204971313477,14.317821502685547,19.235383987426758,22.135944366455078,26.570659637451172,27.20294189453125,31.78049659729004,32.75667953491211,36.22154235839844,39.623226165771484,41.30375289916992,46.27094268798828,50.08992004394531,50.08992004394531,55.081756591796875,55.03635025024414,58.07753372192383,59.07622146606445,60.074954986572266,60.20797348022461,62.032249450683594,63.03173828125,61.13100814819336,62.12889862060547,60.074954986572266,63.19810104370117,61.20457458496094,63.19810104370117,59.21148681640625,63.3876953125,59.53990173339844,62.801273345947266,61.52235412597656,60.8276252746582,59.43904495239258,59.90826416015625,58.52349853515625
0,-47.0,-95,22,10,53.15073013305664,49.09175109863281,44.0,41.01219177246094,33.0151481628418,29.0,25.0,22.022714614868164,16.492422103881836,11.704699516296387,8.485280990600586,6.324555397033691,7.0,9.219544410705566,12.041594505310059,13.0,17.0880069732666,20.880613327026367,23.76972770690918,26.925823211669922,31.78049659729004,33.37664031982422,34.2344856262207,40.01249694824219,42.0,43.0,49.0,51.0,55.009090423583984,55.081756591796875,56.14267349243164,59.07622146606445,62.032249450683594,64.07027435302734,62.07253646850586,65.0691909790039,65.19202423095703,65.12296295166016,65.0691909790039,66.12110137939453,65.0691909790039,65.12296295166016,66.12110137939453,64.1248779296875,64.07027435302734,63.0,64.0,66.0,64.0078125,63.071388244628906,62.12889862060547,61.814239501953125
0,-47.0,-95,21,14,41.72529220581055,40.804412841796875,45.96738052368164,38.01315689086914,23.430749893188477,20.248456954956055,20.808652877807617,15.55634880065918,12.649110794067383,10.0,7.071067810058594,6.0,5.0,7.0,11.045360565185547,10.440306663513184,13.601470947265625,17.0,20.248456954956055,23.323806762695312,25.0,27.80287742614746,29.068883895874023,31.14482307434082,33.970577239990234,34.65544509887695,39.69886779785156,40.607879638671875,42.63801193237305,44.821868896484375,46.40043258666992,48.41487503051758,50.0,50.447994232177734,52.63079071044922,52.201534271240234,53.00943374633789,51.400390625,52.801513671875,52.201534271240234,53.600372314453125,53.823787689208984,53.00943374633789,53.413482666015625,50.21951675415039,52.63079071044922,51.088157653808594,50.6063232421875,50.32891845703125,51.088157653808594,49.51767349243164,48.83646011352539
0,-47.0,-95,22,10,53.15073013305664,48.166378021240234,44.04542922973633,39.20458984375,33.60059356689453,28.017850875854492,25.553865432739258,19.416488647460938,16.155494689941406,11.045360565185547,8.0,5.830951690673828,6.324555397033691,10.0,11.704699516296387,14.764822959899902,17.492855072021484,21.095022201538086,25.612497329711914,28.319604873657227,29.73213768005371,33.241539001464844,34.65544509887695,39.051246643066406,42.63801193237305,43.931766510009766,47.801673889160156,54.4058837890625,54.4058837890625,54.4058837890625,58.24946212768555,60.74536895751953,62.12889862060547,63.51377868652344,62.12889862060547,64.07027435302734,64.07027435302734,66.2872543334961,66.0302963256836,64.8999252319336,67.20118713378906,64.40496826171875,66.40029907226562,63.82006072998047,63.82006072998047,65.0,62.801273345947266,64.03124237060547,63.12685775756836,63.65532302856445,62.93647766113281,60.30754470825195
0,-47.0,-95,22,10,55.803226470947266,50.6063232421875,43.8292121887207,39.66106414794922,35.22782897949219,31.906112670898438,26.07680892944336,21.02379608154297,17.464248657226562,11.045360565185547,10.0,7.280109882354736,7.280109882354736,8.0,11.401754379272461,12.083045959472656,16.6433162689209,19.416488647460938,23.430749893188477,27.58622932434082,29.0,32.557640075683594,32.557640075683594,37.013511657714844,42.01190185546875,42.20189666748047,47.434165954589844,51.312767028808594,52.69725036621094,54.64430618286133,55.4707145690918,57.982757568359375,59.36328887939453,60.74536895751953,61.587337493896484,63.51377868652344,65.73431396484375,64.07027435302734,64.35060119628906,64.07027435302734,64.8999252319336,63.24555206298828,65.45991516113281,63.82006072998047,61.61168670654297,61.61168670654297,61.22091293334961,62.801273345947266,63.12685775756836,61.52235412597656,61.52235412597656,59.54829788208008
0,-46.0,-95,21,13,47.01063537597656,40.112342834472656,38.327537536621094,34.13209533691406,28.017850875854492,24.331050872802734,21.587032318115234,17.464248657226562,15.81138801574707,9.848857879638672,6.4031243324279785,6.324555397033691,4.123105525970459,5.830951690673828,8.062257766723633,12.083045959472656,14.317821502685547,16.124515533447266,18.248287200927734,22.022714614868164,22.0,27.0,27.0,31.016124725341797,33.0151481628418,34.058773040771484,40.31128692626953,40.4474983215332,43.416587829589844,45.7055778503418,46.87216567993164,48.66210174560547,47.67599105834961,48.83646011352539,51.62363815307617,48.83646011352539,52.611785888671875,49.497474670410156,53.46026611328125,51.4781494140625,52.46903991699219,53.93514633178711,54.12947463989258,50.635955810546875,49.36598205566406,48.25971221923828,50.2493782043457,50.15974426269531,49.09175109863281,49.09175109863281,50.03998565673828,49.01020431518555
0,-47.0,-95,21,14,53.712196350097656,48.84669876098633,44.72135925292969,40.24922180175781,34.48188018798828,29.068883895874023,23.706539154052734,21.63330841064453,16.278820037841797,14.21267032623291,8.062257766723633,7.0,5.830951690673828,7.8102498054504395,11.401754379272461,14.0,18.0,20.2237491607666,23.194826126098633,26.172504425048828,28.861740112304688,32.280025482177734,33.83784866333008,37.6961555480957,42.04759216308594,42.54409408569336,50.08992004394531,51.429561614990234,52.801513671875,55.07267761230469,57.245086669921875,60.373836517333984,61.269893646240234,61.717098236083984,63.06346130371094,63.1347770690918,63.1347770690918,64.0078125,67.60177612304688,67.11929321289062,63.95310592651367,66.64833068847656,64.41273498535156,63.50590515136719,63.976558685302734,61.32699203491211,63.56099319458008,63.324562072753906,62.7694206237793,64.25729370117188,62.297672271728516,62.817195892333984
0,-47.0,-95,22,6,43.416587829589844,38.94868469238281,35.84689712524414,30.886890411376953,27.459060668945312,22.472204208374023,20.0,15.81138801574707,12.041594505310059,8.602325439453125,6.324555397033691,4.123105525970459,5.0,6.7082037925720215,8.0,12.0,13.152946472167969,17.262676239013672,18.027755737304688,21.189620971679688,23.409399032592773,26.925823211669922,25.942243576049805,29.529645919799805,31.30495262145996,33.61547088623047,39.11521530151367,39.96248245239258,41.34005355834961,44.40720748901367,44.10215377807617,46.87216567993164,47.70744323730469,48.54894256591797,48.87739944458008,49.09175109863281,50.21951675415039,49.648765563964844,49.92995071411133,50.2493782043457,51.62363815307617,49.92995071411133,51.107730865478516,50.2493782043457,48.87739944458008,49.24428939819336,49.19349670410156,49.19349670410156,49.19349670410156,48.332183837890625,48.84669876098633,46.81879806518555
0,-47.0,-95,18,16,34.058773040771484,31.064449310302734,24.20743751525879,22.671567916870117,20.59126091003418,16.124515533447266,15.264337539672852,10.0,10.440306663513184,5.830951690673828,3.1622776985168457,2.0,2.2360680103302,4.123105525970459,6.082762718200684,7.8102498054504395,8.485280990600586,12.206555366516113,14.21267032623291,13.601470947265625,17.029386520385742,19.10497283935547,19.209373474121094,20.0,21.40093421936035,22.803508758544922,27.658634185791016,28.301942825317383,29.681644439697266,32.4499626159668,33.2866325378418,32.202484130859375,34.66987228393555,35.0,33.83784866333008,36.619667053222656,37.735923767089844,36.359317779541016,36.8917350769043,35.510562896728516,37.80211639404297,37.202152252197266,35.608985900878906,36.2353401184082,35.608985900878906,35.38361358642578,35.46829605102539,36.12478256225586,33.941123962402344,33.941123962402344,35.38361358642578,34.058773040771484
0,-47.0,-95,17,24,30.066593170166016,27.073972702026367,25.01999282836914,22.0,20.0,17.0,13.0,11.180339813232422,9.05538558959961,6.7082037925720215,5.0,3.1622776985168457,2.0,3.605551242828369,4.242640495300293,6.7082037925720215,8.062257766723633,9.486832618713379,10.440306663513184,13.34166431427002,15.29705810546875,16.492422103881836,18.248287200927734,20.099750518798828,21.02379608154297,23.0867919921875,25.01999282836914,27.018512725830078,28.0,29.0,30.0,31.0,32.0,32.0,32.0,33.0,33.0,33.0151481628418,34.0,34.0,33.0151481628418,34.01470184326172,33.0,33.0,33.0151481628418,32.06243896484375,33.13608169555664,33.241539001464844,32.140316009521484,32.24903106689453,32.38827133178711,31.048349380493164
0,-47.0,-95,20,10,33.12099075317383,30.886890411376953,27.294687271118164,24.698177337646484,21.095022201538086,17.492855072021484,15.264337539672852,12.206555366516113,8.485280990600586,6.7082037925720215,5.385164737701416,5.0,3.605551242828369,5.0,6.324555397033691,8.0,10.0,11.045360565185547,15.132745742797852,16.278820037841797,18.248287200927734,19.646883010864258,21.189620971679688,22.135944366455078,25.298221588134766,26.0,29.96664810180664,30.870698928833008,31.78049659729004,32.69556427001953,34.438350677490234,35.7770881652832,37.161808013916016,36.24913787841797,38.4837646484375,37.57658767700195,38.4837646484375,38.4837646484375,40.31128692626953,39.39543151855469,38.4837646484375,40.31128692626953,38.07886505126953,37.336307525634766,38.27531814575195,37.0,38.897300720214844,37.64305877685547,37.36308288574219,36.13862228393555,36.878177642822266,35.35533905029297
0,-47.0,-95,21,14,55.44366455078125,50.35871505737305,44.9110221862793,41.43669891357422,35.693138122558594,31.575305938720703,26.476404190063477,21.587032318115234,15.524174690246582,12.529964447021484,9.433980941772461,7.6157732009887695,6.0,6.4031243324279785,11.180339813232422,12.041594505310059,17.11724281311035,19.0,24.020824432373047,25.01999282836914,30.0,31.0,33.060550689697266,39.31920623779297,40.199501037597656,43.416587829589844,49.648765563964844,49.497474670410156,53.75872039794922,53.75872039794922,57.87054443359375,60.01666259765625,59.84145736694336,61.0,61.814239501953125,62.169124603271484,65.30696868896484,62.96824645996094,63.95310592651367,65.92420196533203,64.77654266357422,66.75328063964844,63.639610290527344,64.62971496582031,65.19202423095703,62.20128631591797,63.12685775756836,63.03173828125,61.032779693603516,64.0,61.00819778442383,60.13318634033203
0,-47.0,-95,18,21,31.38471031188965,27.513633728027344,24.698177337646484,21.02379608154297,18.681541442871094,14.317821502685547,14.560219764709473,9.219544410705566,9.05538558959961,7.071067810058594,4.0,3.1622776985168457,2.2360680103302,3.0,4.4721360206604,6.7082037925720215,8.062257766723633,11.661903381347656,12.529964447021484,13.03840446472168,14.866068840026855,18.357559204101562,19.313207626342773,18.681541442871094,21.189620971679688,24.351591110229492,26.248809814453125,26.925823211669922,26.925823211669922,31.048349380493164,29.832868576049805,31.320919036865234,31.78049659729004,33.241539001464844,33.241539001464844,35.1710090637207,33.95585250854492,34.928497314453125,34.928497314453125,32.75667953491211,35.44009017944336,35.1710090637207,34.78505325317383,33.241539001464844,33.95585250854492,33.52610778808594,31.95309066772461,33.83784866333008,32.69556427001953,33.105892181396484,33.541019439697266,31.764760971069336
0,-47.0,-95,22,10,55.90169906616211,51.35172653198242,44.10215377807617,41.1096076965332,34.01470184326172,31.064449310302734,27.018512725830078,22.0,17.11724281311035,11.045360565185547,9.486832618713379,4.242640495300293,6.082762718200684,6.7082037925720215,10.630146026611328,12.529964447021484,16.552946090698242,18.027755737304688,22.803508758544922,27.892650604248047,27.20294189453125,32.75667953491211,33.734256744384766,37.336307525634766,41.30375289916992,41.19466018676758,49.09175109863281,50.08992004394531,52.038448333740234,53.037723541259766,57.07889175415039,59.03388977050781,60.074954986572266,62.12889862060547,62.032249450683594,63.071388244628906,64.1248779296875,64.07027435302734,63.12685775756836,64.1248779296875,64.19501495361328,63.12685775756836,65.19202423095703,64.19501495361328,63.28506851196289,61.52235412597656,63.50590515136719,63.78871536254883,63.78871536254883,63.56099319458008,61.61168670654297,59.13543701171875
0,-47.0,-95,20,8,38.94868469238281,35.38361358642578,31.240999221801758,29.0,24.041629791259766,19.79899024963379,19.209373474121094,14.21267032623291,11.704699516296387,8.9442720413208,7.280109882354736,7.0,2.8284270763397217,5.099019527435303,8.0,8.0,11.180339813232422,12.649110794067383,15.65247631072998,17.8885440826416,18.867961883544922,23.021728515625,22.472204208374023,25.612497329711914,27.20294189453125,28.600698471069336,33.30165100097656,34.058773040771484,36.12478256225586,36.06937789916992,36.769554138183594,38.94868469238281,39.69886779785156,41.03656768798828,40.360870361328125,41.03656768798828,42.44997024536133,41.86884307861328,43.931766510009766,43.27817153930664,43.27817153930664,43.27817153930664,43.931766510009766,44.04542922973633,41.231056213378906,41.231056213378906,43.011627197265625,40.804412841796875,42.43819046020508,41.88078308105469,42.19004440307617,38.910152435302734
0,-47.0,-95,22,10,55.46169662475586,49.19349670410156,47.423622131347656,39.81205749511719,37.161808013916016,29.73213768005371,25.298221588134766,19.646883010864258,15.033296585083008,14.03566837310791,9.05538558959961,7.8102498054504395,6.082762718200684,9.0,9.848857879638672,13.601470947265625,16.278820037841797,20.51828384399414,22.803508758544922,27.018512725830078,28.017850875854492,31.38471031188965,35.35533905029297,36.67424011230469,39.357337951660156,42.04759216308594,47.92702865600586,51.62363815307617,50.15974426269531,57.384666442871094,54.7813835144043,58.30952072143555,60.16643524169922,61.46543884277344,61.46543884277344,64.8459701538086,63.90618133544922,63.694583892822266,65.19202423095703,62.032249450683594,66.48307800292969,62.96824645996094,65.0,62.3939094543457,62.2414665222168,62.64982223510742,63.071388244628906,62.169124603271484,63.631752014160156,62.64982223510742,61.400325775146484,59.90826416015625
0,-47.0,-95,21,14,56.64803695678711,49.97999572753906,45.880279541015625,40.52159881591797,36.13862228393555,30.805843353271484,26.305892944335938,22.090721130371094,18.0,13.0,9.0,6.4031243324279785,6.0,7.6157732009887695,11.401754379272461,12.041594505310059,16.278820037841797,20.0,23.706539154052734,25.495098114013672,28.23118782043457,31.38471031188965,34.1760139465332,37.0,40.804412841796875,41.48493576049805,48.05205535888672,51.195701599121094,53.15073013305664,56.08921432495117,56.08921432495117,60.01666259765625,61.0,61.0,61.98386764526367,62.169124603271484,64.53681182861328,62.585941314697266,65.51335906982422,64.32728576660156,63.78871536254883,63.348243713378906,65.51335906982422,61.61168670654297,62.817195892333984,62.09669876098633,62.361846923828125,62.361846923828125,61.98386764526367,62.032249450683594,60.539241790771484,60.8276252746582
0,-47.0,-95,22,10,55.0,50.0,44.0,42.04759216308594,34.01470184326172,28.07133674621582,25.179357528686523,19.646883010864258,16.492422103881836,11.704699516296387,7.6157732009887695,5.385164737701416,3.605551242828369,7.071067810058594,9.848857879638672,14.866068840026855,17.464248657226562,21.3775577545166,22.022714614868164,26.019224166870117,29.0,33.0,35.0142822265625,38.05259704589844,41.04875183105469,44.04542922973633,51.244510650634766,50.48762130737305,54.451812744140625,55.73149871826172,57.87054443359375,58.051700592041016,60.01666259765625,61.0,64.77654266357422,63.95310592651367,63.95310592651367,64.77654266357422,65.92420196533203,66.91038513183594,65.76473236083984,65.92420196533203,65.92420196533203,65.76473236083984,63.78871536254883,62.64982223510742,63.3876953125,63.3876953125,61.13100814819336,63.03173828125,62.0,61.032779693603516
0,-47.0,-95,21,14,54.037025451660156,49.25444030761719,46.173583984375,41.30375289916992,36.49657440185547,29.154760360717773,25.179357528686523,20.2237491607666,15.231546401977539,14.21267032623291,8.485280990600586,5.099019527435303,5.385164737701416,9.899495124816895,11.180339813232422,12.083045959472656,16.278820037841797,21.3775577545166,23.194826126098633,26.305892944335938,30.066593170166016,33.060550689697266,35.0,39.0,42.01190185546875,44.04542922973633,49.25444030761719,51.088157653808594,53.15073013305664,55.226806640625,56.32051086425781,59.21148681640625,61.29437255859375,62.28964614868164,64.19501495361328,65.37583923339844,65.27633666992188,65.27633666992188,65.19202423095703,64.1248779296875,66.06814575195312,65.12296295166016,66.12110137939453,62.00806427001953,63.03173828125,62.00806427001953,64.0078125,64.0,66.0,63.03173828125,63.19810104370117,60.67124557495117
0,-47.0,-95,21,4,29.154760360717773,28.301942825317383,24.59674835205078,21.02379608154297,18.788293838500977,17.0880069732666,13.928388595581055,11.401754379272461,8.9442720413208,6.0,4.123105525970459,2.8284270763397217,3.0,4.123105525970459,6.7082037925720215,8.062257766723633,9.219544410705566,10.0,14.21267032623291,15.0,16.401220321655273,18.027755737304688,20.248456954956055,22.360679626464844,22.825424194335938,23.706539154052734,26.832815170288086,28.635643005371094,30.463092803955078,29.96664810180664,31.78049659729004,33.241539001464844,34.928497314453125,34.438350677490234,35.46829605102539,34.539833068847656,36.24913787841797,36.24913787841797,36.769554138183594,37.6961555480957,36.24913787841797,36.24913787841797,35.84689712524414,35.84689712524414,36.24913787841797,34.438350677490234,36.24913787841797,34.885528564453125,34.0,33.61547088623047,34.66987228393555,32.80244064331055
0,-47.0,-95,22,10,52.46903991699219,44.55333709716797,43.28972244262695,35.35533905029297,33.060550689697266,29.154760360717773,25.0,19.0,14.0,11.180339813232422,8.9442720413208,5.830951690673828,7.0,8.062257766723633,12.041594505310059,13.601470947265625,15.264337539672852,18.788293838500977,21.540658950805664,25.079872131347656,29.154760360717773,30.364452362060547,33.241539001464844,35.693138122558594,39.051246643066406,40.607879638671875,44.55333709716797,49.36598205566406,49.25444030761719,51.15662384033203,53.15073013305664,55.3263053894043,56.32051086425781,57.42821502685547,59.304298400878906,57.21887969970703,59.13543701171875,59.21148681640625,59.21148681640625,61.400325775146484,61.400325775146484,59.304298400878906,61.400325775146484,60.67124557495117,58.54912567138672,57.706153869628906,59.03388977050781,59.84145736694336,59.03388977050781,59.228370666503906,57.723480224609375,55.973209381103516
0,-47.0,-95,22,10,50.80354309082031,46.389652252197266,42.10700607299805,38.05259704589844,33.13608169555664,28.07133674621582,24.0,20.0,16.124515533447266,11.401754379272461,8.9442720413208,6.4031243324279785,7.0,8.9442720413208,10.0,14.21267032623291,15.65247631072998,18.357559204101562,21.931713104248047,25.63201141357422,28.460498809814453,32.280025482177734,32.98484420776367,35.693138122558594,39.623226165771484,39.458839416503906,44.283180236816406,49.25444030761719,50.2493782043457,53.23532485961914,53.15073013305664,55.145263671875,57.314918518066406,57.21887969970703,59.13543701171875,59.304298400878906,60.20797348022461,61.29437255859375,61.400325775146484,60.406951904296875,59.41380310058594,59.21148681640625,62.28964614868164,59.41380310058594,58.4208869934082,57.706153869628906,59.84145736694336,59.84145736694336,59.03388977050781,57.27128601074219,57.28001403808594,56.64803695678711
0,-47.0,-95,21,14,56.46237564086914,50.695167541503906,49.19349670410156,41.146080017089844,37.121421813964844,30.870698928833008,25.553865432739258,20.59126091003418,17.029386520385742,14.866068840026855,8.062257766723633,7.071067810058594,6.324555397033691,7.211102485656738,10.049875259399414,13.0,17.0,20.02498435974121,22.203603744506836,24.73863410949707,29.614185333251953,31.62277603149414,34.78505325317383,37.947330474853516,38.62641525268555,42.54409408569336,47.85394287109375,50.15974426269531,51.429561614990234,54.5618896484375,57.245086669921875,58.13776779174805,60.373836517333984,60.835845947265625,61.269893646240234,63.95310592651367,63.976558685302734,62.64982223510742,63.56099319458008,62.64982223510742,63.56099319458008,63.56099319458008,64.62197875976562,62.3939094543457,63.158531188964844,60.926185607910156,62.032249450683594,62.96824645996094,63.5688591003418,62.09669876098633,61.61168670654297,59.03388977050781
0,-47.0,-95,19,14,35.38361358642578,32.557640075683594,27.658634185791016,24.83948516845703,23.600847244262695,19.416488647460938,15.81138801574707,13.928388595581055,12.083045959472656,6.082762718200684,5.0,4.0,2.8284270763397217,2.0,5.099019527435303,8.9442720413208,9.433980941772461,11.180339813232422,14.21267032623291,14.866068840026855,18.384777069091797,19.10497283935547,20.51828384399414,22.803508758544922,24.83948516845703,24.083189010620117,29.20616340637207,31.62277603149414,33.2866325378418,34.4093017578125,35.80502700805664,37.44329071044922,38.27531814575195,37.44329071044922,38.832977294921875,40.0,38.832977294921875,39.66106414794922,40.224369049072266,40.49691390991211,40.804412841796875,40.804412841796875,39.408119201660156,39.20458984375,38.832977294921875,37.64305877685547,39.20458984375,39.824615478515625,38.94868469238281,38.20994567871094,38.20994567871094,38.94868469238281
0,-47.0,-95,21,9,48.166378021240234,44.10215377807617,38.05259704589844,35.0142822265625,30.0,27.0,23.0,17.11724281311035,15.29705810546875,10.440306663513184,9.219544410705566,5.830951690673828,6.0,9.433980941772461,10.630146026611328,10.816654205322266,13.416407585144043,17.464248657226562,21.540658950805664,24.041629791259766,25.0,27.892650604248047,29.42787742614746,32.140316009521484,37.48332977294922,36.12478256225586,43.046485900878906,43.104522705078125,46.04345703125,48.0,50.08992004394531,51.03919982910156,53.037723541259766,54.037025451660156,53.0848388671875,55.009090423583984,56.00892639160156,57.07889175415039,57.00876998901367,57.03507614135742,56.080299377441406,57.07889175415039,57.03507614135742,56.14267349243164,55.226806640625,54.451812744140625,56.32051086425781,56.4358024597168,53.46026611328125,54.918121337890625,54.5710563659668,52.201534271240234
0,-47.0,-95,22,10,54.708316802978516,48.703182220458984,43.65776062011719,40.31128692626953,35.84689712524414,31.38471031188965,25.495098114013672,20.59126091003418,17.20465087890625,12.806248664855957,10.816654205322266,8.062257766723633,5.099019527435303,7.211102485656738,10.198039054870605,13.152946472167969,15.132745742797852,19.02629852294922,22.022714614868164,25.01999282836914,28.160255432128906,30.4138126373291,32.24903106689453,37.10795211791992,38.327537536621094,40.26164245605469,45.880279541015625,46.48655700683594,48.46648406982422,51.26402282714844,54.7813835144043,57.245086669921875,58.18934631347656,58.52349853515625,59.80802536010742,60.406951904296875,61.6846809387207,60.406951904296875,60.406951904296875,61.6846809387207,60.728904724121094,61.6846809387207,62.93647766113281,60.728904724121094,62.361846923828125,60.16643524169922,60.41522979736328,59.66573715209961,58.24946212768555,58.85575485229492,58.4208869934082,57.03507614135742
0,-47.0,-95,22,10,56.75385284423828,49.24428939819336,45.880279541015625,39.560081481933594,35.735137939453125,31.95309066772461,24.698177337646484,21.540658950805664,17.0,13.45362377166748,9.219544410705566,4.4721360206604,6.324555397033691,6.4031243324279785,10.770329475402832,12.0,15.033296585083008,21.0,22.0,25.079872131347656,29.068883895874023,32.24903106689453,34.36568069458008,36.878177642822266,40.26164245605469,40.52159881591797,47.12748718261719,51.244510650634766,51.54609680175781,55.71355438232422,55.02726745605469,58.18934631347656,60.406951904296875,60.406951904296875,63.5688591003418,64.19501495361328,63.90618133544922,63.90618133544922,64.8459701538086,63.5688591003418,64.51356506347656,62.297672271728516,65.14598846435547,61.98386764526367,62.93647766113281,60.4400520324707,60.16643524169922,62.817195892333984,63.348243713378906,62.169124603271484,60.67124557495117,59.21148681640625
0,-47.0,-95,22,10,52.88667297363281,46.840152740478516,44.643028259277344,38.60051727294922,33.83784866333008,28.635643005371094,24.59674835205078,21.095022201538086,17.20465087890625,11.401754379272461,7.211102485656738,7.0,5.385164737701416,6.7082037925720215,11.0,13.03840446472168,16.0,19.0,23.34523582458496,25.317977905273438,27.658634185791016,31.78049659729004,32.98484420776367,36.68787384033203,39.560081481933594,41.761226654052734,47.53945541381836,49.39635467529297,50.15974426269531,53.3104133605957,55.94640350341797,58.13776779174805,57.775428771972656,58.18075180053711,60.835845947265625,60.41522979736328,63.694583892822266,61.32699203491211,63.56099319458008,61.741397857666016,61.84658432006836,61.84658432006836,63.56099319458008,63.158531188964844,60.926185607910156,60.539241790771484,61.84658432006836,60.16643524169922,61.09828186035156,60.4400520324707,57.723480224609375,59.228370666503906
0,-47.0,-95,22,9,58.00862121582031,51.400390625,46.3249397277832,40.49691390991211,33.30165100097656,31.890438079833984,29.0,21.931713104248047,19.10497283935547,12.206555366516113,10.770329475402832,7.0,5.830951690673828,6.324555397033691,8.0,12.0,15.29705810546875,18.027755737304688,20.615528106689453,25.942243576049805,26.832815170288086,30.528675079345703,31.906112670898438,36.055511474609375,38.832977294921875,40.0,45.45327377319336,47.6340217590332,50.447994232177734,51.22499465942383,52.49761962890625,55.226806640625,56.58621597290039,58.728187561035156,59.54829788208008,61.073726654052734,60.95900344848633,61.073726654052734,61.717098236083984,62.481998443603516,61.073726654052734,61.717098236083984,62.62587356567383,60.4400520324707,59.03388977050781,56.22277069091797,59.81638717651367,60.80295944213867,59.64059066772461,58.830265045166016,59.16925048828125,56.36488342285156
0,-47.0,-95,20,4,27.294687271118164,26.305892944335938,22.360679626464844,21.3775577545166,17.11724281311035,14.03566837310791,13.0,10.0,7.071067810058594,7.071067810058594,5.099019527435303,4.242640495300293,4.123105525970459,4.123105525970459,5.830951690673828,5.656854152679443,7.8102498054504395,9.848857879638672,9.486832618713379,13.416407585144043,12.649110794067383,15.81138801574707,16.155494689941406,17.0880069732666,18.973665237426758,21.840330123901367,24.515300750732422,23.53720474243164,25.70992088317871,25.317977905273438,26.305892944335938,29.42787742614746,28.635643005371094,28.284271240234375,29.614185333251953,29.27456283569336,30.4138126373291,29.614185333251953,29.614185333251953,30.805843353271484,29.27456283569336,29.614185333251953,31.575305938720703,30.5941162109375,30.08321762084961,28.861740112304688,31.048349380493164,28.160255432128906,29.120439529418945,29.4108829498291,28.792360305786133,27.312999725341797
0,-47.0,-95,21,14,55.75840759277344,49.92995071411133,45.221675872802734,40.224369049072266,37.202152252197266,30.610456466674805,27.018512725830078,20.51828384399414,15.55634880065918,13.601470947265625,8.062257766723633,5.0,5.0,7.280109882354736,10.0,12.165525436401367,16.492422103881836,21.3775577545166,22.847318649291992,26.0,27.312999725341797,31.764760971069336,34.0,37.2155876159668,40.8166618347168,42.72002029418945,46.87216567993164,51.03919982910156,53.600372314453125,55.803226470947266,55.0,58.00862121582031,59.07622146606445,61.032779693603516,63.24555206298828,63.0079345703125,63.82006072998047,63.82006072998047,64.40496826171875,64.07027435302734,65.21502685546875,64.35060119628906,65.73431396484375,62.68173599243164,62.96824645996094,61.587337493896484,62.265560150146484,62.7694206237793,63.52952194213867,63.06346130371094,60.41522979736328,59.46427536010742
0,-47.0,-95,22,8,49.47726821899414,46.57252502441406,40.26164245605469,37.36308288574219,32.31098937988281,26.925823211669922,22.825424194335938,17.464248657226562,16.401220321655273,10.816654205322266,8.485280990600586,6.082762718200684,6.0,6.4031243324279785,8.5440034866333,11.401754379272461,15.132745742797852,19.235383987426758,21.0,23.0,25.01999282836914,30.265491485595703,31.14482307434082,32.557640075683594,34.71310806274414,39.051246643066406,43.680660247802734,44.643028259277344,46.840152740478516,47.12748718261719,50.9215087890625,52.55473327636719,54.08327102661133,54.424259185791016,53.75872039794922,55.973209381103516,58.18934631347656,55.02726745605469,57.28001403808594,56.920997619628906,57.00876998901367,56.61272048950195,57.567352294921875,57.28001403808594,55.36244201660156,54.120235443115234,55.785301208496094,55.785301208496094,55.31726837158203,54.7448616027832,56.4358024597168,54.08327102661133
0,-47.0,-95,21,14,55.90169906616211,50.990196228027344,46.2385139465332,42.54409408569336,35.46829605102539,31.95309066772461,26.570659637451172,21.587032318115234,18.11077117919922,13.0,10.0,6.7082037925720215,5.385164737701416,8.0,9.486832618713379,13.601470947265625,16.278820037841797,19.10497283935547,24.083189010620117,26.248809814453125,30.0,32.202484130859375,32.75667953491211,38.07886505126953,40.70626449584961,42.05948257446289,49.19349670410156,50.08992004394531,53.712196350097656,54.625999450683594,56.859474182128906,59.236812591552734,59.09314727783203,60.41522979736328,63.071388244628906,61.32699203491211,62.7694206237793,63.976558685302734,65.39112854003906,64.40496826171875,64.8459701538086,63.976558685302734,64.40496826171875,63.071388244628906,62.64982223510742,61.400325775146484,64.14047241210938,63.28506851196289,62.433963775634766,62.96824645996094,61.61168670654297,58.2580451965332
0,-47.0,-95,18,19,36.13862228393555,33.241539001464844,29.120439529418945,27.20294189453125,23.409399032592773,19.697715759277344,17.0880069732666,12.529964447021484,11.180339813232422,7.211102485656738,4.4721360206604,5.099019527435303,3.0,5.0,6.7082037925720215,9.219544410705566,10.0,12.041594505310059,15.0,16.0,17.029386520385742,20.099750518798828,21.21320343017578,23.0867919921875,24.515300750732422,26.476404190063477,29.832868576049805,30.08321762084961,33.52610778808594,33.95585250854492,36.400550842285156,36.13862228393555,38.60051727294922,39.051246643066406,39.560081481933594,39.293766021728516,40.52159881591797,39.293766021728516,39.560081481933594,40.26164245605469,39.051246643066406,41.773197174072266,39.051246643066406,38.832977294921875,38.832977294921875,38.832977294921875,38.63935852050781,38.470767974853516,38.327537536621094,38.20994567871094,38.05259704589844,38.0
0,-47.0,-95,22,10,53.823787689208984,51.400390625,43.416587829589844,41.617305755615234,34.058773040771484,29.20616340637207,27.658634185791016,22.671567916870117,17.804492950439453,11.401754379272461,10.440306663513184,7.0,4.123105525970459,7.6157732009887695,10.0,12.0,14.03566837310791,18.681541442871094,23.0867919921875,24.59674835205078,26.0,30.4138126373291,32.69556427001953,35.80502700805664,38.07886505126953,40.49691390991211,45.221675872802734,47.434165954589844,50.6063232421875,51.400390625,52.009613037109375,57.00876998901367,57.20139694213867,57.80138397216797,57.42821502685547,58.600341796875,61.400325775146484,60.0,60.216278076171875,61.61168670654297,61.61168670654297,60.0,62.42595672607422,59.64059066772461,60.74536895751953,59.36328887939453,61.587337493896484,59.16925048828125,59.6824951171875,59.05929183959961,60.008331298828125,57.93962478637695
0,-47.0,-95,22,9,52.40229034423828,48.166378021240234,43.13930892944336,38.897300720214844,32.557640075683594,29.0,24.413110733032227,20.615528106689453,15.264337539672852,10.440306663513184,10.049875259399414,8.062257766723633,5.0,8.246211051940918,10.198039054870605,13.152946472167969,16.76305389404297,19.313207626342773,20.615528106689453,24.166091918945312,26.925823211669922,30.528675079345703,32.80244064331055,34.4093017578125,37.64305877685547,41.231056213378906,46.75468063354492,48.10405349731445,49.57822036743164,50.93132781982422,52.345008850097656,53.740116119384766,55.865909576416016,56.56854248046875,59.41380310058594,58.694122314453125,59.41380310058594,59.41380310058594,61.61980056762695,60.8276252746582,60.10823440551758,60.87692642211914,60.20797348022461,58.728187561035156,60.20797348022461,58.13776779174805,59.03388977050781,59.03388977050781,58.600341796875,57.688819885253906,57.688819885253906,57.706153869628906
0,-47.0,-95,22,10,53.851646423339844,47.92702865600586,45.617977142333984,40.31128692626953,36.24913787841797,29.068883895874023,26.07680892944336,20.248456954956055,15.55634880065918,11.401754379272461,6.7082037925720215,4.0,6.4031243324279785,7.071067810058594,10.049875259399414,14.03566837310791,17.0,22.090721130371094,22.803508758544922,27.892650604248047,30.08321762084961,35.46829605102539,35.735137939453125,38.4837646484375,43.382022857666016,43.382022857666016,48.764739990234375,51.107730865478516,53.0,56.603885650634766,55.226806640625,58.830265045166016,61.057350158691406,62.433963775634766,64.14047241210938,64.14047241210938,64.14047241210938,64.14047241210938,65.51335906982422,64.14047241210938,66.73080444335938,64.66065216064453,65.86349487304688,64.14047241210938,63.28506851196289,62.64982223510742,64.49806213378906,63.52952194213867,63.95310592651367,62.2414665222168,62.3939094543457,61.032779693603516
0,-47.0,-95,18,15,31.016124725341797,28.0,24.0,22.0,18.027755737304688,16.0,14.03566837310791,10.049875259399414,10.198039054870605,6.324555397033691,4.123105525970459,2.8284270763397217,4.0,3.605551242828369,5.656854152679443,6.324555397033691,8.5440034866333,10.440306663513184,12.165525436401367,14.560219764709473,15.29705810546875,17.262676239013672,17.11724281311035,20.02498435974121,22.022714614868164,24.0,27.0,27.0,29.0,30.0,30.0,32.0,32.0,34.01470184326172,33.060550689697266,34.0,34.0,34.0,34.0,35.05709457397461,35.05709457397461,34.058773040771484,36.055511474609375,35.05709457397461,34.13209533691406,33.13608169555664,33.241539001464844,34.36568069458008,34.525352478027344,33.734256744384766,32.98484420776367,32.572994232177734
0,-47.0,-95,22,6,46.87216567993164,41.34005355834961,37.80211639404297,32.202484130859375,28.600698471069336,26.248809814453125,19.10497283935547,17.69180679321289,12.041594505310059,8.9442720413208,7.0,4.123105525970459,4.4721360206604,7.0,11.045360565185547,13.152946472167969,15.524174690246582,17.464248657226562,20.615528106689453,22.847318649291992,25.495098114013672,29.068883895874023,29.529645919799805,33.2866325378418,35.22782897949219,36.8917350769043,41.617305755615234,43.600460052490234,46.40043258666992,46.40043258666992,48.60041046142578,50.6063232421875,54.037025451660156,51.400390625,52.801513671875,54.671749114990234,56.22277069091797,53.413482666015625,56.22277069091797,55.60575485229492,54.4058837890625,55.0,54.4058837890625,53.00943374633789,53.823787689208984,52.69725036621094,53.25410842895508,53.5350341796875,53.0,53.712196350097656,52.77309799194336,52.39274597167969
0,-47.0,-95,22,9,49.09175109863281,46.647613525390625,42.54409408569336,37.735923767089844,32.24903106689453,27.294687271118164,22.847318649291992,16.76305389404297,15.524174690246582,10.440306663513184,8.0,3.605551242828369,4.123105525970459,7.0,9.219544410705566,11.313708305358887,15.55634880065918,19.79899024963379,21.931713104248047,24.041629791259766,26.172504425048828,30.0,31.064449310302734,35.35533905029297,37.2155876159668,40.49691390991211,46.14108657836914,45.17742919921875,49.19349670410156,52.801513671875,55.009090423583984,54.120235443115234,54.5618896484375,55.94640350341797,57.80138397216797,57.697486877441406,60.008331298828125,58.600341796875,58.18075180053711,59.4810905456543,59.53990173339844,60.41522979736328,59.05929183959961,58.66856002807617,58.30952072143555,57.982757568359375,58.52349853515625,58.52349853515625,56.859474182128906,59.07622146606445,56.40035629272461,56.85068130493164
0,-47.0,-95,22,10,52.47856521606445,47.50789260864258,42.19004440307617,39.66106414794922,31.62277603149414,28.017850875854492,23.430749893188477,18.439088821411133,15.55634880065918,10.0,8.246211051940918,6.0,5.0,7.071067810058594,11.0,12.041594505310059,18.248287200927734,18.681541442871094,23.76972770690918,25.05992889404297,29.96664810180664,32.69556427001953,33.541019439697266,38.01315689086914,39.66106414794922,43.26661682128906,46.615447998046875,49.20365905761719,53.413482666015625,52.63079071044922,55.44366455078125,57.20139694213867,59.03388977050781,60.605281829833984,61.400325775146484,61.84658432006836,61.84658432006836,61.717098236083984,63.25345993041992,64.03124237060547,61.84658432006836,63.411354064941406,62.62587356567383,63.411354064941406,61.400325775146484,59.90826416015625,61.29437255859375,61.29437255859375,59.36328887939453,59.90826416015625,61.29437255859375,60.008331298828125
0,-47.0,-95,20,8,26.68332862854004,25.298221588134766,22.090721130371094,19.10497283935547,18.973665237426758,15.132745742797852,13.928388595581055,9.486832618713379,8.9442720413208,6.4031243324279785,4.4721360206604,4.123105525970459,4.0,2.8284270763397217,5.0,7.280109882354736,8.062257766723633,9.219544410705566,12.0,13.0,15.033296585083008,16.0,17.11724281311035,19.416488647460938,19.10497283935547,21.3775577545166,24.331050872802734,24.73863410949707,26.68332862854004,26.925823211669922,28.861740112304688,28.861740112304688,31.048349380493164,30.805843353271484,31.78049659729004,30.805843353271484,33.241539001464844,32.015621185302734,31.62277603149414,32.015621185302734,32.98484420776367,32.98484420776367,31.048349380493164,30.805843353271484,31.78049659729004,30.5941162109375,30.5941162109375,30.4138126373291,30.265491485595703,30.265491485595703,30.149627685546875,30.0
0,-47.0,-95,22,10,53.15073013305664,47.29693603515625,45.7055778503418,38.832977294921875,35.35533905029297,28.07133674621582,25.0,20.0,16.124515533447266,11.401754379272461,9.433980941772461,6.4031243324279785,7.0,6.324555397033691,10.0,15.55634880065918,18.357559204101562,19.72308349609375,23.25940704345703,25.495098114013672,28.23118782043457,31.62277603149414,36.055511474609375,38.327537536621094,39.293766021728516,42.44997024536133,46.69047164916992,48.50773239135742,50.35871505737305,55.3263053894043,52.77309799194336,57.42821502685547,58.4208869934082,60.29925537109375,60.530982971191406,63.50590515136719,62.513999938964844,61.66035842895508,60.530982971191406,61.400325775146484,64.49806213378906,61.66035842895508,64.62971496582031,59.6824951171875,61.52235412597656,60.8276252746582,61.0,60.01666259765625,61.392181396484375,59.90826416015625,59.13543701171875,57.245086669921875
0,-47.0,-95,22,7,44.10215377807617,41.19466018676758,37.121421813964844,33.37664031982422,27.294687271118164,24.515300750732422,22.56102752685547,17.72004508972168,12.649110794067383,10.29563045501709,7.071067810058594,6.324555397033691,5.0,7.071067810058594,9.433980941772461,11.661903381347656,14.560219764709473,16.492422103881836,19.10497283935547,22.022714614868164,24.083189010620117,26.0,27.0,31.0,32.015621185302734,35.0,40.112342834472656,41.30375289916992,42.296573638916016,44.283180236816406,46.389652252197266,48.50773239135742,48.66210174560547,49.25444030761719,51.35172653198242,50.35871505737305,53.23532485961914,50.2493782043457,50.35871505737305,52.239830017089844,51.244510650634766,52.239830017089844,53.23532485961914,52.239830017089844,52.15361785888672,51.088157653808594,51.088157653808594,52.038448333740234,51.0,50.0099983215332,50.15974426269531,49.36598205566406
0,-47.0,-95,17,23,36.68787384033203,33.52610778808594,28.460498809814453,25.298221588134766,22.360679626464844,17.262676239013672,16.124515533447266,12.041594505310059,11.045360565185547,8.0,5.385164737701416,2.8284270763397217,4.0,6.324555397033691,7.211102485656738,8.485280990600586,10.0,15.264337539672852,16.124515533447266,17.492855072021484,20.124610900878906,22.360679626464844,21.931713104248047,25.63201141357422,27.20294189453125,28.792360305786133,32.572994232177734,33.52610778808594,34.20526123046875,35.902645111083984,38.07886505126953,39.293766021728516,39.051246643066406,40.26164245605469,40.52159881591797,41.9761848449707,42.20189666748047,41.231056213378906,41.231056213378906,42.44997024536133,42.44997024536133,41.48493576049805,43.416587829589844,41.48493576049805,41.48493576049805,39.560081481933594,39.84971618652344,41.1096076965332,40.49691390991211,39.924930572509766,39.81205749511719,39.357337951660156
0,-47.0,-95,22,11,55.865909576416016,53.075416564941406,46.010868072509766,43.185646057128906,34.828147888183594,31.62277603149414,25.0,20.59126091003418,15.231546401977539,13.601470947265625,9.0,6.324555397033691,7.211102485656738,9.05538558959961,12.0,16.492422103881836,18.788293838500977,21.954498291015625,24.698177337646484,28.017850875854492,31.62277603149414,34.828147888183594,36.878177642822266,40.31128692626953,43.185646057128906,46.66904830932617,51.855567932128906,54.5618896484375,56.85068130493164,57.628116607666016,61.84658432006836,62.00806427001953,63.25345993041992,65.4369888305664,64.66065216064453,68.24954223632812,67.62396240234375,68.88395690917969,67.47592163085938,69.65629577636719,68.01470184326172,71.0633544921875,67.47592163085938,65.29930877685547,66.70832061767578,65.19202423095703,66.60330200195312,67.20863342285156,66.4680404663086,67.17886352539062,65.94694519042969,64.81512451171875
0,-47.0,-95,22,9,48.54894256591797,44.10215377807617,41.617305755615234,37.202152252197266,32.4499626159668,25.612497329711914,21.931713104248047,17.69180679321289,13.45362377166748,11.401754379272461,7.280109882354736,5.385164737701416,4.4721360206604,7.071067810058594,8.0,12.369317054748535,15.29705810546875,18.973665237426758,21.540658950805664,23.76972770690918,26.4007568359375,29.529645919799805,31.38471031188965,35.510562896728516,37.735923767089844,40.0,45.221675872802734,49.40647888183594,50.0,51.22499465942383,50.80354309082031,52.801513671875,54.4058837890625,55.803226470947266,58.8217658996582,56.40035629272461,58.600341796875,57.688819885253906,59.07622146606445,58.24946212768555,59.07622146606445,58.24946212768555,59.36328887939453,57.14017868041992,57.982757568359375,56.603885650634766,57.45433044433594,56.93856430053711,56.35601043701172,57.245086669921875,53.712196350097656,55.71355438232422
0,-47.0,-95,22,10,54.488529205322266,50.2493782043457,45.25483322143555,42.42640686035156,36.12478256225586,29.068883895874023,24.083189010620117,19.416488647460938,17.0,12.649110794067383,9.0,5.385164737701416,5.0,8.0,12.0,14.866068840026855,20.248456954956055,20.124610900878906,25.05992889404297,25.942243576049805,29.154760360717773,32.202484130859375,36.400550842285156,39.69886779785156,40.607879638671875,43.931766510009766,50.93132781982422,50.20956039428711,52.345008850097656,56.63920974731445,57.982757568359375,59.41380310058594,60.10823440551758,61.52235412597656,62.93647766113281,62.93647766113281,64.38167572021484,64.38167572021484,62.93647766113281,65.76473236083984,62.93647766113281,67.17886352539062,65.05382537841797,64.35060119628906,64.35060119628906,62.28964614868164,63.78087615966797,63.78087615966797,62.481998443603516,62.801273345947266,60.80295944213867,61.057350158691406
0,-47.0,-95,21,14,54.147945404052734,48.041648864746094,45.0111083984375,40.04996871948242,36.0,29.0,25.079872131347656,21.3775577545166,14.03566837310791,11.180339813232422,7.8102498054504395,4.4721360206604,5.0,7.8102498054504395,11.180339813232422,14.764822959899902,17.464248657226562,21.540658950805664,23.76972770690918,26.476404190063477,30.5941162109375,32.24903106689453,35.35533905029297,39.11521530151367,42.10700607299805,46.173583984375,51.088157653808594,51.03919982910156,54.08327102661133,57.00876998901367,58.03447341918945,59.0,62.032249450683594,62.0,63.03173828125,65.03076171875,66.06814575195312,66.0302963256836,65.12296295166016,65.0691909790039,66.27216339111328,66.27216339111328,65.27633666992188,64.19501495361328,65.37583923339844,63.3876953125,64.38167572021484,62.96824645996094,62.96824645996094,62.36986541748047,61.13100814819336,60.083274841308594
0,-47.0,-95,21,14,54.34151077270508,49.72926712036133,45.221675872802734,39.84971618652344,35.46829605102539,30.08321762084961,25.079872131347656,21.02379608154297,16.6433162689209,12.041594505310059,8.602325439453125,5.0,5.830951690673828,7.280109882354736,10.440306663513184,14.0,17.029386520385742,20.0,23.0867919921875,26.172504425048828,29.614185333251953,33.541019439697266,34.928497314453125,39.560081481933594,41.48493576049805,43.680660247802734,48.46648406982422,51.865211486816406,55.54277801513672,54.7813835144043,57.93962478637695,59.236812591552734,61.46543884277344,62.3939094543457,64.62197875976562,61.46543884277344,65.19202423095703,63.90618133544922,63.324562072753906,65.55150604248047,63.90618133544922,64.8459701538086,63.90618133544922,63.90618133544922,62.96824645996094,62.297672271728516,61.98386764526367,63.324562072753906,62.09669876098633,62.817195892333984,61.0,62.3939094543457
0,-47.0,-95,22,6,42.10700607299805,39.051246643066406,35.0,31.0,26.019224166870117,22.0,19.0,15.0,12.165525436401367,8.5440034866333,5.830951690673828,3.1622776985168457,5.0,7.211102485656738,9.899495124816895,11.180339813232422,13.601470947265625,17.464248657226562,18.681541442871094,21.840330123901367,24.331050872802734,26.305892944335938,28.284271240234375,31.14482307434082,33.060550689697266,35.0142822265625,39.0128173828125,40.0,42.0,44.0,45.0,47.0,49.0,49.0,50.0,50.0,51.0,52.009613037109375,53.0,53.00943374633789,52.009613037109375,51.0,53.0,50.0,49.01020431518555,49.04079818725586,49.162994384765625,51.15662384033203,49.36598205566406,49.497474670410156,48.83646011352539,49.47726821899414
0,-47.0,-95,21,14,53.075416564941406,49.57822036743164,46.010868072509766,41.1096076965332,34.828147888183594,28.600698471069336,24.698177337646484,19.72308349609375,17.464248657226562,11.704699516296387,9.0,6.324555397033691,8.062257766723633,8.0,11.0,15.231546401977539,18.357559204101562,20.248456954956055,22.671567916870117,26.4007568359375,28.42534065246582,31.890438079833984,34.65544509887695,36.79673767089844,40.31128692626953,44.59820556640625,48.10405349731445,51.088157653808594,53.26349639892578,55.803226470947266,55.0,59.81638717651367,60.80295944213867,62.00806427001953,63.60031509399414,63.60031509399414,64.66065216064453,63.60031509399414,64.81512451171875,66.06814575195312,64.81512451171875,64.81512451171875,64.66065216064453,64.03124237060547,64.03124237060547,61.717098236083984,63.78087615966797,63.03173828125,62.2414665222168,61.52235412597656,61.52235412597656,59.03388977050781
0,-47.0,-95,22,10,50.08992004394531,47.85394287109375,43.90899658203125,37.58989334106445,33.61547088623047,29.068883895874023,22.825424194335938,19.416488647460938,14.21267032623291,12.041594505310059,5.385164737701416,3.0,5.656854152679443,6.082762718200684,10.0,13.152946472167969,15.29705810546875,18.681541442871094,22.803508758544922,24.698177337646484,26.570659637451172,29.546573638916016,32.31098937988281,36.2353401184082,37.58989334106445,39.4461669921875,45.79301071166992,48.54894256591797,49.648765563964844,51.03919982910156,52.15361785888672,53.25410842895508,56.859474182128906,56.30275344848633,57.42821502685547,59.07622146606445,59.07622146606445,59.90826416015625,59.90826416015625,61.032779693603516,60.464866638183594,59.07622146606445,61.29437255859375,58.830265045166016,58.52349853515625,57.982757568359375,58.830265045166016,60.0333251953125,59.05929183959961,57.697486877441406,57.384666442871094,56.64803695678711
0,-47.0,-95,15,25,21.931713104248047,19.697715759277344,18.027755737304688,15.264337539672852,14.317821502685547,13.03840446472168,8.602325439453125,8.485280990600586,6.4031243324279785,5.385164737701416,4.123105525970459,3.0,1.4142135381698608,2.0,4.0,6.082762718200684,7.0,7.0,9.0,10.440306663513184,11.180339813232422,11.704699516296387,13.34166431427002,14.317821502685547,16.155494689941406,17.8885440826416,18.788293838500977,20.615528106689453,21.470911026000977,21.02379608154297,22.360679626464844,22.825424194335938,24.166091918945312,23.706539154052734,24.166091918945312,24.166091918945312,24.166091918945312,25.079872131347656,25.079872131347656,25.495098114013672,24.166091918945312,24.698177337646484,25.079872131347656,24.166091918945312,24.698177337646484,23.409399032592773,24.351591110229492,23.0867919921875,23.0867919921875,23.0867919921875,23.53720474243164,22.203603744506836
0,-47.0,-95,22,10,53.81449508666992,48.08325958251953,45.27692413330078,39.623226165771484,35.38361358642578,29.73213768005371,25.612497329711914,19.72308349609375,15.264337539672852,12.369317054748535,8.0,5.830951690673828,6.7082037925720215,9.219544410705566,11.045360565185547,15.29705810546875,18.788293838500977,20.615528106689453,22.825424194335938,25.553865432739258,28.301942825317383,34.4093017578125,36.400550842285156,37.53664779663086,41.86884307861328,44.59820556640625,49.497474670410156,52.345008850097656,53.037723541259766,56.58621597290039,57.28001403808594,59.41380310058594,60.87692642211914,61.52235412597656,62.93647766113281,64.38167572021484,63.65532302856445,62.93647766113281,63.639610290527344,65.05382537841797,64.35060119628906,65.0691909790039,65.0691909790039,62.93647766113281,62.96824645996094,61.55485534667969,63.70243453979492,64.53681182861328,63.25345993041992,62.20128631591797,61.29437255859375,60.20797348022461
0,-47.0,-95,22,8,45.79301071166992,42.94182205200195,39.824615478515625,36.2353401184082,28.635643005371094,26.925823211669922,21.540658950805664,18.027755737304688,13.601470947265625,9.0,7.280109882354736,5.830951690673828,6.082762718200684,9.0,11.180339813232422,12.206555366516113,13.601470947265625,15.620499610900879,22.671567916870117,24.75883674621582,27.80287742614746,31.400636672973633,31.400636672973633,34.98571014404297,37.44329071044922,39.66106414794922,43.90899658203125,45.650848388671875,48.30113983154297,50.537113189697266,50.537113189697266,53.23532485961914,55.009090423583984,55.4707145690918,54.58937454223633,56.35601043701172,56.82429122924805,56.82429122924805,58.18075180053711,55.94640350341797,59.16925048828125,56.93856430053711,59.16925048828125,57.45433044433594,55.226806640625,54.918121337890625,56.035701751708984,56.859474182128906,57.628116607666016,57.00876998901367,57.48912811279297,52.32590103149414
0,-47.0,-95,22,10,53.851646423339844,47.92702865600586,46.173583984375,38.27531814575195,34.1760139465332,31.95309066772461,23.53720474243164,19.235383987426758,15.524174690246582,12.0,7.0,5.0,5.0,5.830951690673828,10.630146026611328,15.55634880065918,17.804492950439453,20.808652877807617,24.1867733001709,26.419689178466797,28.635643005371094,32.69556427001953,35.84689712524414,37.6961555480957,41.78516387939453,43.65776062011719,50.0,51.54609680175781,53.851646423339844,56.75385284423828,57.00876998901367,58.694122314453125,61.13100814819336,59.90826416015625,64.28841400146484,63.60031509399414,66.7607650756836,63.89052963256836,65.14598846435547,66.7607650756836,65.14598846435547,66.0984115600586,64.8459701538086,63.89052963256836,63.24555206298828,63.24555206298828,63.24555206298828,62.96824645996094,62.3939094543457,61.741397857666016,60.8276252746582,60.41522979736328
0,-47.0,-95,22,9,52.201534271240234,44.643028259277344,43.65776062011719,37.64305877685547,34.539833068847656,26.248809814453125,23.25940704345703,17.8885440826416,15.264337539672852,12.041594505310059,7.8102498054504395,5.0,5.656854152679443,7.6157732009887695,10.198039054870605,13.0,16.031219482421875,18.11077117919922,20.615528106689453,24.73863410949707,27.658634185791016,30.08321762084961,33.52610778808594,34.78505325317383,37.947330474853516,39.924930572509766,44.72135925292969,49.19349670410156,50.537113189697266,52.35456085205078,52.77309799194336,55.94640350341797,57.706153869628906,58.18075180053711,58.66856002807617,60.90156173706055,60.41522979736328,61.29437255859375,58.5918083190918,59.53990173339844,61.773780822753906,59.53990173339844,62.60990524291992,58.5918083190918,58.5918083190918,56.82429122924805,59.50630187988281,58.13776779174805,61.84658432006836,57.384666442871094,57.93962478637695,55.36244201660156
0,-47.0,-95,22,10,51.088157653808594,47.04253387451172,44.0,38.0,33.0,27.0,24.083189010620117,20.39607810974121,14.560219764709473,10.770329475402832,7.211102485656738,6.7082037925720215,6.0,7.8102498054504395,10.816654205322266,13.416407585144043,15.231546401977539,19.697715759277344,22.56102752685547,24.73863410949707,26.305892944335938,31.256999969482422,33.241539001464844,36.055511474609375,38.11823654174805,40.112342834472656,45.0444221496582,47.0,48.0,51.0,52.0,55.009090423583984,57.0,57.0,58.0,60.0,59.0,61.0,59.00847244262695,61.0,62.032249450683594,61.0,60.008331298828125,60.0333251953125,60.074954986572266,58.13776779174805,58.13776779174805,59.304298400878906,57.42821502685547,57.706153869628906,56.88584899902344,56.75385284423828
0,-47.0,-95,21,4,29.96664810180664,26.4007568359375,25.298221588134766,22.472204208374023,18.384777069091797,16.155494689941406,13.34166431427002,11.180339813232422,8.246211051940918,6.0,3.605551242828369,2.2360680103302,2.0,4.4721360206604,6.4031243324279785,7.8102498054504395,9.219544410705566,12.529964447021484,13.03840446472168,14.764822959899902,16.6433162689209,17.8885440826416,20.248456954956055,22.360679626464844,23.25940704345703,26.0,27.85677719116211,28.23118782043457,29.4108829498291,30.675724029541016,31.016124725341797,32.893768310546875,35.11410140991211,33.83784866333008,36.055511474609375,35.46829605102539,35.46829605102539,35.84689712524414,36.400550842285156,35.46829605102539,35.11410140991211,35.46829605102539,36.400550842285156,34.539833068847656,35.46829605102539,32.69556427001953,34.928497314453125,34.438350677490234,33.541019439697266,33.12099075317383,32.75667953491211,31.62277603149414
0,-47.0,-95,22,10,56.40035629272461,47.6340217590332,45.343135833740234,39.69886779785156,34.71310806274414,30.4138126373291,26.870058059692383,21.40093421936035,17.20465087890625,12.529964447021484,10.049875259399414,6.082762718200684,5.656854152679443,6.0,10.0,13.152946472167969,17.464248657226562,20.248456954956055,22.825424194335938,26.62705421447754,29.154760360717773,33.0151481628418,36.055511474609375,38.41874694824219,41.1096076965332,43.27817153930664,46.66904830932617,52.32590103149414,52.345008850097656,55.90169906616211,56.56854248046875,60.14149856567383,61.55485534667969,62.22539520263672,62.2414665222168,61.52235412597656,65.11528015136719,63.639610290527344,65.05382537841797,65.79513549804688,63.65532302856445,63.65532302856445,64.35060119628906,62.22539520263672,62.22539520263672,60.8276252746582,61.61980056762695,62.2414665222168,60.95900344848633,61.84658432006836,60.0,57.982757568359375
0,-47.0,-95,22,-3,26.68332862854004,23.194826126098633,20.880613327026367,18.681541442871094,14.142135620117188,11.180339813232422,12.0,8.062257766723633,6.082762718200684,6.0,4.123105525970459,2.8284270763397217,3.0,3.1622776985168457,6.4031243324279785,5.830951690673828,6.7082037925720215,10.198039054870605,10.198039054870605,13.0,12.369317054748535,15.81138801574707,15.524174690246582,16.76305389404297,18.681541442871094,20.615528106689453,23.0867919921875,23.194826126098633,23.194826126098633,26.019224166870117,25.01999282836914,28.160255432128906,27.166154861450195,29.068883895874023,28.284271240234375,29.068883895874023,29.068883895874023,29.154760360717773,29.154760360717773,28.160255432128906,29.154760360717773,28.160255432128906,30.265491485595703,29.27456283569336,27.294687271118164,28.160255432128906,28.44292449951172,27.294687271118164,28.635643005371094,28.635643005371094,27.658634185791016,25.298221588134766
0,-47.0,-95,17,21,24.351591110229492,23.0867919921875,21.02379608154297,18.357559204101562,16.552946090698242,15.65247631072998,10.29563045501709,10.630146026611328,6.7082037925720215,4.4721360206604,4.0,2.0,2.2360680103302,4.123105525970459,4.0,7.0,9.0,9.0,11.045360565185547,13.152946472167969,14.142135620117188,14.560219764709473,16.492422103881836,18.973665237426758,20.248456954956055,21.189620971679688,23.25940704345703,24.698177337646484,26.925823211669922,25.079872131347656,27.312999725341797,28.635643005371094,29.154760360717773,28.635643005371094,29.546573638916016,29.546573638916016,31.38471031188965,30.463092803955078,31.38471031188965,31.38471031188965,30.08321762084961,31.016124725341797,30.463092803955078,29.73213768005371,31.016124725341797,29.4108829498291,30.675724029541016,30.364452362060547,29.120439529418945,29.832868576049805,28.861740112304688,28.284271240234375
0,-47.0,-95,22,10,50.990196228027344,47.01063537597656,39.81205749511719,38.4837646484375,31.30495262145996,26.925823211669922,23.323806762695312,19.416488647460938,14.21267032623291,11.401754379272461,8.246211051940918,4.0,4.4721360206604,8.062257766723633,11.0,14.0,18.11077117919922,21.095022201538086,23.76972770690918,26.248809814453125,28.460498809814453,31.016124725341797,31.95309066772461,36.24913787841797,38.910152435302734,42.04759216308594,46.52956008911133,49.24428939819336,51.62363815307617,52.35456085205078,54.708316802978516,56.603885650634766,57.80138397216797,59.6824951171875,62.265560150146484,58.30952072143555,61.91122817993164,61.400325775146484,61.400325775146484,62.7694206237793,60.90156173706055,61.773780822753906,61.773780822753906,61.773780822753906,59.05929183959961,58.18075180053711,59.4810905456543,60.008331298828125,58.18075180053711,59.61543273925781,59.236812591552734,57.00876998901367
0,-47.0,-95,21,13,52.009613037109375,47.6340217590332,43.27817153930664,39.69886779785156,33.941123962402344,27.58622932434082,23.34523582458496,19.416488647460938,16.124515533447266,11.704699516296387,8.0,6.082762718200684,5.830951690673828,10.198039054870605,11.0,14.560219764709473,18.027755737304688,20.615528106689453,23.25940704345703,26.419689178466797,28.65309715270996,31.62277603149414,35.22782897949219,38.60051727294922,40.804412841796875,43.416587829589844,47.423622131347656,49.57822036743164,52.345008850097656,55.865909576416016,54.488529205322266,56.56854248046875,59.41380310058594,59.41380310058594,60.8276252746582,62.93647766113281,62.96824645996094,62.28964614868164,62.36986541748047,65.0691909790039,62.96824645996094,62.96824645996094,63.70243453979492,62.28964614868164,60.87692642211914,60.87692642211914,59.54829788208008,62.481998443603516,60.605281829833984,60.464866638183594,60.20797348022461,58.18075180053711
0,-47.0,-95,22,10,51.195701599121094,45.12205505371094,42.42640686035156,37.336307525634766,33.0151481628418,27.166154861450195,22.022714614868164,18.0,14.0,10.198039054870605,6.7082037925720215,4.4721360206604,6.082762718200684,9.433980941772461,11.313708305358887,14.422204971313477,15.81138801574707,21.02379608154297,22.847318649291992,27.312999725341797,29.154760360717773,31.95309066772461,34.48188018798828,36.13862228393555,40.024993896484375,41.231056213378906,47.51841735839844,50.2493782043457,50.635955810546875,54.33230972290039,54.451812744140625,55.578773498535156,58.694122314453125,59.53990173339844,58.4208869934082,60.530982971191406,61.400325775146484,62.801273345947266,61.66035842895508,59.53990173339844,61.52235412597656,59.53990173339844,63.639610290527344,59.6824951171875,60.67124557495117,58.051700592041016,59.03388977050781,59.03388977050781,59.90826416015625,59.203041076660156,58.18934631347656,56.64803695678711
0,-47.0,-95,22,9,52.801513671875,47.92702865600586,43.382022857666016,39.39543151855469,33.12099075317383,27.294687271118164,23.600847244262695,19.416488647460938,14.142135620117188,11.313708305358887,8.246211051940918,7.0,7.211102485656738,9.848857879638672,13.03840446472168,15.0,18.11077117919922,19.235383987426758,24.515300750732422,26.476404190063477,31.048349380493164,32.98484420776367,33.83784866333008,36.769554138183594,40.853397369384766,43.46262741088867,48.754486083984375,48.754486083984375,53.22593307495117,54.120235443115234,57.706153869628906,57.706153869628906,58.13776779174805,61.29437255859375,61.717098236083984,62.64982223510742,62.60990524291992,61.717098236083984,64.41273498535156,64.41273498535156,63.071388244628906,65.29930877685547,63.50590515136719,63.50590515136719,61.32699203491211,61.84658432006836,61.09828186035156,61.46543884277344,60.539241790771484,60.406951904296875,59.4810905456543,58.694122314453125
0,-47.0,-95,22,10,54.64430618286133,48.25971221923828,43.8292121887207,39.66106414794922,34.828147888183594,27.80287742614746,22.803508758544922,19.209373474121094,14.21267032623291,10.816654205322266,7.280109882354736,4.0,5.385164737701416,8.0,12.165525436401367,15.132745742797852,17.464248657226562,19.646883010864258,24.59674835205078,27.73084831237793,30.870698928833008,33.105892181396484,36.359317779541016,40.224369049072266,43.26661682128906,45.221675872802734,49.40647888183594,53.600372314453125,54.20331954956055,57.00876998901367,56.40035629272461,60.80295944213867,61.400325775146484,62.20128631591797,63.60031509399414,64.03124237060547,64.03124237060547,67.00746154785156,67.00746154785156,67.00746154785156,66.2872543334961,65.21502685546875,65.802734375,65.45991516113281,64.07027435302734,64.66065216064453,63.28506851196289,64.14047241210938,64.14047241210938,63.631752014160156,62.17716598510742,60.926185607910156
0,-47.0,-95,22,10,54.451812744140625,48.79549026489258,45.343135833740234,41.231056213378906,36.2353401184082,29.20616340637207,24.413110733032227,18.867961883544922,15.81138801574707,12.165525436401367,10.0,6.324555397033691,6.7082037925720215,9.05538558959961,11.180339813232422,17.0880069732666,19.72308349609375,21.470911026000977,23.853721618652344,26.62705421447754,29.832868576049805,32.80244064331055,36.2353401184082,39.59798049926758,41.72529220581055,45.25483322143555,49.57822036743164,52.49761962890625,53.90732955932617,56.85068130493164,58.13776779174805,59.54829788208008,59.66573715209961,60.95900344848633,61.61980056762695,66.70832061767578,66.60330200195312,65.19202423095703,65.11528015136719,63.78087615966797,65.85590362548828,65.11528015136719,66.52819061279297,63.70243453979492,64.38167572021484,62.22539520263672,65.0691909790039,62.93647766113281,63.03173828125,62.36986541748047,62.20128631591797,60.464866638183594
0,-47.0,-95,22,9,53.413482666015625,49.04079818725586,45.221675872802734,39.66106414794922,36.055511474609375,29.681644439697266,25.05992889404297,21.02379608154297,17.0880069732666,12.165525436401367,9.0,8.062257766723633,6.324555397033691,8.0,9.848857879638672,14.317821502685547,17.20465087890625,19.416488647460938,21.931713104248047,25.45584487915039,27.58622932434082,30.610456466674805,33.241539001464844,40.0,40.0,40.0,47.70744323730469,48.87739944458008,51.0,55.56977462768555,55.07267761230469,57.80138397216797,59.16925048828125,58.30952072143555,60.539241790771484,62.7694206237793,62.7694206237793,62.7694206237793,61.400325775146484,61.400325775146484,63.1347770690918,62.64982223510742,65.0,60.41522979736328,61.91122817993164,60.20797348022461,60.20797348022461,60.74536895751953,60.80295944213867,61.400325775146484,58.898216247558594,57.28001403808594
0,-47.0,-95,22,10,55.0,50.477718353271484,43.90899658203125,38.587562561035156,35.35533905029297,29.529645919799805,24.59674835205078,20.124610900878906,16.492422103881836,12.0,9.05538558959961,6.4031243324279785,7.071067810058594,9.05538558959961,12.083045959472656,13.892443656921387,18.867961883544922,21.40093421936035,24.75883674621582,29.0,30.4138126373291,32.557640075683594,36.878177642822266,41.400482177734375,42.8018684387207,43.600460052490234,49.09175109863281,52.69725036621094,55.226806640625,56.603885650634766,58.830265045166016,61.91122817993164,61.91122817993164,64.14047241210938,63.28506851196289,64.66065216064453,66.0378646850586,64.66065216064453,65.19202423095703,66.2872543334961,65.73431396484375,65.19202423095703,65.19202423095703,64.8999252319336,64.8999252319336,62.42595672607422,64.40496826171875,63.82006072998047,63.89052963256836,63.78087615966797,62.22539520263672,60.87692642211914
0,-47.0,-95,22,10,55.217750549316406,51.400390625,46.40043258666992,43.27817153930664,37.53664779663086,29.73213768005371,26.172504425048828,19.84943389892578,15.0,12.529964447021484,10.049875259399414,6.324555397033691,6.4031243324279785,10.198039054870605,11.0,14.317821502685547,17.72004508972168,22.135944366455078,24.166091918945312,29.154760360717773,28.635643005371094,34.0,38.07886505126953,39.66106414794922,43.26661682128906,46.615447998046875,52.009613037109375,53.413482666015625,55.44366455078125,58.13776779174805,58.79625701904297,62.481998443603516,63.25345993041992,63.25345993041992,67.47592163085938,66.60330200195312,66.60330200195312,67.35725402832031,68.88395690917969,68.11754608154297,68.4105224609375,68.4105224609375,68.4105224609375,66.84310150146484,66.40029907226562,63.60031509399414,66.0302963256836,66.0302963256836,63.812225341796875,62.96824645996094,65.0,63.50590515136719
0,-47.0,-95,22,10,51.244510650634766,49.04079818725586,44.04542922973633,38.01315689086914,34.01470184326172,28.0,22.022714614868164,20.39607810974121,14.142135620117188,9.219544410705566,7.071067810058594,6.324555397033691,5.099019527435303,7.211102485656738,10.0,13.892443656921387,16.155494689941406,20.880613327026367,22.803508758544922,26.476404190063477,28.861740112304688,32.24903106689453,33.37664031982422,37.121421813964844,42.10700607299805,44.10215377807617,48.041648864746094,50.0099983215332,52.0,55.009090423583984,57.00876998901367,57.0,60.008331298828125,59.0,62.0,62.0,64.0078125,62.07253646850586,64.07027435302734,63.071388244628906,63.12685775756836,64.03124237060547,63.19810104370117,65.12296295166016,61.20457458496094,62.12889862060547,62.28964614868164,61.400325775146484,59.84145736694336,59.03388977050781,59.43904495239258,57.28001403808594
0,-47.0,-95,22,0,30.0,28.0,25.079872131347656,22.0,19.10497283935547,17.029386520385742,14.03566837310791,11.180339813232422,9.219544410705566,5.385164737701416,4.4721360206604,2.8284270763397217,3.0,2.8284270763397217,5.0,6.324555397033691,8.246211051940918,11.401754379272461,13.152946472167969,14.142135620117188,15.132745742797852,17.11724281311035,18.0,21.0,22.0,23.0,26.019224166870117,26.0,28.07133674621582,30.066593170166016,30.066593170166016,31.064449310302734,33.060550689697266,33.0,33.0151481628418,33.0151481628418,35.05709457397461,35.05709457397461,35.0142822265625,35.05709457397461,35.0,35.0,33.0,34.0,34.0,33.0151481628418,33.0,33.060550689697266,32.06243896484375,33.13608169555664,32.24903106689453,31.575305938720703
0,-47.0,-95,22,7,44.65422821044922,39.66106414794922,35.80502700805664,31.62277603149414,27.018512725830078,22.803508758544922,19.10497283935547,14.866068840026855,14.422204971313477,9.433980941772461,8.062257766723633,5.0,7.071067810058594,5.385164737701416,10.049875259399414,10.0,14.317821502685547,16.76305389404297,17.72004508972168,21.840330123901367,23.409399032592773,26.925823211669922,28.23118782043457,29.529645919799805,33.541019439697266,35.35533905029297,39.11521530151367,40.8166618347168,43.5660400390625,44.10215377807617,43.5660400390625,47.16990661621094,48.02082824707031,48.87739944458008,51.107730865478516,51.62363815307617,50.774009704589844,49.39635467529297,51.97114562988281,49.73931884765625,51.107730865478516,50.2493782043457,51.107730865478516,50.2493782043457,48.764739990234375,48.30113983154297,49.19349670410156,49.658836364746094,49.658836364746094,49.24428939819336,48.10405349731445,46.173583984375
0,-47.0,-95,22,10,54.37830352783203,50.80354309082031,45.0,41.617305755615234,35.0,31.240999221801758,24.083189010620117,18.439088821411133,16.278820037841797,12.083045959472656,8.246211051940918,7.071067810058594,5.830951690673828,7.280109882354736,11.0,14.317821502685547,16.492422103881836,19.646883010864258,23.76972770690918,26.0,29.154760360717773,33.105892181396484,34.885528564453125,39.11521530151367,41.88078308105469,45.221675872802734,50.6063232421875,52.201534271240234,55.0,54.81787872314453,57.80138397216797,58.600341796875,61.400325775146484,61.400325775146484,65.0,63.411354064941406,66.21932983398438,65.802734375,65.0,66.61080932617188,65.0,67.80117797851562,64.20280456542969,65.21502685546875,64.637451171875,61.29437255859375,64.35060119628906,64.66065216064453,61.400325775146484,63.631752014160156,61.717098236083984,60.926185607910156
0,-47.0,-95,22,10,56.56854248046875,49.81967544555664,46.097721099853516,41.0,36.13862228393555,31.320919036865234,25.0,21.189620971679688,16.552946090698242,12.041594505310059,8.485280990600586,4.123105525970459,4.123105525970459,6.4031243324279785,11.180339813232422,14.142135620117188,15.033296585083008,20.02498435974121,22.0,26.019224166870117,29.0,33.060550689697266,34.058773040771484,39.20458984375,42.19004440307617,43.416587829589844,48.27007293701172,51.195701599121094,53.36665725708008,56.75385284423828,57.48912811279297,58.94064712524414,60.87692642211914,62.585941314697266,64.03124237060547,64.32728576660156,62.36986541748047,65.92420196533203,66.4906005859375,65.11528015136719,67.08203887939453,63.56099319458008,66.0984115600586,62.96824645996094,62.169124603271484,62.96824645996094,62.96824645996094,63.95310592651367,63.19810104370117,63.071388244628906,62.0,60.074954986572266
0,-47.0,-95,22,10,53.46026611328125,48.3735466003418,43.73785400390625,38.832977294921875,33.734256744384766,28.861740112304688,23.0867919921875,20.880613327026367,15.264337539672852,12.806248664855957,8.485280990600586,7.0,6.082762718200684,9.219544410705566,13.03840446472168,13.601470947265625,17.464248657226562,21.095022201538086,24.083189010620117,28.017850875854492,29.0,32.0,34.058773040771484,38.20994567871094,41.1096076965332,42.296573638916016,48.66210174560547,49.497474670410156,53.15073013305664,55.10898208618164,56.08921432495117,58.051700592041016,59.228370666503906,60.20797348022461,61.392181396484375,61.61168670654297,62.36986541748047,62.585941314697266,62.36986541748047,63.150611877441406,63.150611877441406,61.98386764526367,63.95310592651367,62.96824645996094,61.98386764526367,60.67124557495117,60.8276252746582,61.52235412597656,61.400325775146484,61.13100814819336,60.0333251953125,60.008331298828125
0,-47.0,-95,22,10,52.201534271240234,49.39635467529297,41.62931823730469,37.336307525634766,32.31098937988281,28.635643005371094,23.323806762695312,19.416488647460938,16.278820037841797,9.899495124816895,7.8102498054504395,7.0,6.4031243324279785,7.280109882354736,10.049875259399414,15.0,17.0,20.02498435974121,24.73863410949707,27.892650604248047,30.08321762084961,32.572994232177734,34.78505325317383,39.0,40.31128692626953,42.54409408569336,49.19349670410156,49.648765563964844,54.120235443115234,52.35456085205078,56.82429122924805,58.66856002807617,60.0333251953125,61.400325775146484,60.90156173706055,63.1347770690918,63.631752014160156,62.64982223510742,63.1347770690918,64.0078125,63.631752014160156,65.0,63.1347770690918,64.0078125,62.17716598510742,61.29437255859375,62.17716598510742,61.29437255859375,60.008331298828125,62.2414665222168,59.80802536010742,60.4400520324707
0,-47.0,-95,21,14,54.4058837890625,50.21951675415039,45.12205505371094,40.79215621948242,33.95585250854492,30.4138126373291,25.079872131347656,21.0,16.0,10.440306663513184,8.9442720413208,5.0,7.0,8.5440034866333,13.601470947265625,14.142135620117188,17.804492950439453,21.095022201538086,25.05992889404297,27.73084831237793,32.202484130859375,34.539833068847656,35.11410140991211,39.84971618652344,42.72002029418945,44.92215347290039,50.447994232177734,51.41984176635742,54.81787872314453,56.29387283325195,58.46366500854492,60.63827133178711,62.36986541748047,62.817195892333984,64.03124237060547,62.585941314697266,65.96968841552734,65.96968841552734,68.15423583984375,68.15423583984375,65.25334930419922,66.48307800292969,65.802734375,64.8459701538086,62.93647766113281,62.297672271728516,65.45991516113281,65.19202423095703,63.694583892822266,62.7694206237793,62.60990524291992,62.265560150146484
0,-47.0,-95,21,9,27.459060668945312,29.681644439697266,23.194826126098633,20.248456954956055,24.166091918945312,20.615528106689453,12.529964447021484,13.0,10.29563045501709,6.324555397033691,3.605551242828369,2.2360680103302,1.4142135381698608,2.2360680103302,2.8284270763397217,9.219544410705566,11.313708305358887,8.602325439453125,11.401754379272461,13.892443656921387,16.278820037841797,15.65247631072998,19.416488647460938,23.25940704345703,24.166091918945312,24.698177337646484,25.079872131347656,29.546573638916016,32.69556427001953,29.96664810180664,31.764760971069336,31.95309066772461,33.541019439697266,33.541019439697266,34.885528564453125,33.12099075317383,34.0,34.98571014404297,36.2353401184082,38.07886505126953,34.13209533691406,35.510562896728516,34.438350677490234,34.0,36.055511474609375,32.4499626159668,35.510562896728516,33.60059356689453,32.4499626159668,33.0151481628418,31.240999221801758,32.526912689208984
0,-47.0,-95,21,7,34.058773040771484,30.066593170166016,29.0,24.0,23.0,20.02498435974121,14.0,13.34166431427002,9.0,5.830951690673828,3.605551242828369,2.0,2.2360680103302,3.605551242828369,5.0,9.433980941772461,11.704699516296387,12.083045959472656,14.560219764709473,17.11724281311035,20.39607810974121,20.099750518798828,24.1867733001709,26.07680892944336,26.07680892944336,27.018512725830078,31.064449310302734,34.01470184326172,34.0,35.05709457397461,38.05259704589844,37.0,41.0,39.0128173828125,41.0,42.10700607299805,42.10700607299805,42.04759216308594,42.04759216308594,41.04875183105469,42.19004440307617,42.19004440307617,41.19466018676758,39.11521530151367,42.04759216308594,40.31128692626953,41.19466018676758,39.623226165771484,38.63935852050781,38.832977294921875,38.60051727294922,37.0
0,-47.0,-95,19,11,29.068883895874023,26.832815170288086,23.323806762695312,19.72308349609375,18.027755737304688,15.81138801574707,12.529964447021484,10.630146026611328,8.485280990600586,6.4031243324279785,3.605551242828369,2.0,2.2360680103302,4.123105525970459,4.0,8.062257766723633,8.246211051940918,11.180339813232422,12.649110794067383,12.649110794067383,16.76305389404297,17.0880069732666,17.8885440826416,19.235383987426758,20.59126091003418,21.470911026000977,24.59674835205078,27.294687271118164,27.784887313842773,28.65309715270996,29.529645919799805,30.886890411376953,31.38471031188965,31.764760971069336,31.38471031188965,34.0,34.13209533691406,33.61547088623047,33.12099075317383,34.0,33.541019439697266,33.541019439697266,33.541019439697266,33.105892181396484,32.202484130859375,30.870698928833008,30.463092803955078,32.31098937988281,31.62277603149414,31.320919036865234,31.048349380493164,30.5941162109375
0,-47.0,-95,22,9,55.60575485229492,50.0,42.01190185546875,38.897300720214844,34.71310806274414,30.4138126373291,26.172504425048828,22.022714614868164,19.416488647460938,12.206555366516113,10.049875259399414,8.0,6.4031243324279785,8.062257766723633,10.049875259399414,13.34166431427002,16.124515533447266,17.464248657226562,22.360679626464844,25.553865432739258,27.784887313842773,31.38471031188965,33.83784866333008,37.202152252197266,40.0,42.20189666748047,46.86149978637695,50.447994232177734,52.40229034423828,52.40229034423828,55.226806640625,56.63920974731445,59.46427536010742,60.20797348022461,60.30754470825195,60.87692642211914,61.717098236083984,63.25345993041992,64.44377136230469,63.89052963256836,61.84658432006836,64.03124237060547,63.25345993041992,62.00806427001953,60.0,60.80295944213867,60.80295944213867,61.032779693603516,59.90826416015625,58.830265045166016,58.66856002807617,58.600341796875
0,-47.0,-95,22,9,54.4058837890625,47.434165954589844,45.486263275146484,39.96248245239258,35.84689712524414,28.65309715270996,23.25940704345703,20.615528106689453,17.464248657226562,14.142135620117188,9.219544410705566,5.830951690673828,5.830951690673828,7.0,9.05538558959961,13.892443656921387,16.6433162689209,20.615528106689453,20.615528106689453,26.172504425048828,28.284271240234375,31.890438079833984,36.2353401184082,37.202152252197266,40.607879638671875,43.26661682128906,46.647613525390625,48.54894256591797,51.107730865478516,55.07267761230469,54.708316802978516,57.80138397216797,58.66856002807617,59.6824951171875,62.7694206237793,62.265560150146484,65.3681869506836,62.265560150146484,63.28506851196289,64.66065216064453,63.631752014160156,65.0,63.28506851196289,62.433963775634766,62.433963775634766,60.74536895751953,62.68173599243164,60.80295944213867,61.400325775146484,61.22091293334961,60.30754470825195,59.41380310058594
0,-47.0,-95,21,13,53.22593307495117,48.84669876098633,42.154476165771484,39.560081481933594,32.893768310546875,29.120439529418945,24.351591110229492,21.21320343017578,15.0,11.0,9.05538558959961,7.211102485656738,8.0,8.5440034866333,11.661903381347656,13.45362377166748,17.69180679321289,20.0,25.238859176635742,28.844409942626953,29.681644439697266,34.48188018798828,33.12099075317383,39.39543151855469,41.231056213378906,43.46262741088867,48.46648406982422,49.39635467529297,54.7813835144043,53.75872039794922,57.567352294921875,60.406951904296875,61.46543884277344,61.35144805908203,62.3939094543457,60.406951904296875,63.89052963256836,64.51356506347656,65.78753662109375,66.48307800292969,62.032249450683594,64.62197875976562,62.032249450683594,63.694583892822266,64.47480010986328,62.2414665222168,63.071388244628906,61.741397857666016,61.717098236083984,61.717098236083984,60.90156173706055,59.90826416015625
0,-47.0,-95,19,8,26.925823211669922,25.70992088317871,20.880613327026367,19.416488647460938,15.65247631072998,13.416407585144043,12.649110794067383,7.6157732009887695,8.602325439453125,4.123105525970459,2.2360680103302,3.1622776985168457,1.0,2.2360680103302,4.4721360206604,7.0,8.062257766723633,11.0,12.041594505310059,12.165525436401367,14.560219764709473,15.29705810546875,16.492422103881836,17.72004508972168,19.92485809326172,19.92485809326172,24.041629791259766,24.59674835205078,25.495098114013672,28.23118782043457,28.635643005371094,28.23118782043457,30.4138126373291,30.463092803955078,29.068883895874023,31.78049659729004,32.202484130859375,31.30495262145996,31.30495262145996,31.30495262145996,32.69556427001953,30.870698928833008,30.463092803955078,30.463092803955078,29.96664810180664,30.08321762084961,30.08321762084961,31.016124725341797,29.4108829498291,31.048349380493164,28.861740112304688,30.5941162109375
0,-47.0,-95,22,8,54.037025451660156,47.6340217590332,43.863426208496094,39.69886779785156,35.35533905029297,26.870058059692383,24.083189010620117,19.209373474121094,14.764822959899902,12.529964447021484,9.0,7.0,6.4031243324279785,9.219544410705566,12.0,15.132745742797852,16.76305389404297,22.472204208374023,23.409399032592773,27.312999725341797,28.65309715270996,30.528675079345703,36.8917350769043,38.01315689086914,40.49691390991211,43.8292121887207,47.01063537597656,50.32891845703125,51.22499465942383,55.226806640625,54.488529205322266,58.2580451965332,60.20797348022461,60.20797348022461,60.95900344848633,63.03173828125,61.717098236083984,61.61980056762695,61.073726654052734,61.84658432006836,64.53681182861328,61.22091293334961,64.03124237060547,61.22091293334961,60.4400520324707,61.400325775146484,61.400325775146484,59.40538787841797,61.29437255859375,60.20797348022461,58.66856002807617,56.79788589477539
0,-47.0,-95,19,14,32.202484130859375,29.96664810180664,26.0,22.472204208374023,20.615528106689453,19.313207626342773,13.601470947265625,11.180339813232422,9.219544410705566,6.0,4.123105525970459,2.8284270763397217,2.0,4.4721360206604,5.830951690673828,8.485280990600586,11.313708305358887,12.806248664855957,13.601470947265625,15.264337539672852,15.81138801574707,18.867961883544922,20.59126091003418,23.25940704345703,25.05992889404297,26.0,28.635643005371094,31.016124725341797,31.38471031188965,32.69556427001953,33.61547088623047,34.539833068847656,36.400550842285156,36.67424011230469,37.6961555480957,38.4837646484375,38.07886505126953,37.161808013916016,38.07886505126953,37.57658767700195,37.57658767700195,37.57658767700195,38.01315689086914,37.57658767700195,36.67424011230469,36.2353401184082,36.715118408203125,36.715118408203125,35.84689712524414,36.619667053222656,35.80502700805664,34.828147888183594
0,-47.0,-95,22,8,49.97999572753906,45.54119110107422,40.49691390991211,38.27531814575195,31.78049659729004,27.312999725341797,21.931713104248047,18.357559204101562,14.422204971313477,10.630146026611328,6.7082037925720215,6.0,6.7082037925720215,7.211102485656738,10.440306663513184,13.03840446472168,17.0,20.02498435974121,23.0,25.079872131347656,29.154760360717773,31.400636672973633,31.575305938720703,35.902645111083984,39.293766021728516,41.761226654052734,46.173583984375,47.434165954589844,51.26402282714844,51.26402282714844,54.424259185791016,57.245086669921875,58.18934631347656,57.93962478637695,59.13543701171875,58.872745513916016,60.74536895751953,58.18934631347656,60.083274841308594,61.032779693603516,61.032779693603516,61.35144805908203,60.728904724121094,61.032779693603516,59.4810905456543,58.24087905883789,59.90826416015625,57.723480224609375,58.694122314453125,59.228370666503906,58.54912567138672,55.226806640625
0,-47.0,-95,22,10,50.80354309082031,46.097721099853516,44.384681701660156,36.49657440185547,33.83784866333008,29.4108829498291,24.351591110229492,20.248456954956055,15.231546401977539,11.401754379272461,8.062257766723633,7.280109882354736,7.280109882354736,8.602325439453125,12.083045959472656,12.369317054748535,19.235383987426758,20.02498435974121,22.0,27.018512725830078,32.0,33.0151481628418,35.35533905029297,37.48332977294922,43.5660400390625,42.7551155090332,48.50773239135742,52.17279052734375,53.16013717651367,54.4058837890625,55.785301208496094,58.24087905883789,60.728904724121094,59.90826416015625,61.400325775146484,62.361846923828125,64.56005096435547,65.25334930419922,65.25334930419922,61.13100814819336,62.64183807373047,62.64183807373047,65.0,61.84658432006836,61.84658432006836,61.392181396484375,62.36986541748047,62.169124603271484,61.98386764526367,60.67124557495117,60.29925537109375,60.0333251953125
0,-47.0,-95,22,8,48.764739990234375,44.14748001098633,38.63935852050781,35.510562896728516,31.575305938720703,25.317977905273438,22.090721130371094,17.0,14.03566837310791,12.369317054748535,8.485280990600586,5.385164737701416,7.6157732009887695,8.062257766723633,9.899495124816895,14.422204971313477,14.422204971313477,20.248456954956055,23.25940704345703,26.0,27.312999725341797,30.364452362060547,32.015621185302734,35.902645111083984,40.024993896484375,40.024993896484375,45.7055778503418,48.66210174560547,51.62363815307617,51.4781494140625,52.611785888671875,53.600372314453125,57.706153869628906,58.54912567138672,59.6824951171875,58.694122314453125,60.8276252746582,58.85575485229492,61.814239501953125,63.78871536254883,59.03388977050781,61.188232421875,60.8276252746582,58.85575485229492,60.20797348022461,58.24946212768555,60.20797348022461,59.90826416015625,56.29387283325195,56.32051086425781,55.36244201660156,55.94640350341797
0,-47.0,-95,22,10,55.0,49.81967544555664,43.416587829589844,38.94868469238281,32.557640075683594,29.0,24.75883674621582,19.84943389892578,15.0,11.401754379272461,9.05538558959961,5.830951690673828,5.099019527435303,8.062257766723633,12.041594505310059,14.142135620117188,18.027755737304688,22.135944366455078,25.942243576049805,28.17800521850586,31.38471031188965,35.84689712524414,33.83784866333008,40.804412841796875,43.416587829589844,45.45327377319336,50.447994232177734,54.5618896484375,55.973209381103516,55.226806640625,59.46427536010742,62.28964614868164,64.38167572021484,64.38167572021484,65.4369888305664,64.44377136230469,65.79513549804688,66.60330200195312,68.11754608154297,66.60330200195312,66.06814575195312,67.47592163085938,66.70832061767578,66.06814575195312,65.4369888305664,62.20128631591797,66.0302963256836,65.21502685546875,62.42595672607422,62.96824645996094,63.631752014160156,62.60990524291992
0,-47.0,-95,22,0,34.438350677490234,31.38471031188965,26.570659637451172,23.76972770690918,20.880613327026367,17.464248657226562,14.560219764709473,11.180339813232422,10.0,6.0,4.0,2.2360680103302,3.0,4.123105525970459,5.830951690673828,10.630146026611328,10.816654205322266,14.21267032623291,15.264337539672852,16.6433162689209,19.72308349609375,20.59126091003418,23.25940704345703,24.698177337646484,26.4007568359375,27.312999725341797,31.38471031188965,33.83784866333008,34.78505325317383,37.0,36.68787384033203,37.336307525634766,38.897300720214844,40.16217041015625,39.217342376708984,41.1096076965332,41.43669891357422,41.1096076965332,40.16217041015625,40.16217041015625,41.43669891357422,41.78516387939453,40.853397369384766,39.924930572509766,39.560081481933594,39.924930572509766,38.4837646484375,40.71854782104492,39.824615478515625,39.824615478515625,39.4461669921875,38.832977294921875
0,-47.0,-95,22,10,53.0,49.09175109863281,44.10215377807617,39.20458984375,34.13209533691406,29.154760360717773,24.331050872802734,20.615528106689453,14.866068840026855,11.401754379272461,7.8102498054504395,6.0,7.211102485656738,9.899495124816895,13.03840446472168,13.416407585144043,20.248456954956055,22.360679626464844,27.294687271118164,29.42787742614746,32.140316009521484,35.05709457397461,37.0,41.0,44.0,45.0111083984375,52.038448333740234,55.145263671875,55.145263671875,56.4358024597168,60.406951904296875,62.28964614868164,64.19501495361328,63.19810104370117,65.37583923339844,65.4904556274414,66.18912506103516,67.36467742919922,67.26811981201172,68.4689712524414,66.12110137939453,67.18630981445312,67.26811981201172,66.06814575195312,66.0302963256836,66.0302963256836,65.0,66.0,64.0,64.03124237060547,63.19810104370117,62.801273345947266
0,-47.0,-95,22,9,50.21951675415039,43.680660247802734,42.05948257446289,36.68787384033203,31.95309066772461,28.460498809814453,22.472204208374023,19.313207626342773,15.231546401977539,11.313708305358887,5.830951690673828,3.1622776985168457,5.656854152679443,6.7082037925720215,10.440306663513184,14.03566837310791,16.0,20.0,22.022714614868164,26.172504425048828,29.154760360717773,30.265491485595703,33.95585250854492,39.560081481933594,41.761226654052734,42.05948257446289,48.10405349731445,52.201534271240234,51.26402282714844,53.712196350097656,53.712196350097656,58.694122314453125,59.80802536010742,59.236812591552734,61.46543884277344,62.7694206237793,61.84658432006836,61.46543884277344,62.7694206237793,61.46543884277344,61.84658432006836,61.46543884277344,65.55150604248047,61.46543884277344,62.96824645996094,60.406951904296875,60.083274841308594,59.77457809448242,61.6846809387207,60.16643524169922,59.43904495239258,57.55866622924805
0,-47.0,-95,22,10,52.63079071044922,47.801673889160156,40.52159881591797,36.400550842285156,33.83784866333008,29.154760360717773,23.76972770690918,17.8885440826416,15.0,11.313708305358887,8.5440034866333,7.0,5.830951690673828,10.770329475402832,11.401754379272461,16.031219482421875,17.11724281311035,20.0,24.0,27.018512725830078,29.068883895874023,33.13608169555664,33.37664031982422,37.36308288574219,41.231056213378906,44.384681701660156,51.195701599121094,49.72926712036133,53.45091247558594,52.49761962890625,57.28001403808594,57.567352294921875,60.4400520324707,60.728904724121094,62.09669876098633,60.728904724121094,61.98386764526367,64.51356506347656,65.14598846435547,65.14598846435547,61.84658432006836,66.48307800292969,60.16643524169922,64.56005096435547,63.56099319458008,61.98386764526367,62.96824645996094,61.814239501953125,60.01666259765625,61.0,61.29437255859375,60.0333251953125
0,-47.0,-95,21,14,55.145263671875,48.041648864746094,43.011627197265625,39.051246643066406,33.0151481628418,27.0,23.0867919921875,18.248287200927734,14.866068840026855,9.848857879638672,8.602325439453125,8.062257766723633,7.0,8.602325439453125,12.206555366516113,15.65247631072998,18.384777069091797,22.135944366455078,23.76972770690918,28.635643005371094,32.38827133178711,34.525352478027344,35.510562896728516,41.30375289916992,43.104522705078125,44.04542922973633,52.009613037109375,53.00943374633789,56.0,56.0,57.0,61.0,63.0079345703125,64.0078125,66.0,65.0,66.0,66.0,66.0,67.00746154785156,66.0,67.0,66.00757598876953,64.0,66.0,64.03124237060547,66.06814575195312,63.19810104370117,66.18912506103516,63.50590515136719,61.814239501953125,61.188232421875
0,-47.0,-95,21,9,50.447994232177734,32.140316009521484,38.01315689086914,38.62641525268555,34.01470184326172,24.041629791259766,20.59126091003418,17.804492950439453,13.892443656921387,8.062257766723633,4.123105525970459,4.242640495300293,5.0,7.280109882354736,10.0,15.0,17.262676239013672,19.10497283935547,22.203603744506836,24.041629791259766,28.635643005371094,28.160255432128906,33.241539001464844,37.161808013916016,37.161808013916016,37.57658767700195,43.382022857666016,46.097721099853516,49.19349670410156,50.537113189697266,50.990196228027344,53.23532485961914,55.4707145690918,54.120235443115234,58.5918083190918,57.245086669921875,58.5918083190918,57.245086669921875,58.13776779174805,56.82429122924805,57.697486877441406,56.79788589477539,57.706153869628906,55.009090423583984,55.94640350341797,54.230987548828125,55.03635025024414,55.71355438232422,54.625999450683594,56.30275344848633,52.201534271240234,51.6623649597168
0,-47.0,-95,22,10,53.66563034057617,47.01063537597656,42.19004440307617,37.735923767089844,33.2866325378418,26.62705421447754,22.203603744506836,16.970561981201172,14.21267032623291,10.29563045501709,8.0,5.099019527435303,7.280109882354736,9.05538558959961,13.0,18.027755737304688,20.2237491607666,22.360679626464844,25.63201141357422,29.154760360717773,31.95309066772461,34.928497314453125,36.24913787841797,41.18252182006836,45.17742919921875,47.88528060913086,51.97114562988281,54.37830352783203,56.30275344848633,58.24946212768555,60.464866638183594,61.29437255859375,64.8999252319336,65.19202423095703,64.66065216064453,65.19202423095703,65.19202423095703,65.19202423095703,67.23094177246094,66.8879623413086,67.74215698242188,68.26419067382812,65.51335906982422,66.37017059326172,64.14047241210938,65.0,64.88451385498047,64.88451385498047,63.50590515136719,63.158531188964844,63.90618133544922,61.6846809387207
0,-47.0,-95,19,16,31.62277603149414,29.120439529418945,25.961509704589844,23.76972770690918,20.39607810974121,16.278820037841797,13.34166431427002,10.0,9.0,5.0,3.1622776985168457,3.0,3.0,5.0,7.8102498054504395,10.0,11.661903381347656,13.416407585144043,16.552946090698242,17.464248657226562,18.973665237426758,21.540658950805664,23.0867919921875,23.76972770690918,27.658634185791016,27.658634185791016,31.575305938720703,33.541019439697266,33.541019439697266,34.525352478027344,36.49657440185547,37.656341552734375,39.458839416503906,39.458839416503906,40.79215621948242,40.4474983215332,41.30375289916992,40.4474983215332,40.4474983215332,40.4474983215332,40.4474983215332,42.42640686035156,40.4474983215332,39.81205749511719,40.79215621948242,38.07886505126953,38.63935852050781,39.293766021728516,38.327537536621094,38.60051727294922,37.947330474853516,36.400550842285156
0,-47.0,-95,21,14,53.712196350097656,47.53945541381836,45.31004333496094,37.6961555480957,33.83784866333008,26.248809814453125,23.34523582458496,19.235383987426758,14.0,11.0,6.7082037925720215,6.324555397033691,7.0,9.848857879638672,13.601470947265625,17.804492950439453,20.615528106689453,23.021728515625,26.419689178466797,30.01666259765625,33.12099075317383,36.67424011230469,38.07886505126953,42.379241943359375,45.221675872802734,47.53945541381836,52.49761962890625,57.28001403808594,56.75385284423828,60.63827133178711,60.87692642211914,62.817195892333984,63.78871536254883,66.94026947021484,66.94026947021484,68.15423583984375,68.88395690917969,68.15423583984375,68.15423583984375,66.70832061767578,69.12307739257812,65.96968841552734,69.63475799560547,68.15423583984375,67.18630981445312,67.72000885009766,66.48307800292969,66.48307800292969,66.73080444335938,65.19202423095703,63.694583892822266,61.717098236083984
0,-47.0,-95,22,10,53.15073013305664,47.67599105834961,41.59326934814453,37.336307525634766,32.75667953491211,25.70992088317871,21.840330123901367,18.027755737304688,13.03840446472168,9.433980941772461,7.280109882354736,7.0,5.656854152679443,8.5440034866333,13.34166431427002,17.262676239013672,22.360679626464844,23.021728515625,25.0,29.017236709594727,33.0,35.0,36.0,40.31128692626953,44.40720748901367,46.27094268798828,52.611785888671875,52.95280838012695,56.08921432495117,57.070133209228516,59.228370666503906,61.814239501953125,64.93843078613281,63.150611877441406,65.6201171875,67.89698028564453,67.26811981201172,65.92420196533203,65.92420196533203,67.08203887939453,67.60177612304688,66.75328063964844,66.75328063964844,64.49806213378906,65.37583923339844,64.28063201904297,66.18912506103516,66.27216339111328,63.03173828125,63.0,66.0,61.20457458496094
0,-47.0,-95,22,11,54.37830352783203,47.01063537597656,41.59326934814453,38.01315689086914,34.0,25.495098114013672,22.472204208374023,17.464248657226562,14.03566837310791,8.0,6.0,5.099019527435303,6.082762718200684,9.433980941772461,12.727922439575195,16.970561981201172,22.022714614868164,23.430749893188477,28.017850875854492,31.064449310302734,33.12099075317383,38.07886505126953,42.05948257446289,43.08131790161133,47.01063537597656,51.078372955322266,55.36244201660156,56.64803695678711,60.406951904296875,61.98386764526367,62.62587356567383,67.35725402832031,68.62215423583984,69.57010650634766,70.83784484863281,71.47027587890625,71.7844009399414,70.51950073242188,70.83784484863281,70.83784484863281,70.83784484863281,71.47027587890625,70.83784484863281,70.83784484863281,70.00714111328125,69.28924560546875,69.07966613769531,68.54196166992188,68.54196166992188,67.97793579101562,67.5351791381836,65.19202423095703
0,-47.0,-95,22,10,51.22499465942383,45.45327377319336,43.185646057128906,36.878177642822266,31.11269760131836,24.75883674621582,20.51828384399414,17.029386520385742,13.03840446472168,9.486832618713379,6.324555397033691,4.4721360206604,8.0,11.180339813232422,11.401754379272461,17.492855072021484,21.095022201538086,25.553865432739258,26.62705421447754,29.4108829498291,32.202484130859375,35.80502700805664,39.824615478515625,42.44997024536133,45.27692413330078,47.381431579589844,52.345008850097656,55.865909576416016,55.90169906616211,62.28964614868164,60.14149856567383,62.96824645996094,65.11528015136719,65.85590362548828,67.94115447998047,70.1783447265625,68.11754608154297,68.01470184326172,70.0927963256836,67.20863342285156,70.72481536865234,66.48307800292969,72.18032836914062,64.38167572021484,67.89698028564453,65.0691909790039,66.48307800292969,66.52819061279297,67.35725402832031,64.44377136230469,65.4369888305664,61.85466766357422
0,-47.0,-95,21,15,51.61395263671875,48.60041046142578,42.8018684387207,37.80211639404297,32.649654388427734,27.658634185791016,19.79899024963379,17.69180679321289,11.661903381347656,8.5440034866333,6.0,6.4031243324279785,9.219544410705566,13.0,16.031219482421875,18.681541442871094,23.0867919921875,24.351591110229492,29.068883895874023,30.870698928833008,34.438350677490234,38.07886505126953,39.96248245239258,44.10215377807617,46.87216567993164,50.80354309082031,56.40035629272461,58.00862121582031,59.81638717651367,60.4400520324707,62.62587356567383,66.06814575195312,66.84310150146484,67.62396240234375,69.81404113769531,71.21797180175781,72.4706802368164,71.21797180175781,71.21797180175781,71.84010314941406,71.21797180175781,71.40028381347656,70.0,70.0,69.40460968017578,68.24221801757812,69.3397445678711,69.1158447265625,69.97142028808594,65.86349487304688,67.08203887939453,65.39112854003906
0,-47.0,-95,22,11,53.600372314453125,47.801673889160156,41.1096076965332,33.60059356689453,31.14482307434082,24.75883674621582,20.51828384399414,16.6433162689209,13.416407585144043,8.062257766723633,8.246211051940918,6.7082037925720215,8.0,14.03566837310791,16.124515533447266,18.681541442871094,21.540658950805664,25.63201141357422,29.529645919799805,33.2866325378418,34.98571014404297,39.66106414794922,39.66106414794922,44.821868896484375,48.60041046142578,51.088157653808594,55.44366455078125,58.898216247558594,60.20797348022461,64.53681182861328,63.78087615966797,66.52819061279297,69.42621612548828,68.680419921875,68.7677230834961,70.0927963256836,71.58910369873047,70.93659210205078,72.34638977050781,70.83784484863281,72.4706802368164,71.70076751708984,71.70076751708984,70.43436431884766,69.81404113769531,68.4105224609375,70.21395874023438,68.818603515625,68.50547790527344,67.23094177246094,67.60177612304688,65.79513549804688
0,-47.0,-95,20,8,23.853721618652344,24.698177337646484,20.59126091003418,17.0,17.0,13.928388595581055,9.433980941772461,8.062257766723633,6.324555397033691,2.2360680103302,2.0,2.2360680103302,3.605551242828369,5.0,5.656854152679443,10.630146026611328,11.401754379272461,12.041594505310059,15.0,15.264337539672852,19.416488647460938,17.492855072021484,21.02379608154297,22.472204208374023,24.166091918945312,25.079872131347656,28.635643005371094,29.154760360717773,30.463092803955078,32.69556427001953,32.69556427001953,32.69556427001953,35.84689712524414,34.01470184326172,35.46829605102539,36.769554138183594,37.336307525634766,36.400550842285156,37.336307525634766,36.769554138183594,37.57658767700195,37.57658767700195,34.928497314453125,35.34119415283203,36.24913787841797,35.35533905029297,34.438350677490234,35.35533905029297,32.649654388427734,33.61547088623047,33.2866325378418,33.0151481628418
0,-47.0,-95,22,10,45.221675872802734,38.60051727294922,34.828147888183594,30.479501724243164,26.90724754333496,23.34523582458496,17.69180679321289,13.601470947265625,11.180339813232422,6.0,4.0,3.605551242828369,7.0,10.049875259399414,13.601470947265625,16.552946090698242,20.124610900878906,22.825424194335938,25.05992889404297,28.301942825317383,29.4108829498291,33.83784866333008,34.20526123046875,37.53664779663086,40.360870361328125,43.185646057128906,47.381431579589844,48.79549026489258,51.62363815307617,52.32590103149414,53.740116119384766,56.56854248046875,57.982757568359375,60.10823440551758,60.10823440551758,58.728187561035156,61.52235412597656,60.10823440551758,61.52235412597656,62.22539520263672,60.14149856567383,61.52235412597656,59.41380310058594,58.694122314453125,59.396968841552734,58.051700592041016,57.384666442871094,58.79625701904297,55.973209381103516,56.85068130493164,55.60575485229492,54.37830352783203
0,-47.0,-95,22,9,44.777225494384766,39.357337951660156,35.7770881652832,32.202484130859375,26.925823211669922,20.59126091003418,18.867961883544922,12.806248664855957,11.313708305358887,7.071067810058594,3.1622776985168457,6.324555397033691,7.280109882354736,12.041594505310059,15.0,16.278820037841797,20.39607810974121,22.803508758544922,26.248809814453125,30.675724029541016,32.893768310546875,34.928497314453125,37.57658767700195,39.81205749511719,42.48529052734375,45.650848388671875,51.4781494140625,52.35456085205078,55.07267761230469,57.14017868041992,58.52349853515625,59.16925048828125,62.7694206237793,62.7694206237793,63.631752014160156,62.68173599243164,64.35060119628906,62.433963775634766,64.66065216064453,64.14047241210938,62.7694206237793,63.28506851196289,64.49806213378906,62.265560150146484,60.90156173706055,59.9416389465332,59.9416389465332,62.60990524291992,60.835845947265625,60.008331298828125,60.539241790771484,59.4810905456543
0,-46.0,-95,21,15,50.03998565673828,43.046485900878906,41.19466018676758,33.13608169555664,30.149627685546875,24.331050872802734,18.681541442871094,15.524174690246582,9.486832618713379,6.4031243324279785,4.0,6.4031243324279785,7.6157732009887695,11.180339813232422,16.124515533447266,20.099750518798828,23.021728515625,27.0,30.0,33.060550689697266,35.0142822265625,38.20994567871094,43.185646057128906,45.54119110107422,48.50773239135742,50.635955810546875,54.34151077270508,58.694122314453125,59.203041076660156,65.0,64.03124237060547,65.96968841552734,69.37578582763672,67.91170501708984,69.12307739257812,70.0927963256836,69.85699462890625,69.12307739257812,69.85699462890625,68.88395690917969,70.3420181274414,68.88395690917969,70.8307876586914,67.91170501708984,68.88395690917969,67.46851348876953,68.44705963134766,67.26811981201172,67.74215698242188,67.60177612304688,65.27633666992188,63.03173828125
0,-47.0,-95,19,13,29.27456283569336,27.294687271118164,21.3775577545166,19.416488647460938,17.464248657226562,14.560219764709473,12.369317054748535,7.6157732009887695,6.324555397033691,2.8284270763397217,0.0,1.4142135381698608,4.4721360206604,6.324555397033691,8.062257766723633,9.0,12.0,14.0,17.11724281311035,18.11077117919922,20.2237491607666,22.360679626464844,21.3775577545166,25.0,26.925823211669922,28.861740112304688,32.280025482177734,32.572994232177734,35.11410140991211,35.11410140991211,37.0,37.0,38.27531814575195,39.560081481933594,38.27531814575195,39.560081481933594,40.49691390991211,39.217342376708984,40.16217041015625,40.49691390991211,39.84971618652344,41.1096076965332,39.84971618652344,38.897300720214844,37.947330474853516,37.947330474853516,37.36308288574219,37.36308288574219,38.07886505126953,36.878177642822266,36.67424011230469,36.22154235839844
0,-47.0,-95,19,13,27.80287742614746,24.83948516845703,23.600847244262695,20.0,16.401220321655273,14.21267032623291,10.770329475402832,8.9442720413208,5.099019527435303,4.0,3.1622776985168457,2.0,5.0,6.324555397033691,8.9442720413208,8.602325439453125,11.401754379272461,13.45362377166748,14.866068840026855,17.69180679321289,18.439088821411133,21.40093421936035,21.260292053222656,24.83948516845703,25.806976318359375,27.20294189453125,30.528675079345703,31.064449310302734,33.0151481628418,34.13209533691406,34.13209533691406,37.2155876159668,36.8917350769043,36.359317779541016,38.27531814575195,37.2155876159668,37.735923767089844,37.44329071044922,39.11521530151367,37.44329071044922,38.587562561035156,37.44329071044922,39.11521530151367,38.27531814575195,37.44329071044922,36.8917350769043,37.202152252197266,35.80502700805664,38.41874694824219,37.013511657714844,36.12478256225586,33.941123962402344
0,-46.0,-95,21,15,52.55473327636719,45.54119110107422,42.379241943359375,37.64305877685547,31.320919036865234,23.53720474243164,22.360679626464844,15.0,11.0,6.324555397033691,7.211102485656738,5.0,8.062257766723633,12.727922439575195,14.866068840026855,19.416488647460938,21.954498291015625,26.419689178466797,28.17800521850586,33.61547088623047,35.84689712524414,38.27531814575195,43.08131790161133,45.880279541015625,47.53945541381836,50.96076965332031,56.75385284423828,58.46366500854492,61.188232421875,63.150611877441406,64.32728576660156,67.26811981201172,68.44705963134766,68.65857696533203,70.40596771240234,71.58910369873047,71.58910369873047,70.61161041259766,70.61161041259766,71.80529022216797,71.58910369873047,70.61161041259766,70.8307876586914,68.88395690917969,68.88395690917969,67.18630981445312,69.12307739257812,68.680419921875,67.72000885009766,66.0984115600586,66.128662109375,64.88451385498047
0,-46.0,-95,20,20,51.009803771972656,47.01063537597656,41.0,36.0,30.0,26.019224166870117,20.02498435974121,15.132745742797852,10.198039054870605,4.4721360206604,4.0,5.0,10.29563045501709,13.601470947265625,18.681541442871094,20.39607810974121,24.331050872802734,27.294687271118164,33.13608169555664,35.12833786010742,38.05259704589844,42.04759216308594,43.011627197265625,48.0,51.0,54.037025451660156,60.074954986572266,61.13100814819336,64.1248779296875,65.37583923339844,68.35934448242188,71.25306701660156,71.25306701660156,71.25306701660156,74.1687240600586,72.3394775390625,73.55270385742188,73.33484649658203,74.4311752319336,76.32168579101562,73.17103576660156,73.24616241455078,73.24616241455078,71.11258697509766,71.02816009521484,71.02816009521484,71.00704193115234,71.00704193115234,70.0,70.0,68.02940368652344,68.35934448242188
0,-46.0,-95,21,15,50.48762130737305,43.416587829589844,41.9761848449707,33.541019439697266,29.832868576049805,22.56102752685547,18.681541442871094,13.0,8.9442720413208,5.0,3.0,4.4721360206604,8.062257766723633,14.0,16.0,21.0,23.0,29.068883895874023,31.256999969482422,33.37664031982422,37.2155876159668,40.79215621948242,43.5660400390625,46.3249397277832,50.447994232177734,51.41984176635742,57.9741325378418,59.77457809448242,61.032779693603516,65.14598846435547,64.19501495361328,69.2603759765625,69.2603759765625,70.21395874023438,70.21395874023438,72.42237091064453,72.42237091064453,71.16881561279297,73.08214569091797,70.60453033447266,73.08214569091797,70.21395874023438,73.08214569091797,69.37578582763672,69.12307739257812,68.88395690917969,68.88395690917969,68.65857696533203,69.42621612548828,68.06614685058594,67.47592163085938,65.12296295166016
0,-46.0,-95,21,16,48.08325958251953,45.27692413330078,40.360870361328125,34.71310806274414,29.73213768005371,23.430749893188477,18.601076126098633,13.03840446472168,8.9442720413208,6.0,1.4142135381698608,5.0,8.5440034866333,12.206555366516113,15.81138801574707,20.0,24.041629791259766,26.172504425048828,29.698484420776367,33.970577239990234,36.878177642822266,40.360870361328125,43.416587829589844,46.40043258666992,49.20365905761719,52.430908203125,58.52349853515625,59.07622146606445,61.057350158691406,63.28506851196289,64.66065216064453,66.8879623413086,69.1158447265625,69.1158447265625,70.8307876586914,70.32780456542969,72.20111083984375,71.86793518066406,71.34423828125,72.20111083984375,70.49113464355469,70.8307876586914,69.97142028808594,70.8307876586914,69.6419448852539,67.41661834716797,69.89277648925781,68.50547790527344,67.42403411865234,67.00746154785156,64.66065216064453,65.11528015136719
0,-47.0,-95,19,15,31.064449310302734,28.301942825317383,21.954498291015625,18.027755737304688,18.384777069091797,15.81138801574707,12.529964447021484,7.071067810058594,8.246211051940918,2.0,0.0,2.8284270763397217,2.8284270763397217,5.385164737701416,7.8102498054504395,12.529964447021484,13.03840446472168,14.866068840026855,18.601076126098633,17.20465087890625,21.63330841064453,22.203603744506836,24.166091918945312,25.63201141357422,27.513633728027344,29.546573638916016,32.202484130859375,36.055511474609375,34.78505325317383,37.336307525634766,39.560081481933594,37.6961555480957,41.43669891357422,39.924930572509766,41.43669891357422,42.72002029418945,43.011627197265625,42.379241943359375,42.72002029418945,42.05948257446289,41.231056213378906,42.72002029418945,40.49691390991211,38.62641525268555,40.49691390991211,39.81205749511719,38.4837646484375,39.81205749511719,38.4837646484375,38.910152435302734,38.07886505126953,38.27531814575195
0,-47.0,-95,22,10,44.0113639831543,36.055511474609375,32.015621185302734,29.0,23.34523582458496,18.027755737304688,16.124515533447266,12.649110794067383,11.180339813232422,5.0,2.0,3.1622776985168457,6.324555397033691,10.198039054870605,14.03566837310791,17.11724281311035,20.0,23.0,27.018512725830078,26.07680892944336,30.265491485595703,33.13608169555664,34.36568069458008,37.85498809814453,40.607879638671875,42.7551155090332,47.29693603515625,48.764739990234375,49.33558654785156,52.201534271240234,52.201534271240234,55.36244201660156,56.61272048950195,57.00876998901367,57.567352294921875,58.24087905883789,58.8217658996582,58.24087905883789,59.4810905456543,58.8217658996582,59.4810905456543,59.77457809448242,58.52349853515625,57.28001403808594,57.567352294921875,56.32051086425781,57.00876998901367,57.48912811279297,55.10898208618164,56.08921432495117,55.73149871826172,54.147945404052734
0,-47.0,-95,22,7,38.4837646484375,34.438350677490234,27.73084831237793,25.495098114013672,21.095022201538086,16.6433162689209,11.661903381347656,9.219544410705566,6.4031243324279785,4.123105525970459,4.4721360206604,5.830951690673828,7.071067810058594,10.0,15.29705810546875,15.524174690246582,18.681541442871094,21.931713104248047,24.166091918945312,24.351591110229492,28.635643005371094,29.96664810180664,31.78049659729004,35.35533905029297,36.715118408203125,38.07886505126953,43.5660400390625,44.10215377807617,46.3249397277832,48.010414123535156,49.09175109863281,51.03919982910156,53.5350341796875,53.25410842895508,52.47856521606445,54.08327102661133,54.64430618286133,51.03919982910156,53.851646423339844,51.62363815307617,53.5350341796875,54.918121337890625,54.708316802978516,52.839378356933594,51.107730865478516,51.97114562988281,51.88448715209961,50.6063232421875,52.77309799194336,51.89412307739258,50.56678771972656,49.97999572753906
0,-46.0,-95,21,17,55.44366455078125,48.83646011352539,43.931766510009766,37.85498809814453,32.98484420776367,24.73863410949707,21.189620971679688,16.124515533447266,10.816654205322266,6.4031243324279785,5.385164737701416,8.9442720413208,11.180339813232422,14.142135620117188,18.11077117919922,23.021728515625,26.019224166870117,31.064449310302734,33.13608169555664,38.327537536621094,41.59326934814453,44.14748001098633,47.85394287109375,50.695167541503906,54.5710563659668,56.04462432861328,62.361846923828125,65.802734375,66.0984115600586,72.42237091064453,70.21395874023438,73.05477142333984,76.216796875,76.843994140625,77.79460144042969,79.69943237304688,78.74642944335938,80.08120727539062,79.12016296386719,77.49193572998047,78.74642944335938,76.5375747680664,80.08120727539062,75.0,76.92203521728516,74.72616577148438,74.95331573486328,74.95331573486328,74.52516174316406,73.97972869873047,72.56031799316406,70.06425476074219
0,-46.0,-95,21,17,53.93514633178711,49.81967544555664,42.7551155090332,37.85498809814453,31.256999969482422,26.172504425048828,19.02629852294922,14.0,11.401754379272461,5.830951690673828,5.0,7.8102498054504395,10.0,15.264337539672852,18.788293838500977,23.409399032592773,27.513633728027344,30.364452362060547,34.928497314453125,38.07886505126953,40.79215621948242,44.9110221862793,47.381431579589844,52.15361785888672,54.147945404052734,57.14017868041992,63.03173828125,64.07027435302734,69.02897644042969,69.00724792480469,72.02777099609375,74.06078338623047,76.02631378173828,76.02631378173828,79.05693817138672,77.0,79.0,78.00640869140625,79.00633239746094,79.00633239746094,78.05767059326172,80.02499389648438,78.00640869140625,77.05841827392578,76.10519409179688,74.1687240600586,75.32595825195312,74.4311752319336,72.3394775390625,74.4311752319336,73.82411193847656,70.8307876586914
0,-46.0,-95,22,13,54.0,49.0,43.104522705078125,35.12833786010742,31.064449310302734,26.07680892944336,20.2237491607666,14.317821502685547,10.198039054870605,5.0,3.0,4.4721360206604,10.440306663513184,15.132745742797852,18.248287200927734,23.0,27.0,31.0,35.05709457397461,38.11823654174805,41.1096076965332,44.18144226074219,47.381431579589844,51.788028717041016,54.12947463989258,56.29387283325195,64.03124237060547,66.94026947021484,67.18630981445312,69.6419448852539,71.84010314941406,75.0,75.96051788330078,75.69015502929688,77.88452911376953,79.12016296386719,78.16009521484375,79.8122787475586,79.12016296386719,79.12016296386719,78.33900451660156,77.88452911376953,78.84795379638672,74.72616577148438,76.40026092529297,73.97972869873047,76.15773010253906,75.50496673583984,74.52516174316406,73.16419982910156,73.82411193847656,71.25306701660156
0,-47.0,-95,22,13,50.2493782043457,44.94440841674805,40.31128692626953,35.84689712524414,27.784887313842773,23.600847244262695,17.69180679321289,12.727922439575195,9.219544410705566,5.099019527435303,5.830951690673828,8.062257766723633,10.049875259399414,16.492422103881836,20.124610900878906,22.472204208374023,29.068883895874023,31.30495262145996,37.2155876159668,39.66106414794922,43.26661682128906,45.80392837524414,46.87216567993164,52.801513671875,56.40035629272461,59.203041076660156,65.94694519042969,64.44377136230469,71.44927978515625,70.72481536865234,75.69015502929688,77.077880859375,79.98124694824219,78.56844329833984,78.56844329833984,78.64476776123047,79.24645233154297,80.65978240966797,79.90619659423828,82.8070068359375,79.20858764648438,81.39410400390625,79.93122100830078,80.72174072265625,78.56844329833984,77.33692169189453,78.8733139038086,76.83749389648438,75.60423278808594,75.0,74.88658142089844,74.94664764404297
0,-46.0,-95,22,13,54.424259185791016,45.221675872802734,44.271888732910156,36.400550842285156,32.015621185302734,23.53720474243164,19.416488647460938,16.278820037841797,9.0,4.4721360206604,4.0,8.062257766723633,11.401754379272461,15.81138801574707,19.235383987426758,24.166091918945312,27.312999725341797,32.69556427001953,35.11410140991211,36.055511474609375,41.1096076965332,45.880279541015625,48.08325958251953,51.41984176635742,53.600372314453125,57.48912811279297,65.51335906982422,65.11528015136719,66.91038513183594,69.87130737304688,70.85901641845703,73.16419982910156,75.13321685791016,76.48529052734375,77.27871704101562,77.46611785888672,78.08969116210938,78.08969116210938,78.08969116210938,79.24645233154297,78.08969116210938,79.24645233154297,77.27871704101562,75.31268310546875,73.54590606689453,73.97972869873047,75.18643188476562,75.18643188476562,73.76313781738281,73.37574768066406,71.7844009399414,71.69379425048828
0,-46.0,-95,22,14,54.20331954956055,48.41487503051758,43.27817153930664,36.79673767089844,31.11269760131836,24.083189010620117,19.84943389892578,13.601470947265625,8.9442720413208,7.071067810058594,5.385164737701416,10.440306663513184,12.649110794067383,17.0,20.59126091003418,27.459060668945312,30.0,35.608985900878906,37.64305877685547,41.1096076965332,46.010868072509766,48.83646011352539,53.037723541259766,56.63920974731445,60.14149856567383,63.03173828125,68.4105224609375,71.21797180175781,74.02702331542969,77.20103454589844,77.0064926147461,80.0,82.20097351074219,81.60882568359375,84.20214080810547,85.8021011352539,85.0,83.6002426147461,85.0,83.81526947021484,85.8021011352539,83.40863037109375,84.40379333496094,80.60397338867188,81.4002456665039,79.2022705078125,80.60397338867188,80.15609741210938,80.15609741210938,78.56844329833984,77.78174591064453,75.74298858642578
0,-46.0,-95,22,13,52.201534271240234,45.880279541015625,43.32435989379883,33.83784866333008,30.675724029541016,23.76972770690918,18.384777069091797,13.03840446472168,7.211102485656738,3.0,5.0,9.05538558959961,12.041594505310059,19.416488647460938,21.587032318115234,26.925823211669922,30.08321762084961,33.52610778808594,36.769554138183594,42.154476165771484,44.94440841674805,48.332183837890625,52.0,55.009090423583984,58.13776779174805,60.373836517333984,67.11929321289062,70.8307876586914,70.32780456542969,77.02597045898438,74.4311752319336,75.80237579345703,78.892333984375,80.26206970214844,83.35466766357422,84.38008880615234,81.6333236694336,82.49242401123047,81.12335968017578,80.26206970214844,82.49242401123047,80.26206970214844,84.2199478149414,77.5241928100586,77.89736938476562,78.77182006835938,76.94153594970703,78.71467590332031,78.26238250732422,76.967529296875,76.15773010253906,74.0
0,-46.0,-95,22,13,53.93514633178711,46.87216567993164,41.43669891357422,34.36568069458008,30.149627685546875,24.1867733001709,19.10497283935547,13.03840446472168,8.062257766723633,3.605551242828369,3.605551242828369,7.6157732009887695,12.649110794067383,17.72004508972168,20.615528106689453,25.317977905273438,29.27456283569336,31.400636672973633,36.12478256225586,40.04996871948242,45.0444221496582,48.093658447265625,50.0099983215332,55.009090423583984,57.03507614135742,59.07622146606445,66.27216339111328,69.18092346191406,71.25306701660156,73.43704986572266,75.42546081542969,77.41446685791016,78.31346893310547,78.63841247558594,80.39900207519531,81.61495208740234,82.49242401123047,81.61495208740234,81.49846649169922,81.49846649169922,82.38932037353516,80.5046615600586,80.39900207519531,77.3175277709961,78.51751708984375,76.32168579101562,79.30951690673828,77.23341369628906,77.16217041015625,76.00657653808594,75.00666809082031,72.44308471679688
0,-47.0,-95,22,12,47.51841735839844,42.42640686035156,38.470767974853516,32.140316009521484,27.073972702026367,20.0,15.0,10.0,7.071067810058594,0.0,4.123105525970459,9.05538558959961,12.041594505310059,17.0,20.02498435974121,26.07680892944336,31.0,33.060550689697266,36.0,40.04996871948242,46.010868072509766,44.10215377807617,50.15974426269531,56.718605041503906,56.88584899902344,57.87054443359375,65.73431396484375,67.91170501708984,69.6419448852539,72.2772445678711,72.2772445678711,75.0,78.44743347167969,75.28611755371094,80.08120727539062,79.8122787475586,80.36167907714844,80.08120727539062,78.74642944335938,82.2192153930664,80.52328491210938,78.16009521484375,78.44743347167969,77.49193572998047,79.69943237304688,75.0,77.20103454589844,76.92203521728516,75.69015502929688,73.54590606689453,75.13321685791016,72.44308471679688
0,-46.0,-95,22,13,51.54609680175781,45.54119110107422,40.49691390991211,35.11410140991211,28.792360305786133,22.847318649291992,17.8885440826416,13.03840446472168,7.071067810058594,2.0,4.123105525970459,9.0,13.152946472167969,17.262676239013672,21.840330123901367,25.298221588134766,29.73213768005371,33.241539001464844,37.57658767700195,41.146080017089844,45.617977142333984,47.41307830810547,50.08992004394531,55.226806640625,57.45433044433594,59.6824951171875,65.73431396484375,68.24221801757812,71.02816009521484,74.40430450439453,73.81734466552734,76.6093978881836,79.4040298461914,80.21221923828125,80.0,81.60882568359375,82.80096435546875,80.80223083496094,81.60882568359375,81.4002456665039,80.80223083496094,80.60397338867188,80.80223083496094,78.81623840332031,77.42092895507812,76.843994140625,77.66595458984375,77.66595458984375,76.00657653808594,74.94664764404297,73.82411193847656,73.79024505615234
0,-46.0,-95,22,14,53.037723541259766,44.59820556640625,40.45985794067383,34.058773040771484,28.42534065246582,23.600847244262695,18.027755737304688,11.661903381347656,7.280109882354736,3.1622776985168457,3.0,7.8102498054504395,12.041594505310059,16.970561981201172,20.51828384399414,25.612497329711914,29.73213768005371,32.015621185302734,37.44329071044922,42.72002029418945,45.486263275146484,47.88528060913086,50.2493782043457,56.35601043701172,58.5918083190918,60.373836517333984,67.11929321289062,68.54196166992188,71.30918884277344,74.84651184082031,76.69419860839844,78.54934692382812,80.41144561767578,79.84986114501953,82.63776397705078,83.00602722167969,82.63776397705078,83.21658325195312,82.07923126220703,81.70679473876953,81.3449478149414,83.00602722167969,83.57032775878906,80.05622863769531,79.47956085205078,78.0,79.30951690673828,79.84986114501953,78.79086303710938,75.58438873291016,76.5375747680664,73.7834701538086
0,-46.0,-95,22,14,48.82622146606445,43.26661682128906,37.013511657714844,31.400636672973633,26.4007568359375,21.260292053222656,15.620499610900879,11.313708305358887,7.211102485656738,3.0,4.0,8.5440034866333,13.03840446472168,16.124515533447266,20.248456954956055,25.0,27.20294189453125,31.400636672973633,34.71310806274414,39.623226165771484,41.773197174072266,44.55333709716797,47.381431579589844,51.088157653808594,55.31726837158203,56.7274169921875,62.62587356567383,66.84310150146484,67.80117797851562,71.40028381347656,69.81404113769531,74.20242309570312,75.0,75.21302795410156,76.40026092529297,77.42092895507812,78.00640869140625,76.6093978881836,77.20103454589844,76.6093978881836,77.20103454589844,76.40026092529297,78.00640869140625,73.60027313232422,74.20242309570312,72.62230682373047,72.4706802368164,73.10950469970703,73.87828063964844,70.1783447265625,71.44927978515625,67.89698028564453
0,-46.0,-95,21,18,50.990196228027344,46.097721099853516,40.26164245605469,34.48188018798828,27.892650604248047,19.92485809326172,16.155494689941406,9.848857879638672,4.4721360206604,2.8284270763397217,5.385164737701416,10.049875259399414,15.033296585083008,20.099750518798828,23.34523582458496,27.658634185791016,32.015621185302734,34.48188018798828,40.804412841796875,43.96589660644531,45.880279541015625,50.9215087890625,53.48831558227539,56.46237564086914,60.008331298828125,62.64982223510742,67.97793579101562,71.11258697509766,73.79024505615234,76.5375747680664,77.82672882080078,80.95059967041016,84.07734680175781,82.76472473144531,84.53401947021484,85.0,85.0,86.83317565917969,85.47514343261719,85.8836441040039,83.6480712890625,84.53401947021484,85.0,82.76472473144531,82.73451232910156,79.60527801513672,80.52949523925781,81.43709564208984,80.11241912841797,79.47956085205078,77.49193572998047,75.58438873291016
0,-47.0,-95,19,20,30.08321762084961,23.409399032592773,17.0,8.246211051940918,18.867961883544922,12.649110794067383,8.062257766723633,3.605551242828369,4.0,4.0,4.0,6.324555397033691,6.7082037925720215,8.602325439453125,8.5440034866333,15.524174690246582,17.0880069732666,16.492422103881836,19.92485809326172,21.470911026000977,24.351591110229492,23.25940704345703,28.17800521850586,28.844409942626953,30.232433319091797,30.232433319091797,31.906112670898438,38.832977294921875,37.80211639404297,37.735923767089844,39.96248245239258,39.408119201660156,43.011627197265625,40.49691390991211,41.617305755615234,42.19004440307617,44.10215377807617,43.8292121887207,43.8292121887207,42.20189666748047,43.011627197265625,42.43819046020508,41.617305755615234,40.804412841796875,41.88078308105469,39.11521530151367,40.224369049072266,40.8166618347168,39.11521530151367,37.2155876159668,38.01315689086914,36.400550842285156
0,-46.0,-95,22,14,48.27007293701172,43.931766510009766,36.12478256225586,31.14482307434082,24.75883674621582,21.21320343017578,14.866068840026855,10.630146026611328,6.4031243324279785,1.0,4.123105525970459,8.602325439453125,13.45362377166748,18.384777069091797,22.671567916870117,25.495098114013672,31.11269760131836,32.526912689208984,38.28837966918945,40.45985794067383,43.931766510009766,48.27007293701172,48.41487503051758,54.918121337890625,57.45433044433594,59.36328887939453,67.11929321289062,66.5732650756836,71.86793518066406,70.49113464355469,74.09453582763672,77.69813537597656,77.38862609863281,78.23043060302734,79.61155700683594,79.4040298461914,81.00617218017578,81.00617218017578,81.00617218017578,80.77747344970703,78.23043060302734,80.77747344970703,77.5241928100586,78.03204345703125,76.27581787109375,74.06078338623047,75.45197296142578,76.02631378173828,73.23933410644531,74.06078338623047,73.60027313232422,72.24956512451172
0,-46.0,-95,22,14,45.343135833740234,40.360870361328125,35.46829605102539,28.319604873657227,22.803508758544922,19.209373474121094,13.601470947265625,9.433980941772461,4.123105525970459,2.2360680103302,7.071067810058594,11.313708305358887,15.0,19.416488647460938,23.853721618652344,28.301942825317383,30.528675079345703,34.13209533691406,38.470767974853516,42.94182205200195,45.650848388671875,50.08992004394531,50.56678771972656,55.71355438232422,58.30952072143555,60.16643524169922,65.45991516113281,69.57010650634766,70.51950073242188,72.12489318847656,75.28611755371094,77.88452911376953,79.4040298461914,79.4040298461914,81.32035064697266,81.04319763183594,80.77747344970703,81.4923324584961,82.00609588623047,80.52328491210938,80.08120727539062,79.55501556396484,80.52328491210938,77.88452911376953,77.6208724975586,76.92203521728516,75.96051788330078,75.96051788330078,77.20103454589844,75.58438873291016,73.73601531982422,71.17584228515625
0,-47.0,-95,20,12,27.73084831237793,22.360679626464844,22.825424194335938,18.788293838500977,12.529964447021484,10.816654205322266,6.7082037925720215,5.830951690673828,0.0,0.0,1.4142135381698608,4.242640495300293,9.433980941772461,11.180339813232422,13.0,14.317821502685547,17.0880069732666,18.681541442871094,19.646883010864258,24.041629791259766,25.0,27.658634185791016,29.4108829498291,32.557640075683594,33.541019439697266,34.71310806274414,38.20994567871094,39.458839416503906,41.43669891357422,41.1096076965332,43.104522705078125,45.17742919921875,43.28972244262695,46.173583984375,46.389652252197266,43.104522705078125,44.10215377807617,47.095645904541016,47.095645904541016,47.26520919799805,46.097721099853516,44.04542922973633,46.04345703125,46.097721099853516,44.40720748901367,43.104522705078125,44.40720748901367,43.416587829589844,43.416587829589844,44.10215377807617,42.42640686035156,41.231056213378906
0,-46.0,-95,22,15,50.990196228027344,43.73785400390625,39.458839416503906,32.557640075683594,27.166154861450195,19.10497283935547,15.033296585083008,8.062257766723633,3.0,1.4142135381698608,5.099019527435303,11.401754379272461,15.033296585083008,20.2237491607666,25.079872131347656,30.066593170166016,32.06243896484375,38.05259704589844,42.0,45.0,48.041648864746094,51.15662384033203,56.14267349243164,59.304298400878906,62.28964614868164,65.4904556274414,70.71067810058594,74.96665954589844,75.31268310546875,80.41144561767578,78.26238250732422,82.37718200683594,83.54639434814453,83.18653869628906,85.90692901611328,87.29833984375,86.4927749633789,86.4927749633789,85.32877349853516,83.9523696899414,87.4757080078125,84.92938232421875,85.90692901611328,82.37718200683594,82.37718200683594,81.04936981201172,81.04936981201172,80.8949966430664,81.74349975585938,79.4040298461914,79.22752380371094,76.00657653808594
0,-46.0,-95,22,15,50.15974426269531,45.27692413330078,38.470767974853516,32.24903106689453,26.305892944335938,20.39607810974121,14.317821502685547,8.062257766723633,3.1622776985168457,2.0,7.071067810058594,12.165525436401367,16.278820037841797,22.360679626464844,26.68332862854004,30.08321762084961,34.48188018798828,37.36308288574219,41.1096076965332,45.221675872802734,48.383880615234375,53.3104133605957,54.230987548828125,57.697486877441406,63.071388244628906,65.7419204711914,73.06161499023438,73.43023681640625,78.39005279541016,77.69813537597656,80.77747344970703,82.15229797363281,85.75546264648438,86.09297180175781,87.46427917480469,85.4400405883789,87.66413116455078,86.28441619873047,86.8216552734375,89.04492950439453,84.31488800048828,86.8216552734375,84.31488800048828,85.98255920410156,82.37718200683594,80.4549560546875,81.83519744873047,81.6333236694336,80.77747344970703,79.25907135009766,77.41446685791016,76.15773010253906
0,-46.0,-95,22,15,47.50789260864258,41.86884307861328,36.878177642822266,30.479501724243164,22.803508758544922,17.804492950439453,12.806248664855957,7.8102498054504395,2.2360680103302,2.8284270763397217,5.656854152679443,11.401754379272461,16.124515533447266,22.472204208374023,26.419689178466797,31.62277603149414,33.2866325378418,37.2155876159668,41.18252182006836,46.06517028808594,47.85394287109375,53.22593307495117,54.12947463989258,58.872745513916016,62.3939094543457,63.90618133544922,70.51950073242188,75.28611755371094,75.58438873291016,79.05693817138672,78.44743347167969,81.60882568359375,84.20214080810547,83.24061584472656,84.48076629638672,84.89994049072266,85.4400405883789,85.16454315185547,85.4400405883789,85.16454315185547,85.4400405883789,84.20214080810547,86.40023040771484,81.04319763183594,82.00609588623047,80.08120727539062,80.36167907714844,81.90848541259766,80.65357971191406,77.8331527709961,79.47956085205078,74.73285675048828
0,-46.0,-95,22,16,52.239830017089844,46.097721099853516,40.0,34.01470184326172,27.073972702026367,20.099750518798828,14.142135620117188,9.0,4.123105525970459,2.0,6.082762718200684,13.03840446472168,17.0,21.095022201538086,27.073972702026367,31.256999969482422,35.35533905029297,39.31920623779297,44.55333709716797,46.87216567993164,51.97114562988281,55.54277801513672,56.51548385620117,63.06346130371094,67.18630981445312,68.680419921875,77.16217041015625,79.05693817138672,81.27114868164062,83.57032775878906,84.75848388671875,87.66413116455078,88.95504760742188,89.31964874267578,92.11405944824219,88.95504760742188,92.69843292236328,92.35800170898438,92.69843292236328,91.76055908203125,90.13877868652344,88.60022735595703,93.04837799072266,87.31552124023438,87.31552124023438,85.79627227783203,86.03487396240234,86.03487396240234,86.33075714111328,83.93450164794922,81.25269317626953,81.21575927734375
0,-46.0,-95,21,19,49.39635467529297,43.32435989379883,39.39543151855469,32.31098937988281,26.925823211669922,19.313207626342773,12.649110794067383,7.6157732009887695,3.0,2.2360680103302,7.211102485656738,12.041594505310059,16.401220321655273,20.59126091003418,25.553865432739258,32.4499626159668,34.20526123046875,38.832977294921875,44.40720748901367,47.01063537597656,51.22499465942383,56.080299377441406,57.384666442871094,60.20797348022461,64.53681182861328,66.52819061279297,72.83543395996094,77.79460144042969,79.90619659423828,83.48652648925781,81.32035064697266,85.6329345703125,87.72685241699219,86.31338500976562,88.41380310058594,89.14033508300781,88.41380310058594,89.09545135498047,89.80534362792969,87.72685241699219,87.69264221191406,87.69264221191406,88.41380310058594,84.148681640625,84.89994049072266,82.03657531738281,83.4385986328125,82.75868225097656,82.07313537597656,81.05553436279297,79.8122787475586,79.6303939819336
0,-47.0,-95,23,12,46.69047164916992,42.44997024536133,37.80211639404297,33.42155075073242,26.870058059692383,18.384777069091797,11.313708305358887,5.656854152679443,2.0,3.605551242828369,8.246211051940918,12.083045959472656,16.552946090698242,21.954498291015625,25.553865432739258,32.649654388427734,34.885528564453125,38.910152435302734,41.62931823730469,46.097721099853516,49.39635467529297,53.851646423339844,57.584720611572266,60.4400520324707,64.56005096435547,67.35725402832031,72.80110168457031,72.53275299072266,78.58753204345703,81.25269317626953,79.55501556396484,82.71033477783203,85.16454315185547,85.16454315185547,89.02246856689453,85.61541748046875,85.14693450927734,88.0738296508789,88.0738296508789,88.29496002197266,88.76936340332031,88.5268325805664,88.5268325805664,82.97589874267578,82.71033477783203,81.90848541259766,84.77027893066406,84.11896514892578,81.90848541259766,80.36167907714844,79.71198272705078,80.62257385253906
0,-47.0,-95,19,20,30.08321762084961,23.409399032592773,17.0,8.246211051940918,18.867961883544922,12.649110794067383,8.062257766723633,3.605551242828369,4.0,4.0,4.0,6.324555397033691,6.7082037925720215,8.602325439453125,8.5440034866333,15.524174690246582,17.0880069732666,16.492422103881836,19.92485809326172,21.470911026000977,24.351591110229492,23.25940704345703,28.17800521850586,28.844409942626953,30.232433319091797,30.232433319091797,31.906112670898438,38.832977294921875,37.80211639404297,37.735923767089844,39.96248245239258,39.408119201660156,43.011627197265625,40.49691390991211,41.617305755615234,42.19004440307617,44.10215377807617,43.8292121887207,43.8292121887207,42.20189666748047,43.011627197265625,42.43819046020508,41.617305755615234,40.804412841796875,41.88078308105469,39.11521530151367,40.224369049072266,40.8166618347168,39.11521530151367,37.2155876159668,38.01315689086914,36.400550842285156
0,-46.0,-95,22,14,48.27007293701172,43.931766510009766,36.12478256225586,31.14482307434082,24.75883674621582,21.21320343017578,14.866068840026855,10.630146026611328,6.4031243324279785,1.0,4.123105525970459,8.602325439453125,13.45362377166748,18.384777069091797,22.671567916870117,25.495098114013672,31.11269760131836,32.526912689208984,38.28837966918945,40.45985794067383,43.931766510009766,48.27007293701172,48.41487503051758,54.918121337890625,57.45433044433594,59.36328887939453,67.11929321289062,66.5732650756836,71.86793518066406,70.49113464355469,74.09453582763672,77.69813537597656,77.38862609863281,78.23043060302734,79.61155700683594,79.4040298461914,81.00617218017578,81.00617218017578,81.00617218017578,80.77747344970703,78.23043060302734,80.77747344970703,77.5241928100586,78.03204345703125,76.27581787109375,74.06078338623047,75.45197296142578,76.02631378173828,73.23933410644531,74.06078338623047,73.60027313232422,72.24956512451172
0,-46.0,-95,22,14,45.343135833740234,40.360870361328125,35.46829605102539,28.319604873657227,22.803508758544922,19.209373474121094,13.601470947265625,9.433980941772461,4.123105525970459,2.2360680103302,7.071067810058594,11.313708305358887,15.0,19.416488647460938,23.853721618652344,28.301942825317383,30.528675079345703,34.13209533691406,38.470767974853516,42.94182205200195,45.650848388671875,50.08992004394531,50.56678771972656,55.71355438232422,58.30952072143555,60.16643524169922,65.45991516113281,69.57010650634766,70.51950073242188,72.12489318847656,75.28611755371094,77.88452911376953,79.4040298461914,79.4040298461914,81.32035064697266,81.04319763183594,80.77747344970703,81.4923324584961,82.00609588623047,80.52328491210938,80.08120727539062,79.55501556396484,80.52328491210938,77.88452911376953,77.6208724975586,76.92203521728516,75.96051788330078,75.96051788330078,77.20103454589844,75.58438873291016,73.73601531982422,71.17584228515625
0,-47.0,-95,20,12,27.73084831237793,22.360679626464844,22.825424194335938,18.788293838500977,12.529964447021484,10.816654205322266,6.7082037925720215,5.830951690673828,0.0,0.0,1.4142135381698608,4.242640495300293,9.433980941772461,11.180339813232422,13.0,14.317821502685547,17.0880069732666,18.681541442871094,19.646883010864258,24.041629791259766,25.0,27.658634185791016,29.4108829498291,32.557640075683594,33.541019439697266,34.71310806274414,38.20994567871094,39.458839416503906,41.43669891357422,41.1096076965332,43.104522705078125,45.17742919921875,43.28972244262695,46.173583984375,46.389652252197266,43.104522705078125,44.10215377807617,47.095645904541016,47.095645904541016,47.26520919799805,46.097721099853516,44.04542922973633,46.04345703125,46.097721099853516,44.40720748901367,43.104522705078125,44.40720748901367,43.416587829589844,43.416587829589844,44.10215377807617,42.42640686035156,41.231056213378906
0,-46.0,-95,22,15,50.990196228027344,43.73785400390625,39.458839416503906,32.557640075683594,27.166154861450195,19.10497283935547,15.033296585083008,8.062257766723633,3.0,1.4142135381698608,5.099019527435303,11.401754379272461,15.033296585083008,20.2237491607666,25.079872131347656,30.066593170166016,32.06243896484375,38.05259704589844,42.0,45.0,48.041648864746094,51.15662384033203,56.14267349243164,59.304298400878906,62.28964614868164,65.4904556274414,70.71067810058594,74.96665954589844,75.31268310546875,80.41144561767578,78.26238250732422,82.37718200683594,83.54639434814453,83.18653869628906,85.90692901611328,87.29833984375,86.4927749633789,86.4927749633789,85.32877349853516,83.9523696899414,87.4757080078125,84.92938232421875,85.90692901611328,82.37718200683594,82.37718200683594,81.04936981201172,81.04936981201172,80.8949966430664,81.74349975585938,79.4040298461914,79.22752380371094,76.00657653808594
0,-46.0,-95,22,15,50.15974426269531,45.27692413330078,38.470767974853516,32.24903106689453,26.305892944335938,20.39607810974121,14.317821502685547,8.062257766723633,3.1622776985168457,2.0,7.071067810058594,12.165525436401367,16.278820037841797,22.360679626464844,26.68332862854004,30.08321762084961,34.48188018798828,37.36308288574219,41.1096076965332,45.221675872802734,48.383880615234375,53.3104133605957,54.230987548828125,57.697486877441406,63.071388244628906,65.7419204711914,73.06161499023438,73.43023681640625,78.39005279541016,77.69813537597656,80.77747344970703,82.15229797363281,85.75546264648438,86.09297180175781,87.46427917480469,85.4400405883789,87.66413116455078,86.28441619873047,86.8216552734375,89.04492950439453,84.31488800048828,86.8216552734375,84.31488800048828,85.98255920410156,82.37718200683594,80.4549560546875,81.83519744873047,81.6333236694336,80.77747344970703,79.25907135009766,77.41446685791016,76.15773010253906
0,-46.0,-95,22,15,47.50789260864258,41.86884307861328,36.878177642822266,30.479501724243164,22.803508758544922,17.804492950439453,12.806248664855957,7.8102498054504395,2.2360680103302,2.8284270763397217,5.656854152679443,11.401754379272461,16.124515533447266,22.472204208374023,26.419689178466797,31.62277603149414,33.2866325378418,37.2155876159668,41.18252182006836,46.06517028808594,47.85394287109375,53.22593307495117,54.12947463989258,58.872745513916016,62.3939094543457,63.90618133544922,70.51950073242188,75.28611755371094,75.58438873291016,79.05693817138672,78.44743347167969,81.60882568359375,84.20214080810547,83.24061584472656,84.48076629638672,84.89994049072266,85.4400405883789,85.16454315185547,85.4400405883789,85.16454315185547,85.4400405883789,84.20214080810547,86.40023040771484,81.04319763183594,82.00609588623047,80.08120727539062,80.36167907714844,81.90848541259766,80.65357971191406,77.8331527709961,79.47956085205078,74.73285675048828
0,-46.0,-95,22,16,52.239830017089844,46.097721099853516,40.0,34.01470184326172,27.073972702026367,20.099750518798828,14.142135620117188,9.0,4.123105525970459,2.0,6.082762718200684,13.03840446472168,17.0,21.095022201538086,27.073972702026367,31.256999969482422,35.35533905029297,39.31920623779297,44.55333709716797,46.87216567993164,51.97114562988281,55.54277801513672,56.51548385620117,63.06346130371094,67.18630981445312,68.680419921875,77.16217041015625,79.05693817138672,81.27114868164062,83.57032775878906,84.75848388671875,87.66413116455078,88.95504760742188,89.31964874267578,92.11405944824219,88.95504760742188,92.69843292236328,92.35800170898438,92.69843292236328,91.76055908203125,90.13877868652344,88.60022735595703,93.04837799072266,87.31552124023438,87.31552124023438,85.79627227783203,86.03487396240234,86.03487396240234,86.33075714111328,83.93450164794922,81.25269317626953,81.21575927734375
0,-46.0,-95,21,19,49.39635467529297,43.32435989379883,39.39543151855469,32.31098937988281,26.925823211669922,19.313207626342773,12.649110794067383,7.6157732009887695,3.0,2.2360680103302,7.211102485656738,12.041594505310059,16.401220321655273,20.59126091003418,25.553865432739258,32.4499626159668,34.20526123046875,38.832977294921875,44.40720748901367,47.01063537597656,51.22499465942383,56.080299377441406,57.384666442871094,60.20797348022461,64.53681182861328,66.52819061279297,72.83543395996094,77.79460144042969,79.90619659423828,83.48652648925781,81.32035064697266,85.6329345703125,87.72685241699219,86.31338500976562,88.41380310058594,89.14033508300781,88.41380310058594,89.09545135498047,89.80534362792969,87.72685241699219,87.69264221191406,87.69264221191406,88.41380310058594,84.148681640625,84.89994049072266,82.03657531738281,83.4385986328125,82.75868225097656,82.07313537597656,81.05553436279297,79.8122787475586,79.6303939819336
0,-47.0,-95,23,12,46.69047164916992,42.44997024536133,37.80211639404297,33.42155075073242,26.870058059692383,18.384777069091797,11.313708305358887,5.656854152679443,2.0,3.605551242828369,8.246211051940918,12.083045959472656,16.552946090698242,21.954498291015625,25.553865432739258,32.649654388427734,34.885528564453125,38.910152435302734,41.62931823730469,46.097721099853516,49.39635467529297,53.851646423339844,57.584720611572266,60.4400520324707,64.56005096435547,67.35725402832031,72.80110168457031,72.53275299072266,78.58753204345703,81.25269317626953,79.55501556396484,82.71033477783203,85.16454315185547,85.16454315185547,89.02246856689453,85.61541748046875,85.14693450927734,88.0738296508789,88.0738296508789,88.29496002197266,88.76936340332031,88.5268325805664,88.5268325805664,82.97589874267578,82.71033477783203,81.90848541259766,84.77027893066406,84.11896514892578,81.90848541259766,80.36167907714844,79.71198272705078,80.62257385253906
0,-47.0,-95,19,20,30.08321762084961,23.409399032592773,17.0,8.246211051940918,18.867961883544922,12.649110794067383,8.062257766723633,3.605551242828369,4.0,4.0,4.0,6.324555397033691,6.7082037925720215,8.602325439453125,8.5440034866333,15.524174690246582,17.0880069732666,16.492422103881836,19.92485809326172,21.470911026000977,24.351591110229492,23.25940704345703,28.17800521850586,28.844409942626953,30.232433319091797,30.232433319091797,31.906112670898438,38.832977294921875,37.80211639404297,37.735923767089844,39.96248245239258,39.408119201660156,43.011627197265625,40.49691390991211,41.617305755615234,42.19004440307617,44.10215377807617,43.8292121887207,43.8292121887207,42.20189666748047,43.011627197265625,42.43819046020508,41.617305755615234,40.804412841796875,41.88078308105469,39.11521530151367,40.224369049072266,40.8166618347168,39.11521530151367,37.2155876159668,38.01315689086914,36.400550842285156
0,-46.0,-95,22,14,48.27007293701172,43.931766510009766,36.12478256225586,31.14482307434082,24.75883674621582,21.21320343017578,14.866068840026855,10.630146026611328,6.4031243324279785,1.0,4.123105525970459,8.602325439453125,13.45362377166748,18.384777069091797,22.671567916870117,25.495098114013672,31.11269760131836,32.526912689208984,38.28837966918945,40.45985794067383,43.931766510009766,48.27007293701172,48.41487503051758,54.918121337890625,57.45433044433594,59.36328887939453,67.11929321289062,66.5732650756836,71.86793518066406,70.49113464355469,74.09453582763672,77.69813537597656,77.38862609863281,78.23043060302734,79.61155700683594,79.4040298461914,81.00617218017578,81.00617218017578,81.00617218017578,80.77747344970703,78.23043060302734,80.77747344970703,77.5241928100586,78.03204345703125,76.27581787109375,74.06078338623047,75.45197296142578,76.02631378173828,73.23933410644531,74.06078338623047,73.60027313232422,72.24956512451172
0,-46.0,-95,22,14,45.343135833740234,40.360870361328125,35.46829605102539,28.319604873657227,22.803508758544922,19.209373474121094,13.601470947265625,9.433980941772461,4.123105525970459,2.2360680103302,7.071067810058594,11.313708305358887,15.0,19.416488647460938,23.853721618652344,28.301942825317383,30.528675079345703,34.13209533691406,38.470767974853516,42.94182205200195,45.650848388671875,50.08992004394531,50.56678771972656,55.71355438232422,58.30952072143555,60.16643524169922,65.45991516113281,69.57010650634766,70.51950073242188,72.12489318847656,75.28611755371094,77.88452911376953,79.4040298461914,79.4040298461914,81.32035064697266,81.04319763183594,80.77747344970703,81.4923324584961,82.00609588623047,80.52328491210938,80.08120727539062,79.55501556396484,80.52328491210938,77.88452911376953,77.6208724975586,76.92203521728516,75.96051788330078,75.96051788330078,77.20103454589844,75.58438873291016,73.73601531982422,71.17584228515625
0,-47.0,-95,20,12,27.73084831237793,22.360679626464844,22.825424194335938,18.788293838500977,12.529964447021484,10.816654205322266,6.7082037925720215,5.830951690673828,0.0,0.0,1.4142135381698608,4.242640495300293,9.433980941772461,11.180339813232422,13.0,14.317821502685547,17.0880069732666,18.681541442871094,19.646883010864258,24.041629791259766,25.0,27.658634185791016,29.4108829498291,32.557640075683594,33.541019439697266,34.71310806274414,38.20994567871094,39.458839416503906,41.43669891357422,41.1096076965332,43.104522705078125,45.17742919921875,43.28972244262695,46.173583984375,46.389652252197266,43.104522705078125,44.10215377807617,47.095645904541016,47.095645904541016,47.26520919799805,46.097721099853516,44.04542922973633,46.04345703125,46.097721099853516,44.40720748901367,43.104522705078125,44.40720748901367,43.416587829589844,43.416587829589844,44.10215377807617,42.42640686035156,41.231056213378906
0,-46.0,-95,22,15,50.990196228027344,43.73785400390625,39.458839416503906,32.557640075683594,27.166154861450195,19.10497283935547,15.033296585083008,8.062257766723633,3.0,1.4142135381698608,5.099019527435303,11.401754379272461,15.033296585083008,20.2237491607666,25.079872131347656,30.066593170166016,32.06243896484375,38.05259704589844,42.0,45.0,48.041648864746094,51.15662384033203,56.14267349243164,59.304298400878906,62.28964614868164,65.4904556274414,70.71067810058594,74.96665954589844,75.31268310546875,80.41144561767578,78.26238250732422,82.37718200683594,83.54639434814453,83.18653869628906,85.90692901611328,87.29833984375,86.4927749633789,86.4927749633789,85.32877349853516,83.9523696899414,87.4757080078125,84.92938232421875,85.90692901611328,82.37718200683594,82.37718200683594,81.04936981201172,81.04936981201172,80.8949966430664,81.74349975585938,79.4040298461914,79.22752380371094,76.00657653808594
0,-46.0,-95,22,15,50.15974426269531,45.27692413330078,38.470767974853516,32.24903106689453,26.305892944335938,20.39607810974121,14.317821502685547,8.062257766723633,3.1622776985168457,2.0,7.071067810058594,12.165525436401367,16.278820037841797,22.360679626464844,26.68332862854004,30.08321762084961,34.48188018798828,37.36308288574219,41.1096076965332,45.221675872802734,48.383880615234375,53.3104133605957,54.230987548828125,57.697486877441406,63.071388244628906,65.7419204711914,73.06161499023438,73.43023681640625,78.39005279541016,77.69813537597656,80.77747344970703,82.15229797363281,85.75546264648438,86.09297180175781,87.46427917480469,85.4400405883789,87.66413116455078,86.28441619873047,86.8216552734375,89.04492950439453,84.31488800048828,86.8216552734375,84.31488800048828,85.98255920410156,82.37718200683594,80.4549560546875,81.83519744873047,81.6333236694336,80.77747344970703,79.25907135009766,77.41446685791016,76.15773010253906
0,-46.0,-95,22,15,47.50789260864258,41.86884307861328,36.878177642822266,30.479501724243164,22.803508758544922,17.804492950439453,12.806248664855957,7.8102498054504395,2.2360680103302,2.8284270763397217,5.656854152679443,11.401754379272461,16.124515533447266,22.472204208374023,26.419689178466797,31.62277603149414,33.2866325378418,37.2155876159668,41.18252182006836,46.06517028808594,47.85394287109375,53.22593307495117,54.12947463989258,58.872745513916016,62.3939094543457,63.90618133544922,70.51950073242188,75.28611755371094,75.58438873291016,79.05693817138672,78.44743347167969,81.60882568359375,84.20214080810547,83.24061584472656,84.48076629638672,84.89994049072266,85.4400405883789,85.16454315185547,85.4400405883789,85.16454315185547,85.4400405883789,84.20214080810547,86.40023040771484,81.04319763183594,82.00609588623047,80.08120727539062,80.36167907714844,81.90848541259766,80.65357971191406,77.8331527709961,79.47956085205078,74.73285675048828
0,-46.0,-95,22,16,52.239830017089844,46.097721099853516,40.0,34.01470184326172,27.073972702026367,20.099750518798828,14.142135620117188,9.0,4.123105525970459,2.0,6.082762718200684,13.03840446472168,17.0,21.095022201538086,27.073972702026367,31.256999969482422,35.35533905029297,39.31920623779297,44.55333709716797,46.87216567993164,51.97114562988281,55.54277801513672,56.51548385620117,63.06346130371094,67.18630981445312,68.680419921875,77.16217041015625,79.05693817138672,81.27114868164062,83.57032775878906,84.75848388671875,87.66413116455078,88.95504760742188,89.31964874267578,92.11405944824219,88.95504760742188,92.69843292236328,92.35800170898438,92.69843292236328,91.76055908203125,90.13877868652344,88.60022735595703,93.04837799072266,87.31552124023438,87.31552124023438,85.79627227783203,86.03487396240234,86.03487396240234,86.33075714111328,83.93450164794922,81.25269317626953,81.21575927734375
0,-46.0,-95,21,19,49.39635467529297,43.32435989379883,39.39543151855469,32.31098937988281,26.925823211669922,19.313207626342773,12.649110794067383,7.6157732009887695,3.0,2.2360680103302,7.211102485656738,12.041594505310059,16.401220321655273,20.59126091003418,25.553865432739258,32.4499626159668,34.20526123046875,38.832977294921875,44.40720748901367,47.01063537597656,51.22499465942383,56.080299377441406,57.384666442871094,60.20797348022461,64.53681182861328,66.52819061279297,72.83543395996094,77.79460144042969,79.90619659423828,83.48652648925781,81.32035064697266,85.6329345703125,87.72685241699219,86.31338500976562,88.41380310058594,89.14033508300781,88.41380310058594,89.09545135498047,89.80534362792969,87.72685241699219,87.69264221191406,87.69264221191406,88.41380310058594,84.148681640625,84.89994049072266,82.03657531738281,83.4385986328125,82.75868225097656,82.07313537597656,81.05553436279297,79.8122787475586,79.6303939819336
0,-47.0,-95,23,12,46.69047164916992,42.44997024536133,37.80211639404297,33.42155075073242,26.870058059692383,18.384777069091797,11.313708305358887,5.656854152679443,2.0,3.605551242828369,8.246211051940918,12.083045959472656,16.552946090698242,21.954498291015625,25.553865432739258,32.649654388427734,34.885528564453125,38.910152435302734,41.62931823730469,46.097721099853516,49.39635467529297,53.851646423339844,57.584720611572266,60.4400520324707,64.56005096435547,67.35725402832031,72.80110168457031,72.53275299072266,78.58753204345703,81.25269317626953,79.55501556396484,82.71033477783203,85.16454315185547,85.16454315185547,89.02246856689453,85.61541748046875,85.14693450927734,88.0738296508789,88.0738296508789,88.29496002197266,88.76936340332031,88.5268325805664,88.5268325805664,82.97589874267578,82.71033477783203,81.90848541259766,84.77027893066406,84.11896514892578,81.90848541259766,80.36167907714844,79.71198272705078,80.62257385253906
0,-47.0,-95,19,20,30.08321762084961,23.409399032592773,17.0,8.246211051940918,18.867961883544922,12.649110794067383,8.062257766723633,3.605551242828369,4.0,4.0,4.0,6.324555397033691,6.7082037925720215,8.602325439453125,8.5440034866333,15.524174690246582,17.0880069732666,16.492422103881836,19.92485809326172,21.470911026000977,24.351591110229492,23.25940704345703,28.17800521850586,28.844409942626953,30.232433319091797,30.232433319091797,31.906112670898438,38.832977294921875,37.80211639404297,37.735923767089844,39.96248245239258,39.408119201660156,43.011627197265625,40.49691390991211,41.617305755615234,42.19004440307617,44.10215377807617,43.8292121887207,43.8292121887207,42.20189666748047,43.011627197265625,42.43819046020508,41.617305755615234,40.804412841796875,41.88078308105469,39.11521530151367,40.224369049072266,40.8166618347168,39.11521530151367,37.2155876159668,38.01315689086914,36.400550842285156
0,-46.0,-95,22,14,48.27007293701172,43.931766510009766,36.12478256225586,31.14482307434082,24.75883674621582,21.21320343017578,14.866068840026855,10.630146026611328,6.4031243324279785,1.0,4.123105525970459,8.602325439453125,13.45362377166748,18.384777069091797,22.671567916870117,25.495098114013672,31.11269760131836,32.526912689208984,38.28837966918945,40.45985794067383,43.931766510009766,48.27007293701172,48.41487503051758,54.918121337890625,57.45433044433594,59.36328887939453,67.11929321289062,66.5732650756836,71.86793518066406,70.49113464355469,74.09453582763672,77.69813537597656,77.38862609863281,78.23043060302734,79.61155700683594,79.4040298461914,81.00617218017578,81.00617218017578,81.00617218017578,80.77747344970703,78.23043060302734,80.77747344970703,77.5241928100586,78.03204345703125,76.27581787109375,74.06078338623047,75.45197296142578,76.02631378173828,73.23933410644531,74.06078338623047,73.60027313232422,72.24956512451172
0,-46.0,-95,22,14,45.343135833740234,40.360870361328125,35.46829605102539,28.319604873657227,22.803508758544922,19.209373474121094,13.601470947265625,9.433980941772461,4.123105525970459,2.2360680103302,7.071067810058594,11.313708305358887,15.0,19.416488647460938,23.853721618652344,28.301942825317383,30.528675079345703,34.13209533691406,38.470767974853516,42.94182205200195,45.650848388671875,50.08992004394531,50.56678771972656,55.71355438232422,58.30952072143555,60.16643524169922,65.45991516113281,69.57010650634766,70.51950073242188,72.12489318847656,75.28611755371094,77.88452911376953,79.4040298461914,79.4040298461914,81.32035064697266,81.04319763183594,80.77747344970703,81.4923324584961,82.00609588623047,80.52328491210938,80.08120727539062,79.55501556396484,80.52328491210938,77.88452911376953,77.6208724975586,76.92203521728516,75.96051788330078,75.96051788330078,77.20103454589844,75.58438873291016,73.73601531982422,71.17584228515625
0,-47.0,-95,20,12,27.73084831237793,22.360679626464844,22.825424194335938,18.788293838500977,12.529964447021484,10.816654205322266,6.7082037925720215,5.830951690673828,0.0,0.0,1.4142135381698608,4.242640495300293,9.433980941772461,11.180339813232422,13.0,14.317821502685547,17.0880069732666,18.681541442871094,19.646883010864258,24.041629791259766,25.0,27.658634185791016,29.4108829498291,32.557640075683594,33.541019439697266,34.71310806274414,38.20994567871094,39.458839416503906,41.43669891357422,41.1096076965332,43.104522705078125,45.17742919921875,43.28972244262695,46.173583984375,46.389652252197266,43.104522705078125,44.10215377807617,47.095645904541016,47.095645904541016,47.26520919799805,46.097721099853516,44.04542922973633,46.04345703125,46.097721099853516,44.40720748901367,43.104522705078125,44.40720748901367,43.416587829589844,43.416587829589844,44.10215377807617,42.42640686035156,41.231056213378906
0,-46.0,-95,22,15,50.990196228027344,43.73785400390625,39.458839416503906,32.557640075683594,27.166154861450195,19.10497283935547,15.033296585083008,8.062257766723633,3.0,1.4142135381698608,5.099019527435303,11.401754379272461,15.033296585083008,20.2237491607666,25.079872131347656,30.066593170166016,32.06243896484375,38.05259704589844,42.0,45.0,48.041648864746094,51.15662384033203,56.14267349243164,59.304298400878906,62.28964614868164,65.4904556274414,70.71067810058594,74.96665954589844,75.31268310546875,80.41144561767578,78.26238250732422,82.37718200683594,83.54639434814453,83.18653869628906,85.90692901611328,87.29833984375,86.4927749633789,86.4927749633789,85.32877349853516,83.9523696899414,87.4757080078125,84.92938232421875,85.90692901611328,82.37718200683594,82.37718200683594,81.04936981201172,81.04936981201172,80.8949966430664,81.74349975585938,79.4040298461914,79.22752380371094,76.00657653808594
0,-46.0,-95,22,15,50.15974426269531,45.27692413330078,38.470767974853516,32.24903106689453,26.305892944335938,20.39607810974121,14.317821502685547,8.062257766723633,3.1622776985168457,2.0,7.071067810058594,12.165525436401367,16.278820037841797,22.360679626464844,26.68332862854004,30.08321762084961,34.48188018798828,37.36308288574219,41.1096076965332,45.221675872802734,48.383880615234375,53.3104133605957,54.230987548828125,57.697486877441406,63.071388244628906,65.7419204711914,73.06161499023438,73.43023681640625,78.39005279541016,77.69813537597656,80.77747344970703,82.15229797363281,85.75546264648438,86.09297180175781,87.46427917480469,85.4400405883789,87.66413116455078,86.28441619873047,86.8216552734375,89.04492950439453,84.31488800048828,86.8216552734375,84.31488800048828,85.98255920410156,82.37718200683594,80.4549560546875,81.83519744873047,81.6333236694336,80.77747344970703,79.25907135009766,77.41446685791016,76.15773010253906
0,-46.0,-95,22,15,47.50789260864258,41.86884307861328,36.878177642822266,30.479501724243164,22.803508758544922,17.804492950439453,12.806248664855957,7.8102498054504395,2.2360680103302,2.8284270763397217,5.656854152679443,11.401754379272461,16.124515533447266,22.472204208374023,26.419689178466797,31.62277603149414,33.2866325378418,37.2155876159668,41.18252182006836,46.06517028808594,47.85394287109375,53.22593307495117,54.12947463989258,58.872745513916016,62.3939094543457,63.90618133544922,70.51950073242188,75.28611755371094,75.58438873291016,79.05693817138672,78.44743347167969,81.60882568359375,84.20214080810547,83.24061584472656,84.48076629638672,84.89994049072266,85.4400405883789,85.16454315185547,85.4400405883789,85.16454315185547,85.4400405883789,84.20214080810547,86.40023040771484,81.04319763183594,82.00609588623047,80.08120727539062,80.36167907714844,81.90848541259766,80.65357971191406,77.8331527709961,79.47956085205078,74.73285675048828
0,-46.0,-95,22,16,52.239830017089844,46.097721099853516,40.0,34.01470184326172,27.073972702026367,20.099750518798828,14.142135620117188,9.0,4.123105525970459,2.0,6.082762718200684,13.03840446472168,17.0,21.095022201538086,27.073972702026367,31.256999969482422,35.35533905029297,39.31920623779297,44.55333709716797,46.87216567993164,51.97114562988281,55.54277801513672,56.51548385620117,63.06346130371094,67.18630981445312,68.680419921875,77.16217041015625,79.05693817138672,81.27114868164062,83.57032775878906,84.75848388671875,87.66413116455078,88.95504760742188,89.31964874267578,92.11405944824219,88.95504760742188,92.69843292236328,92.35800170898438,92.69843292236328,91.76055908203125,90.13877868652344,88.60022735595703,93.04837799072266,87.31552124023438,87.31552124023438,85.79627227783203,86.03487396240234,86.03487396240234,86.33075714111328,83.93450164794922,81.25269317626953,81.21575927734375
0,-46.0,-95,21,19,49.39635467529297,43.32435989379883,39.39543151855469,32.31098937988281,26.925823211669922,19.313207626342773,12.649110794067383,7.6157732009887695,3.0,2.2360680103302,7.211102485656738,12.041594505310059,16.401220321655273,20.59126091003418,25.553865432739258,32.4499626159668,34.20526123046875,38.832977294921875,44.40720748901367,47.01063537597656,51.22499465942383,56.080299377441406,57.384666442871094,60.20797348022461,64.53681182861328,66.52819061279297,72.83543395996094,77.79460144042969,79.90619659423828,83.48652648925781,81.32035064697266,85.6329345703125,87.72685241699219,86.31338500976562,88.41380310058594,89.14033508300781,88.41380310058594,89.09545135498047,89.80534362792969,87.72685241699219,87.69264221191406,87.69264221191406,88.41380310058594,84.148681640625,84.89994049072266,82.03657531738281,83.4385986328125,82.75868225097656,82.07313537597656,81.05553436279297,79.8122787475586,79.6303939819336
0,-47.0,-95,23,12,46.69047164916992,42.44997024536133,37.80211639404297,33.42155075073242,26.870058059692383,18.384777069091797,11.313708305358887,5.656854152679443,2.0,3.605551242828369,8.246211051940918,12.083045959472656,16.552946090698242,21.954498291015625,25.553865432739258,32.649654388427734,34.885528564453125,38.910152435302734,41.62931823730469,46.097721099853516,49.39635467529297,53.851646423339844,57.584720611572266,60.4400520324707,64.56005096435547,67.35725402832031,72.80110168457031,72.53275299072266,78.58753204345703,81.25269317626953,79.55501556396484,82.71033477783203,85.16454315185547,85.16454315185547,89.02246856689453,85.61541748046875,85.14693450927734,88.0738296508789,88.0738296508789,88.29496002197266,88.76936340332031,88.5268325805664,88.5268325805664,82.97589874267578,82.71033477783203,81.90848541259766,84.77027893066406,84.11896514892578,81.90848541259766,80.36167907714844,79.71198272705078,80.62257385253906
0,-47.0,-95,19,20,30.08321762084961,23.409399032592773,17.0,8.246211051940918,18.867961883544922,12.649110794067383,8.062257766723633,3.605551242828369,4.0,4.0,4.0,6.324555397033691,6.7082037925720215,8.602325439453125,8.5440034866333,15.524174690246582,17.0880069732666,16.492422103881836,19.92485809326172,21.470911026000977,24.351591110229492,23.25940704345703,28.17800521850586,28.844409942626953,30.232433319091797,30.232433319091797,31.906112670898438,38.832977294921875,37.80211639404297,37.735923767089844,39.96248245239258,39.408119201660156,43.011627197265625,40.49691390991211,41.617305755615234,42.19004440307617,44.10215377807617,43.8292121887207,43.8292121887207,42.20189666748047,43.011627197265625,42.43819046020508,41.617305755615234,40.804412841796875,41.88078308105469,39.11521530151367,40.224369049072266,40.8166618347168,39.11521530151367,37.2155876159668,38.01315689086914,36.400550842285156
0,-46.0,-95,22,14,48.27007293701172,43.931766510009766,36.12478256225586,31.14482307434082,24.75883674621582,21.21320343017578,14.866068840026855,10.630146026611328,6.4031243324279785,1.0,4.123105525970459,8.602325439453125,13.45362377166748,18.384777069091797,22.671567916870117,25.495098114013672,31.11269760131836,32.526912689208984,38.28837966918945,40.45985794067383,43.931766510009766,48.27007293701172,48.41487503051758,54.918121337890625,57.45433044433594,59.36328887939453,67.11929321289062,66.5732650756836,71.86793518066406,70.49113464355469,74.09453582763672,77.69813537597656,77.38862609863281,78.23043060302734,79.61155700683594,79.4040298461914,81.00617218017578,81.00617218017578,81.00617218017578,80.77747344970703,78.23043060302734,80.77747344970703,77.5241928100586,78.03204345703125,76.27581787109375,74.06078338623047,75.45197296142578,76.02631378173828,73.23933410644531,74.06078338623047,73.60027313232422,72.24956512451172
0,-46.0,-95,22,14,45.343135833740234,40.360870361328125,35.46829605102539,28.319604873657227,22.803508758544922,19.209373474121094,13.601470947265625,9.433980941772461,4.123105525970459,2.2360680103302,7.071067810058594,11.313708305358887,15.0,19.416488647460938,23.853721618652344,28.301942825317383,30.528675079345703,34.13209533691406,38.470767974853516,42.94182205200195,45.650848388671875,50.08992004394531,50.56678771972656,55.71355438232422,58.30952072143555,60.16643524169922,65.45991516113281,69.57010650634766,70.51950073242188,72.12489318847656,75.28611755371094,77.88452911376953,79.4040298461914,79.4040298461914,81.32035064697266,81.04319763183594,80.77747344970703,81.4923324584961,82.00609588623047,80.52328491210938,80.08120727539062,79.55501556396484,80.52328491210938,77.88452911376953,77.6208724975586,76.92203521728516,75.96051788330078,75.96051788330078,77.20103454589844,75.58438873291016,73.73601531982422,71.17584228515625
0,-47.0,-95,20,12,27.73084831237793,22.360679626464844,22.825424194335938,18.788293838500977,12.529964447021484,10.816654205322266,6.7082037925720215,5.830951690673828,0.0,0.0,1.4142135381698608,4.242640495300293,9.433980941772461,11.180339813232422,13.0,14.317821502685547,17.0880069732666,18.681541442871094,19.646883010864258,24.041629791259766,25.0,27.658634185791016,29.4108829498291,32.557640075683594,33.541019439697266,34.71310806274414,38.20994567871094,39.458839416503906,41.43669891357422,41.1096076965332,43.104522705078125,45.17742919921875,43.28972244262695,46.173583984375,46.389652252197266,43.104522705078125,44.10215377807617,47.095645904541016,47.095645904541016,47.26520919799805,46.097721099853516,44.04542922973633,46.04345703125,46.097721099853516,44.40720748901367,43.104522705078125,44.40720748901367,43.416587829589844,43.416587829589844,44.10215377807617,42.42640686035156,41.231056213378906
0,-46.0,-95,22,15,50.990196228027344,43.73785400390625,39.458839416503906,32.557640075683594,27.166154861450195,19.10497283935547,15.033296585083008,8.062257766723633,3.0,1.4142135381698608,5.099019527435303,11.401754379272461,15.033296585083008,20.2237491607666,25.079872131347656,30.066593170166016,32.06243896484375,38.05259704589844,42.0,45.0,48.041648864746094,51.15662384033203,56.14267349243164,59.304298400878906,62.28964614868164,65.4904556274414,70.71067810058594,74.96665954589844,75.31268310546875,80.41144561767578,78.26238250732422,82.37718200683594,83.54639434814453,83.18653869628906,85.90692901611328,87.29833984375,86.4927749633789,86.4927749633789,85.32877349853516,83.9523696899414,87.4757080078125,84.92938232421875,85.90692901611328,82.37718200683594,82.37718200683594,81.04936981201172,81.04936981201172,80.8949966430664,81.74349975585938,79.4040298461914,79.22752380371094,76.00657653808594
0,-46.0,-95,22,15,50.15974426269531,45.27692413330078,38.470767974853516,32.24903106689453,26.305892944335938,20.39607810974121,14.317821502685547,8.062257766723633,3.1622776985168457,2.0,7.071067810058594,12.165525436401367,16.278820037841797,22.360679626464844,26.68332862854004,30.08321762084961,34.48188018798828,37.36308288574219,41.1096076965332,45.221675872802734,48.383880615234375,53.3104133605957,54.230987548828125,57.697486877441406,63.071388244628906,65.7419204711914,73.06161499023438,73.43023681640625,78.39005279541016,77.69813537597656,80.77747344970703,82.15229797363281,85.75546264648438,86.09297180175781,87.46427917480469,85.4400405883789,87.66413116455078,86.28441619873047,86.8216552734375,89.04492950439453,84.31488800048828,86.8216552734375,84.31488800048828,85.98255920410156,82.37718200683594,80.4549560546875,81.83519744873047,81.6333236694336,80.77747344970703,79.25907135009766,77.41446685791016,76.15773010253906
0,-46.0,-95,22,15,47.50789260864258,41.86884307861328,36.878177642822266,30.479501724243164,22.803508758544922,17.804492950439453,12.806248664855957,7.8102498054504395,2.2360680103302,2.8284270763397217,5.656854152679443,11.401754379272461,16.124515533447266,22.472204208374023,26.419689178466797,31.62277603149414,33.2866325378418,37.2155876159668,41.18252182006836,46.06517028808594,47.85394287109375,53.22593307495117,54.12947463989258,58.872745513916016,62.3939094543457,63.90618133544922,70.51950073242188,75.28611755371094,75.58438873291016,79.05693817138672,78.44743347167969,81.60882568359375,84.20214080810547,83.24061584472656,84.48076629638672,84.89994049072266,85.4400405883789,85.16454315185547,85.4400405883789,85.16454315185547,85.4400405883789,84.20214080810547,86.40023040771484,81.04319763183594,82.00609588623047,80.08120727539062,80.36167907714844,81.90848541259766,80.65357971191406,77.8331527709961,79.47956085205078,74.73285675048828
0,-46.0,-95,22,16,52.239830017089844,46.097721099853516,40.0,34.01470184326172,27.073972702026367,20.099750518798828,14.142135620117188,9.0,4.123105525970459,2.0,6.082762718200684,13.03840446472168,17.0,21.095022201538086,27.073972702026367,31.256999969482422,35.35533905029297,39.31920623779297,44.55333709716797,46.87216567993164,51.97114562988281,55.54277801513672,56.51548385620117,63.06346130371094,67.18630981445312,68.680419921875,77.16217041015625,79.05693817138672,81.27114868164062,83.57032775878906,84.75848388671875,87.66413116455078,88.95504760742188,89.31964874267578,92.11405944824219,88.95504760742188,92.69843292236328,92.35800170898438,92.69843292236328,91.76055908203125,90.13877868652344,88.60022735595703,93.04837799072266,87.31552124023438,87.31552124023438,85.79627227783203,86.03487396240234,86.03487396240234,86.33075714111328,83.93450164794922,81.25269317626953,81.21575927734375
0,-46.0,-95,21,19,49.39635467529297,43.32435989379883,39.39543151855469,32.31098937988281,26.925823211669922,19.313207626342773,12.649110794067383,7.6157732009887695,3.0,2.2360680103302,7.211102485656738,12.041594505310059,16.401220321655273,20.59126091003418,25.553865432739258,32.4499626159668,34.20526123046875,38.832977294921875,44.40720748901367,47.01063537597656,51.22499465942383,56.080299377441406,57.384666442871094,60.20797348022461,64.53681182861328,66.52819061279297,72.83543395996094,77.79460144042969,79.90619659423828,83.48652648925781,81.32035064697266,85.6329345703125,87.72685241699219,86.31338500976562,88.41380310058594,89.14033508300781,88.41380310058594,89.09545135498047,89.80534362792969,87.72685241699219,87.69264221191406,87.69264221191406,88.41380310058594,84.148681640625,84.89994049072266,82.03657531738281,83.4385986328125,82.75868225097656,82.07313537597656,81.05553436279297,79.8122787475586,79.6303939819336
0,-47.0,-95,23,12,46.69047164916992,42.44997024536133,37.80211639404297,33.42155075073242,26.870058059692383,18.384777069091797,11.313708305358887,5.656854152679443,2.0,3.605551242828369,8.246211051940918,12.083045959472656,16.552946090698242,21.954498291015625,25.553865432739258,32.649654388427734,34.885528564453125,38.910152435302734,41.62931823730469,46.097721099853516,49.39635467529297,53.851646423339844,57.584720611572266,60.4400520324707,64.56005096435547,67.35725402832031,72.80110168457031,72.53275299072266,78.58753204345703,81.25269317626953,79.55501556396484,82.71033477783203,85.16454315185547,85.16454315185547,89.02246856689453,85.61541748046875,85.14693450927734,88.0738296508789,88.0738296508789,88.29496002197266,88.76936340332031,88.5268325805664,88.5268325805664,82.97589874267578,82.71033477783203,81.90848541259766,84.77027893066406,84.11896514892578,81.90848541259766,80.36167907714844,79.71198272705078,80.62257385253906
0,-47.0,-95,19,20,30.08321762084961,23.409399032592773,17.0,8.246211051940918,18.867961883544922,12.649110794067383,8.062257766723633,3.605551242828369,4.0,4.0,4.0,6.324555397033691,6.7082037925720215,8.602325439453125,8.5440034866333,15.524174690246582,17.0880069732666,16.492422103881836,19.92485809326172,21.470911026000977,24.351591110229492,23.25940704345703,28.17800521850586,28.844409942626953,30.232433319091797,30.232433319091797,31.906112670898438,38.832977294921875,37.80211639404297,37.735923767089844,39.96248245239258,39.408119201660156,43.011627197265625,40.49691390991211,41.617305755615234,42.19004440307617,44.10215377807617,43.8292121887207,43.8292121887207,42.20189666748047,43.011627197265625,42.43819046020508,41.617305755615234,40.804412841796875,41.88078308105469,39.11521530151367,40.224369049072266,40.8166618347168,39.11521530151367,37.2155876159668,38.01315689086914,36.400550842285156
0,-46.0,-95,22,14,48.27007293701172,43.931766510009766,36.12478256225586,31.14482307434082,24.75883674621582,21.21320343017578,14.866068840026855,10.630146026611328,6.4031243324279785,1.0,4.123105525970459,8.602325439453125,13.45362377166748,18.384777069091797,22.671567916870117,25.495098114013672,31.11269760131836,32.526912689208984,38.28837966918945,40.45985794067383,43.931766510009766,48.27007293701172,48.41487503051758,54.918121337890625,57.45433044433594,59.36328887939453,67.11929321289062,66.5732650756836,71.86793518066406,70.49113464355469,74.09453582763672,77.69813537597656,77.38862609863281,78.23043060302734,79.61155700683594,79.4040298461914,81.00617218017578,81.00617218017578,81.00617218017578,80.77747344970703,78.23043060302734,80.77747344970703,77.5241928100586,78.03204345703125,76.27581787109375,74.06078338623047,75.45197296142578,76.02631378173828,73.23933410644531,74.06078338623047,73.60027313232422,72.24956512451172
0,-46.0,-95,22,14,45.343135833740234,40.360870361328125,35.46829605102539,28.319604873657227,22.803508758544922,19.209373474121094,13.601470947265625,9.433980941772461,4.123105525970459,2.2360680103302,7.071067810058594,11.313708305358887,15.0,19.416488647460938,23.853721618652344,28.301942825317383,30.528675079345703,34.13209533691406,38.470767974853516,42.94182205200195,45.650848388671875,50.08992004394531,50.56678771972656,55.71355438232422,58.30952072143555,60.16643524169922,65.45991516113281,69.57010650634766,70.51950073242188,72.12489318847656,75.28611755371094,77.88452911376953,79.4040298461914,79.4040298461914,81.32035064697266,81.04319763183594,80.77747344970703,81.4923324584961,82.00609588623047,80.52328491210938,80.08120727539062,79.55501556396484,80.52328491210938,77.88452911376953,77.6208724975586,76.92203521728516,75.96051788330078,75.96051788330078,77.20103454589844,75.58438873291016,73.73601531982422,71.17584228515625
0,-47.0,-95,20,12,27.73084831237793,22.360679626464844,22.825424194335938,18.788293838500977,12.529964447021484,10.816654205322266,6.7082037925720215,5.830951690673828,0.0,0.0,1.4142135381698608,4.242640495300293,9.433980941772461,11.180339813232422,13.0,14.317821502685547,17.0880069732666,18.681541442871094,19.646883010864258,24.041629791259766,25.0,27.658634185791016,29.4108829498291,32.557640075683594,33.541019439697266,34.71310806274414,38.20994567871094,39.458839416503906,41.43669891357422,41.1096076965332,43.104522705078125,45.17742919921875,43.28972244262695,46.173583984375,46.389652252197266,43.104522705078125,44.10215377807617,47.095645904541016,47.095645904541016,47.26520919799805,46.097721099853516,44.04542922973633,46.04345703125,46.097721099853516,44.40720748901367,43.104522705078125,44.40720748901367,43.416587829589844,43.416587829589844,44.10215377807617,42.42640686035156,41.231056213378906
0,-46.0,-95,22,15,50.990196228027344,43.73785400390625,39.458839416503906,32.557640075683594,27.166154861450195,19.10497283935547,15.033296585083008,8.062257766723633,3.0,1.4142135381698608,5.099019527435303,11.401754379272461,15.033296585083008,20.2237491607666,25.079872131347656,30.066593170166016,32.06243896484375,38.05259704589844,42.0,45.0,48.041648864746094,51.15662384033203,56.14267349243164,59.304298400878906,62.28964614868164,65.4904556274414,70.71067810058594,74.96665954589844,75.31268310546875,80.41144561767578,78.26238250732422,82.37718200683594,83.54639434814453,83.18653869628906,85.90692901611328,87.29833984375,86.4927749633789,86.4927749633789,85.32877349853516,83.9523696899414,87.4757080078125,84.92938232421875,85.90692901611328,82.37718200683594,82.37718200683594,81.04936981201172,81.04936981201172,80.8949966430664,81.74349975585938,79.4040298461914,79.22752380371094,76.00657653808594
0,-46.0,-95,22,15,50.15974426269531,45.27692413330078,38.470767974853516,32.24903106689453,26.305892944335938,20.39607810974121,14.317821502685547,8.062257766723633,3.1622776985168457,2.0,7.071067810058594,12.165525436401367,16.278820037841797,22.360679626464844,26.68332862854004,30.08321762084961,34.48188018798828,37.36308288574219,41.1096076965332,45.221675872802734,48.383880615234375,53.3104133605957,54.230987548828125,57.697486877441406,63.071388244628906,65.7419204711914,73.06161499023438,73.43023681640625,78.39005279541016,77.69813537597656,80.77747344970703,82.15229797363281,85.75546264648438,86.09297180175781,87.46427917480469,85.4400405883789,87.66413116455078,86.28441619873047,86.8216552734375,89.04492950439453,84.31488800048828,86.8216552734375,84.31488800048828,85.98255920410156,82.37718200683594,80.4549560546875,81.83519744873047,81.6333236694336,80.77747344970703,79.25907135009766,77.41446685791016,76.15773010253906
0,-46.0,-95,22,15,47.50789260864258,41.86884307861328,36.878177642822266,30.479501724243164,22.803508758544922,17.804492950439453,12.806248664855957,7.8102498054504395,2.2360680103302,2.8284270763397217,5.656854152679443,11.401754379272461,16.124515533447266,22.472204208374023,26.419689178466797,31.62277603149414,33.2866325378418,37.2155876159668,41.18252182006836,46.06517028808594,47.85394287109375,53.22593307495117,54.12947463989258,58.872745513916016,62.3939094543457,63.90618133544922,70.51950073242188,75.28611755371094,75.58438873291016,79.05693817138672,78.44743347167969,81.60882568359375,84.20214080810547,83.24061584472656,84.48076629638672,84.89994049072266,85.4400405883789,85.16454315185547,85.4400405883789,85.16454315185547,85.4400405883789,84.20214080810547,86.40023040771484,81.04319763183594,82.00609588623047,80.08120727539062,80.36167907714844,81.90848541259766,80.65357971191406,77.8331527709961,79.47956085205078,74.73285675048828
0,-46.0,-95,22,16,52.239830017089844,46.097721099853516,40.0,34.01470184326172,27.073972702026367,20.099750518798828,14.142135620117188,9.0,4.123105525970459,2.0,6.082762718200684,13.03840446472168,17.0,21.095022201538086,27.073972702026367,31.256999969482422,35.35533905029297,39.31920623779297,44.55333709716797,46.87216567993164,51.97114562988281,55.54277801513672,56.51548385620117,63.06346130371094,67.18630981445312,68.680419921875,77.16217041015625,79.05693817138672,81.27114868164062,83.57032775878906,84.75848388671875,87.66413116455078,88.95504760742188,89.31964874267578,92.11405944824219,88.95504760742188,92.69843292236328,92.35800170898438,92.69843292236328,91.76055908203125,90.13877868652344,88.60022735595703,93.04837799072266,87.31552124023438,87.31552124023438,85.79627227783203,86.03487396240234,86.03487396240234,86.33075714111328,83.93450164794922,81.25269317626953,81.21575927734375
0,-46.0,-95,21,19,49.39635467529297,43.32435989379883,39.39543151855469,32.31098937988281,26.925823211669922,19.313207626342773,12.649110794067383,7.6157732009887695,3.0,2.2360680103302,7.211102485656738,12.041594505310059,16.401220321655273,20.59126091003418,25.553865432739258,32.4499626159668,34.20526123046875,38.832977294921875,44.40720748901367,47.01063537597656,51.22499465942383,56.080299377441406,57.384666442871094,60.20797348022461,64.53681182861328,66.52819061279297,72.83543395996094,77.79460144042969,79.90619659423828,83.48652648925781,81.32035064697266,85.6329345703125,87.72685241699219,86.31338500976562,88.41380310058594,89.14033508300781,88.41380310058594,89.09545135498047,89.80534362792969,87.72685241699219,87.69264221191406,87.69264221191406,88.41380310058594,84.148681640625,84.89994049072266,82.03657531738281,83.4385986328125,82.75868225097656,82.07313537597656,81.05553436279297,79.8122787475586,79.6303939819336
0,-47.0,-95,23,12,46.69047164916992,42.44997024536133,37.80211639404297,33.42155075073242,26.870058059692383,18.384777069091797,11.313708305358887,5.656854152679443,2.0,3.605551242828369,8.246211051940918,12.083045959472656,16.552946090698242,21.954498291015625,25.553865432739258,32.649654388427734,34.885528564453125,38.910152435302734,41.62931823730469,46.097721099853516,49.39635467529297,53.851646423339844,57.584720611572266,60.4400520324707,64.56005096435547,67.35725402832031,72.80110168457031,72.53275299072266,78.58753204345703,81.25269317626953,79.55501556396484,82.71033477783203,85.16454315185547,85.16454315185547,89.02246856689453,85.61541748046875,85.14693450927734,88.0738296508789,88.0738296508789,88.29496002197266,88.76936340332031,88.5268325805664,88.5268325805664,82.97589874267578,82.71033477783203,81.90848541259766,84.77027893066406,84.11896514892578,81.90848541259766,80.36167907714844,79.71198272705078,80.62257385253906
0,-47.0,-95,19,20,30.08321762084961,23.409399032592773,17.0,8.246211051940918,18.867961883544922,12.649110794067383,8.062257766723633,3.605551242828369,4.0,4.0,4.0,6.324555397033691,6.7082037925720215,8.602325439453125,8.5440034866333,15.524174690246582,17.0880069732666,16.492422103881836,19.92485809326172,21.470911026000977,24.351591110229492,23.25940704345703,28.17800521850586,28.844409942626953,30.232433319091797,30.232433319091797,31.906112670898438,38.832977294921875,37.80211639404297,37.735923767089844,39.96248245239258,39.408119201660156,43.011627197265625,40.49691390991211,41.617305755615234,42.19004440307617,44.10215377807617,43.8292121887207,43.8292121887207,42.20189666748047,43.011627197265625,42.43819046020508,41.617305755615234,40.804412841796875,41.88078308105469,39.11521530151367,40.224369049072266,40.8166618347168,39.11521530151367,37.2155876159668,38.01315689086914,36.400550842285156
0,-46.0,-95,22,14,48.27007293701172,43.931766510009766,36.12478256225586,31.14482307434082,24.75883674621582,21.21320343017578,14.866068840026855,10.630146026611328,6.4031243324279785,1.0,4.123105525970459,8.602325439453125,13.45362377166748,18.384777069091797,22.671567916870117,25.495098114013672,31.11269760131836,32.526912689208984,38.28837966918945,40.45985794067383,43.931766510009766,48.27007293701172,48.41487503051758,54.918121337890625,57.45433044433594,59.36328887939453,67.11929321289062,66.5732650756836,71.86793518066406,70.49113464355469,74.09453582763672,77.69813537597656,77.38862609863281,78.23043060302734,79.61155700683594,79.4040298461914,81.00617218017578,81.00617218017578,81.00617218017578,80.77747344970703,78.23043060302734,80.77747344970703,77.5241928100586,78.03204345703125,76.27581787109375,74.06078338623047,75.45197296142578,76.02631378173828,73.23933410644531,74.06078338623047,73.60027313232422,72.24956512451172
0,-46.0,-95,22,14,45.343135833740234,40.360870361328125,35.46829605102539,28.319604873657227,22.803508758544922,19.209373474121094,13.601470947265625,9.433980941772461,4.123105525970459,2.2360680103302,7.071067810058594,11.313708305358887,15.0,19.416488647460938,23.853721618652344,28.301942825317383,30.528675079345703,34.13209533691406,38.470767974853516,42.94182205200195,45.650848388671875,50.08992004394531,50.56678771972656,55.71355438232422,58.30952072143555,60.16643524169922,65.45991516113281,69.57010650634766,70.51950073242188,72.12489318847656,75.28611755371094,77.88452911376953,79.4040298461914,79.4040298461914,81.32035064697266,81.04319763183594,80.77747344970703,81.4923324584961,82.00609588623047,80.52328491210938,80.08120727539062,79.55501556396484,80.52328491210938,77.88452911376953,77.6208724975586,76.92203521728516,75.96051788330078,75.96051788330078,77.20103454589844,75.58438873291016,73.73601531982422,71.17584228515625
0,-47.0,-95,20,12,27.73084831237793,22.360679626464844,22.825424194335938,18.788293838500977,12.529964447021484,10.816654205322266,6.7082037925720215,5.830951690673828,0.0,0.0,1.4142135381698608,4.242640495300293,9.433980941772461,11.180339813232422,13.0,14.317821502685547,17.0880069732666,18.681541442871094,19.646883010864258,24.041629791259766,25.0,27.658634185791016,29.4108829498291,32.557640075683594,33.541019439697266,34.71310806274414,38.20994567871094,39.458839416503906,41.43669891357422,41.1096076965332,43.104522705078125,45.17742919921875,43.28972244262695,46.173583984375,46.389652252197266,43.104522705078125,44.10215377807617,47.095645904541016,47.095645904541016,47.26520919799805,46.097721099853516,44.04542922973633,46.04345703125,46.097721099853516,44.40720748901367,43.104522705078125,44.40720748901367,43.416587829589844,43.416587829589844,44.10215377807617,42.42640686035156,41.231056213378906
0,-46.0,-95,22,15,50.990196228027344,43.73785400390625,39.458839416503906,32.557640075683594,27.166154861450195,19.10497283935547,15.033296585083008,8.062257766723633,3.0,1.4142135381698608,5.099019527435303,11.401754379272461,15.033296585083008,20.2237491607666,25.079872131347656,30.066593170166016,32.06243896484375,38.05259704589844,42.0,45.0,48.041648864746094,51.15662384033203,56.14267349243164,59.304298400878906,62.28964614868164,65.4904556274414,70.71067810058594,74.96665954589844,75.31268310546875,80.41144561767578,78.26238250732422,82.37718200683594,83.54639434814453,83.18653869628906,85.90692901611328,87.29833984375,86.4927749633789,86.4927749633789,85.32877349853516,83.9523696899414,87.4757080078125,84.92938232421875,85.90692901611328,82.37718200683594,82.37718200683594,81.04936981201172,81.04936981201172,80.8949966430664,81.74349975585938,79.4040298461914,79.22752380371094,76.00657653808594
0,-46.0,-95,22,15,50.15974426269531,45.27692413330078,38.470767974853516,32.24903106689453,26.305892944335938,20.39607810974121,14.317821502685547,8.062257766723633,3.1622776985168457,2.0,7.071067810058594,12.165525436401367,16.278820037841797,22.360679626464844,26.68332862854004,30.08321762084961,34.48188018798828,37.36308288574219,41.1096076965332,45.221675872802734,48.383880615234375,53.3104133605957,54.230987548828125,57.697486877441406,63.071388244628906,65.7419204711914,73.06161499023438,73.43023681640625,78.39005279541016,77.69813537597656,80.77747344970703,82.15229797363281,85.75546264648438,86.09297180175781,87.46427917480469,85.4400405883789,87.66413116455078,86.28441619873047,86.8216552734375,89.04492950439453,84.31488800048828,86.8216552734375,84.31488800048828,85.98255920410156,82.37718200683594,80.4549560546875,81.83519744873047,81.6333236694336,80.77747344970703,79.25907135009766,77.41446685791016,76.15773010253906
0,-46.0,-95,22,15,47.50789260864258,41.86884307861328,36.878177642822266,30.479501724243164,22.803508758544922,17.804492950439453,12.806248664855957,7.8102498054504395,2.2360680103302,2.8284270763397217,5.656854152679443,11.401754379272461,16.124515533447266,22.472204208374023,26.419689178466797,31.62277603149414,33.2866325378418,37.2155876159668,41.18252182006836,46.06517028808594,47.85394287109375,53.22593307495117,54.12947463989258,58.872745513916016,62.3939094543457,63.90618133544922,70.51950073242188,75.28611755371094,75.58438873291016,79.05693817138672,78.44743347167969,81.60882568359375,84.20214080810547,83.24061584472656,84.48076629638672,84.89994049072266,85.4400405883789,85.16454315185547,85.4400405883789,85.16454315185547,85.4400405883789,84.20214080810547,86.40023040771484,81.04319763183594,82.00609588623047,80.08120727539062,80.36167907714844,81.90848541259766,80.65357971191406,77.8331527709961,79.47956085205078,74.73285675048828
0,-46.0,-95,22,16,52.239830017089844,46.097721099853516,40.0,34.01470184326172,27.073972702026367,20.099750518798828,14.142135620117188,9.0,4.123105525970459,2.0,6.082762718200684,13.03840446472168,17.0,21.095022201538086,27.073972702026367,31.256999969482422,35.35533905029297,39.31920623779297,44.55333709716797,46.87216567993164,51.97114562988281,55.54277801513672,56.51548385620117,63.06346130371094,67.18630981445312,68.680419921875,77.16217041015625,79.05693817138672,81.27114868164062,83.57032775878906,84.75848388671875,87.66413116455078,88.95504760742188,89.31964874267578,92.11405944824219,88.95504760742188,92.69843292236328,92.35800170898438,92.69843292236328,91.76055908203125,90.13877868652344,88.60022735595703,93.04837799072266,87.31552124023438,87.31552124023438,85.79627227783203,86.03487396240234,86.03487396240234,86.33075714111328,83.93450164794922,81.25269317626953,81.21575927734375
0,-46.0,-95,21,19,49.39635467529297,43.32435989379883,39.39543151855469,32.31098937988281,26.925823211669922,19.313207626342773,12.649110794067383,7.6157732009887695,3.0,2.2360680103302,7.211102485656738,12.041594505310059,16.401220321655273,20.59126091003418,25.553865432739258,32.4499626159668,34.20526123046875,38.832977294921875,44.40720748901367,47.01063537597656,51.22499465942383,56.080299377441406,57.384666442871094,60.20797348022461,64.53681182861328,66.52819061279297,72.83543395996094,77.79460144042969,79.90619659423828,83.48652648925781,81.32035064697266,85.6329345703125,87.72685241699219,86.31338500976562,88.41380310058594,89.14033508300781,88.41380310058594,89.09545135498047,89.80534362792969,87.72685241699219,87.69264221191406,87.69264221191406,88.41380310058594,84.148681640625,84.89994049072266,82.03657531738281,83.4385986328125,82.75868225097656,82.07313537597656,81.05553436279297,79.8122787475586,79.6303939819336
0,-47.0,-95,23,12,46.69047164916992,42.44997024536133,37.80211639404297,33.42155075073242,26.870058059692383,18.384777069091797,11.313708305358887,5.656854152679443,2.0,3.605551242828369,8.246211051940918,12.083045959472656,16.552946090698242,21.954498291015625,25.553865432739258,32.649654388427734,34.885528564453125,38.910152435302734,41.62931823730469,46.097721099853516,49.39635467529297,53.851646423339844,57.584720611572266,60.4400520324707,64.56005096435547,67.35725402832031,72.80110168457031,72.53275299072266,78.58753204345703,81.25269317626953,79.55501556396484,82.71033477783203,85.16454315185547,85.16454315185547,89.02246856689453,85.61541748046875,85.14693450927734,88.0738296508789,88.0738296508789,88.29496002197266,88.76936340332031,88.5268325805664,88.5268325805664,82.97589874267578,82.71033477783203,81.90848541259766,84.77027893066406,84.11896514892578,81.90848541259766,80.36167907714844,79.71198272705078,80.62257385253906
0,-47.0,-95,19,20,30.08321762084961,23.409399032592773,17.0,8.246211051940918,18.867961883544922,12.649110794067383,8.062257766723633,3.605551242828369,4.0,4.0,4.0,6.324555397033691,6.7082037925720215,8.602325439453125,8.5440034866333,15.524174690246582,17.0880069732666,16.492422103881836,19.92485809326172,21.470911026000977,24.351591110229492,23.25940704345703,28.17800521850586,28.844409942626953,30.232433319091797,30.232433319091797,31.906112670898438,38.832977294921875,37.80211639404297,37.735923767089844,39.96248245239258,39.408119201660156,43.011627197265625,40.49691390991211,41.617305755615234,42.19004440307617,44.10215377807617,43.8292121887207,43.8292121887207,42.20189666748047,43.011627197265625,42.43819046020508,41.617305755615234,40.804412841796875,41.88078308105469,39.11521530151367,40.224369049072266,40.8166618347168,39.11521530151367,37.2155876159668,38.01315689086914,36.400550842285156
0,-46.0,-95,22,14,48.27007293701172,43.931766510009766,36.12478256225586,31.14482307434082,24.75883674621582,21.21320343017578,14.866068840026855,10.630146026611328,6.4031243324279785,1.0,4.123105525970459,8.602325439453125,13.45362377166748,18.384777069091797,22.671567916870117,25.495098114013672,31.11269760131836,32.526912689208984,38.28837966918945,40.45985794067383,43.931766510009766,48.27007293701172,48.41487503051758,54.918121337890625,57.45433044433594,59.36328887939453,67.11929321289062,66.5732650756836,71.86793518066406,70.49113464355469,74.09453582763672,77.69813537597656,77.38862609863281,78.23043060302734,79.61155700683594,79.4040298461914,81.00617218017578,81.00617218017578,81.00617218017578,80.77747344970703,78.23043060302734,80.77747344970703,77.5241928100586,78.03204345703125,76.27581787109375,74.06078338623047,75.45197296142578,76.02631378173828,73.23933410644531,74.06078338623047,73.60027313232422,72.24956512451172
0,-46.0,-95,22,14,45.343135833740234,40.360870361328125,35.46829605102539,28.319604873657227,22.803508758544922,19.209373474121094,13.601470947265625,9.433980941772461,4.123105525970459,2.2360680103302,7.071067810058594,11.313708305358887,15.0,19.416488647460938,23.853721618652344,28.301942825317383,30.528675079345703,34.13209533691406,38.470767974853516,42.94182205200195,45.650848388671875,50.08992004394531,50.56678771972656,55.71355438232422,58.30952072143555,60.16643524169922,65.45991516113281,69.57010650634766,70.51950073242188,72.12489318847656,75.28611755371094,77.88452911376953,79.4040298461914,79.4040298461914,81.32035064697266,81.04319763183594,80.77747344970703,81.4923324584961,82.00609588623047,80.52328491210938,80.08120727539062,79.55501556396484,80.52328491210938,77.88452911376953,77.6208724975586,76.92203521728516,75.96051788330078,75.96051788330078,77.20103454589844,75.58438873291016,73.73601531982422,71.17584228515625
0,-47.0,-95,20,12,27.73084831237793,22.360679626464844,22.825424194335938,18.788293838500977,12.529964447021484,10.816654205322266,6.7082037925720215,5.830951690673828,0.0,0.0,1.4142135381698608,4.242640495300293,9.433980941772461,11.180339813232422,13.0,14.317821502685547,17.0880069732666,18.681541442871094,19.646883010864258,24.041629791259766,25.0,27.658634185791016,29.4108829498291,32.557640075683594,33.541019439697266,34.71310806274414,38.20994567871094,39.458839416503906,41.43669891357422,41.1096076965332,43.104522705078125,45.17742919921875,43.28972244262695,46.173583984375,46.389652252197266,43.104522705078125,44.10215377807617,47.095645904541016,47.095645904541016,47.26520919799805,46.097721099853516,44.04542922973633,46.04345703125,46.097721099853516,44.40720748901367,43.104522705078125,44.40720748901367,43.416587829589844,43.416587829589844,44.10215377807617,42.42640686035156,41.231056213378906
0,-46.0,-95,22,15,50.990196228027344,43.73785400390625,39.458839416503906,32.557640075683594,27.166154861450195,19.10497283935547,15.033296585083008,8.062257766723633,3.0,1.4142135381698608,5.099019527435303,11.401754379272461,15.033296585083008,20.2237491607666,25.079872131347656,30.066593170166016,32.06243896484375,38.05259704589844,42.0,45.0,48.041648864746094,51.15662384033203,56.14267349243164,59.304298400878906,62.28964614868164,65.4904556274414,70.71067810058594,74.96665954589844,75.31268310546875,80.41144561767578,78.26238250732422,82.37718200683594,83.54639434814453,83.18653869628906,85.90692901611328,87.29833984375,86.4927749633789,86.4927749633789,85.32877349853516,83.9523696899414,87.4757080078125,84.92938232421875,85.90692901611328,82.37718200683594,82.37718200683594,81.04936981201172,81.04936981201172,80.8949966430664,81.74349975585938,79.4040298461914,79.22752380371094,76.00657653808594
0,-46.0,-95,22,15,50.15974426269531,45.27692413330078,38.470767974853516,32.24903106689453,26.305892944335938,20.39607810974121,14.317821502685547,8.062257766723633,3.1622776985168457,2.0,7.071067810058594,12.165525436401367,16.278820037841797,22.360679626464844,26.68332862854004,30.08321762084961,34.48188018798828,37.36308288574219,41.1096076965332,45.221675872802734,48.383880615234375,53.3104133605957,54.230987548828125,57.697486877441406,63.071388244628906,65.7419204711914,73.06161499023438,73.43023681640625,78.39005279541016,77.69813537597656,80.77747344970703,82.15229797363281,85.75546264648438,86.09297180175781,87.46427917480469,85.4400405883789,87.66413116455078,86.28441619873047,86.8216552734375,89.04492950439453,84.31488800048828,86.8216552734375,84.31488800048828,85.98255920410156,82.37718200683594,80.4549560546875,81.83519744873047,81.6333236694336,80.77747344970703,79.25907135009766,77.41446685791016,76.15773010253906
0,-46.0,-95,22,15,47.50789260864258,41.86884307861328,36.878177642822266,30.479501724243164,22.803508758544922,17.804492950439453,12.806248664855957,7.8102498054504395,2.2360680103302,2.8284270763397217,5.656854152679443,11.401754379272461,16.124515533447266,22.472204208374023,26.419689178466797,31.62277603149414,33.2866325378418,37.2155876159668,41.18252182006836,46.06517028808594,47.85394287109375,53.22593307495117,54.12947463989258,58.872745513916016,62.3939094543457,63.90618133544922,70.51950073242188,75.28611755371094,75.58438873291016,79.05693817138672,78.44743347167969,81.60882568359375,84.20214080810547,83.24061584472656,84.48076629638672,84.89994049072266,85.4400405883789,85.16454315185547,85.4400405883789,85.16454315185547,85.4400405883789,84.20214080810547,86.40023040771484,81.04319763183594,82.00609588623047,80.08120727539062,80.36167907714844,81.90848541259766,80.65357971191406,77.8331527709961,79.47956085205078,74.73285675048828
0,-46.0,-95,22,16,52.239830017089844,46.097721099853516,40.0,34.01470184326172,27.073972702026367,20.099750518798828,14.142135620117188,9.0,4.123105525970459,2.0,6.082762718200684,13.03840446472168,17.0,21.095022201538086,27.073972702026367,31.256999969482422,35.35533905029297,39.31920623779297,44.55333709716797,46.87216567993164,51.97114562988281,55.54277801513672,56.51548385620117,63.06346130371094,67.18630981445312,68.680419921875,77.16217041015625,79.05693817138672,81.27114868164062,83.57032775878906,84.75848388671875,87.66413116455078,88.95504760742188,89.31964874267578,92.11405944824219,88.95504760742188,92.69843292236328,92.35800170898438,92.69843292236328,91.76055908203125,90.13877868652344,88.60022735595703,93.04837799072266,87.31552124023438,87.31552124023438,85.79627227783203,86.03487396240234,86.03487396240234,86.33075714111328,83.93450164794922,81.25269317626953,81.21575927734375
0,-46.0,-95,21,19,49.39635467529297,43.32435989379883,39.39543151855469,32.31098937988281,26.925823211669922,19.313207626342773,12.649110794067383,7.6157732009887695,3.0,2.2360680103302,7.211102485656738,12.041594505310059,16.401220321655273,20.59126091003418,25.553865432739258,32.4499626159668,34.20526123046875,38.832977294921875,44.40720748901367,47.01063537597656,51.22499465942383,56.080299377441406,57.384666442871094,60.20797348022461,64.53681182861328,66.52819061279297,72.83543395996094,77.79460144042969,79.90619659423828,83.48652648925781,81.32035064697266,85.6329345703125,87.72685241699219,86.31338500976562,88.41380310058594,89.14033508300781,88.41380310058594,89.09545135498047,89.80534362792969,87.72685241699219,87.69264221191406,87.69264221191406,88.41380310058594,84.148681640625,84.89994049072266,82.03657531738281,83.4385986328125,82.75868225097656,82.07313537597656,81.05553436279297,79.8122787475586,79.6303939819336
0,-47.0,-95,23,12,46.69047164916992,42.44997024536133,37.80211639404297,33.42155075073242,26.870058059692383,18.384777069091797,11.313708305358887,5.656854152679443,2.0,3.605551242828369,8.246211051940918,12.083045959472656,16.552946090698242,21.954498291015625,25.553865432739258,32.649654388427734,34.885528564453125,38.910152435302734,41.62931823730469,46.097721099853516,49.39635467529297,53.851646423339844,57.584720611572266,60.4400520324707,64.56005096435547,67.35725402832031,72.80110168457031,72.53275299072266,78.58753204345703,81.25269317626953,79.55501556396484,82.71033477783203,85.16454315185547,85.16454315185547,89.02246856689453,85.61541748046875,85.14693450927734,88.0738296508789,88.0738296508789,88.29496002197266,88.76936340332031,88.5268325805664,88.5268325805664,82.97589874267578,82.71033477783203,81.90848541259766,84.77027893066406,84.11896514892578,81.90848541259766,80.36167907714844,79.71198272705078,80.62257385253906
0,-47.0,-95,19,20,30.08321762084961,23.409399032592773,17.0,8.246211051940918,18.867961883544922,12.649110794067383,8.062257766723633,3.605551242828369,4.0,4.0,4.0,6.324555397033691,6.7082037925720215,8.602325439453125,8.5440034866333,15.524174690246582,17.0880069732666,16.492422103881836,19.92485809326172,21.470911026000977,24.351591110229492,23.25940704345703,28.17800521850586,28.844409942626953,30.232433319091797,30.232433319091797,31.906112670898438,38.832977294921875,37.80211639404297,37.735923767089844,39.96248245239258,39.408119201660156,43.011627197265625,40.49691390991211,41.617305755615234,42.19004440307617,44.10215377807617,43.8292121887207,43.8292121887207,42.20189666748047,43.011627197265625,42.43819046020508,41.617305755615234,40.804412841796875,41.88078308105469,39.11521530151367,40.224369049072266,40.8166618347168,39.11521530151367,37.2155876159668,38.01315689086914,36.400550842285156
0,-46.0,-95,22,14,48.27007293701172,43.931766510009766,36.12478256225586,31.14482307434082,24.75883674621582,21.21320343017578,14.866068840026855,10.630146026611328,6.4031243324279785,1.0,4.123105525970459,8.602325439453125,13.45362377166748,18.384777069091797,22.671567916870117,25.495098114013672,31.11269760131836,32.526912689208984,38.28837966918945,40.45985794067383,43.931766510009766,48.27007293701172,48.41487503051758,54.918121337890625,57.45433044433594,59.36328887939453,67.11929321289062,66.5732650756836,71.86793518066406,70.49113464355469,74.09453582763672,77.69813537597656,77.38862609863281,78.23043060302734,79.61155700683594,79.4040298461914,81.00617218017578,81.00617218017578,81.00617218017578,80.77747344970703,78.23043060302734,80.77747344970703,77.5241928100586,78.03204345703125,76.27581787109375,74.06078338623047,75.45197296142578,76.02631378173828,73.23933410644531,74.06078338623047,73.60027313232422,72.24956512451172
0,-46.0,-95,22,14,45.343135833740234,40.360870361328125,35.46829605102539,28.319604873657227,22.803508758544922,19.209373474121094,13.601470947265625,9.433980941772461,4.123105525970459,2.2360680103302,7.071067810058594,11.313708305358887,15.0,19.416488647460938,23.853721618652344,28.301942825317383,30.528675079345703,34.13209533691406,38.470767974853516,42.94182205200195,45.650848388671875,50.08992004394531,50.56678771972656,55.71355438232422,58.30952072143555,60.16643524169922,65.45991516113281,69.57010650634766,70.51950073242188,72.12489318847656,75.28611755371094,77.88452911376953,79.4040298461914,79.4040298461914,81.32035064697266,81.04319763183594,80.77747344970703,81.4923324584961,82.00609588623047,80.52328491210938,80.08120727539062,79.55501556396484,80.52328491210938,77.88452911376953,77.6208724975586,76.92203521728516,75.96051788330078,75.96051788330078,77.20103454589844,75.58438873291016,73.73601531982422,71.17584228515625
0,-47.0,-95,20,12,27.73084831237793,22.360679626464844,22.825424194335938,18.788293838500977,12.529964447021484,10.816654205322266,6.7082037925720215,5.830951690673828,0.0,0.0,1.4142135381698608,4.242640495300293,9.433980941772461,11.180339813232422,13.0,14.317821502685547,17.0880069732666,18.681541442871094,19.646883010864258,24.041629791259766,25.0,27.658634185791016,29.4108829498291,32.557640075683594,33.541019439697266,34.71310806274414,38.20994567871094,39.458839416503906,41.43669891357422,41.1096076965332,43.104522705078125,45.17742919921875,43.28972244262695,46.173583984375,46.389652252197266,43.104522705078125,44.10215377807617,47.095645904541016,47.095645904541016,47.26520919799805,46.097721099853516,44.04542922973633,46.04345703125,46.097721099853516,44.40720748901367,43.104522705078125,44.40720748901367,43.416587829589844,43.416587829589844,44.10215377807617,42.42640686035156,41.231056213378906
0,-46.0,-95,22,15,50.990196228027344,43.73785400390625,39.458839416503906,32.557640075683594,27.166154861450195,19.10497283935547,15.033296585083008,8.062257766723633,3.0,1.4142135381698608,5.099019527435303,11.401754379272461,15.033296585083008,20.2237491607666,25.079872131347656,30.066593170166016,32.06243896484375,38.05259704589844,42.0,45.0,48.041648864746094,51.15662384033203,56.14267349243164,59.304298400878906,62.28964614868164,65.4904556274414,70.71067810058594,74.96665954589844,75.31268310546875,80.41144561767578,78.26238250732422,82.37718200683594,83.54639434814453,83.18653869628906,85.90692901611328,87.29833984375,86.4927749633789,86.4927749633789,85.32877349853516,83.9523696899414,87.4757080078125,84.92938232421875,85.90692901611328,82.37718200683594,82.37718200683594,81.04936981201172,81.04936981201172,80.8949966430664,81.74349975585938,79.4040298461914,79.22752380371094,76.00657653808594
0,-46.0,-95,22,15,50.15974426269531,45.27692413330078,38.470767974853516,32.24903106689453,26.305892944335938,20.39607810974121,14.317821502685547,8.062257766723633,3.1622776985168457,2.0,7.071067810058594,12.165525436401367,16.278820037841797,22.360679626464844,26.68332862854004,30.08321762084961,34.48188018798828,37.36308288574219,41.1096076965332,45.221675872802734,48.383880615234375,53.3104133605957,54.230987548828125,57.697486877441406,63.071388244628906,65.7419204711914,73.06161499023438,73.43023681640625,78.39005279541016,77.69813537597656,80.77747344970703,82.15229797363281,85.75546264648438,86.09297180175781,87.46427917480469,85.4400405883789,87.66413116455078,86.28441619873047,86.8216552734375,89.04492950439453,84.31488800048828,86.8216552734375,84.31488800048828,85.98255920410156,82.37718200683594,80.4549560546875,81.83519744873047,81.6333236694336,80.77747344970703,79.25907135009766,77.41446685791016,76.15773010253906
0,-46.0,-95,22,15,47.50789260864258,41.86884307861328,36.878177642822266,30.479501724243164,22.803508758544922,17.804492950439453,12.806248664855957,7.8102498054504395,2.2360680103302,2.8284270763397217,5.656854152679443,11.401754379272461,16.124515533447266,22.472204208374023,26.419689178466797,31.62277603149414,33.2866325378418,37.2155876159668,41.18252182006836,46.06517028808594,47.85394287109375,53.22593307495117,54.12947463989258,58.872745513916016,62.3939094543457,63.90618133544922,70.51950073242188,75.28611755371094,75.58438873291016,79.05693817138672,78.44743347167969,81.60882568359375,84.20214080810547,83.24061584472656,84.48076629638672,84.89994049072266,85.4400405883789,85.16454315185547,85.4400405883789,85.16454315185547,85.4400405883789,84.20214080810547,86.40023040771484,81.04319763183594,82.00609588623047,80.08120727539062,80.36167907714844,81.90848541259766,80.65357971191406,77.8331527709961,79.47956085205078,74.73285675048828
0,-46.0,-95,22,16,52.239830017089844,46.097721099853516,40.0,34.01470184326172,27.073972702026367,20.099750518798828,14.142135620117188,9.0,4.123105525970459,2.0,6.082762718200684,13.03840446472168,17.0,21.095022201538086,27.073972702026367,31.256999969482422,35.35533905029297,39.31920623779297,44.55333709716797,46.87216567993164,51.97114562988281,55.54277801513672,56.51548385620117,63.06346130371094,67.18630981445312,68.680419921875,77.16217041015625,79.05693817138672,81.27114868164062,83.57032775878906,84.75848388671875,87.66413116455078,88.95504760742188,89.31964874267578,92.11405944824219,88.95504760742188,92.69843292236328,92.35800170898438,92.69843292236328,91.76055908203125,90.13877868652344,88.60022735595703,93.04837799072266,87.31552124023438,87.31552124023438,85.79627227783203,86.03487396240234,86.03487396240234,86.33075714111328,83.93450164794922,81.25269317626953,81.21575927734375
0,-46.0,-95,21,19,49.39635467529297,43.32435989379883,39.39543151855469,32.31098937988281,26.925823211669922,19.313207626342773,12.649110794067383,7.6157732009887695,3.0,2.2360680103302,7.211102485656738,12.041594505310059,16.401220321655273,20.59126091003418,25.553865432739258,32.4499626159668,34.20526123046875,38.832977294921875,44.40720748901367,47.01063537597656,51.22499465942383,56.080299377441406,57.384666442871094,60.20797348022461,64.53681182861328,66.52819061279297,72.83543395996094,77.79460144042969,79.90619659423828,83.48652648925781,81.32035064697266,85.6329345703125,87.72685241699219,86.31338500976562,88.41380310058594,89.14033508300781,88.41380310058594,89.09545135498047,89.80534362792969,87.72685241699219,87.69264221191406,87.69264221191406,88.41380310058594,84.148681640625,84.89994049072266,82.03657531738281,83.4385986328125,82.75868225097656,82.07313537597656,81.05553436279297,79.8122787475586,79.6303939819336
0,-47.0,-95,23,12,46.69047164916992,42.44997024536133,37.80211639404297,33.42155075073242,26.870058059692383,18.384777069091797,11.313708305358887,5.656854152679443,2.0,3.605551242828369,8.246211051940918,12.083045959472656,16.552946090698242,21.954498291015625,25.553865432739258,32.649654388427734,34.885528564453125,38.910152435302734,41.62931823730469,46.097721099853516,49.39635467529297,53.851646423339844,57.584720611572266,60.4400520324707,64.56005096435547,67.35725402832031,72.80110168457031,72.53275299072266,78.58753204345703,81.25269317626953,79.55501556396484,82.71033477783203,85.16454315185547,85.16454315185547,89.02246856689453,85.61541748046875,85.14693450927734,88.0738296508789,88.0738296508789,88.29496002197266,88.76936340332031,88.5268325805664,88.5268325805664,82.97589874267578,82.71033477783203,81.90848541259766,84.77027893066406,84.11896514892578,81.90848541259766,80.36167907714844,79.71198272705078,80.62257385253906
0,-47.0,-95,19,20,30.08321762084961,23.409399032592773,17.0,8.246211051940918,18.867961883544922,12.649110794067383,8.062257766723633,3.605551242828369,4.0,4.0,4.0,6.324555397033691,6.7082037925720215,8.602325439453125,8.5440034866333,15.524174690246582,17.0880069732666,16.492422103881836,19.92485809326172,21.470911026000977,24.351591110229492,23.25940704345703,28.17800521850586,28.844409942626953,30.232433319091797,30.232433319091797,31.906112670898438,38.832977294921875,37.80211639404297,37.735923767089844,39.96248245239258,39.408119201660156,43.011627197265625,40.49691390991211,41.617305755615234,42.19004440307617,44.10215377807617,43.8292121887207,43.8292121887207,42.20189666748047,43.011627197265625,42.43819046020508,41.617305755615234,40.804412841796875,41.88078308105469,39.11521530151367,40.224369049072266,40.8166618347168,39.11521530151367,37.2155876159668,38.01315689086914,36.400550842285156
0,-46.0,-95,22,14,48.27007293701172,43.931766510009766,36.12478256225586,31.14482307434082,24.75883674621582,21.21320343017578,14.866068840026855,10.630146026611328,6.4031243324279785,1.0,4.123105525970459,8.602325439453125,13.45362377166748,18.384777069091797,22.671567916870117,25.495098114013672,31.11269760131836,32.526912689208984,38.28837966918945,40.45985794067383,43.931766510009766,48.27007293701172,48.41487503051758,54.918121337890625,57.45433044433594,59.36328887939453,67.11929321289062,66.5732650756836,71.86793518066406,70.49113464355469,74.09453582763672,77.69813537597656,77.38862609863281,78.23043060302734,79.61155700683594,79.4040298461914,81.00617218017578,81.00617218017578,81.00617218017578,80.77747344970703,78.23043060302734,80.77747344970703,77.5241928100586,78.03204345703125,76.27581787109375,74.06078338623047,75.45197296142578,76.02631378173828,73.23933410644531,74.06078338623047,73.60027313232422,72.24956512451172
0,-46.0,-95,22,14,45.343135833740234,40.360870361328125,35.46829605102539,28.319604873657227,22.803508758544922,19.209373474121094,13.601470947265625,9.433980941772461,4.123105525970459,2.2360680103302,7.071067810058594,11.313708305358887,15.0,19.416488647460938,23.853721618652344,28.301942825317383,30.528675079345703,34.13209533691406,38.470767974853516,42.94182205200195,45.650848388671875,50.08992004394531,50.56678771972656,55.71355438232422,58.30952072143555,60.16643524169922,65.45991516113281,69.57010650634766,70.51950073242188,72.12489318847656,75.28611755371094,77.88452911376953,79.4040298461914,79.4040298461914,81.32035064697266,81.04319763183594,80.77747344970703,81.4923324584961,82.00609588623047,80.52328491210938,80.08120727539062,79.55501556396484,80.52328491210938,77.88452911376953,77.6208724975586,76.92203521728516,75.96051788330078,75.96051788330078,77.20103454589844,75.58438873291016,73.73601531982422,71.17584228515625
0,-47.0,-95,20,12,27.73084831237793,22.360679626464844,22.825424194335938,18.788293838500977,12.529964447021484,10.816654205322266,6.7082037925720215,5.830951690673828,0.0,0.0,1.4142135381698608,4.242640495300293,9.433980941772461,11.180339813232422,13.0,14.317821502685547,17.0880069732666,18.681541442871094,19.646883010864258,24.041629791259766,25.0,27.658634185791016,29.4108829498291,32.557640075683594,33.541019439697266,34.71310806274414,38.20994567871094,39.458839416503906,41.43669891357422,41.1096076965332,43.104522705078125,45.17742919921875,43.28972244262695,46.173583984375,46.389652252197266,43.104522705078125,44.10215377807617,47.095645904541016,47.095645904541016,47.26520919799805,46.097721099853516,44.04542922973633,46.04345703125,46.097721099853516,44.40720748901367,43.104522705078125,44.40720748901367,43.416587829589844,43.416587829589844,44.10215377807617,42.42640686035156,41.231056213378906
0,-46.0,-95,22,15,50.990196228027344,43.73785400390625,39.458839416503906,32.557640075683594,27.166154861450195,19.10497283935547,15.033296585083008,8.062257766723633,3.0,1.4142135381698608,5.099019527435303,11.401754379272461,15.033296585083008,20.2237491607666,25.079872131347656,30.066593170166016,32.06243896484375,38.05259704589844,42.0,45.0,48.041648864746094,51.15662384033203,56.14267349243164,59.304298400878906,62.28964614868164,65.4904556274414,70.71067810058594,74.96665954589844,75.31268310546875,80.41144561767578,78.26238250732422,82.37718200683594,83.54639434814453,83.18653869628906,85.90692901611328,87.29833984375,86.4927749633789,86.4927749633789,85.32877349853516,83.9523696899414,87.4757080078125,84.92938232421875,85.90692901611328,82.37718200683594,82.37718200683594,81.04936981201172,81.04936981201172,80.8949966430664,81.74349975585938,79.4040298461914,79.22752380371094,76.00657653808594
0,-46.0,-95,22,15,50.15974426269531,45.27692413330078,38.470767974853516,32.24903106689453,26.305892944335938,20.39607810974121,14.317821502685547,8.062257766723633,3.1622776985168457,2.0,7.071067810058594,12.165525436401367,16.278820037841797,22.360679626464844,26.68332862854004,30.08321762084961,34.48188018798828,37.36308288574219,41.1096076965332,45.221675872802734,48.383880615234375,53.3104133605957,54.230987548828125,57.697486877441406,63.071388244628906,65.7419204711914,73.06161499023438,73.43023681640625,78.39005279541016,77.69813537597656,80.77747344970703,82.15229797363281,85.75546264648438,86.09297180175781,87.46427917480469,85.4400405883789,87.66413116455078,86.28441619873047,86.8216552734375,89.04492950439453,84.31488800048828,86.8216552734375,84.31488800048828,85.98255920410156,82.37718200683594,80.4549560546875,81.83519744873047,81.6333236694336,80.77747344970703,79.25907135009766,77.41446685791016,76.15773010253906
0,-46.0,-95,22,15,47.50789260864258,41.86884307861328,36.878177642822266,30.479501724243164,22.803508758544922,17.804492950439453,12.806248664855957,7.8102498054504395,2.2360680103302,2.8284270763397217,5.656854152679443,11.401754379272461,16.124515533447266,22.472204208374023,26.419689178466797,31.62277603149414,33.2866325378418,37.2155876159668,41.18252182006836,46.06517028808594,47.85394287109375,53.22593307495117,54.12947463989258,58.872745513916016,62.3939094543457,63.90618133544922,70.51950073242188,75.28611755371094,75.58438873291016,79.05693817138672,78.44743347167969,81.60882568359375,84.20214080810547,83.24061584472656,84.48076629638672,84.89994049072266,85.4400405883789,85.16454315185547,85.4400405883789,85.16454315185547,85.4400405883789,84.20214080810547,86.40023040771484,81.04319763183594,82.00609588623047,80.08120727539062,80.36167907714844,81.90848541259766,80.65357971191406,77.8331527709961,79.47956085205078,74.73285675048828
0,-46.0,-95,22,16,52.239830017089844,46.097721099853516,40.0,34.01470184326172,27.073972702026367,20.099750518798828,14.142135620117188,9.0,4.123105525970459,2.0,6.082762718200684,13.03840446472168,17.0,21.095022201538086,27.073972702026367,31.256999969482422,35.35533905029297,39.31920623779297,44.55333709716797,46.87216567993164,51.97114562988281,55.54277801513672,56.51548385620117,63.06346130371094,67.18630981445312,68.680419921875,77.16217041015625,79.05693817138672,81.27114868164062,83.57032775878906,84.75848388671875,87.66413116455078,88.95504760742188,89.31964874267578,92.11405944824219,88.95504760742188,92.69843292236328,92.35800170898438,92.69843292236328,91.76055908203125,90.13877868652344,88.60022735595703,93.04837799072266,87.31552124023438,87.31552124023438,85.79627227783203,86.03487396240234,86.03487396240234,86.33075714111328,83.93450164794922,81.25269317626953,81.21575927734375
0,-46.0,-95,21,19,49.39635467529297,43.32435989379883,39.39543151855469,32.31098937988281,26.925823211669922,19.313207626342773,12.649110794067383,7.6157732009887695,3.0,2.2360680103302,7.211102485656738,12.041594505310059,16.401220321655273,20.59126091003418,25.553865432739258,32.4499626159668,34.20526123046875,38.832977294921875,44.40720748901367,47.01063537597656,51.22499465942383,56.080299377441406,57.384666442871094,60.20797348022461,64.53681182861328,66.52819061279297,72.83543395996094,77.79460144042969,79.90619659423828,83.48652648925781,81.32035064697266,85.6329345703125,87.72685241699219,86.31338500976562,88.41380310058594,89.14033508300781,88.41380310058594,89.09545135498047,89.80534362792969,87.72685241699219,87.69264221191406,87.69264221191406,88.41380310058594,84.148681640625,84.89994049072266,82.03657531738281,83.4385986328125,82.75868225097656,82.07313537597656,81.05553436279297,79.8122787475586,79.6303939819336
0,-47.0,-95,23,12,46.69047164916992,42.44997024536133,37.80211639404297,33.42155075073242,26.870058059692383,18.384777069091797,11.313708305358887,5.656854152679443,2.0,3.605551242828369,8.246211051940918,12.083045959472656,16.552946090698242,21.954498291015625,25.553865432739258,32.649654388427734,34.885528564453125,38.910152435302734,41.62931823730469,46.097721099853516,49.39635467529297,53.851646423339844,57.584720611572266,60.4400520324707,64.56005096435547,67.35725402832031,72.80110168457031,72.53275299072266,78.58753204345703,81.25269317626953,79.55501556396484,82.71033477783203,85.16454315185547,85.16454315185547,89.02246856689453,85.61541748046875,85.14693450927734,88.0738296508789,88.0738296508789,88.29496002197266,88.76936340332031,88.5268325805664,88.5268325805664,82.97589874267578,82.71033477783203,81.90848541259766,84.77027893066406,84.11896514892578,81.90848541259766,80.36167907714844,79.71198272705078,80.62257385253906
0,-47.0,-95,19,20,30.08321762084961,23.409399032592773,17.0,8.246211051940918,18.867961883544922,12.649110794067383,8.062257766723633,3.605551242828369,4.0,4.0,4.0,6.324555397033691,6.7082037925720215,8.602325439453125,8.5440034866333,15.524174690246582,17.0880069732666,16.492422103881836,19.92485809326172,21.470911026000977,24.351591110229492,23.25940704345703,28.17800521850586,28.844409942626953,30.232433319091797,30.232433319091797,31.906112670898438,38.832977294921875,37.80211639404297,37.735923767089844,39.96248245239258,39.408119201660156,43.011627197265625,40.49691390991211,41.617305755615234,42.19004440307617,44.10215377807617,43.8292121887207,43.8292121887207,42.20189666748047,43.011627197265625,42.43819046020508,41.617305755615234,40.804412841796875,41.88078308105469,39.11521530151367,40.224369049072266,40.8166618347168,39.11521530151367,37.2155876159668,38.01315689086914,36.400550842285156
0,-46.0,-95,22,14,48.27007293701172,43.931766510009766,36.12478256225586,31.14482307434082,24.75883674621582,21.21320343017578,14.866068840026855,10.630146026611328,6.4031243324279785,1.0,4.123105525970459,8.602325439453125,13.45362377166748,18.384777069091797,22.671567916870117,25.495098114013672,31.11269760131836,32.526912689208984,38.28837966918945,40.45985794067383,43.931766510009766,48.27007293701172,48.41487503051758,54.918121337890625,57.45433044433594,59.36328887939453,67.11929321289062,66.5732650756836,71.86793518066406,70.49113464355469,74.09453582763672,77.69813537597656,77.38862609863281,78.23043060302734,79.61155700683594,79.4040298461914,81.00617218017578,81.00617218017578,81.00617218017578,80.77747344970703,78.23043060302734,80.77747344970703,77.5241928100586,78.03204345703125,76.27581787109375,74.06078338623047,75.45197296142578,76.02631378173828,73.23933410644531,74.06078338623047,73.60027313232422,72.24956512451172
0,-46.0,-95,22,14,45.343135833740234,40.360870361328125,35.46829605102539,28.319604873657227,22.803508758544922,19.209373474121094,13.601470947265625,9.433980941772461,4.123105525970459,2.2360680103302,7.071067810058594,11.313708305358887,15.0,19.416488647460938,23.853721618652344,28.301942825317383,30.528675079345703,34.13209533691406,38.470767974853516,42.94182205200195,45.650848388671875,50.08992004394531,50.56678771972656,55.71355438232422,58.30952072143555,60.16643524169922,65.45991516113281,69.57010650634766,70.51950073242188,72.12489318847656,75.28611755371094,77.88452911376953,79.4040298461914,79.4040298461914,81.32035064697266,81.04319763183594,80.77747344970703,81.4923324584961,82.00609588623047,80.52328491210938,80.08120727539062,79.55501556396484,80.52328491210938,77.88452911376953,77.6208724975586,76.92203521728516,75.96051788330078,75.96051788330078,77.20103454589844,75.58438873291016,73.73601531982422,71.17584228515625
0,-47.0,-95,20,12,27.73084831237793,22.360679626464844,22.825424194335938,18.788293838500977,12.529964447021484,10.816654205322266,6.7082037925720215,5.830951690673828,0.0,0.0,1.4142135381698608,4.242640495300293,9.433980941772461,11.180339813232422,13.0,14.317821502685547,17.0880069732666,18.681541442871094,19.646883010864258,24.041629791259766,25.0,27.658634185791016,29.4108829498291,32.557640075683594,33.541019439697266,34.71310806274414,38.20994567871094,39.458839416503906,41.43669891357422,41.1096076965332,43.104522705078125,45.17742919921875,43.28972244262695,46.173583984375,46.389652252197266,43.104522705078125,44.10215377807617,47.095645904541016,47.095645904541016,47.26520919799805,46.097721099853516,44.04542922973633,46.04345703125,46.097721099853516,44.40720748901367,43.104522705078125,44.40720748901367,43.416587829589844,43.416587829589844,44.10215377807617,42.42640686035156,41.231056213378906
0,-46.0,-95,22,15,50.990196228027344,43.73785400390625,39.458839416503906,32.557640075683594,27.166154861450195,19.10497283935547,15.033296585083008,8.062257766723633,3.0,1.4142135381698608,5.099019527435303,11.401754379272461,15.033296585083008,20.2237491607666,25.079872131347656,30.066593170166016,32.06243896484375,38.05259704589844,42.0,45.0,48.041648864746094,51.15662384033203,56.14267349243164,59.304298400878906,62.28964614868164,65.4904556274414,70.71067810058594,74.96665954589844,75.31268310546875,80.41144561767578,78.26238250732422,82.37718200683594,83.54639434814453,83.18653869628906,85.90692901611328,87.29833984375,86.4927749633789,86.4927749633789,85.32877349853516,83.9523696899414,87.4757080078125,84.92938232421875,85.90692901611328,82.37718200683594,82.37718200683594,81.04936981201172,81.04936981201172,80.8949966430664,81.74349975585938,79.4040298461914,79.22752380371094,76.00657653808594
0,-46.0,-95,22,15,50.15974426269531,45.27692413330078,38.470767974853516,32.24903106689453,26.305892944335938,20.39607810974121,14.317821502685547,8.062257766723633,3.1622776985168457,2.0,7.071067810058594,12.165525436401367,16.278820037841797,22.360679626464844,26.68332862854004,30.08321762084961,34.48188018798828,37.36308288574219,41.1096076965332,45.221675872802734,48.383880615234375,53.3104133605957,54.230987548828125,57.697486877441406,63.071388244628906,65.7419204711914,73.06161499023438,73.43023681640625,78.39005279541016,77.69813537597656,80.77747344970703,82.15229797363281,85.75546264648438,86.09297180175781,87.46427917480469,85.4400405883789,87.66413116455078,86.28441619873047,86.8216552734375,89.04492950439453,84.31488800048828,86.8216552734375,84.31488800048828,85.98255920410156,82.37718200683594,80.4549560546875,81.83519744873047,81.6333236694336,80.77747344970703,79.25907135009766,77.41446685791016,76.15773010253906
0,-46.0,-95,22,15,47.50789260864258,41.86884307861328,36.878177642822266,30.479501724243164,22.803508758544922,17.804492950439453,12.806248664855957,7.8102498054504395,2.2360680103302,2.8284270763397217,5.656854152679443,11.401754379272461,16.124515533447266,22.472204208374023,26.419689178466797,31.62277603149414,33.2866325378418,37.2155876159668,41.18252182006836,46.06517028808594,47.85394287109375,53.22593307495117,54.12947463989258,58.872745513916016,62.3939094543457,63.90618133544922,70.51950073242188,75.28611755371094,75.58438873291016,79.05693817138672,78.44743347167969,81.60882568359375,84.20214080810547,83.24061584472656,84.48076629638672,84.89994049072266,85.4400405883789,85.16454315185547,85.4400405883789,85.16454315185547,85.4400405883789,84.20214080810547,86.40023040771484,81.04319763183594,82.00609588623047,80.08120727539062,80.36167907714844,81.90848541259766,80.65357971191406,77.8331527709961,79.47956085205078,74.73285675048828
0,-46.0,-95,22,16,52.239830017089844,46.097721099853516,40.0,34.01470184326172,27.073972702026367,20.099750518798828,14.142135620117188,9.0,4.123105525970459,2.0,6.082762718200684,13.03840446472168,17.0,21.095022201538086,27.073972702026367,31.256999969482422,35.35533905029297,39.31920623779297,44.55333709716797,46.87216567993164,51.97114562988281,55.54277801513672,56.51548385620117,63.06346130371094,67.18630981445312,68.680419921875,77.16217041015625,79.05693817138672,81.27114868164062,83.57032775878906,84.75848388671875,87.66413116455078,88.95504760742188,89.31964874267578,92.11405944824219,88.95504760742188,92.69843292236328,92.35800170898438,92.69843292236328,91.76055908203125,90.13877868652344,88.60022735595703,93.04837799072266,87.31552124023438,87.31552124023438,85.79627227783203,86.03487396240234,86.03487396240234,86.33075714111328,83.93450164794922,81.25269317626953,81.21575927734375
0,-46.0,-95,21,19,49.39635467529297,43.32435989379883,39.39543151855469,32.31098937988281,26.925823211669922,19.313207626342773,12.649110794067383,7.6157732009887695,3.0,2.2360680103302,7.211102485656738,12.041594505310059,16.401220321655273,20.59126091003418,25.553865432739258,32.4499626159668,34.20526123046875,38.832977294921875,44.40720748901367,47.01063537597656,51.22499465942383,56.080299377441406,57.384666442871094,60.20797348022461,64.53681182861328,66.52819061279297,72.83543395996094,77.79460144042969,79.90619659423828,83.48652648925781,81.32035064697266,85.6329345703125,87.72685241699219,86.31338500976562,88.41380310058594,89.14033508300781,88.41380310058594,89.09545135498047,89.80534362792969,87.72685241699219,87.69264221191406,87.69264221191406,88.41380310058594,84.148681640625,84.89994049072266,82.03657531738281,83.4385986328125,82.75868225097656,82.07313537597656,81.05553436279297,79.8122787475586,79.6303939819336
0,-47.0,-95,23,12,46.69047164916992,42.44997024536133,37.80211639404297,33.42155075073242,26.870058059692383,18.384777069091797,11.313708305358887,5.656854152679443,2.0,3.605551242828369,8.246211051940918,12.083045959472656,16.552946090698242,21.954498291015625,25.553865432739258,32.649654388427734,34.885528564453125,38.910152435302734,41.62931823730469,46.097721099853516,49.39635467529297,53.851646423339844,57.584720611572266,60.4400520324707,64.56005096435547,67.35725402832031,72.80110168457031,72.53275299072266,78.58753204345703,81.25269317626953,79.55501556396484,82.71033477783203,85.16454315185547,85.16454315185547,89.02246856689453,85.61541748046875,85.14693450927734,88.0738296508789,88.0738296508789,88.29496002197266,88.76936340332031,88.5268325805664,88.5268325805664,82.97589874267578,82.71033477783203,81.90848541259766,84.77027893066406,84.11896514892578,81.90848541259766,80.36167907714844,79.71198272705078,80.62257385253906
0,-47.0,-95,19,20,30.08321762084961,23.409399032592773,17.0,8.246211051940918,18.867961883544922,12.649110794067383,8.062257766723633,3.605551242828369,4.0,4.0,4.0,6.324555397033691,6.7082037925720215,8.602325439453125,8.5440034866333,15.524174690246582,17.0880069732666,16.492422103881836,19.92485809326172,21.470911026000977,24.351591110229492,23.25940704345703,28.17800521850586,28.844409942626953,30.232433319091797,30.232433319091797,31.906112670898438,38.832977294921875,37.80211639404297,37.735923767089844,39.96248245239258,39.408119201660156,43.011627197265625,40.49691390991211,41.617305755615234,42.19004440307617,44.10215377807617,43.8292121887207,43.8292121887207,42.20189666748047,43.011627197265625,42.43819046020508,41.617305755615234,40.804412841796875,41.88078308105469,39.11521530151367,40.224369049072266,40.8166618347168,39.11521530151367,37.2155876159668,38.01315689086914,36.400550842285156
0,-46.0,-95,22,14,48.27007293701172,43.931766510009766,36.12478256225586,31.14482307434082,24.75883674621582,21.21320343017578,14.866068840026855,10.630146026611328,6.4031243324279785,1.0,4.123105525970459,8.602325439453125,13.45362377166748,18.384777069091797,22.671567916870117,25.495098114013672,31.11269760131836,32.526912689208984,38.28837966918945,40.45985794067383,43.931766510009766,48.27007293701172,48.41487503051758,54.918121337890625,57.45433044433594,59.36328887939453,67.11929321289062,66.5732650756836,71.86793518066406,70.49113464355469,74.09453582763672,77.69813537597656,77.38862609863281,78.23043060302734,79.61155700683594,79.4040298461914,81.00617218017578,81.00617218017578,81.00617218017578,80.77747344970703,78.23043060302734,80.77747344970703,77.5241928100586,78.03204345703125,76.27581787109375,74.06078338623047,75.45197296142578,76.02631378173828,73.23933410644531,74.06078338623047,73.60027313232422,72.24956512451172
0,-46.0,-95,22,14,45.343135833740234,40.360870361328125,35.46829605102539,28.319604873657227,22.803508758544922,19.209373474121094,13.601470947265625,9.433980941772461,4.123105525970459,2.2360680103302,7.071067810058594,11.313708305358887,15.0,19.416488647460938,23.853721618652344,28.301942825317383,30.528675079345703,34.13209533691406,38.470767974853516,42.94182205200195,45.650848388671875,50.08992004394531,50.56678771972656,55.71355438232422,58.30952072143555,60.16643524169922,65.45991516113281,69.57010650634766,70.51950073242188,72.12489318847656,75.28611755371094,77.88452911376953,79.4040298461914,79.4040298461914,81.32035064697266,81.04319763183594,80.77747344970703,81.4923324584961,82.00609588623047,80.52328491210938,80.08120727539062,79.55501556396484,80.52328491210938,77.88452911376953,77.6208724975586,76.92203521728516,75.96051788330078,75.96051788330078,77.20103454589844,75.58438873291016,73.73601531982422,71.17584228515625
0,-47.0,-95,20,12,27.73084831237793,22.360679626464844,22.825424194335938,18.788293838500977,12.529964447021484,10.816654205322266,6.7082037925720215,5.830951690673828,0.0,0.0,1.4142135381698608,4.242640495300293,9.433980941772461,11.180339813232422,13.0,14.317821502685547,17.0880069732666,18.681541442871094,19.646883010864258,24.041629791259766,25.0,27.658634185791016,29.4108829498291,32.557640075683594,33.541019439697266,34.71310806274414,38.20994567871094,39.458839416503906,41.43669891357422,41.1096076965332,43.104522705078125,45.17742919921875,43.28972244262695,46.173583984375,46.389652252197266,43.104522705078125,44.10215377807617,47.095645904541016,47.095645904541016,47.26520919799805,46.097721099853516,44.04542922973633,46.04345703125,46.097721099853516,44.40720748901367,43.104522705078125,44.40720748901367,43.416587829589844,43.416587829589844,44.10215377807617,42.42640686035156,41.231056213378906
0,-46.0,-95,22,15,50.990196228027344,43.73785400390625,39.458839416503906,32.557640075683594,27.166154861450195,19.10497283935547,15.033296585083008,8.062257766723633,3.0,1.4142135381698608,5.099019527435303,11.401754379272461,15.033296585083008,20.2237491607666,25.079872131347656,30.066593170166016,32.06243896484375,38.05259704589844,42.0,45.0,48.041648864746094,51.15662384033203,56.14267349243164,59.304298400878906,62.28964614868164,65.4904556274414,70.71067810058594,74.96665954589844,75.31268310546875,80.41144561767578,78.26238250732422,82.37718200683594,83.54639434814453,83.18653869628906,85.90692901611328,87.29833984375,86.4927749633789,86.4927749633789,85.32877349853516,83.9523696899414,87.4757080078125,84.92938232421875,85.90692901611328,82.37718200683594,82.37718200683594,81.04936981201172,81.04936981201172,80.8949966430664,81.74349975585938,79.4040298461914,79.22752380371094,76.00657653808594
0,-46.0,-95,22,15,50.15974426269531,45.27692413330078,38.470767974853516,32.24903106689453,26.305892944335938,20.39607810974121,14.317821502685547,8.062257766723633,3.1622776985168457,2.0,7.071067810058594,12.165525436401367,16.278820037841797,22.360679626464844,26.68332862854004,30.08321762084961,34.48188018798828,37.36308288574219,41.1096076965332,45.221675872802734,48.383880615234375,53.3104133605957,54.230987548828125,57.697486877441406,63.071388244628906,65.7419204711914,73.06161499023438,73.43023681640625,78.39005279541016,77.69813537597656,80.77747344970703,82.15229797363281,85.75546264648438,86.09297180175781,87.46427917480469,85.4400405883789,87.66413116455078,86.28441619873047,86.8216552734375,89.04492950439453,84.31488800048828,86.8216552734375,84.31488800048828,85.98255920410156,82.37718200683594,80.4549560546875,81.83519744873047,81.6333236694336,80.77747344970703,79.25907135009766,77.41446685791016,76.15773010253906
0,-46.0,-95,22,15,47.50789260864258,41.86884307861328,36.878177642822266,30.479501724243164,22.803508758544922,17.804492950439453,12.806248664855957,7.8102498054504395,2.2360680103302,2.8284270763397217,5.656854152679443,11.401754379272461,16.124515533447266,22.472204208374023,26.419689178466797,31.62277603149414,33.2866325378418,37.2155876159668,41.18252182006836,46.06517028808594,47.85394287109375,53.22593307495117,54.12947463989258,58.872745513916016,62.3939094543457,63.90618133544922,70.51950073242188,75.28611755371094,75.58438873291016,79.05693817138672,78.44743347167969,81.60882568359375,84.20214080810547,83.24061584472656,84.48076629638672,84.89994049072266,85.4400405883789,85.16454315185547,85.4400405883789,85.16454315185547,85.4400405883789,84.20214080810547,86.40023040771484,81.04319763183594,82.00609588623047,80.08120727539062,80.36167907714844,81.90848541259766,80.65357971191406,77.8331527709961,79.47956085205078,74.73285675048828
0,-46.0,-95,22,16,52.239830017089844,46.097721099853516,40.0,34.01470184326172,27.073972702026367,20.099750518798828,14.142135620117188,9.0,4.123105525970459,2.0,6.082762718200684,13.03840446472168,17.0,21.095022201538086,27.073972702026367,31.256999969482422,35.35533905029297,39.31920623779297,44.55333709716797,46.87216567993164,51.97114562988281,55.54277801513672,56.51548385620117,63.06346130371094,67.18630981445312,68.680419921875,77.16217041015625,79.05693817138672,81.27114868164062,83.57032775878906,84.75848388671875,87.66413116455078,88.95504760742188,89.31964874267578,92.11405944824219,88.95504760742188,92.69843292236328,92.35800170898438,92.69843292236328,91.76055908203125,90.13877868652344,88.60022735595703,93.04837799072266,87.31552124023438,87.31552124023438,85.79627227783203,86.03487396240234,86.03487396240234,86.33075714111328,83.93450164794922,81.25269317626953,81.21575927734375
0,-46.0,-95,21,19,49.39635467529297,43.32435989379883,39.39543151855469,32.31098937988281,26.925823211669922,19.313207626342773,12.649110794067383,7.6157732009887695,3.0,2.2360680103302,7.211102485656738,12.041594505310059,16.401220321655273,20.59126091003418,25.553865432739258,32.4499626159668,34.20526123046875,38.832977294921875,44.40720748901367,47.01063537597656,51.22499465942383,56.080299377441406,57.384666442871094,60.20797348022461,64.53681182861328,66.52819061279297,72.83543395996094,77.79460144042969,79.90619659423828,83.48652648925781,81.32035064697266,85.6329345703125,87.72685241699219,86.31338500976562,88.41380310058594,89.14033508300781,88.41380310058594,89.09545135498047,89.80534362792969,87.72685241699219,87.69264221191406,87.69264221191406,88.41380310058594,84.148681640625,84.89994049072266,82.03657531738281,83.4385986328125,82.75868225097656,82.07313537597656,81.05553436279297,79.8122787475586,79.6303939819336
0,-47.0,-95,23,12,46.69047164916992,42.44997024536133,37.80211639404297,33.42155075073242,26.870058059692383,18.384777069091797,11.313708305358887,5.656854152679443,2.0,3.605551242828369,8.246211051940918,12.083045959472656,16.552946090698242,21.954498291015625,25.553865432739258,32.649654388427734,34.885528564453125,38.910152435302734,41.62931823730469,46.097721099853516,49.39635467529297,53.851646423339844,57.584720611572266,60.4400520324707,64.56005096435547,67.35725402832031,72.80110168457031,72.53275299072266,78.58753204345703,81.25269317626953,79.55501556396484,82.71033477783203,85.16454315185547,85.16454315185547,89.02246856689453,85.61541748046875,85.14693450927734,88.0738296508789,88.0738296508789,88.29496002197266,88.76936340332031,88.5268325805664,88.5268325805664,82.97589874267578,82.71033477783203,81.90848541259766,84.77027893066406,84.11896514892578,81.90848541259766,80.36167907714844,79.71198272705078,80.62257385253906
0,-47.0,-95,19,20,30.08321762084961,23.409399032592773,17.0,8.246211051940918,18.867961883544922,12.649110794067383,8.062257766723633,3.605551242828369,4.0,4.0,4.0,6.324555397033691,6.7082037925720215,8.602325439453125,8.5440034866333,15.524174690246582,17.0880069732666,16.492422103881836,19.92485809326172,21.470911026000977,24.351591110229492,23.25940704345703,28.17800521850586,28.844409942626953,30.232433319091797,30.232433319091797,31.906112670898438,38.832977294921875,37.80211639404297,37.735923767089844,39.96248245239258,39.408119201660156,43.011627197265625,40.49691390991211,41.617305755615234,42.19004440307617,44.10215377807617,43.8292121887207,43.8292121887207,42.20189666748047,43.011627197265625,42.43819046020508,41.617305755615234,40.804412841796875,41.88078308105469,39.11521530151367,40.224369049072266,40.8166618347168,39.11521530151367,37.2155876159668,38.01315689086914,36.400550842285156
0,-46.0,-95,22,14,48.27007293701172,43.931766510009766,36.12478256225586,31.14482307434082,24.75883674621582,21.21320343017578,14.866068840026855,10.630146026611328,6.4031243324279785,1.0,4.123105525970459,8.602325439453125,13.45362377166748,18.384777069091797,22.671567916870117,25.495098114013672,31.11269760131836,32.526912689208984,38.28837966918945,40.45985794067383,43.931766510009766,48.27007293701172,48.41487503051758,54.918121337890625,57.45433044433594,59.36328887939453,67.11929321289062,66.5732650756836,71.86793518066406,70.49113464355469,74.09453582763672,77.69813537597656,77.38862609863281,78.23043060302734,79.61155700683594,79.4040298461914,81.00617218017578,81.00617218017578,81.00617218017578,80.77747344970703,78.23043060302734,80.77747344970703,77.5241928100586,78.03204345703125,76.27581787109375,74.06078338623047,75.45197296142578,76.02631378173828,73.23933410644531,74.06078338623047,73.60027313232422,72.24956512451172
0,-46.0,-95,22,14,45.343135833740234,40.360870361328125,35.46829605102539,28.319604873657227,22.803508758544922,19.209373474121094,13.601470947265625,9.433980941772461,4.123105525970459,2.2360680103302,7.071067810058594,11.313708305358887,15.0,19.416488647460938,23.853721618652344,28.301942825317383,30.528675079345703,34.13209533691406,38.470767974853516,42.94182205200195,45.650848388671875,50.08992004394531,50.56678771972656,55.71355438232422,58.30952072143555,60.16643524169922,65.45991516113281,69.57010650634766,70.51950073242188,72.12489318847656,75.28611755371094,77.88452911376953,79.4040298461914,79.4040298461914,81.32035064697266,81.04319763183594,80.77747344970703,81.4923324584961,82.00609588623047,80.52328491210938,80.08120727539062,79.55501556396484,80.52328491210938,77.88452911376953,77.6208724975586,76.92203521728516,75.96051788330078,75.96051788330078,77.20103454589844,75.58438873291016,73.73601531982422,71.17584228515625
0,-47.0,-95,20,12,27.73084831237793,22.360679626464844,22.825424194335938,18.788293838500977,12.529964447021484,10.816654205322266,6.7082037925720215,5.830951690673828,0.0,0.0,1.4142135381698608,4.242640495300293,9.433980941772461,11.180339813232422,13.0,14.317821502685547,17.0880069732666,18.681541442871094,19.646883010864258,24.041629791259766,25.0,27.658634185791016,29.4108829498291,32.557640075683594,33.541019439697266,34.71310806274414,38.20994567871094,39.458839416503906,41.43669891357422,41.1096076965332,43.104522705078125,45.17742919921875,43.28972244262695,46.173583984375,46.389652252197266,43.104522705078125,44.10215377807617,47.095645904541016,47.095645904541016,47.26520919799805,46.097721099853516,44.04542922973633,46.04345703125,46.097721099853516,44.40720748901367,43.104522705078125,44.40720748901367,43.416587829589844,43.416587829589844,44.10215377807617,42.42640686035156,41.231056213378906
0,-46.0,-95,22,15,50.990196228027344,43.73785400390625,39.458839416503906,32.557640075683594,27.166154861450195,19.10497283935547,15.033296585083008,8.062257766723633,3.0,1.4142135381698608,5.099019527435303,11.401754379272461,15.033296585083008,20.2237491607666,25.079872131347656,30.066593170166016,32.06243896484375,38.05259704589844,42.0,45.0,48.041648864746094,51.15662384033203,56.14267349243164,59.304298400878906,62.28964614868164,65.4904556274414,70.71067810058594,74.96665954589844,75.31268310546875,80.41144561767578,78.26238250732422,82.37718200683594,83.54639434814453,83.18653869628906,85.90692901611328,87.29833984375,86.4927749633789,86.4927749633789,85.32877349853516,83.9523696899414,87.4757080078125,84.92938232421875,85.90692901611328,82.37718200683594,82.37718200683594,81.04936981201172,81.04936981201172,80.8949966430664,81.74349975585938,79.4040298461914,79.22752380371094,76.00657653808594
0,-46.0,-95,22,15,50.15974426269531,45.27692413330078,38.470767974853516,32.24903106689453,26.305892944335938,20.39607810974121,14.317821502685547,8.062257766723633,3.1622776985168457,2.0,7.071067810058594,12.165525436401367,16.278820037841797,22.360679626464844,26.68332862854004,30.08321762084961,34.48188018798828,37.36308288574219,41.1096076965332,45.221675872802734,48.383880615234375,53.3104133605957,54.230987548828125,57.697486877441406,63.071388244628906,65.7419204711914,73.06161499023438,73.43023681640625,78.39005279541016,77.69813537597656,80.77747344970703,82.15229797363281,85.75546264648438,86.09297180175781,87.46427917480469,85.4400405883789,87.66413116455078,86.28441619873047,86.8216552734375,89.04492950439453,84.31488800048828,86.8216552734375,84.31488800048828,85.98255920410156,82.37718200683594,80.4549560546875,81.83519744873047,81.6333236694336,80.77747344970703,79.25907135009766,77.41446685791016,76.15773010253906
0,-46.0,-95,22,15,47.50789260864258,41.86884307861328,36.878177642822266,30.479501724243164,22.803508758544922,17.804492950439453,12.806248664855957,7.8102498054504395,2.2360680103302,2.8284270763397217,5.656854152679443,11.401754379272461,16.124515533447266,22.472204208374023,26.419689178466797,31.62277603149414,33.2866325378418,37.2155876159668,41.18252182006836,46.06517028808594,47.85394287109375,53.22593307495117,54.12947463989258,58.872745513916016,62.3939094543457,63.90618133544922,70.51950073242188,75.28611755371094,75.58438873291016,79.05693817138672,78.44743347167969,81.60882568359375,84.20214080810547,83.24061584472656,84.48076629638672,84.89994049072266,85.4400405883789,85.16454315185547,85.4400405883789,85.16454315185547,85.4400405883789,84.20214080810547,86.40023040771484,81.04319763183594,82.00609588623047,80.08120727539062,80.36167907714844,81.90848541259766,80.65357971191406,77.8331527709961,79.47956085205078,74.73285675048828
0,-46.0,-95,22,16,52.239830017089844,46.097721099853516,40.0,34.01470184326172,27.073972702026367,20.099750518798828,14.142135620117188,9.0,4.123105525970459,2.0,6.082762718200684,13.03840446472168,17.0,21.095022201538086,27.073972702026367,31.256999969482422,35.35533905029297,39.31920623779297,44.55333709716797,46.87216567993164,51.97114562988281,55.54277801513672,56.51548385620117,63.06346130371094,67.18630981445312,68.680419921875,77.16217041015625,79.05693817138672,81.27114868164062,83.57032775878906,84.75848388671875,87.66413116455078,88.95504760742188,89.31964874267578,92.11405944824219,88.95504760742188,92.69843292236328,92.35800170898438,92.69843292236328,91.76055908203125,90.13877868652344,88.60022735595703,93.04837799072266,87.31552124023438,87.31552124023438,85.79627227783203,86.03487396240234,86.03487396240234,86.33075714111328,83.93450164794922,81.25269317626953,81.21575927734375
0,-46.0,-95,21,19,49.39635467529297,43.32435989379883,39.39543151855469,32.31098937988281,26.925823211669922,19.313207626342773,12.649110794067383,7.6157732009887695,3.0,2.2360680103302,7.211102485656738,12.041594505310059,16.401220321655273,20.59126091003418,25.553865432739258,32.4499626159668,34.20526123046875,38.832977294921875,44.40720748901367,47.01063537597656,51.22499465942383,56.080299377441406,57.384666442871094,60.20797348022461,64.53681182861328,66.52819061279297,72.83543395996094,77.79460144042969,79.90619659423828,83.48652648925781,81.32035064697266,85.6329345703125,87.72685241699219,86.31338500976562,88.41380310058594,89.14033508300781,88.41380310058594,89.09545135498047,89.80534362792969,87.72685241699219,87.69264221191406,87.69264221191406,88.41380310058594,84.148681640625,84.89994049072266,82.03657531738281,83.4385986328125,82.75868225097656,82.07313537597656,81.05553436279297,79.8122787475586,79.6303939819336
0,-47.0,-95,23,12,46.69047164916992,42.44997024536133,37.80211639404297,33.42155075073242,26.870058059692383,18.384777069091797,11.313708305358887,5.656854152679443,2.0,3.605551242828369,8.246211051940918,12.083045959472656,16.552946090698242,21.954498291015625,25.553865432739258,32.649654388427734,34.885528564453125,38.910152435302734,41.62931823730469,46.097721099853516,49.39635467529297,53.851646423339844,57.584720611572266,60.4400520324707,64.56005096435547,67.35725402832031,72.80110168457031,72.53275299072266,78.58753204345703,81.25269317626953,79.55501556396484,82.71033477783203,85.16454315185547,85.16454315185547,89.02246856689453,85.61541748046875,85.14693450927734,88.0738296508789,88.0738296508789,88.29496002197266,88.76936340332031,88.5268325805664,88.5268325805664,82.97589874267578,82.71033477783203,81.90848541259766,84.77027893066406,84.11896514892578,81.90848541259766,80.36167907714844,79.71198272705078,80.62257385253906
0,-47.0,-95,19,20,30.08321762084961,23.409399032592773,17.0,8.246211051940918,18.867961883544922,12.649110794067383,8.062257766723633,3.605551242828369,4.0,4.0,4.0,6.324555397033691,6.7082037925720215,8.602325439453125,8.5440034866333,15.524174690246582,17.0880069732666,16.492422103881836,19.92485809326172,21.470911026000977,24.351591110229492,23.25940704345703,28.17800521850586,28.844409942626953,30.232433319091797,30.232433319091797,31.906112670898438,38.832977294921875,37.80211639404297,37.735923767089844,39.96248245239258,39.408119201660156,43.011627197265625,40.49691390991211,41.617305755615234,42.19004440307617,44.10215377807617,43.8292121887207,43.8292121887207,42.20189666748047,43.011627197265625,42.43819046020508,41.617305755615234,40.804412841796875,41.88078308105469,39.11521530151367,40.224369049072266,40.8166618347168,39.11521530151367,37.2155876159668,38.01315689086914,36.400550842285156
0,-46.0,-95,22,14,48.27007293701172,43.931766510009766,36.12478256225586,31.14482307434082,24.75883674621582,21.21320343017578,14.866068840026855,10.630146026611328,6.4031243324279785,1.0,4.123105525970459,8.602325439453125,13.45362377166748,18.384777069091797,22.671567916870117,25.495098114013672,31.11269760131836,32.526912689208984,38.28837966918945,40.45985794067383,43.931766510009766,48.27007293701172,48.41487503051758,54.918121337890625,57.45433044433594,59.36328887939453,67.11929321289062,66.5732650756836,71.86793518066406,70.49113464355469,74.09453582763672,77.69813537597656,77.38862609863281,78.23043060302734,79.61155700683594,79.4040298461914,81.00617218017578,81.00617218017578,81.00617218017578,80.77747344970703,78.23043060302734,80.77747344970703,77.5241928100586,78.03204345703125,76.27581787109375,74.06078338623047,75.45197296142578,76.02631378173828,73.23933410644531,74.06078338623047,73.60027313232422,72.24956512451172
0,-46.0,-95,22,14,45.343135833740234,40.360870361328125,35.46829605102539,28.319604873657227,22.803508758544922,19.209373474121094,13.601470947265625,9.433980941772461,4.123105525970459,2.2360680103302,7.071067810058594,11.313708305358887,15.0,19.416488647460938,23.853721618652344,28.301942825317383,30.528675079345703,34.13209533691406,38.470767974853516,42.94182205200195,45.650848388671875,50.08992004394531,50.56678771972656,55.71355438232422,58.30952072143555,60.16643524169922,65.45991516113281,69.57010650634766,70.51950073242188,72.12489318847656,75.28611755371094,77.88452911376953,79.4040298461914,79.4040298461914,81.32035064697266,81.04319763183594,80.77747344970703,81.4923324584961,82.00609588623047,80.52328491210938,80.08120727539062,79.55501556396484,80.52328491210938,77.88452911376953,77.6208724975586,76.92203521728516,75.96051788330078,75.96051788330078,77.20103454589844,75.58438873291016,73.73601531982422,71.17584228515625
0,-47.0,-95,20,12,27.73084831237793,22.360679626464844,22.825424194335938,18.788293838500977,12.529964447021484,10.816654205322266,6.7082037925720215,5.830951690673828,0.0,0.0,1.4142135381698608,4.242640495300293,9.433980941772461,11.180339813232422,13.0,14.317821502685547,17.0880069732666,18.681541442871094,19.646883010864258,24.041629791259766,25.0,27.658634185791016,29.4108829498291,32.557640075683594,33.541019439697266,34.71310806274414,38.20994567871094,39.458839416503906,41.43669891357422,41.1096076965332,43.104522705078125,45.17742919921875,43.28972244262695,46.173583984375,46.389652252197266,43.104522705078125,44.10215377807617,47.095645904541016,47.095645904541016,47.26520919799805,46.097721099853516,44.04542922973633,46.04345703125,46.097721099853516,44.40720748901367,43.104522705078125,44.40720748901367,43.416587829589844,43.416587829589844,44.10215377807617,42.42640686035156,41.231056213378906
0,-46.0,-95,22,15,50.990196228027344,43.73785400390625,39.458839416503906,32.557640075683594,27.166154861450195,19.10497283935547,15.033296585083008,8.062257766723633,3.0,1.4142135381698608,5.099019527435303,11.401754379272461,15.033296585083008,20.2237491607666,25.079872131347656,30.066593170166016,32.06243896484375,38.05259704589844,42.0,45.0,48.041648864746094,51.15662384033203,56.14267349243164,59.304298400878906,62.28964614868164,65.4904556274414,70.71067810058594,74.96665954589844,75.31268310546875,80.41144561767578,78.26238250732422,82.37718200683594,83.54639434814453,83.18653869628906,85.90692901611328,87.29833984375,86.4927749633789,86.4927749633789,85.32877349853516,83.9523696899414,87.4757080078125,84.92938232421875,85.90692901611328,82.37718200683594,82.37718200683594,81.04936981201172,81.04936981201172,80.8949966430664,81.74349975585938,79.4040298461914,79.22752380371094,76.00657653808594
0,-46.0,-95,22,15,50.15974426269531,45.27692413330078,38.470767974853516,32.24903106689453,26.305892944335938,20.39607810974121,14.317821502685547,8.062257766723633,3.1622776985168457,2.0,7.071067810058594,12.165525436401367,16.278820037841797,22.360679626464844,26.68332862854004,30.08321762084961,34.48188018798828,37.36308288574219,41.1096076965332,45.221675872802734,48.383880615234375,53.3104133605957,54.230987548828125,57.697486877441406,63.071388244628906,65.7419204711914,73.06161499023438,73.43023681640625,78.39005279541016,77.69813537597656,80.77747344970703,82.15229797363281,85.75546264648438,86.09297180175781,87.46427917480469,85.4400405883789,87.66413116455078,86.28441619873047,86.8216552734375,89.04492950439453,84.31488800048828,86.8216552734375,84.31488800048828,85.98255920410156,82.37718200683594,80.4549560546875,81.83519744873047,81.6333236694336,80.77747344970703,79.25907135009766,77.41446685791016,76.15773010253906
0,-46.0,-95,22,15,47.50789260864258,41.86884307861328,36.878177642822266,30.479501724243164,22.803508758544922,17.804492950439453,12.806248664855957,7.8102498054504395,2.2360680103302,2.8284270763397217,5.656854152679443,11.401754379272461,16.124515533447266,22.472204208374023,26.419689178466797,31.62277603149414,33.2866325378418,37.2155876159668,41.18252182006836,46.06517028808594,47.85394287109375,53.22593307495117,54.12947463989258,58.872745513916016,62.3939094543457,63.90618133544922,70.51950073242188,75.28611755371094,75.58438873291016,79.05693817138672,78.44743347167969,81.60882568359375,84.20214080810547,83.24061584472656,84.48076629638672,84.89994049072266,85.4400405883789,85.16454315185547,85.4400405883789,85.16454315185547,85.4400405883789,84.20214080810547,86.40023040771484,81.04319763183594,82.00609588623047,80.08120727539062,80.36167907714844,81.90848541259766,80.65357971191406,77.8331527709961,79.47956085205078,74.73285675048828
0,-46.0,-95,22,16,52.239830017089844,46.097721099853516,40.0,34.01470184326172,27.073972702026367,20.099750518798828,14.142135620117188,9.0,4.123105525970459,2.0,6.082762718200684,13.03840446472168,17.0,21.095022201538086,27.073972702026367,31.256999969482422,35.35533905029297,39.31920623779297,44.55333709716797,46.87216567993164,51.97114562988281,55.54277801513672,56.51548385620117,63.06346130371094,67.18630981445312,68.680419921875,77.16217041015625,79.05693817138672,81.27114868164062,83.57032775878906,84.75848388671875,87.66413116455078,88.95504760742188,89.31964874267578,92.11405944824219,88.95504760742188,92.69843292236328,92.35800170898438,92.69843292236328,91.76055908203125,90.13877868652344,88.60022735595703,93.04837799072266,87.31552124023438,87.31552124023438,85.79627227783203,86.03487396240234,86.03487396240234,86.33075714111328,83.93450164794922,81.25269317626953,81.21575927734375
0,-46.0,-95,21,19,49.39635467529297,43.32435989379883,39.39543151855469,32.31098937988281,26.925823211669922,19.313207626342773,12.649110794067383,7.6157732009887695,3.0,2.2360680103302,7.211102485656738,12.041594505310059,16.401220321655273,20.59126091003418,25.553865432739258,32.4499626159668,34.20526123046875,38.832977294921875,44.40720748901367,47.01063537597656,51.22499465942383,56.080299377441406,57.384666442871094,60.20797348022461,64.53681182861328,66.52819061279297,72.83543395996094,77.79460144042969,79.90619659423828,83.48652648925781,81.32035064697266,85.6329345703125,87.72685241699219,86.31338500976562,88.41380310058594,89.14033508300781,88.41380310058594,89.09545135498047,89.80534362792969,87.72685241699219,87.69264221191406,87.69264221191406,88.41380310058594,84.148681640625,84.89994049072266,82.03657531738281,83.4385986328125,82.75868225097656,82.07313537597656,81.05553436279297,79.8122787475586,79.6303939819336
0,-47.0,-95,23,12,46.69047164916992,42.44997024536133,37.80211639404297,33.42155075073242,26.870058059692383,18.384777069091797,11.313708305358887,5.656854152679443,2.0,3.605551242828369,8.246211051940918,12.083045959472656,16.552946090698242,21.954498291015625,25.553865432739258,32.649654388427734,34.885528564453125,38.910152435302734,41.62931823730469,46.097721099853516,49.39635467529297,53.851646423339844,57.584720611572266,60.4400520324707,64.56005096435547,67.35725402832031,72.80110168457031,72.53275299072266,78.58753204345703,81.25269317626953,79.55501556396484,82.71033477783203,85.16454315185547,85.16454315185547,89.02246856689453,85.61541748046875,85.14693450927734,88.0738296508789,88.0738296508789,88.29496002197266,88.76936340332031,88.5268325805664,88.5268325805664,82.97589874267578,82.71033477783203,81.90848541259766,84.77027893066406,84.11896514892578,81.90848541259766,80.36167907714844,79.71198272705078,80.62257385253906
0,-47.0,-95,19,20,30.08321762084961,23.409399032592773,17.0,8.246211051940918,18.867961883544922,12.649110794067383,8.062257766723633,3.605551242828369,4.0,4.0,4.0,6.324555397033691,6.7082037925720215,8.602325439453125,8.5440034866333,15.524174690246582,17.0880069732666,16.492422103881836,19.92485809326172,21.470911026000977,24.351591110229492,23.25940704345703,28.17800521850586,28.844409942626953,30.232433319091797,30.232433319091797,31.906112670898438,38.832977294921875,37.80211639404297,37.735923767089844,39.96248245239258,39.408119201660156,43.011627197265625,40.49691390991211,41.617305755615234,42.19004440307617,44.10215377807617,43.8292121887207,43.8292121887207,42.20189666748047,43.011627197265625,42.43819046020508,41.617305755615234,40.804412841796875,41.88078308105469,39.11521530151367,40.224369049072266,40.8166618347168,39.11521530151367,37.2155876159668,38.01315689086914,36.400550842285156
0,-46.0,-95,22,14,48.27007293701172,43.931766510009766,36.12478256225586,31.14482307434082,24.75883674621582,21.21320343017578,14.866068840026855,10.630146026611328,6.4031243324279785,1.0,4.123105525970459,8.602325439453125,13.45362377166748,18.384777069091797,22.671567916870117,25.495098114013672,31.11269760131836,32.526912689208984,38.28837966918945,40.45985794067383,43.931766510009766,48.27007293701172,48.41487503051758,54.918121337890625,57.45433044433594,59.36328887939453,67.11929321289062,66.5732650756836,71.86793518066406,70.49113464355469,74.09453582763672,77.69813537597656,77.38862609863281,78.23043060302734,79.61155700683594,79.4040298461914,81.00617218017578,81.00617218017578,81.00617218017578,80.77747344970703,78.23043060302734,80.77747344970703,77.5241928100586,78.03204345703125,76.27581787109375,74.06078338623047,75.45197296142578,76.02631378173828,73.23933410644531,74.06078338623047,73.60027313232422,72.24956512451172
0,-46.0,-95,22,14,45.343135833740234,40.360870361328125,35.46829605102539,28.319604873657227,22.803508758544922,19.209373474121094,13.601470947265625,9.433980941772461,4.123105525970459,2.2360680103302,7.071067810058594,11.313708305358887,15.0,19.416488647460938,23.853721618652344,28.301942825317383,30.528675079345703,34.13209533691406,38.470767974853516,42.94182205200195,45.650848388671875,50.08992004394531,50.56678771972656,55.71355438232422,58.30952072143555,60.16643524169922,65.45991516113281,69.57010650634766,70.51950073242188,72.12489318847656,75.28611755371094,77.88452911376953,79.4040298461914,79.4040298461914,81.32035064697266,81.04319763183594,80.77747344970703,81.4923324584961,82.00609588623047,80.52328491210938,80.08120727539062,79.55501556396484,80.52328491210938,77.88452911376953,77.6208724975586,76.92203521728516,75.96051788330078,75.96051788330078,77.20103454589844,75.58438873291016,73.73601531982422,71.17584228515625
0,-47.0,-95,20,12,27.73084831237793,22.360679626464844,22.825424194335938,18.788293838500977,12.529964447021484,10.816654205322266,6.7082037925720215,5.830951690673828,0.0,0.0,1.4142135381698608,4.242640495300293,9.433980941772461,11.180339813232422,13.0,14.317821502685547,17.0880069732666,18.681541442871094,19.646883010864258,24.041629791259766,25.0,27.658634185791016,29.4108829498291,32.557640075683594,33.541019439697266,34.71310806274414,38.20994567871094,39.458839416503906,41.43669891357422,41.1096076965332,43.104522705078125,45.17742919921875,43.28972244262695,46.173583984375,46.389652252197266,43.104522705078125,44.10215377807617,47.095645904541016,47.095645904541016,47.26520919799805,46.097721099853516,44.04542922973633,46.04345703125,46.097721099853516,44.40720748901367,43.104522705078125,44.40720748901367,43.416587829589844,43.416587829589844,44.10215377807617,42.42640686035156,41.231056213378906
0,-46.0,-95,22,15,50.990196228027344,43.73785400390625,39.458839416503906,32.557640075683594,27.166154861450195,19.10497283935547,15.033296585083008,8.062257766723633,3.0,1.4142135381698608,5.099019527435303,11.401754379272461,15.033296585083008,20.2237491607666,25.079872131347656,30.066593170166016,32.06243896484375,38.05259704589844,42.0,45.0,48.041648864746094,51.15662384033203,56.14267349243164,59.304298400878906,62.28964614868164,65.4904556274414,70.71067810058594,74.96665954589844,75.31268310546875,80.41144561767578,78.26238250732422,82.37718200683594,83.54639434814453,83.18653869628906,85.90692901611328,87.29833984375,86.4927749633789,86.4927749633789,85.32877349853516,83.9523696899414,87.4757080078125,84.92938232421875,85.90692901611328,82.37718200683594,82.37718200683594,81.04936981201172,81.04936981201172,80.8949966430664,81.74349975585938,79.4040298461914,79.22752380371094,76.00657653808594
0,-46.0,-95,22,15,50.15974426269531,45.27692413330078,38.470767974853516,32.24903106689453,26.305892944335938,20.39607810974121,14.317821502685547,8.062257766723633,3.1622776985168457,2.0,7.071067810058594,12.165525436401367,16.278820037841797,22.360679626464844,26.68332862854004,30.08321762084961,34.48188018798828,37.36308288574219,41.1096076965332,45.221675872802734,48.383880615234375,53.3104133605957,54.230987548828125,57.697486877441406,63.071388244628906,65.7419204711914,73.06161499023438,73.43023681640625,78.39005279541016,77.69813537597656,80.77747344970703,82.15229797363281,85.75546264648438,86.09297180175781,87.46427917480469,85.4400405883789,87.66413116455078,86.28441619873047,86.8216552734375,89.04492950439453,84.31488800048828,86.8216552734375,84.31488800048828,85.98255920410156,82.37718200683594,80.4549560546875,81.83519744873047,81.6333236694336,80.77747344970703,79.25907135009766,77.41446685791016,76.15773010253906
0,-46.0,-95,22,15,47.50789260864258,41.86884307861328,36.878177642822266,30.479501724243164,22.803508758544922,17.804492950439453,12.806248664855957,7.8102498054504395,2.2360680103302,2.8284270763397217,5.656854152679443,11.401754379272461,16.124515533447266,22.472204208374023,26.419689178466797,31.62277603149414,33.2866325378418,37.2155876159668,41.18252182006836,46.06517028808594,47.85394287109375,53.22593307495117,54.12947463989258,58.872745513916016,62.3939094543457,63.90618133544922,70.51950073242188,75.28611755371094,75.58438873291016,79.05693817138672,78.44743347167969,81.60882568359375,84.20214080810547,83.24061584472656,84.48076629638672,84.89994049072266,85.4400405883789,85.16454315185547,85.4400405883789,85.16454315185547,85.4400405883789,84.20214080810547,86.40023040771484,81.04319763183594,82.00609588623047,80.08120727539062,80.36167907714844,81.90848541259766,80.65357971191406,77.8331527709961,79.47956085205078,74.73285675048828
0,-46.0,-95,22,16,52.239830017089844,46.097721099853516,40.0,34.01470184326172,27.073972702026367,20.099750518798828,14.142135620117188,9.0,4.123105525970459,2.0,6.082762718200684,13.03840446472168,17.0,21.095022201538086,27.073972702026367,31.256999969482422,35.35533905029297,39.31920623779297,44.55333709716797,46.87216567993164,51.97114562988281,55.54277801513672,56.51548385620117,63.06346130371094,67.18630981445312,68.680419921875,77.16217041015625,79.05693817138672,81.27114868164062,83.57032775878906,84.75848388671875,87.66413116455078,88.95504760742188,89.31964874267578,92.11405944824219,88.95504760742188,92.69843292236328,92.35800170898438,92.69843292236328,91.76055908203125,90.13877868652344,88.60022735595703,93.04837799072266,87.31552124023438,87.31552124023438,85.79627227783203,86.03487396240234,86.03487396240234,86.33075714111328,83.93450164794922,81.25269317626953,81.21575927734375
0,-46.0,-95,21,19,49.39635467529297,43.32435989379883,39.39543151855469,32.31098937988281,26.925823211669922,19.313207626342773,12.649110794067383,7.6157732009887695,3.0,2.2360680103302,7.211102485656738,12.041594505310059,16.401220321655273,20.59126091003418,25.553865432739258,32.4499626159668,34.20526123046875,38.832977294921875,44.40720748901367,47.01063537597656,51.22499465942383,56.080299377441406,57.384666442871094,60.20797348022461,64.53681182861328,66.52819061279297,72.83543395996094,77.79460144042969,79.90619659423828,83.48652648925781,81.32035064697266,85.6329345703125,87.72685241699219,86.31338500976562,88.41380310058594,89.14033508300781,88.41380310058594,89.09545135498047,89.80534362792969,87.72685241699219,87.69264221191406,87.69264221191406,88.41380310058594,84.148681640625,84.89994049072266,82.03657531738281,83.4385986328125,82.75868225097656,82.07313537597656,81.05553436279297,79.8122787475586,79.6303939819336
0,-47.0,-95,23,12,46.69047164916992,42.44997024536133,37.80211639404297,33.42155075073242,26.870058059692383,18.384777069091797,11.313708305358887,5.656854152679443,2.0,3.605551242828369,8.246211051940918,12.083045959472656,16.552946090698242,21.954498291015625,25.553865432739258,32.649654388427734,34.885528564453125,38.910152435302734,41.62931823730469,46.097721099853516,49.39635467529297,53.851646423339844,57.584720611572266,60.4400520324707,64.56005096435547,67.35725402832031,72.80110168457031,72.53275299072266,78.58753204345703,81.25269317626953,79.55501556396484,82.71033477783203,85.16454315185547,85.16454315185547,89.02246856689453,85.61541748046875,85.14693450927734,88.0738296508789,88.0738296508789,88.29496002197266,88.76936340332031,88.5268325805664,88.5268325805664,82.97589874267578,82.71033477783203,81.90848541259766,84.77027893066406,84.11896514892578,81.90848541259766,80.36167907714844,79.71198272705078,80.62257385253906
0,-47.0,-95,19,20,30.08321762084961,23.409399032592773,17.0,8.246211051940918,18.867961883544922,12.649110794067383,8.062257766723633,3.605551242828369,4.0,4.0,4.0,6.324555397033691,6.7082037925720215,8.602325439453125,8.5440034866333,15.524174690246582,17.0880069732666,16.492422103881836,19.92485809326172,21.470911026000977,24.351591110229492,23.25940704345703,28.17800521850586,28.844409942626953,30.232433319091797,30.232433319091797,31.906112670898438,38.832977294921875,37.80211639404297,37.735923767089844,39.96248245239258,39.408119201660156,43.011627197265625,40.49691390991211,41.617305755615234,42.19004440307617,44.10215377807617,43.8292121887207,43.8292121887207,42.20189666748047,43.011627197265625,42.43819046020508,41.617305755615234,40.804412841796875,41.88078308105469,39.11521530151367,40.224369049072266,40.8166618347168,39.11521530151367,37.2155876159668,38.01315689086914,36.400550842285156
0,-46.0,-95,22,14,48.27007293701172,43.931766510009766,36.12478256225586,31.14482307434082,24.75883674621582,21.21320343017578,14.866068840026855,10.630146026611328,6.4031243324279785,1.0,4.123105525970459,8.602325439453125,13.45362377166748,18.384777069091797,22.671567916870117,25.495098114013672,31.11269760131836,32.526912689208984,38.28837966918945,40.45985794067383,43.931766510009766,48.27007293701172,48.41487503051758,54.918121337890625,57.45433044433594,59.36328887939453,67.11929321289062,66.5732650756836,71.86793518066406,70.49113464355469,74.09453582763672,77.69813537597656,77.38862609863281,78.23043060302734,79.61155700683594,79.4040298461914,81.00617218017578,81.00617218017578,81.00617218017578,80.77747344970703,78.23043060302734,80.77747344970703,77.5241928100586,78.03204345703125,76.27581787109375,74.06078338623047,75.45197296142578,76.02631378173828,73.23933410644531,74.06078338623047,73.60027313232422,72.24956512451172
0,-46.0,-95,22,14,45.343135833740234,40.360870361328125,35.46829605102539,28.319604873657227,22.803508758544922,19.209373474121094,13.601470947265625,9.433980941772461,4.123105525970459,2.2360680103302,7.071067810058594,11.313708305358887,15.0,19.416488647460938,23.853721618652344,28.301942825317383,30.528675079345703,34.13209533691406,38.470767974853516,42.94182205200195,45.650848388671875,50.08992004394531,50.56678771972656,55.71355438232422,58.30952072143555,60.16643524169922,65.45991516113281,69.57010650634766,70.51950073242188,72.12489318847656,75.28611755371094,77.88452911376953,79.4040298461914,79.4040298461914,81.32035064697266,81.04319763183594,80.77747344970703,81.4923324584961,82.00609588623047,80.52328491210938,80.08120727539062,79.55501556396484,80.52328491210938,77.88452911376953,77.6208724975586,76.92203521728516,75.96051788330078,75.96051788330078,77.20103454589844,75.58438873291016,73.73601531982422,71.17584228515625
0,-47.0,-95,20,12,27.73084831237793,22.360679626464844,22.825424194335938,18.788293838500977,12.529964447021484,10.816654205322266,6.7082037925720215,5.830951690673828,0.0,0.0,1.4142135381698608,4.242640495300293,9.433980941772461,11.180339813232422,13.0,14.317821502685547,17.0880069732666,18.681541442871094,19.646883010864258,24.041629791259766,25.0,27.658634185791016,29.4108829498291,32.557640075683594,33.541019439697266,34.71310806274414,38.20994567871094,39.458839416503906,41.43669891357422,41.1096076965332,43.104522705078125,45.17742919921875,43.28972244262695,46.173583984375,46.389652252197266,43.104522705078125,44.10215377807617,47.095645904541016,47.095645904541016,47.26520919799805,46.097721099853516,44.04542922973633,46.04345703125,46.097721099853516,44.40720748901367,43.104522705078125,44.40720748901367,43.416587829589844,43.416587829589844,44.10215377807617,42.42640686035156,41.231056213378906
0,-46.0,-95,22,15,50.990196228027344,43.73785400390625,39.458839416503906,32.557640075683594,27.166154861450195,19.10497283935547,15.033296585083008,8.062257766723633,3.0,1.4142135381698608,5.099019527435303,11.401754379272461,15.033296585083008,20.2237491607666,25.079872131347656,30.066593170166016,32.06243896484375,38.05259704589844,42.0,45.0,48.041648864746094,51.15662384033203,56.14267349243164,59.304298400878906,62.28964614868164,65.4904556274414,70.71067810058594,74.96665954589844,75.31268310546875,80.41144561767578,78.26238250732422,82.37718200683594,83.54639434814453,83.18653869628906,85.90692901611328,87.29833984375,86.4927749633789,86.4927749633789,85.32877349853516,83.9523696899414,87.4757080078125,84.92938232421875,85.90692901611328,82.37718200683594,82.37718200683594,81.04936981201172,81.04936981201172,80.8949966430664,81.74349975585938,79.4040298461914,79.22752380371094,76.00657653808594
0,-46.0,-95,22,15,50.15974426269531,45.27692413330078,38.470767974853516,32.24903106689453,26.305892944335938,20.39607810974121,14.317821502685547,8.062257766723633,3.1622776985168457,2.0,7.071067810058594,12.165525436401367,16.278820037841797,22.360679626464844,26.68332862854004,30.08321762084961,34.48188018798828,37.36308288574219,41.1096076965332,45.221675872802734,48.383880615234375,53.3104133605957,54.230987548828125,57.697486877441406,63.071388244628906,65.7419204711914,73.06161499023438,73.43023681640625,78.39005279541016,77.69813537597656,80.77747344970703,82.15229797363281,85.75546264648438,86.09297180175781,87.46427917480469,85.4400405883789,87.66413116455078,86.28441619873047,86.8216552734375,89.04492950439453,84.31488800048828,86.8216552734375,84.31488800048828,85.98255920410156,82.37718200683594,80.4549560546875,81.83519744873047,81.6333236694336,80.77747344970703,79.25907135009766,77.41446685791016,76.15773010253906
0,-46.0,-95,22,15,47.50789260864258,41.86884307861328,36.878177642822266,30.479501724243164,22.803508758544922,17.804492950439453,12.806248664855957,7.8102498054504395,2.2360680103302,2.8284270763397217,5.656854152679443,11.401754379272461,16.124515533447266,22.472204208374023,26.419689178466797,31.62277603149414,33.2866325378418,37.2155876159668,41.18252182006836,46.06517028808594,47.85394287109375,53.22593307495117,54.12947463989258,58.872745513916016,62.3939094543457,63.90618133544922,70.51950073242188,75.28611755371094,75.58438873291016,79.05693817138672,78.44743347167969,81.60882568359375,84.20214080810547,83.24061584472656,84.48076629638672,84.89994049072266,85.4400405883789,85.16454315185547,85.4400405883789,85.16454315185547,85.4400405883789,84.20214080810547,86.40023040771484,81.04319763183594,82.00609588623047,80.08120727539062,80.36167907714844,81.90848541259766,80.65357971191406,77.8331527709961,79.47956085205078,74.73285675048828
0,-46.0,-95,22,16,52.239830017089844,46.097721099853516,40.0,34.01470184326172,27.073972702026367,20.099750518798828,14.142135620117188,9.0,4.123105525970459,2.0,6.082762718200684,13.03840446472168,17.0,21.095022201538086,27.073972702026367,31.256999969482422,35.35533905029297,39.31920623779297,44.55333709716797,46.87216567993164,51.97114562988281,55.54277801513672,56.51548385620117,63.06346130371094,67.18630981445312,68.680419921875,77.16217041015625,79.05693817138672,81.27114868164062,83.57032775878906,84.75848388671875,87.66413116455078,88.95504760742188,89.31964874267578,92.11405944824219,88.95504760742188,92.69843292236328,92.35800170898438,92.69843292236328,91.76055908203125,90.13877868652344,88.60022735595703,93.04837799072266,87.31552124023438,87.31552124023438,85.79627227783203,86.03487396240234,86.03487396240234,86.33075714111328,83.93450164794922,81.25269317626953,81.21575927734375
0,-46.0,-95,21,19,49.39635467529297,43.32435989379883,39.39543151855469,32.31098937988281,26.925823211669922,19.313207626342773,12.649110794067383,7.6157732009887695,3.0,2.2360680103302,7.211102485656738,12.041594505310059,16.401220321655273,20.59126091003418,25.553865432739258,32.4499626159668,34.20526123046875,38.832977294921875,44.40720748901367,47.01063537597656,51.22499465942383,56.080299377441406,57.384666442871094,60.20797348022461,64.53681182861328,66.52819061279297,72.83543395996094,77.79460144042969,79.90619659423828,83.48652648925781,81.32035064697266,85.6329345703125,87.72685241699219,86.31338500976562,88.41380310058594,89.14033508300781,88.41380310058594,89.09545135498047,89.80534362792969,87.72685241699219,87.69264221191406,87.69264221191406,88.41380310058594,84.148681640625,84.89994049072266,82.03657531738281,83.4385986328125,82.75868225097656,82.07313537597656,81.05553436279297,79.8122787475586,79.6303939819336
0,-47.0,-95,23,12,46.69047164916992,42.44997024536133,37.80211639404297,33.42155075073242,26.870058059692383,18.384777069091797,11.313708305358887,5.656854152679443,2.0,3.605551242828369,8.246211051940918,12.083045959472656,16.552946090698242,21.954498291015625,25.553865432739258,32.649654388427734,34.885528564453125,38.910152435302734,41.62931823730469,46.097721099853516,49.39635467529297,53.851646423339844,57.584720611572266,60.4400520324707,64.56005096435547,67.35725402832031,72.80110168457031,72.53275299072266,78.58753204345703,81.25269317626953,79.55501556396484,82.71033477783203,85.16454315185547,85.16454315185547,89.02246856689453,85.61541748046875,85.14693450927734,88.0738296508789,88.0738296508789,88.29496002197266,88.76936340332031,88.5268325805664,88.5268325805664,82.97589874267578,82.71033477783203,81.90848541259766,84.77027893066406,84.11896514892578,81.90848541259766,80.36167907714844,79.71198272705078,80.62257385253906
0,-47.0,-95,19,20,30.08321762084961,23.409399032592773,17.0,8.246211051940918,18.867961883544922,12.649110794067383,8.062257766723633,3.605551242828369,4.0,4.0,4.0,6.324555397033691,6.7082037925720215,8.602325439453125,8.5440034866333,15.524174690246582,17.0880069732666,16.492422103881836,19.92485809326172,21.470911026000977,24.351591110229492,23.25940704345703,28.17800521850586,28.844409942626953,30.232433319091797,30.232433319091797,31.906112670898438,38.832977294921875,37.80211639404297,37.735923767089844,39.96248245239258,39.408119201660156,43.011627197265625,40.49691390991211,41.617305755615234,42.19004440307617,44.10215377807617,43.8292121887207,43.8292121887207,42.20189666748047,43.011627197265625,42.43819046020508,41.617305755615234,40.804412841796875,41.88078308105469,39.11521530151367,40.224369049072266,40.8166618347168,39.11521530151367,37.2155876159668,38.01315689086914,36.400550842285156
