timestamp,rssi,noise_floor,agc_gain,fft_gain,subcarrier_0,subcarrier_1,subcarrier_2,subcarrier_3,subcarrier_4,subcarrier_5,subcarrier_6,subcarrier_7,subcarrier_8,subcarrier_9,subcarrier_10,subcarrier_11,subcarrier_12,subcarrier_13,subcarrier_14,subcarrier_15,subcarrier_16,subcarrier_17,subcarrier_18,subcarrier_19,subcarrier_20,subcarrier_21,subcarrier_22,subcarrier_23,subcarrier_24,subcarrier_25,subcarrier_26,subcarrier_27,subcarrier_28,subcarrier_29,subcarrier_30,subcarrier_31,subcarrier_32,subcarrier_33,subcarrier_34,subcarrier_35,subcarrier_36,subcarrier_37,subcarrier_38,subcarrier_39,subcarrier_40,subcarrier_41,subcarrier_42,subcarrier_43,subcarrier_44,subcarrier_45,subcarrier_46,subcarrier_47,subcarrier_48,subcarrier_49,subcarrier_50,subcarrier_51
0,-36,-95,12,36,123.49089050292969,125.89678192138672,128.39002990722656,127.66361999511719,125.57467651367188,122.5887451171875,122.91867065429688,118.2708740234375,117.34564208984375,120.10411834716797,118.0169448852539,118.0169448852539,117.0384521484375,117.068359375,117.068359375,116.34861755371094,116.6190414428711,114.52947235107422,115.26057434082031,117.9576187133789,118.71394348144531,118.71394348144531,113.99122619628906,116.55899810791016,116.7261734008789,116.96580505371094,113.1370849609375,112.44554138183594,109.29318237304688,106.47064971923828,105.385009765625,106.30146026611328,101.31633758544922,98.12747192382812,98.12747192382812,93.4344711303711,94.19129180908203,91.19758605957031,85.05292510986328,86.14522552490234,81.00617218017578,81.09870910644531,79.15807342529297,78.10249328613281,78.00640869140625,78.00640869140625,80.02499389648438,76.05918884277344,76.2364730834961,78.91767883300781,77.87811279296875,75.27283477783203
0,-36,-95,12,36,121.04957580566406,121.75385284423828,123.69316864013672,123.93949890136719,122.00409698486328,118.87808990478516,118.25819396972656,116.4989242553711,116.29703521728516,116.7261734008789,114.75626373291016,113.99122619628906,114.62983703613281,115.1173324584961,109.45775604248047,113.1591796875,114.1095962524414,110.16351318359375,113.0177001953125,114.01753997802734,115.108642578125,116.01724243164062,114.00438690185547,114.0,112.07140350341797,113.0,110.07270050048828,109.11461639404297,107.07473754882812,102.12247467041016,102.12247467041016,101.12368774414062,101.12368774414062,94.42987060546875,95.52486419677734,91.4439697265625,91.4439697265625,86.37129211425781,84.38008880615234,83.21658325195312,78.23043060302734,81.74349975585938,81.49846649169922,75.66372680664062,75.53807067871094,75.95393371582031,72.18032836914062,76.48529052734375,75.0,75.27283477783203,75.96051788330078,74.70609283447266
0,-36,-95,12,36,122.80065155029297,126.38433074951172,126.84636688232422,129.031005859375,124.4548110961914,125.41929626464844,120.7849349975586,119.10499572753906,116.41735076904297,116.70903778076172,115.31695556640625,114.75626373291016,116.96580505371094,113.63538360595703,112.53887939453125,112.44554138183594,114.15778350830078,113.28282928466797,117.01708984375,117.01708984375,118.10588836669922,116.10771179199219,114.07015228271484,113.0,115.03912353515625,113.0707778930664,110.07270050048828,108.16654205322266,107.1680908203125,103.12128448486328,105.11898040771484,102.12247467041016,99.18164825439453,98.32598876953125,92.54188537597656,93.34345245361328,92.54188537597656,87.57283020019531,85.47514343261719,84.71717834472656,79.5110092163086,81.49846649169922,80.39900207519531,76.65507507324219,77.92945861816406,73.82411193847656,71.02112579345703,74.14849853515625,74.46475982666016,74.04052734375,73.73601531982422,73.35530090332031
0,-36,-95,12,36,123.8466796875,128.68954467773438,123.40583801269531,123.55565643310547,118.69709014892578,124.20144653320312,119.47384643554688,118.22859191894531,117.443603515625,114.28472900390625,114.40279388427734,112.60550689697266,114.0570068359375,112.05802154541016,117.13667297363281,112.50777435302734,115.48593139648438,110.53506469726562,114.03946685791016,113.6485824584961,116.36150360107422,115.00434875488281,109.59014892578125,117.20068359375,117.61802673339844,116.29703521728516,113.6485824584961,108.0462875366211,107.54068756103516,101.71037292480469,103.24727630615234,102.39628601074219,101.54801940917969,95.18928527832031,96.83490753173828,91.26883697509766,89.35882568359375,87.09190368652344,87.98295593261719,83.48652648925781,79.4040298461914,81.02468872070312,77.42092895507812,78.00640869140625,78.4091796875,76.216796875,78.4091796875,77.10382843017578,71.4212875366211,78.49203491210938,75.28611755371094,75.1664810180664
0,-36,-95,12,37,126.66886138916016,125.17587280273438,133.7348175048828,127.98828125,132.38201904296875,123.06908416748047,125.20782470703125,122.38055419921875,123.84264373779297,121.91800689697266,119.75391387939453,121.65936279296875,118.60016632080078,119.40267944335938,114.6211166381836,118.71394348144531,115.37763977050781,121.7579574584961,114.90866088867188,120.95040130615234,120.10828399658203,120.95040130615234,122.5887451171875,120.22062683105469,120.10828399658203,115.108642578125,115.9353256225586,116.2497329711914,109.28861236572266,116.2497329711914,101.60708618164062,104.62313079833984,105.43718719482422,102.80078125,99.20181274414062,97.00515747070312,94.4933853149414,90.8019790649414,90.90654754638672,84.50444030761719,91.67878723144531,84.50444030761719,82.87943267822266,80.91971588134766,79.98124694824219,77.15568542480469,76.3675308227539,79.20858764648438,81.39410400390625,79.4040298461914,76.5506362915039,76.02631378173828
0,-36,-95,12,37,130.1768035888672,128.8177032470703,130.86251831054688,128.70120239257812,129.5569305419922,128.1444549560547,128.8177032470703,123.16655731201172,125.9920654296875,123.2396011352539,120.6150894165039,122.80065155029297,121.7579574584961,117.32433319091797,117.88977813720703,121.2476806640625,117.59677124023438,116.81181335449219,120.22062683105469,120.95040130615234,119.57006072998047,120.65238952636719,120.41594696044922,120.44085693359375,119.70797729492188,117.99152374267578,116.76471710205078,116.21101379394531,111.22050476074219,109.83624267578125,106.7801513671875,109.28861236572266,104.04325866699219,100.68763732910156,103.6001968383789,96.26006317138672,94.86833190917969,92.6552734375,90.0,85.6037368774414,84.20214080810547,84.81155395507812,85.44589233398438,84.0238037109375,80.15609741210938,76.69419860839844,79.39773559570312,81.32035064697266,79.93122100830078,80.05622863769531,76.6093978881836,77.5241928100586
0,-36,-95,13,31,116.21101379394531,121.10326385498047,120.26637268066406,122.1024169921875,118.1524429321289,118.20744323730469,121.14866638183594,115.21284484863281,115.27792358398438,112.53887939453125,114.98260498046875,113.86395263671875,113.95174407958984,110.81967163085938,105.72132873535156,108.68302154541016,110.86027526855469,107.70793914794922,113.05308532714844,109.63575744628906,110.11357879638672,112.36102294921875,110.44002532958984,113.05308532714844,110.11357879638672,110.60289001464844,106.73331451416016,106.96260833740234,101.63660430908203,101.86756134033203,101.20276641845703,98.71676635742188,98.27003479003906,94.9210205078125,91.24143981933594,91.21951293945312,88.1192398071289,86.12200927734375,82.20097351074219,81.78630828857422,79.07591247558594,78.91767883300781,76.29547882080078,76.79192352294922,75.66372680664062,70.45565795898438,74.4311752319336,76.10519409179688,71.02816009521484,76.05918884277344,74.24284362792969,72.36711883544922
0,-36,-95,12,36,127.3106460571289,126.6214828491211,127.40486907958984,123.79418182373047,125.2557373046875,122.3315200805664,125.9920654296875,118.19052124023438,121.6552505493164,121.82774353027344,116.93160247802734,117.15374755859375,116.03878784179688,117.20068359375,112.64546203613281,119.03781127929688,115.108642578125,113.71894836425781,115.6633071899414,117.0469970703125,117.34564208984375,118.98319244384766,117.0469970703125,116.81181335449219,115.108642578125,112.89375305175781,111.50336456298828,109.28861236572266,107.41508483886719,109.85900115966797,104.20172882080078,104.62313079833984,103.00485229492188,100.42410278320312,100.12492370605469,95.60334777832031,91.83136749267578,88.09085845947266,88.23831176757812,85.14693450927734,85.2760238647461,79.64923095703125,81.56592559814453,80.80841827392578,80.05622863769531,77.10382843017578,75.66372680664062,76.38062286376953,75.82215881347656,79.4040298461914,76.85050201416016,76.47875213623047
0,-36,-95,12,36,123.00406646728516,120.30793762207031,128.99612426757812,120.35364532470703,123.16655731201172,115.97413635253906,119.8832778930664,117.33712005615234,116.6190414428711,120.22062683105469,117.4776611328125,112.05802154541016,113.71894836425781,111.83023071289062,108.22661590576172,114.01753997802734,109.34349822998047,112.29425811767578,111.8659896850586,115.43396759033203,110.8873291015625,116.2755355834961,110.11357879638672,113.2784194946289,109.22454071044922,110.8873291015625,108.70602416992188,109.34349822998047,102.44998931884766,101.67103576660156,100.2646484375,100.2646484375,97.45255279541016,96.04686737060547,93.60021209716797,91.40021514892578,88.23265075683594,84.62860107421875,84.62860107421875,81.02468872070312,81.02468872070312,76.6093978881836,79.6303939819336,72.67048645019531,74.3303451538086,75.47184753417969,72.71863555908203,75.47184753417969,77.36924743652344,74.32361602783203,74.3303451538086,74.21590423583984
0,-36,-95,12,36,124.61942291259766,124.27791595458984,124.85191345214844,126.6056900024414,121.82774353027344,123.22337341308594,121.82774353027344,120.10411834716797,120.92973327636719,115.12167358398438,117.66053009033203,117.4776611328125,116.84605407714844,116.36150360107422,117.61802673339844,112.69871520996094,116.29703521728516,110.0227279663086,115.95257568359375,116.36150360107422,118.10588836669922,119.43617248535156,111.80339813232422,117.0,116.36150360107422,115.87062072753906,114.93476104736328,108.22661590576172,109.56732940673828,106.10372161865234,104.20172882080078,104.23531341552734,98.88377380371094,97.1287841796875,98.1121826171875,90.82400512695312,89.06739044189453,89.06739044189453,87.70974731445312,87.32124328613281,81.12335968017578,81.6333236694336,78.23043060302734,77.38862609863281,78.23681640625,74.63243103027344,76.27581787109375,78.4091796875,77.6208724975586,75.1664810180664,74.2765121459961,76.6093978881836
0,-36,-95,12,35,117.6435317993164,121.2476806640625,120.2081527709961,126.19429779052734,120.67311096191406,121.2476806640625,115.67626953125,115.43396759033203,117.6435317993164,116.5160903930664,113.4063491821289,114.8651351928711,114.8651351928711,114.02192687988281,109.71326446533203,109.65856170654297,111.73181915283203,108.2081298828125,116.7261734008789,113.14591979980469,113.14591979980469,113.14591979980469,108.18965148925781,113.95174407958984,111.72286987304688,111.73181915283203,109.60382843017578,106.07544708251953,108.93116760253906,101.17806243896484,103.96633911132812,96.2081069946289,99.15644073486328,96.26006317138672,94.2602767944336,88.5268325805664,87.96590423583984,86.45230102539062,83.86894226074219,82.32861328125,80.28075408935547,81.68843078613281,79.02531433105469,79.64923095703125,77.20103454589844,74.63243103027344,74.88658142089844,75.7165756225586,75.59100341796875,74.6860122680664,75.7693862915039,74.46475982666016
0,-36,-95,12,36,125.51493835449219,119.43617248535156,129.63409423828125,124.5351333618164,126.69648742675781,123.35720825195312,123.9758071899414,120.83045959472656,119.85408020019531,122.00409698486328,117.90250396728516,119.33147430419922,118.00423431396484,115.13470458984375,113.52973175048828,115.52056121826172,109.93180084228516,114.94781494140625,114.63420104980469,119.43617248535156,117.0,116.86744689941406,116.81181335449219,115.8792495727539,115.16944122314453,113.08846282958984,109.5627670288086,112.00892639160156,107.70329284667969,106.04244232177734,104.35516357421875,105.47511291503906,100.6578369140625,98.03060913085938,97.08243560791016,96.13532257080078,93.68030548095703,87.93179321289062,86.40023040771484,83.81526947021484,83.52245330810547,80.65357971191406,81.32035064697266,82.71033477783203,78.44743347167969,75.43209075927734,76.90253448486328,78.85429382324219,81.61495208740234,80.09993743896484,76.05918884277344,73.55270385742188
0,-36,-95,12,36,120.55289459228516,124.7878189086914,125.00399780273438,128.16004943847656,124.23365020751953,124.6515121459961,122.93087768554688,119.23086547851562,118.30891418457031,120.70211029052734,117.38824462890625,115.95257568359375,116.7775650024414,114.03946685791016,113.6485824584961,114.2365951538086,117.66053009033203,113.3710708618164,118.51160430908203,116.81181335449219,116.6190414428711,117.13667297363281,114.12712097167969,116.46887969970703,114.61238861083984,113.6485824584961,113.6485824584961,107.70329284667969,109.12836456298828,107.35455322265625,102.85912322998047,105.58882141113281,102.42070007324219,94.3716049194336,94.42987060546875,93.10746765136719,92.19544219970703,87.09190368652344,84.5813217163086,82.85529327392578,83.67198181152344,82.46211242675781,79.30951690673828,80.05622863769531,78.92401123046875,74.0,77.16217041015625,76.843994140625,76.90253448486328,77.78174591064453,76.16429901123047,76.0
0,-36,-95,12,36,121.46192932128906,129.61866760253906,127.38916778564453,126.84636688232422,125.9245834350586,122.93087768554688,122.42957305908203,119.61605072021484,120.90492248535156,118.59595489501953,118.2962417602539,117.72000885009766,117.38824462890625,117.15374755859375,115.91807556152344,114.33721923828125,114.93476104736328,113.95174407958984,116.10771179199219,115.1173324584961,116.2497329711914,118.94956970214844,113.63538360595703,114.52947235107422,118.08895111083984,111.3058853149414,114.12712097167969,111.15754699707031,109.83624267578125,103.81714630126953,102.8250961303711,102.42070007324219,98.85848236083984,98.15293884277344,95.52486419677734,93.38094329833984,89.26925659179688,90.93404388427734,88.28363037109375,86.31338500976562,82.76472473144531,78.64476776123047,79.62411499023438,76.68767547607422,74.73285675048828,74.73285675048828,80.04998779296875,78.58753204345703,77.6208724975586,77.16217041015625,76.05918884277344,75.47184753417969
0,-36,-95,11,39,120.14990997314453,127.14165496826172,122.03688049316406,126.25371551513672,121.10326385498047,121.26417541503906,117.15374755859375,116.0689468383789,116.03878784179688,117.01708984375,116.01724243164062,116.00431060791016,113.0707778930664,112.07140350341797,114.03946685791016,112.44554138183594,112.44554138183594,111.54371643066406,113.99122619628906,113.63538360595703,115.6243896484375,116.7261734008789,112.21853637695312,114.62983703613281,112.64102172851562,113.44161224365234,108.66461944580078,108.22661590576172,106.47064971923828,104.17293548583984,104.04325866699219,100.12492370605469,99.04544067382812,96.04686737060547,95.0,92.0,90.0,86.0,85.0,85.02352905273438,79.05693817138672,81.05553436279297,79.02531433105469,77.05841827392578,77.02597045898438,75.32595825195312,76.41989135742188,78.77182006835938,76.29547882080078,78.58753204345703,77.79460144042969,73.9256362915039
0,-36,-95,12,36,126.1784439086914,122.06555938720703,129.02713012695312,126.82665252685547,127.75758361816406,119.2518310546875,121.43310546875,123.03251647949219,120.2081527709961,119.61605072021484,120.2081527709961,117.9237060546875,115.95257568359375,115.03912353515625,111.82575988769531,117.20068359375,114.61238861083984,111.36426544189453,114.61238861083984,117.33712005615234,116.36150360107422,115.60276794433594,118.53269958496094,117.33712005615234,115.00434875488281,112.29425811767578,111.36426544189453,111.80339813232422,106.89247131347656,109.12836456298828,105.11898040771484,104.20172882080078,101.07422637939453,99.4032211303711,93.471923828125,94.84724426269531,89.89994812011719,88.23831176757812,85.08818817138672,83.77350616455078,83.67198181152344,78.79086303710938,79.7057113647461,78.18567657470703,76.5506362915039,77.16217041015625,76.843994140625,78.74642944335938,80.80841827392578,81.39410400390625,76.16429901123047,77.0064926147461
0,-36,-95,11,40,122.9837417602539,126.12692260742188,124.90796661376953,129.6919403076172,125.67020416259766,122.9837417602539,123.00406646728516,117.23907470703125,120.35364532470703,116.84605407714844,117.99152374267578,117.59677124023438,117.59677124023438,116.6061782836914,117.4137954711914,114.01753997802734,114.63420104980469,111.52130126953125,117.15374755859375,118.69709014892578,116.66190338134766,117.9237060546875,116.82465362548828,117.59251403808594,117.15374755859375,111.82575988769531,110.2587890625,108.85311126708984,107.80074310302734,106.4048843383789,104.8093490600586,104.20172882080078,100.2646484375,100.80178833007812,97.41663360595703,93.60021209716797,93.60021209716797,88.48163604736328,84.62860107421875,85.0,82.37718200683594,82.6619644165039,80.4549560546875,78.23681640625,79.88116455078125,78.892333984375,77.93586730957031,78.71467590332031,75.23961639404297,76.967529296875,75.89466094970703,76.90253448486328
0,-36,-95,12,35,122.06555938720703,119.64112854003906,125.57467651367188,121.11564636230469,123.0162582397461,118.9033203125,119.2518310546875,117.17507934570312,118.68024444580078,117.17507934570312,117.17507934570312,115.44696044921875,115.73245239257812,114.33721923828125,111.00450134277344,112.61438751220703,109.8954086303711,112.29425811767578,113.53413391113281,115.84903717041016,114.2716064453125,115.84903717041016,114.12712097167969,115.73245239257812,114.12712097167969,112.29425811767578,109.03668975830078,109.32977294921875,103.4069595336914,103.4069595336914,100.28459167480469,101.11874389648438,100.80674743652344,93.38094329833984,93.21480560302734,88.45903015136719,89.26925659179688,86.4927749633789,85.61541748046875,85.14693450927734,81.25269317626953,79.83106994628906,78.33900451660156,76.92203521728516,76.90253448486328,73.08214569091797,72.42237091064453,77.79460144042969,77.077880859375,75.58438873291016,76.15773010253906,74.81310272216797
0,-36,-95,12,35,121.27654266357422,120.61923217773438,121.51131439208984,123.55565643310547,118.25819396972656,117.68601989746094,117.38824462890625,117.38824462890625,115.69355773925781,112.08924865722656,115.80155181884766,114.49017333984375,110.67971801757812,111.07205200195312,111.42710876464844,109.5627670288086,113.21660614013672,108.85311126708984,110.92339324951172,116.2755355834961,110.07270050048828,109.59014892578125,108.6876220703125,110.92339324951172,110.0227279663086,113.63538360595703,108.22661590576172,106.51290893554688,105.30906677246094,101.76934814453125,101.63660430908203,98.0866928100586,97.30878448486328,95.63471984863281,91.92388153076172,92.35800170898438,88.60022735595703,83.00602722167969,85.4400405883789,81.3449478149414,81.27114868164062,79.37883758544922,76.5506362915039,74.63243103027344,75.28611755371094,73.76313781738281,77.6208724975586,73.97972869873047,75.92759704589844,77.78174591064453,75.1664810180664,72.0
0,-38,-95,14,28,121.63058471679688,119.97083282470703,124.23365020751953,122.56018829345703,121.84005737304688,115.8792495727539,118.10588836669922,115.15641784667969,115.95257568359375,113.21660614013672,112.30760955810547,113.14591979980469,111.41364288330078,111.01801300048828,107.91200256347656,109.93180084228516,109.83624267578125,109.0,109.85900115966797,110.11357879638672,111.77208709716797,112.32987213134766,109.55364227294922,108.22661590576172,109.55364227294922,106.50821685791016,106.50821685791016,103.17460632324219,100.40418243408203,100.12492370605469,95.96353149414062,94.87360382080078,94.87360382080078,91.58602142333984,92.43917083740234,89.04492950439453,85.75546264648438,82.15229797363281,81.12335968017578,79.4040298461914,76.66159057617188,75.80237579345703,75.29276275634766,71.19690704345703,71.58910369873047,70.66116333007812,71.5541763305664,72.91776275634766,73.53910827636719,72.11102294921875,71.56814575195312,70.03570556640625
0,-36,-95,11,39,120.33287048339844,125.0,124.61540985107422,125.71794128417969,122.24974060058594,121.26417541503906,118.18629455566406,115.87062072753906,114.9652099609375,113.1591796875,116.36150360107422,110.47624206542969,114.94781494140625,110.14535522460938,113.0177001953125,110.45361328125,110.38568878173828,109.29318237304688,115.43396759033203,112.20071411132812,113.2254409790039,115.43396759033203,112.32987213134766,114.28472900390625,111.22050476074219,112.05802154541016,108.16654205322266,104.8475112915039,104.8475112915039,100.70252990722656,102.62553405761719,98.47334289550781,97.34988403320312,96.79875946044922,93.81364440917969,90.21086120605469,92.28217315673828,84.38008880615234,82.49242401123047,81.00617218017578,81.4923324584961,80.77747344970703,77.5241928100586,79.64923095703125,77.41446685791016,76.15773010253906,75.13321685791016,75.1531753540039,74.67261505126953,74.04052734375,70.61161041259766,71.44927978515625
0,-36,-95,12,36,121.20230865478516,117.63077545166016,126.62543487548828,119.41942596435547,122.09013366699219,118.9621810913086,120.74767303466797,114.93476104736328,113.59577178955078,117.17507934570312,112.40106964111328,116.81181335449219,112.00892639160156,114.82595825195312,107.22406768798828,114.17967987060547,111.12605285644531,112.36102294921875,111.3238525390625,115.9482650756836,111.68258666992188,112.64102172851562,112.27198791503906,111.3238525390625,112.36102294921875,111.01801300048828,109.4805908203125,106.90182495117188,104.9952392578125,106.60675048828125,98.68130493164062,102.14205932617188,99.95999145507812,96.2081069946289,93.40770721435547,89.8888168334961,89.53770446777344,86.53900909423828,83.93450164794922,80.05622863769531,83.00602722167969,77.077880859375,79.30951690673828,76.05918884277344,76.05918884277344,76.92203521728516,76.47875213623047,76.15773010253906,75.80237579345703,77.42092895507812,76.83749389648438,69.29646301269531
0,-36,-95,11,40,129.09686279296875,128.87591552734375,128.08200073242188,127.47156524658203,124.6515121459961,123.3693618774414,125.3554916381836,121.85237121582031,118.84864044189453,118.18629455566406,121.85237121582031,117.68601989746094,117.63077545166016,118.51160430908203,117.23907470703125,115.48593139648438,117.13667297363281,115.43396759033203,115.76268768310547,119.03781127929688,119.364990234375,118.43141174316406,118.51160430908203,115.96551513671875,117.66053009033203,116.6190414428711,114.58621215820312,110.27692413330078,113.0177001953125,104.00961303710938,106.67708587646484,103.24727630615234,100.84642028808594,97.24710845947266,98.41239929199219,91.7060546875,93.1504135131836,86.76981353759766,89.94442749023438,86.35391998291016,84.53401947021484,84.9705810546875,81.00617218017578,82.2982406616211,80.49844360351562,76.48529052734375,78.72102355957031,81.1541748046875,77.49193572998047,79.8122787475586,79.62411499023438,75.23961639404297
0,-36,-95,12,36,125.09996032714844,125.87692260742188,128.31600952148438,126.50691986083984,122.78843688964844,123.8466796875,119.97083282470703,120.10411834716797,118.56221771240234,115.52056121826172,118.19052124023438,115.3126220703125,112.43220520019531,108.90362548828125,115.27792358398438,112.60994720458984,115.6243896484375,112.53887939453125,115.88356018066406,116.84605407714844,114.02192687988281,114.1095962524414,116.84605407714844,115.6243896484375,115.43396759033203,113.35784149169922,114.02192687988281,108.2081298828125,108.30050659179688,104.23531341552734,101.13851928710938,102.53292083740234,101.13851928710938,96.87621307373047,96.87621307373047,90.52071380615234,90.5096664428711,87.69264221191406,85.6329345703125,84.89994049072266,82.8070068359375,82.8070068359375,78.49203491210938,80.05622863769531,75.74298858642578,76.5767593383789,77.0064926147461,75.80237579345703,73.7834701538086,76.66159057617188,78.29431915283203,76.5506362915039
0,-36,-95,12,35,122.44998931884766,123.49089050292969,122.3315200805664,125.93649291992188,121.79490661621094,122.3315200805664,116.50321960449219,118.98319244384766,114.82595825195312,116.76471710205078,113.44161224365234,114.28472900390625,112.20071411132812,111.04053497314453,112.29425811767578,109.87720489501953,113.2784194946289,108.97705841064453,115.36463928222656,115.97413635253906,115.43396759033203,116.0,109.71326446533203,111.7586669921875,114.76933288574219,109.71326446533203,110.39022064208984,106.30146026611328,105.47511291503906,101.86265563964844,101.98039245605469,100.6578369140625,97.18538665771484,95.52486419677734,95.01578521728516,90.90654754638672,91.0494384765625,87.00574493408203,83.40863037109375,84.20214080810547,81.4002456665039,82.00609588623047,76.216796875,77.801025390625,73.81734466552734,74.88658142089844,72.94518280029297,77.38862609863281,76.15773010253906,77.87811279296875,74.3303451538086,76.92203521728516
0,-36,-95,12,35,121.6552505493164,119.5198745727539,127.4754867553711,124.95198822021484,123.16655731201172,119.5198745727539,122.0,116.90166473388672,115.52056121826172,119.33147430419922,115.31695556640625,110.85575866699219,112.08924865722656,110.72488403320312,110.36756896972656,112.00892639160156,108.07867431640625,111.42710876464844,112.80514526367188,116.46887969970703,112.92475128173828,112.92475128173828,112.94689178466797,111.08555603027344,111.78997802734375,112.00892639160156,106.77546691894531,106.97663116455078,102.31813049316406,103.81714630126953,101.0197982788086,101.51354217529297,100.08995819091797,92.02716827392578,92.6552734375,91.7060546875,90.8019790649414,85.070556640625,84.20214080810547,81.60882568359375,81.60882568359375,75.0,80.08120727539062,76.92203521728516,76.65507507324219,75.92759704589844,73.97972869873047,73.54590606689453,76.79192352294922,76.10519409179688,72.00694274902344,72.24956512451172
0,-36,-95,12,35,121.06196594238281,119.2182846069336,126.43575286865234,123.79418182373047,122.91867065429688,120.93386840820312,121.6552505493164,116.55899810791016,115.7410888671875,114.93476104736328,115.91807556152344,115.12167358398438,114.75626373291016,109.65856170654297,109.63575744628906,109.76793670654297,111.62885284423828,110.36756896972656,112.60550689697266,115.52056121826172,114.82595825195312,111.6646728515625,112.60550689697266,112.57886505126953,110.36756896972656,111.62885284423828,111.62885284423828,109.4805908203125,102.45974731445312,104.04325866699219,102.2007827758789,99.32774353027344,99.04039764404297,96.5660400390625,92.34716796875,91.48223876953125,87.09764862060547,82.46211242675781,82.46211242675781,82.46211242675781,79.30951690673828,78.33900451660156,78.33900451660156,78.64476776123047,76.68767547607422,72.56720733642578,76.11833190917969,76.79192352294922,75.1664810180664,77.0064926147461,74.24284362792969,75.13321685791016
0,-36,-95,12,36,123.0162582397461,127.0157470703125,124.03628540039062,127.0157470703125,121.06610107421875,124.01612854003906,120.03749084472656,120.26637268066406,121.14866638183594,116.34861755371094,120.14990997314453,117.61377716064453,117.38824462890625,115.1173324584961,113.43721008300781,110.81967163085938,118.25819396972656,110.81967163085938,118.87808990478516,116.41735076904297,116.18089294433594,116.92733001708984,114.75626373291016,115.95257568359375,114.75626373291016,112.5877456665039,111.40017700195312,107.87029266357422,109.83624267578125,107.87029266357422,106.3672866821289,102.25947570800781,98.65596771240234,98.65596771240234,95.75489807128906,89.44271850585938,91.78779602050781,87.96590423583984,86.70063781738281,85.98837280273438,81.49846649169922,81.49846649169922,79.90619659423828,80.5046615600586,79.4040298461914,77.16217041015625,78.4091796875,78.0,79.0,79.22752380371094,76.79192352294922,74.46475982666016
0,-36,-95,12,36,123.03251647949219,125.25174713134766,120.48651123046875,128.08200073242188,117.6435317993164,123.64869689941406,121.14866638183594,118.9621810913086,119.2182846069336,111.3238525390625,117.72000885009766,115.20850372314453,115.31695556640625,109.04127502441406,118.25819396972656,109.65856170654297,119.364990234375,107.05606079101562,115.52488708496094,115.6243896484375,113.74533081054688,118.08895111083984,109.65856170654297,116.43023681640625,113.1370849609375,115.97413635253906,113.63538360595703,108.0462875366211,109.03668975830078,100.7174301147461,104.23531341552734,100.12991333007812,99.84988403320312,96.33794403076172,98.65596771240234,89.26925659179688,91.92388153076172,84.01190185546875,87.96590423583984,85.5102310180664,79.07591247558594,84.92938232421875,77.92945861816406,78.64476776123047,76.90253448486328,77.36924743652344,74.21590423583984,79.4040298461914,74.0,78.39005279541016,75.64390563964844,78.23043060302734
0,-36,-95,12,35,116.0,113.84638977050781,119.50313568115234,116.0,117.37972259521484,111.72286987304688,115.27792358398438,109.62207794189453,108.97705841064453,111.8659896850586,106.96260833740234,107.44766235351562,109.34349822998047,106.21205139160156,103.6001968383789,108.16654205322266,102.62553405761719,106.50821685791016,107.70329284667969,109.29318237304688,109.41663360595703,109.07795715332031,108.75660705566406,109.93180084228516,106.53168487548828,103.46497344970703,102.39628601074219,104.8475112915039,99.85990142822266,100.4987564086914,94.03190612792969,95.41488647460938,95.41488647460938,92.0869140625,90.97252655029297,88.23265075683594,82.92768096923828,81.27114868164062,78.77182006835938,79.6303939819336,77.20103454589844,72.67048645019531,75.45197296142578,74.40430450439453,73.23933410644531,70.45565795898438,68.88395690917969,71.21797180175781,72.86288452148438,73.59347534179688,72.00694274902344,68.50547790527344
0,-36,-95,12,36,123.9758071899414,129.00387573242188,125.03199768066406,127.42448425292969,125.09596252441406,126.77933502197266,125.71794128417969,117.99152374267578,120.73938751220703,120.83045959472656,120.93386840820312,116.76471710205078,114.93476104736328,114.03946685791016,113.63538360595703,112.80514526367188,113.6529769897461,111.61540985107422,114.82595825195312,116.70903778076172,116.45600128173828,115.52056121826172,113.46365356445312,116.45600128173828,115.15641784667969,116.24542999267578,111.2339859008789,109.3846435546875,109.00458526611328,103.46980285644531,104.54663848876953,101.76934814453125,99.92497253417969,94.70480346679688,96.17691802978516,93.94147491455078,93.4772720336914,87.20664978027344,86.76981353759766,84.07734680175781,79.15807342529297,78.71467590332031,77.82672882080078,79.64923095703125,77.36924743652344,73.82411193847656,74.4311752319336,76.00657653808594,77.20103454589844,78.10249328613281,74.95331573486328,78.24320983886719
0,-36,-95,12,36,125.19584655761719,126.05157470703125,124.6795883178711,129.54150390625,123.82245635986328,122.44998931884766,120.41594696044922,122.5887451171875,123.9758071899414,117.32433319091797,118.1524429321289,118.00423431396484,114.01753997802734,114.20157623291016,112.92918395996094,114.02192687988281,117.51595306396484,111.7586669921875,112.44998931884766,115.97413635253906,116.0,119.5198745727539,112.44998931884766,113.1370849609375,114.76933288574219,112.44998931884766,110.30865478515625,112.53887939453125,108.30050659179688,104.00480651855469,99.76472473144531,104.69001770019531,101.91172790527344,94.9210205078125,96.67471313476562,93.60555267333984,91.21403503417969,88.72992706298828,87.20664978027344,85.14693450927734,79.5110092163086,80.28075408935547,78.24320983886719,74.02702331542969,78.24320983886719,72.20111083984375,75.60423278808594,77.38862609863281,75.47184753417969,77.82030487060547,76.55716705322266,73.68174743652344
0,-36,-95,12,35,118.60016632080078,118.60016632080078,121.51131439208984,124.20144653320312,119.40267944335938,115.80155181884766,114.01753997802734,112.44554138183594,116.82465362548828,112.16059875488281,109.98636627197266,109.87720489501953,109.62207794189453,111.0360336303711,107.48023223876953,107.48953247070312,109.71326446533203,108.37435150146484,109.22454071044922,110.8873291015625,111.94641876220703,109.98636627197266,108.37435150146484,109.98636627197266,111.8659896850586,104.80458068847656,104.00480651855469,104.7377700805664,103.3247299194336,97.58073425292969,96.16651916503906,97.59098052978516,96.17691802978516,92.69843292236328,93.34880828857422,86.97700500488281,87.78382873535156,85.58621215820312,80.61017608642578,79.90619659423828,78.51751708984375,78.56844329833984,77.89736938476562,74.41101837158203,75.28611755371094,73.10950469970703,74.81310272216797,73.24616241455078,74.3303451538086,73.06161499023438,74.24958038330078,71.16881561279297
0,-36,-95,12,36,125.41929626464844,123.93949890136719,129.34063720703125,127.6126937866211,125.96031188964844,121.29715728759766,120.60265350341797,119.2518310546875,118.9621810913086,120.81390380859375,116.81181335449219,120.55289459228516,117.38824462890625,114.2365951538086,113.46365356445312,115.45128631591797,109.56732940673828,114.94781494140625,114.12712097167969,117.72000885009766,118.53269958496094,115.00434875488281,114.03946685791016,117.4776611328125,115.00434875488281,114.06138610839844,111.36426544189453,113.59577178955078,105.54619598388672,109.12836456298828,103.7545166015625,101.13357543945312,100.64790344238281,96.25486755371094,95.75489807128906,94.42987060546875,89.89994812011719,92.19544219970703,85.90692901611328,82.46211242675781,84.17243957519531,83.67198181152344,82.3468246459961,78.79086303710938,78.18567657470703,80.05622863769531,77.16217041015625,78.58753204345703,77.36924743652344,78.44743347167969,73.82411193847656,77.0064926147461
0,-36,-95,12,36,124.61540985107422,124.7878189086914,127.76932525634766,125.00399780273438,125.00399780273438,121.07848358154297,120.55289459228516,117.74549102783203,119.61605072021484,118.92855072021484,117.6435317993164,116.76043701171875,114.01753997802734,116.41735076904297,113.26517486572266,114.33721923828125,114.58621215820312,113.77169799804688,117.38824462890625,115.41230773925781,117.54573822021484,118.69709014892578,114.75626373291016,117.9576187133789,116.90166473388672,114.75626373291016,111.3058853149414,111.40017700195312,108.50345611572266,106.8877944946289,104.92378234863281,103.16007232666016,101.0,98.47842407226562,96.31718444824219,95.90099334716797,92.57429504394531,85.5102310180664,85.90692901611328,83.19855499267578,82.56512451171875,80.28075408935547,81.58431243896484,79.30951690673828,78.10249328613281,78.58753204345703,76.843994140625,78.44743347167969,75.89466094970703,77.47257232666016,74.30342864990234,74.63243103027344
0,-36,-95,12,36,124.19742584228516,124.6515121459961,129.63409423828125,124.6515121459961,126.73200225830078,122.57650756835938,126.66886138916016,121.0826187133789,118.86967468261719,120.21646881103516,121.63058471679688,117.45637512207031,116.10340118408203,114.02192687988281,113.35784149169922,120.25389862060547,113.4063491821289,117.8006820678711,114.03946685791016,120.43255615234375,117.20068359375,119.28118133544922,117.4137954711914,118.00423431396484,117.9237060546875,115.60276794433594,113.4063491821289,110.2587890625,108.60018157958984,109.20164489746094,103.71113586425781,102.61579132080078,100.42410278320312,99.02020263671875,95.7757797241211,93.7229995727539,92.8493423461914,88.23831176757812,85.2760238647461,82.134033203125,85.70297241210938,82.97589874267578,84.2911605834961,80.72174072265625,76.5767593383789,77.8331527709961,76.3675308227539,77.077880859375,78.10249328613281,79.4040298461914,82.37718200683594,76.02631378173828
0,-36,-95,12,36,119.2518310546875,124.4548110961914,125.68611907958984,125.96031188964844,120.33287048339844,122.80065155029297,119.36917877197266,118.40608215332031,118.1397476196289,112.37882232666016,114.97825622558594,114.93476104736328,110.47624206542969,111.3058853149414,111.46299743652344,111.3058853149414,112.36102294921875,108.5587387084961,113.35784149169922,114.3547134399414,112.53887939453125,117.61377716064453,113.53413391113281,114.15778350830078,109.65856170654297,113.35784149169922,109.65856170654297,103.81714630126953,105.80170440673828,101.71037292480469,99.14131164550781,100.7174301147461,98.85848236083984,95.18928527832031,93.5574722290039,91.59148406982422,89.62700653076172,85.70297241210938,87.09764862060547,82.56512451171875,78.85429382324219,79.83106994628906,77.87811279296875,73.97972869873047,78.33900451660156,73.68174743652344,74.72616577148438,73.05477142333984,70.93659210205078,76.967529296875,73.35530090332031,74.63243103027344
0,-36,-95,12,35,124.42266845703125,123.54756164550781,122.44998931884766,126.65702056884766,121.43310546875,120.83045959472656,121.93850708007812,117.83463287353516,115.10430145263672,116.6190414428711,115.6633071899414,112.60550689697266,110.9414291381836,109.85900115966797,111.04053497314453,110.11357879638672,112.69871520996094,109.22454071044922,114.02192687988281,113.89907836914062,111.94641876220703,114.02192687988281,108.37435150146484,113.89907836914062,113.35784149169922,111.52130126953125,109.34349822998047,106.30146026611328,107.05606079101562,101.53324890136719,98.85848236083984,102.068603515625,98.0051040649414,94.81033325195312,95.42536163330078,92.45539093017578,90.42676544189453,87.61849212646484,86.40023040771484,83.6002426147461,79.2022705078125,79.8122787475586,78.4091796875,78.60025787353516,78.00640869140625,74.625732421875,72.40165710449219,76.15773010253906,75.13321685791016,75.58438873291016,73.53910827636719,76.40026092529297
0,-36,-95,12,35,122.64175415039062,123.22337341308594,122.06555938720703,121.82774353027344,123.70933532714844,120.92973327636719,118.40608215332031,119.62023162841797,118.224365234375,115.9353256225586,115.6633071899414,114.38968658447266,113.6485824584961,113.6485824584961,112.8716049194336,112.71202087402344,111.80339813232422,114.03946685791016,112.80514526367188,114.49017333984375,114.49017333984375,114.93476104736328,112.2541732788086,110.49434661865234,114.49454498291016,113.59577178955078,110.53506469726562,107.91200256347656,107.78218841552734,105.19029998779297,98.97979736328125,100.84642028808594,99.98500061035156,94.66783905029297,95.71833801269531,92.43917083740234,91.26883697509766,86.95401000976562,87.132080078125,84.59905242919922,84.31488800048828,80.4549560546875,79.32212829589844,79.6303939819336,75.21302795410156,76.216796875,76.83749389648438,76.5767593383789,74.96665954589844,74.2765121459961,76.83749389648438,77.20103454589844
0,-38,-95,14,27,119.8165283203125,121.75385284423828,121.75385284423828,124.4548110961914,120.07081604003906,119.10499572753906,118.359619140625,114.97825622558594,114.00438690185547,113.56495666503906,113.56495666503906,112.96902465820312,110.64356994628906,109.32977294921875,108.90362548828125,108.66461944580078,109.45775604248047,107.46627044677734,112.16059875488281,112.1115493774414,109.22454071044922,111.16204071044922,109.29318237304688,111.11255645751953,109.45775604248047,107.29864501953125,106.23088073730469,105.47511291503906,103.48429870605469,99.50376892089844,98.50888061523438,98.61541748046875,95.63471984863281,93.77099609375,90.93404388427734,88.6848373413086,87.29833984375,84.01190185546875,81.04936981201172,79.90619659423828,78.08969116210938,77.10382843017578,76.11833190917969,73.34848022460938,72.18032836914062,71.58910369873047,72.7804946899414,72.53275299072266,73.37574768066406,73.53910827636719,70.66116333007812,70.1783447265625
0,-36,-95,12,36,123.16655731201172,128.41339111328125,125.78155517578125,127.53430938720703,123.47064208984375,125.29964447021484,122.09013366699219,120.30793762207031,121.19818115234375,112.72976684570312,118.51160430908203,116.29703521728516,116.46887969970703,113.08846282958984,115.52056121826172,115.43396759033203,117.0469970703125,111.3193588256836,117.17507934570312,116.48175811767578,112.92918395996094,116.37869262695312,114.49017333984375,113.88591003417969,112.92918395996094,112.57886505126953,110.72488403320312,111.0,107.83784484863281,104.69479370117188,103.4069595336914,99.92997741699219,102.78618621826172,99.95999145507812,94.70480346679688,93.30059051513672,93.40770721435547,86.53900909423828,84.69356536865234,83.77350616455078,79.7057113647461,83.00602722167969,78.39005279541016,80.77747344970703,78.92401123046875,75.58438873291016,76.02631378173828,78.77182006835938,77.17512512207031,78.77182006835938,75.92759704589844,77.077880859375
0,-36,-95,12,36,121.10326385498047,125.00399780273438,125.0,127.0157470703125,123.00406646728516,122.03688049316406,121.00413513183594,117.0042724609375,116.0,116.03878784179688,116.01724243164062,115.06954193115234,115.35163879394531,112.36102294921875,114.3547134399414,114.62983703613281,111.01801300048828,109.65856170654297,114.42464447021484,113.77169799804688,114.42464447021484,115.97413635253906,112.64102172851562,115.26057434082031,112.44554138183594,109.55364227294922,106.47064971923828,105.1712875366211,107.56393432617188,102.39628601074219,102.48902130126953,103.07764434814453,97.18538665771484,94.13288116455078,98.04590606689453,92.04889678955078,91.0494384765625,87.00574493408203,84.00595092773438,83.00602722167969,80.02499389648438,80.05622863769531,81.0,79.00633239746094,78.025634765625,75.1065902709961,76.53103637695312,77.64663696289062,76.94153594970703,77.87811279296875,75.89466094970703,76.48529052734375
0,-36,-95,12,36,126.56224060058594,128.82546997070312,126.11502838134766,130.7363739013672,126.11502838134766,125.67020416259766,125.67417907714844,121.6429214477539,118.53269958496094,117.68601989746094,118.10588836669922,117.74549102783203,118.10588836669922,117.74549102783203,118.92855072021484,118.2708740234375,114.56002807617188,113.2254409790039,118.1397476196289,117.88129425048828,117.72000885009766,120.8801040649414,109.63575744628906,118.1270523071289,117.0469970703125,116.21101379394531,114.28472900390625,113.52973175048828,108.46658325195312,104.8093490600586,105.9480972290039,103.4069595336914,102.14205932617188,97.73944854736328,98.08159637451172,90.44335174560547,93.6375961303711,88.60022735595703,86.72946166992188,85.23497009277344,80.52949523925781,84.69356536865234,78.0,78.92401123046875,77.077880859375,76.55716705322266,79.62411499023438,78.77182006835938,78.39005279541016,77.93586730957031,76.216796875,79.19596099853516
0,-36,-95,12,35,120.74767303466797,119.40686798095703,120.34117889404297,120.30377960205078,118.53269958496094,117.17081451416016,115.39497375488281,114.49454498291016,112.30760955810547,111.61540985107422,112.00446319580078,112.36102294921875,109.73149108886719,109.11003875732422,109.41663360595703,107.96759033203125,110.11357879638672,108.17115783691406,109.44404602050781,113.78048706054688,108.17115783691406,114.00438690185547,109.1421127319336,110.0227279663086,110.60289001464844,110.60289001464844,104.78549194335938,104.3455810546875,103.07764434814453,104.78549194335938,99.20181274414062,97.98469543457031,96.04686737060547,91.7060546875,93.40770721435547,89.5600357055664,86.40023040771484,82.861328125,83.52245330810547,81.90848541259766,79.4040298461914,77.79460144042969,75.89466094970703,73.38937377929688,75.61084747314453,72.80110168457031,73.73601531982422,73.00685119628906,73.79024505615234,73.06161499023438,74.3303451538086,74.02702331542969
0,-36,-95,12,36,122.28655242919922,125.09996032714844,123.55565643310547,125.09996032714844,124.84390258789062,121.51131439208984,117.59251403808594,117.45637512207031,117.59251403808594,117.4137954711914,113.95174407958984,111.01801300048828,115.36463928222656,113.89907836914062,110.53506469726562,111.28791809082031,112.44554138183594,109.63575744628906,114.63420104980469,112.80071258544922,114.80853271484375,115.0,111.82575988769531,111.83023071289062,113.60017395019531,114.63420104980469,109.20164489746094,109.63575744628906,107.00466918945312,101.82828521728516,99.63935089111328,100.42410278320312,97.20082092285156,97.45255279541016,95.7757797241211,92.95697784423828,91.67878723144531,85.91275024414062,85.91275024414062,81.46778869628906,82.2192153930664,76.48529052734375,80.80841827392578,75.07329559326172,72.91776275634766,76.38062286376953,75.74298858642578,75.66372680664062,74.3303451538086,76.216796875,76.00657653808594,74.70609283447266
0,-36,-95,12,36,126.82665252685547,125.28367614746094,128.08200073242188,126.81088256835938,126.49110412597656,121.11564636230469,122.70289611816406,121.11564636230469,116.37869262695312,119.64112854003906,117.38824462890625,115.31695556640625,118.86967468261719,115.41230773925781,115.52056121826172,118.25819396972656,117.23907470703125,115.41230773925781,115.97413635253906,118.53269958496094,117.71150970458984,115.5724868774414,117.09825134277344,118.51160430908203,116.10771179199219,111.46299743652344,109.65856170654297,114.93476104736328,109.4897232055664,106.53168487548828,103.94229125976562,106.8877944946289,101.20276641845703,100.66280364990234,97.98469543457031,93.94147491455078,93.39164733886719,88.0738296508789,86.34812927246094,83.6779556274414,86.40023040771484,80.36167907714844,82.861328125,75.96051788330078,74.94664764404297,75.89466094970703,77.2528305053711,80.11241912841797,77.47257232666016,79.60527801513672,77.10382843017578,77.46611785888672
0,-36,-95,12,36,120.60265350341797,122.12288665771484,126.64912414550781,125.28367614746094,123.0812759399414,123.0812759399414,119.64112854003906,117.88129425048828,115.44696044921875,115.95257568359375,115.52056121826172,114.75626373291016,114.2716064453125,111.15754699707031,110.02726745605469,113.53413391113281,112.28534698486328,109.1650161743164,117.1067886352539,112.36102294921875,115.6243896484375,117.42657470703125,110.36756896972656,114.15778350830078,113.28282928466797,110.16351318359375,109.29318237304688,107.37783813476562,105.1712875366211,105.1712875366211,101.40019989013672,101.49384307861328,100.4987564086914,95.63471984863281,95.52486419677734,91.4439697265625,85.58621215820312,84.48076629638672,83.6002426147461,83.6002426147461,81.61495208740234,78.77182006835938,78.51751708984375,77.64663696289062,76.79192352294922,76.48529052734375,76.48529052734375,75.43209075927734,75.96051788330078,76.5375747680664,74.46475982666016,73.82411193847656
0,-38,-95,15,24,120.7849349975586,121.75385284423828,123.9758071899414,124.66354370117188,123.0,119.8165283203125,120.30377960205078,116.92733001708984,116.70903778076172,116.4989242553711,114.54257202148438,114.93476104736328,113.28282928466797,110.16805267333984,110.02726745605469,110.6526107788086,112.28534698486328,110.29052734375,112.07140350341797,112.1115493774414,112.28534698486328,114.15778350830078,112.28534698486328,110.07270050048828,112.44554138183594,108.46197509765625,108.37435150146484,105.57461547851562,102.39628601074219,102.39628601074219,98.61541748046875,97.51409912109375,94.76286315917969,94.8946762084961,92.9139404296875,88.6848373413086,86.97700500488281,85.0,81.04936981201172,79.42921447753906,79.07591247558594,76.11833190917969,77.10382843017578,74.52516174316406,72.56720733642578,72.03471374511719,73.00685119628906,73.76313781738281,74.3303451538086,71.30918884277344,74.24284362792969,72.40165710449219
0,-38,-95,14,28,125.41929626464844,124.01612854003906,127.20063018798828,123.40583801269531,124.20144653320312,118.22859191894531,119.20150756835938,118.22859191894531,119.20150756835938,118.60016632080078,116.01724243164062,113.1591796875,114.58621215820312,113.0177001953125,109.93180084228516,114.12712097167969,110.90987396240234,112.2541732788086,110.92339324951172,113.59577178955078,113.17684936523438,115.83609008789062,113.17684936523438,112.72976684570312,114.06138610839844,109.59014892578125,107.82392883300781,109.12836456298828,103.7545166015625,103.76897430419922,98.0051040649414,98.48857879638672,97.6166000366211,95.88013458251953,93.29522705078125,91.92388153076172,88.83692932128906,84.72307586669922,83.86298370361328,80.4549560546875,80.77747344970703,77.17512512207031,77.69813537597656,73.7834701538086,73.49829864501953,73.81734466552734,73.24616241455078,73.40980529785156,73.66138458251953,72.86288452148438,73.0,73.23933410644531
0,-38,-95,14,28,126.08727264404297,125.3554916381836,129.09686279296875,127.0157470703125,126.28935241699219,122.93087768554688,122.42957305908203,119.87076568603516,119.87076568603516,120.48651123046875,118.92855072021484,118.2708740234375,116.76043701171875,113.60017395019531,111.3238525390625,115.20850372314453,112.37882232666016,112.37882232666016,114.75626373291016,115.7410888671875,113.77169799804688,115.7410888671875,115.52056121826172,114.93476104736328,112.80514526367188,111.83023071289062,109.04127502441406,109.88175201416016,104.78549194335938,105.5367202758789,102.1077880859375,101.86756134033203,99.92497253417969,97.01546478271484,93.40770721435547,94.3716049194336,91.0933609008789,87.28115844726562,83.16850280761719,80.95677947998047,82.2192153930664,78.44743347167969,80.95677947998047,75.27283477783203,74.94664764404297,75.61084747314453,74.09453582763672,76.15773010253906,76.02631378173828,75.80237579345703,74.63243103027344,72.24956512451172
0,-36,-95,12,36,123.00406646728516,125.29964447021484,125.78155517578125,126.40016174316406,120.35364532470703,123.16655731201172,120.35364532470703,117.61802673339844,116.46887969970703,114.93476104736328,118.53269958496094,115.95257568359375,113.6529769897461,110.49434661865234,113.29607391357422,113.88591003417969,113.2254409790039,110.67971801757812,114.84336853027344,114.56002807617188,114.48143768310547,112.27198791503906,113.52973175048828,114.01753997802734,113.2254409790039,112.27198791503906,110.67971801757812,106.04244232177734,110.13627624511719,104.40306854248047,101.2422866821289,100.30453491210938,97.49871826171875,94.33981323242188,94.70480346679688,92.69843292236328,91.54779815673828,87.46427917480469,82.63776397705078,84.30895233154297,83.38465118408203,79.7057113647461,78.79086303710938,78.72102355957031,76.02631378173828,75.58438873291016,75.29276275634766,76.00657653808594,76.00657653808594,76.6093978881836,75.28611755371094,75.66372680664062
0,-36,-95,12,35,121.37957000732422,121.26417541503906,126.81088256835938,124.96399688720703,124.19742584228516,117.0341796875,117.0341796875,117.51595306396484,117.68601989746094,114.62983703613281,113.2784194946289,112.43220520019531,113.14591979980469,113.14591979980469,109.71326446533203,112.60994720458984,110.11357879638672,111.52130126953125,111.6646728515625,109.63575744628906,114.63420104980469,112.92918395996094,112.16059875488281,111.6646728515625,111.6646728515625,110.8873291015625,110.2587890625,107.62899017333984,107.29864501953125,104.23531341552734,101.31633758544922,98.35140991210938,100.5683822631836,95.4620361328125,93.4344711303711,94.04785919189453,88.45903015136719,85.5628433227539,84.17243957519531,82.75868225097656,83.4505844116211,77.8331527709961,79.24645233154297,77.10382843017578,75.07329559326172,75.92759704589844,72.00694274902344,76.216796875,75.7165756225586,78.03204345703125,75.1531753540039,73.73601531982422
0,-36,-95,12,36,123.0812759399414,120.2081527709961,127.34991455078125,125.41929626464844,127.88275909423828,122.12288665771484,125.41929626464844,119.64112854003906,116.41735076904297,118.1270523071289,117.88129425048828,114.75626373291016,115.31695556640625,114.12712097167969,114.12712097167969,115.73245239257812,113.35784149169922,113.44161224365234,114.1095962524414,116.43023681640625,117.15374755859375,118.1524429321289,118.51160430908203,116.15506744384766,114.3547134399414,113.35784149169922,110.45361328125,110.45361328125,105.57461547851562,105.57461547851562,103.48429870605469,101.83319854736328,100.4987564086914,97.51409912109375,95.75489807128906,93.77099609375,91.78779602050781,88.81441497802734,87.46427917480469,81.88406372070312,84.01190185546875,78.91767883300781,78.91767883300781,80.41144561767578,78.44743347167969,77.92945861816406,78.44743347167969,80.28075408935547,77.16217041015625,75.61084747314453,76.48529052734375,73.43023681640625
0,-36,-95,12,36,124.31009674072266,123.62847900390625,129.55308532714844,128.99612426757812,128.00390625,122.1883773803711,122.05326843261719,122.48265075683594,121.19818115234375,118.25819396972656,118.25819396972656,118.66339111328125,119.8165283203125,119.36917877197266,112.08924865722656,114.28472900390625,113.54734802246094,114.49017333984375,116.10771179199219,118.2708740234375,114.7911148071289,118.59595489501953,117.6435317993164,118.92855072021484,115.43396759033203,112.89375305175781,113.60017395019531,112.08924865722656,109.20164489746094,107.20541381835938,102.61579132080078,102.88343048095703,102.88343048095703,97.74456787109375,96.7729263305664,95.33625030517578,90.24411010742188,89.02246856689453,87.09764862060547,86.12200927734375,79.83106994628906,82.0,81.78630828857422,79.07591247558594,81.04936981201172,76.94153594970703,78.91767883300781,79.10120391845703,80.22468566894531,80.02499389648438,76.41989135742188,78.08969116210938
0,-36,-95,12,36,120.73938751220703,122.57650756835938,125.9920654296875,124.47087860107422,122.02458953857422,121.37957000732422,119.75391387939453,114.76933288574219,120.50726318359375,114.58621215820312,113.21660614013672,113.84638977050781,115.97413635253906,112.44998931884766,111.7586669921875,111.07205200195312,114.02192687988281,108.57716369628906,113.70136260986328,112.92918395996094,110.63453674316406,117.79643249511719,107.71257781982422,112.80514526367188,116.04309844970703,112.60994720458984,108.93116760253906,107.56393432617188,107.62899017333984,103.96633911132812,100.41912078857422,99.7045669555664,100.41912078857422,94.76286315917969,97.0,89.8276138305664,89.3756103515625,87.20664978027344,83.63013458251953,83.73768615722656,78.74642944335938,78.10249328613281,75.82215881347656,75.28611755371094,71.84010314941406,75.60423278808594,73.81734466552734,75.0,75.1797866821289,77.38862609863281,72.91776275634766,74.46475982666016
0,-36,-95,12,36,129.2942352294922,126.56224060058594,131.94696044921875,127.01181030273438,128.35107421875,122.67436218261719,122.54386901855469,121.19818115234375,120.76837158203125,120.34117889404297,119.50732421875,119.10079956054688,115.15641784667969,114.01753997802734,113.88591003417969,118.2708740234375,114.7911148071289,118.2708740234375,114.84336853027344,118.2962417602539,114.84336853027344,117.0469970703125,120.16654968261719,116.48175811767578,117.34138488769531,113.84199523925781,112.60550689697266,113.29607391357422,108.84851837158203,107.22406768798828,103.07764434814453,104.92378234863281,101.39033508300781,99.5389404296875,98.0866928100586,95.34149169921875,91.92388153076172,86.16263580322266,86.8158950805664,84.5813217163086,83.19255065917969,80.05622863769531,82.76472473144531,81.41252899169922,76.92203521728516,76.15773010253906,75.80237579345703,77.38862609863281,78.81623840332031,79.8122787475586,75.74298858642578,75.82215881347656
0,-36,-95,11,40,124.4829330444336,127.98828125,125.17587280273438,131.55227661132812,126.58988952636719,125.17587280273438,126.58988952636719,120.93386840820312,119.5198745727539,115.97413635253906,118.1397476196289,118.44407653808594,118.56221771240234,115.42096710205078,114.20157623291016,114.40279388427734,116.21101379394531,112.64546203613281,113.44161224365234,118.43141174316406,115.108642578125,118.98319244384766,116.76471710205078,117.88553619384766,115.108642578125,114.28472900390625,112.64546203613281,107.41508483886719,111.01801300048828,106.60675048828125,104.62313079833984,106.01886749267578,102.41581726074219,99.20181274414062,100.42410278320312,94.20191192626953,90.0,87.61849212646484,86.21485137939453,83.73768615722656,82.00609588623047,80.28075408935547,83.73768615722656,81.05553436279297,82.32861328125,75.82215881347656,76.38062286376953,78.49203491210938,77.10382843017578,77.46611785888672,75.7165756225586,78.71467590332031
0,-36,-95,11,40,123.40583801269531,124.90396118164062,128.47178649902344,124.6795883178711,124.57929229736328,121.69634246826172,124.57929229736328,118.51160430908203,117.42657470703125,117.068359375,118.03813171386719,116.00431060791016,116.01724243164062,114.03946685791016,112.04016876220703,117.1067886352539,113.44161224365234,113.28282928466797,113.74533081054688,117.42657470703125,114.28035736083984,116.34861755371094,113.28282928466797,120.93386840820312,115.43396759033203,113.28282928466797,110.11357879638672,112.16059875488281,107.07473754882812,107.04204559326172,105.0428466796875,106.01886749267578,101.00495147705078,98.0204086303711,93.04837799072266,94.02127075195312,90.00555419921875,88.00568389892578,86.00581359863281,84.0238037109375,83.02409362792969,81.05553436279297,80.02499389648438,77.10382843017578,79.22752380371094,78.23043060302734,73.68174743652344,78.77182006835938,72.99314880371094,79.30951690673828,76.843994140625,74.46475982666016
0,-36,-95,12,35,119.62023162841797,117.8006820678711,123.06502532958984,120.42009735107422,118.224365234375,113.4063491821289,116.21101379394531,114.01753997802734,113.0707778930664,112.69871520996094,112.16059875488281,108.57716369628906,111.07205200195312,107.48953247070312,108.89444732666016,107.71257781982422,106.4048843383789,106.96260833740234,109.22454071044922,107.93516540527344,111.39569091796875,111.52130126953125,108.57716369628906,109.34349822998047,107.62899017333984,106.8877944946289,105.55093383789062,104.80458068847656,101.23734283447266,99.72462463378906,98.31072998046875,97.0,94.75231170654297,92.69843292236328,92.6336898803711,87.69264221191406,87.0,82.07313537597656,82.03657531738281,79.98124694824219,77.79460144042969,77.10382843017578,76.41989135742188,75.07329559326172,73.55270385742188,71.58910369873047,75.1664810180664,73.60027313232422,75.45197296142578,73.57308959960938,70.21395874023438,71.86793518066406
0,-36,-95,12,35,119.68291473388672,127.4754867553711,118.69709014892578,124.7798080444336,122.9837417602539,122.9837417602539,122.37646484375,118.66339111328125,116.66190338134766,111.82575988769531,115.95257568359375,114.4770736694336,113.60017395019531,111.68258666992188,110.36756896972656,112.36102294921875,113.46365356445312,108.46197509765625,113.63538360595703,114.9652099609375,112.92475128173828,115.39497375488281,110.69326782226562,115.45128631591797,108.85311126708984,110.69326782226562,112.30760955810547,104.0,105.84894561767578,102.15674591064453,102.69371795654297,100.7223892211914,101.39033508300781,98.0866928100586,96.7729263305664,90.82400512695312,90.44335174560547,85.4400405883789,83.81526947021484,84.8646011352539,80.99382781982422,81.3449478149414,76.69419860839844,78.43468475341797,75.61084747314453,71.7844009399414,75.58438873291016,78.44743347167969,77.87811279296875,78.08969116210938,76.10519409179688,74.00675964355469
0,-38,-95,15,24,125.51493835449219,125.71794128417969,124.95198822021484,127.098388671875,124.33824920654297,124.5351333618164,122.78436279296875,119.85408020019531,120.0749740600586,117.15374755859375,118.359619140625,116.48175811767578,115.43396759033203,114.48143768310547,112.57886505126953,112.94689178466797,113.46365356445312,110.86027526855469,114.63420104980469,114.38968658447266,114.94781494140625,116.24542999267578,112.72089385986328,115.55085754394531,114.01753997802734,113.08846282958984,109.5627670288086,107.70329284667969,107.91200256347656,103.46497344970703,100.90093994140625,100.90093994140625,99.29753112792969,96.13532257080078,92.34716796875,90.44335174560547,90.13877868652344,87.93179321289062,86.40023040771484,82.56512451171875,79.8122787475586,79.8122787475586,75.96051788330078,77.36924743652344,75.18643188476562,73.75635528564453,74.73285675048828,76.11833190917969,73.68174743652344,75.42546081542969,75.0,72.24956512451172
0,-36,-95,12,36,119.60350799560547,121.91800689697266,119.5198745727539,124.57929229736328,117.51595306396484,118.86967468261719,120.24142456054688,116.69190216064453,116.0,111.73181915283203,112.44998931884766,114.02192687988281,113.35784149169922,112.16059875488281,111.52130126953125,111.82575988769531,112.80071258544922,109.40292358398438,111.83023071289062,111.77208709716797,112.80071258544922,115.20850372314453,110.43550109863281,111.22050476074219,110.67971801757812,110.43550109863281,107.41508483886719,107.41508483886719,106.01886749267578,98.22932434082031,99.80982208251953,99.80982208251953,100.0,92.61749267578125,94.20191192626953,90.60353088378906,89.64373779296875,84.38601684570312,81.83519744873047,82.61961364746094,79.02531433105469,79.02531433105469,75.92759704589844,74.41101837158203,74.41101837158203,74.3303451538086,74.2765121459961,77.077880859375,73.59347534179688,73.87828063964844,71.02816009521484,76.02631378173828
0,-36,-95,12,35,118.45674133300781,124.73973083496094,125.93649291992188,125.71794128417969,123.55565643310547,119.64112854003906,117.54573822021484,116.90166473388672,116.90166473388672,116.55899810791016,115.5724868774414,113.86395263671875,114.73883056640625,112.64102172851562,111.28791809082031,113.0398178100586,113.0177001953125,111.04053497314453,114.01753997802734,113.0177001953125,111.01801300048828,113.0177001953125,113.0177001953125,114.0,114.00438690185547,112.07140350341797,108.00463104248047,104.07689666748047,108.22661590576172,103.0,102.07839965820312,102.04410552978516,98.24967956542969,96.13011932373047,95.33625030517578,90.19977569580078,90.27181243896484,87.69264221191406,86.37129211425781,81.39410400390625,80.62257385253906,80.22468566894531,80.05622863769531,76.79192352294922,75.66372680664062,75.80237579345703,77.27871704101562,78.64476776123047,77.20103454589844,79.37883758544922,76.48529052734375,71.58910369873047
0,-36,-95,12,36,124.01612854003906,125.09996032714844,128.09762573242188,124.03628540039062,125.09996032714844,121.03718566894531,121.03718566894531,118.03813171386719,120.14990997314453,120.26637268066406,116.6190414428711,116.96580505371094,116.6190414428711,115.26057434082031,113.28282928466797,115.73245239257812,111.57060241699219,113.26517486572266,113.50770568847656,117.15374755859375,115.20850372314453,116.41735076904297,115.73245239257812,114.01753997802734,114.54257202148438,111.3238525390625,112.05802154541016,109.3846435546875,105.26158142089844,104.29285430908203,102.9611587524414,103.16007232666016,101.63660430908203,98.31072998046875,93.94147491455078,95.12622833251953,89.62700653076172,85.84288024902344,82.76472473144531,82.76472473144531,84.5280990600586,80.8949966430664,81.58431243896484,79.07591247558594,75.80237579345703,75.66372680664062,77.23341369628906,77.10382843017578,81.05553436279297,76.05918884277344,76.41989135742188,76.48529052734375
0,-36,-95,12,36,128.16004943847656,129.09686279296875,124.31009674072266,130.17295837402344,123.3693618774414,124.31009674072266,122.56018829345703,121.14866638183594,120.81390380859375,119.54915618896484,118.1397476196289,117.38824462890625,119.85408020019531,116.18089294433594,116.4989242553711,115.95257568359375,115.7410888671875,109.32977294921875,115.1173324584961,116.10771179199219,119.68291473388672,117.71150970458984,116.90166473388672,115.73245239257812,119.364990234375,114.93476104736328,111.80339813232422,111.98660278320312,110.64356994628906,108.85311126708984,104.13932800292969,101.78899383544922,103.81233215332031,99.2471694946289,99.92497253417969,94.14881896972656,91.7823486328125,88.5268325805664,89.02246856689453,87.55569458007812,83.6779556274414,82.46211242675781,80.52328491210938,80.65357971191406,80.36167907714844,75.89466094970703,77.49193572998047,79.30951690673828,79.30951690673828,78.26238250732422,79.75587463378906,77.20103454589844
0,-36,-95,12,36,122.3315200805664,125.15989685058594,124.90396118164062,128.99612426757812,123.04470825195312,126.15070343017578,122.05326843261719,117.61377716064453,120.93386840820312,118.2708740234375,118.34272003173828,120.33702850341797,114.00438690185547,114.00438690185547,114.07015228271484,113.0707778930664,120.14990997314453,112.04016876220703,115.27792358398438,115.108642578125,115.43396759033203,118.2708740234375,116.2755355834961,114.43775939941406,115.43396759033203,114.3547134399414,112.16059875488281,109.07337188720703,110.07270050048828,105.11898040771484,105.01904296875,103.01941680908203,101.12368774414062,98.0051040649414,94.02127075195312,90.0,93.00537872314453,90.00555419921875,88.0511245727539,86.0,80.0,84.05355072021484,77.0064926147461,79.05693817138672,79.10120391845703,76.10519409179688,76.41989135742188,77.92945861816406,72.99314880371094,75.69015502929688,75.58438873291016,77.47257232666016
0,-36,-95,12,36,124.19339752197266,122.80065155029297,126.82665252685547,129.03488159179688,122.80065155029297,121.84005737304688,120.2081527709961,119.92080688476562,119.54915618896484,122.38055419921875,121.11564636230469,116.70903778076172,115.8792495727539,115.31695556640625,111.48542785644531,116.29703521728516,114.06138610839844,115.83609008789062,118.20744323730469,115.10430145263672,119.47384643554688,117.72000885009766,113.59577178955078,115.41230773925781,115.45128631591797,115.87062072753906,110.92339324951172,110.92339324951172,108.6876220703125,107.78682708740234,105.99056243896484,102.956298828125,102.956298828125,97.08243560791016,99.00505065917969,94.93682098388672,94.70480346679688,89.31964874267578,85.79627227783203,85.61541748046875,84.30895233154297,83.38465118408203,80.77747344970703,80.99382781982422,79.37883758544922,78.44743347167969,76.843994140625,80.77747344970703,77.66595458984375,77.64663696289062,76.05918884277344,78.05767059326172
0,-36,-95,12,36,121.49073791503906,123.9758071899414,123.9758071899414,121.49073791503906,121.7579574584961,119.03781127929688,120.43255615234375,116.82893371582031,117.4137954711914,115.80155181884766,116.21101379394531,113.70136260986328,112.80514526367188,110.63453674316406,109.98636627197266,112.53887939453125,113.14591979980469,110.3177261352539,113.21660614013672,113.89907836914062,116.0,113.84638977050781,111.01801300048828,118.19052124023438,114.58621215820312,113.89907836914062,105.38026428222656,108.18965148925781,106.77546691894531,103.96633911132812,102.53292083740234,101.13851928710938,99.7045669555664,94.76286315917969,96.93812561035156,92.02173614501953,87.20664978027344,86.37129211425781,85.70297241210938,83.63013458251953,81.39410400390625,82.2192153930664,77.8331527709961,78.8733139038086,74.5184555053711,77.6208724975586,76.40026092529297,78.00640869140625,74.88658142089844,74.30342864990234,77.36924743652344,77.49193572998047
0,-36,-95,11,41,125.59060668945312,129.80755615234375,133.8245086669922,127.38916778564453,130.74020385742188,124.7878189086914,128.5496063232422,121.46192932128906,124.08464813232422,122.57650756835938,120.42009735107422,119.41942596435547,120.83045959472656,118.70130920410156,116.46887969970703,119.20150756835938,117.88553619384766,117.0469970703125,117.32433319091797,119.54078674316406,118.1524429321289,122.87391662597656,115.43396759033203,121.20230865478516,120.41594696044922,121.26417541503906,114.0570068359375,113.20777130126953,113.74093627929688,107.37783813476562,105.81587982177734,108.22661590576172,104.9571304321289,100.84642028808594,97.6166000366211,96.25486755371094,95.29428100585938,90.82400512695312,89.06739044189453,87.23531341552734,87.20664978027344,83.6480712890625,84.11896514892578,80.52949523925781,81.43709564208984,80.52949523925781,79.62411499023438,82.2800064086914,81.59656524658203,82.2800064086914,79.24645233154297,85.14693450927734
0,-36,-95,12,35,121.69634246826172,120.70211029052734,125.67417907714844,123.04470825195312,121.8072280883789,118.94956970214844,117.51595306396484,120.5985107421875,113.21660614013672,120.26637268066406,118.20744323730469,112.07140350341797,117.0042724609375,113.0,111.04053497314453,113.0398178100586,109.55364227294922,112.44554138183594,111.7586669921875,111.44953918457031,114.28035736083984,114.52947235107422,113.44161224365234,114.52947235107422,113.28282928466797,109.22454071044922,106.47064971923828,109.29318237304688,105.3043212890625,105.47511291503906,102.17631530761719,102.17631530761719,99.08077239990234,99.08077239990234,93.19334411621094,93.0,89.005615234375,86.02325439453125,87.05171203613281,81.00617218017578,80.0062484741211,80.0062484741211,80.0,76.02631378173828,77.0064926147461,72.02777099609375,76.10519409179688,77.3175277709961,79.90619659423828,77.46611785888672,74.3303451538086,74.46475982666016
0,-36,-95,12,36,125.87692260742188,123.22337341308594,128.5768280029297,125.68611907958984,132.1854705810547,118.359619140625,126.14673614501953,118.87808990478516,120.2081527709961,121.84005737304688,118.00423431396484,118.00423431396484,118.59595489501953,115.16944122314453,109.7861557006836,118.84864044189453,108.85311126708984,116.46887969970703,114.03946685791016,115.45128631591797,116.86744689941406,118.53269958496094,119.10079956054688,117.27318572998047,115.95257568359375,114.63420104980469,110.86027526855469,111.61540985107422,105.84894561767578,110.69326782226562,104.177734375,102.69371795654297,103.46497344970703,99.36800384521484,95.81753540039062,98.35140991210938,89.84430694580078,88.60022735595703,87.28115844726562,81.90848541259766,84.43340301513672,79.37883758544922,84.20214080810547,80.65357971191406,78.84795379638672,79.30951690673828,79.62411499023438,79.62411499023438,80.62257385253906,77.23341369628906,78.00640869140625,77.41446685791016
0,-36,-95,12,36,123.30855560302734,120.93386840820312,126.90941619873047,120.22062683105469,125.19584655761719,121.43310546875,119.88744354248047,119.88744354248047,118.43141174316406,117.34564208984375,118.19052124023438,117.88553619384766,111.83023071289062,111.01801300048828,109.20164489746094,114.8651351928711,109.87720489501953,116.2755355834961,112.44998931884766,113.95174407958984,116.2755355834961,117.51595306396484,117.15374755859375,112.60994720458984,113.0707778930664,111.52130126953125,109.22454071044922,108.57716369628906,103.4794692993164,108.70602416992188,101.04454803466797,102.44998931884766,98.71676635742188,94.62557983398438,95.13148498535156,94.04785919189453,90.21086120605469,88.60022735595703,83.23461151123047,80.21221923828125,84.40379333496094,77.801025390625,80.44873809814453,75.80237579345703,75.7165756225586,75.29276275634766,75.47184753417969,78.892333984375,78.39005279541016,77.87811279296875,73.05477142333984,73.54590606689453
0,-36,-95,12,36,123.9758071899414,125.2397689819336,128.5496063232422,127.91012573242188,126.71621704101562,124.4829330444336,124.88794708251953,124.4829330444336,121.07848358154297,117.74549102783203,117.0,119.26860809326172,115.43396759033203,115.7410888671875,114.48143768310547,116.48175811767578,115.44696044921875,113.26517486572266,116.70903778076172,118.1270523071289,115.20850372314453,118.40608215332031,115.20850372314453,117.15374755859375,117.88129425048828,116.18089294433594,112.29425811767578,111.12605285644531,109.63575744628906,108.66921997070312,101.92153930664062,100.96038818359375,98.49365234375,98.67117309570312,96.76776123046875,95.81753540039062,95.5196304321289,90.82400512695312,86.72946166992188,86.72946166992188,84.50444030761719,77.8331527709961,80.65357971191406,79.30951690673828,79.7057113647461,78.29431915283203,76.967529296875,78.26238250732422,79.75587463378906,80.4549560546875,80.43009185791016,80.62257385253906
0,-36,-95,12,36,124.01612854003906,122.1024169921875,126.3210220336914,127.0157470703125,125.06398010253906,122.01639556884766,123.06502532958984,117.15374755859375,118.2708740234375,118.60859680175781,118.4229736328125,115.97413635253906,116.4001693725586,114.58621215820312,111.80339813232422,116.29703521728516,112.80514526367188,112.53887939453125,115.9482650756836,114.28472900390625,118.359619140625,114.01753997802734,118.1397476196289,115.9482650756836,113.50770568847656,112.05802154541016,111.08555603027344,110.63453674316406,104.78549194335938,106.48004150390625,102.18121337890625,103.16007232666016,103.5857162475586,97.98469543457031,99.29753112792969,96.69022369384766,91.98369598388672,87.66413116455078,88.28363037109375,79.90619659423828,83.86298370361328,84.01190185546875,80.7527084350586,77.78174591064453,80.0624771118164,73.68174743652344,76.2364730834961,77.10382843017578,76.0,79.05693817138672,77.5241928100586,74.21590423583984
0,-36,-95,12,36,121.49073791503906,124.59534454345703,123.0812759399414,123.9758071899414,119.87076568603516,120.48651123046875,120.50311279296875,114.17967987060547,115.7410888671875,112.92918395996094,110.36756896972656,113.32254791259766,114.01753997802734,113.50770568847656,110.35397338867188,108.67382049560547,113.60017395019531,109.03668975830078,113.1370849609375,114.98260498046875,111.62885284423828,114.98260498046875,109.4897232055664,110.3177261352539,111.80339813232422,110.64356994628906,110.47624206542969,109.04127502441406,104.92378234863281,102.42070007324219,99.2471694946289,102.9611587524414,96.50906372070312,94.9210205078125,94.11163330078125,89.49860382080078,93.86160278320312,82.71033477783203,84.20214080810547,84.20214080810547,82.2800064086914,80.28075408935547,79.69943237304688,78.74642944335938,72.12489318847656,74.94664764404297,75.27283477783203,77.077880859375,76.05918884277344,75.29276275634766,76.27581787109375,75.82215881347656
0,-36,-95,12,36,119.47384643554688,122.29881286621094,123.47064208984375,125.39936065673828,122.80065155029297,121.70867156982422,122.67436218261719,118.07201385498047,118.07201385498047,116.29703521728516,120.74767303466797,117.9237060546875,114.01753997802734,114.94781494140625,114.82595825195312,114.49017333984375,115.13470458984375,111.68258666992188,118.84864044189453,116.18089294433594,118.1397476196289,114.01753997802734,113.88591003417969,117.15374755859375,114.01753997802734,112.64102172851562,107.56393432617188,109.4805908203125,109.4805908203125,105.6503677368164,103.58088684082031,102.35721588134766,100.68763732910156,96.84007263183594,99.04039764404297,91.21403503417969,94.25497436523438,87.93179321289062,88.54377746582031,84.11896514892578,81.90848541259766,81.27114868164062,82.2192153930664,80.65357971191406,79.37883758544922,77.49193572998047,77.47257232666016,76.15773010253906,77.82030487060547,77.89736938476562,76.00657653808594,75.92759704589844
0,-36,-95,12,36,121.49073791503906,123.96773529052734,123.32882690429688,127.1377182006836,121.7579574584961,120.48651123046875,118.2708740234375,119.54915618896484,114.17967987060547,117.443603515625,114.56002807617188,112.5877456665039,112.5877456665039,114.93476104736328,111.80339813232422,111.62885284423828,115.1173324584961,109.32977294921875,113.53413391113281,112.53887939453125,112.75193786621094,115.6243896484375,113.74533081054688,113.53413391113281,113.0,113.99122619628906,113.44161224365234,105.80170440673828,106.79419708251953,104.23531341552734,101.83319854736328,102.42070007324219,99.84988403320312,95.7078857421875,94.72592163085938,91.4111557006836,88.84255981445312,86.12200927734375,88.6453628540039,82.76472473144531,80.41144561767578,80.41144561767578,78.44743347167969,79.83106994628906,78.10249328613281,75.43209075927734,74.72616577148438,74.04052734375,76.89603424072266,77.87811279296875,74.24284362792969,76.6093978881836
0,-38,-95,14,28,118.1524429321289,123.42204284667969,120.10411834716797,123.42204284667969,117.0469970703125,119.8165283203125,117.0469970703125,116.21101379394531,114.54693603515625,109.40292358398438,112.80071258544922,111.04053497314453,110.7519760131836,109.98636627197266,109.98636627197266,106.8877944946289,111.07205200195312,105.47511291503906,111.72286987304688,108.90362548828125,110.39022064208984,111.0360336303711,106.10372161865234,109.62207794189453,108.2081298828125,110.3177261352539,106.10372161865234,102.72779846191406,103.3924560546875,97.08243560791016,99.2471694946289,98.59513092041016,95.13148498535156,91.67878723144531,90.27181243896484,85.14693450927734,87.45856475830078,81.83519744873047,81.83519744873047,82.00609588623047,76.40026092529297,76.40026092529297,73.81734466552734,76.40026092529297,72.67048645019531,71.56116485595703,71.86793518066406,72.71863555908203,70.23532104492188,74.73285675048828,70.00714111328125,72.53275299072266
0,-36,-95,12,36,125.64234924316406,121.2476806640625,127.88275909423828,126.75172424316406,126.75172424316406,121.2476806640625,121.82774353027344,119.85408020019531,117.61377716064453,117.0042724609375,114.40279388427734,114.01753997802734,113.5693588256836,116.10340118408203,112.60994720458984,113.84638977050781,112.60994720458984,114.58621215820312,115.36463928222656,116.2755355834961,113.95174407958984,119.85408020019531,114.58621215820312,113.5693588256836,116.10340118408203,114.62983703613281,114.02192687988281,110.39022064208984,109.65856170654297,109.04127502441406,103.96633911132812,104.06248474121094,105.418212890625,95.52486419677734,96.2081069946289,93.33809661865234,92.02173614501953,91.3509750366211,86.27861785888672,86.26702880859375,82.75868225097656,80.62257385253906,82.07313537597656,79.93122100830078,79.20858764648438,79.5110092163086,76.216796875,79.64923095703125,77.10382843017578,77.17512512207031,72.89718627929688,78.18567657470703
0,-38,-95,15,24,122.96747589111328,125.71794128417969,126.19429779052734,126.57013702392578,122.96747589111328,120.73938751220703,119.57006072998047,117.59677124023438,119.26860809326172,115.108642578125,114.54693603515625,114.03946685791016,114.20157623291016,111.82575988769531,111.6646728515625,112.29425811767578,112.04463195800781,110.53506469726562,113.89907836914062,113.89907836914062,114.02192687988281,114.69088745117188,112.04463195800781,114.62983703613281,112.04463195800781,111.28791809082031,108.57716369628906,108.07405090332031,106.04244232177734,103.07764434814453,101.04454803466797,99.48869323730469,98.85848236083984,95.60334777832031,94.20191192626953,90.60353088378906,89.40357971191406,85.21150207519531,84.62860107421875,81.60882568359375,79.88116455078125,78.77182006835938,77.42092895507812,76.5506362915039,75.1664810180664,74.4311752319336,74.94664764404297,74.70609283447266,72.01388549804688,76.32168579101562,73.76313781738281,76.11833190917969
0,-38,-95,14,28,119.2392578125,119.85408020019531,123.79418182373047,120.41594696044922,120.22062683105469,118.25819396972656,116.7261734008789,114.42464447021484,113.43721008300781,113.0,111.15754699707031,112.64102172851562,112.36102294921875,108.29589080810547,110.11357879638672,110.01818084716797,108.00463104248047,107.0,110.07270050048828,110.01818084716797,110.01818084716797,113.0177001953125,109.00458526611328,109.04127502441406,109.0,108.00463104248047,108.01851654052734,106.00471496582031,103.00485229492188,101.00495147705078,98.0204086303711,98.0204086303711,97.02061462402344,93.02149963378906,91.0494384765625,90.04998779296875,85.09406280517578,84.09518432617188,84.2140121459961,80.15609741210938,78.16009521484375,77.16217041015625,77.10382843017578,75.42546081542969,73.24616241455078,72.56031799316406,71.84706115722656,72.99314880371094,73.97972869873047,73.08214569091797,70.93659210205078,71.5541763305664
0,-36,-95,12,37,123.9758071899414,130.03460693359375,128.7361602783203,131.24404907226562,123.0162582397461,129.9730682373047,128.39002990722656,121.16517639160156,123.32882690429688,118.84864044189453,122.26201629638672,120.33287048339844,121.51131439208984,116.29703521728516,119.2392578125,119.68291473388672,117.54573822021484,113.28282928466797,116.8417739868164,119.2182846069336,120.93386840820312,121.06196594238281,117.23907470703125,118.51160430908203,118.94956970214844,118.08895111083984,115.26057434082031,111.3058853149414,110.02726745605469,107.35455322265625,107.35455322265625,106.7052001953125,102.25947570800781,100.80674743652344,99.04039764404297,94.9210205078125,94.5409927368164,89.05054473876953,88.5268325805664,88.29496002197266,85.37564086914062,84.40379333496094,80.52328491210938,82.22530364990234,81.4923324584961,81.60882568359375,76.5506362915039,81.93289947509766,75.1531753540039,80.49844360351562,78.23043060302734,77.20103454589844
0,-36,-95,12,36,124.42266845703125,124.23365020751953,126.28935241699219,125.15989685058594,123.3693618774414,124.42266845703125,122.00409698486328,117.39250183105469,119.97083282470703,119.2182846069336,118.2708740234375,116.76043701171875,119.10499572753906,115.9482650756836,115.9482650756836,114.54257202148438,113.95174407958984,114.75626373291016,116.29703521728516,116.70903778076172,118.45674133300781,117.4776611328125,115.95257568359375,116.55899810791016,115.73245239257812,112.80514526367188,111.08555603027344,111.08555603027344,110.11357879638672,103.58088684082031,104.04806518554688,99.92997741699219,103.74005889892578,98.03060913085938,95.81753540039062,94.25497436523438,88.8875732421875,88.05680084228516,84.77027893066406,83.81526947021484,82.87339782714844,81.27114868164062,83.16850280761719,77.49193572998047,80.05622863769531,77.077880859375,76.48529052734375,76.47875213623047,77.89736938476562,76.00657653808594,77.0064926147461,77.8331527709961
0,-36,-95,12,36,124.03628540039062,124.01612854003906,127.00393676757812,124.00403594970703,124.00403594970703,122.00409698486328,121.00413513183594,121.00413513183594,120.03749084472656,121.10326385498047,116.15506744384766,116.43023681640625,115.52488708496094,116.96580505371094,114.98260498046875,117.54573822021484,114.93476104736328,115.31695556640625,116.70903778076172,116.4989242553711,115.91807556152344,117.88553619384766,116.55899810791016,115.73245239257812,117.54573822021484,116.4001693725586,111.62885284423828,114.58621215820312,108.85311126708984,109.4897232055664,104.23531341552734,104.23531341552734,106.3672866821289,101.83319854736328,98.41239929199219,97.51409912109375,92.77930450439453,90.55384826660156,88.6848373413086,85.37564086914062,85.58621215820312,81.74349975585938,83.38465118408203,79.10120391845703,79.15807342529297,79.02531433105469,77.0,80.09993743896484,78.51751708984375,79.22752380371094,79.83106994628906,79.69943237304688
0,-36,-95,12,36,123.9072265625,125.39936065673828,128.97286987304688,124.08464813232422,123.84264373779297,120.41594696044922,121.37957000732422,119.97083282470703,116.82465362548828,117.8006820678711,118.69709014892578,115.0,114.03946685791016,112.64546203613281,113.44161224365234,117.34564208984375,115.48593139648438,113.0177001953125,114.52947235107422,116.29703521728516,117.33712005615234,115.48593139648438,113.74093627929688,114.06138610839844,114.73883056640625,114.12712097167969,112.8716049194336,107.54068756103516,106.0,107.70329284667969,102.72779846191406,100.34440612792969,102.4743881225586,97.75479888916016,97.75479888916016,92.11405944824219,95.13148498535156,87.09190368652344,85.4400405883789,84.05950164794922,81.54139709472656,80.77747344970703,82.37718200683594,79.6303939819336,77.38862609863281,78.23681640625,78.60025787353516,78.4091796875,78.51751708984375,80.80841827392578,78.24320983886719,75.7165756225586
0,-36,-95,12,36,125.31958770751953,124.73973083496094,128.08200073242188,126.90547943115234,129.24781799316406,121.04957580566406,125.51493835449219,120.41594696044922,116.90166473388672,116.55899810791016,119.364990234375,117.72000885009766,117.9576187133789,113.28282928466797,112.36102294921875,116.2755355834961,114.07015228271484,115.108642578125,117.0042724609375,118.10588836669922,118.00423431396484,122.06555938720703,117.1067886352539,118.00423431396484,116.00431060791016,114.1095962524414,113.11056518554688,110.29052734375,109.1650161743164,107.37783813476562,102.48902130126953,105.3043212890625,101.49384307861328,100.4987564086914,95.75489807128906,95.42536163330078,94.64142608642578,91.54779815673828,88.81441497802734,84.71717834472656,85.98837280273438,84.01190185546875,83.6002426147461,78.44743347167969,82.37718200683594,77.66595458984375,79.55501556396484,78.58753204345703,79.69943237304688,80.05622863769531,78.29431915283203,80.77747344970703
0,-36,-95,11,40,122.12288665771484,125.28367614746094,125.59060668945312,128.08200073242188,123.3693618774414,121.11564636230469,122.42957305908203,118.59595489501953,117.0469970703125,117.17507934570312,116.45600128173828,117.17507934570312,115.55085754394531,113.21660614013672,112.69871520996094,115.00434875488281,115.00434875488281,114.12712097167969,115.43396759033203,113.0177001953125,115.48593139648438,117.66053009033203,115.10430145263672,116.46887969970703,115.97413635253906,116.76471710205078,111.01801300048828,111.89280700683594,110.27692413330078,105.58882141113281,104.70912170410156,102.88343048095703,101.53324890136719,100.23971557617188,98.0051040649414,95.29428100585938,92.19544219970703,89.0,86.76404571533203,85.86617279052734,81.39410400390625,80.95677947998047,82.76472473144531,80.11241912841797,77.87811279296875,76.32168579101562,77.87811279296875,79.71198272705078,79.8122787475586,80.04998779296875,77.92945861816406,78.00640869140625
0,-36,-95,12,36,124.27791595458984,115.7410888671875,127.20063018798828,122.38055419921875,122.4132308959961,119.54078674316406,116.76043701171875,114.84336853027344,112.64102172851562,121.03718566894531,112.29425811767578,113.26517486572266,113.95174407958984,110.0227279663086,108.85311126708984,115.97413635253906,105.80170440673828,112.75193786621094,110.6526107788086,113.53413391113281,113.74533081054688,115.43396759033203,116.6190414428711,112.44554138183594,108.0462875366211,108.77959442138672,106.56922912597656,109.77249145507812,102.48902130126953,105.80170440673828,99.72462463378906,100.12991333007812,98.15293884277344,93.38094329833984,93.38094329833984,92.57429504394531,89.62700653076172,86.4927749633789,85.0,81.04936981201172,81.04936981201172,77.92945861816406,84.5280990600586,75.18643188476562,76.90253448486328,74.21590423583984,75.96051788330078,76.843994140625,81.93289947509766,77.077880859375,72.94518280029297,72.94518280029297
0,-38,-95,14,29,126.90941619873047,128.28094482421875,127.26350402832031,129.65338134765625,125.5388412475586,126.05157470703125,124.03628540039062,123.54756164550781,119.95415496826172,117.61802673339844,118.51160430908203,116.36150360107422,117.38824462890625,117.9237060546875,116.24542999267578,116.10771179199219,116.37869262695312,114.49017333984375,118.9621810913086,117.34138488769531,117.6435317993164,119.2518310546875,113.52973175048828,117.88129425048828,116.69190216064453,115.43396759033203,113.2254409790039,109.73149108886719,111.94641876220703,104.35516357421875,104.06248474121094,103.4069595336914,101.51354217529297,97.73944854736328,96.2081069946289,92.02716827392578,92.02716827392578,88.95504760742188,88.25531005859375,88.25531005859375,82.63776397705078,82.87339782714844,78.18567657470703,82.46211242675781,78.92401123046875,78.79086303710938,77.87811279296875,77.82030487060547,76.05918884277344,78.54934692382812,75.45197296142578,77.15568542480469
0,-38,-95,14,28,123.35720825195312,123.76187133789062,125.92855072021484,126.30122375488281,123.55565643310547,122.37646484375,122.78436279296875,118.1270523071289,118.1270523071289,117.17507934570312,117.15374755859375,115.9482650756836,113.2254409790039,113.52973175048828,110.67971801757812,112.60550689697266,110.86027526855469,110.49434661865234,115.55085754394531,114.2365951538086,114.38968658447266,115.15641784667969,112.72089385986328,115.55085754394531,110.49434661865234,110.49434661865234,107.33592224121094,106.28263854980469,104.40306854248047,102.78618621826172,102.78618621826172,100.90093994140625,98.68130493164062,94.86833190917969,94.25497436523438,91.0933609008789,90.2496566772461,84.48076629638672,83.6779556274414,83.24061584472656,78.84795379638672,79.30951690673828,78.58753204345703,77.1297607421875,75.18643188476562,74.73285675048828,74.52516174316406,73.97972869873047,73.43704986572266,75.02666473388672,73.02738952636719,73.68174743652344
0,-38,-95,14,28,120.2081527709961,120.8801040649414,121.84005737304688,122.4132308959961,118.9621810913086,117.6435317993164,117.17507934570312,115.9482650756836,116.21101379394531,112.29425811767578,112.53887939453125,112.05802154541016,111.00450134277344,110.64356994628906,108.34204864501953,109.17874908447266,108.66461944580078,108.0462875366211,108.46197509765625,110.29052734375,109.29318237304688,112.53887939453125,108.66461944580078,109.45775604248047,108.66461944580078,108.0462875366211,106.67708587646484,103.81714630126953,101.71037292480469,99.72462463378906,99.14131164550781,98.85848236083984,95.75489807128906,91.92388153076172,92.39588928222656,88.95504760742188,86.31338500976562,82.37718200683594,81.58431243896484,79.62411499023438,77.66595458984375,77.66595458984375,76.68767547607422,73.97972869873047,72.7804946899414,72.03471374511719,71.56814575195312,74.63243103027344,70.93659210205078,72.01388549804688,71.69379425048828,71.02816009521484
0,-36,-95,12,36,121.0826187133789,124.57929229736328,125.20782470703125,126.73200225830078,123.16655731201172,123.32882690429688,120.91732788085938,118.80236053466797,118.1397476196289,118.1397476196289,118.08895111083984,116.7261734008789,113.21660614013672,114.76933288574219,112.29425811767578,112.44554138183594,114.20157623291016,114.20157623291016,115.67626953125,111.50336456298828,114.03946685791016,115.80155181884766,113.60017395019531,115.67626953125,114.20157623291016,114.20157623291016,112.41441345214844,110.0,108.07405090332031,106.60675048828125,101.82828521728516,103.85566711425781,101.04454803466797,98.85848236083984,95.01578521728516,91.67878723144531,90.52071380615234,87.86353302001953,84.2911605834961,86.83317565917969,83.73768615722656,82.97589874267578,81.46778869628906,79.20858764648438,77.79460144042969,79.20858764648438,79.19596099853516,77.79460144042969,75.92759704589844,79.88116455078125,76.66159057617188,76.48529052734375
0,-36,-95,12,36,122.88612365722656,121.49485778808594,127.86320495605469,124.85191345214844,124.27791595458984,122.06555938720703,122.06555938720703,119.03781127929688,117.59677124023438,117.59677124023438,121.7579574584961,117.13667297363281,114.2365951538086,113.74093627929688,112.37882232666016,112.69871520996094,113.63538360595703,113.1591796875,117.9237060546875,115.45128631591797,116.73046112060547,118.18629455566406,113.14591979980469,115.55085754394531,112.72976684570312,112.69871520996094,112.2541732788086,110.01818084716797,106.89247131347656,106.43777465820312,104.65657806396484,103.44564056396484,99.36296844482422,98.48857879638672,95.77056121826172,96.7470932006836,91.06591033935547,86.28441619873047,87.98295593261719,83.00602722167969,84.90583038330078,81.88406372070312,82.15229797363281,80.4549560546875,79.05693817138672,79.4040298461914,80.0,76.5767593383789,77.10382843017578,78.49203491210938,81.56592559814453,77.10382843017578
0,-36,-95,11,39,121.5647964477539,121.51131439208984,123.69316864013672,124.4548110961914,119.8165283203125,120.60265350341797,118.40608215332031,115.44696044921875,117.88129425048828,113.56495666503906,117.38824462890625,114.33721923828125,114.93476104736328,113.60017395019531,112.8716049194336,109.77249145507812,113.63538360595703,111.64676666259766,116.2755355834961,115.27792358398438,114.43775939941406,115.21284484863281,113.74533081054688,115.21284484863281,113.63538360595703,114.73883056640625,111.7586669921875,105.80170440673828,109.17874908447266,104.69001770019531,99.98500061035156,102.70345306396484,100.12991333007812,97.32420349121094,96.50906372070312,90.42676544189453,90.09439849853516,87.29833984375,85.5102310180664,84.5280990600586,81.58431243896484,79.83106994628906,79.62411499023438,81.74349975585938,78.58753204345703,76.65507507324219,74.3303451538086,79.37883758544922,77.6208724975586,79.15807342529297,75.80237579345703,76.02631378173828
0,-38,-95,14,28,119.8165283203125,122.5887451171875,121.26417541503906,122.31925201416016,121.7579574584961,120.65238952636719,119.26860809326172,115.96551513671875,116.81181335449219,114.2365951538086,115.76268768310547,114.12712097167969,112.2541732788086,109.56732940673828,110.46266174316406,110.49434661865234,111.89280700683594,109.1650161743164,113.08846282958984,114.2365951538086,111.48542785644531,111.61540985107422,111.48542785644531,113.08846282958984,109.65856170654297,110.57124328613281,105.7024154663086,105.11898040771484,103.31505584716797,101.55294036865234,99.74467468261719,100.62306213378906,97.04637908935547,93.471923828125,91.24143981933594,88.1192398071289,87.23531341552734,85.42247772216797,82.76472473144531,80.52949523925781,79.25907135009766,77.89736938476562,78.39005279541016,76.66159057617188,75.47184753417969,73.7834701538086,74.3303451538086,75.80237579345703,76.216796875,75.07329559326172,73.55270385742188,71.40028381347656
0,-36,-95,12,36,122.3315200805664,125.87295532226562,125.2557373046875,128.70120239257812,125.89678192138672,123.7457046508789,123.7457046508789,117.45637512207031,117.4137954711914,118.86967468261719,116.10340118408203,116.2755355834961,117.15374755859375,117.443603515625,115.20850372314453,113.71894836425781,112.60550689697266,112.89818572998047,118.84864044189453,118.19052124023438,115.43396759033203,119.364990234375,114.58621215820312,117.4776611328125,117.34564208984375,113.44161224365234,113.0177001953125,107.70329284667969,111.51681518554688,104.30723571777344,107.070068359375,102.92716217041016,98.47842407226562,100.12492370605469,96.79875946044922,94.62557983398438,93.60021209716797,90.0,85.8021011352539,88.48163604736328,82.92768096923828,81.4002456665039,78.81623840332031,82.61961364746094,78.8733139038086,76.83749389648438,78.56844329833984,78.74642944335938,79.19596099853516,80.72174072265625,78.4091796875,79.4040298461914
0,-36,-95,12,36,123.45849609375,123.9758071899414,128.1405487060547,126.6056900024414,124.85191345214844,121.49485778808594,121.49073791503906,120.65238952636719,118.19052124023438,119.70797729492188,116.46887969970703,114.52947235107422,118.10588836669922,114.93476104736328,113.59577178955078,117.38824462890625,115.31695556640625,115.95257568359375,119.26860809326172,119.97083282470703,116.81181335449219,117.39250183105469,115.8792495727539,117.39250183105469,116.10771179199219,115.8792495727539,113.29607391357422,112.72089385986328,108.63240814208984,108.07867431640625,103.46980285644531,105.84894561767578,102.31813049316406,99.00505065917969,94.84724426269531,96.5660400390625,93.10746765136719,88.63971710205078,86.8158950805664,86.40602111816406,85.90692901611328,84.07734680175781,84.17243957519531,80.05622863769531,77.36924743652344,77.82672882080078,79.64923095703125,78.39005279541016,79.88116455078125,78.24320983886719,81.46778869628906,78.56844329833984
0,-36,-95,12,36,123.43419647216797,121.65936279296875,128.84486389160156,122.14745330810547,129.9576873779297,119.20570373535156,120.8801040649414,116.66190338134766,119.20150756835938,120.8014907836914,117.4137954711914,117.0469970703125,117.13667297363281,114.73883056640625,113.87712860107422,116.36150360107422,109.12836456298828,116.36150360107422,113.59577178955078,118.51160430908203,115.88356018066406,119.43617248535156,116.76471710205078,118.53269958496094,116.36150360107422,114.49454498291016,109.59014892578125,114.52947235107422,108.0462875366211,107.82392883300781,100.23971557617188,104.65657806396484,100.23971557617188,98.61541748046875,98.27003479003906,94.66783905029297,92.78469848632812,88.83692932128906,86.28441619873047,85.75546264648438,84.90583038330078,83.21658325195312,81.6333236694336,82.6619644165039,77.93586730957031,78.23681640625,78.81623840332031,79.02531433105469,78.56844329833984,78.49203491210938,75.82215881347656,77.93586730957031
0,-36,-95,12,35,122.57650756835938,122.37646484375,125.60254669189453,124.5351333618164,122.80879211425781,119.43617248535156,116.90166473388672,117.88553619384766,117.09825134277344,114.85643005371094,114.98260498046875,114.85643005371094,114.52947235107422,112.16059875488281,109.04127502441406,115.00434875488281,112.01785278320312,108.00463104248047,113.1591796875,112.16059875488281,112.07140350341797,113.11056518554688,114.07015228271484,115.27792358398438,112.04016876220703,112.1115493774414,111.16204071044922,108.04165649414062,106.07544708251953,106.169677734375,103.07764434814453,103.12128448486328,100.07997131347656,99.00505065917969,94.00531768798828,94.00531768798828,92.00543212890625,86.00581359863281,83.0,83.05419921875,85.0058822631836,80.09993743896484,84.0,79.00633239746094,78.0,76.05918884277344,78.10249328613281,77.16217041015625,79.6303939819336,78.64476776123047,76.92203521728516,77.6208724975586
0,-36,-95,12,36,111.21150970458984,113.60017395019531,122.91867065429688,115.0,118.22859191894531,113.0707778930664,117.15374755859375,110.8873291015625,109.98636627197266,113.21660614013672,111.8659896850586,108.18965148925781,108.18965148925781,108.90362548828125,106.8316421508789,108.30050659179688,103.71113586425781,109.04127502441406,110.2587890625,113.60017395019531,109.63575744628906,113.4063491821289,110.8873291015625,112.44554138183594,108.70602416992188,108.07405090332031,103.07764434814453,106.04244232177734,100.76705932617188,101.53324890136719,98.59513092041016,95.13148498535156,93.23625946044922,95.13148498535156,87.86353302001953,92.19544219970703,87.1148681640625,82.87943267822266,80.62257385253906,80.72174072265625,80.62257385253906,75.74298858642578,81.39410400390625,72.86288452148438,75.66372680664062,77.077880859375,75.74298858642578,75.07329559326172,76.40026092529297,76.5506362915039,72.4706802368164,72.49827575683594
0,-36,-95,12,36,117.1067886352539,121.3342514038086,123.49089050292969,127.14165496826172,117.34564208984375,123.2598876953125,116.34861755371094,115.73245239257812,115.15641784667969,112.64102172851562,111.3058853149414,114.2716064453125,108.67382049560547,111.40017700195312,110.81967163085938,108.68302154541016,113.03096771240234,108.66921997070312,113.32254791259766,114.28472900390625,112.05802154541016,112.53887939453125,109.63575744628906,114.17967987060547,113.05308532714844,112.36102294921875,109.3846435546875,107.68936920166016,104.56098937988281,102.61091613769531,102.9611587524414,101.0,99.2471694946289,96.33794403076172,94.20191192626953,91.59148406982422,88.28363037109375,85.84288024902344,87.29833984375,84.34452819824219,80.8949966430664,79.90619659423828,78.63841247558594,77.64663696289062,78.63841247558594,77.41446685791016,77.16217041015625,75.02666473388672,75.02666473388672,76.10519409179688,76.65507507324219,73.76313781738281
0,-38,-95,15,25,128.5768280029297,131.21737670898438,130.96946716308594,132.5631866455078,132.5631866455078,127.09445190429688,126.38433074951172,125.63439178466797,121.51131439208984,122.78436279296875,122.78436279296875,121.82364654541016,121.49485778808594,118.08895111083984,119.07980346679688,118.51160430908203,120.50311279296875,116.5203857421875,121.06610107421875,121.26417541503906,121.41252136230469,121.3342514038086,117.27318572998047,121.20230865478516,120.33702850341797,118.2708740234375,116.43023681640625,115.52488708496094,112.53887939453125,109.77249145507812,105.57461547851562,105.57461547851562,104.58011627197266,102.59142303466797,99.98500061035156,96.87621307373047,96.17691802978516,91.66242218017578,88.1192398071289,87.96590423583984,86.14522552490234,85.32877349853516,83.36066436767578,80.41144561767578,81.78630828857422,79.83106994628906,78.58753204345703,80.08120727539062,80.65357971191406,79.47956085205078,78.72102355957031,76.85050201416016
0,-36,-95,12,36,125.96031188964844,123.0812759399414,126.38433074951172,122.4132308959961,126.82665252685547,120.2081527709961,124.4548110961914,119.10499572753906,118.1397476196289,117.90250396728516,114.54257202148438,115.91807556152344,113.77169799804688,115.26057434082031,113.28282928466797,117.23907470703125,110.54862976074219,114.3547134399414,114.28035736083984,116.2755355834961,115.35163879394531,120.50311279296875,116.43023681640625,115.06954193115234,116.6190414428711,113.53413391113281,113.53413391113281,108.66461944580078,106.47064971923828,108.37435150146484,102.70345306396484,107.56393432617188,100.60317993164062,98.61541748046875,98.50888061523438,96.17691802978516,92.57429504394531,86.97700500488281,88.6453628540039,84.01190185546875,86.31338500976562,80.0624771118164,84.85281372070312,78.85429382324219,78.64476776123047,74.95331573486328,78.58753204345703,75.69015502929688,81.93289947509766,78.0,77.82672882080078,77.38862609863281
0,-36,-95,12,36,121.19818115234375,128.41339111328125,122.64175415039062,126.15070343017578,123.04470825195312,124.31009674072266,123.32071685791016,121.34249114990234,117.54573822021484,116.4989242553711,115.95257568359375,118.68024444580078,116.76043701171875,113.88591003417969,117.0469970703125,113.84199523925781,117.34138488769531,109.11003875732422,118.84864044189453,115.76700592041016,115.76700592041016,119.87076568603516,113.88591003417969,119.62023162841797,116.07756042480469,116.45600128173828,114.58621215820312,111.3193588256836,109.11003875732422,104.35516357421875,107.83784484863281,106.32027435302734,103.09219360351562,96.76776123046875,97.52947998046875,90.13877868652344,92.34716796875,89.1852035522461,87.93179321289062,87.93179321289062,81.32035064697266,86.40023040771484,79.55501556396484,82.46211242675781,82.0,80.60397338867188,79.42921447753906,77.92945861816406,79.5110092163086,81.09870910644531,79.0,81.74349975585938
0,-36,-95,12,36,122.78843688964844,125.39936065673828,127.28314971923828,126.15070343017578,123.55565643310547,119.85408020019531,120.10411834716797,119.20150756835938,117.20068359375,119.85408020019531,116.01724243164062,117.4137954711914,117.88553619384766,115.6633071899414,112.50777435302734,117.33712005615234,116.76471710205078,113.6485824584961,118.53269958496094,117.20068359375,116.73046112060547,118.10588836669922,114.93476104736328,119.01260375976562,118.9621810913086,113.6485824584961,110.47624206542969,111.80339813232422,107.35455322265625,104.65657806396484,103.353759765625,107.35455322265625,104.23531341552734,99.29753112792969,97.06183624267578,96.17691802978516,91.4166259765625,90.55384826660156,88.83692932128906,86.83317565917969,87.23531341552734,81.98780059814453,81.98780059814453,78.892333984375,80.26206970214844,81.98780059814453,80.77747344970703,81.54139709472656,79.8122787475586,82.07313537597656,78.49203491210938,77.46611785888672
0,-36,-95,12,36,122.4948959350586,118.94956970214844,128.00390625,124.40257263183594,123.49089050292969,118.60859680175781,122.05326843261719,122.1883773803711,118.37651824951172,121.82364654541016,117.38824462890625,115.52056121826172,116.92733001708984,114.54257202148438,109.1421127319336,118.68024444580078,111.3193588256836,113.60017395019531,112.89375305175781,116.10771179199219,116.10771179199219,115.43396759033203,115.43396759033203,118.59595489501953,116.48175811767578,112.36102294921875,111.68258666992188,110.72488403320312,105.6503677368164,106.25440979003906,101.92153930664062,105.6503677368164,103.09219360351562,97.26766967773438,95.07891082763672,95.60334777832031,88.5268325805664,90.2496566772461,86.34812927246094,83.43260955810547,85.70297241210938,81.02468872070312,85.70297241210938,80.60397338867188,79.42921447753906,79.42921447753906,78.44743347167969,78.63841247558594,81.09870910644531,81.00617218017578,77.16217041015625,76.90253448486328
0,-36,-95,12,36,119.92080688476562,120.01666259765625,126.31706237792969,122.53978729248047,123.16655731201172,117.78369903564453,118.59595489501953,115.95257568359375,116.46887969970703,114.94781494140625,115.15641784667969,113.84199523925781,112.89375305175781,114.17967987060547,109.76793670654297,112.53887939453125,112.05802154541016,113.26517486572266,111.40017700195312,115.95257568359375,113.50770568847656,117.15374755859375,112.29425811767578,114.93476104736328,113.26517486572266,111.08555603027344,109.1421127319336,110.35397338867188,106.32027435302734,104.04806518554688,99.04039764404297,101.39033508300781,98.76234436035156,97.80081939697266,97.1236343383789,95.21029663085938,91.39474487304688,88.23265075683594,88.23265075683594,84.11896514892578,81.93289947509766,80.0062484741211,82.861328125,78.18567657470703,78.0,74.09453582763672,78.92401123046875,78.72102355957031,77.82672882080078,78.892333984375,77.42092895507812,76.48529052734375
0,-36,-95,13,32,125.73384857177734,122.02458953857422,125.87692260742188,125.73384857177734,126.15070343017578,121.91800689697266,125.20782470703125,121.91800689697266,123.16655731201172,119.60350799560547,118.19052124023438,118.79393768310547,116.7775650024414,115.36463928222656,115.52056121826172,115.6243896484375,115.42096710205078,116.21101379394531,115.0,118.60016632080078,117.20068359375,120.2081527709961,117.443603515625,116.6061782836914,119.47384643554688,115.42096710205078,113.60017395019531,112.29425811767578,110.42192077636719,110.0,101.53324890136719,104.8093490600586,100.89598846435547,100.2646484375,100.2646484375,96.04686737060547,95.67131042480469,90.68627166748047,87.1148681640625,87.1148681640625,85.79627227783203,80.43009185791016,82.32861328125,82.87943267822266,79.5110092163086,80.72174072265625,82.07313537597656,83.48652648925781,81.05553436279297,80.80223083496094,79.88116455078125,79.62411499023438
0,-36,-95,12,35,121.63058471679688,120.96693420410156,123.79418182373047,122.3315200805664,121.69634246826172,118.19052124023438,116.7261734008789,117.59251403808594,112.53887939453125,111.39569091796875,113.70136260986328,111.21150970458984,112.20071411132812,112.64546203613281,111.50336456298828,112.60550689697266,111.83023071289062,111.3058853149414,113.87712860107422,115.10430145263672,114.38968658447266,115.60276794433594,111.1395492553711,111.41364288330078,111.83023071289062,113.53413391113281,110.45361328125,108.5587387084961,110.27692413330078,102.57679748535156,102.57679748535156,101.71037292480469,97.75479888916016,95.18928527832031,94.57801055908203,91.80958557128906,89.58794403076172,86.53323364257812,87.66413116455078,82.68010711669922,82.92768096923828,77.38862609863281,80.4549560546875,76.27581787109375,73.23933410644531,76.02631378173828,76.40026092529297,79.64923095703125,76.41989135742188,79.98124694824219,76.69419860839844,76.85050201416016
0,-36,-95,12,35,118.34272003173828,120.73938751220703,116.2755355834961,124.32618713378906,116.38728332519531,123.06502532958984,117.15374755859375,115.43396759033203,113.21660614013672,109.65856170654297,113.95174407958984,111.7586669921875,111.0360336303711,111.0360336303711,113.95174407958984,109.22454071044922,110.2587890625,108.57716369628906,116.21101379394531,116.21101379394531,112.29425811767578,113.85077667236328,110.11357879638672,112.00446319580078,113.0707778930664,112.44554138183594,109.4805908203125,104.9952392578125,107.93516540527344,103.5857162475586,102.8250961303711,100.76705932617188,99.90495300292969,96.26006317138672,93.4344711303711,87.86353302001953,88.39117431640625,85.5628433227539,86.27861785888672,84.148681640625,77.8331527709961,82.73451232910156,79.19596099853516,79.90619659423828,77.10382843017578,77.33692169189453,76.69419860839844,78.24320983886719,74.40430450439453,78.23043060302734,76.02631378173828,79.37883758544922
0,-36,-95,12,35,120.80562591552734,114.48143768310547,123.66487121582031,119.2182846069336,120.80562591552734,117.95338439941406,119.54078674316406,117.65203094482422,114.16216278076172,115.24755859375,116.41735076904297,111.61093139648438,110.16805267333984,112.61438751220703,107.87029266357422,115.5724868774414,108.77959442138672,108.0462875366211,113.28282928466797,113.99122619628906,114.2716064453125,114.85643005371094,109.8954086303711,112.28534698486328,108.66461944580078,109.65856170654297,109.8954086303711,107.91200256347656,103.81714630126953,103.94710540771484,98.99494934082031,101.78899383544922,97.49359130859375,94.3663101196289,95.12622833251953,91.98369598388672,89.10667419433594,82.37718200683594,85.32877349853516,81.21575927734375,81.39410400390625,80.0624771118164,80.60397338867188,77.66595458984375,76.65507507324219,74.63243103027344,77.79460144042969,77.6208724975586,78.0,76.05918884277344,77.41446685791016,75.45197296142578
0,-36,-95,12,35,114.93476104736328,122.64175415039062,121.49485778808594,122.48265075683594,119.68291473388672,118.53269958496094,117.23907470703125,113.0,114.85643005371094,116.6190414428711,112.64102172851562,113.28282928466797,114.07015228271484,111.04053497314453,111.11255645751953,114.00438690185547,108.11567687988281,109.04127502441406,114.15778350830078,113.21660614013672,112.04016876220703,116.15506744384766,108.16654205322266,112.44554138183594,112.1115493774414,112.04016876220703,107.1680908203125,108.01851654052734,104.23531341552734,103.12128448486328,105.07616424560547,102.12247467041016,98.08159637451172,96.0,95.00526428222656,90.04998779296875,89.0,88.0227279663086,85.02352905273438,83.00602722167969,78.0,80.02499389648438,79.0,80.0062484741211,77.05841827392578,78.16009521484375,75.05997467041016,79.4040298461914,75.95393371582031,77.66595458984375,74.94664764404297,74.84651184082031
0,-36,-95,12,35,122.02458953857422,119.75391387939453,126.0634765625,122.02458953857422,121.26417541503906,117.68601989746094,117.51595306396484,116.10340118408203,113.2784194946289,116.69190216064453,113.14591979980469,111.7586669921875,113.21660614013672,111.8659896850586,109.22454071044922,112.92918395996094,110.2587890625,111.6646728515625,113.81124877929688,113.81124877929688,115.0,117.0042724609375,112.00446319580078,114.6211166381836,111.82575988769531,112.29425811767578,109.63575744628906,106.66770935058594,106.4048843383789,102.17631530761719,102.17631530761719,99.15644073486328,98.71676635742188,96.54014587402344,94.06912231445312,90.78546142578125,89.9388656616211,87.20664978027344,84.17243957519531,83.48652648925781,81.3449478149414,81.32035064697266,81.3449478149414,78.51751708984375,77.10382843017578,77.8331527709961,77.23341369628906,80.21221923828125,75.21302795410156,77.69813537597656,80.0624771118164,77.077880859375
0,-36,-95,12,36,124.03628540039062,125.02799987792969,123.1787338256836,125.67417907714844,123.04470825195312,122.69066619873047,121.92620849609375,117.09825134277344,117.9576187133789,116.10771179199219,113.60017395019531,111.80339813232422,112.80514526367188,112.05802154541016,113.50770568847656,114.01753997802734,112.94689178466797,112.27198791503906,118.59595489501953,115.7410888671875,115.13470458984375,118.59595489501953,115.43396759033203,116.70903778076172,116.48175811767578,115.13470458984375,109.76793670654297,110.44002532958984,107.85638427734375,106.25440979003906,105.26158142089844,105.36128234863281,101.13851928710938,100.16985321044922,96.31718444824219,91.21403503417969,90.47099304199219,89.26925659179688,87.09764862060547,84.5280990600586,86.12781524658203,82.0,82.22530364990234,79.42921447753906,79.42921447753906,77.78174591064453,77.23341369628906,78.23043060302734,79.00633239746094,79.00633239746094,76.41989135742188,78.44743347167969
0,-36,-95,12,37,131.2288055419922,128.99612426757812,128.82546997070312,131.06105041503906,126.1784439086914,125.39936065673828,124.8238754272461,123.47064208984375,123.47064208984375,119.86659240722656,120.30377960205078,121.67169189453125,118.84864044189453,122.56018829345703,116.81181335449219,117.32433319091797,119.2518310546875,118.2708740234375,120.2081527709961,121.29715728759766,120.50311279296875,122.12288665771484,117.34138488769531,120.33287048339844,119.2518310546875,117.34138488769531,116.48175811767578,113.60017395019531,110.0636215209961,112.64102172851562,107.2800064086914,106.25440979003906,105.34230041503906,103.44564056396484,100.5683822631836,98.08159637451172,98.4327163696289,92.69843292236328,91.18113708496094,89.31964874267578,89.8109130859375,85.09406280517578,84.30895233154297,86.53900909423828,83.77350616455078,81.02468872070312,84.5813217163086,84.09518432617188,81.6333236694336,82.09750366210938,81.83519744873047,80.65978240966797
0,-36,-95,12,37,123.54756164550781,124.34226989746094,125.39936065673828,129.54150390625,122.80065155029297,124.86792755126953,121.26417541503906,117.4776611328125,117.83463287353516,122.1187973022461,117.61802673339844,118.06777954101562,116.36150360107422,112.40106964111328,115.95257568359375,113.46365356445312,117.74549102783203,110.72488403320312,117.0469970703125,117.39250183105469,115.52056121826172,117.65203094482422,112.36102294921875,116.38728332519531,119.61605072021484,115.8792495727539,113.08846282958984,111.42710876464844,113.29607391357422,103.61949920654297,106.10372161865234,104.0,103.46980285644531,98.0866928100586,97.98979187011719,92.13577270507812,93.23089599609375,86.00581359863281,90.37699127197266,90.8019790649414,81.43709564208984,85.0,79.2022705078125,82.29216003417969,80.62257385253906,78.39005279541016,78.892333984375,79.92496490478516,77.20103454589844,80.28075408935547,79.20858764648438,80.80841827392578
0,-38,-95,14,28,117.9237060546875,121.65936279296875,120.6150894165039,122.91867065429688,119.33147430419922,120.10411834716797,117.443603515625,114.8651351928711,114.8651351928711,111.8659896850586,110.39022064208984,111.0360336303711,111.0360336303711,112.53887939453125,111.7586669921875,106.96260833740234,110.7519760131836,105.75916290283203,111.6646728515625,109.63575744628906,110.11357879638672,113.0707778930664,105.75916290283203,111.60645294189453,109.4805908203125,108.70602416992188,107.29864501953125,103.71113586425781,104.9952392578125,99.48869323730469,99.35794067382812,97.74456787109375,97.08243560791016,93.4344711303711,93.4344711303711,88.45903015136719,86.37129211425781,84.2199478149414,82.8070068359375,82.75868225097656,79.20858764648438,79.93122100830078,76.38062286376953,77.78174591064453,74.2765121459961,73.66138458251953,74.41101837158203,75.28611755371094,71.61005401611328,74.88658142089844,73.82411193847656,74.32361602783203
0,-36,-95,12,36,119.43617248535156,124.33824920654297,119.85408020019531,125.87692260742188,119.85408020019531,120.83045959472656,118.86967468261719,117.23907470703125,115.5724868774414,114.58621215820312,115.26057434082031,114.62983703613281,113.53413391113281,112.53887939453125,114.43775939941406,110.07270050048828,113.0398178100586,107.04204559326172,115.0,115.00434875488281,114.01753997802734,116.0,112.01785278320312,112.0,112.04016876220703,113.0398178100586,109.00458526611328,107.04204559326172,107.11676025390625,102.01960754394531,101.07917785644531,103.07764434814453,99.18164825439453,95.18928527832031,95.42536163330078,90.19977569580078,93.4344711303711,88.45903015136719,86.70063781738281,87.3670425415039,81.49846649169922,81.74349975585938,77.41446685791016,76.65507507324219,80.8949966430664,73.97972869873047,77.66595458984375,79.55501556396484,75.69015502929688,77.49193572998047,75.23961639404297,77.69813537597656
0,-36,-95,12,35,116.7261734008789,121.6552505493164,122.34786224365234,123.76187133789062,117.4137954711914,118.1397476196289,117.4137954711914,117.37972259521484,116.0,111.07205200195312,113.21660614013672,111.6646728515625,109.40292358398438,110.0,113.0707778930664,110.80162811279297,111.77208709716797,108.22661590576172,112.68096923828125,112.32987213134766,112.60550689697266,112.32987213134766,110.9414291381836,112.68096923828125,112.05802154541016,112.89818572998047,108.72441864013672,104.04325866699219,105.43718719482422,100.95543670654297,100.20977783203125,100.0,98.81295776367188,98.23441314697266,95.0,88.81441497802734,88.00568389892578,84.40379333496094,85.8021011352539,83.6002426147461,80.28075408935547,81.68843078613281,79.64923095703125,78.64476776123047,75.1664810180664,73.75635528564453,75.74298858642578,78.51751708984375,77.10382843017578,78.24320983886719,74.40430450439453,77.02597045898438
0,-36,-95,12,36,122.31925201416016,124.5351333618164,126.19429779052734,126.19429779052734,122.06555938720703,126.479248046875,119.8165283203125,119.03781127929688,117.59677124023438,116.50321960449219,114.73883056640625,115.48593139648438,114.06138610839844,113.74093627929688,111.35977935791016,116.29703521728516,111.61540985107422,109.77249145507812,116.24542999267578,116.07756042480469,116.46887969970703,117.9237060546875,115.55085754394531,118.84864044189453,115.95257568359375,111.40017700195312,112.72976684570312,110.98197937011719,109.59014892578125,103.36827087402344,107.01869201660156,102.85912322998047,99.29753112792969,97.52947998046875,93.4772720336914,91.24143981933594,92.66067504882812,90.82400512695312,88.58893585205078,85.0,83.72574615478516,81.4923324584961,82.49242401123047,83.00602722167969,79.4040298461914,78.81623840332031,78.23681640625,80.21221923828125,79.02531433105469,82.97589874267578,79.24645233154297,77.801025390625
0,-36,-95,12,36,127.02755737304688,124.85191345214844,124.63145446777344,129.61866760253906,126.75172424316406,123.81034088134766,124.61942291259766,117.4137954711914,117.8006820678711,118.60016632080078,118.40608215332031,115.88356018066406,116.10340118408203,114.76933288574219,115.43396759033203,116.0,113.84638977050781,112.43220520019531,116.10340118408203,118.92855072021484,116.69190216064453,120.96693420410156,115.27792358398438,116.10340118408203,118.08895111083984,116.0,113.1370849609375,113.1370849609375,111.01801300048828,108.18965148925781,103.27632904052734,106.0660171508789,102.53292083740234,99.03534698486328,99.72462463378906,94.2602767944336,94.17536926269531,92.02173614501953,87.72685241699219,89.64373779296875,85.04116821289062,86.45230102539062,81.05553436279297,80.60397338867188,80.43009185791016,78.00640869140625,80.0,81.3019027709961,83.86298370361328,78.71467590332031,81.54139709472656,81.60882568359375
0,-36,-95,12,36,124.01612854003906,124.14507293701172,125.01599884033203,127.25171661376953,125.01599884033203,120.33702850341797,124.10076904296875,117.0384521484375,118.00423431396484,120.00416564941406,120.00416564941406,115.03912353515625,115.35163879394531,114.28035736083984,112.44554138183594,117.09825134277344,115.1173324584961,113.99122619628906,118.45674133300781,118.53269958496094,116.4001693725586,119.68291473388672,115.1173324584961,118.86967468261719,118.86967468261719,114.12712097167969,113.1370849609375,110.76551818847656,108.77959442138672,107.67079162597656,107.20074462890625,102.8250961303711,99.50376892089844,100.7174301147461,95.42536163330078,94.76286315917969,92.34716796875,91.19758605957031,90.13877868652344,87.20664978027344,87.20664978027344,85.09406280517578,85.21150207519531,85.14693450927734,81.00617218017578,80.02499389648438,81.0,83.02409362792969,80.15609741210938,83.86298370361328,79.07591247558594,79.37883758544922
0,-36,-95,12,35,116.92733001708984,120.61923217773438,118.25819396972656,121.27654266357422,118.87808990478516,117.68601989746094,117.68601989746094,117.27745056152344,112.96902465820312,113.77169799804688,113.77169799804688,111.7586669921875,111.54371643066406,109.77249145507812,111.54371643066406,112.16059875488281,111.11255645751953,109.07337188720703,115.0,113.00442504882812,112.00446319580078,111.0,113.0177001953125,115.00434875488281,111.00450134277344,111.01801300048828,108.07405090332031,105.01904296875,105.0428466796875,104.12012481689453,102.04410552978516,99.18164825439453,99.2471694946289,95.13148498535156,96.51942443847656,90.27181243896484,87.20664978027344,86.20904541015625,87.3670425415039,84.2911605834961,81.39410400390625,83.38465118408203,79.6303939819336,78.63841247558594,76.11833190917969,77.27871704101562,78.44743347167969,76.68767547607422,77.20103454589844,78.74642944335938,76.967529296875,75.59100341796875
0,-36,-95,12,36,121.0,122.00409698486328,123.0162582397461,123.0162582397461,122.00409698486328,121.00413513183594,120.066650390625,120.00416564941406,117.1067886352539,115.01738739013672,116.15506744384766,114.43775939941406,112.64102172851562,112.75193786621094,112.75193786621094,111.40017700195312,111.61093139648438,109.65856170654297,115.95257568359375,115.20850372314453,114.75626373291016,116.41735076904297,112.37882232666016,114.97825622558594,114.54257202148438,109.65856170654297,110.42192077636719,107.70793914794922,105.11898040771484,102.35721588134766,100.80674743652344,101.98039245605469,98.84330749511719,96.69022369384766,96.8813705444336,93.38094329833984,93.5574722290039,85.98837280273438,85.0,82.37718200683594,84.34452819824219,82.56512451171875,80.8949966430664,78.91767883300781,79.6303939819336,76.2364730834961,79.22752380371094,78.16009521484375,78.00640869140625,80.05622863769531,76.79192352294922,79.83106994628906
0,-36,-95,13,31,111.82575988769531,114.97825622558594,115.73245239257812,116.91449737548828,111.08555603027344,109.88175201416016,111.00450134277344,109.04127502441406,110.21796417236328,107.68936920166016,106.8877944946289,103.94710540771484,105.57461547851562,106.79419708251953,103.31021118164062,104.07689666748047,105.01904296875,103.07764434814453,108.00463104248047,106.00471496582031,107.00466918945312,111.00450134277344,104.00480651855469,107.0,105.01904296875,107.01869201660156,105.0047607421875,103.01941680908203,98.0204086303711,98.0204086303711,96.04686737060547,96.04686737060547,94.04785919189453,92.02173614501953,88.00568389892578,87.05171203613281,87.28115844726562,80.09993743896484,84.148681640625,80.22468566894531,77.23341369628906,80.15609741210938,76.10519409179688,75.1065902709961,74.06078338623047,71.34423828125,72.44308471679688,75.42546081542969,73.97972869873047,74.46475982666016,73.38937377929688,70.71067810058594
0,-36,-95,12,36,122.03688049316406,121.14866638183594,127.31849670410156,127.06297302246094,124.10076904296875,122.03688049316406,123.2598876953125,117.1067886352539,118.34272003173828,120.50311279296875,116.2755355834961,116.10771179199219,117.23907470703125,110.3177261352539,110.47624206542969,114.33721923828125,115.52056121826172,114.33721923828125,116.18089294433594,115.20850372314453,119.33147430419922,117.88129425048828,119.43617248535156,116.91449737548828,112.80514526367188,113.03096771240234,111.40017700195312,109.65856170654297,107.68936920166016,110.85575866699219,103.94229125976562,102.25947570800781,101.78899383544922,102.42070007324219,97.86725616455078,95.88534545898438,90.93404388427734,88.81441497802734,91.92388153076172,86.5794448852539,81.74349975585938,85.70880889892578,85.37564086914062,81.1541748046875,78.16009521484375,80.15609741210938,81.02468872070312,80.0062484741211,79.15807342529297,79.76214599609375,80.60397338867188,80.65357971191406
0,-36,-95,12,36,124.6515121459961,122.14745330810547,123.8466796875,121.26417541503906,123.32882690429688,119.85408020019531,120.6150894165039,120.25389862060547,115.88356018066406,117.443603515625,117.9237060546875,113.2254409790039,112.07140350341797,112.07140350341797,111.22050476074219,114.0570068359375,114.2365951538086,111.3058853149414,116.29703521728516,116.36150360107422,117.4776611328125,115.10430145263672,115.10430145263672,116.46887969970703,115.10430145263672,113.87712860107422,109.77249145507812,105.30906677246094,102.39628601074219,106.53168487548828,104.9571304321289,102.62553405761719,101.71037292480469,97.34988403320312,95.13148498535156,93.49331665039062,96.02082824707031,87.6584243774414,86.83892822265625,83.76156616210938,81.60882568359375,82.20097351074219,80.60397338867188,79.4040298461914,76.216796875,79.64923095703125,77.46611785888672,78.10249328613281,79.20858764648438,80.43009185791016,75.45197296142578,76.15773010253906
0,-36,-95,12,36,125.87692260742188,123.9758071899414,126.49505615234375,124.19742584228516,124.73973083496094,119.33147430419922,123.16655731201172,117.4776611328125,119.85408020019531,118.37651824951172,118.69709014892578,116.2497329711914,113.63538360595703,113.44161224365234,112.36102294921875,117.0042724609375,114.00438690185547,116.03878784179688,116.03878784179688,117.01708984375,117.0042724609375,120.066650390625,117.0042724609375,116.03878784179688,116.03878784179688,115.0,113.00442504882812,112.0,108.01851654052734,112.01785278320312,106.00471496582031,107.00466918945312,102.04410552978516,99.00505065917969,100.00499725341797,97.02061462402344,93.00537872314453,90.13877868652344,90.13877868652344,86.37129211425781,86.02325439453125,84.09518432617188,85.05292510986328,79.22752380371094,80.39900207519531,80.39900207519531,79.76214599609375,81.39410400390625,82.22530364990234,81.32035064697266,77.8331527709961,78.26238250732422
0,-36,-95,12,36,122.7762222290039,123.03251647949219,125.15989685058594,127.75758361816406,124.6515121459961,123.32882690429688,121.84005737304688,115.52056121826172,117.17507934570312,116.86744689941406,114.94781494140625,117.20068359375,117.20068359375,119.41942596435547,110.47624206542969,114.61238861083984,114.2365951538086,113.3710708618164,117.34564208984375,116.50321960449219,114.90866088867188,119.88744354248047,114.12712097167969,118.19052124023438,117.33712005615234,115.97413635253906,113.0177001953125,108.0462875366211,108.5587387084961,108.4066390991211,105.19029998779297,102.72779846191406,104.44615936279297,99.29753112792969,96.64884948730469,93.471923828125,95.29428100585938,88.54942321777344,89.0,87.66413116455078,84.09518432617188,85.8836441040039,83.19255065917969,82.85529327392578,79.2022705078125,79.30951690673828,78.18567657470703,79.71198272705078,78.84795379638672,80.80841827392578,83.6002426147461,79.00633239746094
0,-36,-95,12,36,124.90396118164062,122.5887451171875,128.1327362060547,125.67417907714844,123.6850814819336,123.58397674560547,124.6795883178711,122.1883773803711,119.07980346679688,119.5198745727539,118.53269958496094,117.68601989746094,115.73245239257812,114.33721923828125,115.95257568359375,115.20850372314453,114.84336853027344,114.17967987060547,118.59595489501953,118.00423431396484,119.36917877197266,118.2962417602539,119.92080688476562,117.6435317993164,117.72000885009766,117.443603515625,113.26517486572266,110.35397338867188,110.11357879638672,106.23088073730469,105.01904296875,103.81233215332031,101.86756134033203,99.04039764404297,96.10411071777344,93.86160278320312,93.5574722290039,92.19544219970703,89.8220443725586,86.31338500976562,85.0,84.01190185546875,85.0,82.03657531738281,81.61495208740234,83.38465118408203,78.16009521484375,80.02499389648438,81.0,79.02531433105469,78.77182006835938,77.1297607421875
0,-36,-95,12,36,123.62847900390625,126.43575286865234,126.11502838134766,126.43575286865234,123.62847900390625,122.80879211425781,120.22062683105469,122.37646484375,117.90250396728516,116.70903778076172,120.7849349975586,117.443603515625,117.34138488769531,114.7911148071289,112.89375305175781,117.39250183105469,115.15641784667969,114.2365951538086,115.45128631591797,116.86744689941406,120.42009735107422,117.78369903564453,110.69326782226562,119.43617248535156,117.78369903564453,117.0,112.30760955810547,110.57124328613281,110.69326782226562,106.10372161865234,106.92988586425781,106.92988586425781,103.46980285644531,99.80982208251953,95.85405731201172,94.93682098388672,92.11405944824219,89.69392395019531,87.8464584350586,86.40602111816406,85.61541748046875,85.23497009277344,84.30895233154297,81.1541748046875,81.90848541259766,78.92401123046875,80.3243408203125,82.2800064086914,80.28075408935547,80.0624771118164,78.51751708984375,78.0
0,-38,-95,15,24,117.68601989746094,122.78436279296875,119.10079956054688,123.76187133789062,117.68601989746094,119.85408020019531,118.1270523071289,115.44696044921875,113.26517486572266,112.08924865722656,113.05308532714844,112.92918395996094,111.62885284423828,109.7861557006836,112.00892639160156,109.5627670288086,111.48542785644531,108.07867431640625,113.63538360595703,113.1591796875,110.98197937011719,112.72976684570312,108.85311126708984,112.72976684570312,110.98197937011719,109.77249145507812,108.7474136352539,104.92378234863281,105.30906677246094,100.31948852539062,102.69371795654297,99.5389404296875,96.25486755371094,93.77632904052734,93.04837799072266,89.31964874267578,90.47651672363281,85.4400405883789,84.50444030761719,82.54090118408203,79.71198272705078,79.37883758544922,77.16217041015625,79.05693817138672,75.58438873291016,74.04052734375,74.46475982666016,74.73285675048828,73.16419982910156,75.53807067871094,73.06161499023438,75.1065902709961
0,-36,-95,12,36,122.64175415039062,125.80142974853516,127.00393676757812,124.85191345214844,124.20144653320312,124.03628540039062,120.8014907836914,116.82893371582031,118.00423431396484,117.443603515625,114.63420104980469,115.6243896484375,115.43396759033203,114.69088745117188,112.44998931884766,113.21660614013672,111.7586669921875,111.0360336303711,118.56221771240234,115.36463928222656,115.3126220703125,116.69190216064453,116.0,115.3126220703125,118.80236053466797,113.84638977050781,111.73181915283203,110.30865478515625,108.90362548828125,104.66136169433594,104.69001770019531,103.23758697509766,101.83319854736328,99.7045669555664,94.79451751708984,97.59098052978516,93.50936126708984,93.50936126708984,89.87213134765625,91.3509750366211,86.55634307861328,85.14693450927734,82.32861328125,82.32861328125,79.64923095703125,77.6208724975586,82.92768096923828,78.23681640625,80.4549560546875,78.26238250732422,78.0,77.6208724975586
0,-36,-95,12,36,126.21014404296875,122.61321258544922,124.61942291259766,123.8466796875,125.0,122.61321258544922,121.03718566894531,121.40016174316406,118.40608215332031,119.28118133544922,117.0469970703125,117.88553619384766,117.99152374267578,113.74093627929688,115.00434875488281,114.12712097167969,114.52947235107422,116.73046112060547,117.27318572998047,116.73046112060547,118.07201385498047,117.61802673339844,117.23907470703125,119.40686798095703,116.29703521728516,114.52947235107422,115.41230773925781,112.8716049194336,110.47624206542969,106.94390869140625,104.31682586669922,103.44564056396484,102.956298828125,99.12618255615234,96.51942443847656,94.15412902832031,94.33981323242188,91.58602142333984,89.35882568359375,86.53323364257812,85.98255920410156,85.44589233398438,83.76156616210938,79.6303939819336,83.23461151123047,79.8122787475586,79.8122787475586,80.80841827392578,82.8070068359375,77.79460144042969,80.05622863769531,79.92496490478516
0,-36,-95,12,36,128.86038208007812,126.62543487548828,125.39936065673828,128.4445343017578,122.77214813232422,121.2476806640625,121.46192932128906,119.50732421875,117.9237060546875,114.23221588134766,114.23221588134766,118.59595489501953,116.48175811767578,114.56002807617188,115.9482650756836,113.26517486572266,116.92733001708984,115.73245239257812,119.68291473388672,114.75626373291016,117.90250396728516,116.4989242553711,116.4989242553711,116.7261734008789,118.45674133300781,116.70903778076172,115.91807556152344,109.44404602050781,110.63453674316406,104.13932800292969,106.8877944946289,102.61091613769531,101.63660430908203,100.89598846435547,100.89598846435547,95.8018798828125,93.86160278320312,86.58522033691406,89.49860382080078,89.02246856689453,84.20214080810547,83.24061584472656,80.77747344970703,81.60882568359375,83.48652648925781,80.05622863769531,80.99382781982422,83.77350616455078,80.05622863769531,81.00617218017578,79.4040298461914,78.8733139038086
0,-36,-95,12,35,117.37972259521484,118.80236053466797,121.63058471679688,118.80236053466797,119.50313568115234,113.84638977050781,113.14591979980469,113.89907836914062,113.21660614013672,111.94641876220703,110.7519760131836,108.70602416992188,110.42192077636719,109.01834869384766,107.41508483886719,107.64757537841797,106.25440979003906,105.9480972290039,107.70329284667969,108.16654205322266,110.13627624511719,112.05802154541016,110.67520141601562,108.75660705566406,110.9414291381836,109.83624267578125,105.9480972290039,105.43718719482422,102.64988708496094,101.51354217529297,98.0051040649414,98.81295776367188,96.21330261230469,94.04785919189453,90.42676544189453,89.40357971191406,86.83317565917969,85.42832946777344,83.40863037109375,80.91971588134766,78.74642944335938,79.5110092163086,78.10249328613281,76.05918884277344,78.10249328613281,74.2765121459961,74.2765121459961,74.96665954589844,72.24956512451172,75.43209075927734,74.06078338623047,72.01388549804688
0,-36,-95,12,36,123.40583801269531,125.48307037353516,127.66361999511719,124.14507293701172,124.57929229736328,123.49089050292969,120.70211029052734,118.34272003173828,118.4229736328125,115.108642578125,120.066650390625,120.0,118.00423431396484,115.01738739013672,114.1095962524414,115.35163879394531,114.43775939941406,114.3547134399414,115.97413635253906,116.7261734008789,115.43396759033203,117.51595306396484,118.2708740234375,116.6190414428711,115.15641784667969,116.5203857421875,116.15506744384766,109.11461639404297,109.1650161743164,106.07544708251953,105.07616424560547,106.01886749267578,105.0047607421875,99.0,100.00499725341797,95.00526428222656,94.0,91.0054931640625,90.00555419921875,87.00574493408203,84.09518432617188,85.05292510986328,81.1541748046875,81.09870910644531,79.4040298461914,77.23341369628906,80.62257385253906,81.39410400390625,79.83106994628906,78.84795379638672,80.65357971191406,79.60527801513672
0,-38,-95,15,24,118.87808990478516,118.87808990478516,122.78436279296875,121.04957580566406,120.61923217773438,117.68601989746094,115.91807556152344,113.95174407958984,114.75626373291016,113.28282928466797,110.3177261352539,109.77249145507812,110.45361328125,109.37092590332031,108.37435150146484,109.04127502441406,108.0,108.00463104248047,109.01834869384766,110.00454711914062,110.00454711914062,113.00442504882812,109.00458526611328,109.04127502441406,108.01851654052734,108.0,106.00471496582031,106.00471496582031,101.0,101.0,99.00505065917969,97.0,95.00526428222656,92.02173614501953,91.0494384765625,88.0227279663086,86.05230712890625,84.0238037109375,84.05355072021484,79.05693817138672,79.05693817138672,77.10382843017578,77.10382843017578,75.1065902709961,73.43704986572266,72.44308471679688,73.68174743652344,72.83543395996094,74.52516174316406,73.24616241455078,73.38937377929688,71.11258697509766
0,-36,-95,12,36,124.90796661376953,125.5388412475586,125.39936065673828,127.76932525634766,121.43310546875,125.29964447021484,118.20744323730469,118.53269958496094,119.47384643554688,114.06138610839844,113.63538360595703,116.07756042480469,115.52056121826172,115.52056121826172,115.8792495727539,111.94641876220703,115.13470458984375,110.72488403320312,118.40608215332031,117.72000885009766,118.59595489501953,118.9621810913086,113.2254409790039,117.443603515625,117.0469970703125,114.84336853027344,114.28472900390625,111.01801300048828,111.94641876220703,104.40306854248047,103.09219360351562,103.73042297363281,104.04325866699219,99.29753112792969,97.40636444091797,92.02716827392578,93.30059051513672,89.53770446777344,89.4930191040039,88.23265075683594,83.93450164794922,83.38465118408203,79.71198272705078,81.1541748046875,82.07923126220703,79.2022705078125,79.62411499023438,80.52949523925781,78.39005279541016,79.92496490478516,78.4091796875,78.56844329833984
0,-38,-95,14,28,121.91800689697266,123.16655731201172,124.19742584228516,123.16655731201172,123.32882690429688,118.25819396972656,121.26417541503906,118.44407653808594,115.88356018066406,116.03878784179688,114.63420104980469,113.2254409790039,112.32987213134766,111.77208709716797,109.55364227294922,110.7880859375,110.53506469726562,111.01801300048828,113.17684936523438,114.52947235107422,112.7696762084961,113.17684936523438,111.89280700683594,112.2541732788086,112.7696762084961,111.89280700683594,108.78418731689453,107.91200256347656,103.83159637451172,105.58882141113281,100.23971557617188,98.97979736328125,98.97979736328125,94.15412902832031,94.15412902832031,92.78469848632812,89.35882568359375,86.28441619873047,84.90583038330078,82.15229797363281,81.6333236694336,77.17512512207031,80.4549560546875,77.10382843017578,75.7165756225586,77.42092895507812,75.0,77.0064926147461,75.07329559326172,76.3675308227539,75.1664810180664,72.67048645019531
0,-36,-95,12,35,119.92080688476562,118.18629455566406,121.85237121582031,120.76837158203125,125.29964447021484,117.20068359375,122.38463592529297,116.36150360107422,112.80514526367188,115.31695556640625,113.29607391357422,111.6646728515625,113.88591003417969,109.4805908203125,110.16351318359375,111.12605285644531,110.63453674316406,111.83023071289062,110.81967163085938,113.35784149169922,111.40017700195312,113.95174407958984,111.61093139648438,114.93476104736328,114.00438690185547,110.11357879638672,108.68302154541016,109.23827362060547,101.63660430908203,104.78549194335938,100.89598846435547,101.13851928710938,99.20181274414062,95.60334777832031,96.4624252319336,91.21403503417969,88.32327270507812,83.24061584472656,83.93450164794922,83.93450164794922,82.56512451171875,83.6779556274414,79.69943237304688,79.05693817138672,77.79460144042969,76.32168579101562,74.84651184082031,75.7693862915039,78.72102355957031,80.26206970214844,74.06078338623047,72.91776275634766
0,-38,-95,15,24,121.93850708007812,120.22062683105469,124.16924285888672,120.73938751220703,120.22062683105469,117.66053009033203,116.81181335449219,115.76268768310547,114.90866088867188,114.52947235107422,113.17684936523438,112.69871520996094,110.49434661865234,110.98197937011719,110.07270050048828,109.3846435546875,107.91200256347656,109.00458526611328,109.7861557006836,112.36102294921875,110.69326782226562,113.46365356445312,109.93180084228516,111.6646728515625,110.49434661865234,109.00458526611328,107.54068756103516,106.10372161865234,102.956298828125,100.7223892211914,96.66436767578125,96.60745239257812,95.7078857421875,92.57429504394531,90.82400512695312,89.89437866210938,87.66413116455078,85.42247772216797,83.19255065917969,81.00617218017578,80.13114166259766,77.82672882080078,78.77182006835938,74.94664764404297,74.625732421875,73.49829864501953,73.81734466552734,75.0,73.87828063964844,73.75635528564453,72.86288452148438,71.40028381347656
0,-36,-95,12,35,121.29715728759766,122.00409698486328,123.76187133789062,122.00409698486328,120.7849349975586,119.8165283203125,121.29715728759766,117.88129425048828,114.54257202148438,117.08544158935547,116.70903778076172,114.75626373291016,113.1370849609375,110.02726745605469,106.56922912597656,114.28035736083984,112.1115493774414,111.11255645751953,112.00446319580078,117.01708984375,112.16059875488281,113.00442504882812,113.11056518554688,114.1095962524414,113.21660614013672,109.1650161743164,108.22661590576172,107.11676025390625,108.07405090332031,106.07544708251953,102.17631530761719,104.23531341552734,97.25225067138672,97.32933807373047,94.2602767944336,95.63471984863281,92.34716796875,89.35882568359375,83.72574615478516,81.88406372070312,84.59314727783203,79.30951690673828,80.7527084350586,78.77182006835938,78.77182006835938,78.08969116210938,79.24645233154297,75.70997619628906,79.12016296386719,79.05693817138672,76.55716705322266,78.39005279541016
0,-36,-95,12,36,121.3342514038086,124.48694610595703,123.1015853881836,125.57467651367188,121.3342514038086,125.48307037353516,124.32618713378906,118.34272003173828,117.27318572998047,115.01738739013672,116.01724243164062,115.0,116.15506744384766,113.35784149169922,114.1095962524414,110.29052734375,115.52488708496094,108.66461944580078,117.09825134277344,115.73245239257812,116.6190414428711,115.73245239257812,112.53887939453125,114.58621215820312,116.96580505371094,116.5203857421875,114.43775939941406,110.45361328125,107.56393432617188,106.30146026611328,103.48429870605469,103.12128448486328,102.31324768066406,100.07997131347656,97.00515747070312,91.19758605957031,93.13430786132812,87.09190368652344,88.0227279663086,87.09190368652344,81.05553436279297,83.02409362792969,84.0238037109375,81.02468872070312,81.00617218017578,79.05693817138672,79.15807342529297,80.5046615600586,77.64663696289062,80.41144561767578,79.8122787475586,77.8331527709961
0,-36,-95,12,35,111.64676666259766,113.3710708618164,116.29703521728516,115.60276794433594,116.84605407714844,108.4066390991211,112.00446319580078,106.55046081542969,110.53506469726562,109.12836456298828,104.20172882080078,103.78824615478516,102.55242919921875,103.81714630126953,105.10946655273438,104.67568969726562,104.9952392578125,102.45974731445312,106.90182495117188,105.9480972290039,105.3043212890625,109.11003875732422,103.09219360351562,106.32027435302734,108.46658325195312,103.4069595336914,103.4069595336914,102.45974731445312,101.51354217529297,98.35140991210938,97.73944854736328,94.2443618774414,92.69843292236328,93.40770721435547,90.2496566772461,86.16263580322266,83.00602722167969,81.70679473876953,81.54139709472656,79.2022705078125,77.47257232666016,77.38862609863281,76.05918884277344,74.32361602783203,72.01388549804688,74.6860122680664,73.35530090332031,76.5375747680664,73.7834701538086,71.61005401611328,72.91776275634766,70.76722717285156
0,-36,-95,13,32,123.9758071899414,126.71621704101562,122.65398406982422,125.5388412475586,125.2397689819336,123.56779479980469,121.20230865478516,121.20230865478516,118.53269958496094,114.94781494140625,118.51160430908203,115.97413635253906,118.3385009765625,114.73883056640625,114.0570068359375,112.89818572998047,115.108642578125,112.60550689697266,116.01724243164062,116.01724243164062,117.4137954711914,119.03781127929688,114.54693603515625,116.82893371582031,115.108642578125,113.99122619628906,112.60550689697266,113.44161224365234,111.51681518554688,106.53168487548828,106.0,103.44564056396484,105.19029998779297,98.97979736328125,97.52947998046875,93.81364440917969,94.8946762084961,90.3548583984375,87.70974731445312,88.54942321777344,83.72574615478516,86.76981353759766,83.19255065917969,79.62411499023438,81.93900299072266,78.92401123046875,81.70679473876953,83.57032775878906,79.69943237304688,82.22530364990234,76.79192352294922,78.16009521484375
0,-36,-95,11,40,121.92620849609375,128.1327362060547,124.61540985107422,126.28935241699219,120.93386840820312,124.16924285888672,122.91867065429688,118.37651824951172,121.34249114990234,119.43617248535156,116.90166473388672,116.4989242553711,114.01753997802734,117.72000885009766,113.05308532714844,114.48143768310547,117.6435317993164,110.36756896972656,116.70903778076172,116.37869262695312,114.7911148071289,120.81390380859375,112.60550689697266,117.9237060546875,114.82595825195312,113.54734802246094,112.57886505126953,108.15729522705078,111.01801300048828,105.9480972290039,107.51744079589844,105.6503677368164,101.53324890136719,97.52947998046875,98.49365234375,95.88013458251953,94.64142608642578,89.5600357055664,89.28605651855469,86.34812927246094,84.72307586669922,83.19855499267578,81.78630828857422,84.34452819824219,79.62411499023438,79.42921447753906,79.4040298461914,79.76214599609375,79.15807342529297,80.02499389648438,81.05553436279297,81.88406372070312
0,-36,-95,12,36,125.80142974853516,125.39936065673828,125.67417907714844,125.80142974853516,123.06502532958984,124.81185913085938,121.20230865478516,120.74767303466797,119.43617248535156,117.23907470703125,116.76471710205078,115.97413635253906,114.90866088867188,115.43396759033203,114.54693603515625,113.46365356445312,113.60017395019531,110.67971801757812,114.80853271484375,119.01680755615234,116.21101379394531,116.03878784179688,115.20850372314453,117.79643249511719,113.60017395019531,114.20157623291016,113.4063491821289,112.29425811767578,105.60302734375,104.8093490600586,106.21205139160156,106.60675048828125,105.20931243896484,99.04544067382812,98.22932434082031,94.62557983398438,93.4772720336914,90.8019790649414,86.02325439453125,86.8216552734375,86.26702880859375,84.05355072021484,83.00602722167969,82.92768096923828,79.92496490478516,81.12335968017578,78.71467590332031,78.77182006835938,78.39005279541016,78.18567657470703,80.65357971191406,80.60397338867188
0,-36,-95,12,36,121.82774353027344,127.41271209716797,124.85191345214844,128.40560913085938,123.22337341308594,120.8014907836914,121.65936279296875,119.20150756835938,119.62023162841797,117.88553619384766,116.50321960449219,114.73883056640625,115.00434875488281,115.00434875488281,115.41230773925781,111.80339813232422,114.03946685791016,111.40017700195312,119.50732421875,113.59577178955078,118.53269958496094,120.34117889404297,115.03912353515625,119.23086547851562,115.03912353515625,117.27318572998047,112.69871520996094,108.67382049560547,108.22661590576172,104.65657806396484,104.20172882080078,105.19029998779297,103.83159637451172,98.48857879638672,95.88013458251953,94.41397857666016,95.7078857421875,88.1192398071289,89.06739044189453,86.83317565917969,84.72307586669922,84.90583038330078,81.12335968017578,83.00602722167969,82.09750366210938,78.23681640625,80.80223083496094,79.02531433105469,78.24320983886719,77.23341369628906,78.56844329833984,79.4040298461914
0,-36,-95,12,36,118.68024444580078,125.96031188964844,120.33287048339844,128.39002990722656,120.8801040649414,121.16517639160156,118.1397476196289,117.38824462890625,117.72000885009766,112.53887939453125,113.03096771240234,110.42192077636719,113.77169799804688,111.62885284423828,113.1370849609375,109.65856170654297,114.52947235107422,108.46197509765625,117.27318572998047,115.52488708496094,114.43775939941406,115.35163879394531,108.5587387084961,110.29052734375,114.43775939941406,112.44554138183594,109.29318237304688,106.56922912597656,107.67079162597656,102.39628601074219,105.80170440673828,100.84146118164062,100.12991333007812,94.76286315917969,95.88534545898438,91.92388153076172,92.22798156738281,87.4757080078125,86.31338500976562,86.31338500976562,81.58431243896484,84.01190185546875,77.10382843017578,82.22530364990234,77.87811279296875,77.87811279296875,75.69015502929688,79.69943237304688,76.89603424072266,78.39005279541016,76.94153594970703,77.93586730957031
0,-36,-95,12,36,122.01639556884766,126.0,125.06398010253906,126.0,122.01639556884766,124.00403594970703,121.00413513183594,118.06777954101562,116.10771179199219,114.3547134399414,116.10771179199219,116.7261734008789,114.73883056640625,115.73245239257812,118.22859191894531,114.2716064453125,116.90166473388672,113.60017395019531,117.38824462890625,117.68601989746094,116.92733001708984,118.87808990478516,111.00450134277344,119.8165283203125,117.4776611328125,114.75626373291016,114.75626373291016,109.32977294921875,110.47624206542969,107.35455322265625,106.53168487548828,103.57605743408203,99.29753112792969,98.31072998046875,94.64142608642578,93.21480560302734,94.8946762084961,87.29833984375,88.81441497802734,88.56636047363281,85.37564086914062,84.38008880615234,84.2140121459961,80.22468566894531,81.22191619873047,78.16009521484375,79.02531433105469,83.02409362792969,79.05693817138672,83.38465118408203,79.07591247558594,81.32035064697266
0,-36,-95,11,40,123.43419647216797,118.51160430908203,125.78155517578125,121.6429214477539,125.29964447021484,119.41942596435547,123.47064208984375,120.83045959472656,119.364990234375,121.26417541503906,115.43396759033203,116.81181335449219,116.01724243164062,115.80155181884766,111.60645294189453,115.60276794433594,112.80514526367188,114.8651351928711,114.69088745117188,116.10340118408203,116.93160247802734,116.93160247802734,116.2755355834961,117.51595306396484,113.5693588256836,112.16059875488281,109.87720489501953,112.16059875488281,106.4048843383789,109.22454071044922,101.53324890136719,103.4794692993164,100.6578369140625,101.04454803466797,98.08159637451172,99.63935089111328,91.83136749267578,91.21403503417969,88.86506652832031,84.64632415771484,87.61849212646484,81.4002456665039,84.40379333496094,79.2022705078125,79.2022705078125,77.42092895507812,77.93586730957031,80.26206970214844,81.00617218017578,79.7057113647461,77.8331527709961,77.1297607421875
0,-36,-95,12,36,124.23365020751953,118.30891418457031,127.38916778564453,121.14866638183594,123.30855560302734,115.55085754394531,117.74549102783203,116.10771179199219,119.26860809326172,118.2708740234375,115.7410888671875,117.443603515625,114.01753997802734,112.53887939453125,112.05802154541016,117.68601989746094,111.62885284423828,116.29703521728516,114.12712097167969,114.58621215820312,116.7261734008789,115.26057434082031,119.43617248535156,113.43721008300781,113.95174407958984,113.95174407958984,114.33721923828125,111.83023071289062,105.11898040771484,107.87029266357422,101.20276641845703,103.16007232666016,97.08243560791016,96.31718444824219,100.89598846435547,96.31718444824219,92.41753387451172,89.02246856689453,89.28605651855469,83.16850280761719,87.64131164550781,82.2800064086914,80.28075408935547,80.36167907714844,82.56512451171875,81.1541748046875,77.49193572998047,78.0,79.15807342529297,79.25907135009766,75.7165756225586,74.41101837158203
0,-36,-95,12,35,117.0,122.01639556884766,118.00423431396484,123.03658294677734,117.01708984375,116.01724243164062,113.00442504882812,112.00446319580078,112.04016876220703,109.04127502441406,111.11255645751953,109.55364227294922,108.66461944580078,109.65856170654297,108.77959442138672,106.7052001953125,109.04127502441406,105.9056167602539,113.56495666503906,110.21796417236328,110.21796417236328,109.23827362060547,109.65856170654297,110.63453674316406,108.06016540527344,110.0227279663086,108.25894927978516,105.38026428222656,105.72132873535156,101.0,100.44898986816406,100.28459167480469,97.49359130859375,94.3663101196289,90.93404388427734,90.25519561767578,90.93404388427734,85.98837280273438,82.20097351074219,80.62257385253906,80.7527084350586,79.6303939819336,77.78174591064453,78.4091796875,76.16429901123047,75.23961639404297,77.05841827392578,77.02597045898438,76.00657653808594,76.2364730834961,72.18032836914062,74.72616577148438
0,-36,-95,12,36,122.56018829345703,119.62023162841797,123.30855560302734,122.56018829345703,119.97083282470703,114.38968658447266,117.17507934570312,115.16944122314453,115.31695556640625,115.95257568359375,111.48542785644531,113.1591796875,108.67382049560547,109.2748794555664,108.90821838378906,109.83624267578125,111.22050476074219,111.51681518554688,112.60550689697266,112.60550689697266,116.46887969970703,114.0570068359375,114.0570068359375,112.60550689697266,111.3058853149414,110.7880859375,107.70329284667969,105.81587982177734,102.39628601074219,104.44615936279297,98.97979736328125,97.94896697998047,98.97979736328125,96.15092468261719,93.91485595703125,93.91485595703125,86.35391998291016,85.0,87.6584243774414,83.19255065917969,81.39410400390625,81.41252899169922,77.82030487060547,76.967529296875,76.15773010253906,77.49193572998047,79.37883758544922,78.74642944335938,78.58753204345703,78.10249328613281,75.53807067871094,77.02597045898438
0,-36,-95,12,36,121.7579574584961,126.81088256835938,125.28367614746094,126.81088256835938,122.80065155029297,123.0162582397461,122.06555938720703,121.45780944824219,117.34138488769531,114.97825622558594,117.38824462890625,117.15374755859375,115.91807556152344,113.43721008300781,117.71150970458984,113.1370849609375,116.96580505371094,113.99122619628906,118.51160430908203,115.73245239257812,117.9576187133789,115.97413635253906,113.0,118.34272003173828,116.34861755371094,116.96580505371094,115.43396759033203,109.03668975830078,110.76551818847656,106.79419708251953,103.69667053222656,104.23531341552734,104.23531341552734,98.85848236083984,101.0,94.3663101196289,96.33794403076172,91.24143981933594,91.24143981933594,89.44271850585938,84.72307586669922,85.5102310180664,84.5280990600586,84.5280990600586,82.76472473144531,81.4923324584961,75.58438873291016,81.59656524658203,80.05622863769531,81.1541748046875,78.71467590332031,79.6303939819336
0,-36,-95,12,36,124.31009674072266,124.03628540039062,125.76565551757812,124.16924285888672,128.1327362060547,122.05326843261719,119.5198745727539,118.22859191894531,117.88553619384766,120.83045959472656,115.52056121826172,118.359619140625,114.28472900390625,116.76043701171875,113.88591003417969,115.7410888671875,113.29607391357422,113.54734802246094,114.01753997802734,118.30891418457031,117.39250183105469,117.17507934570312,115.16944122314453,116.07756042480469,117.0,115.8792495727539,109.20164489746094,112.72089385986328,107.70329284667969,108.07867431640625,105.10946655273438,103.4069595336914,101.59232330322266,100.5683822631836,98.68130493164062,96.4624252319336,94.86833190917969,92.02716827392578,88.8875732421875,88.23265075683594,89.1852035522461,82.861328125,82.861328125,81.27114868164062,79.8122787475586,81.25269317626953,81.25269317626953,81.39410400390625,81.88406372070312,84.2140121459961,80.09993743896484,78.4091796875
0,-36,-95,12,36,117.17507934570312,121.07848358154297,122.38463592529297,124.23365020751953,119.97083282470703,117.9237060546875,119.23086547851562,113.88591003417969,114.58621215820312,114.49017333984375,113.88591003417969,110.16351318359375,115.44696044921875,110.85575866699219,112.29425811767578,109.65856170654297,113.95174407958984,109.65856170654297,116.4001693725586,113.43721008300781,111.98660278320312,114.2716064453125,111.00450134277344,114.62983703613281,113.28282928466797,110.3177261352539,110.0227279663086,107.87029266357422,107.68936920166016,103.4069595336914,101.78899383544922,100.89598846435547,96.7729263305664,96.31718444824219,95.8018798828125,93.17188262939453,88.0738296508789,85.14693450927734,88.05680084228516,85.37564086914062,83.6779556274414,81.74349975585938,79.55501556396484,80.77747344970703,79.69943237304688,78.74642944335938,77.8331527709961,78.79086303710938,77.87811279296875,76.47875213623047,76.5506362915039,75.92759704589844
0,-36,-95,12,35,122.1556396484375,121.74153137207031,120.74767303466797,123.48279571533203,118.10588836669922,119.43617248535156,119.85408020019531,118.53269958496094,114.49454498291016,111.89280700683594,114.2365951538086,115.24755859375,113.74093627929688,112.60550689697266,111.77208709716797,114.01753997802734,114.4770736694336,112.20071411132812,113.0707778930664,114.01753997802734,113.2298583984375,112.44554138183594,112.80071258544922,112.29425811767578,111.52130126953125,111.21150970458984,109.01834869384766,108.07405090332031,106.21205139160156,103.71113586425781,101.212646484375,100.60317993164062,99.80982208251953,97.6524429321289,94.86833190917969,94.20191192626953,91.83136749267578,88.60022735595703,85.21150207519531,84.87638092041016,81.60882568359375,82.61961364746094,79.6303939819336,79.32212829589844,79.92496490478516,75.1664810180664,80.62257385253906,77.89736938476562,78.72102355957031,78.0,77.2528305053711,75.70997619628906
0,-36,-95,12,36,117.4137954711914,118.1524429321289,122.31925201416016,117.59677124023438,118.98319244384766,117.32433319091797,118.98319244384766,116.76471710205078,114.58621215820312,113.2519302368164,113.3710708618164,113.17684936523438,110.0227279663086,110.46266174316406,105.99056243896484,110.0227279663086,108.46197509765625,110.69326782226562,113.46365356445312,113.46365356445312,110.13627624511719,112.80514526367188,110.49434661865234,112.72089385986328,114.23221588134766,109.00458526611328,107.93516540527344,103.87010955810547,103.36827087402344,102.45974731445312,100.64790344238281,101.55294036865234,96.66436767578125,96.17691802978516,95.2732925415039,93.03762817382812,92.13577270507812,84.5813217163086,86.76981353759766,83.24061584472656,82.2982406616211,81.4923324584961,81.41252899169922,78.77182006835938,79.4040298461914,76.00657653808594,76.5506362915039,78.00640869140625,75.0,78.10249328613281,75.66372680664062,74.65252685546875
0,-36,-95,12,36,120.73938751220703,120.73938751220703,120.22062683105469,119.70797729492188,119.20150756835938,119.364990234375,122.96747589111328,116.81181335449219,115.43396759033203,112.00446319580078,115.41230773925781,113.17684936523438,110.98197937011719,110.57124328613281,108.6876220703125,114.38968658447266,113.08846282958984,109.5627670288086,114.49017333984375,114.38968658447266,113.21660614013672,116.07756042480469,113.08846282958984,115.76700592041016,110.13627624511719,109.93180084228516,109.3846435546875,108.7474136352539,106.23088073730469,107.15409088134766,104.65180206298828,103.31021118164062,102.0,98.48857879638672,96.64884948730469,91.24143981933594,93.471923828125,88.1192398071289,86.83317565917969,82.49242401123047,85.95928955078125,81.88406372070312,83.86298370361328,79.75587463378906,81.02468872070312,77.10382843017578,77.0064926147461,77.46611785888672,78.74642944335938,79.90619659423828,76.48529052734375,78.00640869140625
0,-36,-95,12,36,119.20150756835938,117.66053009033203,122.80065155029297,123.49089050292969,121.79490661621094,117.66053009033203,115.76268768310547,115.97413635253906,114.61238861083984,114.06138610839844,112.7696762084961,112.25862884521484,111.48542785644531,110.98197937011719,110.69326782226562,114.2365951538086,109.5627670288086,107.91200256347656,111.97321319580078,113.88591003417969,114.82595825195312,114.23221588134766,111.0,113.52973175048828,112.60550689697266,109.11003875732422,111.0,109.5627670288086,106.89247131347656,104.177734375,102.69371795654297,103.46497344970703,99.00505065917969,93.77632904052734,94.42987060546875,93.23089599609375,90.47099304199219,86.53900909423828,88.23831176757812,83.25863647460938,80.11241912841797,81.39410400390625,80.52949523925781,79.15807342529297,78.72102355957031,75.1797866821289,78.39005279541016,77.17512512207031,77.38862609863281,78.60025787353516,76.48529052734375,77.8331527709961
0,-36,-95,12,35,121.00413513183594,118.00423431396484,122.03688049316406,123.00406646728516,120.01666259765625,118.0,116.03878784179688,114.0,112.1115493774414,112.21853637695312,116.21101379394531,113.63538360595703,113.28282928466797,108.18965148925781,108.18965148925781,111.40017700195312,106.96260833740234,110.63453674316406,110.11357879638672,112.05802154541016,111.61093139648438,114.72576141357422,111.61093139648438,112.36102294921875,111.83023071289062,107.93516540527344,107.20074462890625,110.63453674316406,102.1077880859375,102.39140319824219,99.46356201171875,100.22474670410156,98.84330749511719,94.14881896972656,93.38094329833984,94.5409927368164,91.0054931640625,85.0,85.0,81.39410400390625,84.34452819824219,81.39410400390625,82.03657531738281,78.63841247558594,74.4311752319336,77.64663696289062,77.23341369628906,77.05841827392578,77.0,78.10249328613281,76.65507507324219,74.72616577148438
0,-36,-95,11,40,122.70289611816406,121.7579574584961,123.96773529052734,124.31009674072266,125.87295532226562,121.45780944824219,122.70289611816406,118.00423431396484,122.06555938720703,120.60265350341797,118.84864044189453,118.1270523071289,116.70903778076172,113.77169799804688,111.80339813232422,116.90166473388672,114.12712097167969,114.98260498046875,116.7261734008789,117.51595306396484,114.98260498046875,121.06196594238281,118.08895111083984,117.42657470703125,113.99122619628906,114.12712097167969,112.75193786621094,113.1370849609375,110.47624206542969,110.16805267333984,104.23531341552734,102.1077880859375,102.25947570800781,98.47842407226562,96.50906372070312,94.72592163085938,93.74433135986328,90.24411010742188,87.55569458007812,85.70297241210938,87.66413116455078,82.22530364990234,83.19855499267578,82.97589874267578,79.8122787475586,79.8122787475586,79.37883758544922,81.27114868164062,81.1541748046875,80.05622863769531,80.26206970214844,80.0
0,-36,-95,12,35,120.92973327636719,118.71394348144531,120.92973327636719,120.67311096191406,119.28118133544922,118.224365234375,117.88977813720703,115.67626953125,115.43396759033203,115.76268768310547,114.73883056640625,112.29425811767578,114.03946685791016,113.1591796875,109.123779296875,112.53887939453125,111.42710876464844,108.46197509765625,114.23221588134766,113.08846282958984,113.46365356445312,112.16059875488281,114.76933288574219,113.54734802246094,114.38968658447266,113.08846282958984,105.47511291503906,110.30865478515625,107.33592224121094,104.177734375,100.84642028808594,102.04410552978516,101.63660430908203,96.66436767578125,92.61209106445312,94.42987060546875,89.47066497802734,88.14192962646484,85.08818817138672,85.42832946777344,84.5280990600586,84.17243957519531,78.72102355957031,78.29431915283203,77.36924743652344,76.5375747680664,78.892333984375,76.66159057617188,76.843994140625,77.801025390625,77.15568542480469,76.48529052734375
0,-36,-95,11,40,123.55565643310547,123.55565643310547,125.51493835449219,127.4754867553711,122.37646484375,119.64112854003906,121.27654266357422,118.87808990478516,120.33287048339844,116.92733001708984,116.41735076904297,116.21101379394531,114.56002807617188,114.48143768310547,111.94641876220703,114.58621215820312,112.80514526367188,113.46365356445312,117.38824462890625,116.7775650024414,116.07756042480469,116.7775650024414,117.0,113.46365356445312,114.38968658447266,111.2339859008789,112.36102294921875,109.5627670288086,107.33592224121094,107.70329284667969,100.46392059326172,104.177734375,101.59232330322266,97.73944854736328,95.18928527832031,93.6375961303711,91.39474487304688,88.60022735595703,87.64131164550781,86.58522033691406,83.16850280761719,82.861328125,82.71033477783203,79.8122787475586,78.74642944335938,77.87811279296875,80.04998779296875,81.04936981201172,81.61495208740234,83.15046691894531,80.05622863769531,79.76214599609375
0,-36,-95,12,36,118.98319244384766,118.43141174316406,121.49073791503906,119.8165283203125,121.49073791503906,119.26860809326172,120.10828399658203,115.43396759033203,118.72657775878906,114.2365951538086,115.76268768310547,112.8716049194336,113.14591979980469,111.82575988769531,110.57124328613281,115.55085754394531,112.00892639160156,112.00892639160156,111.62885284423828,113.84199523925781,113.29607391357422,116.37869262695312,112.94689178466797,112.57886505126953,110.13627624511719,112.36102294921875,111.3193588256836,107.22406768798828,106.89247131347656,105.6219711303711,102.31813049316406,102.78618621826172,101.39033508300781,97.73944854736328,97.86214447021484,93.23089599609375,90.07774353027344,87.8464584350586,88.23831176757812,83.38465118408203,84.5813217163086,83.00602722167969,81.70679473876953,79.7057113647461,77.87811279296875,78.26238250732422,81.41252899169922,77.82672882080078,76.85050201416016,77.42092895507812,75.92759704589844,77.077880859375
0,-36,-95,12,35,117.71150970458984,119.2182846069336,121.19818115234375,124.61540985107422,117.54573822021484,119.5198745727539,119.07980346679688,114.85643005371094,115.26057434082031,112.64102172851562,114.52947235107422,112.21853637695312,112.1115493774414,109.00458526611328,111.07205200195312,108.01851654052734,113.0177001953125,111.00450134277344,114.1095962524414,113.11056518554688,112.1115493774414,113.0707778930664,113.0398178100586,112.16059875488281,113.0707778930664,113.0177001953125,109.01834869384766,106.01886749267578,107.01869201660156,100.0199966430664,103.00485229492188,102.00489807128906,100.00499725341797,94.0,93.02149963378906,89.02246856689453,92.04889678955078,87.05171203613281,85.09406280517578,85.0058822631836,84.2140121459961,83.15046691894531,80.15609741210938,79.22752380371094,78.31346893310547,75.42546081542969,76.94153594970703,78.08969116210938,77.66595458984375,77.49193572998047,79.12016296386719,76.47875213623047
0,-36,-95,11,40,120.01666259765625,125.00399780273438,126.84636688232422,124.08464813232422,125.15989685058594,121.46192932128906,120.70211029052734,117.9237060546875,121.63058471679688,115.43396759033203,116.10771179199219,118.92855072021484,114.84336853027344,112.53887939453125,112.53887939453125,115.73245239257812,113.77169799804688,113.43721008300781,115.41230773925781,118.69709014892578,116.7261734008789,117.38824462890625,111.00450134277344,116.2497329711914,114.75626373291016,115.31695556640625,111.00450134277344,110.81967163085938,109.32977294921875,106.7052001953125,103.7545166015625,105.5367202758789,101.63660430908203,97.74456787109375,97.29337310791016,92.89241027832031,89.9888916015625,90.2496566772461,86.58522033691406,86.12200927734375,81.02468872070312,81.4923324584961,81.02468872070312,79.69943237304688,79.69943237304688,78.74642944335938,79.37883758544922,80.77747344970703,80.11241912841797,81.88406372070312,76.5506362915039,81.05553436279297
0,-36,-95,12,36,121.91800689697266,121.26417541503906,126.81088256835938,121.26417541503906,126.15070343017578,117.59251403808594,123.84264373779297,118.1397476196289,116.7261734008789,118.08895111083984,118.08895111083984,113.21660614013672,114.76933288574219,114.1095962524414,110.63453674316406,117.0042724609375,111.83023071289062,114.03946685791016,113.71894836425781,119.85408020019531,116.82893371582031,119.28118133544922,116.6061782836914,118.00423431396484,115.108642578125,114.40279388427734,109.28861236572266,112.41441345214844,107.64757537841797,108.811767578125,104.62313079833984,106.60675048828125,103.2279052734375,99.80982208251953,95.60334777832031,96.40020751953125,93.23625946044922,90.8019790649414,88.40814208984375,85.21150207519531,85.8021011352539,82.61961364746094,87.61849212646484,80.43009185791016,83.63013458251953,80.72174072265625,80.72174072265625,82.02438354492188,81.39410400390625,79.5110092163086,78.23681640625,76.47875213623047
0,-36,-95,12,36,123.69316864013672,123.06502532958984,126.46343231201172,125.39936065673828,124.61540985107422,121.07848358154297,118.18629455566406,117.39250183105469,120.70211029052734,117.0469970703125,118.2708740234375,113.32254791259766,117.443603515625,116.92733001708984,113.03096771240234,115.73245239257812,111.98660278320312,114.75626373291016,116.2497329711914,117.88553619384766,116.7261734008789,118.86967468261719,116.7261734008789,117.23907470703125,116.7261734008789,114.42464447021484,110.81967163085938,112.5877456665039,107.87029266357422,107.68936920166016,103.94229125976562,103.16007232666016,100.22474670410156,99.04039764404297,100.22474670410156,94.14881896972656,95.8018798828125,89.26925659179688,89.26925659179688,87.09190368652344,86.40023040771484,82.46211242675781,85.37564086914062,82.56512451171875,82.56512451171875,80.95677947998047,79.05693817138672,78.92401123046875,81.54139709472656,79.62411499023438,80.26206970214844,78.60025787353516
0,-38,-95,14,28,123.40583801269531,121.41252136230469,124.90396118164062,124.32618713378906,123.49089050292969,120.50311279296875,120.70211029052734,117.9576187133789,115.97413635253906,115.1173324584961,115.1173324584961,114.58621215820312,114.93476104736328,112.37882232666016,110.63453674316406,111.57060241699219,110.44002532958984,110.72488403320312,112.57886505126953,113.2254409790039,113.2254409790039,114.48143768310547,111.40017700195312,112.27198791503906,112.36102294921875,112.36102294921875,109.20164489746094,105.51303100585938,104.54663848876953,103.84603881835938,101.13851928710938,101.39033508300781,100.16985321044922,95.07891082763672,93.86160278320312,92.19544219970703,88.0738296508789,85.90692901611328,85.90692901611328,82.37718200683594,81.39410400390625,79.42921447753906,80.60397338867188,78.08969116210938,76.94153594970703,75.66372680664062,75.42546081542969,76.2364730834961,75.02666473388672,77.05841827392578,76.53103637695312,74.73285675048828
0,-36,-95,12,36,123.49089050292969,123.30855560302734,126.84636688232422,124.42266845703125,125.15989685058594,123.30855560302734,119.62023162841797,119.23086547851562,116.7775650024414,118.10588836669922,114.06138610839844,113.6485824584961,114.2365951538086,115.10430145263672,113.0177001953125,114.90866088867188,111.01801300048828,111.77208709716797,115.20850372314453,117.8006820678711,115.20850372314453,119.85408020019531,116.6061782836914,115.80155181884766,113.2254409790039,116.76471710205078,114.40279388427734,109.55364227294922,109.85900115966797,104.86181640625,102.90287017822266,104.04325866699219,100.95543670654297,100.70252990722656,98.47842407226562,96.79875946044922,92.43917083740234,89.8888168334961,89.8888168334961,86.28441619873047,88.32327270507812,81.3019027709961,82.49242401123047,81.98780059814453,80.26206970214844,76.94153594970703,79.60527801513672,80.95677947998047,78.0,82.861328125,80.04998779296875,78.63841247558594
0,-36,-95,12,36,126.38433074951172,120.07081604003906,128.84486389160156,121.03718566894531,125.87692260742188,116.41735076904297,120.2081527709961,118.68024444580078,117.0469970703125,122.06555938720703,116.37869262695312,118.59595489501953,114.23221588134766,114.38968658447266,108.85311126708984,116.29703521728516,110.46266174316406,114.49454498291016,111.36426544189453,119.95415496826172,113.59577178955078,115.00434875488281,114.93476104736328,116.29703521728516,116.73046112060547,110.0227279663086,110.46266174316406,112.69871520996094,104.27847290039062,109.12836456298828,103.31505584716797,101.13357543945312,99.4032211303711,98.0866928100586,97.08243560791016,95.75489807128906,93.23089599609375,86.00581359863281,89.69392395019531,83.00602722167969,85.23497009277344,81.1541748046875,86.16263580322266,79.71198272705078,77.2528305053711,77.49193572998047,75.96051788330078,78.44743347167969,81.58431243896484,80.8949966430664,79.4040298461914,77.10382843017578
0,-36,-95,12,35,117.27318572998047,120.10411834716797,122.14745330810547,124.25779724121094,121.41252136230469,116.21101379394531,118.1524429321289,115.108642578125,114.01753997802734,113.0177001953125,114.01753997802734,113.0177001953125,108.07405090332031,108.07405090332031,109.1650161743164,109.45775604248047,112.00892639160156,107.67079162597656,112.14722442626953,114.98260498046875,112.00892639160156,116.10771179199219,107.91200256347656,115.1173324584961,111.64676666259766,111.87940216064453,109.45775604248047,106.79419708251953,105.47511291503906,100.7174301147461,100.60317993164062,99.32270812988281,96.33275604248047,95.18928527832031,95.08417510986328,90.19977569580078,89.27485656738281,86.02325439453125,85.09406280517578,85.0058822631836,83.02409362792969,81.0,81.00617218017578,76.0,77.02597045898438,76.05918884277344,79.10120391845703,79.15807342529297,76.94153594970703,79.83106994628906,79.12016296386719,73.73601531982422
0,-36,-95,12,35,118.06777954101562,119.01260375976562,127.38916778564453,121.74153137207031,122.65398406982422,112.80514526367188,116.86744689941406,115.55085754394531,114.63420104980469,117.38824462890625,109.93180084228516,111.6646728515625,113.54734802246094,109.41663360595703,108.811767578125,111.12605285644531,108.66921997070312,110.11357879638672,110.0227279663086,114.97825622558594,111.82575988769531,117.38824462890625,110.16351318359375,111.83023071289062,112.08924865722656,110.86027526855469,108.17115783691406,108.811767578125,103.16007232666016,103.74005889892578,98.37174224853516,101.83319854736328,98.97979736328125,96.76776123046875,95.2732925415039,93.30059051513672,90.13877868652344,87.09190368652344,85.61541748046875,83.00602722167969,82.46211242675781,81.93900299072266,81.93900299072266,76.967529296875,76.967529296875,75.64390563964844,75.13321685791016,78.892333984375,79.07591247558594,79.6303939819336,75.82215881347656,74.96665954589844
0,-36,-95,12,36,120.33287048339844,123.0812759399414,122.26201629638672,119.2518310546875,119.92080688476562,119.2518310546875,117.34138488769531,114.56002807617188,114.56002807617188,115.44696044921875,112.05802154541016,112.5877456665039,111.46299743652344,110.47624206542969,111.15754699707031,113.0,111.15754699707031,109.55364227294922,112.16059875488281,112.28534698486328,113.44161224365234,113.63538360595703,109.45775604248047,112.44554138183594,112.28534698486328,109.65856170654297,107.78682708740234,110.16805267333984,105.80170440673828,101.11874389648438,101.11874389648438,100.84146118164062,98.15293884277344,96.50906372070312,96.8813705444336,94.20191192626953,91.7823486328125,85.70297241210938,85.70297241210938,84.92938232421875,81.02468872070312,80.28075408935547,79.30951690673828,78.84795379638672,77.6208724975586,74.04052734375,76.843994140625,79.37883758544922,76.967529296875,73.79024505615234,74.4311752319336,75.0
0,-36,-95,13,32,122.1024169921875,124.03628540039062,122.03688049316406,123.14625549316406,121.03718566894531,120.14990997314453,117.0042724609375,117.0,114.00438690185547,112.00446319580078,113.00442504882812,114.28035736083984,114.28035736083984,112.44554138183594,112.44554138183594,112.75193786621094,111.15754699707031,108.18965148925781,114.58621215820312,115.26057434082031,114.42464447021484,115.41230773925781,109.65856170654297,111.46299743652344,115.1173324584961,113.60017395019531,113.1370849609375,109.77249145507812,108.46197509765625,102.70345306396484,101.31633758544922,101.40019989013672,99.60923767089844,97.32933807373047,97.1287841796875,92.13577270507812,91.0494384765625,90.19977569580078,90.04998779296875,86.09297180175781,80.0,81.05553436279297,81.05553436279297,78.0,79.00633239746094,76.02631378173828,77.10382843017578,79.22752380371094,78.51751708984375,74.73285675048828,75.18643188476562,76.89603424072266
0,-38,-95,14,28,120.22062683105469,123.30855560302734,125.89678192138672,124.6795883178711,122.44998931884766,119.88744354248047,119.364990234375,116.46887969970703,115.48593139648438,115.00434875488281,113.17684936523438,113.59577178955078,112.80514526367188,109.77249145507812,110.30865478515625,109.7861557006836,111.0,109.11003875732422,112.27198791503906,113.2254409790039,113.84199523925781,114.17967987060547,110.67971801757812,111.97321319580078,111.94641876220703,109.7861557006836,108.78418731689453,105.6219711303711,105.6219711303711,103.4069595336914,102.78618621826172,101.2422866821289,99.02020263671875,96.5660400390625,92.8493423461914,91.18113708496094,89.69392395019531,86.53900909423828,85.61541748046875,82.46211242675781,79.30951690673828,81.54139709472656,78.79086303710938,78.29431915283203,76.967529296875,76.47875213623047,77.89736938476562,76.15773010253906,76.5506362915039,75.80237579345703,75.1664810180664,74.2765121459961
0,-38,-95,14,28,122.1187973022461,120.76837158203125,127.05904388427734,122.54386901855469,123.00406646728516,117.61802673339844,119.41942596435547,116.29703521728516,114.12712097167969,116.6190414428711,113.74093627929688,113.0177001953125,113.44161224365234,112.32987213134766,110.11357879638672,113.2254409790039,110.42192077636719,111.21150970458984,111.52130126953125,113.70136260986328,114.63420104980469,114.63420104980469,114.20157623291016,112.29425811767578,112.80071258544922,110.42192077636719,107.20074462890625,109.40292358398438,103.81233215332031,104.40306854248047,99.6242904663086,101.25709533691406,97.41663360595703,95.44107818603516,93.19334411621094,94.30270385742188,90.42676544189453,85.98255920410156,84.59905242919922,81.3019027709961,83.35466766357422,79.92496490478516,81.6333236694336,76.15773010253906,78.77182006835938,75.1797866821289,75.58438873291016,76.967529296875,77.2528305053711,78.44743347167969,73.97972869873047,72.56031799316406
0,-38,-95,14,28,123.22337341308594,118.359619140625,125.68611907958984,120.7849349975586,124.19339752197266,117.38824462890625,119.36917877197266,116.76043701171875,116.76043701171875,117.6435317993164,114.17967987060547,114.82595825195312,113.29607391357422,111.2339859008789,107.93516540527344,113.63538360595703,110.0227279663086,112.69871520996094,111.41364288330078,114.12712097167969,113.2519302368164,112.29425811767578,113.14591979980469,112.7696762084961,112.69871520996094,110.90987396240234,107.35455322265625,108.22661590576172,104.65657806396484,105.54619598388672,99.74467468261719,99.76472473144531,98.41239929199219,94.81033325195312,94.3716049194336,94.3716049194336,90.47099304199219,86.8158950805664,85.08818817138672,80.52949523925781,83.38465118408203,78.79086303710938,80.52949523925781,77.077880859375,76.32168579101562,74.09453582763672,75.61084747314453,75.89466094970703,77.6208724975586,76.48529052734375,75.53807067871094,73.00685119628906
0,-36,-95,12,36,122.09013366699219,125.29964447021484,123.89108276367188,128.82546997070312,123.47064208984375,126.11502838134766,122.1024169921875,118.9621810913086,115.87062072753906,114.2365951538086,114.63420104980469,118.30891418457031,117.39250183105469,115.43396759033203,114.17967987060547,114.01753997802734,118.359619140625,116.21101379394531,117.4776611328125,119.64112854003906,116.91449737548828,119.85408020019531,112.80514526367188,116.90166473388672,115.20850372314453,116.41735076904297,115.20850372314453,108.90821838378906,112.05802154541016,105.99056243896484,105.75916290283203,103.07764434814453,103.5857162475586,101.39033508300781,97.26766967773438,94.11163330078125,95.33625030517578,91.21403503417969,86.68333435058594,87.93179321289062,83.24061584472656,84.20214080810547,82.56512451171875,83.81526947021484,81.27114868164062,80.3243408203125,81.59656524658203,80.05622863769531,77.38862609863281,80.13114166259766,82.09750366210938,79.8122787475586
0,-36,-95,12,36,122.64175415039062,127.28314971923828,125.76565551757812,125.13192749023438,123.16655731201172,124.45883178710938,123.16655731201172,120.61923217773438,117.4776611328125,115.20850372314453,117.68601989746094,119.33147430419922,114.56002807617188,113.2254409790039,118.59595489501953,112.89375305175781,116.81181335449219,110.49434661865234,118.30891418457031,117.78369903564453,116.07756042480469,119.23086547851562,116.81181335449219,116.07756042480469,115.31695556640625,114.94781494140625,115.16944122314453,112.00892639160156,110.13627624511719,107.33592224121094,107.83784484863281,105.10946655273438,103.73042297363281,100.24469757080078,98.03060913085938,90.13877868652344,96.16651916503906,90.13877868652344,88.8875732421875,89.02246856689453,83.52245330810547,87.36132049560547,80.65357971191406,82.46211242675781,81.4923324584961,78.85429382324219,79.62411499023438,80.8949966430664,79.5110092163086,79.15807342529297,80.0062484741211,80.62257385253906
0,-38,-95,14,27,120.2081527709961,121.14866638183594,122.00409698486328,121.49073791503906,121.49073791503906,117.65203094482422,116.10771179199219,115.16944122314453,115.16944122314453,112.53887939453125,112.00446319580078,112.30760955810547,111.35977935791016,109.59014892578125,108.24047088623047,107.91200256347656,109.93180084228516,107.04204559326172,110.13627624511719,110.45361328125,109.93180084228516,113.53413391113281,109.93180084228516,110.67520141601562,111.64676666259766,108.4066390991211,107.91200256347656,104.44615936279297,103.07764434814453,101.212646484375,98.0051040649414,96.64884948730469,95.7131118774414,93.471923828125,93.02149963378906,89.89437866210938,88.54942321777344,84.07734680175781,83.67198181152344,82.3468246459961,79.62411499023438,77.87811279296875,78.29431915283203,76.15773010253906,75.61084747314453,73.73601531982422,73.68174743652344,75.28611755371094,75.92759704589844,75.50496673583984,75.42546081542969,75.0
0,-36,-95,12,35,115.67626953125,117.88977813720703,115.96551513671875,119.54078674316406,118.1524429321289,115.108642578125,114.28472900390625,114.28035736083984,109.29318237304688,110.14535522460938,105.67875671386719,112.00446319580078,110.01818084716797,106.45186614990234,105.99056243896484,106.6208267211914,109.93180084228516,106.10372161865234,111.42710876464844,109.5627670288086,111.61540985107422,111.08555603027344,109.93180084228516,111.6646728515625,107.93516540527344,109.5627670288086,107.15409088134766,103.87010955810547,105.60302734375,97.98979187011719,98.84330749511719,98.89894104003906,98.38699340820312,97.04637908935547,93.02149963378906,89.44271850585938,88.54942321777344,85.42247772216797,85.47514343261719,81.43709564208984,78.39005279541016,80.13114166259766,78.77182006835938,76.32168579101562,72.40165710449219,72.67048645019531,72.67048645019531,76.02631378173828,76.216796875,75.74298858642578,76.41989135742188,75.60423278808594
0,-36,-95,11,40,121.27654266357422,121.04957580566406,129.43724060058594,125.63439178466797,123.55565643310547,123.0,123.76187133789062,118.86967468261719,118.86967468261719,119.68291473388672,116.7261734008789,117.23907470703125,114.52947235107422,113.74533081054688,114.43775939941406,115.15641784667969,113.0177001953125,112.16059875488281,115.01738739013672,116.00431060791016,116.03878784179688,115.00434875488281,114.1095962524414,116.03878784179688,112.1115493774414,115.108642578125,113.11056518554688,110.11357879638672,108.16654205322266,109.45775604248047,103.31021118164062,101.40019989013672,101.59724426269531,99.40824890136719,97.86725616455078,96.17691802978516,91.92388153076172,88.81441497802734,85.84288024902344,85.98837280273438,87.29833984375,87.4757080078125,82.03657531738281,78.64476776123047,79.07591247558594,80.04998779296875,79.30951690673828,79.4040298461914,81.59656524658203,77.87811279296875,79.25907135009766,76.27581787109375
0,-38,-95,15,24,119.33147430419922,118.1270523071289,123.0,119.33147430419922,120.7849349975586,116.18089294433594,118.1270523071289,114.97825622558594,112.5877456665039,115.31695556640625,111.80339813232422,110.16805267333984,108.77959442138672,108.66461944580078,106.56922912597656,112.16059875488281,106.04244232177734,109.04127502441406,109.0,110.04090118408203,109.11461639404297,112.04016876220703,110.07270050048828,112.00446319580078,109.04127502441406,107.07473754882812,105.01904296875,106.07544708251953,102.04410552978516,101.12368774414062,98.08159637451172,97.18538665771484,97.32933807373047,93.34345245361328,91.3509750366211,88.20430755615234,87.20664978027344,84.2140121459961,83.21658325195312,80.39900207519531,79.6303939819336,76.53103637695312,77.5241928100586,75.53807067871094,75.66372680664062,74.14849853515625,73.54590606689453,73.97972869873047,74.21590423583984,74.0,73.53910827636719,72.06941223144531
0,-36,-95,11,40,118.19052124023438,122.57650756835938,122.67436218261719,126.73200225830078,122.57650756835938,122.57650756835938,122.67436218261719,119.85408020019531,116.93160247802734,114.63420104980469,114.80853271484375,114.85643005371094,115.67626953125,115.6633071899414,117.32433319091797,114.0570068359375,116.46887969970703,109.07795715332031,119.8832778930664,119.41942596435547,115.10430145263672,119.0,113.2519302368164,116.29703521728516,117.33712005615234,115.97413635253906,113.2519302368164,108.4066390991211,111.50785064697266,105.81587982177734,108.0462875366211,104.44615936279297,103.44564056396484,101.87246704101562,98.47842407226562,93.29522705078125,91.4166259765625,89.1852035522461,89.04492950439453,89.58794403076172,83.21658325195312,85.98255920410156,80.80223083496094,84.40379333496094,79.88116455078125,79.2022705078125,76.83749389648438,80.43009185791016,78.74642944335938,79.24645233154297,79.64923095703125,76.00657653808594
0,-36,-95,12,36,122.3315200805664,123.82245635986328,123.30855560302734,126.57013702392578,123.30855560302734,119.57006072998047,119.70797729492188,118.20744323730469,118.53269958496094,115.83609008789062,114.93476104736328,116.7775650024414,115.55085754394531,116.07756042480469,114.23221588134766,114.82595825195312,114.48143768310547,114.17967987060547,117.0469970703125,116.21101379394531,116.48175811767578,119.36917877197266,117.34138488769531,117.17507934570312,117.34138488769531,115.13470458984375,112.36102294921875,111.40017700195312,109.63575744628906,104.69479370117188,105.6503677368164,109.4805908203125,102.78618621826172,97.71898651123047,97.71898651123047,93.68030548095703,91.39474487304688,90.13877868652344,90.82400512695312,85.38150024414062,84.50444030761719,83.48652648925781,84.75848388671875,81.93289947509766,82.63776397705078,79.30951690673828,81.70679473876953,80.11241912841797,80.13114166259766,81.12335968017578,78.23681640625,75.74298858642578
0,-38,-95,14,27,121.14866638183594,118.1524429321289,122.1024169921875,120.20399475097656,121.14866638183594,116.2755355834961,117.20921325683594,114.15778350830078,114.15778350830078,112.07140350341797,112.00446319580078,111.00450134277344,111.11255645751953,111.11255645751953,107.11676025390625,107.29864501953125,107.67079162597656,107.56393432617188,109.03668975830078,111.7586669921875,111.44953918457031,111.64676666259766,107.56393432617188,110.02726745605469,108.5587387084961,109.65856170654297,106.30146026611328,104.23531341552734,103.23758697509766,100.4987564086914,98.12747192382812,97.08243560791016,96.08329772949219,93.02149963378906,93.02149963378906,89.005615234375,88.0511245727539,85.0,85.0,80.0,80.0062484741211,78.00640869140625,78.00640869140625,75.1065902709961,75.23961639404297,74.3303451538086,72.44308471679688,74.96665954589844,73.34848022460938,73.75635528564453,71.7844009399414,73.82411193847656
0,-36,-95,12,36,123.06502532958984,124.08464813232422,126.11502838134766,124.33824920654297,124.33824920654297,118.9621810913086,121.6429214477539,117.72000885009766,116.73046112060547,116.84605407714844,114.12712097167969,117.99152374267578,116.81181335449219,113.71894836425781,113.44161224365234,117.4137954711914,111.21150970458984,112.80071258544922,113.70136260986328,118.22859191894531,115.42096710205078,118.22859191894531,116.21101379394531,119.33147430419922,115.0,115.60276794433594,113.60017395019531,112.41441345214844,107.41508483886719,107.00466918945312,106.40018463134766,104.40306854248047,102.00489807128906,96.83490753173828,97.90811920166016,96.02082824707031,94.04785919189453,91.52595520019531,90.73587799072266,86.53323364257812,88.5098876953125,82.37718200683594,83.86298370361328,81.6333236694336,80.4549560546875,80.62257385253906,79.15807342529297,82.2982406616211,82.07923126220703,81.27114868164062,80.77747344970703,82.03657531738281
0,-36,-95,12,35,119.64112854003906,118.60016632080078,121.29715728759766,121.03718566894531,118.40608215332031,116.48175811767578,117.63077545166016,115.69355773925781,111.83023071289062,114.97825622558594,111.40017700195312,113.35784149169922,109.83624267578125,107.05606079101562,109.03668975830078,109.29318237304688,111.28791809082031,107.46627044677734,114.28035736083984,114.15778350830078,114.21470642089844,111.22050476074219,112.53887939453125,114.28035736083984,112.44554138183594,112.53887939453125,108.5587387084961,107.56393432617188,104.69001770019531,104.47966003417969,100.12991333007812,100.4987564086914,98.73196411132812,95.88534545898438,93.90420532226562,90.25519561767578,92.77930450439453,86.97700500488281,85.5102310180664,84.34452819824219,82.56512451171875,82.22530364990234,80.80841827392578,77.87811279296875,78.33900451660156,79.55501556396484,77.88452911376953,78.10890197753906,77.077880859375,79.62411499023438,76.66159057617188,77.0064926147461
0,-36,-95,12,36,114.06138610839844,116.46887969970703,119.10079956054688,118.53269958496094,117.20068359375,115.45128631591797,116.46887969970703,111.89280700683594,110.30865478515625,109.93180084228516,110.13627624511719,108.46658325195312,111.3193588256836,105.6503677368164,104.8093490600586,110.85575866699219,105.11898040771484,107.87029266357422,108.85311126708984,110.42192077636719,109.44404602050781,109.04127502441406,110.81967163085938,109.65856170654297,107.70793914794922,108.67382049560547,105.11898040771484,103.16007232666016,102.9611587524414,100.62306213378906,100.66280364990234,99.04039764404297,95.90099334716797,92.19544219970703,92.41753387451172,87.55569458007812,90.24411010742188,85.90692901611328,81.4923324584961,81.25269317626953,80.52328491210938,79.07591247558594,79.30951690673828,77.36924743652344,75.0,73.38937377929688,74.94664764404297,74.67261505126953,74.73285675048828,76.47875213623047,74.94664764404297,74.02702331542969
0,-36,-95,12,35,119.70797729492188,114.38968658447266,122.67436218261719,116.28413391113281,116.10771179199219,112.68096923828125,114.90866088867188,110.14535522460938,107.91200256347656,107.82392883300781,110.9414291381836,108.67382049560547,107.54068756103516,105.7024154663086,104.54663848876953,107.70329284667969,104.67568969726562,109.7861557006836,107.51744079589844,110.36756896972656,112.94689178466797,111.6646728515625,111.6646728515625,112.27198791503906,110.38568878173828,107.33592224121094,104.75209045410156,105.84894561767578,101.0197982788086,104.06248474121094,97.69339752197266,99.5389404296875,95.75489807128906,93.94147491455078,93.94147491455078,90.87353515625,86.92525482177734,81.93900299072266,82.3468246459961,79.62411499023438,79.15807342529297,75.58438873291016,80.95059967041016,73.35530090332031,77.89736938476562,75.59100341796875,73.49829864501953,74.88658142089844,75.60423278808594,76.83749389648438,74.95331573486328,75.28611755371094
0,-36,-95,12,36,122.14745330810547,122.91867065429688,127.91403198242188,126.50691986083984,128.68954467773438,122.91867065429688,123.8466796875,115.6243896484375,117.59251403808594,118.92855072021484,116.04309844970703,113.84638977050781,116.7775650024414,111.8659896850586,114.02192687988281,115.6243896484375,114.40279388427734,110.2587890625,115.60276794433594,116.03878784179688,116.82465362548828,118.69709014892578,114.63420104980469,116.01724243164062,116.21101379394531,114.80853271484375,115.60276794433594,111.39569091796875,108.70602416992188,108.07405090332031,104.23531341552734,102.72779846191406,103.71113586425781,99.2471694946289,97.67292022705078,95.01578521728516,94.3663101196289,89.1964111328125,89.3756103515625,86.45230102539062,86.27861785888672,82.07313537597656,83.48652648925781,78.49203491210938,79.24645233154297,78.56844329833984,81.46778869628906,79.5110092163086,77.801025390625,79.4040298461914,81.4923324584961,78.18567657470703
0,-36,-95,12,35,118.00423431396484,119.57006072998047,118.84864044189453,119.10499572753906,118.84864044189453,115.44696044921875,115.69355773925781,114.4770736694336,113.78048706054688,111.40017700195312,110.63453674316406,108.85311126708984,109.32977294921875,110.02726745605469,106.67708587646484,106.30146026611328,109.45775604248047,105.23307800292969,108.11567687988281,111.11255645751953,111.22050476074219,114.07015228271484,108.22661590576172,109.1650161743164,109.29318237304688,106.47064971923828,107.11676025390625,106.56922912597656,103.5857162475586,98.50888061523438,99.72462463378906,97.51409912109375,95.52486419677734,94.8946762084961,93.90420532226562,87.82368469238281,88.6453628540039,84.34452819824219,84.34452819824219,82.37718200683594,78.26238250732422,81.21575927734375,79.62411499023438,77.27871704101562,75.50496673583984,73.97972869873047,76.65507507324219,79.4040298461914,73.38937377929688,76.967529296875,75.29276275634766,73.23933410644531
0,-36,-95,12,35,117.17507934570312,121.03718566894531,118.68024444580078,120.07081604003906,118.9621810913086,118.40608215332031,116.21101379394531,116.09048461914062,113.88591003417969,110.38568878173828,112.27198791503906,112.94689178466797,111.08555603027344,112.16059875488281,110.07270050048828,109.59014892578125,111.80339813232422,106.89247131347656,114.49017333984375,112.8716049194336,112.7696762084961,114.94781494140625,111.41364288330078,111.01801300048828,111.82575988769531,112.2541732788086,110.01818084716797,104.27847290039062,105.99056243896484,104.65657806396484,103.36827087402344,98.84330749511719,101.23734283447266,95.2732925415039,96.66436767578125,90.87353515625,90.62008666992188,86.40602111816406,85.61541748046875,84.15461730957031,81.3449478149414,82.2800064086914,82.2800064086914,79.37883758544922,80.99382781982422,74.63243103027344,78.74642944335938,78.58753204345703,77.10382843017578,80.7527084350586,78.05767059326172,79.00633239746094
0,-36,-95,12,36,120.95040130615234,127.02755737304688,126.77933502197266,124.5351333618164,121.26417541503906,121.26417541503906,121.79490661621094,118.3385009765625,117.4776611328125,116.46887969970703,118.3385009765625,114.06138610839844,111.89280700683594,110.07270050048828,112.80514526367188,114.58621215820312,114.82595825195312,112.94689178466797,114.7911148071289,117.34138488769531,118.00423431396484,113.2254409790039,114.17967987060547,114.7911148071289,115.7410888671875,113.52973175048828,114.48143768310547,106.89247131347656,111.62885284423828,106.28263854980469,104.67568969726562,102.14205932617188,103.09219360351562,99.6242904663086,97.14422607421875,96.2081069946289,91.18113708496094,89.31964874267578,86.53900909423828,86.72946166992188,84.30895233154297,85.61541748046875,79.2022705078125,81.93900299072266,78.39005279541016,78.79086303710938,78.26238250732422,79.15807342529297,81.12335968017578,80.21221923828125,76.83749389648438,77.077880859375
0,-36,-95,11,39,118.11858367919922,118.59595489501953,124.34226989746094,122.1187973022461,121.23530578613281,115.60276794433594,118.59595489501953,114.90866088867188,114.38968658447266,116.50321960449219,112.36102294921875,112.64546203613281,112.20071411132812,110.60289001464844,105.80170440673828,110.8873291015625,109.34349822998047,108.57716369628906,113.2784194946289,114.69088745117188,110.63453674316406,113.95174407958984,110.8873291015625,113.95174407958984,112.60994720458984,110.7519760131836,107.05606079101562,108.57716369628906,105.75916290283203,107.93516540527344,98.71676635742188,105.11898040771484,98.08159637451172,98.23441314697266,94.40338897705078,94.81033325195312,89.40357971191406,87.00574493408203,85.21150207519531,83.23461151123047,83.24061584472656,79.32212829589844,81.60882568359375,77.93586730957031,77.38862609863281,77.38862609863281,75.66372680664062,80.52949523925781,75.1531753540039,76.69419860839844,75.89466094970703,72.7804946899414
0,-36,-95,12,36,120.10411834716797,122.14745330810547,121.82774353027344,124.19742584228516,121.51131439208984,119.20570373535156,116.2755355834961,116.18089294433594,112.43220520019531,113.21660614013672,110.39022064208984,112.43220520019531,113.21660614013672,112.04463195800781,111.39569091796875,107.80074310302734,109.40292358398438,109.4805908203125,115.67626953125,111.25196838378906,112.41441345214844,113.71894836425781,108.00463104248047,112.89375305175781,115.20850372314453,109.20164489746094,111.25196838378906,106.25440979003906,106.60675048828125,105.0,103.00485229492188,101.212646484375,99.20181274414062,96.40020751953125,96.04686737060547,93.23625946044922,91.21403503417969,87.80091094970703,85.04116821289062,85.79627227783203,83.09632873535156,81.05553436279297,79.64923095703125,78.8733139038086,78.8733139038086,77.8331527709961,76.38062286376953,79.19596099853516,75.92759704589844,77.20103454589844,74.09453582763672,76.47875213623047
0,-36,-95,12,35,119.92080688476562,117.0469970703125,119.2518310546875,118.00423431396484,116.76043701171875,111.97321319580078,116.09048461914062,112.60550689697266,112.27198791503906,111.42710876464844,109.5627670288086,106.6208267211914,108.25894927978516,109.59014892578125,105.58882141113281,109.65856170654297,107.04204559326172,108.5587387084961,109.07795715332031,109.07795715332031,111.3058853149414,113.53413391113281,111.1395492553711,111.51681518554688,111.64676666259766,110.98197937011719,107.70329284667969,106.55046081542969,100.84642028808594,101.71037292480469,97.24710845947266,97.6166000366211,97.1287841796875,93.4772720336914,93.4772720336914,91.30169677734375,89.06739044189453,86.35391998291016,85.8836441040039,82.36504364013672,83.18653869628906,76.92203521728516,78.26238250732422,75.1531753540039,76.48529052734375,75.64390563964844,73.53910827636719,74.67261505126953,74.3303451538086,73.49829864501953,74.96665954589844,74.1687240600586
0,-36,-95,12,36,115.3126220703125,123.04470825195312,121.16517639160156,120.93386840820312,115.97413635253906,118.08895111083984,119.60350799560547,114.69088745117188,114.8651351928711,111.52130126953125,112.29425811767578,113.0707778930664,110.67971801757812,107.64757537841797,111.83023071289062,108.22661590576172,109.77249145507812,107.70329284667969,112.29425811767578,113.3710708618164,112.50777435302734,115.10430145263672,109.60382843017578,109.41663360595703,111.3058853149414,112.00446319580078,108.0462875366211,105.47511291503906,106.67708587646484,101.87246704101562,101.78899383544922,101.0197982788086,97.75479888916016,94.87360382080078,95.96353149414062,92.35800170898438,90.13877868652344,86.02325439453125,85.70297241210938,80.80223083496094,83.48652648925781,82.6619644165039,78.60025787353516,80.0,78.4091796875,77.6208724975586,75.28611755371094,76.5767593383789,76.38062286376953,77.8331527709961,75.60423278808594,76.15773010253906
0,-36,-95,12,36,122.38463592529297,122.38463592529297,128.51458740234375,120.70211029052734,124.61540985107422,117.17507934570312,122.00409698486328,117.39250183105469,116.70903778076172,118.2708740234375,117.6435317993164,114.28472900390625,117.443603515625,111.57060241699219,109.65856170654297,117.88553619384766,110.3177261352539,115.7410888671875,113.1370849609375,117.23907470703125,116.55899810791016,117.09825134277344,116.4001693725586,117.09825134277344,115.7410888671875,114.42464447021484,111.3058853149414,113.60017395019531,107.87029266357422,108.34204864501953,102.42070007324219,102.18121337890625,102.18121337890625,100.22474670410156,97.98469543457031,96.69022369384766,91.98369598388672,89.49860382080078,88.0738296508789,83.43260955810547,88.32327270507812,81.78630828857422,82.22530364990234,82.2800064086914,80.36167907714844,79.8122787475586,79.37883758544922,81.27114868164062,81.54139709472656,79.15807342529297,77.69813537597656,77.46611785888672
0,-36,-95,12,36,118.00423431396484,123.3693618774414,120.50311279296875,128.31600952148438,117.72000885009766,123.0162582397461,115.76700592041016,118.92855072021484,116.37869262695312,109.00458526611328,116.81181335449219,117.0,111.89280700683594,112.25862884521484,110.98197937011719,112.29425811767578,115.76268768310547,108.4066390991211,115.76268768310547,114.0570068359375,115.76268768310547,113.87712860107422,110.7880859375,115.12167358398438,112.8716049194336,113.3710708618164,109.60382843017578,108.5587387084961,112.50777435302734,101.0197982788086,104.70912170410156,101.71037292480469,102.72779846191406,98.61541748046875,96.17691802978516,91.4166259765625,93.91485595703125,89.005615234375,86.76981353759766,86.35391998291016,78.72102355957031,84.53401947021484,80.13114166259766,81.39410400390625,79.15807342529297,77.47257232666016,76.967529296875,80.65357971191406,75.96051788330078,78.10249328613281,76.68767547607422,76.41989135742188
0,-36,-95,12,35,118.00423431396484,122.01639556884766,120.10411834716797,124.10076904296875,117.068359375,120.066650390625,115.15641784667969,114.73883056640625,115.6243896484375,111.87940216064453,113.63538360595703,113.28282928466797,112.14722442626953,108.06016540527344,110.0227279663086,111.40017700195312,111.82575988769531,109.1421127319336,110.72488403320312,113.2254409790039,112.57886505126953,112.36102294921875,111.12605285644531,110.72488403320312,111.57060241699219,112.08924865722656,112.36102294921875,108.17115783691406,107.20074462890625,102.1077880859375,102.1077880859375,103.3247299194336,98.23441314697266,94.5938720703125,95.56673431396484,91.21403503417969,91.24143981933594,88.0738296508789,88.1192398071289,81.58431243896484,81.39410400390625,84.34452819824219,79.90619659423828,79.90619659423828,77.92945861816406,77.10382843017578,78.77182006835938,78.31346893310547,75.05997467041016,78.16009521484375,77.41446685791016,79.62411499023438
0,-36,-95,12,35,119.07980346679688,125.15989685058594,118.71394348144531,125.02799987792969,118.82760620117188,122.69066619873047,119.07980346679688,115.6243896484375,114.62983703613281,112.1115493774414,115.108642578125,112.04016876220703,111.00450134277344,113.0177001953125,112.1115493774414,111.11255645751953,113.44161224365234,107.29864501953125,112.75193786621094,115.52488708496094,114.43775939941406,115.52488708496094,106.79419708251953,112.75193786621094,115.97413635253906,112.64102172851562,112.53887939453125,104.23531341552734,109.29318237304688,102.31324768066406,105.1712875366211,98.32598876953125,97.08243560791016,95.18928527832031,99.02020263671875,92.04889678955078,92.13577270507812,88.14192962646484,87.09190368652344,87.02298736572266,80.0,85.05292510986328,79.00633239746094,85.0,80.02499389648438,77.23341369628906,78.16009521484375,79.30951690673828,78.08969116210938,78.44743347167969,79.55501556396484,77.6208724975586
0,-36,-95,12,35,117.61377716064453,117.20921325683594,120.50311279296875,120.26637268066406,117.51595306396484,117.51595306396484,114.62983703613281,113.99122619628906,109.77249145507812,110.64356994628906,114.2716064453125,107.48953247070312,109.88175201416016,109.1421127319336,105.75916290283203,110.16351318359375,107.56393432617188,107.85638427734375,107.83784484863281,112.27198791503906,111.3193588256836,111.97321319580078,108.811767578125,111.62885284423828,112.92918395996094,109.4805908203125,103.74005889892578,107.2800064086914,101.92153930664062,100.42410278320312,101.39033508300781,97.52947998046875,99.45853424072266,95.07891082763672,94.3663101196289,90.9560317993164,91.21951293945312,85.37564086914062,87.09764862060547,83.19855499267578,80.60397338867188,80.41144561767578,79.24645233154297,76.11833190917969,76.65507507324219,76.65507507324219,75.42546081542969,76.2364730834961,74.02702331542969,78.05767059326172,74.1687240600586,73.16419982910156
0,-36,-95,12,35,117.72000885009766,113.44161224365234,121.59358215332031,116.96580505371094,116.5203857421875,112.75193786621094,114.62983703613281,113.21660614013672,111.28791809082031,112.04016876220703,109.04127502441406,106.01886749267578,108.04165649414062,107.07473754882812,106.11785888671875,108.5587387084961,105.68348693847656,108.5587387084961,107.05606079101562,112.8716049194336,112.8716049194336,109.77249145507812,107.91200256347656,109.17874908447266,112.00892639160156,107.91200256347656,103.81714630126953,106.56922912597656,102.70345306396484,98.61541748046875,100.4987564086914,100.4987564086914,95.52486419677734,94.19129180908203,94.08506774902344,90.19977569580078,90.27181243896484,84.05355072021484,85.09406280517578,80.05622863769531,81.05553436279297,78.00640869140625,79.10120391845703,76.00657653808594,77.0064926147461,74.00675964355469,76.02631378173828,76.16429901123047,78.4091796875,75.95393371582031,73.97972869873047,74.3303451538086
0,-36,-95,12,35,122.3315200805664,123.7457046508789,121.6552505493164,122.3315200805664,120.24142456054688,122.34786224365234,120.93386840820312,114.76933288574219,116.7775650024414,112.16059875488281,115.43396759033203,112.44554138183594,113.81124877929688,112.20071411132812,112.20071411132812,111.01801300048828,111.51681518554688,109.28861236572266,114.0570068359375,114.0570068359375,114.0570068359375,118.84864044189453,111.51681518554688,115.24755859375,112.89818572998047,113.74093627929688,111.51681518554688,109.28861236572266,109.28861236572266,103.46980285644531,104.62313079833984,103.46980285644531,100.20977783203125,94.30270385742188,97.80081939697266,94.40338897705078,91.83136749267578,87.00574493408203,88.09085845947266,85.2760238647461,84.50444030761719,83.86894226074219,79.8122787475586,82.97589874267578,81.46778869628906,77.89736938476562,77.89736938476562,78.56844329833984,77.98717498779297,79.2022705078125,76.85050201416016,78.26238250732422
0,-36,-95,12,36,121.26417541503906,120.22062683105469,125.93649291992188,128.47178649902344,127.62445068359375,118.19052124023438,121.79490661621094,120.95040130615234,118.72657775878906,118.4609603881836,117.0042724609375,115.25623321533203,115.6243896484375,114.02192687988281,113.95174407958984,116.7261734008789,111.73181915283203,111.01801300048828,115.36463928222656,116.69190216064453,118.80236053466797,119.50313568115234,116.69190216064453,117.59251403808594,118.86967468261719,113.89907836914062,113.84638977050781,111.72286987304688,109.62207794189453,107.48953247070312,106.8877944946289,107.48953247070312,104.66136169433594,96.26006317138672,97.67292022705078,98.2903823852539,96.26006317138672,91.21951293945312,88.39117431640625,84.95881652832031,88.45903015136719,84.95881652832031,84.89994049072266,80.80841827392578,81.83519744873047,79.02531433105469,80.60397338867188,79.6303939819336,80.44873809814453,80.13114166259766,79.62411499023438,79.05693817138672
0,-36,-95,11,39,121.6552505493164,116.29703521728516,121.43310546875,121.70867156982422,124.42266845703125,116.29703521728516,118.11858367919922,113.6485824584961,116.10771179199219,117.13667297363281,110.45361328125,113.53413391113281,110.38568878173828,112.32987213134766,108.22661590576172,112.00446319580078,109.34349822998047,110.8873291015625,113.454833984375,113.35784149169922,113.70136260986328,116.38728332519531,112.61438751220703,114.69088745117188,112.44554138183594,110.42192077636719,108.85311126708984,111.21150970458984,104.40306854248047,106.66770935058594,100.20977783203125,103.00485229492188,100.20977783203125,97.41663360595703,94.86833190917969,94.86833190917969,91.52595520019531,88.20430755615234,83.00602722167969,83.48652648925781,82.49242401123047,81.6333236694336,81.83519744873047,76.66159057617188,77.41446685791016,78.77182006835938,76.48529052734375,77.38862609863281,76.5506362915039,78.44743347167969,77.87811279296875,77.78174591064453
0,-38,-95,14,28,122.93087768554688,123.8587875366211,124.6515121459961,124.23365020751953,123.49089050292969,120.70211029052734,121.07848358154297,117.17507934570312,116.81181335449219,115.7410888671875,114.48143768310547,112.36102294921875,114.01753997802734,112.05802154541016,111.3238525390625,112.5877456665039,111.80339813232422,109.65856170654297,114.2716064453125,113.60017395019531,114.93476104736328,115.91807556152344,111.00450134277344,114.12712097167969,113.60017395019531,109.65856170654297,110.0227279663086,107.07940673828125,104.92378234863281,101.78899383544922,102.18121337890625,101.86756134033203,97.98469543457031,95.8018798828125,94.11163330078125,92.89241027832031,90.24411010742188,87.32124328613281,86.58522033691406,84.20214080810547,82.2800064086914,81.32035064697266,80.36167907714844,77.16217041015625,77.16217041015625,75.61084747314453,76.15773010253906,76.55716705322266,75.1531753540039,77.82672882080078,74.625732421875,74.65252685546875
0,-36,-95,12,36,121.01652526855469,120.066650390625,123.2598876953125,125.03599548339844,122.1024169921875,118.10588836669922,117.34564208984375,114.28035736083984,116.43023681640625,113.44161224365234,112.64102172851562,112.75193786621094,111.3058853149414,113.28282928466797,109.4897232055664,110.0227279663086,109.1421127319336,108.90821838378906,115.44696044921875,113.05308532714844,113.50770568847656,115.44696044921875,112.05802154541016,111.3238525390625,111.83023071289062,111.61093139648438,111.08555603027344,105.5367202758789,107.48953247070312,101.43470764160156,101.60708618164062,100.44898986816406,98.84330749511719,100.44898986816406,96.50906372070312,92.22798156738281,90.79647827148438,91.92388153076172,84.85281372070312,83.6002426147461,81.39410400390625,77.64663696289062,81.61495208740234,79.15807342529297,76.16429901123047,77.16217041015625,77.02597045898438,80.02499389648438,79.15807342529297,80.62257385253906,73.16419982910156,74.94664764404297
0,-36,-95,12,36,121.01652526855469,128.00390625,128.015625,127.00393676757812,122.03688049316406,122.0,122.0,118.06777954101562,117.068359375,114.3547134399414,114.1095962524414,116.5203857421875,114.73883056640625,114.98260498046875,114.2716064453125,113.28282928466797,116.4989242553711,111.98660278320312,116.92733001708984,116.41735076904297,116.18089294433594,115.95257568359375,114.54257202148438,114.97825622558594,114.75626373291016,114.93476104736328,111.98660278320312,109.04127502441406,110.64356994628906,104.13932800292969,104.7377700805664,105.11898040771484,101.43470764160156,101.78899383544922,99.46356201171875,94.20191192626953,91.3509750366211,88.36288452148438,87.69264221191406,88.6848373413086,83.48652648925781,83.72574615478516,84.59314727783203,80.39900207519531,81.49846649169922,79.22752380371094,81.05553436279297,80.0062484741211,79.10120391845703,81.49846649169922,78.85429382324219,79.05693817138672
0,-36,-95,12,36,125.41929626464844,119.62023162841797,124.85191345214844,127.20063018798828,124.20144653320312,120.8014907836914,121.60591888427734,117.8006820678711,116.01724243164062,118.1524429321289,117.34564208984375,113.0177001953125,116.36150360107422,111.41364288330078,112.00446319580078,116.29703521728516,113.63538360595703,112.25862884521484,116.86744689941406,115.45128631591797,114.94781494140625,115.45128631591797,114.06138610839844,116.36150360107422,114.93476104736328,114.93476104736328,112.25862884521484,109.56732940673828,106.43777465820312,110.46266174316406,101.53324890136719,102.4743881225586,100.7223892211914,99.4786376953125,97.24710845947266,94.15412902832031,92.43917083740234,88.32327270507812,85.75546264648438,85.4400405883789,84.05950164794922,84.05950164794922,83.21658325195312,81.02468872070312,78.81623840332031,80.0,81.05553436279297,80.80841827392578,79.20858764648438,79.93122100830078,79.64923095703125,76.85050201416016
0,-36,-95,12,35,117.0341796875,120.6150894165039,117.51595306396484,122.02458953857422,116.2755355834961,119.97083282470703,117.68601989746094,117.59251403808594,114.76933288574219,108.90362548828125,112.43220520019531,112.44998931884766,111.8659896850586,107.71257781982422,109.98636627197266,109.4805908203125,112.80071258544922,110.0,110.80162811279297,116.01724243164062,115.0,115.0,111.40017700195312,114.85643005371094,112.20071411132812,111.04053497314453,110.0,106.82696533203125,107.80074310302734,102.00489807128906,103.85566711425781,101.40019989013672,98.08159637451172,93.7229995727539,92.8493423461914,90.68627166748047,88.72992706298828,84.95881652832031,85.2760238647461,83.48652648925781,80.80841827392578,78.74642944335938,79.30951690673828,81.32035064697266,79.19596099853516,76.3675308227539,77.79460144042969,77.23341369628906,76.83749389648438,77.20103454589844,75.29276275634766,74.32361602783203
0,-36,-95,12,34,114.72576141357422,110.11357879638672,115.69355773925781,114.98260498046875,110.86027526855469,108.17115783691406,109.3846435546875,105.26158142089844,106.48004150390625,104.3455810546875,103.16007232666016,102.25947570800781,103.81714630126953,103.24727630615234,101.11874389648438,100.84146118164062,102.31324768066406,104.3886947631836,105.11898040771484,106.169677734375,102.39628601074219,107.29864501953125,102.23991394042969,104.23531341552734,104.30723571777344,104.17293548583984,101.49384307861328,99.50376892089844,100.84146118164062,97.51409912109375,92.39588928222656,95.18928527832031,96.02603912353516,89.26925659179688,89.10667419433594,84.34452819824219,83.54639434814453,80.23091888427734,82.37718200683594,77.66595458984375,78.85429382324219,77.1297607421875,75.92759704589844,73.00685119628906,72.53275299072266,70.88018035888672,71.84010314941406,73.68174743652344,70.7742919921875,72.01388549804688,71.86793518066406,70.80254364013672
0,-36,-95,12,35,121.20230865478516,122.40914916992188,123.1015853881836,121.26417541503906,120.10411834716797,118.1524429321289,118.06777954101562,117.0042724609375,116.00431060791016,115.01738739013672,114.07015228271484,113.00442504882812,111.07205200195312,111.11255645751953,111.22050476074219,112.44554138183594,114.85643005371094,108.77959442138672,114.58621215820312,115.1173324584961,113.1370849609375,113.1370849609375,112.75193786621094,114.2716064453125,113.74533081054688,113.99122619628906,110.3177261352539,105.80170440673828,108.77959442138672,107.78682708740234,102.31324768066406,99.2471694946289,100.12492370605469,98.18350219726562,97.08243560791016,94.13288116455078,90.0888442993164,88.0227279663086,87.02298736572266,86.02325439453125,83.02409362792969,83.00602722167969,81.02468872070312,80.02499389648438,78.025634765625,80.09993743896484,79.15807342529297,77.64663696289062,79.76214599609375,78.85429382324219,74.3303451538086,77.47257232666016
0,-36,-95,12,36,116.76043701171875,118.9621810913086,121.45780944824219,123.0162582397461,120.50311279296875,118.9621810913086,117.17507934570312,114.01753997802734,116.91449737548828,112.80514526367188,114.75626373291016,110.0227279663086,113.43721008300781,107.51744079589844,111.01801300048828,113.44161224365234,113.28282928466797,110.29052734375,114.07015228271484,113.0707778930664,110.11357879638672,115.108642578125,113.35784149169922,113.11056518554688,114.15778350830078,113.1591796875,110.11357879638672,107.37783813476562,108.29589080810547,101.17806243896484,101.12368774414062,100.4987564086914,101.31633758544922,98.41239929199219,95.52486419677734,92.43917083740234,92.6552734375,87.46427917480469,87.57283020019531,81.39410400390625,80.7527084350586,81.74349975585938,79.76214599609375,79.76214599609375,77.78174591064453,76.94153594970703,77.46611785888672,78.10249328613281,75.69015502929688,79.37883758544922,77.38862609863281,73.57308959960938
0,-38,-95,14,28,121.34249114990234,119.364990234375,123.1787338256836,121.49485778808594,121.49485778808594,116.4001693725586,117.38824462890625,115.1173324584961,115.1173324584961,113.63538360595703,110.45361328125,110.11357879638672,110.01818084716797,110.01818084716797,108.01851654052734,110.00454711914062,108.07405090332031,109.04127502441406,108.16654205322266,112.16059875488281,112.1115493774414,113.0707778930664,112.07140350341797,110.36756896972656,109.11461639404297,110.07270050048828,107.04204559326172,106.01886749267578,102.01960754394531,103.0,99.00505065917969,99.0,98.0,93.0,93.04837799072266,91.0054931640625,88.00568389892578,86.05230712890625,85.09406280517578,81.05553436279297,80.09993743896484,78.16009521484375,79.15807342529297,76.41989135742188,75.53807067871094,75.53807067871094,73.82411193847656,74.52516174316406,73.97972869873047,74.04052734375,73.38937377929688,72.89718627929688
0,-38,-95,14,28,120.61923217773438,119.64112854003906,123.22337341308594,120.83045959472656,120.0749740600586,115.31695556640625,117.90250396728516,112.80514526367188,112.29425811767578,113.50770568847656,113.05308532714844,110.44002532958984,111.97321319580078,108.78418731689453,106.28263854980469,111.2339859008789,107.54068756103516,110.30865478515625,110.49434661865234,112.30760955810547,110.69326782226562,111.89280700683594,111.2339859008789,111.40017700195312,109.5627670288086,109.00458526611328,107.15409088134766,107.70329284667969,101.76934814453125,104.54663848876953,99.36800384521484,99.02020263671875,97.14422607421875,93.30059051513672,91.0933609008789,91.08238220214844,89.1852035522461,85.070556640625,82.861328125,82.2800064086914,82.2800064086914,76.5375747680664,78.84795379638672,78.58753204345703,75.43209075927734,73.75635528564453,76.48529052734375,75.95393371582031,76.41989135742188,77.10382843017578,73.02738952636719,71.70076751708984
0,-36,-95,12,36,119.54915618896484,121.43310546875,119.2518310546875,123.9758071899414,120.48651123046875,115.7410888671875,116.37869262695312,115.43396759033203,114.17967987060547,114.28472900390625,113.26517486572266,110.85575866699219,111.40017700195312,113.77169799804688,111.00450134277344,113.0,109.77249145507812,111.01801300048828,112.44554138183594,115.52488708496094,110.54862976074219,115.1173324584961,110.76551818847656,113.63538360595703,109.77249145507812,113.0,110.54862976074219,108.0462875366211,107.05606079101562,105.68348693847656,99.84988403320312,102.42070007324219,100.44898986816406,95.90099334716797,95.7078857421875,94.3663101196289,92.76313781738281,86.4927749633789,86.68333435058594,82.97589874267578,82.37718200683594,80.60397338867188,80.80841827392578,78.33900451660156,77.6208724975586,80.95677947998047,75.27283477783203,80.3243408203125,76.89603424072266,80.95677947998047,76.32168579101562,74.02702331542969
0,-36,-95,12,35,121.65936279296875,121.65936279296875,121.82364654541016,122.44182586669922,121.65936279296875,122.61321258544922,119.20150756835938,119.20150756835938,113.81124877929688,115.108642578125,118.224365234375,114.82595825195312,113.87712860107422,109.60382843017578,111.64676666259766,111.01801300048828,114.93476104736328,112.71202087402344,114.06138610839844,115.38197326660156,113.59577178955078,114.03946685791016,115.41230773925781,115.83177185058594,112.29425811767578,114.94781494140625,107.82392883300781,107.04204559326172,110.05907440185547,106.67708587646484,101.212646484375,101.71037292480469,99.84988403320312,97.24710845947266,95.71833801269531,94.03190612792969,92.6498794555664,88.7524642944336,84.87638092041016,84.62860107421875,85.70297241210938,82.4196548461914,81.60882568359375,81.02468872070312,79.6303939819336,77.20103454589844,78.4091796875,81.46778869628906,79.90619659423828,79.39773559570312,77.0064926147461,74.625732421875
0,-36,-95,11,39,116.7775650024414,118.06777954101562,120.35364532470703,123.00406646728516,118.06777954101562,117.17081451416016,116.29703521728516,114.61238861083984,112.8716049194336,111.64676666259766,112.50777435302734,109.60382843017578,108.46658325195312,108.22661590576172,109.04127502441406,105.0,110.11357879638672,107.44766235351562,112.16059875488281,110.8873291015625,111.39569091796875,112.92918395996094,110.7519760131836,112.69871520996094,109.34349822998047,107.44766235351562,107.93516540527344,106.04244232177734,106.66770935058594,100.76705932617188,99.02020263671875,98.40731811523438,98.40731811523438,94.81033325195312,96.40020751953125,88.60022735595703,86.40023040771484,87.20092010498047,83.23461151123047,82.00609588623047,81.27114868164062,81.02468872070312,81.02468872070312,77.93586730957031,77.93586730957031,76.27581787109375,76.85050201416016,77.02597045898438,75.59100341796875,76.32168579101562,75.58438873291016,75.92759704589844
0,-36,-95,11,39,115.31695556640625,119.40267944335938,121.3342514038086,121.46192932128906,118.30891418457031,114.63420104980469,114.76933288574219,112.53887939453125,114.63420104980469,114.06138610839844,109.56732940673828,110.01818084716797,108.4066390991211,109.07795715332031,109.07795715332031,108.16654205322266,107.64757537841797,108.46658325195312,110.42192077636719,108.22661590576172,109.85900115966797,110.20889282226562,107.07473754882812,112.61438751220703,110.0,105.43718719482422,107.64757537841797,106.25440979003906,103.81233215332031,104.04325866699219,100.0,96.79875946044922,95.96353149414062,94.57801055908203,94.03190612792969,91.80958557128906,86.83892822265625,88.20430755615234,85.4400405883789,82.49242401123047,82.15229797363281,79.07591247558594,79.92496490478516,76.66159057617188,77.41446685791016,77.02597045898438,75.58438873291016,77.38862609863281,73.9256362915039,74.3303451538086,71.56814575195312,75.80237579345703
0,-36,-95,12,36,121.16517639160156,124.27791595458984,121.84005737304688,123.3693618774414,120.50311279296875,118.68024444580078,121.45780944824219,117.443603515625,118.00423431396484,113.26517486572266,114.97825622558594,111.80339813232422,114.42464447021484,113.1370849609375,111.15754699707031,113.99122619628906,112.53887939453125,110.45361328125,113.1591796875,113.53413391113281,114.62983703613281,116.43023681640625,110.54862976074219,112.28534698486328,114.3547134399414,113.44161224365234,110.6526107788086,108.77959442138672,107.78682708740234,102.48902130126953,103.24727630615234,103.09703826904297,102.42070007324219,95.7078857421875,99.2471694946289,95.35198211669922,92.39588928222656,89.44271850585938,88.28363037109375,88.45903015136719,85.70297241210938,81.78630828857422,84.34452819824219,79.83106994628906,80.52328491210938,74.72616577148438,79.4040298461914,78.44743347167969,77.49193572998047,78.0,78.71467590332031,74.88658142089844
0,-36,-95,12,35,121.65936279296875,117.15374755859375,118.06777954101562,114.21470642089844,117.61377716064453,110.8873291015625,113.2298583984375,113.4063491821289,111.21150970458984,113.81124877929688,112.64546203613281,109.28861236572266,110.7880859375,104.9571304321289,103.94229125976562,110.90987396240234,105.54619598388672,107.82392883300781,108.6876220703125,112.30760955810547,109.123779296875,112.30760955810547,110.92339324951172,110.92339324951172,106.8877944946289,108.67382049560547,106.8877944946289,105.99056243896484,100.23971557617188,101.11874389648438,98.38699340820312,98.41239929199219,95.7131118774414,91.30169677734375,89.47066497802734,90.3548583984375,90.42676544189453,84.11896514892578,82.49242401123047,80.13114166259766,81.98780059814453,76.15773010253906,79.75587463378906,77.17512512207031,76.32168579101562,77.69813537597656,74.06078338623047,76.02631378173828,76.5767593383789,76.3675308227539,75.74298858642578,72.80110168457031
0,-36,-95,12,35,115.24755859375,114.58621215820312,123.17467498779297,120.5694808959961,114.0570068359375,113.53413391113281,114.28472900390625,114.28035736083984,109.40292358398438,109.85900115966797,109.85900115966797,108.22661590576172,109.40292358398438,108.23123168945312,104.35037231445312,108.93116760253906,109.60382843017578,108.93116760253906,110.3177261352539,109.65856170654297,108.89444732666016,110.30865478515625,111.01801300048828,108.18965148925781,106.8877944946289,107.51744079589844,108.2081298828125,106.07544708251953,101.91172790527344,102.59142303466797,96.93812561035156,96.17691802978516,95.48298645019531,90.60904693603516,90.68627166748047,90.60904693603516,90.78546142578125,84.50444030761719,81.68843078613281,79.5110092163086,80.91971588134766,78.74642944335938,77.46611785888672,75.43209075927734,74.02702331542969,75.60423278808594,72.11102294921875,76.85050201416016,75.29276275634766,76.92203521728516,73.53910827636719,74.04052734375
0,-36,-95,12,35,117.63077545166016,115.9482650756836,122.00409698486328,118.40608215332031,119.8165283203125,115.24755859375,117.63077545166016,114.75626373291016,113.56495666503906,114.33721923828125,108.25894927978516,109.83624267578125,109.17874908447266,107.91200256347656,106.79419708251953,111.44953918457031,108.07405090332031,111.16204071044922,111.07205200195312,111.07205200195312,114.07015228271484,113.0707778930664,113.0707778930664,108.0,112.1115493774414,109.1650161743164,109.1650161743164,109.11461639404297,103.01941680908203,104.07689666748047,97.18538665771484,98.18350219726562,99.2471694946289,94.2602767944336,94.2602767944336,92.26592254638672,89.27485656738281,85.58621215820312,84.38008880615234,81.74349975585938,83.6002426147461,81.3019027709961,80.7527084350586,76.65507507324219,74.96665954589844,77.10382843017578,73.34848022460938,77.46611785888672,78.84795379638672,74.94664764404297,74.32361602783203,73.57308959960938
0,-36,-95,11,40,119.20150756835938,119.95415496826172,123.16655731201172,121.43310546875,121.8031234741211,117.4776611328125,116.6190414428711,116.81181335449219,116.81181335449219,115.6633071899414,112.60550689697266,113.46365356445312,112.07140350341797,108.60018157958984,108.60018157958984,112.92918395996094,109.98636627197266,107.71257781982422,111.01801300048828,115.36463928222656,113.35784149169922,114.62983703613281,109.04127502441406,111.7586669921875,112.04463195800781,111.52130126953125,109.22454071044922,107.93516540527344,106.82696533203125,105.64563751220703,103.07764434814453,100.2646484375,99.80982208251953,97.6166000366211,95.60334777832031,90.60353088378906,89.05054473876953,85.8021011352539,83.81526947021484,84.05355072021484,85.8021011352539,81.60882568359375,79.05693817138672,81.3019027709961,75.29276275634766,76.66159057617188,78.77182006835938,78.77182006835938,77.87811279296875,77.49193572998047,75.0,76.11833190917969
0,-36,-95,12,35,117.68601989746094,116.92733001708984,120.7849349975586,116.92733001708984,115.95257568359375,114.97825622558594,115.69355773925781,114.4770736694336,109.8954086303711,111.12605285644531,110.67971801757812,107.83784484863281,106.6255111694336,105.84894561767578,106.77546691894531,107.42439270019531,105.55093383789062,106.8877944946289,108.67382049560547,108.22661590576172,111.89280700683594,110.46266174316406,110.0227279663086,111.89280700683594,107.33126068115234,107.78682708740234,105.19029998779297,103.7545166015625,99.74467468261719,100.17984008789062,99.74467468261719,98.89894104003906,100.31948852539062,96.5660400390625,94.02127075195312,89.05054473876953,87.8464584350586,86.92525482177734,83.21658325195312,82.46211242675781,83.38465118408203,76.69419860839844,80.3243408203125,75.61084747314453,77.79460144042969,73.76313781738281,72.53275299072266,73.97972869873047,75.70997619628906,78.26238250732422,74.1687240600586,74.06078338623047
0,-36,-95,12,35,120.34117889404297,119.43617248535156,119.85408020019531,123.48279571533203,119.01260375976562,115.45128631591797,117.20068359375,116.29703521728516,110.90987396240234,113.17684936523438,109.59014892578125,112.7696762084961,110.27692413330078,110.7880859375,109.07795715332031,109.29318237304688,111.01801300048828,111.50336456298828,112.00446319580078,112.64546203613281,111.77208709716797,114.03946685791016,113.46365356445312,114.01753997802734,113.81124877929688,112.60550689697266,108.75660705566406,108.75660705566406,105.15226745605469,103.5857162475586,101.71037292480469,102.08329772949219,99.64437103271484,98.0051040649414,94.15412902832031,90.82400512695312,91.30169677734375,86.35391998291016,85.0,83.67198181152344,84.53401947021484,80.05622863769531,81.43709564208984,77.82030487060547,77.2528305053711,75.61084747314453,76.32168579101562,80.0062484741211,79.30951690673828,78.44743347167969,77.41446685791016,76.05918884277344
0,-36,-95,12,35,114.63420104980469,115.55085754394531,120.93386840820312,115.95257568359375,114.63420104980469,114.54257202148438,113.84638977050781,111.78997802734375,110.72488403320312,109.5627670288086,108.84851837158203,108.15729522705078,108.15729522705078,101.83319854736328,105.77334594726562,107.93516540527344,102.39140319824219,106.51290893554688,104.92378234863281,107.87029266357422,106.30146026611328,109.44404602050781,109.44404602050781,109.23827362060547,106.51290893554688,108.90821838378906,105.75916290283203,103.07764434814453,98.71676635742188,99.92497253417969,95.07891082763672,97.01546478271484,95.60334777832031,90.52071380615234,91.76055908203125,88.60022735595703,86.68333435058594,81.90848541259766,83.21658325195312,77.79460144042969,80.95677947998047,80.0062484741211,78.43468475341797,75.3923110961914,73.68174743652344,73.53910827636719,73.9256362915039,72.44998168945312,74.70609283447266,74.3303451538086,74.40430450439453,73.59347534179688
0,-36,-95,12,35,113.0177001953125,116.76471710205078,118.19052124023438,116.81181335449219,113.74093627929688,113.74093627929688,111.83023071289062,109.29318237304688,108.16654205322266,107.41508483886719,110.20889282226562,104.62313079833984,106.82696533203125,105.11898040771484,106.30146026611328,104.80458068847656,106.77546691894531,101.82337951660156,108.90362548828125,106.21675872802734,107.48953247070312,110.30865478515625,104.69001770019531,109.62207794189453,108.89444732666016,108.18965148925781,102.55242919921875,101.82337951660156,102.59142303466797,99.72462463378906,99.15644073486328,95.48298645019531,96.16651916503906,90.55384826660156,87.20664978027344,88.45903015136719,82.32861328125,80.80841827392578,81.56592559814453,79.5110092163086,77.46611785888672,75.07329559326172,76.05918884277344,75.60423278808594,75.60423278808594,71.40028381347656,74.63243103027344,72.42237091064453,72.40165710449219,75.58438873291016,72.61542510986328,71.56814575195312
0,-36,-95,11,41,123.49089050292969,127.4754867553711,127.66361999511719,125.39936065673828,127.3930892944336,121.49897003173828,120.81390380859375,121.06196594238281,117.72000885009766,117.09825134277344,117.9576187133789,115.5724868774414,112.78740692138672,113.03096771240234,114.00438690185547,113.50770568847656,113.05308532714844,113.50770568847656,115.43396759033203,115.7410888671875,116.09048461914062,120.2081527709961,116.09048461914062,119.2518310546875,116.48175811767578,114.01753997802734,111.82575988769531,110.16351318359375,109.63575744628906,109.1421127319336,104.3455810546875,106.30146026611328,103.36827087402344,101.63660430908203,97.16481018066406,93.39164733886719,93.38094329833984,90.60904693603516,90.25519561767578,87.29833984375,81.21575927734375,85.15867614746094,80.62257385253906,79.76214599609375,78.31346893310547,79.4040298461914,77.10382843017578,80.05622863769531,80.0062484741211,79.10120391845703,79.76214599609375,79.30951690673828
0,-36,-95,12,35,115.45128631591797,123.06502532958984,117.78369903564453,121.74153137207031,115.95257568359375,117.27318572998047,118.18629455566406,113.08846282958984,112.53887939453125,112.72089385986328,114.23221588134766,112.00892639160156,110.72488403320312,107.00466918945312,109.4805908203125,108.66921997070312,109.65856170654297,106.96260833740234,113.77169799804688,113.1591796875,110.21796417236328,112.29425811767578,109.44404602050781,108.67382049560547,108.25894927978516,109.04127502441406,109.44404602050781,101.41498565673828,106.30146026611328,101.63660430908203,99.46356201171875,98.06120300292969,97.08243560791016,96.04686737060547,92.1791763305664,92.1791763305664,90.8019790649414,88.05680084228516,83.24061584472656,81.90848541259766,77.88452911376953,81.32035064697266,77.88452911376953,79.69943237304688,75.89466094970703,74.3303451538086,74.46475982666016,77.077880859375,74.6860122680664,77.36924743652344,74.63243103027344,74.65252685546875
0,-38,-95,14,27,117.9576187133789,118.82760620117188,120.5985107421875,118.94956970214844,116.8417739868164,114.73883056640625,114.62983703613281,113.63538360595703,111.28791809082031,111.16204071044922,109.11461639404297,108.01851654052734,108.00463104248047,107.00466918945312,105.11898040771484,106.169677734375,106.56922912597656,106.56922912597656,107.78682708740234,108.90362548828125,111.54371643066406,109.65856170654297,107.67079162597656,109.03668975830078,107.56393432617188,107.67079162597656,105.68348693847656,103.5857162475586,102.31324768066406,99.50376892089844,97.32933807373047,96.33275604248047,96.25486755371094,90.27181243896484,92.13577270507812,88.20430755615234,87.14356231689453,84.2140121459961,84.148681640625,80.09993743896484,79.05693817138672,78.05767059326172,78.05767059326172,75.00666809082031,75.00666809082031,72.00694274902344,74.02702331542969,74.1080322265625,72.3394775390625,72.83543395996094,72.03471374511719,70.83784484863281
0,-36,-95,11,39,119.85408020019531,119.85408020019531,119.2392578125,122.80879211425781,117.88553619384766,115.91807556152344,117.08544158935547,114.14026641845703,114.33721923828125,111.83023071289062,112.05802154541016,112.08924865722656,111.97321319580078,111.62885284423828,110.36756896972656,112.27198791503906,110.49434661865234,110.49434661865234,115.31695556640625,115.69355773925781,112.72089385986328,113.08846282958984,112.36102294921875,114.38968658447266,110.30865478515625,113.29607391357422,110.49434661865234,107.51744079589844,109.20164489746094,102.18121337890625,101.843017578125,101.843017578125,98.97979736328125,92.72000885009766,96.4624252319336,92.72000885009766,90.8019790649414,89.28605651855469,84.20214080810547,85.86617279052734,83.24061584472656,83.43260955810547,80.28075408935547,79.30951690673828,77.87811279296875,76.11833190917969,77.46611785888672,78.77182006835938,77.16217041015625,78.025634765625,76.05918884277344,72.83543395996094
0,-36,-95,12,35,121.51131439208984,124.08464813232422,122.14745330810547,122.91867065429688,121.03718566894531,122.91867065429688,118.69709014892578,117.0042724609375,116.21101379394531,110.9414291381836,116.2497329711914,113.44161224365234,112.68096923828125,107.91200256347656,112.00446319580078,112.00446319580078,114.93476104736328,111.35977935791016,114.06138610839844,112.72976684570312,114.03946685791016,115.39497375488281,109.56732940673828,115.03912353515625,114.9652099609375,113.63538360595703,114.93476104736328,109.123779296875,109.56732940673828,102.956298828125,102.85912322998047,101.53324890136719,102.85912322998047,98.88377380371094,94.82615661621094,93.94147491455078,89.47066497802734,90.3548583984375,86.31338500976562,85.95928955078125,85.0,84.59905242919922,82.36504364013672,78.892333984375,79.61155700683594,74.625732421875,79.32212829589844,80.80223083496094,76.69419860839844,77.23341369628906,74.95331573486328,78.24320983886719
0,-36,-95,12,36,116.5203857421875,116.10771179199219,119.2182846069336,114.43775939941406,117.09825134277344,115.97413635253906,115.41230773925781,113.1370849609375,114.58621215820312,111.80339813232422,109.65856170654297,109.3846435546875,109.3846435546875,105.51303100585938,105.36128234863281,107.83784484863281,107.22406768798828,106.4048843383789,108.63240814208984,109.77249145507812,112.00892639160156,109.00458526611328,107.33592224121094,110.30865478515625,109.93180084228516,106.4048843383789,107.54068756103516,105.10946655273438,105.47511291503906,101.63660430908203,98.08159637451172,99.02020263671875,97.14422607421875,93.30059051513672,93.30059051513672,91.76055908203125,86.72946166992188,82.54090118408203,82.2192153930664,81.27114868164062,79.37883758544922,79.37883758544922,80.0062484741211,74.63243103027344,73.08214569091797,73.24616241455078,74.21590423583984,77.36924743652344,73.97972869873047,75.66372680664062,73.00685119628906,71.11258697509766
0,-36,-95,12,35,120.91732788085938,122.3315200805664,121.63058471679688,123.76187133789062,120.2081527709961,118.1397476196289,116.69190216064453,113.89907836914062,115.97413635253906,111.1980209350586,108.37435150146484,110.11357879638672,111.04053497314453,114.01753997802734,112.20071411132812,110.38568878173828,110.67520141601562,108.16654205322266,112.68096923828125,111.83023071289062,113.53413391113281,117.13667297363281,110.98197937011719,112.50777435302734,111.22050476074219,111.51681518554688,112.05802154541016,106.53168487548828,105.9480972290039,102.90287017822266,101.51354217529297,102.90287017822266,99.04544067382812,94.86833190917969,99.6242904663086,93.23089599609375,89.64373779296875,89.40357971191406,85.6037368774414,86.60831451416016,83.81526947021484,81.68843078613281,75.43209075927734,76.69419860839844,76.69419860839844,75.28611755371094,77.23341369628906,77.79460144042969,75.74298858642578,75.92759704589844,77.93586730957031,77.17512512207031
0,-36,-95,12,35,118.00423431396484,121.10326385498047,122.01639556884766,124.00403594970703,121.0,120.066650390625,117.0042724609375,115.01738739013672,114.01753997802734,115.15641784667969,114.15778350830078,113.28282928466797,111.7586669921875,110.02726745605469,112.29425811767578,110.64356994628906,110.85575866699219,108.25894927978516,111.08555603027344,113.78048706054688,113.78048706054688,115.69355773925781,113.35784149169922,112.53887939453125,111.83023071289062,113.35784149169922,107.48953247070312,105.75916290283203,106.8877944946289,104.56098937988281,102.18121337890625,101.20276641845703,100.22474670410156,98.84330749511719,96.50906372070312,93.05912017822266,90.09439849853516,88.1192398071289,86.31338500976562,85.32877349853516,81.74349975585938,80.23091888427734,79.07591247558594,79.76214599609375,74.96665954589844,76.32168579101562,76.16429901123047,76.05918884277344,77.0,78.025634765625,76.79192352294922,73.97972869873047
0,-36,-95,12,35,116.81181335449219,118.70130920410156,117.54573822021484,119.97083282470703,114.01753997802734,113.6529769897461,113.46365356445312,113.21660614013672,111.08555603027344,109.1650161743164,108.67382049560547,106.0660171508789,107.91200256347656,107.54068756103516,107.04204559326172,106.53168487548828,109.83624267578125,104.8475112915039,107.89810180664062,109.04127502441406,110.13627624511719,109.83624267578125,108.72441864013672,108.60018157958984,108.16654205322266,109.83624267578125,104.56098937988281,104.8475112915039,104.10091400146484,102.62553405761719,99.12618255615234,96.25486755371094,97.41663360595703,91.4166259765625,93.64827728271484,88.6848373413086,85.08818817138672,81.6333236694336,84.11896514892578,82.36504364013672,76.48529052734375,78.29431915283203,76.02631378173828,76.48529052734375,73.9256362915039,73.53910827636719,72.11102294921875,74.3303451538086,74.3303451538086,75.92759704589844,75.31268310546875,72.06246948242188
0,-36,-95,12,35,118.25819396972656,118.87808990478516,116.70903778076172,123.16655731201172,117.88553619384766,120.30377960205078,114.00438690185547,110.11357879638672,111.57060241699219,110.16351318359375,109.76793670654297,111.3283462524414,110.13627624511719,109.93180084228516,110.30865478515625,106.6208267211914,108.25894927978516,105.60302734375,110.47624206542969,109.56732940673828,109.59014892578125,112.2541732788086,108.24047088623047,111.89280700683594,109.56732940673828,111.35977935791016,106.89247131347656,103.78824615478516,107.33126068115234,102.85912322998047,102.45974731445312,98.84330749511719,96.17691802978516,94.3716049194336,93.52005004882812,90.78546142578125,92.19544219970703,85.49269104003906,85.08818817138672,83.67198181152344,81.02468872070312,78.79086303710938,77.077880859375,78.39005279541016,76.32168579101562,74.63243103027344,73.38937377929688,78.44743347167969,76.40026092529297,76.48529052734375,75.66372680664062,72.00694274902344
0,-36,-95,12,35,116.01724243164062,117.0,120.066650390625,120.0,118.00423431396484,116.00431060791016,114.03946685791016,112.1115493774414,112.07140350341797,111.22050476074219,112.21853637695312,112.44554138183594,109.8954086303711,109.77249145507812,108.18965148925781,107.05606079101562,107.87029266357422,109.04127502441406,110.63453674316406,110.63453674316406,108.85311126708984,111.1980209350586,109.04127502441406,111.1980209350586,113.77169799804688,107.87029266357422,107.20074462890625,108.18965148925781,103.94710540771484,101.11874389648438,99.72462463378906,102.8250961303711,98.99494934082031,96.51942443847656,95.33625030517578,94.5304183959961,89.20201873779297,86.70063781738281,84.2140121459961,81.1541748046875,80.09993743896484,80.09993743896484,83.05419921875,77.02597045898438,77.0,75.00666809082031,75.05997467041016,76.10519409179688,78.63841247558594,75.80237579345703,73.00685119628906,70.22820281982422
0,-36,-95,12,35,114.97825622558594,113.0707778930664,119.97083282470703,114.8651351928711,117.15374755859375,115.6243896484375,116.2755355834961,112.16059875488281,109.98636627197266,111.60645294189453,110.20889282226562,107.64757537841797,110.38568878173828,106.50821685791016,106.23088073730469,109.60382843017578,106.67708587646484,108.4066390991211,109.2748794555664,110.27692413330078,111.3058853149414,110.45361328125,110.98197937011719,109.65856170654297,109.93180084228516,109.93180084228516,105.39450073242188,105.9480972290039,100.12492370605469,104.56098937988281,96.51942443847656,98.81295776367188,97.41663360595703,94.40338897705078,93.08598327636719,93.23089599609375,87.00574493408203,84.64632415771484,81.68843078613281,77.6208724975586,80.15609741210938,77.33692169189453,78.56844329833984,72.91776275634766,72.83543395996094,74.24958038330078,72.13875579833984,76.69419860839844,75.28611755371094,73.81734466552734,71.02112579345703,71.58910369873047
0,-36,-95,11,39,116.8417739868164,121.69634246826172,120.41594696044922,122.5887451171875,117.72000885009766,117.51595306396484,116.7261734008789,113.28282928466797,114.43775939941406,112.28534698486328,108.07405090332031,109.01834869384766,108.00463104248047,111.01801300048828,109.07337188720703,107.11676025390625,109.29318237304688,107.46627044677734,109.65856170654297,112.64102172851562,111.44953918457031,111.64676666259766,112.53887939453125,111.87940216064453,113.53413391113281,112.64102172851562,106.30146026611328,107.1680908203125,104.17293548583984,103.12128448486328,102.04410552978516,102.00489807128906,96.02082824707031,97.04637908935547,94.04785919189453,90.022216796875,89.005615234375,87.00574493408203,83.00602722167969,84.00595092773438,81.1541748046875,80.02499389648438,77.10382843017578,78.23043060302734,75.1664810180664,72.11102294921875,76.41989135742188,74.96665954589844,76.11833190917969,76.65507507324219,74.63243103027344,75.23961639404297
0,-36,-95,12,35,119.43617248535156,119.50732421875,122.1556396484375,121.6429214477539,123.06502532958984,117.68601989746094,120.54045104980469,114.12712097167969,114.76933288574219,115.8792495727539,115.8792495727539,112.27198791503906,116.09048461914062,111.68258666992188,110.72488403320312,110.16351318359375,110.63453674316406,111.08555603027344,114.75626373291016,116.10340118408203,111.83023071289062,117.4776611328125,113.78048706054688,112.96902465820312,112.05802154541016,110.42192077636719,106.96260833740234,107.96759033203125,107.20074462890625,108.93116760253906,98.71676635742188,100.16985321044922,99.92497253417969,96.5660400390625,93.30059051513672,97.52947998046875,89.5600357055664,88.8875732421875,84.11896514892578,87.59566497802734,82.87339782714844,80.99382781982422,81.93289947509766,76.5506362915039,76.05918884277344,79.12016296386719,76.55716705322266,76.05918884277344,77.5241928100586,78.39005279541016,73.00685119628906,72.91776275634766
0,-36,-95,12,35,117.54573822021484,117.54573822021484,115.5724868774414,115.84903717041016,118.22859191894531,113.60017395019531,114.93476104736328,113.35784149169922,113.35784149169922,111.61093139648438,107.2800064086914,108.68302154541016,110.16351318359375,106.32027435302734,103.74005889892578,109.20164489746094,105.47511291503906,108.84851837158203,107.15409088134766,106.77546691894531,110.69326782226562,112.80514526367188,108.46197509765625,108.85311126708984,108.50345611572266,106.04244232177734,104.92378234863281,105.47511291503906,100.30453491210938,100.08995819091797,98.68130493164062,100.08995819091797,96.5660400390625,94.57801055908203,92.69843292236328,89.8888168334961,88.86506652832031,82.861328125,84.11896514892578,79.05693817138672,78.44743347167969,78.44743347167969,81.60882568359375,75.28611755371094,73.49829864501953,73.00685119628906,72.03471374511719,73.54590606689453,76.94153594970703,76.41989135742188,75.0,71.25306701660156
0,-38,-95,14,27,115.74540710449219,117.15374755859375,116.82465362548828,117.15374755859375,113.70136260986328,114.8651351928711,113.0707778930664,111.6646728515625,109.80892181396484,107.61505126953125,107.80074310302734,108.22661590576172,106.50821685791016,105.39450073242188,104.8475112915039,107.04204559326172,105.58882141113281,102.956298828125,108.24047088623047,106.89247131347656,107.42439270019531,108.70602416992188,105.67875671386719,107.35455322265625,105.19029998779297,107.04204559326172,103.94229125976562,101.3558120727539,99.4786376953125,98.97979736328125,94.66783905029297,95.71833801269531,92.6498794555664,90.97252655029297,89.58794403076172,85.70297241210938,84.87638092041016,82.6619644165039,81.02468872070312,78.00640869140625,76.02631378173828,73.81734466552734,73.60027313232422,72.80110168457031,72.00694274902344,70.93659210205078,69.42621612548828,71.44927978515625,70.72481536865234,72.4706802368164,69.40460968017578,68.96376037597656
0,-36,-95,12,35,113.454833984375,116.10340118408203,118.19052124023438,117.68601989746094,114.21470642089844,110.11357879638672,115.52056121826172,106.30146026611328,106.96260833740234,109.65856170654297,106.96260833740234,105.36128234863281,104.7377700805664,101.91172790527344,102.72779846191406,105.11898040771484,105.11898040771484,103.85566711425781,107.41508483886719,109.01834869384766,108.4066390991211,107.80074310302734,107.44766235351562,107.80074310302734,106.82696533203125,106.82696533203125,103.07764434814453,101.41498565673828,98.71676635742188,97.45255279541016,98.71676635742188,97.94896697998047,94.2602767944336,91.3509750366211,89.14033508300781,85.6329345703125,86.97700500488281,82.73451232910156,80.61017608642578,77.10382843017578,79.90619659423828,74.96665954589844,74.2765121459961,72.83543395996094,75.07329559326172,72.24956512451172,69.65629577636719,72.4706802368164,71.02816009521484,73.7834701538086,70.66116333007812,70.7742919921875
0,-38,-95,14,27,114.62983703613281,114.62983703613281,115.3126220703125,117.51595306396484,112.44998931884766,111.07205200195312,110.34491729736328,108.97705841064453,108.2081298828125,108.18965148925781,106.15083312988281,104.7377700805664,105.64563751220703,104.35037231445312,104.35037231445312,102.61579132080078,103.6001968383789,100.60317993164062,104.62313079833984,104.04325866699219,104.20172882080078,107.80074310302734,101.40019989013672,105.68348693847656,105.43718719482422,102.61579132080078,100.42410278320312,99.63935089111328,98.40731811523438,95.42536163330078,93.08598327636719,93.7229995727539,92.95697784423828,88.5268325805664,87.1148681640625,84.2911605834961,82.8070068359375,80.05622863769531,79.30951690673828,77.89736938476562,74.24958038330078,72.86288452148438,72.83543395996094,71.4212875366211,71.44927978515625,68.680419921875,70.83784484863281,69.65629577636719,69.40460968017578,69.3397445678711,68.47627258300781,68.02940368652344
0,-36,-95,11,39,122.4948959350586,120.20399475097656,124.10076904296875,121.20230865478516,124.19742584228516,118.2708740234375,121.01652526855469,118.00423431396484,116.00431060791016,114.00438690185547,115.06954193115234,113.00442504882812,112.04016876220703,111.16204071044922,109.22454071044922,112.64102172851562,112.29425811767578,113.0,110.81967163085938,114.33721923828125,112.96902465820312,116.29703521728516,114.2716064453125,114.93476104736328,113.74533081054688,112.8716049194336,112.14722442626953,109.32977294921875,104.08650207519531,108.0462875366211,98.99494934082031,101.27191162109375,103.24727630615234,98.99494934082031,95.52486419677734,94.2602767944336,93.19334411621094,90.19977569580078,87.09190368652344,83.09632873535156,86.14522552490234,80.22468566894531,81.39410400390625,76.05918884277344,79.15807342529297,78.10249328613281,75.0,76.0,77.16217041015625,76.11833190917969,76.40026092529297,74.0
0,-36,-95,11,40,126.77933502197266,125.64234924316406,126.77933502197266,128.16004943847656,122.3315200805664,123.49089050292969,119.26860809326172,118.98319244384766,118.98319244384766,117.20068359375,116.6061782836914,115.25623321533203,116.2755355834961,113.70136260986328,117.15374755859375,116.04309844970703,116.7775650024414,113.1370849609375,118.86967468261719,117.45637512207031,118.08895111083984,116.0,114.58621215820312,116.7261734008789,116.7261734008789,115.97413635253906,114.58621215820312,110.30865478515625,111.01801300048828,104.66136169433594,105.47511291503906,102.59142303466797,103.3924560546875,99.03534698486328,98.31072998046875,94.84724426269531,90.68627166748047,89.3756103515625,91.43850708007812,85.2760238647461,85.2760238647461,84.50444030761719,83.86894226074219,80.43009185791016,81.21575927734375,78.4091796875,77.10382843017578,81.54139709472656,79.4040298461914,81.41252899169922,78.39005279541016,79.05693817138672
0,-36,-95,11,38,116.41735076904297,118.359619140625,118.60016632080078,118.359619140625,117.90250396728516,116.18089294433594,115.95257568359375,113.03096771240234,108.66921997070312,110.44002532958984,110.72488403320312,108.811767578125,109.7861557006836,107.91200256347656,104.75209045410156,107.01869201660156,108.25894927978516,108.7474136352539,111.36426544189453,110.98197937011719,109.65856170654297,111.35977935791016,108.25894927978516,110.46266174316406,109.1650161743164,109.65856170654297,105.84894561767578,105.30906677246094,106.23088073730469,103.07764434814453,99.92497253417969,98.68130493164062,95.85926818847656,95.2732925415039,91.7060546875,90.44335174560547,87.66413116455078,85.70297241210938,85.70297241210938,80.36167907714844,81.59656524658203,77.20103454589844,78.44743347167969,78.84795379638672,75.18643188476562,74.95331573486328,74.73285675048828,76.29547882080078,77.5241928100586,79.30951690673828,76.00657653808594,73.82411193847656
0,-36,-95,12,36,123.64869689941406,120.50311279296875,120.50311279296875,121.16517639160156,119.54915618896484,119.54915618896484,122.06555938720703,116.45600128173828,114.58621215820312,116.45600128173828,117.0,111.61540985107422,113.21660614013672,110.92339324951172,110.01818084716797,111.50785064697266,112.50777435302734,108.22661590576172,112.05802154541016,115.96551513671875,113.99122619628906,113.0177001953125,113.0177001953125,114.58621215820312,114.73883056640625,111.51681518554688,109.0,109.41663360595703,106.8503646850586,106.32967376708984,102.72779846191406,104.9571304321289,99.12618255615234,95.88013458251953,95.38343811035156,92.78469848632812,90.82400512695312,88.58893585205078,86.35391998291016,85.8836441040039,84.9705810546875,80.52949523925781,81.00617218017578,77.82672882080078,78.26238250732422,76.05918884277344,76.05918884277344,78.18567657470703,79.71198272705078,78.84795379638672,74.14849853515625,75.53807067871094
0,-36,-95,12,36,121.49073791503906,119.57006072998047,120.92973327636719,123.42204284667969,118.98319244384766,118.72657775878906,119.62023162841797,114.85643005371094,111.25196838378906,110.43550109863281,113.2254409790039,111.52130126953125,110.2587890625,108.70602416992188,108.37435150146484,108.30050659179688,108.90362548828125,110.3177261352539,113.14591979980469,113.21660614013672,111.73181915283203,112.43220520019531,108.90362548828125,111.73181915283203,111.01801300048828,111.01801300048828,108.89444732666016,106.10372161865234,107.48953247070312,103.96633911132812,98.41239929199219,99.00505065917969,98.41239929199219,93.60555267333984,93.4344711303711,89.87213134765625,88.72992706298828,84.38601684570312,88.23831176757812,81.83519744873047,78.74642944335938,80.28075408935547,78.24320983886719,79.8122787475586,74.02702331542969,73.49829864501953,74.06078338623047,77.10382843017578,72.94518280029297,77.82030487060547,75.23961639404297,74.72616577148438
0,-36,-95,11,40,122.80065155029297,125.68611907958984,123.69316864013672,125.15989685058594,121.29715728759766,121.29715728759766,119.85408020019531,118.359619140625,114.33721923828125,114.75626373291016,115.73245239257812,111.00450134277344,114.2716064453125,109.77249145507812,109.65856170654297,112.28534698486328,112.16059875488281,109.1650161743164,113.0707778930664,115.01738739013672,114.07015228271484,115.06954193115234,115.108642578125,117.0384521484375,116.10771179199219,114.1095962524414,109.07337188720703,108.11567687988281,103.12128448486328,105.11898040771484,102.39628601074219,101.31633758544922,100.17984008789062,95.18928527832031,98.41239929199219,92.54188537597656,91.24143981933594,87.57283020019531,86.97700500488281,82.03657531738281,81.74349975585938,79.90619659423828,79.76214599609375,78.64476776123047,77.92945861816406,74.52516174316406,77.66595458984375,77.1297607421875,75.0,76.216796875,72.91776275634766,75.29276275634766
0,-36,-95,12,36,121.04957580566406,123.22337341308594,123.22337341308594,122.00409698486328,123.93949890136719,118.359619140625,118.359619140625,114.97825622558594,116.70903778076172,114.93476104736328,116.4001693725586,113.28282928466797,110.45361328125,112.36102294921875,110.16351318359375,113.0398178100586,112.0,113.0398178100586,112.0,114.0,115.01738739013672,115.03912353515625,113.0177001953125,115.00434875488281,113.0,110.01818084716797,108.00463104248047,110.0,109.00458526611328,108.00463104248047,103.00485229492188,103.07764434814453,99.04544067382812,98.08159637451172,97.1287841796875,97.04637908935547,92.0869140625,87.05171203613281,88.09085845947266,84.48076629638672,83.05419921875,80.15609741210938,83.15046691894531,78.51751708984375,78.4091796875,73.82411193847656,77.66595458984375,76.94153594970703,77.1297607421875,78.44743347167969,74.67261505126953,76.48529052734375
0,-38,-95,14,28,119.40686798095703,120.74767303466797,120.30793762207031,119.43617248535156,117.61802673339844,114.93476104736328,114.93476104736328,112.2541732788086,112.29425811767578,108.78418731689453,111.01801300048828,109.07795715332031,108.75660705566406,108.16654205322266,108.72441864013672,106.8316421508789,105.80170440673828,104.8093490600586,108.07405090332031,109.63575744628906,108.60018157958984,109.63575744628906,106.40018463134766,108.85311126708984,107.80074310302734,107.20074462890625,105.80170440673828,103.00485229492188,101.25709533691406,98.81295776367188,96.26006317138672,96.26006317138672,94.86833190917969,92.35800170898438,91.26883697509766,86.53323364257812,86.28441619873047,81.3019027709961,82.15229797363281,81.6333236694336,78.892333984375,75.80237579345703,75.29276275634766,74.30342864990234,74.30342864990234,71.58910369873047,70.66116333007812,71.69379425048828,70.93659210205078,73.08214569091797,71.0633544921875,70.57620239257812
0,-38,-95,14,28,122.64175415039062,123.47064208984375,123.1787338256836,123.47064208984375,121.49485778808594,121.6552505493164,118.53269958496094,115.41230773925781,116.2497329711914,113.74533081054688,113.74533081054688,112.53887939453125,112.28534698486328,110.16351318359375,110.07270050048828,109.01834869384766,110.00454711914062,107.00466918945312,113.0707778930664,112.04016876220703,112.00446319580078,113.00442504882812,108.00463104248047,113.0398178100586,109.0,110.01818084716797,110.01818084716797,106.04244232177734,105.07616424560547,101.00495147705078,100.07997131347656,100.07997131347656,98.18350219726562,93.19334411621094,93.34345245361328,90.3548583984375,87.46427917480469,85.58621215820312,84.59314727783203,81.61495208740234,78.77182006835938,78.77182006835938,77.64663696289062,76.94153594970703,76.11833190917969,71.58910369873047,74.95331573486328,74.46475982666016,73.68174743652344,75.02666473388672,73.34848022460938,72.40165710449219
0,-38,-95,14,28,120.21646881103516,120.24142456054688,122.34786224365234,120.96693420410156,118.19052124023438,118.19052124023438,117.4137954711914,113.84638977050781,112.43220520019531,112.53887939453125,113.21660614013672,110.63453674316406,110.8873291015625,108.07405090332031,106.04244232177734,108.4066390991211,107.41508483886719,107.20074462890625,110.11357879638672,110.11357879638672,109.85900115966797,110.43550109863281,108.72441864013672,110.67520141601562,107.64757537841797,109.28861236572266,105.0,105.0,103.6001968383789,100.60317993164062,98.23441314697266,98.71676635742188,96.04686737060547,91.67878723144531,91.43850708007812,89.49860382080078,85.14693450927734,82.32861328125,82.97589874267578,80.80841827392578,78.51751708984375,77.10382843017578,77.10382843017578,74.2765121459961,74.95331573486328,72.18032836914062,71.50524139404297,72.34638977050781,72.4706802368164,72.20111083984375,70.8307876586914,69.7782211303711
0,-38,-95,14,28,121.19818115234375,121.20230865478516,123.06502532958984,121.6429214477539,121.6429214477539,118.53269958496094,119.01260375976562,116.29703521728516,115.95257568359375,114.63420104980469,115.03912353515625,113.08846282958984,112.94689178466797,109.11003875732422,106.25440979003906,110.44002532958984,109.63575744628906,109.20164489746094,110.35397338867188,112.05802154541016,111.57060241699219,110.35397338867188,111.40017700195312,111.08555603027344,111.12605285644531,111.40017700195312,105.77334594726562,107.2800064086914,102.61579132080078,102.48902130126953,98.08159637451172,98.67117309570312,97.71898651123047,93.30059051513672,92.35800170898438,91.4166259765625,89.8888168334961,84.30895233154297,81.70679473876953,81.70679473876953,80.77747344970703,78.0,77.2528305053711,74.46475982666016,75.23961639404297,75.1531753540039,73.79024505615234,74.70609283447266,74.09453582763672,75.45197296142578,72.62230682373047,70.71067810058594
0,-36,-95,12,36,122.5887451171875,121.59358215332031,124.48694610595703,121.06196594238281,123.49089050292969,115.73245239257812,118.34272003173828,116.43023681640625,114.15778350830078,116.15506744384766,113.11056518554688,109.00458526611328,109.04127502441406,109.01834869384766,108.01851654052734,113.44161224365234,106.67708587646484,109.65856170654297,110.16805267333984,113.43721008300781,115.73245239257812,114.75626373291016,110.76551818847656,111.15754699707031,113.99122619628906,110.02726745605469,107.35455322265625,108.77959442138672,103.69667053222656,103.69667053222656,101.71037292480469,101.71037292480469,98.61541748046875,95.52486419677734,92.34716796875,93.19334411621094,90.0888442993164,86.09297180175781,86.14522552490234,83.21658325195312,83.15046691894531,80.15609741210938,79.00633239746094,78.05767059326172,75.02666473388672,73.0,78.05767059326172,76.02631378173828,75.53807067871094,73.55270385742188,73.49829864501953,74.0
0,-36,-95,12,36,122.1024169921875,121.10326385498047,124.06449890136719,120.10411834716797,120.01666259765625,115.108642578125,121.14866638183594,114.01753997802734,114.15778350830078,112.16059875488281,114.43775939941406,109.77249145507812,113.28282928466797,108.50345611572266,104.23531341552734,110.42192077636719,108.90821838378906,108.41586303710938,112.08924865722656,112.29425811767578,111.08555603027344,113.26517486572266,111.3238525390625,112.64102172851562,110.60289001464844,111.3238525390625,109.1421127319336,108.68302154541016,105.01904296875,101.86756134033203,103.16007232666016,101.0,100.80674743652344,96.17691802978516,91.24143981933594,92.77930450439453,89.8220443725586,85.84288024902344,85.0,80.8949966430664,80.62257385253906,79.5110092163086,79.6303939819336,76.53103637695312,76.2364730834961,78.16009521484375,73.17103576660156,75.00666809082031,77.0,77.16217041015625,75.95393371582031,73.54590606689453
0,-36,-95,12,35,112.69871520996094,115.74540710449219,117.0042724609375,116.38728332519531,118.06777954101562,112.69871520996094,111.6646728515625,109.63575744628906,106.01886749267578,109.04127502441406,106.8316421508789,107.07473754882812,104.9571304321289,102.21546173095703,100.34440612792969,105.99056243896484,102.04410552978516,104.20172882080078,106.10372161865234,107.01869201660156,108.6876220703125,107.42439270019531,104.27847290039062,105.30906677246094,105.60302734375,103.36827087402344,99.92497253417969,101.13357543945312,97.16995239257812,98.89894104003906,96.66436767578125,97.08243560791016,91.78779602050781,93.4772720336914,89.44271850585938,87.20664978027344,87.23531341552734,78.72102355957031,79.15807342529297,76.47875213623047,79.17701721191406,76.47875213623047,76.47875213623047,73.82411193847656,75.29276275634766,69.83551788330078,70.1783447265625,71.56116485595703,72.00694274902344,73.24616241455078,70.71067810058594,71.58910369873047
0,-36,-95,11,40,125.44719696044922,125.44719696044922,129.25942993164062,126.58988952636719,126.28935241699219,122.3315200805664,119.2182846069336,119.2182846069336,117.9576187133789,116.96580505371094,120.70211029052734,118.34272003173828,117.27318572998047,114.07015228271484,113.0177001953125,115.01738739013672,114.03946685791016,113.0177001953125,117.0042724609375,116.00431060791016,116.00431060791016,118.06777954101562,117.0042724609375,117.068359375,113.00442504882812,117.01708984375,112.01785278320312,112.01785278320312,110.0,109.00458526611328,106.07544708251953,105.1712875366211,102.12247467041016,99.32270812988281,99.18164825439453,98.41239929199219,94.42987060546875,88.36288452148438,85.37564086914062,84.59314727783203,84.48076629638672,81.49846649169922,81.88406372070312,78.91767883300781,80.0624771118164,78.44743347167969,79.83106994628906,78.58753204345703,79.05693817138672,80.95677947998047,76.05918884277344,74.30342864990234
0,-36,-95,12,36,121.8031234741211,126.05157470703125,126.76355743408203,126.05157470703125,123.66487121582031,120.93386840820312,121.26417541503906,118.84864044189453,117.13667297363281,113.14591979980469,114.49454498291016,115.95257568359375,112.80514526367188,110.86027526855469,111.61540985107422,114.58621215820312,111.6646728515625,112.89375305175781,112.89375305175781,114.48143768310547,114.23221588134766,114.82595825195312,112.89375305175781,117.443603515625,115.13470458984375,111.94641876220703,110.36756896972656,109.20164489746094,106.28263854980469,106.4048843383789,102.31813049316406,100.84642028808594,101.76934814453125,99.4032211303711,96.25486755371094,94.70480346679688,92.30926513671875,85.90692901611328,87.32124328613281,84.09518432617188,82.76472473144531,80.52949523925781,79.2022705078125,77.82030487060547,78.71467590332031,74.70609283447266,76.15773010253906,75.7165756225586,76.5506362915039,75.60423278808594,75.07329559326172,74.3303451538086
0,-36,-95,12,35,112.94689178466797,116.10771179199219,119.97083282470703,118.33004760742188,115.76700592041016,114.94781494140625,113.08846282958984,111.08555603027344,109.25199890136719,108.85311126708984,107.01869201660156,107.35455322265625,108.24047088623047,106.00471496582031,105.58882141113281,104.9571304321289,105.39450073242188,104.00961303710938,105.9480972290039,107.33592224121094,109.83624267578125,107.89810180664062,108.46658325195312,108.22661590576172,107.070068359375,105.39450073242188,107.070068359375,103.46980285644531,100.95543670654297,98.47334289550781,97.94386291503906,98.47842407226562,97.34988403320312,91.4166259765625,90.73587799072266,88.1929702758789,82.15229797363281,84.59905242919922,82.36504364013672,81.00617218017578,78.39005279541016,77.5241928100586,75.66372680664062,73.35530090332031,74.6860122680664,73.34848022460938,72.49827575683594,73.9256362915039,73.53910827636719,73.08214569091797,71.38627624511719,69.35416412353516
0,-38,-95,14,27,120.34117889404297,119.92080688476562,123.9072265625,122.65398406982422,120.34117889404297,117.27318572998047,117.63077545166016,116.29703521728516,114.03946685791016,111.82575988769531,111.36426544189453,110.53506469726562,111.3058853149414,109.07795715332031,105.68821716308594,110.38568878173828,107.07473754882812,107.64757537841797,108.60018157958984,110.42192077636719,110.80162811279297,112.20071411132812,108.22661590576172,109.40292358398438,110.20889282226562,108.22661590576172,104.86181640625,107.33592224121094,102.90287017822266,102.34255981445312,98.47842407226562,97.94386291503906,96.25486755371094,93.81364440917969,91.92388153076172,88.83692932128906,88.1929702758789,82.85529327392578,83.6480712890625,80.13114166259766,78.26238250732422,76.47875213623047,76.47875213623047,73.79024505615234,74.24958038330078,72.01388549804688,73.00685119628906,71.86793518066406,72.73238372802734,72.80110168457031,72.18032836914062,71.17584228515625
0,-36,-95,12,35,120.93386840820312,118.22859191894531,124.61540985107422,121.19818115234375,122.91867065429688,116.96580505371094,117.88553619384766,114.58621215820312,112.96902465820312,115.12167358398438,116.4989242553711,109.88175201416016,108.93116760253906,106.32027435302734,109.20164489746094,112.00892639160156,106.23088073730469,106.97663116455078,109.93180084228516,111.08555603027344,111.2339859008789,112.16059875488281,110.86027526855469,113.46365356445312,113.29607391357422,109.5627670288086,104.54663848876953,110.13627624511719,102.88343048095703,105.68821716308594,100.90093994140625,99.95999145507812,98.08159637451172,95.5196304321289,93.30059051513672,92.6552734375,88.86506652832031,85.70297241210938,83.52245330810547,79.55501556396484,81.04319763183594,78.16009521484375,78.16009521484375,74.3303451538086,75.0,73.54590606689453,73.54590606689453,75.70997619628906,74.96665954589844,76.05918884277344,78.025634765625,71.17584228515625
0,-36,-95,12,36,123.8466796875,125.73384857177734,126.50691986083984,122.61321258544922,121.51131439208984,121.51131439208984,120.25389862060547,117.61377716064453,116.4001693725586,116.82893371582031,115.20850372314453,115.12167358398438,114.73883056640625,109.2748794555664,113.74093627929688,112.29425811767578,111.82575988769531,110.98197937011719,112.80514526367188,112.80514526367188,112.72976684570312,115.95257568359375,110.98197937011719,115.31695556640625,115.15641784667969,115.95257568359375,111.89280700683594,106.92988586425781,109.59014892578125,106.23088073730469,104.27847290039062,103.36827087402344,100.64790344238281,98.83824920654297,97.94896697998047,92.57429504394531,90.78546142578125,85.86617279052734,87.6584243774414,83.35466766357422,82.2982406616211,80.13114166259766,81.41252899169922,78.892333984375,77.89736938476562,77.17512512207031,77.93586730957031,76.27581787109375,78.60025787353516,75.1664810180664,75.66372680664062,76.216796875
0,-36,-95,11,39,116.6190414428711,117.83463287353516,117.34564208984375,121.43310546875,118.43141174316406,113.0177001953125,112.89818572998047,113.53413391113281,113.44161224365234,109.29318237304688,111.77208709716797,111.04053497314453,109.22454071044922,106.66770935058594,107.93516540527344,104.13932800292969,106.07544708251953,103.96633911132812,110.30865478515625,109.62207794189453,108.90362548828125,113.21660614013672,108.18965148925781,108.90362548828125,108.89444732666016,107.48953247070312,109.62207794189453,104.00480651855469,102.64988708496094,101.17806243896484,100.4987564086914,99.82484436035156,98.35140991210938,93.50936126708984,91.3509750366211,88.61715698242188,87.96590423583984,84.50444030761719,81.56592559814453,81.05553436279297,79.2022705078125,77.6208724975586,76.83749389648438,76.216796875,74.81310272216797,71.61005401611328,74.63243103027344,74.06078338623047,72.71863555908203,75.13321685791016,71.69379425048828,73.08214569091797
0,-36,-95,12,35,114.94781494140625,118.30891418457031,117.78369903564453,117.38824462890625,115.69355773925781,115.31695556640625,115.55085754394531,111.08555603027344,112.30760955810547,109.123779296875,110.49434661865234,108.22661590576172,107.82392883300781,104.70912170410156,107.54068756103516,104.44615936279297,106.7801513671875,103.46497344970703,108.60018157958984,106.8316421508789,108.46658325195312,110.9414291381836,105.68348693847656,106.25440979003906,107.33592224121094,109.29318237304688,106.7801513671875,102.62553405761719,103.24727630615234,99.02020263671875,98.97979736328125,99.4786376953125,94.66783905029297,91.58602142333984,91.06591033935547,88.1929702758789,87.6584243774414,84.07734680175781,79.64923095703125,80.95059967041016,78.26238250732422,76.47875213623047,74.6860122680664,74.24958038330078,73.40980529785156,73.00685119628906,73.53910827636719,74.46475982666016,69.89277648925781,71.80529022216797,72.00694274902344,70.1783447265625
0,-38,-95,14,27,119.88744354248047,117.66053009033203,119.88744354248047,118.84864044189453,117.13667297363281,114.0570068359375,114.28035736083984,112.32987213134766,112.64546203613281,109.28861236572266,108.16654205322266,109.04127502441406,108.4066390991211,106.82696533203125,104.35037231445312,106.21675872802734,104.69001770019531,104.7377700805664,106.0660171508789,107.48953247070312,107.48023223876953,108.90362548828125,106.07544708251953,106.79419708251953,106.15083312988281,105.418212890625,103.96633911132812,103.3247299194336,100.4987564086914,99.03534698486328,94.2602767944336,95.52486419677734,94.2602767944336,92.8493423461914,90.02777099609375,87.96590423583984,83.40863037109375,82.00609588623047,80.43009185791016,79.2022705078125,77.6208724975586,75.43209075927734,75.43209075927734,72.42237091064453,70.80254364013672,68.818603515625,70.45565795898438,71.02112579345703,70.71067810058594,71.58910369873047,70.22820281982422,69.6419448852539
0,-36,-95,12,35,116.43023681640625,117.61377716064453,121.69634246826172,118.4229736328125,121.69634246826172,115.27792358398438,116.10771179199219,111.54371643066406,113.0,110.16805267333984,110.16805267333984,107.35455322265625,108.85311126708984,107.2800064086914,106.73331451416016,107.00466918945312,104.12012481689453,103.84603881835938,107.83784484863281,111.6646728515625,107.20541381835938,110.38568878173828,108.811767578125,110.38568878173828,107.85638427734375,106.32027435302734,106.60675048828125,104.04325866699219,102.2007827758789,105.77334594726562,99.04039764404297,99.45853424072266,93.14505004882812,95.07891082763672,91.4439697265625,89.49860382080078,88.0738296508789,79.42921447753906,84.17243957519531,80.23091888427734,79.62411499023438,77.87811279296875,79.42921447753906,78.08969116210938,72.83543395996094,74.4311752319336,72.44308471679688,72.44308471679688,74.0,74.06078338623047,71.34423828125,72.7804946899414
0,-36,-95,12,35,118.08895111083984,122.91867065429688,125.15989685058594,124.45883178710938,123.62847900390625,116.96580505371094,118.82760620117188,114.98260498046875,112.8716049194336,112.16059875488281,111.22050476074219,111.07205200195312,109.01834869384766,108.01851654052734,108.00463104248047,108.04165649414062,108.16654205322266,107.07473754882812,112.75193786621094,108.16654205322266,111.16204071044922,112.44554138183594,108.22661590576172,111.54371643066406,108.22661590576172,108.29589080810547,107.22872924804688,107.29864501953125,104.12012481689453,102.17631530761719,98.0204086303711,99.12618255615234,98.08159637451172,96.00521087646484,97.00515747070312,90.00555419921875,89.005615234375,86.0,85.02352905273438,84.0,80.0062484741211,78.05767059326172,77.10382843017578,77.10382843017578,74.3303451538086,74.1080322265625,74.24284362792969,75.66372680664062,77.78174591064453,73.16419982910156,73.08214569091797,72.49827575683594
0,-36,-95,12,36,123.9758071899414,128.41339111328125,125.25174713134766,127.47156524658203,123.71337890625,121.7579574584961,122.7762222290039,117.74549102783203,118.10588836669922,116.46887969970703,116.36150360107422,115.87062072753906,114.52947235107422,113.6485824584961,112.29425811767578,114.73883056640625,112.89818572998047,109.41663360595703,112.07140350341797,114.54693603515625,112.89375305175781,116.21101379394531,113.0177001953125,112.07140350341797,112.89375305175781,116.81181335449219,111.51681518554688,110.45361328125,108.22661590576172,105.39450073242188,102.39628601074219,100.84642028808594,98.97979736328125,98.1121826171875,96.17691802978516,91.4166259765625,91.7060546875,89.47066497802734,86.35391998291016,85.86617279052734,81.88406372070312,79.15807342529297,78.26238250732422,78.26238250732422,77.47257232666016,76.15773010253906,75.3923110961914,77.8331527709961,76.843994140625,77.36924743652344,77.46611785888672,72.44308471679688
0,-36,-95,12,35,119.5198745727539,118.82760620117188,121.19818115234375,123.9112548828125,118.08895111083984,118.53269958496094,114.75626373291016,112.61438751220703,113.77169799804688,111.40017700195312,110.42192077636719,110.86027526855469,106.23088073730469,106.96260833740234,106.04244232177734,103.73042297363281,108.50345611572266,106.04244232177734,108.33743286132812,110.69326782226562,109.93180084228516,111.2339859008789,108.07867431640625,109.25199890136719,110.30865478515625,108.07867431640625,108.46197509765625,103.61949920654297,105.84894561767578,100.84642028808594,100.30453491210938,99.16148376464844,97.73944854736328,93.98403930664062,90.13877868652344,90.82400512695312,89.1964111328125,86.03487396240234,83.52245330810547,82.56512451171875,79.05693817138672,78.16009521484375,77.20103454589844,77.79460144042969,73.76313781738281,74.72616577148438,74.46475982666016,76.68767547607422,71.02112579345703,74.4311752319336,74.00675964355469,71.0633544921875
0,-36,-95,12,36,119.8165283203125,122.80065155029297,125.15989685058594,123.93949890136719,120.8801040649414,118.68024444580078,119.64112854003906,117.0469970703125,117.34138488769531,113.52973175048828,113.88591003417969,113.54734802246094,109.7861557006836,111.2339859008789,111.2339859008789,109.59014892578125,110.90987396240234,110.46266174316406,111.01801300048828,111.50785064697266,112.2541732788086,114.61238861083984,112.29425811767578,112.69871520996094,110.47624206542969,111.35977935791016,108.67382049560547,110.46266174316406,109.1650161743164,103.7545166015625,100.7223892211914,103.31505584716797,100.64790344238281,95.07891082763672,98.0866928100586,94.15412902832031,90.82400512695312,87.59566497802734,85.38150024414062,82.2192153930664,81.27114868164062,79.05693817138672,77.2528305053711,75.61084747314453,76.843994140625,74.04052734375,74.04052734375,74.46475982666016,74.52516174316406,75.66372680664062,75.05997467041016,72.17340087890625
0,-36,-95,12,35,121.93850708007812,125.03199768066406,119.26860809326172,124.86792755126953,121.59358215332031,120.22062683105469,115.76268768310547,113.20777130126953,112.89818572998047,116.4989242553711,111.60645294189453,111.40017700195312,112.16059875488281,110.11357879638672,110.7519760131836,109.34349822998047,109.65856170654297,107.48953247070312,110.30865478515625,111.01801300048828,109.60382843017578,113.84638977050781,108.2081298828125,111.7586669921875,109.60382843017578,109.62207794189453,108.18965148925781,103.3247299194336,106.79419708251953,104.7377700805664,101.91172790527344,101.31633758544922,99.2471694946289,96.54014587402344,96.67471313476562,91.43850708007812,91.0494384765625,87.32124328613281,82.97589874267578,84.81155395507812,82.00609588623047,78.24320983886719,76.216796875,76.83749389648438,73.00685119628906,75.1664810180664,73.49829864501953,74.88658142089844,74.24284362792969,75.66372680664062,74.84651184082031,73.49829864501953
0,-36,-95,12,35,123.04470825195312,119.5198745727539,124.6795883178711,121.8072280883789,124.03628540039062,116.8417739868164,114.85643005371094,114.62983703613281,113.99122619628906,115.21284484863281,111.11255645751953,109.00458526611328,112.00446319580078,109.0,108.07405090332031,109.1650161743164,107.22872924804688,108.22661590576172,109.77249145507812,109.8954086303711,112.53887939453125,112.64102172851562,112.53887939453125,110.16805267333984,111.64676666259766,108.66461944580078,106.56922912597656,108.5587387084961,105.57461547851562,106.47064971923828,98.32598876953125,97.32933807373047,97.1287841796875,95.13148498535156,94.00531768798828,93.13430786132812,88.09085845947266,84.09518432617188,83.15046691894531,83.02409362792969,79.02531433105469,80.0,79.00633239746094,75.02666473388672,75.00666809082031,76.02631378173828,74.02702331542969,76.05918884277344,75.66372680664062,72.83543395996094,73.00685119628906,71.51223754882812
0,-36,-95,12,36,123.00406646728516,123.45849609375,128.968994140625,123.70933532714844,125.67020416259766,121.82774353027344,120.67311096191406,118.43141174316406,115.96551513671875,118.19052124023438,117.0469970703125,115.96551513671875,112.00446319580078,113.2519302368164,112.2541732788086,111.48542785644531,108.46197509765625,112.80514526367188,113.08846282958984,114.94781494140625,113.46365356445312,115.8792495727539,115.15641784667969,113.6529769897461,114.63420104980469,111.89280700683594,108.85311126708984,108.46197509765625,108.46197509765625,106.6208267211914,101.63660430908203,102.55242919921875,103.07764434814453,96.66436767578125,94.81033325195312,94.3663101196289,94.8946762084961,86.35391998291016,86.45230102539062,81.98780059814453,83.24061584472656,81.88406372070312,82.49242401123047,76.85050201416016,74.4311752319336,76.66159057617188,76.5506362915039,75.1664810180664,78.4091796875,76.48529052734375,77.23341369628906,75.60423278808594
0,-36,-95,12,35,117.08544158935547,116.10340118408203,119.43617248535156,119.85408020019531,117.88553619384766,115.12167358398438,116.90166473388672,111.1980209350586,111.61093139648438,109.88175201416016,110.63453674316406,110.11357879638672,107.96759033203125,107.2800064086914,106.60675048828125,109.20164489746094,107.15409088134766,106.04244232177734,107.15409088134766,109.93180084228516,108.46197509765625,109.20164489746094,104.75209045410156,108.07867431640625,108.84851837158203,107.33592224121094,105.9480972290039,104.06248474121094,102.18121337890625,99.95999145507812,100.5683822631836,97.41663360595703,99.6242904663086,91.48223876953125,90.70832061767578,92.34716796875,86.83317565917969,83.43260955810547,83.43260955810547,79.55501556396484,80.28075408935547,78.58753204345703,76.90253448486328,72.36711883544922,75.50496673583984,70.85901641845703,71.44927978515625,74.4311752319336,74.1080322265625,72.02777099609375,72.17340087890625,70.21395874023438
0,-36,-95,12,35,114.54257202148438,117.4776611328125,114.75626373291016,115.73245239257812,111.40017700195312,116.4989242553711,109.65856170654297,110.0227279663086,110.21796417236328,106.21205139160156,103.94710540771484,105.9292221069336,104.58011627197266,102.12247467041016,103.23758697509766,102.07839965820312,105.0,100.0,106.04244232177734,104.01922607421875,105.0428466796875,105.0,103.0436782836914,107.04204559326172,105.0047607421875,104.00480651855469,103.00485229492188,100.04499053955078,98.12747192382812,95.08417510986328,97.18538665771484,97.25225067138672,95.33625030517578,89.27485656738281,88.56636047363281,86.20904541015625,83.6002426147461,81.39410400390625,79.6303939819336,79.90619659423828,72.83543395996094,72.69112396240234,72.83543395996094,70.03570556640625,70.03570556640625,67.46851348876953,66.70832061767578,70.60453033447266,68.680419921875,70.22820281982422,68.94200134277344,71.86793518066406
0,-36,-95,12,36,123.16655731201172,123.56779479980469,127.53430938720703,126.84636688232422,123.56779479980469,125.00399780273438,122.77214813232422,117.38824462890625,117.27318572998047,112.72976684570312,116.29703521728516,113.17684936523438,113.74093627929688,112.8716049194336,114.12712097167969,111.3058853149414,112.32987213134766,109.60382843017578,116.01724243164062,118.4609603881836,112.89818572998047,113.99122619628906,113.44161224365234,115.20850372314453,115.108642578125,114.54693603515625,114.58621215820312,106.32967376708984,111.22050476074219,103.77379608154297,107.70329284667969,105.81587982177734,101.212646484375,99.36296844482422,98.83824920654297,95.77056121826172,94.8946762084961,89.89994812011719,85.86617279052734,86.31338500976562,82.2982406616211,81.41252899169922,78.79086303710938,78.39005279541016,76.32168579101562,76.32168579101562,77.16217041015625,76.5506362915039,74.63243103027344,75.69015502929688,77.78174591064453,76.10519409179688
0,-36,-95,12,36,125.71794128417969,123.3693618774414,125.59060668945312,125.15989685058594,126.08727264404297,123.49089050292969,122.09013366699219,117.39250183105469,115.43396759033203,117.6435317993164,118.2962417602539,117.17507934570312,112.53887939453125,110.85575866699219,110.11357879638672,114.75626373291016,109.4897232055664,113.43721008300781,114.42464447021484,114.73883056640625,115.41230773925781,114.42464447021484,114.2716064453125,115.6243896484375,114.12712097167969,113.28282928466797,114.58621215820312,113.28282928466797,103.7545166015625,107.68936920166016,102.77159118652344,104.13932800292969,103.16007232666016,100.22474670410156,95.8018798828125,94.3663101196289,94.3663101196289,89.49860382080078,87.55569458007812,82.2800064086914,82.46211242675781,81.4923324584961,81.32035064697266,77.88452911376953,75.96051788330078,79.05693817138672,75.96051788330078,76.216796875,76.967529296875,73.79024505615234,76.15773010253906,74.65252685546875
0,-38,-95,14,27,123.58397674560547,120.50311279296875,124.90396118164062,120.41594696044922,123.58397674560547,114.62983703613281,117.83463287353516,114.98260498046875,113.1370849609375,115.1173324584961,112.14722442626953,109.83624267578125,110.0227279663086,108.46658325195312,104.56098937988281,110.16351318359375,104.04325866699219,109.4805908203125,105.9480972290039,109.7861557006836,110.38568878173828,110.13627624511719,110.67971801757812,108.78418731689453,109.76793670654297,106.90182495117188,104.35516357421875,106.90182495117188,101.83319854736328,103.74005889892578,98.37174224853516,99.6242904663086,96.4624252319336,93.68030548095703,92.444580078125,91.92388153076172,86.12200927734375,82.76472473144531,81.58431243896484,78.85429382324219,80.28075408935547,76.40026092529297,78.64476776123047,72.56720733642578,72.36711883544922,70.40596771240234,71.02112579345703,72.18032836914062,72.24956512451172,72.00694274902344,69.18092346191406,68.73136138916016
0,-36,-95,11,40,124.27791595458984,124.72369384765625,125.41929626464844,127.78105926513672,121.84005737304688,122.12288665771484,120.8801040649414,119.2518310546875,120.60265350341797,117.88129425048828,118.40608215332031,117.68601989746094,111.80339813232422,114.75626373291016,110.81967163085938,110.47624206542969,112.75193786621094,110.16805267333984,116.6190414428711,113.99122619628906,114.62983703613281,114.73883056640625,113.1370849609375,114.73883056640625,114.98260498046875,113.1370849609375,110.3177261352539,109.4897232055664,108.50345611572266,103.7545166015625,106.8877944946289,102.9611587524414,102.18121337890625,100.0199966430664,96.7729263305664,94.3716049194336,92.04889678955078,89.5600357055664,88.05680084228516,83.81526947021484,83.24061584472656,82.2800064086914,80.65357971191406,80.0062484741211,80.0062484741211,75.61084747314453,74.46475982666016,78.79086303710938,75.29276275634766,78.892333984375,76.6093978881836,75.92759704589844
0,-38,-95,14,28,122.1883773803711,123.32071685791016,125.44719696044922,124.16924285888672,122.05326843261719,123.32071685791016,121.06196594238281,117.23907470703125,115.41230773925781,113.43721008300781,115.41230773925781,113.95174407958984,110.63453674316406,112.05802154541016,109.1421127319336,110.16351318359375,110.72488403320312,107.85638427734375,112.60550689697266,113.84199523925781,111.3193588256836,112.57886505126953,110.72488403320312,111.62885284423828,110.44002532958984,111.40017700195312,110.16351318359375,105.77334594726562,104.29285430908203,103.3247299194336,101.13851928710938,100.89598846435547,97.74456787109375,93.94147491455078,94.5409927368164,91.59148406982422,89.26925659179688,85.84288024902344,83.86298370361328,81.88406372070312,80.7527084350586,78.77182006835938,78.63841247558594,78.4091796875,75.42546081542969,73.17103576660156,73.10950469970703,75.00666809082031,72.02777099609375,75.23961639404297,72.00694274902344,72.53275299072266
0,-36,-95,12,35,119.26860809326172,121.46192932128906,122.19656372070312,123.13001251220703,119.26860809326172,118.30891418457031,117.54573822021484,115.8792495727539,112.92475128173828,111.61540985107422,110.07270050048828,108.6876220703125,108.67382049560547,107.35455322265625,106.47064971923828,109.29318237304688,108.22661590576172,107.070068359375,108.72441864013672,109.83624267578125,109.29318237304688,113.1591796875,109.60382843017578,111.01801300048828,110.98197937011719,108.16654205322266,106.7801513671875,106.0,102.62553405761719,101.54801940917969,99.4786376953125,98.1121826171875,98.61541748046875,95.38343811035156,93.1504135131836,91.30169677734375,87.23531341552734,86.35391998291016,82.36504364013672,80.95059967041016,77.82030487060547,77.41446685791016,78.72102355957031,72.91776275634766,74.84651184082031,75.23961639404297,75.3923110961914,76.32168579101562,73.76313781738281,76.68767547607422,71.02112579345703,72.00694274902344
0,-36,-95,12,35,121.75385284423828,124.90796661376953,120.07081604003906,125.41929626464844,119.8165283203125,121.84005737304688,120.7849349975586,114.4770736694336,115.44696044921875,111.61093139648438,111.1980209350586,113.77169799804688,112.29425811767578,109.45775604248047,107.67079162597656,108.29589080810547,111.22050476074219,106.169677734375,112.1115493774414,111.11255645751953,112.28534698486328,114.1095962524414,107.22872924804688,111.00450134277344,111.07205200195312,113.1591796875,109.11461639404297,104.47966003417969,108.46197509765625,100.31948852539062,102.70345306396484,99.72462463378906,99.84988403320312,95.75489807128906,92.9139404296875,89.67720031738281,89.10667419433594,85.98837280273438,87.132080078125,82.20097351074219,78.26238250732422,79.24645233154297,76.29547882080078,77.66595458984375,73.75635528564453,73.00685119628906,72.53275299072266,73.76313781738281,71.16881561279297,78.39005279541016,71.58910369873047,73.24616241455078
0,-36,-95,12,36,123.3693618774414,126.08727264404297,127.63228607177734,126.28935241699219,124.23365020751953,120.90492248535156,122.93087768554688,116.46887969970703,117.38824462890625,116.29703521728516,115.95257568359375,112.2541732788086,113.6485824584961,112.50777435302734,109.60382843017578,112.60550689697266,109.85900115966797,107.07473754882812,114.40279388427734,112.80071258544922,114.40279388427734,114.40279388427734,110.43550109863281,114.01753997802734,113.2254409790039,112.64546203613281,109.20164489746094,107.80074310302734,108.00463104248047,108.00463104248047,99.6242904663086,102.41581726074219,105.20931243896484,97.6524429321289,95.13148498535156,93.49331665039062,93.19334411621094,89.35882568359375,84.90583038330078,84.31488800048828,84.05950164794922,81.3019027709961,79.92496490478516,79.25907135009766,76.85050201416016,74.94664764404297,73.82411193847656,78.39005279541016,76.15773010253906,75.96051788330078,74.63243103027344,75.80237579345703
0,-36,-95,12,35,114.07015228271484,118.00423431396484,120.0,120.03749084472656,120.01666259765625,115.108642578125,113.0,109.01834869384766,109.04127502441406,109.00458526611328,109.0,106.07544708251953,106.04244232177734,104.17293548583984,105.47511291503906,104.69001770019531,103.09703826904297,103.81714630126953,105.72132873535156,106.8877944946289,107.2800064086914,106.7052001953125,105.38026428222656,107.20074462890625,106.79419708251953,107.78682708740234,104.8093490600586,103.81714630126953,102.70345306396484,98.99494934082031,97.51409912109375,93.77099609375,98.32598876953125,93.34345245361328,92.19544219970703,89.20201873779297,87.02298736572266,80.0,84.0,79.0,76.00657653808594,76.00657653808594,77.0064926147461,72.02777099609375,74.06078338623047,71.00704193115234,70.00714111328125,70.34912872314453,75.80237579345703,70.61161041259766,69.2603759765625,68.02940368652344
0,-36,-95,12,36,127.12985229492188,126.82665252685547,129.34063720703125,126.82665252685547,124.27791595458984,124.59534454345703,120.8801040649414,120.2081527709961,119.64112854003906,118.84864044189453,119.36917877197266,115.9482650756836,111.61093139648438,114.75626373291016,109.83624267578125,113.28282928466797,113.0,113.99122619628906,112.53887939453125,116.15506744384766,115.6243896484375,116.5203857421875,114.62983703613281,114.28035736083984,114.52947235107422,113.28282928466797,110.76551818847656,107.78682708740234,105.80170440673828,106.0660171508789,102.25947570800781,105.80170440673828,101.83319854736328,98.65596771240234,98.65596771240234,95.52486419677734,90.24411010742188,88.84255981445312,87.09764862060547,83.19855499267578,81.25269317626953,80.52328491210938,80.52328491210938,77.1297607421875,75.96051788330078,77.88452911376953,77.88452911376953,76.216796875,73.53910827636719,78.72102355957031,76.66159057617188,74.63243103027344
0,-36,-95,12,36,120.41594696044922,124.5351333618164,118.45674133300781,124.7798080444336,120.22062683105469,122.37646484375,116.90166473388672,114.75626373291016,117.68601989746094,113.50770568847656,114.01753997802734,112.92918395996094,110.36756896972656,108.78418731689453,111.0,107.91200256347656,110.07270050048828,107.54068756103516,110.98197937011719,111.40017700195312,110.98197937011719,112.80514526367188,107.01869201660156,109.56732940673828,110.92339324951172,108.22661590576172,106.92988586425781,105.11898040771484,107.54068756103516,96.66436767578125,100.84642028808594,100.84642028808594,97.49871826171875,95.85926818847656,93.04837799072266,90.2496566772461,90.82400512695312,84.8646011352539,82.87339782714844,85.70297241210938,81.27114868164062,79.69943237304688,77.49193572998047,77.8331527709961,75.69015502929688,73.76313781738281,73.49829864501953,73.54590606689453,76.79192352294922,75.95393371582031,76.16429901123047,73.06161499023438
0,-36,-95,12,35,120.41594696044922,121.20230865478516,121.20230865478516,124.40257263183594,120.26637268066406,117.27318572998047,116.7261734008789,114.52947235107422,112.53887939453125,111.64676666259766,112.64102172851562,109.32977294921875,109.65856170654297,107.68936920166016,106.09900665283203,106.73331451416016,106.32027435302734,107.2800064086914,108.811767578125,107.85638427734375,110.44002532958984,111.40017700195312,108.66921997070312,111.40017700195312,107.00466918945312,109.8954086303711,107.2800064086914,105.01904296875,105.26158142089844,101.39033508300781,99.92497253417969,99.68952178955078,99.46356201171875,94.3663101196289,96.17691802978516,88.6453628540039,86.97700500488281,87.96590423583984,84.85281372070312,78.08969116210938,80.0624771118164,77.92945861816406,76.79192352294922,74.67261505126953,75.66372680664062,71.17584228515625,71.25306701660156,74.06078338623047,74.00675964355469,72.11102294921875,71.84706115722656,69.63475799560547
0,-38,-95,14,28,118.92855072021484,120.48651123046875,121.7579574584961,122.06555938720703,119.2182846069336,116.37869262695312,116.37869262695312,113.54734802246094,113.54734802246094,109.00458526611328,110.86027526855469,108.85311126708984,107.01869201660156,105.55093383789062,105.0951919555664,105.58882141113281,107.04204559326172,104.31682586669922,108.22661590576172,107.37783813476562,106.32967376708984,107.18675231933594,106.32967376708984,109.0,106.8503646850586,106.67708587646484,104.9571304321289,103.44564056396484,100.7223892211914,97.6166000366211,98.48857879638672,97.1287841796875,95.29428100585938,90.3548583984375,90.3548583984375,87.6584243774414,85.90692901611328,83.19255065917969,80.52949523925781,79.2022705078125,76.967529296875,74.73285675048828,72.49827575683594,71.69379425048828,70.00714111328125,69.28924560546875,69.6419448852539,69.89277648925781,68.4105224609375,70.61161041259766,68.73136138916016,68.06614685058594
0,-36,-95,12,35,116.55899810791016,123.79418182373047,123.16655731201172,124.61540985107422,116.7261734008789,119.68291473388672,117.71150970458984,113.56495666503906,114.14026641845703,109.44404602050781,110.85575866699219,109.8954086303711,109.76793670654297,108.46658325195312,110.36756896972656,106.97663116455078,107.54068756103516,104.0,108.33743286132812,107.54068756103516,110.69326782226562,107.93516540527344,108.85311126708984,108.25894927978516,109.25199890136719,108.85311126708984,108.46197509765625,106.77546691894531,106.4048843383789,99.5389404296875,102.18121337890625,98.08159637451172,96.5660400390625,92.35800170898438,93.30059051513672,89.1964111328125,90.13877868652344,82.2192153930664,82.861328125,83.52245330810547,77.88452911376953,79.69943237304688,77.88452911376953,70.88018035888672,74.46475982666016,73.00685119628906,73.00685119628906,74.96665954589844,71.70076751708984,74.3303451538086,71.00704193115234,72.24956512451172
0,-38,-95,14,28,118.10588836669922,123.06502532958984,118.10588836669922,124.03628540039062,116.0689468383789,121.03718566894531,116.03878784179688,115.108642578125,114.07015228271484,108.46197509765625,109.45775604248047,109.03668975830078,108.50345611572266,107.68936920166016,107.68936920166016,103.94229125976562,107.70793914794922,102.61091613769531,108.66921997070312,106.23088073730469,108.17115783691406,108.17115783691406,104.04806518554688,107.85638427734375,109.20164489746094,108.66921997070312,105.75916290283203,101.63660430908203,103.16007232666016,99.2471694946289,98.84330749511719,96.8813705444336,95.7078857421875,91.59148406982422,91.92388153076172,86.4927749633789,85.5102310180664,82.37718200683594,80.8949966430664,78.91767883300781,73.55270385742188,76.53103637695312,72.56031799316406,73.55270385742188,71.17584228515625,70.1783447265625,70.06425476074219,71.00704193115234,68.0,71.17584228515625,69.46221923828125,69.85699462890625
0,-36,-95,12,35,120.67311096191406,122.5887451171875,123.42204284667969,125.36347198486328,120.10411834716797,118.4609603881836,117.32433319091797,113.99122619628906,112.89818572998047,112.36102294921875,112.36102294921875,110.27692413330078,110.9414291381836,110.05907440185547,107.78218841552734,104.69479370117188,110.30865478515625,106.6208267211914,110.49434661865234,110.86027526855469,111.2339859008789,113.29607391357422,107.33592224121094,109.44404602050781,112.16059875488281,109.20164489746094,104.92378234863281,107.54068756103516,104.3886947631836,99.92497253417969,103.07764434814453,100.31948852539062,98.41239929199219,96.17691802978516,92.57429504394531,88.56636047363281,87.6584243774414,84.9705810546875,84.5280990600586,81.41252899169922,79.17701721191406,79.15807342529297,75.59100341796875,73.57308959960938,74.24284362792969,72.20111083984375,71.86793518066406,71.02112579345703,69.89277648925781,74.81310272216797,71.4212875366211,70.93659210205078
0,-36,-95,12,35,123.79418182373047,121.06196594238281,122.1883773803711,120.70211029052734,121.69634246826172,116.96580505371094,116.8417739868164,112.8716049194336,112.8716049194336,112.61438751220703,112.61438751220703,110.21796417236328,109.63575744628906,109.88175201416016,107.70329284667969,109.63575744628906,104.9952392578125,104.67568969726562,105.68821716308594,108.84851837158203,107.83784484863281,110.38568878173828,108.50345611572266,108.84851837158203,109.41663360595703,107.51744079589844,106.90182495117188,108.15729522705078,106.04244232177734,101.83319854736328,99.04039764404297,100.0,94.5938720703125,95.33625030517578,94.5938720703125,89.9888916015625,86.34812927246094,83.43260955810547,81.58431243896484,78.64476776123047,77.10382843017578,77.66595458984375,77.92945861816406,73.16419982910156,70.45565795898438,72.44308471679688,70.34912872314453,72.3394775390625,75.02666473388672,74.00675964355469,71.34423828125,69.05070495605469
0,-36,-95,12,36,122.78843688964844,124.47087860107422,125.73384857177734,127.440185546875,122.28655242919922,122.91867065429688,119.47384643554688,115.52056121826172,116.18089294433594,113.89907836914062,113.21660614013672,113.84638977050781,111.01801300048828,111.7586669921875,113.35784149169922,109.65856170654297,111.52130126953125,108.85311126708984,114.40279388427734,113.4063491821289,114.01753997802734,113.0707778930664,110.0,112.41441345214844,111.82575988769531,113.4063491821289,110.42192077636719,104.48445129394531,108.70602416992188,100.2646484375,105.55093383789062,102.303466796875,102.303466796875,97.45255279541016,94.76286315917969,89.87213134765625,89.1964111328125,90.55384826660156,87.0,84.17243957519531,78.51751708984375,80.61017608642578,78.49203491210938,75.74298858642578,75.07329559326172,75.82215881347656,74.3303451538086,73.10950469970703,73.87828063964844,73.7834701538086,72.4706802368164,77.47257232666016
0,-36,-95,12,36,125.1439208984375,124.25779724121094,127.3930892944336,125.32357788085938,124.14507293701172,120.26637268066406,122.26201629638672,117.42657470703125,120.41594696044922,118.34272003173828,115.6243896484375,116.2497329711914,114.58621215820312,110.81967163085938,112.37882232666016,112.80514526367188,111.12605285644531,114.01753997802734,112.08924865722656,112.08924865722656,116.48175811767578,116.48175811767578,113.32254791259766,112.27198791503906,114.01753997802734,112.08924865722656,110.16351318359375,110.60289001464844,104.54663848876953,106.73799896240234,101.86756134033203,104.04806518554688,103.81233215332031,98.47842407226562,96.31718444824219,95.52486419677734,92.76313781738281,87.29833984375,87.66413116455078,85.32877349853516,85.32877349853516,79.07591247558594,82.03657531738281,76.53103637695312,76.79192352294922,76.2364730834961,75.42546081542969,75.05997467041016,73.0,77.0,75.23961639404297,73.75635528564453
0,-36,-95,13,31,119.47384643554688,119.47384643554688,124.19742584228516,126.50691986083984,120.25389862060547,119.33147430419922,114.01753997802734,113.70136260986328,111.6646728515625,112.69871520996094,109.65856170654297,108.90362548828125,109.60382843017578,108.90362548828125,106.79419708251953,106.8877944946289,105.75916290283203,104.89041900634766,109.4805908203125,108.57716369628906,107.93516540527344,110.2587890625,106.66770935058594,109.63575744628906,110.2587890625,112.69871520996094,107.71257781982422,105.75916290283203,104.06248474121094,99.82484436035156,98.31072998046875,99.03534698486328,97.59098052978516,94.75231170654297,91.92388153076172,89.14033508300781,89.87213134765625,84.8646011352539,84.89994049072266,84.2199478149414,79.30951690673828,80.15609741210938,75.74298858642578,75.92759704589844,73.24616241455078,73.24616241455078,71.61005401611328,72.42237091064453,72.11102294921875,75.29276275634766,70.21395874023438,72.12489318847656
0,-36,-95,12,36,122.80879211425781,129.24781799316406,126.6056900024414,126.30122375488281,124.5351333618164,123.16655731201172,119.43617248535156,119.10079956054688,119.64112854003906,116.91449737548828,116.18089294433594,114.28472900390625,113.32254791259766,112.89375305175781,112.57886505126953,112.36102294921875,108.07867431640625,108.46197509765625,113.63538360595703,110.07270050048828,114.06138610839844,115.45128631591797,109.93180084228516,114.06138610839844,111.61540985107422,114.94781494140625,110.30865478515625,107.70329284667969,107.91200256347656,107.15409088134766,104.06248474121094,103.73042297363281,100.30453491210938,98.97979736328125,96.76776123046875,93.96276092529297,93.40770721435547,86.40023040771484,86.12781524658203,84.20214080810547,80.52328491210938,82.2800064086914,77.6208724975586,78.10249328613281,76.90253448486328,76.90253448486328,76.68767547607422,75.66372680664062,77.64663696289062,77.10382843017578,76.0,73.55270385742188
0,-36,-95,12,36,120.30377960205078,119.8165283203125,121.27654266357422,127.57743072509766,119.33147430419922,123.0,120.22062683105469,116.29703521728516,116.29703521728516,115.52056121826172,113.77169799804688,110.3177261352539,109.77249145507812,112.44554138183594,109.37092590332031,107.04204559326172,108.04165649414062,107.01869201660156,109.01834869384766,110.01818084716797,112.00446319580078,113.0398178100586,112.00446319580078,113.0398178100586,109.0,109.0,108.00463104248047,106.01886749267578,105.0,102.0,102.0,101.0,99.02020263671875,97.00515747070312,95.04735565185547,90.0888442993164,90.44888305664062,85.14693450927734,84.38008880615234,81.39410400390625,79.22752380371094,75.1664810180664,78.4091796875,76.16429901123047,73.43704986572266,72.24956512451172,73.55270385742188,76.53103637695312,73.82411193847656,74.63243103027344,74.0,70.21395874023438
0,-36,-95,12,36,119.10079956054688,119.92080688476562,123.43419647216797,118.59595489501953,123.9072265625,116.7775650024414,117.20068359375,112.69871520996094,112.69871520996094,111.35977935791016,111.80339813232422,109.77249145507812,108.5587387084961,106.53168487548828,107.70329284667969,108.22661590576172,105.0,106.01886749267578,106.82696533203125,106.04244232177734,108.70602416992188,110.2587890625,111.04053497314453,110.8873291015625,110.42192077636719,108.22661590576172,103.85566711425781,105.80170440673828,102.00489807128906,102.61579132080078,97.6524429321289,100.80178833007812,96.83490753173828,92.43917083740234,92.6498794555664,91.80958557128906,87.98295593261719,83.00602722167969,84.05950164794922,78.892333984375,79.25907135009766,75.1797866821289,74.4311752319336,72.00694274902344,71.58910369873047,73.35530090332031,72.00694274902344,74.73285675048828,72.44998168945312,74.63243103027344,73.00685119628906,66.61080932617188
0,-38,-95,14,28,127.66361999511719,127.56566619873047,127.4754867553711,126.66886138916016,124.6795883178711,125.89678192138672,123.58397674560547,120.5985107421875,121.41252136230469,116.34861755371094,116.43023681640625,115.06954193115234,116.0,113.0,112.04016876220703,112.1115493774414,110.45361328125,109.37092590332031,114.73883056640625,113.99122619628906,112.75193786621094,115.73245239257812,109.55364227294922,114.2716064453125,114.52947235107422,112.53887939453125,109.55364227294922,107.56393432617188,109.55364227294922,106.38138580322266,105.385009765625,102.39628601074219,100.31948852539062,98.18350219726562,95.08417510986328,92.13577270507812,92.00543212890625,86.02325439453125,84.0,84.0,80.0,78.00640869140625,78.00640869140625,76.0,75.00666809082031,72.00694274902344,73.10950469970703,75.1664810180664,71.70076751708984,74.14849853515625,72.53275299072266,72.80110168457031
0,-36,-95,12,36,122.06555938720703,122.12288665771484,122.06555938720703,125.87295532226562,118.9621810913086,117.72000885009766,118.00423431396484,116.76043701171875,118.59595489501953,110.67971801757812,114.82595825195312,113.46365356445312,109.65856170654297,108.7474136352539,106.10372161865234,107.35455322265625,107.35455322265625,105.19029998779297,112.50777435302734,110.53506469726562,110.47624206542969,113.2519302368164,107.91200256347656,114.0570068359375,107.54068756103516,111.50785064697266,110.47624206542969,104.65657806396484,106.47064971923828,100.23971557617188,103.76897430419922,100.64790344238281,101.55294036865234,97.04637908935547,94.42987060546875,90.78546142578125,87.32124328613281,84.5813217163086,87.66413116455078,83.38465118408203,79.30951690673828,78.0,75.96051788330078,72.80110168457031,75.58438873291016,72.12489318847656,73.68174743652344,72.12489318847656,70.3420181274414,74.95331573486328,72.56031799316406,70.028564453125
0,-38,-95,15,24,124.4829330444336,125.17587280273438,125.17587280273438,125.89678192138672,123.79418182373047,119.60350799560547,118.1397476196289,117.4137954711914,116.7261734008789,113.84638977050781,113.89907836914062,110.53506469726562,111.39569091796875,110.7519760131836,109.98636627197266,109.4805908203125,109.20164489746094,106.40018463134766,109.85900115966797,110.43550109863281,110.0,112.80071258544922,108.60018157958984,112.32987213134766,110.43550109863281,111.01801300048828,107.80074310302734,105.42295837402344,107.29864501953125,101.67103576660156,99.35794067382812,100.00499725341797,99.90495300292969,94.9210205078125,93.38094329833984,89.14033508300781,89.10667419433594,84.17243957519531,84.85281372070312,81.32035064697266,78.56844329833984,77.10382843017578,75.00666809082031,73.66138458251953,72.24956512451172,70.93659210205078,71.84010314941406,70.21395874023438,68.818603515625,71.86793518066406,71.11962127685547,69.6419448852539
0,-36,-95,12,36,123.96773529052734,127.20063018798828,121.45780944824219,126.82665252685547,122.4132308959961,123.0812759399414,120.8801040649414,118.2708740234375,113.2254409790039,114.49017333984375,115.52056121826172,115.8792495727539,111.48542785644531,112.30760955810547,110.92339324951172,110.47624206542969,112.37882232666016,110.27692413330078,113.87712860107422,110.45361328125,114.0570068359375,116.28413391113281,112.50777435302734,112.07140350341797,112.50777435302734,112.8716049194336,112.36102294921875,107.70329284667969,112.00446319580078,104.9571304321289,104.44615936279297,103.44564056396484,99.36296844482422,99.76472473144531,97.94896697998047,92.66067504882812,89.89994812011719,87.6584243774414,86.31338500976562,85.49269104003906,80.05622863769531,79.62411499023438,74.73285675048828,77.47257232666016,75.64390563964844,76.15773010253906,76.15773010253906,77.49193572998047,74.63243103027344,78.10249328613281,74.14849853515625,75.1664810180664
0,-36,-95,12,36,118.53269958496094,121.49485778808594,119.2392578125,122.05326843261719,122.3315200805664,116.2497329711914,116.10771179199219,114.98260498046875,111.62885284423828,115.73245239257812,110.85575866699219,110.35397338867188,107.85638427734375,107.2800064086914,107.56393432617188,108.46658325195312,107.91200256347656,106.04244232177734,108.07867431640625,108.85311126708984,106.77546691894531,108.85311126708984,106.6208267211914,110.57124328613281,109.00458526611328,110.69326782226562,107.15409088134766,107.70329284667969,103.07764434814453,101.39033508300781,97.14422607421875,98.08159637451172,96.4624252319336,93.30059051513672,90.44335174560547,89.8888168334961,86.97700500488281,85.38150024414062,82.861328125,79.4040298461914,78.84795379638672,79.55501556396484,77.1297607421875,74.72616577148438,73.00685119628906,72.2772445678711,71.0633544921875,71.19690704345703,71.02112579345703,72.17340087890625,70.00714111328125,72.24956512451172
0,-36,-95,12,36,118.53269958496094,123.9112548828125,118.71394348144531,124.31009674072266,118.94956970214844,117.9576187133789,116.10771179199219,114.52947235107422,112.53887939453125,109.77249145507812,109.45775604248047,109.1650161743164,108.04165649414062,106.07544708251953,108.00463104248047,106.00471496582031,106.30146026611328,106.169677734375,110.29052734375,107.37783813476562,109.37092590332031,114.43775939941406,108.16654205322266,108.37435150146484,108.16654205322266,108.37435150146484,107.29864501953125,107.07473754882812,103.01941680908203,102.17631530761719,102.00489807128906,99.02020263671875,99.00505065917969,93.0,94.02127075195312,87.02298736572266,87.00574493408203,85.09406280517578,85.02352905273438,83.15046691894531,78.10249328613281,78.23043060302734,77.16217041015625,75.1065902709961,72.24956512451172,73.43704986572266,71.84706115722656,72.56031799316406,71.58910369873047,72.80110168457031,70.00714111328125,70.21395874023438
0,-36,-95,12,36,128.16004943847656,123.42204284667969,121.79490661621094,126.479248046875,126.19429779052734,121.7579574584961,121.79490661621094,118.72657775878906,117.13667297363281,118.3385009765625,118.3385009765625,114.12712097167969,113.1591796875,109.56732940673828,112.30760955810547,113.08846282958984,109.20164489746094,109.20164489746094,111.62885284423828,113.84199523925781,110.13627624511719,116.37869262695312,112.94689178466797,114.7911148071289,114.23221588134766,114.58621215820312,110.13627624511719,109.7861557006836,107.83784484863281,106.97663116455078,102.31813049316406,104.92378234863281,104.177734375,99.4032211303711,98.79270935058594,98.0866928100586,88.56636047363281,85.49269104003906,87.66413116455078,85.0,83.67198181152344,79.2022705078125,76.02631378173828,75.58438873291016,76.47875213623047,76.94153594970703,74.30342864990234,76.66159057617188,73.7834701538086,75.0,75.82215881347656,74.3303451538086
0,-36,-95,12,37,126.81088256835938,122.4948959350586,129.5569305419922,128.2224578857422,128.8177032470703,121.75385284423828,119.67037963867188,121.01652526855469,119.85408020019531,116.66190338134766,117.443603515625,116.82893371582031,112.89375305175781,115.67626953125,113.74093627929688,112.68096923828125,115.00434875488281,111.89280700683594,114.94781494140625,113.1591796875,114.06138610839844,117.1836166381836,114.52947235107422,114.54257202148438,115.38197326660156,114.06138610839844,115.83609008789062,110.47624206542969,108.30050659179688,106.0660171508789,103.353759765625,102.88343048095703,105.30906677246094,97.24710845947266,98.27003479003906,95.96353149414062,90.73587799072266,89.69392395019531,87.132080078125,84.59905242919922,79.4040298461914,79.07591247558594,80.70935821533203,78.81623840332031,74.88658142089844,74.88658142089844,76.6093978881836,75.60423278808594,78.74642944335938,74.2765121459961,78.56844329833984,73.23933410644531
0,-36,-95,12,36,125.92855072021484,124.14910125732422,124.73973083496094,124.33824920654297,124.14910125732422,124.5351333618164,122.18428802490234,116.92733001708984,117.90250396728516,115.9482650756836,116.21101379394531,113.88591003417969,113.54734802246094,109.20164489746094,110.13627624511719,112.40106964111328,112.72976684570312,111.40017700195312,110.47624206542969,112.2541732788086,111.35977935791016,114.94781494140625,112.2541732788086,113.74093627929688,110.90987396240234,110.46266174316406,114.06138610839844,110.49434661865234,111.82575988769531,105.54619598388672,105.11898040771484,103.46980285644531,102.04410552978516,96.25486755371094,95.85405731201172,93.10746765136719,94.15412902832031,90.07774353027344,85.49269104003906,82.07923126220703,83.57032775878906,81.1541748046875,82.07923126220703,77.8331527709961,76.89603424072266,76.5375747680664,73.68174743652344,72.80110168457031,78.58753204345703,78.64476776123047,73.55270385742188,75.05997467041016
0,-38,-95,14,28,119.8165283203125,123.14625549316406,121.2476806640625,125.64234924316406,119.26860809326172,121.7579574584961,120.10411834716797,115.0,114.03946685791016,109.40292358398438,113.2254409790039,110.2587890625,109.34349822998047,108.57716369628906,108.37435150146484,105.47511291503906,110.30865478515625,102.53292083740234,109.04127502441406,108.37435150146484,109.04127502441406,109.04127502441406,105.418212890625,110.53506469726562,108.93116760253906,107.56393432617188,107.56393432617188,101.82337951660156,106.77546691894531,96.87621307373047,101.11874389648438,98.99494934082031,97.59098052978516,93.33809661865234,92.76313781738281,86.37129211425781,86.55634307861328,82.97589874267578,82.2192153930664,82.2192153930664,76.83749389648438,76.83749389648438,73.87828063964844,73.87828063964844,73.24616241455078,70.60453033447266,72.62230682373047,70.45565795898438,67.41661834716797,71.11962127685547,68.94200134277344,69.2603759765625
0,-36,-95,12,36,120.67311096191406,122.31925201416016,123.49089050292969,123.70933532714844,119.26860809326172,119.85408020019531,120.10411834716797,118.43141174316406,115.6633071899414,112.8716049194336,114.0570068359375,113.2519302368164,111.80339813232422,108.67382049560547,109.123779296875,110.98197937011719,108.63240814208984,106.77546691894531,108.16654205322266,105.34230041503906,112.00892639160156,112.60550689697266,114.58621215820312,112.89375305175781,110.13627624511719,112.00892639160156,110.13627624511719,109.3846435546875,104.92378234863281,106.23088073730469,101.13357543945312,104.177734375,99.4032211303711,95.34149169921875,97.04637908935547,93.471923828125,90.3382568359375,85.42247772216797,86.31338500976562,81.39410400390625,80.52949523925781,78.71467590332031,74.24284362792969,73.35530090332031,73.82411193847656,74.30342864990234,70.8307876586914,74.06078338623047,76.6093978881836,71.70076751708984,71.4212875366211,72.24956512451172
0,-36,-95,12,36,120.07081604003906,117.88129425048828,125.28367614746094,123.22337341308594,120.7849349975586,119.10499572753906,118.40608215332031,114.01753997802734,113.32254791259766,114.28472900390625,111.97321319580078,111.62885284423828,111.0,106.77546691894531,105.84894561767578,110.0227279663086,106.43777465820312,106.47064971923828,108.78418731689453,110.53506469726562,112.29425811767578,110.53506469726562,109.123779296875,112.8716049194336,112.2541732788086,109.123779296875,107.82392883300781,111.41364288330078,103.76897430419922,107.35455322265625,101.55294036865234,102.42070007324219,100.22474670410156,97.08243560791016,92.30926513671875,91.54779815673828,89.8888168334961,83.57032775878906,83.81526947021484,81.27114868164062,77.16217041015625,78.18567657470703,79.05693817138672,75.27283477783203,74.94664764404297,71.7844009399414,73.08214569091797,70.8307876586914,72.00694274902344,73.82411193847656,75.1065902709961,71.02816009521484
0,-36,-95,12,35,117.61377716064453,118.60859680175781,117.20921325683594,118.60859680175781,117.51595306396484,113.53413391113281,115.73245239257812,112.44554138183594,112.44554138183594,109.1650161743164,108.16654205322266,106.11785888671875,109.0,105.0,105.0428466796875,106.07544708251953,104.17293548583984,105.23307800292969,105.68348693847656,105.57461547851562,106.56922912597656,108.5587387084961,106.47064971923828,107.78682708740234,107.29864501953125,109.29318237304688,105.23307800292969,103.0436782836914,100.07997131347656,102.12247467041016,99.02020263671875,97.04637908935547,96.00521087646484,94.0,93.02149963378906,88.0227279663086,87.02298736572266,84.148681640625,83.21658325195312,78.025634765625,79.22752380371094,76.16429901123047,76.2364730834961,75.80237579345703,72.44308471679688,69.72087097167969,70.85901641845703,69.42621612548828,71.56814575195312,72.42237091064453,70.00714111328125,68.96376037597656
0,-36,-95,12,36,120.74767303466797,122.1024169921875,120.74767303466797,120.76837158203125,119.41942596435547,114.03946685791016,116.29703521728516,114.94781494140625,112.29425811767578,111.01801300048828,111.50785064697266,111.3058853149414,110.38568878173828,104.56098937988281,107.07473754882812,103.2279052734375,108.07405090332031,102.61579132080078,111.8659896850586,107.71257781982422,108.70602416992188,110.7519760131836,104.9952392578125,111.07205200195312,111.28791809082031,107.71257781982422,108.07405090332031,103.85566711425781,110.42192077636719,103.07764434814453,102.61579132080078,101.82828521728516,98.23441314697266,96.02082824707031,89.05054473876953,91.8368148803711,89.40357971191406,86.26702880859375,82.92768096923828,82.09750366210938,79.88116455078125,81.54139709472656,76.00657653808594,74.3303451538086,74.4311752319336,72.4706802368164,75.29276275634766,73.34848022460938,71.69379425048828,74.67261505126953,74.04052734375,70.57620239257812
0,-36,-95,12,36,123.03658294677734,121.10326385498047,127.03543090820312,125.01599884033203,125.00399780273438,117.0042724609375,123.03658294677734,117.068359375,117.15374755859375,117.34564208984375,114.28035736083984,113.74533081054688,114.42464447021484,110.47624206542969,107.07940673828125,110.42192077636719,107.93516540527344,110.11357879638672,111.12605285644531,112.92918395996094,112.05802154541016,112.64102172851562,113.88591003417969,112.92918395996094,112.92918395996094,114.56002807617188,112.92918395996094,110.60289001464844,105.26158142089844,109.3846435546875,105.01904296875,105.01904296875,100.89598846435547,97.29337310791016,98.84330749511719,95.34149169921875,89.62700653076172,91.59148406982422,85.98837280273438,85.70297241210938,84.72307586669922,80.0624771118164,81.39410400390625,76.94153594970703,78.63841247558594,75.66372680664062,75.66372680664062,77.16217041015625,81.05553436279297,77.0,76.53103637695312,73.75635528564453
0,-36,-95,12,37,122.87391662597656,124.02015686035156,123.45849609375,127.58134460449219,120.10411834716797,124.25779724121094,121.20230865478516,119.40267944335938,114.6211166381836,112.20071411132812,113.81124877929688,114.01753997802734,112.80514526367188,112.69871520996094,114.69088745117188,110.3177261352539,113.17243194580078,109.60382843017578,111.94641876220703,112.69871520996094,113.95174407958984,115.43396759033203,113.2784194946289,113.454833984375,116.7775650024414,115.36463928222656,116.10340118408203,112.48555755615234,114.58621215820312,108.2450942993164,103.94710540771484,103.24727630615234,104.00480651855469,101.13851928710938,102.72779846191406,94.84724426269531,94.84724426269531,88.61715698242188,87.1148681640625,87.1148681640625,79.39773559570312,84.50444030761719,81.56592559814453,78.24320983886719,77.801025390625,75.60423278808594,78.81623840332031,77.93586730957031,77.69813537597656,76.02631378173828,76.967529296875,77.49193572998047
0,-36,-95,13,32,123.06502532958984,125.71794128417969,125.2397689819336,124.88794708251953,119.92080688476562,123.9072265625,119.92080688476562,117.68601989746094,118.53269958496094,112.69871520996094,113.6485824584961,111.36426544189453,113.74093627929688,109.41663360595703,107.70329284667969,112.07140350341797,111.21150970458984,106.8316421508789,112.29425811767578,111.52130126953125,111.82575988769531,114.8651351928711,111.82575988769531,115.6243896484375,114.20157623291016,111.6646728515625,113.4063491821289,112.80071258544922,108.4066390991211,106.8316421508789,104.40306854248047,104.62313079833984,102.41581726074219,97.90811920166016,95.71833801269531,93.49331665039062,94.03190612792969,88.5098876953125,86.45230102539062,84.90583038330078,83.35466766357422,82.37718200683594,82.36504364013672,80.77747344970703,76.94153594970703,78.77182006835938,77.47257232666016,79.2022705078125,77.8331527709961,78.44743347167969,78.10249328613281,76.53103637695312
0,-36,-95,12,36,116.46887969970703,118.84864044189453,116.81181335449219,122.77214813232422,117.38824462890625,117.74549102783203,114.58621215820312,108.78418731689453,108.16654205322266,108.46658325195312,110.36756896972656,106.90182495117188,105.99056243896484,108.17115783691406,103.81233215332031,104.39348602294922,104.23531341552734,102.1077880859375,107.56393432617188,107.37783813476562,108.37435150146484,110.29052734375,109.37092590332031,110.54862976074219,110.76551818847656,109.77249145507812,108.37435150146484,106.79419708251953,106.0660171508789,102.8250961303711,100.84146118164062,99.72462463378906,97.73944854736328,96.17691802978516,94.3663101196289,91.59148406982422,87.86353302001953,85.90692901611328,82.0,82.22530364990234,79.30951690673828,80.80841827392578,78.85429382324219,74.21590423583984,73.97972869873047,73.49829864501953,73.76313781738281,75.0,75.02666473388672,79.2022705078125,72.71863555908203,74.3303451538086
0,-36,-95,12,36,121.63058471679688,122.38463592529297,124.08464813232422,123.8587875366211,121.07848358154297,119.23086547851562,116.81181335449219,116.46887969970703,110.07270050048828,112.80514526367188,115.45128631591797,110.90987396240234,106.0660171508789,107.18675231933594,106.8503646850586,106.25440979003906,105.80170440673828,106.01886749267578,109.63575744628906,110.8873291015625,111.21150970458984,111.21150970458984,110.42192077636719,113.0707778930664,111.82575988769531,110.8873291015625,107.61505126953125,109.20164489746094,108.60018157958984,106.21205139160156,103.00485229492188,105.20931243896484,101.25709533691406,95.44107818603516,96.51942443847656,93.19334411621094,91.26883697509766,85.98255920410156,85.98255920410156,82.49242401123047,82.92768096923828,80.77747344970703,80.77747344970703,78.892333984375,75.80237579345703,79.64923095703125,77.36924743652344,77.38862609863281,78.0,78.44743347167969,73.97972869873047,75.66372680664062
0,-36,-95,12,35,118.2708740234375,119.2182846069336,118.00423431396484,121.7579574584961,118.2962417602539,118.2708740234375,116.38728332519531,110.38568878173828,110.0636215209961,110.16351318359375,108.24047088623047,108.93116760253906,107.48953247070312,106.7052001953125,105.9056167602539,105.9292221069336,105.47511291503906,106.67708587646484,108.16654205322266,112.16059875488281,105.47511291503906,108.16654205322266,108.46197509765625,109.11461639404297,111.28791809082031,108.29589080810547,104.23531341552734,109.29318237304688,107.22872924804688,105.47511291503906,100.31948852539062,103.48429870605469,98.0051040649414,97.32420349121094,95.03683471679688,92.6552734375,89.44271850585938,87.4757080078125,81.78630828857422,83.19855499267578,80.41144561767578,78.08969116210938,78.85429382324219,80.28075408935547,77.36924743652344,78.58753204345703,77.20103454589844,78.74642944335938,76.32168579101562,76.92203521728516,76.5375747680664,74.88658142089844
0,-36,-95,12,36,118.10588836669922,119.43617248535156,120.42009735107422,120.34117889404297,117.20068359375,114.03946685791016,113.63538360595703,110.49434661865234,110.30865478515625,106.77546691894531,107.15409088134766,105.10946655273438,106.56922912597656,105.9480972290039,102.61579132080078,103.3247299194336,103.16007232666016,100.80674743652344,108.67382049560547,106.7052001953125,109.04127502441406,109.65856170654297,107.87029266357422,107.35455322265625,109.83624267578125,110.0227279663086,104.13932800292969,105.5367202758789,107.93516540527344,103.5857162475586,102.35721588134766,100.96038818359375,96.3016128540039,94.3716049194336,92.04889678955078,89.84430694580078,87.36132049560547,83.24061584472656,84.11896514892578,83.81526947021484,81.59656524658203,81.27114868164062,77.49193572998047,76.89603424072266,74.09453582763672,76.967529296875,78.29431915283203,75.58438873291016,74.30342864990234,76.5506362915039,79.64923095703125,75.66372680664062
0,-36,-95,12,36,113.29607391357422,117.39250183105469,113.6529769897461,119.54078674316406,111.94641876220703,112.89375305175781,112.94689178466797,110.13627624511719,107.93516540527344,102.55242919921875,103.07764434814453,103.31505584716797,104.20172882080078,102.956298828125,101.71037292480469,101.78899383544922,102.41581726074219,98.47334289550781,103.85566711425781,103.71113586425781,107.93516540527344,107.61505126953125,104.20172882080078,108.07405090332031,108.60018157958984,108.4066390991211,107.00466918945312,104.8093490600586,101.212646484375,102.41581726074219,98.22932434082031,99.02020263671875,95.21029663085938,95.69221496582031,94.86833190917969,89.04492950439453,86.28441619873047,84.87638092041016,83.76156616210938,81.54139709472656,75.1664810180664,79.92496490478516,77.69813537597656,76.66159057617188,75.1664810180664,74.70609283447266,73.35530090332031,76.92203521728516,73.16419982910156,74.94664764404297,72.2772445678711,78.91767883300781
0,-36,-95,12,35,118.60016632080078,119.20150756835938,122.64175415039062,118.60016632080078,117.0042724609375,110.80162811279297,115.67626953125,109.04127502441406,113.1591796875,107.61505126953125,110.45361328125,106.67708587646484,106.00471496582031,101.53324890136719,99.76472473144531,105.7024154663086,102.88343048095703,105.68821716308594,104.35516357421875,108.78418731689453,108.78418731689453,109.11003875732422,109.41663360595703,111.97321319580078,108.46658325195312,108.50345611572266,108.84851837158203,108.78418731689453,107.33592224121094,106.97663116455078,105.0047607421875,103.61949920654297,101.0197982788086,97.30878448486328,95.85405731201172,93.62158203125,91.78779602050781,84.69356536865234,86.16263580322266,84.5813217163086,85.23497009277344,81.43709564208984,79.15807342529297,77.82030487060547,77.36924743652344,79.17701721191406,76.5375747680664,76.66159057617188,79.6303939819336,82.00609588623047,78.64476776123047,77.23341369628906
0,-36,-95,12,36,115.26057434082031,119.2182846069336,118.22859191894531,122.3315200805664,114.12712097167969,116.10771179199219,113.1370849609375,110.3177261352539,107.20074462890625,104.56098937988281,105.11898040771484,104.54663848876953,104.40306854248047,102.48902130126953,102.45974731445312,102.78618621826172,105.47511291503906,99.5389404296875,109.1650161743164,108.67382049560547,107.35455322265625,109.56732940673828,104.27847290039062,110.90987396240234,113.1591796875,107.01869201660156,111.40017700195312,107.15409088134766,106.23088073730469,103.07764434814453,108.07867431640625,100.6578369140625,100.46392059326172,91.76055908203125,94.25497436523438,89.53770446777344,90.82400512695312,88.54377746582031,83.52245330810547,84.11896514892578,82.56512451171875,82.2800064086914,76.5375747680664,78.58753204345703,74.46475982666016,78.10249328613281,74.95331573486328,79.42921447753906,76.65507507324219,77.02597045898438,78.0,76.41989135742188
0,-36,-95,12,36,115.16944122314453,119.26860809326172,116.45600128173828,115.8792495727539,109.5627670288086,111.2339859008789,107.91200256347656,108.84851837158203,104.06248474121094,104.04325866699219,102.61579132080078,102.1077880859375,101.0,101.0,100.0199966430664,98.15293884277344,99.84988403320312,95.75489807128906,102.17631530761719,101.17806243896484,102.59142303466797,106.38138580322266,101.31633758544922,102.12247467041016,106.11785888671875,107.29864501953125,106.67708587646484,101.71037292480469,103.81714630126953,98.15293884277344,99.29753112792969,95.35198211669922,93.5574722290039,93.94147491455078,91.7823486328125,87.86353302001953,86.34812927246094,82.37718200683594,82.97589874267578,82.22530364990234,74.46475982666016,77.87811279296875,74.95331573486328,77.36924743652344,72.73238372802734,71.16881561279297,74.3303451538086,76.15773010253906,77.38862609863281,74.24284362792969,74.09453582763672,77.6208724975586
0,-36,-95,12,35,113.0707778930664,120.03749084472656,121.06610107421875,120.00416564941406,114.01753997802734,117.01708984375,112.16059875488281,108.16654205322266,108.11567687988281,103.12128448486328,104.30723571777344,100.84146118164062,102.956298828125,102.18121337890625,99.04039764404297,98.71676635742188,101.92153930664062,98.37174224853516,103.12128448486328,102.78618621826172,105.3043212890625,106.97663116455078,103.4069595336914,109.20164489746094,104.67568969726562,104.9952392578125,108.78418731689453,102.78618621826172,104.04325866699219,100.42410278320312,101.86756134033203,101.2422866821289,98.23441314697266,93.40770721435547,91.0054931640625,88.05680084228516,87.32124328613281,85.61541748046875,84.72307586669922,82.22530364990234,79.24645233154297,79.42921447753906,76.48529052734375,79.42921447753906,73.34848022460938,71.84706115722656,77.64663696289062,76.10519409179688,77.16217041015625,77.0064926147461,74.3303451538086,76.68767547607422
0,-36,-95,11,38,113.50770568847656,114.72576141357422,113.78048706054688,117.15374755859375,110.60289001464844,108.90821838378906,107.93516540527344,104.3455810546875,103.16007232666016,100.28459167480469,101.60708618164062,97.62171936035156,98.24967956542969,97.18538665771484,97.02061462402344,95.02104949951172,97.18538665771484,94.13288116455078,100.24469757080078,99.50376892089844,101.49384307861328,102.48902130126953,100.31948852539062,103.24727630615234,104.58011627197266,103.48429870605469,101.83319854736328,100.12492370605469,101.2422866821289,97.25225067138672,98.12747192382812,94.19129180908203,95.2575454711914,92.02173614501953,87.05171203613281,87.02298736572266,83.02409362792969,82.00609588623047,80.0062484741211,81.00617218017578,77.02597045898438,77.0064926147461,76.0,77.0,77.0064926147461,73.10950469970703,73.10950469970703,75.32595825195312,74.81310272216797,78.33900451660156,76.24303436279297,73.40980529785156
0,-36,-95,11,38,108.90362548828125,107.48953247070312,111.0360336303711,109.60382843017578,110.3177261352539,101.83319854736328,104.66136169433594,101.86265563964844,99.76472473144531,99.08582305908203,96.42613983154297,91.67878723144531,94.02127075195312,93.40770721435547,90.8019790649414,92.0869140625,91.80958557128906,91.92388153076172,92.13034057617188,97.06183624267578,96.8968505859375,100.34440612792969,98.0051040649414,98.88377380371094,100.34440612792969,99.12618255615234,99.64437103271484,96.5660400390625,97.6370849609375,96.25486755371094,92.0869140625,91.8368148803711,90.44335174560547,85.21150207519531,87.61849212646484,83.6002426147461,82.46211242675781,79.8122787475586,79.02531433105469,76.40026092529297,73.24616241455078,73.87828063964844,74.41101837158203,70.83784484863281,71.58910369873047,72.12489318847656,71.4212875366211,73.59347534179688,72.00694274902344,71.02816009521484,73.9256362915039,72.23572540283203
0,-36,-95,11,38,114.12712097167969,111.7586669921875,113.99122619628906,108.34204864501953,109.77249145507812,107.20074462890625,103.5857162475586,103.5857162475586,101.49384307861328,99.2471694946289,98.41239929199219,97.08243560791016,95.02104949951172,91.0054931640625,92.13577270507812,88.27796936035156,91.54779815673828,90.66973114013672,93.38094329833984,96.8813705444336,93.5574722290039,99.29753112792969,96.33794403076172,100.62306213378906,99.29753112792969,99.82484436035156,96.33794403076172,98.0051040649414,98.15293884277344,97.62171936035156,92.43917083740234,93.34345245361328,90.55384826660156,88.27796936035156,85.14693450927734,85.09406280517578,80.05622863769531,78.05767059326172,77.0064926147461,79.02531433105469,75.02666473388672,74.1687240600586,75.02666473388672,74.00675964355469,74.00675964355469,71.00704193115234,74.02702331542969,74.4311752319336,71.70076751708984,71.80529022216797,71.7844009399414,72.09021759033203
0,-36,-95,11,38,112.92475128173828,113.71894836425781,113.6529769897461,110.57124328613281,111.61540985107422,107.93516540527344,107.42439270019531,101.63660430908203,101.23734283447266,98.23441314697266,98.08159637451172,94.2443618774414,93.96276092529297,92.89241027832031,89.49860382080078,92.57429504394531,89.67720031738281,92.07062530517578,94.19129180908203,94.33981323242188,94.2602767944336,98.41239929199219,98.41239929199219,99.04544067382812,99.18164825439453,99.60923767089844,99.60923767089844,97.51409912109375,94.64142608642578,99.98500061035156,94.20191192626953,93.5574722290039,89.62700653076172,88.0738296508789,84.92938232421875,86.88497924804688,82.0,78.64476776123047,77.66595458984375,75.70997619628906,78.10249328613281,71.80529022216797,75.92759704589844,69.6419448852539,72.53275299072266,70.51950073242188,71.47027587890625,71.86793518066406,73.40980529785156,73.82411193847656,72.94518280029297,69.65629577636719
0,-36,-95,11,38,111.72286987304688,109.65856170654297,111.0360336303711,109.71326446533203,108.90362548828125,101.23734283447266,102.59142303466797,96.87621307373047,97.59098052978516,97.59098052978516,93.4344711303711,90.90654754638672,89.8109130859375,91.8368148803711,86.26702880859375,87.98295593261719,85.42247772216797,88.1929702758789,86.40602111816406,89.0,92.13034057617188,95.75489807128906,91.7060546875,94.33981323242188,95.75489807128906,93.52005004882812,95.2732925415039,97.49359130859375,93.52005004882812,94.81033325195312,87.6584243774414,90.3548583984375,86.95401000976562,83.52843475341797,85.08818817138672,80.4549560546875,76.85050201416016,76.15773010253906,72.06941223144531,71.19690704345703,71.19690704345703,70.72481536865234,73.9256362915039,68.50547790527344,69.89277648925781,69.40460968017578,70.21395874023438,69.02897644042969,70.1783447265625,70.00714111328125,71.0633544921875,67.67569732666016
0,-36,-95,11,38,111.01801300048828,109.62207794189453,109.62207794189453,110.30865478515625,108.93116760253906,103.94710540771484,101.13851928710938,99.82484436035156,96.2081069946289,94.2602767944336,93.23625946044922,93.23625946044922,90.44335174560547,88.48163604736328,90.55384826660156,86.45230102539062,85.86617279052734,84.5813217163086,88.76936340332031,91.54779815673828,91.54779815673828,96.79875946044922,91.54779815673828,95.85926818847656,96.3846435546875,95.63471984863281,95.85926818847656,95.85405731201172,95.85405731201172,89.96110534667969,91.7060546875,90.8019790649414,87.66413116455078,85.86617279052734,84.53401947021484,81.84130859375,79.64923095703125,78.26238250732422,73.9256362915039,73.35530090332031,71.11962127685547,72.06941223144531,69.7782211303711,70.32780456542969,68.09552001953125,69.3397445678711,68.50547790527344,70.80254364013672,70.0,69.42621612548828,70.83784484863281,69.065185546875
0,-36,-95,11,38,108.2681884765625,111.78997802734375,107.51744079589844,108.63240814208984,101.2422866821289,101.63660430908203,100.08995819091797,97.49871826171875,94.9210205078125,91.39474487304688,90.44335174560547,90.8019790649414,88.5268325805664,86.4927749633789,84.17243957519531,87.96590423583984,88.27796936035156,85.21150207519531,89.05054473876953,88.0227279663086,91.0494384765625,92.00543212890625,90.00555419921875,93.00537872314453,92.00543212890625,95.04735565185547,93.04837799072266,95.02104949951172,92.0869140625,92.19544219970703,89.35882568359375,89.27485656738281,87.46427917480469,82.49242401123047,80.62257385253906,79.07591247558594,78.77182006835938,74.81310272216797,74.5452880859375,70.57620239257812,70.71067810058594,69.23149871826172,68.73136138916016,70.21395874023438,67.26811981201172,70.3420181274414,67.91170501708984,69.6419448852539,67.779052734375,68.87670135498047,67.60177612304688,69.02897644042969
0,-36,-95,11,38,113.05308532714844,110.86027526855469,110.44002532958984,112.05802154541016,104.56098937988281,103.5857162475586,103.58088684082031,100.68763732910156,96.84007263183594,95.21029663085938,94.86833190917969,92.35800170898438,88.25531005859375,86.00581359863281,88.56636047363281,87.23531341552734,87.92041778564453,83.00602722167969,87.20092010498047,90.44335174560547,90.21086120605469,93.00537872314453,92.41753387451172,92.31468200683594,94.81033325195312,96.40020751953125,98.22932434082031,94.57801055908203,95.44107818603516,93.23089599609375,92.6498794555664,88.5098876953125,87.66413116455078,85.95928955078125,85.58621215820312,79.92496490478516,77.89736938476562,73.9256362915039,77.89736938476562,73.06161499023438,71.58910369873047,69.35416412353516,68.88395690917969,70.23532104492188,67.60177612304688,68.42514038085938,69.85699462890625,72.61542510986328,71.16881561279297,70.8307876586914,69.42621612548828,70.06425476074219
0,-36,-95,11,37,104.8093490600586,104.23531341552734,105.22357177734375,102.8250961303711,99.29753112792969,96.17691802978516,96.69022369384766,93.94147491455078,89.26925659179688,89.8220443725586,86.88497924804688,85.61541748046875,82.00609588623047,81.90848541259766,78.43468475341797,81.93900299072266,81.84130859375,82.2982406616211,79.25907135009766,84.2199478149414,85.75546264648438,85.75546264648438,87.32124328613281,89.55445098876953,87.23531341552734,90.42676544189453,89.1852035522461,88.1192398071289,89.89437866210938,90.42676544189453,86.76404571533203,87.6584243774414,83.63013458251953,81.39410400390625,76.55716705322266,76.15773010253906,73.16419982910156,71.51223754882812,68.94925689697266,69.46221923828125,67.41661834716797,65.92420196533203,67.06713104248047,64.51356506347656,66.128662109375,64.8459701538086,64.19501495361328,66.70832061767578,66.91038513183594,65.0691909790039,66.0,65.37583923339844
0,-37,-95,12,33,104.80458068847656,103.3924560546875,101.91172790527344,102.8250961303711,99.03534698486328,98.41239929199219,98.41239929199219,89.87213134765625,91.9673843383789,86.27861785888672,86.97700500488281,82.87943267822266,80.0,81.21575927734375,77.66595458984375,79.07591247558594,81.41252899169922,79.64923095703125,81.54139709472656,85.86617279052734,85.0,89.05054473876953,83.77350616455078,87.8464584350586,86.33075714111328,91.23595428466797,93.03762817382812,87.66413116455078,90.3382568359375,87.66413116455078,85.8836441040039,86.83317565917969,85.47514343261719,81.6333236694336,80.4549560546875,75.47184753417969,76.15773010253906,72.71863555908203,71.86793518066406,69.6419448852539,68.79679870605469,68.09552001953125,66.37017059326172,66.5732650756836,66.85057830810547,67.20118713378906,65.6048812866211,68.4105224609375,66.52819061279297,67.89698028564453,65.29930877685547,66.85057830810547
0,-37,-95,11,37,103.09703826904297,100.12991333007812,102.8250961303711,102.1077880859375,100.9752426147461,97.01546478271484,94.76286315917969,90.44888305664062,86.46965026855469,86.20904541015625,84.2140121459961,84.0238037109375,81.00617218017578,81.1541748046875,77.5241928100586,76.53103637695312,79.24645233154297,79.42921447753906,81.74349975585938,84.20214080810547,86.02325439453125,86.02325439453125,85.86617279052734,90.13877868652344,88.8875732421875,89.1852035522461,90.2496566772461,89.02246856689453,89.28605651855469,88.05680084228516,86.4927749633789,84.5280990600586,83.9523696899414,80.23091888427734,78.63841247558594,75.95393371582031,75.66372680664062,69.87130737304688,67.74215698242188,67.08203887939453,67.74215698242188,67.26811981201172,65.11528015136719,68.73136138916016,66.48307800292969,65.6201171875,65.27633666992188,68.06614685058594,68.02940368652344,72.11102294921875,67.74215698242188,68.3081283569336
0,-37,-95,11,38,103.57605743408203,104.23531341552734,104.39348602294922,105.38026428222656,100.44898986816406,99.14131164550781,96.17691802978516,91.4439697265625,89.67720031738281,86.70063781738281,86.37129211425781,81.05553436279297,80.0,79.0,80.09993743896484,80.5046615600586,80.23091888427734,79.62411499023438,83.19855499267578,86.4927749633789,88.0738296508789,89.49860382080078,90.24411010742188,89.5600357055664,90.60904693603516,91.0054931640625,92.57429504394531,91.4111557006836,91.08238220214844,90.09439849853516,86.5794448852539,86.28441619873047,86.46965026855469,81.61495208740234,80.22468566894531,79.15807342529297,76.02631378173828,75.02666473388672,73.06161499023438,71.11258697509766,70.1783447265625,70.06425476074219,69.02897644042969,68.02940368652344,69.00724792480469,68.06614685058594,67.02984619140625,67.36467742919922,71.84706115722656,72.2772445678711,70.83784484863281,67.97793579101562
0,-37,-95,11,38,102.45974731445312,100.30453491210938,98.35140991210938,99.92997741699219,94.5568618774414,94.57801055908203,97.30878448486328,89.69392395019531,85.23497009277344,83.25863647460938,85.42832946777344,84.59905242919922,80.26206970214844,76.85050201416016,80.44873809814453,79.02531433105469,80.15609741210938,78.56844329833984,82.73451232910156,85.58621215820312,87.68124389648438,88.41380310058594,83.4385986328125,89.14033508300781,89.80534362792969,91.28527069091797,92.6336898803711,89.87213134765625,88.61715698242188,88.61715698242188,85.91275024414062,86.55634307861328,84.0238037109375,80.60397338867188,82.00609588623047,75.80237579345703,73.00685119628906,73.60027313232422,73.60027313232422,70.0,67.20118713378906,71.84010314941406,69.63475799560547,69.20259857177734,70.21395874023438,69.3397445678711,68.60028839111328,69.83551788330078,69.35416412353516,70.57620239257812,70.21395874023438,69.72087097167969
0,-37,-95,11,37,97.04637908935547,98.89894104003906,94.84724426269531,95.34149169921875,93.10746765136719,91.7060546875,86.8158950805664,84.69356536865234,83.93450164794922,80.3243408203125,79.4040298461914,79.12016296386719,78.08969116210938,74.14849853515625,76.65507507324219,76.65507507324219,79.10120391845703,74.06078338623047,83.00602722167969,81.00617218017578,85.05292510986328,86.02325439453125,86.0,87.14356231689453,90.00555419921875,88.0511245727539,90.0888442993164,87.20664978027344,88.27796936035156,87.3670425415039,85.58621215820312,84.85281372070312,81.88406372070312,78.08969116210938,78.08969116210938,74.96665954589844,73.97972869873047,68.24954223632812,69.05070495605469,68.24954223632812,67.89698028564453,69.05070495605469,64.13267517089844,67.26811981201172,65.96968841552734,66.7607650756836,68.00735473632812,67.06713104248047,66.48307800292969,66.70832061767578,66.73080444335938,67.42403411865234
0,-37,-95,11,38,97.74456787109375,97.83660125732422,99.76472473144531,94.84724426269531,94.75231170654297,88.41380310058594,86.97700500488281,84.8646011352539,79.19596099853516,85.04116821289062,79.64923095703125,77.20103454589844,76.27581787109375,76.32168579101562,72.4706802368164,76.967529296875,74.84651184082031,79.7057113647461,79.47956085205078,82.87339782714844,84.15461730957031,86.97700500488281,85.79627227783203,88.8875732421875,90.47651672363281,90.13877868652344,91.18113708496094,93.10746765136719,88.56636047363281,89.05054473876953,84.5280990600586,85.86617279052734,84.07734680175781,79.64923095703125,78.39005279541016,74.79304504394531,75.29276275634766,72.94518280029297,69.83551788330078,68.88395690917969,69.35416412353516,68.42514038085938,67.60177612304688,64.49806213378906,64.49806213378906,67.11929321289062,68.24221801757812,68.818603515625,69.65629577636719,67.89698028564453,66.70832061767578,66.85057830810547
0,-37,-95,12,34,94.9210205078125,90.52071380615234,95.34149169921875,88.5268325805664,91.4439697265625,81.4923324584961,83.6779556274414,79.83106994628906,81.39410400390625,79.07591247558594,75.42546081542969,75.32595825195312,74.02702331542969,74.00675964355469,73.02738952636719,77.3175277709961,75.53807067871094,78.63841247558594,75.70997619628906,81.78630828857422,79.24645233154297,83.54639434814453,84.17243957519531,84.72307586669922,83.18653869628906,85.47514343261719,87.69264221191406,90.27181243896484,81.3019027709961,87.20664978027344,79.05693817138672,79.02531433105469,80.09993743896484,78.025634765625,77.0064926147461,75.0,73.00685119628906,68.02940368652344,66.00757598876953,65.0,67.00746154785156,63.0079345703125,68.0,62.032249450683594,62.12889862060547,64.19501495361328,63.50590515136719,63.78871536254883,66.48307800292969,65.802734375,65.92420196533203,64.41273498535156
0,-37,-95,11,38,97.59098052978516,94.76286315917969,99.00505065917969,92.6336898803711,94.75231170654297,87.69264221191406,87.69264221191406,86.45230102539062,83.54639434814453,83.09632873535156,77.20103454589844,76.5506362915039,76.66159057617188,77.02597045898438,76.47875213623047,77.82030487060547,75.7693862915039,80.05622863769531,84.43340301513672,85.09406280517578,88.25531005859375,90.47651672363281,90.47651672363281,93.30059051513672,93.6375961303711,92.69843292236328,87.8464584350586,93.94147491455078,88.10221099853516,87.66413116455078,87.23531341552734,86.35391998291016,81.98780059814453,80.26206970214844,79.4040298461914,76.66159057617188,74.4311752319336,70.71067810058594,73.06161499023438,66.37017059326172,71.34423828125,66.8879623413086,69.3397445678711,63.51377868652344,66.85057830810547,66.40029907226562,67.00746154785156,69.52696990966797,69.35416412353516,71.4212875366211,69.20259857177734,67.23094177246094
0,-37,-95,11,37,92.78469848632812,92.66067504882812,94.41397857666016,93.53608703613281,92.1791763305664,86.35391998291016,86.76981353759766,81.84130859375,78.39005279541016,78.54934692382812,77.6208724975586,76.5375747680664,77.6208724975586,75.43209075927734,75.50496673583984,75.53807067871094,77.23341369628906,79.30951690673828,81.05553436279297,83.15046691894531,86.14522552490234,87.09190368652344,86.14522552490234,90.19977569580078,87.3670425415039,90.55384826660156,86.5794448852539,90.79647827148438,86.97700500488281,87.96590423583984,84.34452819824219,83.36066436767578,81.39410400390625,80.04998779296875,78.58753204345703,75.18643188476562,72.53275299072266,71.56814575195312,66.94026947021484,67.44627380371094,68.44705963134766,63.06346130371094,68.96376037597656,62.09669876098633,64.19501495361328,66.40782928466797,65.55150604248047,67.779052734375,67.5425796508789,68.0,66.85057830810547,63.89052963256836
0,-37,-95,11,37,96.64884948730469,95.29428100585938,98.89894104003906,90.78546142578125,93.10746765136719,89.47066497802734,88.56636047363281,81.43709564208984,82.63776397705078,81.3449478149414,81.93289947509766,79.4040298461914,78.33900451660156,76.48529052734375,74.67261505126953,82.38932037353516,80.05622863769531,81.1541748046875,84.00595092773438,85.0058822631836,87.00574493408203,91.0054931640625,92.13577270507812,92.00543212890625,91.0494384765625,93.19334411621094,88.36288452148438,91.4439697265625,85.28775024414062,88.6848373413086,86.70063781738281,86.83317565917969,82.87339782714844,80.23091888427734,80.60397338867188,77.66595458984375,76.15773010253906,71.19690704345703,69.63475799560547,67.26811981201172,69.42621612548828,63.348243713378906,68.24954223632812,66.4906005859375,65.30696868896484,66.48307800292969,65.0,67.35725402832031,68.3520278930664,68.87670135498047,68.0,66.0302963256836
0,-37,-95,11,36,93.68030548095703,90.13877868652344,94.11163330078125,90.52071380615234,89.9888916015625,84.20214080810547,85.37564086914062,81.78630828857422,79.83106994628906,79.24645233154297,79.07591247558594,79.22752380371094,78.16009521484375,74.02702331542969,74.00675964355469,80.15609741210938,78.4091796875,80.3056640625,80.7527084350586,82.87339782714844,82.49242401123047,86.5794448852539,87.69264221191406,88.81441497802734,90.55384826660156,89.35882568359375,88.20430755615234,90.19977569580078,87.05171203613281,89.02246856689453,84.00595092773438,85.02352905273438,81.02468872070312,80.0062484741211,78.10249328613281,76.05918884277344,74.3303451538086,69.18092346191406,67.18630981445312,65.12296295166016,66.37017059326172,66.18912506103516,65.37583923339844,61.52235412597656,66.48307800292969,61.814239501953125,65.92420196533203,63.348243713378906,64.76110076904297,63.5688591003418,67.62396240234375,63.1347770690918
0,-36,-95,11,36,95.2575454711914,93.34345245361328,95.63471984863281,92.13577270507812,91.54779815673828,88.45903015136719,87.96590423583984,86.97700500488281,84.01190185546875,81.39410400390625,78.58753204345703,80.36167907714844,79.69943237304688,77.8331527709961,77.8331527709961,79.7057113647461,80.95059967041016,82.73451232910156,85.8836441040039,86.45230102539062,86.83317565917969,89.47066497802734,91.24143981933594,92.13034057617188,94.81033325195312,93.02149963378906,94.42987060546875,91.38927459716797,92.70382690429688,90.62008666992188,85.38150024414062,86.02325439453125,82.54090118408203,80.08120727539062,81.32035064697266,77.6208724975586,76.15773010253906,69.63475799560547,69.63475799560547,65.96968841552734,66.7607650756836,65.0,66.70832061767578,62.817195892333984,62.817195892333984,63.348243713378906,62.36986541748047,65.76473236083984,65.27633666992188,67.0,63.12685775756836,66.0984115600586
0,-36,-95,12,33,98.18350219726562,96.51942443847656,97.51409912109375,94.2602767944336,94.33981323242188,92.54188537597656,92.77930450439453,88.28363037109375,87.86353302001953,86.12200927734375,84.89994049072266,85.4400405883789,84.43340301513672,84.50444030761719,81.54139709472656,85.86617279052734,82.76472473144531,88.1192398071289,89.55445098876953,89.06739044189453,93.1504135131836,94.41397857666016,93.05912017822266,96.7470932006836,97.6166000366211,97.94896697998047,96.17691802978516,95.7078857421875,94.3716049194336,93.03762817382812,90.62008666992188,89.31964874267578,88.60022735595703,83.81526947021484,82.2192153930664,80.99382781982422,79.4040298461914,75.89466094970703,72.42237091064453,71.16881561279297,71.51223754882812,70.22820281982422,70.22820281982422,65.19202423095703,68.00735473632812,67.35725402832031,67.72000885009766,65.96968841552734,69.05070495605469,69.2603759765625,67.06713104248047,68.18357849121094
0,-36,-95,12,32,93.00537872314453,89.5600357055664,93.96276092529297,90.2496566772461,87.09190368652344,86.83317565917969,85.14693450927734,82.97589874267578,81.39410400390625,81.04936981201172,78.77182006835938,80.5046615600586,80.15609741210938,81.09870910644531,80.0062484741211,83.21658325195312,81.3019027709961,85.14693450927734,84.38008880615234,89.27485656738281,90.3548583984375,92.34716796875,91.26883697509766,94.19129180908203,91.13726043701172,91.0878677368164,92.00543212890625,95.0,89.05054473876953,89.02246856689453,85.14693450927734,86.20904541015625,85.37564086914062,81.74349975585938,78.63841247558594,77.64663696289062,72.99314880371094,70.21395874023438,67.08203887939453,67.89698028564453,66.2872543334961,64.77654266357422,65.30696868896484,64.32728576660156,63.150611877441406,63.56099319458008,61.6846809387207,63.89052963256836,61.35144805908203,66.30987548828125,63.52952194213867,61.61168670654297
0,-36,-95,11,36,93.4772720336914,94.3716049194336,91.7060546875,93.10746765136719,88.76936340332031,89.47066497802734,87.72685241699219,85.79627227783203,83.57032775878906,84.43340301513672,81.90848541259766,84.17243957519531,82.76472473144531,82.03657531738281,84.17243957519531,84.85281372070312,85.47514343261719,85.47514343261719,89.35882568359375,89.45389556884766,93.77099609375,93.64827728271484,92.54188537597656,95.2575454711914,93.77099609375,94.8946762084961,97.08243560791016,93.94147491455078,92.76313781738281,91.4439697265625,87.09190368652344,87.36132049560547,86.02325439453125,84.11896514892578,81.93289947509766,78.77182006835938,75.61084747314453,72.11102294921875,70.57620239257812,69.6419448852539,69.07966613769531,65.55150604248047,65.0,65.92420196533203,64.47480010986328,63.50590515136719,67.08203887939453,63.631752014160156,62.7694206237793,64.637451171875,66.84310150146484,67.17886352539062
0,-36,-95,11,36,95.69221496582031,93.4772720336914,94.57801055908203,92.9139404296875,91.80958557128906,87.3670425415039,89.30845642089844,85.98255920410156,85.58621215820312,84.53401947021484,82.3468246459961,82.07923126220703,83.81526947021484,81.60882568359375,83.24061584472656,85.86617279052734,82.46211242675781,86.58522033691406,91.59148406982422,92.89241027832031,91.21403503417969,92.19544219970703,93.39164733886719,94.9210205078125,95.12622833251953,91.92388153076172,91.76055908203125,93.40770721435547,91.76055908203125,92.6552734375,87.92041778564453,88.39117431640625,88.39117431640625,83.00602722167969,80.62257385253906,78.18567657470703,74.46475982666016,73.16419982910156,70.57620239257812,66.64083099365234,67.62396240234375,62.2414665222168,65.79513549804688,62.7694206237793,63.976558685302734,63.1347770690918,63.1347770690918,64.49806213378906,65.73431396484375,64.8999252319336,66.06814575195312,63.639610290527344
0,-36,-95,11,36,89.58794403076172,92.96235656738281,93.81364440917969,91.92388153076172,90.91754150390625,88.6848373413086,86.35391998291016,80.95059967041016,82.73451232910156,86.8158950805664,84.30895233154297,82.2800064086914,83.52245330810547,84.89994049072266,81.74349975585938,83.74365997314453,84.5280990600586,87.132080078125,87.132080078125,92.07062530517578,92.39588928222656,95.18928527832031,91.59148406982422,95.03683471679688,94.3663101196289,94.72592163085938,92.76313781738281,96.7729263305664,89.73851013183594,91.92388153076172,88.32327270507812,87.64131164550781,85.72631072998047,81.90848541259766,81.59656524658203,80.0062484741211,76.32168579101562,71.16881561279297,72.44998168945312,69.28924560546875,66.73080444335938,64.19501495361328,64.8459701538086,62.96824645996094,63.90618133544922,62.7694206237793,62.2414665222168,63.56099319458008,61.717098236083984,64.14047241210938,64.637451171875,63.03173828125
0,-36,-95,11,36,94.9210205078125,96.13532257080078,97.08243560791016,94.57801055908203,93.6375961303711,90.82400512695312,88.60022735595703,89.55445098876953,86.92525482177734,85.86617279052734,87.23531341552734,87.8179931640625,85.98255920410156,88.7524642944336,86.83892822265625,88.60022735595703,89.20201873779297,87.86353302001953,90.02777099609375,92.95697784423828,95.67131042480469,96.54014587402344,96.04686737060547,98.59513092041016,98.23441314697266,99.63935089111328,99.02020263671875,97.6524429321289,95.96353149414062,92.41753387451172,91.58602142333984,92.96235656738281,91.06591033935547,87.32124328613281,82.85529327392578,78.29431915283203,77.41446685791016,75.13321685791016,71.5541763305664,71.11258697509766,67.97793579101562,67.5351791381836,65.79513549804688,66.18912506103516,63.976558685302734,63.56099319458008,66.30987548828125,67.779052734375,64.8459701538086,66.7607650756836,66.4906005859375,66.48307800292969
0,-36,-95,11,36,96.02082824707031,95.08417510986328,94.04785919189453,97.02061462402344,94.2602767944336,93.19334411621094,89.45389556884766,87.96590423583984,89.10667419433594,86.31338500976562,88.84255981445312,86.34812927246094,86.83317565917969,88.05680084228516,85.38150024414062,88.54377746582031,89.8888168334961,90.82400512695312,92.30926513671875,95.85405731201172,93.40770721435547,96.93296813964844,93.6375961303711,97.14422607421875,97.40636444091797,99.02020263671875,96.79875946044922,97.1236343383789,96.84007263183594,93.96276092529297,92.6498794555664,93.62158203125,91.21951293945312,86.88497924804688,86.31338500976562,82.56512451171875,81.61495208740234,76.65507507324219,73.68174743652344,72.83543395996094,69.46221923828125,67.74215698242188,66.75328063964844,65.4904556274414,63.639610290527344,64.28063201904297,65.37583923339844,65.12296295166016,64.0078125,67.11929321289062,66.61080932617188,65.51335906982422
0,-36,-95,10,40,96.04686737060547,95.04735565185547,100.07997131347656,94.0,95.08417510986328,90.19977569580078,93.26306915283203,90.19977569580078,87.82368469238281,86.5794448852539,86.68333435058594,85.14693450927734,85.86617279052734,87.09190368652344,85.4400405883789,89.8109130859375,87.66413116455078,91.76055908203125,92.70382690429688,95.85405731201172,93.98403930664062,96.7729263305664,97.30878448486328,98.0866928100586,96.2081069946289,96.79875946044922,99.6242904663086,99.6242904663086,98.08159637451172,95.88013458251953,91.21403503417969,93.17188262939453,91.0054931640625,86.88497924804688,83.74365997314453,82.20097351074219,82.37718200683594,76.11833190917969,74.81310272216797,69.87130737304688,72.00694274902344,67.60177612304688,67.60177612304688,64.62971496582031,64.49806213378906,62.64982223510742,65.19202423095703,66.27216339111328,69.00724792480469,67.0,65.19202423095703,63.95310592651367
0,-36,-95,11,35,90.90654754638672,92.95697784423828,92.8493423461914,95.13148498535156,91.43850708007812,91.43850708007812,87.86353302001953,85.70297241210938,85.5628433227539,82.73451232910156,82.134033203125,85.04116821289062,82.00609588623047,84.20214080810547,80.80223083496094,85.23497009277344,85.58621215820312,85.75546264648438,89.005615234375,90.04998779296875,91.80958557128906,93.81364440917969,91.26883697509766,94.66783905029297,92.96235656738281,93.74433135986328,95.13148498535156,91.26335144042969,91.60785675048828,90.21086120605469,86.83317565917969,88.09085845947266,83.63013458251953,82.07313537597656,78.51751708984375,77.78174591064453,74.95331573486328,72.12489318847656,71.4212875366211,65.0691909790039,64.35060119628906,60.81118392944336,62.2414665222168,61.55485534667969,60.10823440551758,60.20797348022461,60.95900344848633,61.61980056762695,61.400325775146484,62.96824645996094,60.0333251953125,62.2414665222168
0,-36,-95,11,36,97.08243560791016,97.86214447021484,96.7729263305664,97.51409912109375,97.29337310791016,93.39164733886719,93.17188262939453,88.76936340332031,87.80091094970703,87.59566497802734,86.03487396240234,83.38465118408203,84.5280990600586,84.9705810546875,87.20664978027344,87.32124328613281,87.98295593261719,87.32124328613281,91.52595520019531,93.81364440917969,94.5145492553711,97.24710845947266,93.81364440917969,95.13148498535156,97.41663360595703,94.8946762084961,98.48857879638672,96.17691802978516,93.94147491455078,92.19544219970703,89.69392395019531,90.2496566772461,85.79627227783203,83.81526947021484,82.56512451171875,79.05693817138672,76.24303436279297,71.16881561279297,70.21395874023438,67.35725402832031,64.8459701538086,65.52098846435547,62.64183807373047,62.09669876098633,61.6846809387207,61.13100814819336,62.817195892333984,64.53681182861328,62.96824645996094,61.814239501953125,62.07253646850586,64.03124237060547
0,-36,-95,11,36,91.3509750366211,92.6552734375,92.76313781738281,94.2602767944336,89.3756103515625,88.61715698242188,88.86506652832031,87.61849212646484,84.81155395507812,83.23461151123047,82.4196548461914,84.05950164794922,83.86298370361328,81.88406372070312,81.39410400390625,82.85529327392578,86.72946166992188,84.30895233154297,86.37708282470703,88.60022735595703,90.62008666992188,91.76055908203125,92.4770278930664,92.11405944824219,92.70382690429688,93.52005004882812,95.2732925415039,90.3382568359375,91.7060546875,91.30169677734375,86.45230102539062,86.60831451416016,84.72307586669922,77.38862609863281,79.6303939819336,74.63243103027344,70.60453033447266,70.80254364013672,65.0,65.802734375,63.411354064941406,61.29437255859375,60.0,58.8217658996582,57.42821502685547,59.203041076660156,57.20139694213867,59.81638717651367,59.41380310058594,60.14149856567383,61.717098236083984,61.61168670654297
0,-36,-95,11,36,99.36296844482422,98.0051040649414,96.8968505859375,99.76472473144531,98.1121826171875,97.06183624267578,94.02127075195312,91.58602142333984,91.80958557128906,89.8888168334961,89.05054473876953,86.21485137939453,87.86353302001953,84.38601684570312,87.20664978027344,91.24143981933594,88.39117431640625,91.21951293945312,93.38094329833984,92.69843292236328,96.17691802978516,95.48298645019531,97.58073425292969,99.08582305908203,99.00505065917969,99.72462463378906,98.41239929199219,97.94896697998047,95.2680435180664,95.2680435180664,90.8019790649414,90.44335174560547,88.7524642944336,85.14693450927734,83.00602722167969,79.07591247558594,75.47184753417969,68.96376037597656,72.56031799316406,64.88451385498047,66.24198150634766,63.52952194213867,63.28506851196289,61.29437255859375,62.17716598510742,59.53990173339844,59.4810905456543,62.2414665222168,59.61543273925781,65.92420196533203,64.03124237060547,63.150611877441406
0,-36,-95,12,33,96.4624252319336,95.21029663085938,98.35140991210938,95.81753540039062,96.13532257080078,89.4930191040039,91.7060546875,86.72946166992188,86.97700500488281,87.72685241699219,86.92525482177734,85.42247772216797,89.06739044189453,86.35391998291016,84.38008880615234,85.75546264648438,84.90583038330078,89.04492950439453,90.44335174560547,93.23089599609375,91.52595520019531,95.69221496582031,94.03190612792969,96.83490753173828,94.87360382080078,95.41488647460938,95.01578521728516,93.53608703613281,92.13034057617188,93.03762817382812,89.47066497802734,87.66413116455078,83.00602722167969,83.00602722167969,78.43468475341797,75.58438873291016,72.11102294921875,69.57010650634766,67.05221557617188,66.128662109375,63.89052963256836,60.083274841308594,62.62587356567383,57.87054443359375,57.9741325378418,59.77457809448242,58.694122314453125,60.87692642211914,61.61168670654297,64.77654266357422,61.13100814819336,62.032249450683594
0,-36,-95,11,36,95.88013458251953,96.8968505859375,102.90287017822266,100.4987564086914,99.5690689086914,95.18928527832031,93.49331665039062,92.0869140625,92.9139404296875,90.60353088378906,89.40357971191406,88.72992706298828,88.5268325805664,87.72685241699219,84.8646011352539,89.1964111328125,87.20664978027344,90.02777099609375,91.0494384765625,94.64142608642578,97.94896697998047,98.59513092041016,97.0,98.71676635742188,99.82484436035156,96.93812561035156,96.87621307373047,99.03534698486328,94.79451751708984,95.01578521728516,91.3509750366211,89.49860382080078,86.40023040771484,81.4002456665039,80.21221923828125,78.81623840332031,73.23933410644531,70.21395874023438,69.63475799560547,66.61080932617188,64.637451171875,62.42595672607422,62.801273345947266,61.61168670654297,59.203041076660156,58.8217658996582,63.0079345703125,63.812225341796875,63.28506851196289,62.60990524291992,61.32699203491211,64.28841400146484
0,-38,-95,14,26,97.08243560791016,97.90811920166016,99.02020263671875,97.90811920166016,96.25486755371094,94.57801055908203,92.96235656738281,90.55384826660156,88.32327270507812,87.70974731445312,87.23531341552734,87.66413116455078,87.8464584350586,85.23497009277344,86.72946166992188,87.92041778564453,86.97700500488281,88.8875732421875,91.92388153076172,92.72000885009766,93.96276092529297,95.21029663085938,93.60555267333984,95.50916290283203,94.2443618774414,96.79875946044922,93.98403930664062,94.02127075195312,93.10746765136719,88.56636047363281,86.31338500976562,86.31338500976562,84.11896514892578,78.39005279541016,76.66159057617188,73.06161499023438,69.6419448852539,65.51335906982422,63.812225341796875,62.7694206237793,61.400325775146484,58.66856002807617,58.18075180053711,56.4358024597168,56.4358024597168,56.93856430053711,56.93856430053711,57.982757568359375,58.00862121582031,58.898216247558594,57.982757568359375,57.48912811279297
0,-36,-95,11,38,100.76705932617188,104.9952392578125,101.67103576660156,106.52699279785156,103.23274993896484,102.17631530761719,98.60020446777344,97.80081939697266,94.04785919189453,92.9139404296875,95.41488647460938,95.71833801269531,92.28217315673828,93.02149963378906,93.94147491455078,94.42987060546875,96.3846435546875,96.2081069946289,98.4327163696289,99.6242904663086,101.0197982788086,106.04244232177734,105.10946655273438,105.10946655273438,103.07764434814453,101.63660430908203,104.27847290039062,101.55294036865234,99.29753112792969,98.88377380371094,94.02127075195312,92.66067504882812,88.5098876953125,88.7524642944336,80.99382781982422,79.88116455078125,76.843994140625,72.42237091064453,71.02816009521484,67.67569732666016,67.11929321289062,64.35060119628906,65.19202423095703,63.812225341796875,64.35060119628906,61.587337493896484,62.68173599243164,63.82006072998047,64.40496826171875,63.70243453979492,64.35060119628906,62.801273345947266
0,-36,-95,11,38,101.82828521728516,107.00466918945312,104.35037231445312,105.26158142089844,104.13932800292969,100.76705932617188,99.2471694946289,97.08243560791016,96.2081069946289,95.4620361328125,96.16651916503906,94.76286315917969,90.90654754638672,90.27181243896484,94.02127075195312,95.21029663085938,95.41488647460938,93.74433135986328,98.1121826171875,101.3558120727539,101.0197982788086,103.77379608154297,102.62553405761719,103.46497344970703,106.25440979003906,103.00485229492188,101.0197982788086,101.212646484375,98.23441314697266,97.30878448486328,90.13877868652344,92.09777069091797,86.45230102539062,84.17243957519531,79.93122100830078,79.98124694824219,74.24958038330078,73.59347534179688,67.89698028564453,65.76473236083984,61.52235412597656,65.85590362548828,61.52235412597656,61.55485534667969,57.48912811279297,59.46427536010742,60.10823440551758,60.8276252746582,62.36986541748047,62.20128631591797,62.68173599243164,62.64982223510742
0,-37,-95,11,39,103.24727630615234,100.84642028808594,108.30050659179688,106.67708587646484,108.78418731689453,100.84642028808594,104.70912170410156,97.49359130859375,98.41239929199219,101.13357543945312,101.63660430908203,100.08995819091797,98.35140991210938,99.92997741699219,97.41663360595703,100.16985321044922,98.71676635742188,100.66280364990234,102.18121337890625,105.5367202758789,107.70793914794922,109.23827362060547,109.88175201416016,111.57060241699219,110.16351318359375,110.44002532958984,109.11003875732422,107.20541381835938,103.12128448486328,102.88343048095703,95.4620361328125,97.57561492919922,93.471923828125,87.23531341552734,88.54942321777344,81.85963439941406,77.89736938476562,72.89718627929688,71.58910369873047,67.97793579101562,65.7419204711914,62.2414665222168,65.30696868896484,61.84658432006836,59.09314727783203,62.2414665222168,59.50630187988281,64.47480010986328,62.7694206237793,62.433963775634766,61.032779693603516,63.65532302856445
0,-37,-95,12,35,100.46392059326172,99.36800384521484,103.4069595336914,101.843017578125,103.12128448486328,99.29753112792969,100.57833099365234,99.04039764404297,96.16651916503906,98.23441314697266,97.01546478271484,97.29337310791016,98.47842407226562,97.16481018066406,98.0051040649414,96.33275604248047,98.32598876953125,99.50376892089844,103.23758697509766,106.30146026611328,106.30146026611328,108.46197509765625,102.8250961303711,108.77959442138672,108.67382049560547,107.68936920166016,108.25894927978516,103.07764434814453,101.86756134033203,102.2007827758789,94.5568618774414,96.76776123046875,94.57801055908203,84.30895233154297,85.08818817138672,80.23091888427734,75.64390563964844,71.58910369873047,68.44705963134766,64.62197875976562,64.07807922363281,60.539241790771484,61.09828186035156,58.30952072143555,60.083274841308594,57.93962478637695,57.384666442871094,61.09828186035156,63.50590515136719,60.41522979736328,61.29437255859375,63.25345993041992
0,-37,-95,12,36,105.11898040771484,105.11898040771484,109.56732940673828,110.47624206542969,108.22661590576172,106.00471496582031,102.04410552978516,102.55242919921875,103.46980285644531,101.59232330322266,103.12128448486328,103.4069595336914,98.76234436035156,102.35721588134766,101.86756134033203,102.18121337890625,104.7377700805664,106.8877944946289,113.1370849609375,113.28282928466797,115.41230773925781,116.55899810791016,111.98660278320312,114.93476104736328,115.73245239257812,117.15374755859375,113.50770568847656,111.97321319580078,110.0636215209961,100.5683822631836,102.31813049316406,100.90093994140625,99.02020263671875,96.25486755371094,88.54942321777344,83.67198181152344,79.62411499023438,74.73285675048828,73.79024505615234,70.00714111328125,68.54196166992188,64.51356506347656,64.25729370117188,60.728904724121094,60.728904724121094,63.5688591003418,63.89052963256836,67.35725402832031,65.39112854003906,66.70832061767578,70.8307876586914,70.0
0,-39,-95,15,26,105.39450073242188,103.73042297363281,107.64757537841797,105.43718719482422,107.64757537841797,102.64988708496094,103.6001968383789,101.82828521728516,102.94173431396484,103.4794692993164,102.068603515625,100.44898986816406,101.13851928710938,101.86265563964844,101.23734283447266,104.9952392578125,104.48445129394531,107.29864501953125,107.61505126953125,111.82575988769531,113.70136260986328,116.5160903930664,115.6243896484375,114.33721923828125,116.7775650024414,115.3126220703125,112.43220520019531,113.21660614013672,107.62899017333984,106.8877944946289,101.04454803466797,98.85848236083984,94.81033325195312,92.20086669921875,90.21086120605469,85.8021011352539,80.70935821533203,77.42092895507812,74.88658142089844,70.21395874023438,68.60028839111328,67.00746154785156,67.62396240234375,66.21932983398438,64.66065216064453,64.66065216064453,66.21932983398438,68.00735473632812,70.72481536865234,70.71067810058594,70.68238830566406,71.7844009399414
0,-39,-95,14,29,101.63660430908203,101.63660430908203,104.54663848876953,104.92378234863281,106.04244232177734,100.46392059326172,103.12128448486328,98.35140991210938,100.5683822631836,100.0,100.68763732910156,99.68952178955078,99.04039764404297,100.44898986816406,100.28459167480469,101.96568298339844,103.48429870605469,103.5857162475586,108.37435150146484,109.55364227294922,110.8873291015625,114.73883056640625,111.01801300048828,114.98260498046875,112.61438751220703,112.96902465820312,108.68302154541016,109.3846435546875,106.73799896240234,103.16007232666016,99.6242904663086,98.35140991210938,96.4624252319336,89.1964111328125,88.39117431640625,84.50444030761719,78.92401123046875,76.32168579101562,73.16419982910156,70.22820281982422,67.67569732666016,65.45991516113281,68.00735473632812,63.89052963256836,64.8459701538086,64.19501495361328,65.45991516113281,69.89277648925781,67.62396240234375,68.88395690917969,70.8307876586914,69.81404113769531
0,-37,-95,12,38,106.10372161865234,106.79419708251953,110.3177261352539,110.3177261352539,113.14591979980469,106.10372161865234,111.1980209350586,107.93516540527344,102.44998931884766,111.21150970458984,107.05606079101562,103.6001968383789,105.39450073242188,106.53168487548828,106.32967376708984,112.16059875488281,112.2541732788086,110.63905334472656,116.29703521728516,118.96638488769531,123.43419647216797,121.23530578613281,120.44085693359375,122.1883773803711,122.3315200805664,120.41594696044922,116.21101379394531,121.20230865478516,115.0,114.4770736694336,109.63575744628906,108.85311126708984,102.44998931884766,100.89598846435547,96.33275604248047,96.42613983154297,87.69264221191406,82.8070068359375,80.62257385253906,73.87828063964844,75.07329559326172,74.65252685546875,72.62230682373047,72.4706802368164,72.62230682373047,69.40460968017578,73.40980529785156,76.5767593383789,77.8331527709961,78.64476776123047,80.0,74.94664764404297
0,-37,-95,12,37,107.37783813476562,108.0462875366211,111.50785064697266,111.01801300048828,110.05907440185547,107.54068756103516,109.2748794555664,106.0660171508789,105.99056243896484,105.30906677246094,105.84894561767578,103.12128448486328,107.85638427734375,103.44564056396484,108.66921997070312,111.3238525390625,113.35784149169922,108.68302154541016,117.08544158935547,119.05040740966797,121.04957580566406,123.0,121.75385284423828,124.42668151855469,121.5647964477539,125.28367614746094,122.06555938720703,122.09013366699219,115.8792495727539,115.8792495727539,109.3846435546875,108.6876220703125,106.0235824584961,98.84330749511719,98.84330749511719,92.61209106445312,92.13577270507812,83.67198181152344,82.29216003417969,77.38862609863281,81.02468872070312,74.32361602783203,75.3923110961914,73.00685119628906,76.32168579101562,75.1531753540039,76.15773010253906,79.62411499023438,81.41252899169922,81.54139709472656,78.81623840332031,82.02438354492188
0,-37,-95,12,38,108.78418731689453,106.89247131347656,110.49434661865234,113.88591003417969,110.86027526855469,107.15409088134766,110.16805267333984,106.8877944946289,105.0951919555664,108.30050659179688,109.65856170654297,108.45275115966797,109.28861236572266,105.60302734375,109.62207794189453,112.44554138183594,115.108642578125,112.80514526367188,122.57650756835938,124.57929229736328,124.08464813232422,127.40486907958984,121.26417541503906,131.1373291015625,124.96399688720703,126.82270812988281,125.20782470703125,120.67311096191406,125.20782470703125,120.10411834716797,117.32433319091797,113.0177001953125,112.16059875488281,108.90821838378906,103.5857162475586,97.6166000366211,93.29522705078125,90.04998779296875,84.38008880615234,84.38008880615234,83.21658325195312,83.21658325195312,79.88116455078125,81.54139709472656,80.44873809814453,82.09750366210938,82.92768096923828,84.38008880615234,81.84130859375,87.20664978027344,85.09406280517578,86.31338500976562
0,-37,-95,12,37,104.78549194335938,107.20074462890625,107.2800064086914,111.61093139648438,106.3672866821289,107.20074462890625,106.79419708251953,104.8093490600586,104.23531341552734,106.04244232177734,106.04244232177734,103.0,106.07544708251953,105.385009765625,109.22454071044922,111.01801300048828,113.28282928466797,115.1173324584961,118.25819396972656,124.61540985107422,121.92620849609375,123.47064208984375,122.1883773803711,125.60254669189453,124.90396118164062,123.79418182373047,124.6795883178711,121.3342514038086,122.06555938720703,118.03813171386719,116.0,111.00450134277344,110.01818084716797,105.0428466796875,106.11785888671875,97.02061462402344,95.04735565185547,90.0888442993164,89.02246856689453,90.00555419921875,80.02499389648438,82.0,86.0,85.0,83.09632873535156,83.02409362792969,84.148681640625,87.3670425415039,84.01190185546875,86.31338500976562,84.89994049072266,88.0227279663086
0,-37,-95,12,37,100.41912078857422,106.10372161865234,104.9952392578125,108.57716369628906,103.5857162475586,104.23531341552734,101.212646484375,103.2279052734375,102.08329772949219,100.70252990722656,101.54801940917969,104.31682586669922,104.27847290039062,104.3886947631836,110.69326782226562,109.73149108886719,111.0,113.52973175048828,121.16517639160156,120.50311279296875,119.54915618896484,127.12985229492188,118.59595489501953,123.0812759399414,124.31009674072266,124.42266845703125,125.59060668945312,121.07848358154297,123.8587875366211,117.9237060546875,114.54257202148438,113.63538360595703,113.21660614013672,108.6876220703125,102.42070007324219,98.0051040649414,95.2575454711914,92.57429504394531,88.1192398071289,85.90692901611328,83.25863647460938,85.0,80.62257385253906,84.30895233154297,81.85963439941406,81.43709564208984,81.39410400390625,83.6480712890625,84.2199478149414,85.44589233398438,85.2760238647461,84.8646011352539
0,-36,-95,13,33,99.92497253417969,102.48902130126953,106.56922912597656,103.44564056396484,103.4069595336914,102.18121337890625,100.90093994140625,99.72462463378906,100.46392059326172,99.7296371459961,102.88343048095703,100.64790344238281,100.40418243408203,104.04325866699219,103.81233215332031,109.80892181396484,107.29864501953125,109.34349822998047,112.04463195800781,119.09659576416016,117.29023742675781,123.06502532958984,120.10411834716797,122.67436218261719,127.20063018798828,123.22743225097656,124.61942291259766,122.4132308959961,122.88612365722656,117.88977813720703,108.75660705566406,114.0570068359375,114.38968658447266,107.04204559326172,107.78218841552734,103.353759765625,98.88377380371094,92.59049987792969,86.76981353759766,88.1192398071289,84.59905242919922,84.72307586669922,83.76156616210938,81.00617218017578,79.64923095703125,80.52949523925781,81.41252899169922,83.25863647460938,83.25863647460938,87.31552124023438,86.58522033691406,90.42676544189453
0,-36,-95,12,35,99.64437103271484,95.41488647460938,103.46980285644531,100.12492370605469,101.25709533691406,97.41663360595703,98.08159637451172,95.2680435180664,96.8968505859375,99.00505065917969,97.59098052978516,99.72462463378906,100.00499725341797,102.94173431396484,100.60317993164062,104.86181640625,101.54801940917969,107.89810180664062,105.68821716308594,112.68096923828125,113.74093627929688,120.73938751220703,122.06555938720703,116.50321960449219,119.28118133544922,115.67626953125,117.4137954711914,121.03718566894531,113.2298583984375,119.63277435302734,106.4048843383789,111.94641876220703,109.22454071044922,105.47511291503906,101.17806243896484,99.03534698486328,94.75231170654297,90.52071380615234,87.68124389648438,84.17243957519531,83.48652648925781,78.56844329833984,82.97589874267578,75.82215881347656,77.98717498779297,79.24645233154297,80.62257385253906,84.148681640625,82.32861328125,84.05355072021484,81.12335968017578,78.29431915283203
0,-36,-95,11,39,98.35140991210938,97.73944854736328,102.55242919921875,99.5389404296875,98.0866928100586,98.48857879638672,99.29753112792969,97.94386291503906,96.25486755371094,98.27003479003906,96.25486755371094,94.86833190917969,99.02020263671875,97.18538665771484,99.2471694946289,104.00480651855469,103.96633911132812,107.51744079589844,111.07205200195312,111.07205200195312,115.27792358398438,117.45637512207031,117.4137954711914,116.7261734008789,118.08895111083984,116.7261734008789,117.4137954711914,114.58621215820312,112.60994720458984,114.8651351928711,106.4048843383789,110.11357879638672,107.93516540527344,100.0,98.40731811523438,97.20082092285156,92.80086517333984,85.0,84.20214080810547,83.00602722167969,82.00609588623047,80.80223083496094,81.4002456665039,79.02531433105469,79.02531433105469,79.2022705078125,81.60882568359375,82.92768096923828,83.00602722167969,84.07734680175781,83.77350616455078,81.32035064697266
0,-36,-95,11,38,93.52005004882812,93.10746765136719,96.7729263305664,93.62158203125,97.49871826171875,95.63471984863281,94.57801055908203,92.97311401367188,94.5568618774414,94.5568618774414,96.3016128540039,96.31718444824219,96.8813705444336,98.47842407226562,96.17691802978516,101.83319854736328,99.32270812988281,100.31948852539062,105.23307800292969,109.55364227294922,109.77249145507812,110.45361328125,109.77249145507812,111.28791809082031,113.99122619628906,109.77249145507812,107.35455322265625,112.78740692138672,107.68936920166016,106.8877944946289,101.78899383544922,104.56098937988281,102.35721588134766,98.08159637451172,94.9210205078125,93.96276092529297,90.13877868652344,84.20214080810547,83.24061584472656,79.8122787475586,79.05693817138672,76.24303436279297,81.04319763183594,74.04052734375,73.37574768066406,75.27283477783203,78.43468475341797,76.32168579101562,80.95677947998047,76.5375747680664,78.77182006835938,73.24616241455078
0,-36,-95,11,38,90.60904693603516,96.42613983154297,90.27181243896484,97.18538665771484,98.23441314697266,93.40770721435547,95.0,94.86833190917969,94.04785919189453,91.52595520019531,91.92388153076172,95.38343811035156,96.17691802978516,95.2575454711914,95.7078857421875,98.0866928100586,101.39033508300781,100.08995819091797,105.68821716308594,106.6255111694336,108.07867431640625,109.00458526611328,105.47511291503906,110.72488403320312,109.25199890136719,111.08555603027344,110.16805267333984,110.07270050048828,104.69479370117188,107.35455322265625,103.83159637451172,103.353759765625,102.21546173095703,95.18928527832031,92.28217315673828,89.1852035522461,87.66413116455078,83.52843475341797,82.15229797363281,78.77182006835938,78.49203491210938,75.80237579345703,78.03204345703125,78.23043060302734,75.1664810180664,77.10382843017578,76.6093978881836,73.40980529785156,76.5767593383789,77.78174591064453,75.1664810180664,76.02631378173828
0,-36,-95,12,34,91.92388153076172,93.4344711303711,97.32933807373047,98.41239929199219,100.24469757080078,97.25225067138672,97.1287841796875,97.00515747070312,95.04735565185547,95.13148498535156,97.1287841796875,98.18350219726562,97.62171936035156,97.62171936035156,98.31072998046875,100.28459167480469,102.39140319824219,101.0,105.99056243896484,106.96260833740234,109.3846435546875,109.1421127319336,105.99056243896484,110.86027526855469,109.88175201416016,113.1591796875,108.06016540527344,108.85311126708984,108.67382049560547,107.51744079589844,102.956298828125,105.80170440673828,101.59724426269531,98.50888061523438,97.25225067138672,94.2602767944336,90.0888442993164,88.14192962646484,85.09406280517578,82.2982406616211,81.3019027709961,79.15807342529297,80.15609741210938,78.23043060302734,78.05767059326172,77.23341369628906,77.05841827392578,76.02631378173828,78.16009521484375,78.31346893310547,78.44743347167969,79.4040298461914
0,-36,-95,11,38,92.9139404296875,93.81364440917969,96.21330261230469,96.60745239257812,99.48869323730469,93.60021209716797,97.30878448486328,95.13148498535156,97.08243560791016,98.31072998046875,99.00505065917969,98.31072998046875,99.15644073486328,99.35794067382812,96.67471313476562,102.303466796875,98.81295776367188,102.2007827758789,103.17460632324219,104.8475112915039,109.04127502441406,110.67971801757812,109.04127502441406,109.29318237304688,110.11357879638672,112.41441345214844,110.43550109863281,114.03946685791016,108.22661590576172,107.80074310302734,103.07764434814453,106.04244232177734,102.94173431396484,97.08243560791016,95.7757797241211,94.79451751708984,91.24143981933594,86.31338500976562,81.3449478149414,83.63013458251953,80.62257385253906,77.8331527709961,79.30951690673828,77.8331527709961,77.10382843017578,76.41989135742188,77.077880859375,77.79460144042969,76.69419860839844,76.69419860839844,74.88658142089844,73.35530090332031
0,-36,-95,12,34,90.42676544189453,95.13148498535156,96.54014587402344,98.59513092041016,93.60555267333984,97.18538665771484,97.74456787109375,94.76286315917969,96.17691802978516,94.11163330078125,96.2081069946289,94.9210205078125,97.45255279541016,96.21330261230469,100.42410278320312,96.83490753173828,97.6370849609375,96.51942443847656,103.77379608154297,106.53168487548828,106.0,106.23088073730469,107.37783813476562,109.41663360595703,110.13627624511719,110.9414291381836,110.9414291381836,109.40292358398438,107.41508483886719,103.46980285644531,101.212646484375,102.44998931884766,100.2646484375,98.59513092041016,96.26006317138672,92.76313781738281,90.60904693603516,85.70297241210938,82.03657531738281,81.68843078613281,77.10382843017578,78.51751708984375,74.41101837158203,77.10382843017578,73.53910827636719,72.13875579833984,73.55270385742188,75.82215881347656,74.81310272216797,76.02631378173828,74.94664764404297,75.1531753540039
0,-36,-95,11,39,94.93682098388672,99.92497253417969,96.2081069946289,101.0197982788086,98.68130493164062,99.02020263671875,100.24469757080078,94.5568618774414,101.83319854736328,99.45853424072266,98.23441314697266,99.92497253417969,97.08243560791016,98.31072998046875,97.86214447021484,100.7174301147461,99.32270812988281,98.32598876953125,104.12012481689453,107.04204559326172,106.23088073730469,111.11255645751953,107.1680908203125,111.11255645751953,111.22050476074219,109.29318237304688,112.44554138183594,109.55364227294922,105.9292221069336,104.93807983398438,103.09703826904297,105.38026428222656,101.43470764160156,98.84330749511719,97.08243560791016,92.41753387451172,90.24411010742188,84.72307586669922,85.86617279052734,81.4923324584961,81.25269317626953,78.85429382324219,75.92759704589844,76.90253448486328,75.92759704589844,71.80529022216797,73.49829864501953,76.65507507324219,74.3303451538086,74.32361602783203,76.92203521728516,73.24616241455078
0,-36,-95,11,39,94.02127075195312,96.04686737060547,99.02020263671875,101.212646484375,98.23441314697266,99.04544067382812,100.20977783203125,98.22932434082031,97.6524429321289,99.02020263671875,97.94386291503906,97.1287841796875,98.88377380371094,98.88377380371094,100.17984008789062,101.98039245605469,102.15674591064453,100.31948852539062,101.843017578125,106.6255111694336,106.4048843383789,111.78997802734375,107.54068756103516,110.13627624511719,111.78997802734375,111.08555603027344,108.25894927978516,108.25894927978516,106.51290893554688,107.78682708740234,105.99056243896484,104.23531341552734,102.0,99.36296844482422,96.3846435546875,92.11405944824219,90.42676544189453,83.52843475341797,84.31488800048828,80.15609741210938,78.54934692382812,74.3303451538086,76.32168579101562,73.7834701538086,72.11102294921875,71.28113555908203,73.23933410644531,72.20111083984375,74.65252685546875,72.13875579833984,71.50524139404297,72.20111083984375
0,-36,-95,11,39,100.31948852539062,98.32598876953125,106.56922912597656,102.48902130126953,104.69001770019531,103.5857162475586,105.22357177734375,100.84146118164062,101.0,104.56098937988281,105.11898040771484,100.89598846435547,102.48902130126953,101.83319854736328,99.6242904663086,110.13627624511719,102.88343048095703,107.54068756103516,108.6876220703125,110.07270050048828,108.85311126708984,116.46887969970703,115.55085754394531,115.03912353515625,114.01753997802734,113.84638977050781,110.86027526855469,114.49017333984375,108.78418731689453,112.27198791503906,104.04325866699219,109.41663360595703,106.60675048828125,103.84603881835938,98.95453643798828,97.01546478271484,91.67878723144531,88.76936340332031,82.76472473144531,79.83106994628906,81.78630828857422,73.75635528564453,76.40026092529297,72.7804946899414,73.00685119628906,70.8307876586914,71.38627624511719,72.18032836914062,73.16419982910156,74.24284362792969,72.11102294921875,70.1783447265625
0,-36,-95,12,37,110.0227279663086,108.06016540527344,113.1370849609375,110.64356994628906,112.75193786621094,111.01801300048828,112.75193786621094,109.55364227294922,112.53887939453125,111.44953918457031,110.45361328125,110.07270050048828,110.0,112.0,111.07205200195312,115.108642578125,112.28534698486328,114.28035736083984,114.98260498046875,121.8072280883789,120.41594696044922,124.7878189086914,122.4948959350586,124.40257263183594,122.3315200805664,123.1015853881836,123.32882690429688,122.1024169921875,120.03749084472656,120.00416564941406,115.00434875488281,112.00446319580078,111.00450134277344,109.04127502441406,108.07405090332031,103.31021118164062,102.59142303466797,96.87621307373047,95.63471984863281,89.45389556884766,86.37129211425781,82.38932037353516,82.15229797363281,78.4091796875,79.10120391845703,76.32168579101562,78.31346893310547,77.41446685791016,78.26238250732422,80.08120727539062,77.49193572998047,77.077880859375
0,-37,-95,12,38,108.22661590576172,107.070068359375,113.74093627929688,110.9414291381836,112.05802154541016,109.55364227294922,113.99122619628906,107.91200256347656,106.32967376708984,112.2541732788086,108.70602416992188,113.59577178955078,111.08555603027344,110.57124328613281,112.40106964111328,117.39250183105469,117.39250183105469,113.29607391357422,119.54078674316406,119.87076568603516,122.19656372070312,124.42266845703125,124.42266845703125,123.64869689941406,125.15989685058594,121.07848358154297,121.85237121582031,126.31706237792969,120.83045959472656,118.06777954101562,117.17081451416016,117.61802673339844,114.12712097167969,106.17438507080078,105.15226745605469,104.62313079833984,98.47842407226562,94.87360382080078,91.92388153076172,89.04492950439453,84.05355072021484,82.09750366210938,82.37718200683594,77.69813537597656,81.54139709472656,74.06078338623047,75.1664810180664,78.81623840332031,77.42092895507812,78.8733139038086,79.90619659423828,78.4091796875
0,-37,-95,12,39,112.36102294921875,114.23221588134766,118.70130920410156,123.56779479980469,123.30855560302734,118.84864044189453,119.43617248535156,115.03912353515625,115.38197326660156,118.07201385498047,122.1187973022461,120.93386840820312,120.22062683105469,118.43141174316406,118.1524429321289,123.40583801269531,121.03718566894531,124.01612854003906,131.89389038085938,131.1373291015625,127.91403198242188,136.12493896484375,131.0343475341797,134.95184326171875,133.00375366210938,134.61798095703125,136.2093963623047,133.6001434326172,129.61866760253906,129.03488159179688,126.19429779052734,125.9245834350586,118.1524429321289,115.9353256225586,115.76268768310547,109.77249145507812,110.90987396240234,101.59724426269531,97.1287841796875,93.1504135131836,90.91754150390625,90.91754150390625,88.32327270507812,85.75546264648438,85.14693450927734,82.49242401123047,80.77747344970703,85.23497009277344,85.47514343261719,87.72685241699219,83.48652648925781,86.58522033691406
0,-37,-95,12,39,115.10430145263672,118.11858367919922,117.1836166381836,120.30793762207031,118.96638488769531,122.1187973022461,118.53269958496094,117.68601989746094,123.06502532958984,114.94781494140625,121.26417541503906,120.2081527709961,119.36917877197266,120.2081527709961,119.10499572753906,123.0,124.14910125732422,123.0,127.90621185302734,125.76565551757812,126.49505615234375,125.92855072021484,126.69648742675781,123.96773529052734,126.69648742675781,129.75746154785156,128.06248474121094,128.31600952148438,130.72872924804688,128.31600952148438,127.88275909423828,124.32618713378906,122.12288665771484,118.59595489501953,118.92855072021484,108.63240814208984,109.44404602050781,103.4069595336914,97.86214447021484,94.9210205078125,93.30059051513672,89.4930191040039,87.28115844726562,89.1852035522461,85.70297241210938,85.4400405883789,84.11896514892578,85.4400405883789,88.14192962646484,85.49269104003906,91.06591033935547,89.62700653076172
0,-39,-95,15,28,112.04463195800781,117.68601989746094,119.60350799560547,122.4948959350586,117.45637512207031,119.60350799560547,117.4137954711914,115.26057434082031,115.26057434082031,116.7775650024414,116.93160247802734,117.79643249511719,118.40608215332031,117.8006820678711,121.01652526855469,119.54078674316406,122.5887451171875,121.49073791503906,129.13946533203125,130.17295837402344,130.6981201171875,134.83323669433594,128.16004943847656,133.1465301513672,133.13526916503906,131.24404907226562,131.24404907226562,127.80062866210938,127.80062866210938,124.01612854003906,120.8801040649414,121.65936279296875,118.56221771240234,114.1095962524414,111.80339813232422,107.62899017333984,102.53292083740234,99.03534698486328,97.62171936035156,94.76286315917969,88.39117431640625,89.10667419433594,84.95881652832031,82.75868225097656,83.4505844116211,80.65978240966797,83.4505844116211,84.148681640625,82.75868225097656,83.09632873535156,83.48652648925781,85.0
0,-36,-95,12,38,114.21470642089844,112.64102172851562,123.06502532958984,119.03781127929688,123.06502532958984,117.0384521484375,117.0042724609375,114.03946685791016,114.07015228271484,117.15374755859375,116.21101379394531,114.52947235107422,114.98260498046875,117.38824462890625,118.69709014892578,125.39936065673828,119.57006072998047,125.39936065673828,127.88275909423828,130.08074951171875,129.2826385498047,132.69891357421875,129.52220153808594,131.21737670898438,129.63409423828125,129.43724060058594,127.67536926269531,129.63409423828125,124.5351333618164,128.56515502929688,119.364990234375,123.47064208984375,119.5198745727539,114.85643005371094,110.54862976074219,106.79419708251953,106.67708587646484,100.24469757080078,96.42095184326172,94.42987060546875,95.2575454711914,89.27485656738281,90.79647827148438,86.46965026855469,84.01190185546875,83.72574615478516,85.37564086914062,84.09518432617188,89.08984375,89.005615234375,86.37129211425781,82.0
0,-36,-95,12,36,110.43550109863281,109.28861236572266,113.99122619628906,109.83624267578125,107.37783813476562,109.07795715332031,107.70329284667969,107.91200256347656,106.0660171508789,106.89247131347656,108.22661590576172,111.82575988769531,109.93180084228516,109.93180084228516,109.93180084228516,111.94641876220703,113.32254791259766,112.27198791503906,116.48175811767578,120.33287048339844,118.59595489501953,119.92080688476562,120.81390380859375,123.96773529052734,123.71337890625,120.81390380859375,120.2081527709961,121.14866638183594,119.61605072021484,114.58621215820312,113.46365356445312,111.61540985107422,110.07270050048828,104.27847290039062,102.956298828125,100.62306213378906,99.29753112792969,90.78546142578125,89.89437866210938,84.07734680175781,85.0,84.09518432617188,80.49844360351562,80.11241912841797,79.62411499023438,78.26238250732422,79.15807342529297,79.64923095703125,79.92496490478516,83.23461151123047,78.8733139038086,80.61017608642578
0,-36,-95,12,36,106.56922912597656,113.35784149169922,112.44554138183594,113.53413391113281,109.29318237304688,108.29589080810547,105.07616424560547,107.04204559326172,109.00458526611328,107.00466918945312,106.04244232177734,107.29864501953125,109.55364227294922,107.46627044677734,107.78682708740234,111.3058853149414,111.98660278320312,113.77169799804688,116.90166473388672,120.41594696044922,120.41594696044922,121.6552505493164,118.25819396972656,123.35720825195312,121.06196594238281,121.34249114990234,118.71394348144531,120.50311279296875,115.43396759033203,110.45361328125,113.28282928466797,108.16654205322266,112.07140350341797,102.31324768066406,102.01960754394531,95.00526428222656,93.00537872314453,92.02173614501953,92.02173614501953,87.02298736572266,84.0,84.05355072021484,80.05622863769531,76.00657653808594,78.05767059326172,78.025634765625,81.00617218017578,80.05622863769531,81.09870910644531,80.8949966430664,78.85429382324219,83.48652648925781
0,-36,-95,11,39,105.47511291503906,109.45775604248047,105.38026428222656,109.55364227294922,105.9292221069336,108.0462875366211,101.27191162109375,101.98039245605469,101.0,100.66280364990234,101.13851928710938,100.5683822631836,103.73042297363281,105.10946655273438,109.20164489746094,106.04244232177734,107.93516540527344,106.04244232177734,113.1591796875,113.84638977050781,114.94781494140625,118.68024444580078,111.42710876464844,118.18629455566406,115.31695556640625,117.17507934570312,115.108642578125,109.8954086303711,113.05308532714844,107.00466918945312,108.93116760253906,106.51290893554688,100.22474670410156,98.06120300292969,97.32420349121094,94.9210205078125,90.02777099609375,85.5102310180664,86.68333435058594,84.5280990600586,80.23091888427734,78.64476776123047,75.31268310546875,76.48529052734375,76.29547882080078,75.13321685791016,77.78174591064453,79.22752380371094,76.32168579101562,80.09993743896484,77.10382843017578,78.08969116210938
0,-36,-95,11,38,100.12492370605469,104.35037231445312,104.20172882080078,105.80170440673828,102.00489807128906,102.44998931884766,101.0197982788086,99.04544067382812,98.18350219726562,98.47842407226562,101.0197982788086,99.29753112792969,97.94386291503906,101.07917785644531,99.80982208251953,104.92378234863281,106.6255111694336,103.81714630126953,108.78418731689453,111.6646728515625,110.13627624511719,113.29607391357422,112.16059875488281,114.01753997802734,111.61540985107422,112.80514526367188,109.1650161743164,108.25894927978516,105.11898040771484,103.31505584716797,101.59724426269531,100.18482971191406,97.49359130859375,92.59049987792969,91.78779602050781,89.06739044189453,87.46427917480469,84.59905242919922,77.69813537597656,79.25907135009766,78.29431915283203,72.94518280029297,76.5375747680664,75.59100341796875,73.35530090332031,71.58910369873047,74.625732421875,74.09453582763672,75.80237579345703,74.65252685546875,72.83543395996094,73.10950469970703
0,-35,-95,11,37,99.45853424072266,99.20181274414062,102.88343048095703,103.58088684082031,102.35721588134766,100.0,98.67117309570312,97.40636444091797,94.33981323242188,98.61541748046875,99.72462463378906,95.7078857421875,96.17691802978516,97.94896697998047,95.88013458251953,99.85990142822266,103.17460632324219,102.34255981445312,106.25440979003906,107.20074462890625,108.60018157958984,110.11357879638672,109.60382843017578,112.07140350341797,109.60382843017578,107.70329284667969,107.91200256347656,106.32967376708984,101.71037292480469,99.84988403320312,99.36296844482422,97.6166000366211,93.1504135131836,93.53608703613281,90.3548583984375,88.1929702758789,86.33075714111328,81.41252899169922,78.71467590332031,77.82672882080078,76.05918884277344,72.89718627929688,75.1797866821289,74.30342864990234,74.30342864990234,72.00694274902344,72.01388549804688,72.01388549804688,73.16419982910156,72.12489318847656,71.30918884277344,72.99314880371094
0,-35,-95,12,33,99.76472473144531,99.72462463378906,106.0660171508789,100.41912078857422,100.41912078857422,100.44898986816406,99.82484436035156,97.0,95.67131042480469,97.30878448486328,100.12492370605469,97.80081939697266,98.22932434082031,98.18350219726562,99.29753112792969,100.84642028808594,102.0,102.21546173095703,106.94390869140625,108.24047088623047,108.90821838378906,110.27692413330078,109.07795715332031,110.98197937011719,109.83624267578125,109.29318237304688,107.64757537841797,107.61505126953125,103.4069595336914,103.00485229492188,98.0051040649414,97.6166000366211,94.02127075195312,95.42536163330078,89.49860382080078,88.23831176757812,86.55634307861328,79.5110092163086,78.8733139038086,76.69419860839844,75.82215881347656,73.75635528564453,77.33692169189453,73.10950469970703,67.47592163085938,72.24956512451172,68.7677230834961,70.00714111328125,70.76722717285156,73.10950469970703,72.42237091064453,68.47627258300781
0,-35,-95,11,37,102.39628601074219,103.46497344970703,100.23971557617188,105.19029998779297,104.23531341552734,103.353759765625,101.53324890136719,99.74467468261719,102.41581726074219,97.50897216796875,102.55242919921875,99.95999145507812,100.5683822631836,101.92153930664062,104.9952392578125,103.74005889892578,107.44766235351562,102.35721588134766,112.80514526367188,109.3846435546875,112.08924865722656,114.4770736694336,111.82575988769531,114.4770736694336,112.7918472290039,110.36756896972656,111.0,105.6219711303711,110.05453491210938,103.73042297363281,100.46392059326172,99.5389404296875,97.69339752197266,95.4620361328125,93.62158203125,88.14192962646484,87.8464584350586,82.46211242675781,82.46211242675781,80.52949523925781,75.64390563964844,73.82411193847656,72.49827575683594,71.58910369873047,69.35416412353516,70.68238830566406,69.35416412353516,69.35416412353516,69.97142028808594,71.34423828125,72.11102294921875,71.44927978515625
0,-37,-95,14,26,108.811767578125,109.62207794189453,112.07140350341797,112.41441345214844,111.83023071289062,111.83023071289062,110.67971801757812,109.55364227294922,109.55364227294922,109.07795715332031,109.93180084228516,109.2748794555664,111.41364288330078,112.71202087402344,112.2541732788086,114.12712097167969,113.46365356445312,112.40106964111328,116.07756042480469,117.9237060546875,116.86744689941406,121.3342514038086,116.29703521728516,119.50732421875,118.06777954101562,116.29703521728516,113.59577178955078,111.82575988769531,109.12836456298828,103.31021118164062,100.64790344238281,101.53324890136719,98.1121826171875,94.02127075195312,94.5145492553711,89.69392395019531,87.46427917480469,83.52843475341797,81.6333236694336,79.75587463378906,76.66159057617188,75.80237579345703,73.35530090332031,70.32780456542969,70.32780456542969,67.23094177246094,70.32780456542969,72.20111083984375,69.89277648925781,70.0,68.7677230834961,70.71067810058594
0,-36,-95,11,39,107.20074462890625,112.00892639160156,114.58621215820312,114.2716064453125,114.75626373291016,114.98260498046875,116.55899810791016,113.0,116.29703521728516,114.75626373291016,115.95257568359375,112.05802154541016,114.48143768310547,111.68258666992188,112.36102294921875,116.09048461914062,117.65203094482422,115.108642578125,121.49073791503906,120.2081527709961,120.80562591552734,120.16654968261719,120.16654968261719,119.2182846069336,116.21101379394531,118.68024444580078,115.80155181884766,108.93116760253906,108.93116760253906,106.73799896240234,101.92153930664062,101.86756134033203,100.89598846435547,95.56673431396484,96.10411071777344,90.70832061767578,89.62700653076172,86.34812927246094,82.46211242675781,82.71033477783203,79.07591247558594,77.66595458984375,77.6208724975586,75.70997619628906,73.75635528564453,72.99314880371094,73.54590606689453,72.00694274902344,74.4311752319336,76.16429901123047,74.0,75.1664810180664
0,-36,-95,11,40,114.63420104980469,117.0042724609375,121.65936279296875,119.80818176269531,120.2081527709961,118.22859191894531,121.65936279296875,121.37957000732422,117.15374755859375,118.44407653808594,119.85408020019531,119.75391387939453,120.24142456054688,123.84264373779297,120.93386840820312,119.5198745727539,120.96693420410156,118.08895111083984,123.9072265625,124.57929229736328,125.17587280273438,127.27922058105469,118.86967468261719,123.7457046508789,122.34786224365234,123.79418182373047,117.51595306396484,113.95174407958984,113.95174407958984,107.56393432617188,108.30050659179688,104.13932800292969,106.21675872802734,104.89041900634766,101.98039245605469,98.59513092041016,93.60555267333984,89.64373779296875,88.23831176757812,85.91275024414062,85.0,81.05553436279297,81.05553436279297,80.0,79.2022705078125,81.21575927734375,75.80237579345703,78.23681640625,76.27581787109375,80.26206970214844,77.82030487060547,76.89603424072266
0,-36,-95,12,36,112.92918395996094,121.16517639160156,119.92080688476562,120.60265350341797,120.2081527709961,119.2518310546875,118.59595489501953,118.59595489501953,118.59595489501953,115.76700592041016,118.59595489501953,117.74549102783203,117.78369903564453,118.59595489501953,120.30377960205078,118.10588836669922,119.47384643554688,114.03946685791016,118.20744323730469,120.93386840820312,122.54386901855469,121.70867156982422,116.29703521728516,118.3385009765625,121.6552505493164,118.9621810913086,116.29703521728516,114.06138610839844,109.123779296875,106.0660171508789,103.353759765625,102.85912322998047,100.7223892211914,97.52947998046875,98.48857879638672,90.82400512695312,89.47066497802734,89.47066497802734,88.1192398071289,87.23531341552734,80.13114166259766,83.24061584472656,81.00617218017578,78.39005279541016,75.29276275634766,78.26238250732422,77.82030487060547,78.26238250732422,79.7057113647461,79.37883758544922,82.2192153930664,80.0624771118164
0,-36,-95,12,37,120.43255615234375,121.01652526855469,124.25779724121094,124.61942291259766,122.20065307617188,122.20065307617188,126.24578857421875,123.45849609375,124.03628540039062,122.5887451171875,120.65238952636719,121.79490661621094,121.07848358154297,120.066650390625,120.5694808959961,122.29881286621094,123.00406646728516,121.20230865478516,123.89108276367188,125.67020416259766,126.1784439086914,126.1784439086914,124.42266845703125,125.70600891113281,123.82245635986328,120.93386840820312,116.97008514404297,114.38968658447266,109.2748794555664,110.63905334472656,106.67708587646484,106.32967376708984,103.94229125976562,103.94229125976562,98.79270935058594,99.98500061035156,99.64437103271484,92.11405944824219,92.35800170898438,91.52595520019531,86.8216552734375,86.8216552734375,89.87213134765625,81.84130859375,82.6619644165039,80.80223083496094,83.81526947021484,84.81155395507812,83.09632873535156,86.97700500488281,82.134033203125,83.00602722167969
0,-36,-95,12,36,114.61238861083984,118.3385009765625,122.1187973022461,120.22062683105469,122.80065155029297,121.43310546875,119.364990234375,119.20150756835938,119.364990234375,118.51160430908203,116.29703521728516,116.7775650024414,116.46887969970703,115.31695556640625,111.89280700683594,120.90492248535156,117.0469970703125,118.59595489501953,120.81390380859375,123.71337890625,121.84005737304688,124.7878189086914,122.93087768554688,122.09013366699219,116.45600128173828,117.9237060546875,115.8792495727539,116.24542999267578,108.84851837158203,110.13627624511719,101.39033508300781,102.15674591064453,102.69371795654297,97.69339752197266,94.15412902832031,99.5389404296875,93.04837799072266,87.8464584350586,89.53770446777344,82.63776397705078,84.8646011352539,83.38465118408203,82.63776397705078,80.05622863769531,80.05622863769531,81.70679473876953,83.25863647460938,84.09518432617188,84.07734680175781,84.59905242919922,83.81526947021484,82.97589874267578
0,-35,-95,12,36,114.52947235107422,115.43396759033203,121.49897003173828,118.51160430908203,123.58397674560547,115.6243896484375,118.4229736328125,114.28035736083984,117.34564208984375,116.2755355834961,118.06777954101562,117.01708984375,116.00431060791016,113.00442504882812,114.07015228271484,117.27318572998047,113.63538360595703,121.41252136230469,118.71394348144531,124.90396118164062,121.49897003173828,122.5887451171875,121.3342514038086,118.60859680175781,120.10411834716797,117.15374755859375,113.28282928466797,113.11056518554688,108.07405090332031,108.29589080810547,103.31021118164062,102.17631530761719,99.32270812988281,97.32933807373047,94.19129180908203,93.19334411621094,87.14356231689453,86.20904541015625,85.37564086914062,80.22468566894531,80.62257385253906,79.6303939819336,81.61495208740234,77.41446685791016,79.76214599609375,79.6303939819336,78.23043060302734,80.22468566894531,83.00602722167969,84.09518432617188,83.72574615478516,83.19855499267578
0,-35,-95,11,38,111.83023071289062,113.81124877929688,115.43396759033203,117.0042724609375,117.8006820678711,115.60276794433594,115.60276794433594,115.60276794433594,112.80071258544922,114.6211166381836,114.85643005371094,113.44161224365234,111.3058853149414,110.45361328125,111.50785064697266,114.61238861083984,114.49017333984375,114.52947235107422,113.59577178955078,115.83609008789062,117.33712005615234,118.11858367919922,115.97413635253906,118.07201385498047,113.87712860107422,113.74093627929688,112.00446319580078,111.50785064697266,103.24727630615234,106.17438507080078,98.61541748046875,100.4987564086914,96.25486755371094,91.4166259765625,89.69392395019531,89.35882568359375,87.46427917480469,80.62257385253906,79.25907135009766,77.02597045898438,76.47875213623047,73.9256362915039,74.24284362792969,75.13321685791016,74.6860122680664,74.24284362792969,75.80237579345703,78.23043060302734,77.66595458984375,78.24320983886719,79.98124694824219,77.15568542480469
0,-38,-95,13,30,112.7918472290039,115.24755859375,116.41735076904297,117.443603515625,115.24755859375,115.80155181884766,114.98260498046875,113.75851440429688,113.05308532714844,110.60289001464844,110.60289001464844,112.05802154541016,111.1980209350586,111.98660278320312,110.64356994628906,112.29425811767578,111.7586669921875,110.8873291015625,112.8716049194336,114.85643005371094,113.1370849609375,114.2716064453125,111.62885284423828,113.1370849609375,111.00450134277344,107.87029266357422,106.09900665283203,103.16007232666016,101.20276641845703,96.8813705444336,94.3663101196289,93.17188262939453,91.0054931640625,87.09764862060547,83.19855499267578,80.80841827392578,78.85429382324219,75.92759704589844,74.73285675048828,72.36711883544922,70.21395874023438,68.88395690917969,68.59300231933594,68.73136138916016,67.74215698242188,67.89698028564453,68.73136138916016,70.61161041259766,72.2772445678711,72.42237091064453,73.16419982910156,72.44998168945312
0,-36,-95,12,34,110.0,111.21150970458984,114.40279388427734,111.82575988769531,114.20157623291016,111.21150970458984,116.6061782836914,110.80162811279297,112.80071258544922,108.811767578125,108.22661590576172,110.9414291381836,107.91200256347656,105.15226745605469,106.8503646850586,109.2748794555664,107.42439270019531,106.17438507080078,109.59014892578125,108.30050659179688,111.01801300048828,112.50777435302734,110.7880859375,107.54068756103516,107.18675231933594,107.70329284667969,103.77379608154297,102.08329772949219,99.02020263671875,96.79875946044922,93.4772720336914,91.52595520019531,87.98295593261719,83.76156616210938,81.84130859375,80.70935821533203,80.21221923828125,73.49829864501953,71.84706115722656,69.63475799560547,68.818603515625,66.8879623413086,66.0378646850586,66.8879623413086,65.86349487304688,67.74215698242188,68.79679870605469,68.79679870605469,70.21395874023438,71.70076751708984,71.4212875366211,71.70076751708984
0,-36,-95,12,35,113.46365356445312,115.69355773925781,116.86744689941406,119.40267944335938,117.17507934570312,114.94781494140625,114.23221588134766,112.00892639160156,112.72089385986328,112.16059875488281,110.07270050048828,113.21660614013672,109.123779296875,112.72976684570312,108.67382049560547,110.53506469726562,112.50777435302734,112.7696762084961,107.91200256347656,110.14535522460938,108.67382049560547,114.49017333984375,110.47624206542969,110.9414291381836,113.59577178955078,108.25894927978516,105.19029998779297,103.36827087402344,99.31767272949219,98.41239929199219,94.84724426269531,91.92388153076172,90.62008666992188,86.53900909423828,84.69356536865234,86.53900909423828,82.63776397705078,79.84986114501953,76.15773010253906,74.46475982666016,73.00685119628906,69.35416412353516,69.77105712890625,65.30696868896484,68.87670135498047,69.7782211303711,68.94200134277344,73.38937377929688,73.05477142333984,74.3303451538086,73.34848022460938,74.4311752319336
0,-36,-95,12,35,115.87062072753906,117.78369903564453,115.95257568359375,116.7775650024414,115.87062072753906,115.39497375488281,114.06138610839844,109.59014892578125,110.07270050048828,111.61540985107422,110.69326782226562,110.30865478515625,105.0047607421875,107.20541381835938,103.73042297363281,110.44002532958984,107.70329284667969,108.93116760253906,111.08555603027344,111.57060241699219,111.68258666992188,109.8954086303711,110.44002532958984,108.93116760253906,105.6219711303711,107.20541381835938,104.04325866699219,101.83319854736328,100.5683822631836,98.97979736328125,92.02716827392578,92.97311401367188,92.97311401367188,89.53770446777344,89.1964111328125,84.50444030761719,83.57032775878906,79.84986114501953,75.61084747314453,73.05477142333984,74.67261505126953,70.21395874023438,72.73238372802734,69.2603759765625,69.6419448852539,71.16881561279297,70.51950073242188,73.73601531982422,75.1531753540039,74.6860122680664,75.66372680664062,75.43209075927734
0,-36,-95,12,37,120.0333251953125,122.18428802490234,128.06248474121094,128.26535034179688,124.33824920654297,119.2182846069336,120.22062683105469,114.54257202148438,118.06777954101562,116.4989242553711,114.4770736694336,113.75851440429688,112.60550689697266,116.10771179199219,112.00892639160156,117.0,112.80514526367188,113.3181381225586,118.59595489501953,118.59595489501953,117.38824462890625,119.62023162841797,119.77478790283203,118.30891418457031,118.10588836669922,118.10588836669922,112.36102294921875,112.40106964111328,109.3846435546875,104.92378234863281,107.22406768798828,102.78618621826172,103.73042297363281,98.68130493164062,99.6242904663086,94.5568618774414,91.0933609008789,88.23265075683594,85.4400405883789,86.02325439453125,81.32035064697266,80.36167907714844,77.79460144042969,80.36167907714844,80.36167907714844,79.69943237304688,79.12016296386719,80.08120727539062,80.80841827392578,85.70297241210938,84.38008880615234,86.00581359863281
0,-36,-95,12,37,114.49017333984375,120.16654968261719,116.69190216064453,119.2518310546875,115.43396759033203,120.81390380859375,115.76700592041016,114.49017333984375,113.2254409790039,108.66921997070312,111.61093139648438,110.63453674316406,109.32977294921875,110.3177261352539,109.03668975830078,111.15754699707031,115.27792358398438,112.36102294921875,117.1067886352539,117.51595306396484,121.49897003173828,117.51595306396484,115.52488708496094,118.51160430908203,116.96580505371094,117.09825134277344,116.55899810791016,111.7586669921875,113.28282928466797,107.35455322265625,106.7052001953125,106.3672866821289,103.5857162475586,101.0,100.22474670410156,95.34149169921875,93.62158203125,92.19544219970703,91.92388153076172,85.86617279052734,81.4923324584961,84.89994049072266,75.69015502929688,80.52328491210938,76.92203521728516,75.96051788330078,80.08120727539062,82.54090118408203,75.61084747314453,81.02468872070312,81.00617218017578,82.09750366210938
0,-36,-95,12,36,105.6219711303711,107.22406768798828,114.48143768310547,111.94641876220703,110.67971801757812,106.56922912597656,108.15729522705078,103.44564056396484,104.35516357421875,103.07764434814453,106.8877944946289,102.25947570800781,102.8250961303711,105.80170440673828,101.40019989013672,103.17460632324219,107.04204559326172,107.01869201660156,113.00442504882812,115.03912353515625,115.03912353515625,116.0689468383789,112.07140350341797,116.00431060791016,115.03912353515625,114.28035736083984,113.1591796875,108.29589080810547,110.11357879638672,108.16654205322266,103.3924560546875,105.68348693847656,103.5857162475586,98.73196411132812,94.8946762084961,93.77099609375,91.78779602050781,87.82368469238281,86.83317565917969,81.04936981201172,79.07591247558594,78.91767883300781,75.42546081542969,76.65507507324219,76.79192352294922,74.14849853515625,74.14849853515625,76.48529052734375,76.48529052734375,76.90253448486328,77.2528305053711,77.38862609863281
0,-36,-95,12,35,102.04410552978516,102.07839965820312,106.23088073730469,99.18164825439453,105.1712875366211,100.31948852539062,99.72462463378906,97.86725616455078,99.98500061035156,98.85848236083984,98.85848236083984,100.80674743652344,100.0199966430664,99.92497253417969,99.32774353027344,103.09219360351562,99.02020263671875,104.9952392578125,106.97663116455078,109.44404602050781,109.44404602050781,112.60550689697266,111.01801300048828,109.20164489746094,111.82575988769531,107.96759033203125,108.24047088623047,108.66921997070312,101.86756134033203,102.61091613769531,97.08243560791016,96.7729263305664,96.54014587402344,96.31718444824219,92.41753387451172,93.21480560302734,87.3670425415039,83.6002426147461,79.4040298461914,78.77182006835938,77.41446685791016,72.99314880371094,72.83543395996094,69.46221923828125,68.88395690917969,69.46221923828125,69.72087097167969,69.46221923828125,74.1080322265625,74.02702331542969,72.17340087890625,71.58910369873047
0,-36,-95,11,38,101.0,98.65596771240234,105.38026428222656,100.44898986816406,101.11874389648438,100.28459167480469,101.59724426269531,97.41663360595703,98.50888061523438,98.12747192382812,99.18164825439453,98.0,102.0,99.04544067382812,98.24967956542969,104.3886947631836,101.83319854736328,104.58011627197266,106.9205322265625,106.79419708251953,110.02726745605469,107.56393432617188,109.37092590332031,111.54371643066406,110.16351318359375,109.22454071044922,107.29864501953125,106.11785888671875,100.17984008789062,105.0428466796875,98.0204086303711,98.04590606689453,94.0,91.0054931640625,90.022216796875,88.00568389892578,81.05553436279297,80.05622863769531,77.05841827392578,77.16217041015625,77.0064926147461,71.0,68.0,70.06425476074219,70.00714111328125,67.0,68.02940368652344,68.06614685058594,69.46221923828125,70.57620239257812,69.63475799560547,68.00735473632812
0,-36,-95,11,38,102.42070007324219,102.57679748535156,110.46266174316406,103.31021118164062,105.99056243896484,100.18482971191406,99.7296371459961,99.74467468261719,101.13357543945312,104.54663848876953,99.36800384521484,99.95999145507812,103.09219360351562,103.16007232666016,101.2422866821289,106.23088073730469,103.7545166015625,105.99056243896484,107.2800064086914,109.3846435546875,114.01753997802734,114.72576141357422,114.56002807617188,113.26517486572266,111.12605285644531,109.76793670654297,105.6503677368164,108.15729522705078,101.83319854736328,105.6219711303711,96.79875946044922,97.14422607421875,95.63471984863281,94.70480346679688,90.07774353027344,91.54779815673828,86.53900909423828,82.46211242675781,77.47257232666016,75.23961639404297,76.05918884277344,71.30918884277344,73.53910827636719,69.89277648925781,70.57620239257812,69.85699462890625,69.7782211303711,69.7782211303711,74.70609283447266,71.19690704345703,74.3303451538086,73.66138458251953
0,-38,-95,14,27,103.01941680908203,103.0436782836914,107.0,105.0047607421875,106.0,99.0,102.04410552978516,100.07997131347656,100.17984008789062,100.24469757080078,99.32270812988281,99.84988403320312,101.11874389648438,101.78899383544922,100.44898986816406,105.75916290283203,101.13851928710938,106.51290893554688,105.26158142089844,108.93116760253906,109.65856170654297,112.05802154541016,109.23827362060547,110.42192077636719,109.65856170654297,106.3672866821289,104.23531341552734,106.0660171508789,98.0051040649414,100.9752426147461,94.64142608642578,93.90420532226562,92.77930450439453,88.36288452148438,87.3670425415039,86.37129211425781,81.1541748046875,77.23341369628906,76.16429901123047,72.24956512451172,74.3303451538086,68.35934448242188,70.34912872314453,67.26811981201172,65.27633666992188,66.37017059326172,67.26811981201172,68.26419067382812,69.00724792480469,70.028564453125,69.2603759765625,67.46851348876953
0,-36,-95,11,38,105.51303100585938,105.08092498779297,107.83784484863281,107.85638427734375,104.9952392578125,105.6503677368164,105.68821716308594,102.78618621826172,103.07764434814453,101.76934814453125,102.55242919921875,102.45974731445312,104.70912170410156,102.956298828125,104.10091400146484,107.070068359375,105.39450073242188,107.89810180664062,110.67971801757812,112.07140350341797,112.60550689697266,117.59677124023438,116.28413391113281,113.71894836425781,113.87712860107422,112.37882232666016,109.41663360595703,108.78418731689453,105.67875671386719,102.08329772949219,99.84988403320312,98.61541748046875,95.38343811035156,90.42676544189453,92.59049987792969,87.70974731445312,85.8836441040039,78.26238250732422,79.17701721191406,76.15773010253906,75.66372680664062,75.80237579345703,72.20111083984375,73.06161499023438,70.32780456542969,68.60028839111328,71.19690704345703,70.71067810058594,73.34848022460938,73.16419982910156,74.3303451538086,75.70997619628906
0,-38,-95,14,27,108.97705841064453,110.39022064208984,111.72286987304688,111.7586669921875,110.3177261352539,105.418212890625,106.77546691894531,105.418212890625,105.47511291503906,105.55093383789062,104.13932800292969,105.64563751220703,105.0,106.60675048828125,105.68348693847656,109.29318237304688,110.45361328125,110.13627624511719,112.16059875488281,113.53413391113281,114.58621215820312,116.81181335449219,114.28472900390625,113.99122619628906,115.20850372314453,112.20071411132812,110.80162811279297,109.80892181396484,106.21205139160156,103.6001968383789,99.48869323730469,97.6166000366211,96.04686737060547,93.08598327636719,91.54779815673828,88.61715698242188,85.6329345703125,81.46778869628906,79.30951690673828,77.98717498779297,75.07329559326172,73.10950469970703,74.02702331542969,68.88395690917969,69.65629577636719,69.65629577636719,70.93659210205078,71.58910369873047,72.13875579833984,72.91776275634766,74.02702331542969,73.24616241455078
0,-35,-95,11,39,111.22050476074219,117.13667297363281,111.51681518554688,116.50321960449219,110.13627624511719,109.93180084228516,110.45361328125,109.65856170654297,109.2748794555664,108.70602416992188,109.123779296875,111.89280700683594,108.46197509765625,108.85311126708984,112.94689178466797,112.60550689697266,114.16216278076172,113.54734802246094,117.34138488769531,119.54078674316406,120.2081527709961,121.84005737304688,117.54573822021484,120.2081527709961,119.03781127929688,122.38463592529297,116.46887969970703,113.21660614013672,114.06138610839844,108.67382049560547,106.89247131347656,103.7545166015625,101.11874389648438,97.1287841796875,94.8946762084961,91.7060546875,89.55445098876953,83.35466766357422,84.59905242919922,82.36504364013672,76.47875213623047,79.64923095703125,75.13321685791016,72.44998168945312,75.13321685791016,73.06161499023438,76.15773010253906,77.5241928100586,75.7165756225586,75.60423278808594,78.8733139038086,77.8331527709961
0,-36,-95,11,39,111.44953918457031,113.28282928466797,113.11056518554688,114.15778350830078,112.21853637695312,109.1650161743164,109.07337188720703,108.04165649414062,105.0,107.07473754882812,105.0428466796875,106.56922912597656,107.46627044677734,105.68348693847656,107.91200256347656,109.32977294921875,111.61093139648438,109.65856170654297,114.33721923828125,117.08544158935547,116.90166473388672,119.68291473388672,119.07980346679688,116.7261734008789,118.53269958496094,117.61377716064453,111.64676666259766,109.45775604248047,108.29589080810547,107.29864501953125,103.31021118164062,100.31948852539062,100.07997131347656,93.08598327636719,93.04837799072266,88.36288452148438,87.00574493408203,85.05292510986328,81.05553436279297,79.02531433105469,76.16429901123047,76.16429901123047,74.1080322265625,71.11258697509766,74.3303451538086,70.1783447265625,72.11102294921875,72.06246948242188,74.00675964355469,76.05918884277344,77.41446685791016,76.68767547607422
0,-35,-95,11,39,106.79419708251953,108.89444732666016,111.01801300048828,111.73181915283203,109.60382843017578,108.2081298828125,106.07544708251953,106.21675872802734,104.13932800292969,103.5857162475586,104.35037231445312,105.20931243896484,104.86181640625,106.0,109.29318237304688,110.7880859375,110.14535522460938,107.04204559326172,112.7696762084961,115.10430145263672,116.10771179199219,119.70797729492188,111.83023071289062,115.60276794433594,114.58621215820312,116.50321960449219,113.44161224365234,111.50336456298828,107.64757537841797,104.86181640625,103.2279052734375,101.25709533691406,97.41663360595703,93.60021209716797,90.42676544189453,86.60831451416016,81.4002456665039,81.02468872070312,81.27114868164062,78.00640869140625,75.21302795410156,73.00685119628906,70.1783447265625,73.49829864501953,73.24616241455078,70.72481536865234,71.28113555908203,73.49829864501953,71.61005401611328,74.5184555053711,73.55270385742188,74.65252685546875
0,-35,-95,11,38,106.23088073730469,107.070068359375,109.60382843017578,108.72441864013672,107.89810180664062,107.070068359375,104.8475112915039,101.87246704101562,104.10091400146484,102.42070007324219,102.42070007324219,102.88343048095703,104.27847290039062,102.69371795654297,104.54663848876953,108.84851837158203,110.38568878173828,107.83784484863281,110.36756896972656,111.6646728515625,113.54734802246094,114.94781494140625,114.58621215820312,116.45600128173828,113.46365356445312,113.71894836425781,110.16805267333984,108.25894927978516,105.11898040771484,101.51847076416016,97.06183624267578,99.29753112792969,96.17691802978516,91.7060546875,88.1192398071289,89.005615234375,85.08818817138672,75.59100341796875,78.77182006835938,73.35530090332031,73.34848022460938,72.01388549804688,70.71067810058594,70.68238830566406,69.31810760498047,69.7782211303711,68.88395690917969,68.42514038085938,72.20111083984375,73.7834701538086,71.61005401611328,72.91776275634766
0,-35,-95,11,38,111.04053497314453,110.0,112.80071258544922,113.2298583984375,114.20157623291016,110.0,111.40017700195312,105.43718719482422,108.811767578125,109.04127502441406,108.45275115966797,108.0462875366211,109.41663360595703,107.91200256347656,113.2519302368164,113.60017395019531,114.49454498291016,114.49017333984375,118.96638488769531,118.53269958496094,119.47384643554688,120.35364532470703,118.70130920410156,119.07980346679688,119.364990234375,116.50321960449219,114.28472900390625,111.50336456298828,109.62207794189453,104.20172882080078,99.02020263671875,99.63935089111328,97.45255279541016,94.02127075195312,89.49860382080078,87.45856475830078,83.73768615722656,80.28075408935547,76.5767593383789,72.00694274902344,74.65252685546875,72.42237091064453,71.21797180175781,68.818603515625,69.20259857177734,70.60453033447266,69.65629577636719,69.81404113769531,73.66138458251953,74.96665954589844,73.10950469970703,71.02816009521484
0,-38,-95,14,26,105.8914566040039,110.8873291015625,110.11357879638672,111.6646728515625,105.75916290283203,108.57716369628906,106.4048843383789,104.80458068847656,104.13932800292969,103.94710540771484,106.0660171508789,106.10372161865234,106.30146026611328,106.4048843383789,107.81465911865234,105.8914566040039,111.21150970458984,107.29864501953125,114.01753997802734,113.2298583984375,116.38728332519531,117.0341796875,112.69871520996094,114.97825622558594,114.02192687988281,113.17243194580078,108.89444732666016,104.7377700805664,105.47511291503906,98.41239929199219,97.74456787109375,93.4344711303711,92.8493423461914,87.20664978027344,85.2760238647461,79.5110092163086,79.5110092163086,75.82215881347656,73.66138458251953,72.18032836914062,67.26811981201172,68.680419921875,64.35060119628906,65.05382537841797,63.65532302856445,62.96824645996094,65.0691909790039,65.85590362548828,64.53681182861328,67.00746154785156,67.11929321289062,67.11929321289062
0,-35,-95,11,38,109.77249145507812,112.29425811767578,111.50785064697266,113.74093627929688,110.7880859375,112.50777435302734,110.7880859375,109.60382843017578,109.29318237304688,108.22661590576172,109.40292358398438,110.20889282226562,110.8873291015625,110.11357879638672,112.44554138183594,111.82575988769531,116.18089294433594,111.52130126953125,120.41594696044922,118.56221771240234,118.69709014892578,118.84864044189453,117.9237060546875,120.10411834716797,119.01680755615234,117.4137954711914,112.07140350341797,110.98197937011719,108.5587387084961,101.3558120727539,103.24727630615234,100.84642028808594,94.8946762084961,89.94442749023438,88.1192398071289,84.59905242919922,81.98780059814453,78.26238250732422,77.89736938476562,75.29276275634766,70.1783447265625,73.06161499023438,67.11929321289062,67.95587158203125,66.2872543334961,65.86349487304688,68.60028839111328,67.11929321289062,69.77105712890625,68.94200134277344,68.15423583984375,69.6419448852539
0,-35,-95,11,36,104.31682586669922,107.04204559326172,105.67875671386719,108.90821838378906,105.19029998779297,103.353759765625,105.11898040771484,103.76897430419922,103.7545166015625,102.45974731445312,106.10372161865234,104.92378234863281,105.34230041503906,106.04244232177734,108.50345611572266,106.90182495117188,107.2800064086914,106.90182495117188,114.72576141357422,112.36102294921875,112.94689178466797,116.10771179199219,109.5627670288086,113.2254409790039,111.78997802734375,111.78997802734375,107.01869201660156,104.69479370117188,99.4032211303711,98.84330749511719,97.49359130859375,93.4772720336914,90.3548583984375,87.23531341552734,82.36504364013672,78.29431915283203,73.34848022460938,74.24958038330078,70.26378631591797,67.5425796508789,64.88451385498047,66.70832061767578,64.07807922363281,63.158531188964844,63.694583892822266,64.47480010986328,60.835845947265625,66.30987548828125,65.7419204711914,63.52952194213867,65.73431396484375,65.6048812866211
0,-35,-95,12,32,101.60708618164062,100.20977783203125,104.56098937988281,102.64988708496094,102.64988708496094,101.0197982788086,103.73042297363281,101.51354217529297,100.40418243408203,102.08329772949219,103.24727630615234,103.07764434814453,104.44615936279297,103.353759765625,102.4743881225586,106.89247131347656,104.21611785888672,108.22661590576172,109.123779296875,110.92339324951172,110.9414291381836,112.8716049194336,111.1395492553711,110.14535522460938,108.75660705566406,107.91200256347656,104.29285430908203,101.40019989013672,95.8018798828125,98.22932434082031,91.83136749267578,90.42676544189453,86.05230712890625,82.32861328125,81.56592559814453,78.10249328613281,73.10950469970703,72.62230682373047,66.06814575195312,65.6048812866211,65.6048812866211,62.42595672607422,63.82006072998047,60.464866638183594,61.400325775146484,63.0079345703125,61.400325775146484,63.89052963256836,64.53681182861328,63.65532302856445,63.78087615966797,63.411354064941406
0,-35,-95,11,37,103.81714630126953,105.30906677246094,106.04244232177734,109.7861557006836,107.54068756103516,105.84894561767578,108.46197509765625,104.27847290039062,107.35455322265625,103.31021118164062,107.35455322265625,107.35455322265625,108.0462875366211,109.07795715332031,110.7880859375,110.13627624511719,112.64546203613281,111.51681518554688,116.4989242553711,116.81181335449219,116.28413391113281,117.0469970703125,114.90866088867188,115.43396759033203,114.73883056640625,115.10430145263672,107.42439270019531,106.43777465820312,104.20172882080078,98.83824920654297,100.17984008789062,93.94147491455078,92.57429504394531,86.00581359863281,84.17243957519531,79.2022705078125,79.2022705078125,72.91776275634766,72.56031799316406,71.69379425048828,65.29930877685547,68.26419067382812,65.51335906982422,64.14047241210938,66.37017059326172,63.812225341796875,66.5732650756836,66.37017059326172,66.64833068847656,67.5425796508789,68.15423583984375,66.48307800292969
0,-35,-95,11,37,103.87010955810547,103.87010955810547,108.7474136352539,106.45186614990234,108.25894927978516,103.87010955810547,106.00471496582031,104.65657806396484,104.65657806396484,104.31682586669922,108.30050659179688,109.60382843017578,109.29318237304688,109.83624267578125,109.55364227294922,112.32987213134766,113.00442504882812,110.67971801757812,116.6061782836914,119.03781127929688,115.37763977050781,118.1524429321289,114.90866088867188,116.21101379394531,115.24755859375,112.50777435302734,110.05907440185547,106.94390869140625,101.07422637939453,100.62306213378906,95.2575454711914,94.3716049194336,92.13034057617188,87.20664978027344,86.33075714111328,82.29216003417969,73.82411193847656,74.6860122680664,69.77105712890625,68.88395690917969,68.96376037597656,66.5732650756836,66.37017059326172,63.812225341796875,66.37017059326172,64.66065216064453,64.0078125,69.1158447265625,67.08203887939453,67.23094177246094,63.90618133544922,65.73431396484375
0,-35,-95,11,37,104.80458068847656,107.51744079589844,111.01801300048828,113.1370849609375,108.89444732666016,109.60382843017578,110.34491729736328,108.2081298828125,108.97705841064453,107.05606079101562,112.04463195800781,111.94641876220703,111.6646728515625,108.4066390991211,110.60289001464844,115.43396759033203,115.108642578125,113.60017395019531,118.4609603881836,122.20065307617188,119.97083282470703,120.8801040649414,114.97825622558594,120.10411834716797,116.18089294433594,115.97413635253906,111.72286987304688,109.60382843017578,106.77546691894531,101.91172790527344,99.82484436035156,95.52486419677734,90.60904693603516,89.9388656616211,84.38601684570312,82.134033203125,80.65978240966797,74.2765121459961,71.44927978515625,70.00714111328125,67.17886352539062,65.76473236083984,65.76473236083984,66.48307800292969,67.26811981201172,66.48307800292969,67.89698028564453,66.4680404663086,68.7677230834961,70.43436431884766,69.89277648925781,70.71067810058594
0,-35,-95,11,37,103.09219360351562,102.14205932617188,106.04244232177734,105.10946655273438,102.78618621826172,100.6578369140625,104.92378234863281,104.78549194335938,104.27847290039062,104.27847290039062,105.60302734375,106.45186614990234,106.47064971923828,106.47064971923828,109.17874908447266,112.16059875488281,110.45361328125,111.1395492553711,111.64676666259766,114.73883056640625,112.71202087402344,114.52947235107422,111.80339813232422,114.52947235107422,109.65856170654297,108.33743286132812,105.60302734375,104.78549194335938,99.92497253417969,98.79270935058594,92.35800170898438,91.76055908203125,88.39117431640625,85.09406280517578,84.75848388671875,81.93289947509766,76.89603424072266,74.09453582763672,68.15423583984375,66.85057830810547,68.02940368652344,66.21178436279297,63.976558685302734,63.071388244628906,63.95310592651367,62.64982223510742,63.976558685302734,65.39112854003906,66.48307800292969,66.0984115600586,66.7607650756836,64.49806213378906
0,-35,-95,11,36,104.12012481689453,106.07544708251953,106.01886749267578,106.04244232177734,104.01922607421875,104.0,104.04325866699219,104.04325866699219,104.12012481689453,102.39628601074219,104.23531341552734,106.56922912597656,107.91200256347656,110.02726745605469,108.34204864501953,111.62885284423828,111.00450134277344,109.4897232055664,112.37882232666016,114.14026641845703,115.5724868774414,118.53269958496094,112.8716049194336,113.28282928466797,111.64676666259766,110.76551818847656,107.37783813476562,103.23758697509766,103.23758697509766,99.12618255615234,94.04785919189453,92.0869140625,91.0878677368164,84.0238037109375,83.05419921875,80.05622863769531,77.02597045898438,73.10950469970703,69.065185546875,68.26419067382812,64.28063201904297,64.38167572021484,66.75328063964844,62.801273345947266,62.513999938964844,63.50590515136719,63.50590515136719,66.61080932617188,66.37017059326172,65.0076904296875,68.06614685058594,65.76473236083984
0,-35,-95,11,37,105.26158142089844,106.48004150390625,106.73331451416016,111.08555603027344,107.48953247070312,108.68302154541016,111.1980209350586,103.94229125976562,103.57605743408203,107.20074462890625,110.02726745605469,108.66461944580078,110.54862976074219,110.54862976074219,110.29052734375,114.21470642089844,114.07015228271484,114.21470642089844,118.1524429321289,120.26637268066406,117.27318572998047,116.2755355834961,115.73245239257812,117.42657470703125,115.1173324584961,115.1173324584961,110.16805267333984,107.07940673828125,104.13932800292969,104.3455810546875,99.82484436035156,96.10411071777344,94.14881896972656,87.80091094970703,83.6779556274414,83.43260955810547,79.8122787475586,76.68767547607422,74.52516174316406,73.54590606689453,69.42621612548828,67.89698028564453,66.61080932617188,65.92420196533203,66.61080932617188,64.62971496582031,67.26811981201172,66.2872543334961,66.48307800292969,69.57010650634766,67.41661834716797,66.64083099365234
0,-37,-95,14,25,97.24710845947266,100.7223892211914,102.0,106.0660171508789,103.353759765625,103.31021118164062,102.88343048095703,102.04410552978516,102.956298828125,102.15674591064453,103.87010955810547,103.61949920654297,106.6255111694336,105.68821716308594,106.56922912597656,106.56922912597656,108.15729522705078,106.25440979003906,113.60017395019531,112.64102172851562,110.36756896972656,112.27198791503906,107.56393432617188,111.07205200195312,109.93180084228516,108.46197509765625,104.78549194335938,101.13357543945312,100.64790344238281,95.2732925415039,94.81033325195312,91.23595428466797,86.33075714111328,83.19255065917969,80.95059967041016,75.58438873291016,74.24284362792969,70.68238830566406,67.5425796508789,66.64083099365234,64.47480010986328,65.39112854003906,63.694583892822266,63.694583892822266,62.3939094543457,62.3939094543457,62.3939094543457,62.7694206237793,62.169124603271484,65.3681869506836,61.587337493896484,63.25345993041992
0,-35,-95,12,34,106.169677734375,107.07473754882812,110.04090118408203,112.01785278320312,110.00454711914062,107.04204559326172,112.00446319580078,109.00458526611328,109.1650161743164,107.1680908203125,111.36426544189453,113.35784149169922,113.1370849609375,113.99122619628906,114.12712097167969,116.2497329711914,117.71150970458984,114.98260498046875,118.86967468261719,123.47064208984375,119.941650390625,120.2081527709961,118.71394348144531,119.364990234375,118.51160430908203,116.2755355834961,112.21853637695312,107.07473754882812,106.04244232177734,103.07764434814453,103.0436782836914,98.0051040649414,98.0,90.0,87.00574493408203,82.0,81.02468872070312,77.02597045898438,73.02738952636719,74.02702331542969,70.028564453125,70.06425476074219,68.26419067382812,68.18357849121094,67.11929321289062,69.065185546875,69.18092346191406,70.028564453125,69.02897644042969,69.1158447265625,69.46221923828125,71.0633544921875
0,-35,-95,11,37,102.90287017822266,105.11898040771484,107.64757537841797,108.72441864013672,108.22661590576172,106.8316421508789,107.41508483886719,106.04244232177734,104.8093490600586,106.66770935058594,107.29864501953125,109.87720489501953,110.39022064208984,107.56393432617188,112.48555755615234,113.21660614013672,113.1370849609375,113.1370849609375,114.55130004882812,114.56002807617188,116.04309844970703,117.45637512207031,113.2784194946289,115.36463928222656,114.21470642089844,112.44554138183594,110.42192077636719,107.00466918945312,103.4069595336914,102.61579132080078,99.04544067382812,96.26006317138672,92.0869140625,88.48163604736328,85.4400405883789,84.31488800048828,81.54139709472656,77.93586730957031,74.625732421875,73.23933410644531,70.45565795898438,71.02816009521484,66.61080932617188,68.818603515625,67.20118713378906,69.40460968017578,67.42403411865234,69.1158447265625,67.60177612304688,65.76473236083984,68.54196166992188,67.67569732666016
0,-35,-95,11,37,100.4987564086914,101.17806243896484,106.07544708251953,106.79419708251953,106.79419708251953,101.86265563964844,104.69001770019531,104.06248474121094,109.04127502441406,107.81465911865234,104.89041900634766,106.52699279785156,106.82696533203125,109.80892181396484,109.20164489746094,113.2254409790039,109.55364227294922,112.89375305175781,112.05802154541016,114.54693603515625,116.01724243164062,117.4137954711914,116.4001693725586,115.80155181884766,112.80514526367188,112.69871520996094,108.70602416992188,109.04127502441406,102.068603515625,100.5683822631836,94.75231170654297,94.79451751708984,92.6552734375,89.14033508300781,89.10667419433594,84.85281372070312,82.73451232910156,77.077880859375,74.96665954589844,73.59347534179688,71.44927978515625,67.94115447998047,71.44927978515625,67.94115447998047,68.680419921875,65.0691909790039,65.0691909790039,69.3108901977539,67.94115447998047,67.47592163085938,69.065185546875,69.35416412353516
0,-35,-95,11,38,103.83159637451172,107.42439270019531,107.54068756103516,112.37882232666016,105.30906677246094,106.0660171508789,107.70329284667969,106.53168487548828,105.9480972290039,104.29285430908203,108.811767578125,110.60289001464844,108.85311126708984,110.8873291015625,111.6646728515625,114.21470642089844,116.2755355834961,112.69871520996094,119.75391387939453,117.79643249511719,116.5160903930664,118.06777954101562,115.108642578125,117.0341796875,115.74540710449219,114.80853271484375,110.0,105.39450073242188,106.25440979003906,99.86490631103516,104.00961303710938,96.79875946044922,93.74433135986328,92.6498794555664,88.5098876953125,83.76156616210938,82.09750366210938,78.49203491210938,77.38862609863281,75.7165756225586,71.28113555908203,72.42237091064453,68.00735473632812,70.21395874023438,70.80254364013672,68.24221801757812,67.42403411865234,69.3397445678711,68.60028839111328,71.11962127685547,70.26378631591797,71.47027587890625
0,-35,-95,11,37,100.7174301147461,102.1077880859375,103.94229125976562,102.59142303466797,104.13932800292969,100.62306213378906,103.5857162475586,98.84330749511719,99.92497253417969,103.07764434814453,103.58088684082031,101.2422866821289,105.3043212890625,102.45974731445312,106.28263854980469,105.84894561767578,108.85311126708984,109.20164489746094,109.93180084228516,113.46365356445312,112.36102294921875,112.16059875488281,110.38568878173828,109.20164489746094,110.36756896972656,108.52188873291016,106.25440979003906,103.44564056396484,97.26766967773438,98.76234436035156,96.3016128540039,91.21403503417969,90.9560317993164,86.58522033691406,83.93450164794922,81.32035064697266,80.52328491210938,76.65507507324219,75.0,71.7844009399414,70.83784484863281,67.67569732666016,66.73080444335938,67.67569732666016,65.45991516113281,68.62215423583984,66.7607650756836,69.2603759765625,66.94026947021484,70.03570556640625,68.26419067382812,66.0302963256836
0,-35,-95,11,38,107.54068756103516,106.32967376708984,109.60382843017578,109.29318237304688,111.22050476074219,106.23088073730469,111.25196838378906,108.60018157958984,109.20164489746094,109.40292358398438,109.01834869384766,115.74540710449219,110.53506469726562,114.69088745117188,111.8659896850586,115.27792358398438,113.86395263671875,116.67475891113281,115.26057434082031,116.67475891113281,119.60350799560547,118.86967468261719,118.34272003173828,115.97413635253906,119.09659576416016,114.8651351928711,110.53506469726562,112.80514526367188,106.66770935058594,107.1680908203125,100.2646484375,98.85848236083984,97.20082092285156,94.64142608642578,90.8019790649414,87.80091094970703,85.2760238647461,77.98717498779297,76.69419860839844,75.1664810180664,75.82215881347656,74.2765121459961,77.23341369628906,70.29224395751953,70.93659210205078,70.60453033447266,71.21797180175781,71.21797180175781,77.66595458984375,73.57308959960938,70.66116333007812,71.30918884277344
0,-35,-95,12,33,102.0,101.04454803466797,109.01834869384766,104.01922607421875,106.04244232177734,102.07839965820312,104.12012481689453,103.17460632324219,102.23991394042969,103.69667053222656,104.58011627197266,106.0660171508789,107.68936920166016,106.7052001953125,105.54619598388672,114.14026641845703,107.48953247070312,113.35784149169922,113.03096771240234,116.70903778076172,116.90166473388672,116.10340118408203,114.42464447021484,114.75626373291016,113.0,112.64102172851562,105.80170440673828,109.55364227294922,102.48902130126953,102.23991394042969,98.18350219726562,96.25486755371094,93.26306915283203,90.19977569580078,86.09297180175781,85.21150207519531,81.22191619873047,78.23043060302734,76.16429901123047,74.1687240600586,73.24616241455078,72.69112396240234,72.56031799316406,66.37017059326172,69.2603759765625,69.18092346191406,69.18092346191406,72.02777099609375,68.0,70.11418914794922,68.4689712524414,67.46851348876953
0,-35,-95,11,37,102.956298828125,103.87010955810547,105.84894561767578,104.0,104.0,106.23088073730469,104.40306854248047,101.843017578125,103.09219360351562,104.9952392578125,106.25440979003906,104.8093490600586,107.20074462890625,108.66921997070312,110.85575866699219,107.48953247070312,111.00450134277344,111.1980209350586,115.41230773925781,117.71150970458984,113.95174407958984,116.10340118408203,110.85575866699219,114.75626373291016,114.4770736694336,114.72576141357422,107.44766235351562,104.8093490600586,106.04244232177734,100.42410278320312,96.4624252319336,99.04039764404297,95.60334777832031,90.13877868652344,87.64131164550781,83.16850280761719,83.16850280761719,78.74642944335938,80.65357971191406,77.49193572998047,72.53275299072266,71.30918884277344,70.21395874023438,68.88395690917969,69.6419448852539,69.6419448852539,67.05221557617188,69.92138671875,70.00714111328125,68.94200134277344,70.66116333007812,70.72481536865234
0,-35,-95,11,37,104.70912170410156,106.47064971923828,108.4066390991211,106.94390869140625,104.70912170410156,105.81587982177734,106.0,104.9571304321289,103.77379608154297,105.9480972290039,107.64757537841797,108.00463104248047,109.01834869384766,108.07405090332031,108.70602416992188,110.8873291015625,113.2784194946289,110.53506469726562,114.02192687988281,114.69088745117188,114.33721923828125,116.82465362548828,114.80853271484375,115.52056121826172,113.00442504882812,113.2254409790039,108.811767578125,105.43718719482422,102.64988708496094,101.0197982788086,98.47334289550781,97.90811920166016,93.19334411621094,90.42676544189453,89.8888168334961,85.4400405883789,84.38008880615234,78.77182006835938,79.32212829589844,76.00657653808594,73.7834701538086,74.63243103027344,71.02816009521484,72.67048645019531,71.86793518066406,69.3397445678711,72.71863555908203,72.20111083984375,71.58910369873047,74.6860122680664,73.16419982910156,69.92138671875
0,-35,-95,11,38,107.01869201660156,108.25894927978516,110.30865478515625,109.25199890136719,106.10372161865234,109.93180084228516,107.56393432617188,106.56922912597656,106.56922912597656,105.36128234863281,108.46658325195312,107.70329284667969,106.73799896240234,109.1421127319336,109.44404602050781,112.96902465820312,113.1591796875,113.1591796875,116.55899810791016,116.7261734008789,116.29703521728516,116.90166473388672,116.29703521728516,115.31695556640625,117.68601989746094,117.63077545166016,110.60289001464844,110.16351318359375,104.12012481689453,105.08092498779297,99.32774353027344,97.41663360595703,95.88013458251953,91.76055908203125,89.4930191040039,86.12781524658203,85.38150024414062,80.36167907714844,79.12016296386719,78.33900451660156,75.18643188476562,76.24303436279297,73.76313781738281,72.03471374511719,71.56814575195312,72.80110168457031,72.53275299072266,73.76313781738281,71.7844009399414,71.69379425048828,71.11962127685547,72.40165710449219
0,-35,-95,11,37,98.73702239990234,102.34255981445312,102.21546173095703,104.30723571777344,103.17460632324219,97.94386291503906,101.3558120727539,100.84642028808594,100.84642028808594,102.0,102.88343048095703,102.41581726074219,103.87010955810547,105.11898040771484,104.92378234863281,105.19029998779297,106.97663116455078,107.54068756103516,109.93180084228516,109.3846435546875,110.07270050048828,114.63420104980469,108.6876220703125,111.48542785644531,110.0227279663086,109.59014892578125,107.82392883300781,103.83159637451172,99.36296844482422,98.48857879638672,94.66783905029297,92.78469848632812,89.55445098876953,87.98295593261719,86.8216552734375,81.83519744873047,78.23043060302734,79.07591247558594,73.24616241455078,72.71863555908203,71.58910369873047,73.06161499023438,71.34423828125,70.8307876586914,68.09552001953125,70.72481536865234,69.63475799560547,69.065185546875,70.60453033447266,70.93659210205078,70.03570556640625,69.81404113769531
0,-35,-95,11,37,100.2646484375,100.2646484375,102.068603515625,102.303466796875,102.8250961303711,100.6578369140625,104.06248474121094,100.4987564086914,102.59142303466797,99.72462463378906,102.59142303466797,103.4794692993164,103.07764434814453,101.53324890136719,102.94173431396484,106.82696533203125,108.23123168945312,106.21205139160156,109.40292358398438,110.2587890625,108.70602416992188,111.39569091796875,109.34349822998047,109.63575744628906,110.63453674316406,109.87720489501953,104.13932800292969,102.53292083740234,101.23734283447266,98.35140991210938,95.48298645019531,93.33809661865234,92.6336898803711,86.31338500976562,86.37129211425781,84.85281372070312,79.93122100830078,77.077880859375,72.91776275634766,70.03570556640625,71.44927978515625,69.35416412353516,72.24956512451172,70.03570556640625,67.88224792480469,67.88224792480469,67.88224792480469,68.680419921875,69.81404113769531,72.20111083984375,68.50547790527344,66.64833068847656
0,-35,-95,11,37,97.94386291503906,106.0,102.39628601074219,105.47511291503906,98.97979736328125,104.9571304321289,100.34440612792969,102.4743881225586,101.212646484375,102.04410552978516,102.956298828125,104.3886947631836,105.68821716308594,102.78618621826172,106.04244232177734,102.52804565429688,108.50345611572266,106.56922912597656,110.38568878173828,109.7861557006836,110.86027526855469,110.49434661865234,107.70329284667969,111.6646728515625,109.93180084228516,111.61540985107422,107.01869201660156,102.45974731445312,102.88343048095703,97.69339752197266,96.60227966308594,93.02149963378906,93.02149963378906,84.9705810546875,88.1192398071289,82.2982406616211,80.49844360351562,76.02631378173828,75.58438873291016,74.6860122680664,68.88395690917969,71.11258697509766,68.54196166992188,69.35416412353516,70.68238830566406,68.09552001953125,68.0,70.49113464355469,67.41661834716797,71.61005401611328,70.43436431884766,70.00714111328125
0,-37,-95,14,25,102.64988708496094,104.06248474121094,104.69001770019531,103.3247299194336,104.06248474121094,103.3247299194336,103.3247299194336,101.13851928710938,102.53292083740234,100.4987564086914,102.64988708496094,102.8250961303711,103.07764434814453,104.01922607421875,103.85566711425781,105.60302734375,105.20931243896484,105.0,108.811767578125,109.01834869384766,107.93516540527344,110.8873291015625,107.1680908203125,109.4805908203125,107.81465911865234,107.62899017333984,105.418212890625,103.24727630615234,98.2903823852539,96.16651916503906,94.04785919189453,91.9673843383789,89.87213134765625,84.95881652832031,84.95881652832031,82.07313537597656,80.65978240966797,76.41989135742188,74.3303451538086,74.3303451538086,70.03570556640625,69.3108901977539,68.62215423583984,67.89698028564453,67.26811981201172,66.70832061767578,66.70832061767578,68.4105224609375,68.818603515625,68.50547790527344,65.86349487304688,66.70832061767578
0,-35,-95,11,37,102.69371795654297,102.88343048095703,105.84894561767578,106.4048843383789,103.07764434814453,102.55242919921875,102.956298828125,103.36827087402344,101.51847076416016,103.83159637451172,103.353759765625,103.94229125976562,102.39628601074219,104.00961303710938,104.29285430908203,108.16654205322266,107.41508483886719,107.41508483886719,112.20071411132812,111.60645294189453,113.46365356445312,111.25196838378906,110.11357879638672,110.67971801757812,109.83624267578125,108.22661590576172,106.0,105.81587982177734,101.54801940917969,99.4786376953125,95.01578521728516,96.7470932006836,90.91754150390625,89.69392395019531,86.35391998291016,85.47514343261719,81.84130859375,78.29431915283203,75.80237579345703,73.06161499023438,75.66372680664062,73.06161499023438,71.34423828125,71.69379425048828,69.83551788330078,71.11962127685547,69.35416412353516,72.44998168945312,68.44705963134766,72.80110168457031,71.16881561279297,70.40596771240234
0,-35,-95,11,37,102.31813049316406,103.61949920654297,104.3886947631836,106.23088073730469,105.47511291503906,104.3886947631836,104.78549194335938,100.64790344238281,102.41581726074219,102.0,105.67875671386719,103.94229125976562,102.92716217041016,101.78899383544922,102.92716217041016,105.11898040771484,106.25440979003906,108.72441864013672,109.20164489746094,112.07140350341797,111.77208709716797,111.77208709716797,109.60382843017578,110.67971801757812,108.16654205322266,108.22661590576172,107.18675231933594,104.9571304321289,100.23971557617188,98.48857879638672,94.8946762084961,98.41239929199219,92.66067504882812,90.3382568359375,85.8836441040039,84.53401947021484,80.95059967041016,76.94153594970703,76.05918884277344,72.89718627929688,71.58910369873047,71.11962127685547,70.66116333007812,72.00694274902344,67.08203887939453,69.31810760498047,67.5425796508789,68.02940368652344,70.93659210205078,73.38937377929688,69.37578582763672,69.72087097167969
0,-35,-95,11,36,100.80674743652344,104.56098937988281,103.58088684082031,104.04806518554688,104.04806518554688,102.61091613769531,101.92153930664062,100.0,101.53324890136719,99.6242904663086,100.24469757080078,101.843017578125,100.6578369140625,103.87010955810547,101.07917785644531,102.41581726074219,106.89247131347656,106.8877944946289,106.94390869140625,108.70602416992188,110.92339324951172,110.47624206542969,108.7474136352539,107.33126068115234,107.01869201660156,106.23088073730469,105.19029998779297,100.7223892211914,98.61541748046875,98.23441314697266,93.23089599609375,94.93682098388672,92.4770278930664,86.37708282470703,85.4400405883789,81.93289947509766,81.27114868164062,78.77182006835938,76.5506362915039,75.96051788330078,74.09453582763672,70.93659210205078,73.16419982910156,68.70953369140625,70.00714111328125,68.3520278930664,66.73080444335938,68.00735473632812,68.88395690917969,73.34848022460938,71.70076751708984,71.0633544921875
0,-35,-95,11,36,102.1077880859375,101.86756134033203,100.89598846435547,103.5857162475586,101.41498565673828,99.46356201171875,102.9611587524414,98.65596771240234,94.3663101196289,98.15293884277344,98.50888061523438,100.31948852539062,103.17460632324219,100.12492370605469,99.12618255615234,102.04410552978516,108.04165649414062,101.0197982788086,107.01869201660156,109.0,110.01818084716797,111.00450134277344,106.07544708251953,108.00463104248047,107.11676025390625,104.17293548583984,103.17460632324219,101.17806243896484,102.23991394042969,97.25225067138672,96.42095184326172,96.51942443847656,90.55384826660156,86.70063781738281,84.48076629638672,81.49846649169922,79.6303939819336,75.66372680664062,73.43704986572266,74.24284362792969,73.33484649658203,74.3303451538086,69.1158447265625,68.59300231933594,67.60177612304688,67.47592163085938,67.47592163085938,68.88395690917969,69.63475799560547,70.0927963256836,68.94925689697266,69.7782211303711
0,-37,-95,13,28,101.0197982788086,102.21546173095703,101.71037292480469,104.10091400146484,101.71037292480469,100.34440612792969,101.212646484375,98.88377380371094,98.41239929199219,97.94386291503906,99.74467468261719,99.80982208251953,101.76934814453125,101.39033508300781,101.95096588134766,101.843017578125,103.09219360351562,101.843017578125,105.9480972290039,105.6219711303711,106.6255111694336,108.84851837158203,104.54663848876953,106.6255111694336,105.84894561767578,104.78549194335938,101.63660430908203,99.31767272949219,97.57561492919922,93.52005004882812,93.471923828125,91.67878723144531,89.44271850585938,86.31338500976562,83.6480712890625,81.41252899169922,78.29431915283203,75.13321685791016,74.24284362792969,72.00694274902344,69.77105712890625,70.66116333007812,68.87670135498047,67.5351791381836,66.64833068847656,64.88451385498047,65.3681869506836,66.73080444335938,67.11929321289062,67.80117797851562,67.35725402832031,67.89698028564453
0,-35,-95,11,36,100.60317993164062,100.0,104.48445129394531,101.67103576660156,100.2646484375,100.00499725341797,101.23734283447266,97.83660125732422,99.72462463378906,96.17691802978516,99.03534698486328,99.00505065917969,98.41239929199219,99.90495300292969,99.2471694946289,101.67103576660156,103.23274993896484,103.07764434814453,103.85566711425781,106.82696533203125,105.75916290283203,107.93516540527344,104.13932800292969,105.75916290283203,107.56393432617188,105.38026428222656,102.55242919921875,101.82337951660156,95.4620361328125,94.06912231445312,94.11163330078125,90.5096664428711,89.80534362792969,85.58621215820312,84.2199478149414,81.3449478149414,80.80841827392578,76.48529052734375,75.82215881347656,72.13875579833984,70.1783447265625,70.72481536865234,69.42621612548828,69.35416412353516,69.35416412353516,70.76722717285156,68.7677230834961,69.65629577636719,69.40460968017578,70.49113464355469,70.66116333007812,67.62396240234375
0,-35,-95,11,36,97.71898651123047,99.32774353027344,102.78618621826172,99.04039764404297,100.57833099365234,98.76234436035156,99.45853424072266,96.54014587402344,96.54014587402344,98.84330749511719,93.94147491455078,96.33794403076172,98.99494934082031,97.86725616455078,98.99494934082031,100.40418243408203,99.2471694946289,101.49384307861328,103.31021118164062,107.46627044677734,106.56922912597656,103.81714630126953,103.69667053222656,103.69667053222656,101.83319854736328,101.11874389648438,99.63935089111328,99.82484436035156,95.52486419677734,95.7078857421875,91.59148406982422,91.4439697265625,89.26925659179688,86.12200927734375,84.17243957519531,82.97589874267578,79.55501556396484,75.69015502929688,73.97972869873047,71.0633544921875,70.60453033447266,67.6830825805664,70.60453033447266,68.88395690917969,67.18630981445312,67.91170501708984,67.72000885009766,68.62215423583984,68.3520278930664,68.54196166992188,68.09552001953125,67.20118713378906
0,-35,-95,11,36,102.0,102.88343048095703,100.84642028808594,103.07764434814453,101.59724426269531,99.4786376953125,98.27003479003906,97.41663360595703,99.85990142822266,102.34255981445312,100.95543670654297,101.25709533691406,100.42410278320312,100.42410278320312,101.82828521728516,102.94173431396484,105.47511291503906,102.94173431396484,106.21675872802734,106.8877944946289,106.52699279785156,109.98636627197266,107.29864501953125,109.22454071044922,108.23123168945312,104.8093490600586,102.64988708496094,98.81295776367188,100.43903350830078,99.6242904663086,97.90811920166016,94.30270385742188,92.35800170898438,87.98295593261719,86.60831451416016,86.60831451416016,85.23497009277344,77.10382843017578,76.85050201416016,75.7165756225586,74.88658142089844,73.49829864501953,72.20111083984375,69.6419448852539,69.6419448852539,69.35416412353516,70.8307876586914,70.23532104492188,69.85699462890625,71.30918884277344,69.2603759765625,72.36711883544922
0,-37,-95,13,28,99.02020263671875,100.12492370605469,100.68763732910156,101.78899383544922,99.86490631103516,99.04544067382812,99.6242904663086,97.6166000366211,97.00515747070312,95.90099334716797,98.08159637451172,99.15644073486328,96.17691802978516,97.62171936035156,99.00505065917969,101.83319854736328,101.23734283447266,99.03534698486328,104.7377700805664,105.418212890625,103.96633911132812,105.38026428222656,103.23758697509766,105.36128234863281,104.00480651855469,102.55242919921875,99.82484436035156,97.74456787109375,95.67131042480469,92.76313781738281,92.31468200683594,88.61715698242188,87.20664978027344,83.73768615722656,83.86894226074219,80.28075408935547,78.24320983886719,73.24616241455078,73.40980529785156,72.4706802368164,69.02897644042969,69.52696990966797,69.65629577636719,67.62396240234375,68.4105224609375,66.40029907226562,68.00735473632812,68.00735473632812,66.5732650756836,68.47627258300781,67.5425796508789,65.78753662109375
0,-35,-95,11,36,104.20172882080078,101.07917785644531,101.96568298339844,103.7545166015625,102.42070007324219,101.51847076416016,102.42070007324219,101.212646484375,101.59724426269531,97.94386291503906,101.54801940917969,99.86490631103516,100.20977783203125,100.80178833007812,101.60708618164062,105.80170440673828,104.8093490600586,102.44998931884766,107.00466918945312,109.63575744628906,109.40292358398438,108.00463104248047,106.40018463134766,108.60018157958984,107.64757537841797,106.01886749267578,105.9480972290039,104.30723571777344,101.0197982788086,100.95543670654297,94.66783905029297,94.66783905029297,95.01578521728516,90.55384826660156,87.8179931640625,86.09297180175781,81.98780059814453,79.75587463378906,77.89736938476562,76.66159057617188,75.1797866821289,72.56031799316406,74.79304504394531,72.00694274902344,71.5541763305664,70.21395874023438,71.58910369873047,73.00685119628906,72.80110168457031,71.7844009399414,73.00685119628906,71.84706115722656
0,-35,-95,11,36,101.212646484375,101.60708618164062,102.44998931884766,103.6001968383789,100.0,102.00489807128906,100.42410278320312,97.94896697998047,101.41498565673828,96.26006317138672,99.72462463378906,96.17691802978516,102.068603515625,102.8250961303711,103.4794692993164,100.00499725341797,104.48445129394531,102.94173431396484,108.4066390991211,108.85311126708984,106.52699279785156,111.04053497314453,105.11898040771484,108.07405090332031,106.21675872802734,106.96260833740234,104.7377700805664,100.4987564086914,102.64988708496094,96.93812561035156,97.62171936035156,92.6336898803711,89.80534362792969,86.27861785888672,86.97700500488281,82.02438354492188,82.02438354492188,78.49203491210938,79.19596099853516,77.79460144042969,71.4212875366211,74.24958038330078,72.13875579833984,73.55270385742188,70.76722717285156,71.50524139404297,70.83784484863281,73.24616241455078,70.1783447265625,73.00685119628906,72.20111083984375,72.49827575683594
0,-35,-95,11,36,101.23734283447266,104.3886947631836,101.76934814453125,103.61949920654297,98.08159637451172,104.75209045410156,101.95096588134766,99.29753112792969,101.19288635253906,96.5660400390625,99.72462463378906,99.68952178955078,99.2471694946289,101.0,102.77159118652344,102.42070007324219,105.07616424560547,103.57605743408203,108.66461944580078,108.50345611572266,108.85311126708984,108.50345611572266,106.09900665283203,107.20074462890625,103.16007232666016,108.25894927978516,102.61091613769531,99.68952178955078,100.66280364990234,97.51409912109375,97.26766967773438,93.96276092529297,92.1791763305664,88.05680084228516,88.8875732421875,86.40023040771484,83.24061584472656,81.32035064697266,78.84795379638672,78.16009521484375,75.0,75.69015502929688,72.42237091064453,75.28611755371094,74.3303451538086,69.57010650634766,71.86793518066406,71.30918884277344,72.49827575683594,73.79024505615234,73.24616241455078,72.80110168457031
0,-35,-95,11,36,96.3846435546875,96.00521087646484,99.72462463378906,98.48857879638672,97.86214447021484,97.69339752197266,98.35140991210938,95.85926818847656,94.57801055908203,97.1236343383789,98.76234436035156,95.8018798828125,94.5938720703125,95.34149169921875,95.90099334716797,99.46356201171875,102.1077880859375,98.31072998046875,104.08650207519531,103.4069595336914,101.78899383544922,102.42070007324219,100.62306213378906,103.57605743408203,100.80674743652344,101.63660430908203,97.74456787109375,98.95453643798828,97.01546478271484,96.3016128540039,92.89241027832031,93.68030548095703,90.52071380615234,85.38150024414062,84.43340301513672,84.43340301513672,81.90848541259766,76.5375747680664,73.76313781738281,71.47027587890625,72.42237091064453,71.84010314941406,72.12489318847656,70.83784484863281,70.83784484863281,70.57620239257812,69.07966613769531,70.26378631591797,71.5541763305664,72.56031799316406,68.24221801757812,70.93659210205078
0,-35,-95,11,37,99.04544067382812,99.04544067382812,102.17631530761719,100.04499053955078,99.08077239990234,98.08159637451172,98.18350219726562,96.6281509399414,98.41239929199219,97.73944854736328,97.32420349121094,98.65596771240234,98.71676635742188,98.71676635742188,98.71676635742188,102.35721588134766,101.6513671875,102.88343048095703,102.88343048095703,103.58088684082031,106.23088073730469,107.44766235351562,105.77334594726562,106.60675048828125,104.04806518554688,103.3247299194336,102.39140319824219,101.20276641845703,99.04039764404297,98.27003479003906,92.39588928222656,94.3663101196289,91.92388153076172,88.95504760742188,86.14522552490234,84.01190185546875,82.56512451171875,79.07591247558594,77.92945861816406,76.94153594970703,75.66372680664062,74.3303451538086,74.81310272216797,73.68174743652344,73.68174743652344,69.46221923828125,72.44308471679688,75.1065902709961,75.00666809082031,75.00666809082031,73.17103576660156,75.13321685791016
0,-35,-95,11,36,102.53292083740234,100.4987564086914,101.31633758544922,104.00480651855469,104.7377700805664,97.74456787109375,98.59513092041016,97.18538665771484,98.23441314697266,96.82975006103516,96.40020751953125,99.6242904663086,98.73702239990234,99.02020263671875,99.32270812988281,103.07764434814453,103.353759765625,103.07764434814453,103.44564056396484,105.19029998779297,103.5857162475586,107.91200256347656,104.62313079833984,104.9571304321289,105.15226745605469,102.62553405761719,101.54801940917969,100.16985321044922,97.6370849609375,96.79875946044922,93.4772720336914,93.74433135986328,91.26883697509766,85.70297241210938,87.41853332519531,83.81526947021484,81.4002456665039,78.00640869140625,75.60423278808594,76.40026092529297,75.21302795410156,73.00685119628906,72.20111083984375,72.20111083984375,70.80254364013672,72.80110168457031,72.34638977050781,72.34638977050781,75.66372680664062,73.0,72.62230682373047,72.94518280029297
0,-35,-95,11,36,98.61541748046875,98.73196411132812,100.4987564086914,99.40824890136719,99.32270812988281,98.32598876953125,98.08159637451172,96.04686737060547,96.04686737060547,99.00505065917969,98.0051040649414,98.0204086303711,96.18731689453125,98.41239929199219,96.33275604248047,103.69667053222656,101.83319854736328,101.71037292480469,101.43470764160156,107.35455322265625,103.09703826904297,106.67708587646484,104.58011627197266,107.05606079101562,104.3886947631836,102.31324768066406,98.32598876953125,101.31633758544922,97.1287841796875,99.12618255615234,94.2602767944336,92.26592254638672,90.13877868652344,88.09085845947266,86.02325439453125,85.05292510986328,82.02438354492188,78.16009521484375,78.05767059326172,77.02597045898438,76.00657653808594,73.00685119628906,75.00666809082031,74.02702331542969,75.0,72.00694274902344,73.02738952636719,71.17584228515625,74.3303451538086,74.96665954589844,73.24616241455078,73.05477142333984
0,-35,-95,11,36,97.50897216796875,98.83824920654297,98.41239929199219,98.83824920654297,98.41239929199219,95.77056121826172,96.25486755371094,94.5145492553711,96.5660400390625,94.87360382080078,96.51942443847656,95.21029663085938,94.20191192626953,95.90099334716797,97.45255279541016,99.90495300292969,96.93812561035156,99.76472473144531,98.31072998046875,103.96633911132812,102.64988708496094,103.4794692993164,100.76705932617188,102.64988708496094,101.53324890136719,102.17631530761719,100.00499725341797,100.89598846435547,96.42613983154297,90.78546142578125,90.42676544189453,88.72992706298828,91.67878723144531,85.42832946777344,85.2760238647461,83.09632873535156,79.8122787475586,77.33692169189453,76.83749389648438,78.10249328613281,71.84010314941406,72.34638977050781,72.34638977050781,72.62230682373047,71.84010314941406,71.21797180175781,71.40028381347656,73.23933410644531,73.23933410644531,75.29276275634766,74.46475982666016,74.94664764404297
0,-35,-95,11,36,98.48857879638672,98.95453643798828,97.51409912109375,99.2471694946289,94.5938720703125,97.26766967773438,95.88013458251953,92.444580078125,93.00537872314453,93.92018127441406,95.5196304321289,96.00521087646484,95.75489807128906,96.25486755371094,98.89894104003906,99.28242492675781,100.23971557617188,99.74467468261719,102.0,103.353759765625,102.88343048095703,105.0951919555664,100.62306213378906,103.31021118164062,102.88343048095703,102.956298828125,100.31948852539062,98.0866928100586,98.48857879638672,93.03762817382812,90.87353515625,93.23089599609375,88.95504760742188,87.66413116455078,86.97700500488281,82.2800064086914,82.54090118408203,78.54934692382812,76.89603424072266,77.2528305053711,75.61084747314453,74.09453582763672,74.09453582763672,73.73601531982422,71.47027587890625,69.57010650634766,74.3303451538086,71.56814575195312,73.75635528564453,73.97972869873047,73.17103576660156,72.06246948242188
0,-35,-95,10,41,101.12368774414062,102.17631530761719,103.31021118164062,102.39628601074219,104.3886947631836,101.59724426269531,97.62171936035156,97.01546478271484,99.84988403320312,98.65596771240234,100.62306213378906,97.51409912109375,101.13851928710938,99.72462463378906,99.04039764404297,104.35516357421875,102.88343048095703,103.73042297363281,104.92378234863281,107.70329284667969,108.84851837158203,107.22406768798828,107.20541381835938,106.04244232177734,107.22406768798828,107.56393432617188,104.9952392578125,100.96038818359375,100.88111877441406,98.08159637451172,95.60334777832031,96.4624252319336,93.96276092529297,90.52071380615234,88.32327270507812,87.36132049560547,85.16454315185547,82.2800064086914,83.93450164794922,78.84795379638672,79.8122787475586,79.12016296386719,77.20103454589844,76.65507507324219,77.49193572998047,77.36924743652344,77.66595458984375,79.62411499023438,76.53103637695312,77.16217041015625,76.05918884277344,76.53103637695312
0,-35,-95,11,36,96.54014587402344,102.61579132080078,99.20181274414062,101.53324890136719,99.20181274414062,100.60317993164062,97.20082092285156,96.02082824707031,96.60745239257812,94.33981323242188,95.71833801269531,94.66783905029297,96.64884948730469,97.06183624267578,98.41239929199219,98.83824920654297,102.55242919921875,95.85405731201172,102.956298828125,104.69479370117188,104.65180206298828,105.55093383789062,101.98039245605469,101.63660430908203,102.85912322998047,101.51847076416016,103.7545166015625,96.64884948730469,97.94896697998047,92.1791763305664,93.05912017822266,92.28217315673828,90.04998779296875,85.58621215820312,85.75546264648438,82.2982406616211,83.72574615478516,78.03204345703125,76.5375747680664,76.5375747680664,74.94664764404297,75.29276275634766,72.56031799316406,70.1783447265625,71.28113555908203,69.63475799560547,71.02816009521484,74.40430450439453,73.87828063964844,73.0,71.4212875366211,74.20242309570312
0,-35,-95,11,36,98.89894104003906,98.0866928100586,101.13357543945312,99.80982208251953,100.7223892211914,98.89894104003906,96.2081069946289,97.08243560791016,94.9210205078125,97.08243560791016,97.71898651123047,97.26766967773438,98.71676635742188,94.83142852783203,97.08243560791016,98.06120300292969,98.65596771240234,98.65596771240234,101.96568298339844,105.38026428222656,103.94229125976562,103.94229125976562,103.94229125976562,105.54619598388672,103.36827087402344,102.18121337890625,100.66280364990234,98.23441314697266,96.7729263305664,98.23441314697266,93.86160278320312,91.48223876953125,88.32327270507812,88.05680084228516,87.09190368652344,84.89994049072266,81.04319763183594,80.36167907714844,76.40026092529297,77.20103454589844,77.20103454589844,76.65507507324219,77.49193572998047,74.63243103027344,74.94664764404297,73.38937377929688,73.16419982910156,75.64390563964844,73.82411193847656,76.32168579101562,75.45197296142578,71.58910369873047
0,-35,-95,11,37,103.36827087402344,103.46980285644531,104.54663848876953,104.78549194335938,101.95096588134766,100.84642028808594,101.95096588134766,97.40636444091797,97.41663360595703,97.71898651123047,98.37174224853516,97.98469543457031,97.86214447021484,99.46356201171875,99.2471694946289,100.9752426147461,102.956298828125,101.96568298339844,104.69001770019531,105.57461547851562,104.08650207519531,105.9292221069336,102.25947570800781,105.9292221069336,103.94229125976562,103.94229125976562,102.18121337890625,100.22474670410156,99.2471694946289,97.86214447021484,93.94147491455078,94.14881896972656,93.17188262939453,86.58522033691406,84.40379333496094,84.17243957519531,83.24061584472656,78.58753204345703,76.65507507324219,78.33900451660156,76.15773010253906,76.40026092529297,76.15773010253906,75.0,76.65507507324219,75.96051788330078,73.08214569091797,74.67261505126953,74.84651184082031,75.23961639404297,75.80237579345703,70.80254364013672
0,-35,-95,11,36,96.31718444824219,96.31718444824219,100.80674743652344,100.22474670410156,100.0199966430664,94.72592163085938,99.14131164550781,95.03683471679688,93.64827728271484,94.42987060546875,95.42536163330078,95.04735565185547,96.08329772949219,94.02127075195312,95.00526428222656,97.04637908935547,97.25225067138672,98.18350219726562,100.17984008789062,101.12368774414062,102.17631530761719,104.23531341552734,102.17631530761719,104.17293548583984,101.12368774414062,101.04454803466797,99.2471694946289,99.02020263671875,97.0,96.04686737060547,92.0,92.00543212890625,88.0511245727539,87.0,86.0,83.00602722167969,84.0,81.00617218017578,79.00633239746094,76.0,76.02631378173828,74.00675964355469,77.0,72.0,73.00685119628906,74.06078338623047,72.24956512451172,73.43704986572266,76.11833190917969,76.90253448486328,75.96051788330078,72.23572540283203
0,-35,-95,11,36,98.97979736328125,99.84988403320312,102.21546173095703,99.29753112792969,101.212646484375,99.98500061035156,99.85990142822266,95.41488647460938,96.51942443847656,97.41663360595703,98.22932434082031,97.6166000366211,96.54014587402344,95.13148498535156,98.59513092041016,99.08582305908203,101.11874389648438,99.72462463378906,104.66136169433594,105.36128234863281,104.69001770019531,104.66136169433594,101.91172790527344,106.07544708251953,100.6578369140625,104.69001770019531,100.4987564086914,97.08243560791016,98.49365234375,98.59513092041016,98.59513092041016,94.2602767944336,93.08598327636719,87.20664978027344,87.1148681640625,83.73768615722656,83.24061584472656,79.02531433105469,78.10249328613281,76.83749389648438,79.02531433105469,76.05918884277344,76.83749389648438,76.216796875,74.20242309570312,73.60027313232422,76.02631378173828,76.5506362915039,76.15773010253906,77.47257232666016,77.6208724975586,77.20103454589844
0,-35,-95,11,36,96.33275604248047,99.32270812988281,95.63471984863281,102.23991394042969,96.51942443847656,98.61541748046875,97.73944854736328,95.18928527832031,95.03683471679688,91.7823486328125,93.39164733886719,95.8018798828125,95.60334777832031,94.86833190917969,97.08243560791016,95.5196304321289,99.72462463378906,93.30059051513672,103.87010955810547,99.02020263671875,102.52804565429688,103.81714630126953,98.79270935058594,103.61949920654297,99.72462463378906,103.81714630126953,99.95999145507812,95.81753540039062,97.08243560791016,91.08238220214844,94.25497436523438,93.30059051513672,87.93179321289062,87.28115844726562,85.38150024414062,80.0062484741211,82.861328125,77.49193572998047,77.49193572998047,80.65357971191406,74.63243103027344,78.74642944335938,72.42237091064453,75.96051788330078,75.0,71.56814575195312,75.18643188476562,76.68767547607422,72.99314880371094,75.66372680664062,75.1065902709961,76.02631378173828
0,-35,-95,11,36,96.04686737060547,99.48869323730469,98.40731811523438,101.212646484375,96.21330261230469,100.42410278320312,97.45255279541016,92.20086669921875,93.60021209716797,96.26006317138672,94.33981323242188,93.64827728271484,95.77056121826172,96.64884948730469,95.2575454711914,95.2575454711914,97.08243560791016,96.25486755371094,101.63660430908203,101.63660430908203,101.51847076416016,101.51847076416016,100.64790344238281,103.46980285644531,99.74467468261719,101.07422637939453,98.38699340820312,93.94147491455078,98.83824920654297,94.41397857666016,94.41397857666016,90.82400512695312,91.30169677734375,88.32327270507812,82.85529327392578,83.24061584472656,78.77182006835938,77.41446685791016,77.89736938476562,75.13321685791016,76.5375747680664,76.15773010253906,73.9256362915039,75.80237579345703,76.00657653808594,74.06078338623047,75.0,74.20242309570312,74.81310272216797,75.74298858642578,75.82215881347656,74.40430450439453
0,-35,-95,11,36,99.0,100.0199966430664,100.0,98.0051040649414,99.00505065917969,96.02082824707031,95.13148498535156,96.13011932373047,94.33981323242188,94.33981323242188,94.5304183959961,95.03683471679688,95.52486419677734,95.12622833251953,95.12622833251953,96.7729263305664,97.52947998046875,99.20181274414062,99.6242904663086,101.53324890136719,102.1077880859375,101.13851928710938,102.61579132080078,102.2007827758789,100.66280364990234,100.16985321044922,98.23441314697266,98.48857879638672,96.04686737060547,92.6498794555664,91.98369598388672,90.24411010742188,88.5268325805664,89.05054473876953,83.74365997314453,85.61541748046875,82.76472473144531,81.02468872070312,78.85429382324219,77.36924743652344,76.68767547607422,76.90253448486328,77.66595458984375,76.29547882080078,74.3303451538086,73.97972869873047,75.95393371582031,76.41989135742188,77.16217041015625,77.0064926147461,75.23961639404297,75.31268310546875
0,-35,-95,11,36,97.02061462402344,97.00515747070312,100.00499725341797,97.02061462402344,99.08077239990234,94.00531768798828,99.00505065917969,95.18928527832031,92.04889678955078,93.26306915283203,94.64142608642578,95.03683471679688,92.39588928222656,93.94147491455078,91.21951293945312,98.71676635742188,95.60334777832031,96.5660400390625,100.28459167480469,99.72462463378906,101.39033508300781,101.13851928710938,99.72462463378906,101.2422866821289,97.98469543457031,98.49365234375,96.3016128540039,97.74456787109375,91.67878723144531,92.41753387451172,89.49860382080078,89.49860382080078,89.49860382080078,83.9523696899414,83.19855499267578,83.6779556274414,81.4923324584961,78.33900451660156,76.90253448486328,74.21590423583984,77.1297607421875,73.24616241455078,77.1297607421875,74.95331573486328,74.95331573486328,74.14849853515625,71.84706115722656,75.66372680664062,74.3303451538086,75.00666809082031,71.11258697509766,76.79192352294922
0,-35,-95,11,36,96.67471313476562,96.54014587402344,100.4987564086914,96.54014587402344,100.76705932617188,96.67471313476562,96.33275604248047,94.9210205078125,94.04785919189453,94.79451751708984,93.38094329833984,93.38094329833984,92.02173614501953,93.60555267333984,94.64142608642578,99.20181274414062,97.6524429321289,97.20082092285156,96.26006317138672,99.5690689086914,100.20977783203125,100.43903350830078,100.80178833007812,98.22932434082031,98.23441314697266,98.60020446777344,98.60020446777344,97.00515747070312,92.00543212890625,95.42536163330078,89.3756103515625,89.8109130859375,86.05230712890625,83.63013458251953,83.86894226074219,83.86894226074219,81.56592559814453,80.72174072265625,77.89736938476562,75.74298858642578,77.46611785888672,74.41101837158203,76.41989135742188,72.13875579833984,74.3303451538086,74.24958038330078,72.13875579833984,75.82215881347656,74.5184555053711,75.80237579345703,71.86793518066406,72.49827575683594
0,-35,-95,11,37,101.98039245605469,105.32331085205078,101.39033508300781,104.3455810546875,96.54014587402344,101.98039245605469,100.16985321044922,97.51409912109375,96.84007263183594,96.16651916503906,96.4624252319336,95.5196304321289,94.93682098388672,99.80982208251953,99.80982208251953,100.64790344238281,98.38699340820312,96.17691802978516,106.0660171508789,102.88343048095703,103.31021118164062,104.20172882080078,100.62306213378906,102.956298828125,102.42070007324219,102.41581726074219,100.62306213378906,98.89894104003906,101.55294036865234,93.02149963378906,94.42987060546875,92.57429504394531,90.8019790649414,90.37699127197266,88.14192962646484,82.46211242675781,84.69356536865234,80.62257385253906,82.3468246459961,81.93900299072266,75.64390563964844,78.39005279541016,75.1531753540039,75.3923110961914,78.39005279541016,76.216796875,74.67261505126953,79.05693817138672,76.40026092529297,80.23091888427734,76.32168579101562,78.0
0,-35,-95,11,36,96.51942443847656,98.0051040649414,96.87621307373047,101.59724426269531,98.99494934082031,95.88534545898438,98.84330749511719,93.5574722290039,94.9210205078125,94.3663101196289,93.39164733886719,92.89241027832031,93.40770721435547,93.96276092529297,94.86833190917969,95.4620361328125,97.16995239257812,97.69339752197266,101.13357543945312,100.7223892211914,101.23734283447266,102.04410552978516,99.5389404296875,101.63660430908203,100.84642028808594,98.79270935058594,98.23441314697266,94.33981323242188,97.30878448486328,92.4770278930664,91.7060546875,90.2496566772461,89.31964874267578,83.93450164794922,86.16263580322266,83.00602722167969,81.59656524658203,79.12016296386719,80.05622863769531,75.61084747314453,78.18567657470703,73.53910827636719,76.89603424072266,77.49193572998047,75.96051788330078,74.3303451538086,71.84010314941406,76.40026092529297,76.48529052734375,76.79192352294922,75.23961639404297,75.1065902709961
0,-35,-95,11,36,98.41239929199219,101.98039245605469,103.71113586425781,103.4794692993164,100.76705932617188,102.44998931884766,97.30878448486328,96.40020751953125,98.40731811523438,99.04544067382812,98.73702239990234,99.02020263671875,98.97979736328125,99.36296844482422,97.24710845947266,98.38699340820312,99.31767272949219,101.07917785644531,104.27847290039062,103.78824615478516,104.65180206298828,106.92988586425781,101.55294036865234,104.0,102.88343048095703,101.07917785644531,102.45974731445312,98.41239929199219,99.74467468261719,94.3716049194336,93.471923828125,93.94147491455078,89.89994812011719,89.89437866210938,88.10221099853516,85.86617279052734,84.5280990600586,82.29216003417969,80.62257385253906,80.11241912841797,76.48529052734375,77.82672882080078,76.48529052734375,79.60527801513672,76.66159057617188,74.4311752319336,77.10382843017578,77.10382843017578,78.23681640625,77.801025390625,76.41989135742188,78.64476776123047
0,-35,-95,11,36,97.67292022705078,95.7078857421875,98.06120300292969,98.06120300292969,99.04039764404297,96.10411071777344,95.90099334716797,96.04686737060547,97.01546478271484,94.64142608642578,94.25497436523438,95.50916290283203,93.04837799072266,95.2732925415039,94.15412902832031,95.34149169921875,95.2575454711914,96.60745239257812,97.94896697998047,99.28242492675781,102.45974731445312,102.45974731445312,99.74467468261719,101.07422637939453,100.22474670410156,100.64790344238281,99.74467468261719,97.98979187011719,93.52005004882812,94.84724426269531,91.38927459716797,93.62158203125,87.8464584350586,85.90692901611328,86.53900909423828,82.85529327392578,82.2800064086914,80.23091888427734,79.7057113647461,74.84651184082031,78.0,74.73285675048828,73.53910827636719,73.16419982910156,76.5506362915039,75.89466094970703,72.12489318847656,78.84795379638672,75.50496673583984,76.11833190917969,77.41446685791016,76.00657653808594
0,-35,-95,11,37,104.30723571777344,102.92716217041016,104.9571304321289,106.8503646850586,104.30723571777344,101.54801940917969,100.4987564086914,101.212646484375,100.34440612792969,97.49359130859375,97.06183624267578,100.22474670410156,97.86214447021484,97.69339752197266,99.02020263671875,98.79270935058594,101.83319854736328,98.03060913085938,103.74005889892578,102.14205932617188,103.4069595336914,107.22406768798828,103.46497344970703,106.90182495117188,104.67568969726562,103.46497344970703,102.78618621826172,101.59232330322266,98.79270935058594,97.14422607421875,94.15412902832031,94.33981323242188,90.87353515625,88.39117431640625,87.72685241699219,84.30895233154297,83.93450164794922,82.07923126220703,84.8646011352539,81.02468872070312,78.92401123046875,78.39005279541016,79.30951690673828,76.48529052734375,75.1531753540039,75.1797866821289,75.80237579345703,74.94664764404297,73.49829864501953,78.00640869140625,74.5184555053711,74.2765121459961
0,-35,-95,11,37,101.83319854736328,101.51354217529297,105.47511291503906,107.61505126953125,103.77379608154297,103.46497344970703,101.78899383544922,99.12618255615234,97.75479888916016,99.4786376953125,98.88377380371094,96.60745239257812,100.7223892211914,98.0866928100586,100.31948852539062,100.90093994140625,102.52804565429688,102.52804565429688,106.25440979003906,104.40306854248047,105.47511291503906,108.07867431640625,101.59232330322266,106.97663116455078,105.84894561767578,104.92378234863281,103.46980285644531,100.84642028808594,102.55242919921875,96.93296813964844,96.25486755371094,96.66436767578125,94.3716049194336,93.471923828125,89.89437866210938,88.14192962646484,87.72685241699219,85.0,80.52949523925781,82.29216003417969,82.2982406616211,77.82030487060547,81.39410400390625,79.64923095703125,78.39005279541016,76.5506362915039,79.88116455078125,77.20103454589844,80.0,80.15609741210938,79.90619659423828,78.8733139038086
0,-35,-95,11,37,100.40418243408203,102.31324768066406,101.40019989013672,102.23991394042969,101.40019989013672,100.40418243408203,101.59724426269531,98.61541748046875,97.86725616455078,95.03683471679688,98.31072998046875,98.48857879638672,99.68952178955078,97.26766967773438,98.76234436035156,98.67117309570312,99.6242904663086,98.68130493164062,101.95096588134766,102.52804565429688,105.34230041503906,106.04244232177734,102.78618621826172,106.6255111694336,104.40306854248047,103.09219360351562,101.19288635253906,101.51354217529297,99.02020263671875,96.79875946044922,97.08243560791016,92.6552734375,91.39474487304688,87.31552124023438,88.23265075683594,84.77027893066406,85.38150024414062,82.56512451171875,80.65357971191406,81.27114868164062,78.77182006835938,79.71198272705078,80.0062484741211,79.12016296386719,77.6208724975586,77.1297607421875,77.66595458984375,80.60397338867188,77.92945861816406,81.39410400390625,78.05767059326172,78.10249328613281
0,-35,-95,11,37,100.0,99.72462463378906,105.01904296875,99.92497253417969,103.07764434814453,103.3247299194336,100.43903350830078,98.27003479003906,98.84330749511719,98.65596771240234,99.29753112792969,98.15293884277344,97.32933807373047,97.41663360595703,98.12747192382812,102.17631530761719,102.04410552978516,100.00499725341797,102.00489807128906,102.04410552978516,103.00485229492188,106.00471496582031,105.0428466796875,104.01922607421875,104.07689666748047,103.0436782836914,105.01904296875,100.04499053955078,100.17984008789062,101.12368774414062,93.08598327636719,95.04735565185547,97.08243560791016,90.04998779296875,93.13430786132812,86.28441619873047,88.45903015136719,81.22191619873047,82.2982406616211,79.30951690673828,79.5110092163086,78.23043060302734,80.22468566894531,77.5241928100586,78.4091796875,78.77182006835938,76.94153594970703,79.42921447753906,78.33900451660156,78.77182006835938,78.0,77.89736938476562
0,-35,-95,12,32,92.19544219970703,94.42987060546875,95.7131118774414,96.17691802978516,96.17691802978516,93.03762817382812,90.78546142578125,89.44271850585938,93.05912017822266,92.66067504882812,89.1852035522461,91.06591033935547,92.35800170898438,91.26335144042969,92.20086669921875,95.0,92.31468200683594,90.13877868652344,93.4344711303711,97.08243560791016,97.30878448486328,100.12492370605469,95.60334777832031,96.42613983154297,98.23441314697266,92.45539093017578,94.64142608642578,93.60021209716797,92.61749267578125,91.21403503417969,88.60022735595703,86.68333435058594,85.6037368774414,86.05230712890625,82.61961364746094,82.20097351074219,80.21221923828125,77.20103454589844,76.27581787109375,75.21302795410156,76.40026092529297,74.20242309570312,74.65252685546875,72.20111083984375,71.84706115722656,70.1783447265625,71.02112579345703,72.71863555908203,70.68238830566406,71.69379425048828,71.7844009399414,72.7804946899414
0,-35,-95,12,33,102.72779846191406,103.3924560546875,102.068603515625,103.3924560546875,103.3924560546875,101.41498565673828,102.17631530761719,99.63935089111328,101.212646484375,99.20181274414062,101.212646484375,100.95543670654297,102.08329772949219,99.12618255615234,98.79270935058594,102.21546173095703,104.65657806396484,104.70912170410156,101.51847076416016,106.89247131347656,106.89247131347656,107.35455322265625,106.94390869140625,105.99056243896484,106.0660171508789,108.70602416992188,104.70912170410156,103.44564056396484,100.34440612792969,99.98500061035156,95.88013458251953,96.3846435546875,93.29522705078125,89.35882568359375,89.69392395019531,89.1852035522461,86.60831451416016,85.4400405883789,83.21658325195312,80.77747344970703,81.84130859375,83.21658325195312,80.70935821533203,78.77182006835938,77.66595458984375,77.42092895507812,80.0,80.28075408935547,79.24645233154297,79.93122100830078,79.39773559570312,78.23681640625
0,-35,-95,12,33,99.74467468261719,102.41581726074219,104.65180206298828,102.88343048095703,100.64790344238281,100.7223892211914,104.27847290039062,101.23734283447266,96.66436767578125,101.51354217529297,101.51354217529297,98.97979736328125,98.23441314697266,97.26766967773438,96.7729263305664,100.0199966430664,102.39140319824219,102.18121337890625,106.53168487548828,103.7545166015625,105.32331085205078,106.09900665283203,105.11898040771484,103.94710540771484,102.9611587524414,104.56098937988281,102.61091613769531,102.39140319824219,99.2471694946289,100.22474670410156,99.68952178955078,98.71676635742188,94.83142852783203,87.09764862060547,89.9888916015625,90.47099304199219,89.73851013183594,82.97589874267578,82.0,78.64476776123047,80.08120727539062,81.4923324584961,78.33900451660156,78.58753204345703,79.12016296386719,77.16217041015625,77.16217041015625,78.18567657470703,76.15773010253906,81.39410400390625,78.03204345703125,78.60025787353516
0,-35,-95,12,33,99.29753112792969,99.04544067382812,99.86490631103516,104.04325866699219,100.43903350830078,102.08329772949219,100.70252990722656,100.34440612792969,98.27003479003906,97.06183624267578,98.88377380371094,99.31767272949219,95.85405731201172,99.5389404296875,100.08995819091797,101.59232330322266,102.48902130126953,99.6242904663086,106.04244232177734,103.84603881835938,106.04244232177734,106.04244232177734,106.60675048828125,106.90182495117188,104.9952392578125,105.3043212890625,102.88343048095703,102.45974731445312,103.74005889892578,100.28459167480469,96.13532257080078,96.84007263183594,95.88013458251953,90.8019790649414,88.8875732421875,86.02325439453125,88.86506652832031,82.87339782714844,83.16850280761719,80.3243408203125,81.27114868164062,81.93289947509766,77.16217041015625,77.2528305053711,77.8331527709961,78.18567657470703,77.2528305053711,78.0,74.24284362792969,77.69813537597656,77.66595458984375,77.33692169189453
0,-35,-95,11,37,102.52804565429688,104.40306854248047,105.6219711303711,103.46497344970703,102.78618621826172,105.3043212890625,103.4069595336914,100.57833099365234,102.78618621826172,99.68952178955078,98.95453643798828,101.0,100.28459167480469,100.28459167480469,100.84146118164062,103.69667053222656,104.30723571777344,103.31021118164062,108.16654205322266,106.23088073730469,106.30146026611328,109.22454071044922,105.385009765625,110.16351318359375,102.23991394042969,105.3043212890625,104.47966003417969,103.3924560546875,101.49384307861328,101.2422866821289,98.24967956542969,99.50376892089844,97.32933807373047,91.3509750366211,93.4344711303711,91.54779815673828,88.56636047363281,85.84288024902344,82.73451232910156,82.38932037353516,82.60750579833984,80.7527084350586,79.76214599609375,81.74349975585938,79.90619659423828,78.08969116210938,78.64476776123047,78.64476776123047,77.6208724975586,81.90848541259766,78.39005279541016,78.77182006835938
0,-35,-95,11,37,97.67292022705078,103.09703826904297,103.5857162475586,106.0660171508789,104.8093490600586,104.08650207519531,104.93807983398438,99.72462463378906,99.84988403320312,100.31948852539062,101.2422866821289,98.0051040649414,100.04499053955078,101.0197982788086,100.0199966430664,102.07839965820312,104.30723571777344,102.17631530761719,108.37435150146484,108.22661590576172,105.11898040771484,109.29318237304688,105.11898040771484,108.37435150146484,105.23307800292969,106.169677734375,104.0,103.00485229492188,102.0,100.0199966430664,100.00499725341797,97.02061462402344,95.00526428222656,92.02173614501953,92.0869140625,88.0227279663086,88.09085845947266,85.02352905273438,81.02468872070312,82.05486297607422,81.1541748046875,81.1541748046875,79.22752380371094,77.3175277709961,77.5241928100586,78.08969116210938,77.92945861816406,79.62411499023438,80.28075408935547,79.8122787475586,78.18567657470703,79.17701721191406
0,-35,-95,11,37,95.44107818603516,98.81295776367188,102.90287017822266,99.04544067382812,100.43903350830078,97.90811920166016,99.29753112792969,97.41663360595703,95.18928527832031,95.52486419677734,95.52486419677734,94.82615661621094,96.60745239257812,94.81033325195312,95.2732925415039,99.4032211303711,96.93296813964844,100.46392059326172,100.08995819091797,104.40306854248047,103.24727630615234,104.177734375,104.54663848876953,104.177734375,102.15674591064453,104.0,100.6578369140625,101.23734283447266,97.69339752197266,97.30878448486328,93.03762817382812,92.70382690429688,92.61209106445312,88.56636047363281,88.56636047363281,86.33075714111328,81.84130859375,81.84130859375,82.29216003417969,80.52949523925781,76.02631378173828,76.05918884277344,78.71467590332031,73.35530090332031,74.24284362792969,76.05918884277344,74.09453582763672,73.24616241455078,76.27581787109375,76.05918884277344,76.5767593383789,73.0
0,-35,-95,12,33,94.03190612792969,92.6498794555664,97.08243560791016,96.5660400390625,96.83490753173828,96.83490753173828,95.60334777832031,96.40020751953125,93.40770721435547,94.02127075195312,94.81033325195312,94.4933853149414,91.3509750366211,93.50936126708984,93.34880828857422,95.4620361328125,95.52486419677734,96.2081069946289,99.35794067382812,100.76705932617188,99.82484436035156,100.00499725341797,100.41912078857422,100.4987564086914,100.41912078857422,98.99494934082031,98.35140991210938,95.48298645019531,96.87621307373047,93.38094329833984,91.93476104736328,89.80534362792969,88.39117431640625,89.10667419433594,85.5628433227539,83.4505844116211,80.43009185791016,76.5767593383789,77.89736938476562,76.41989135742188,75.74298858642578,72.24956512451172,73.75635528564453,73.0,73.10950469970703,70.93659210205078,74.02702331542969,72.20111083984375,72.71863555908203,75.66372680664062,71.69379425048828,69.57010650634766
0,-35,-95,11,37,99.15644073486328,99.82484436035156,103.24727630615234,107.56393432617188,103.96633911132812,101.91172790527344,101.17806243896484,99.72462463378906,102.53292083740234,99.03534698486328,99.76472473144531,100.12492370605469,103.23274993896484,99.80982208251953,100.0,102.90287017822266,102.39628601074219,102.62553405761719,106.8503646850586,108.45275115966797,105.20931243896484,107.070068359375,105.9480972290039,107.37783813476562,108.16654205322266,105.9480972290039,102.90287017822266,103.17460632324219,102.90287017822266,105.43718719482422,100.68763732910156,95.0,97.41663360595703,91.60785675048828,91.40021514892578,91.40021514892578,88.23265075683594,83.81526947021484,83.23461151123047,82.00609588623047,80.21221923828125,80.80223083496094,81.4002456665039,76.216796875,77.46611785888672,77.23341369628906,79.24645233154297,77.23341369628906,78.51751708984375,79.24645233154297,77.0064926147461,76.32168579101562
0,-35,-95,11,37,97.6166000366211,97.00515747070312,101.67103576660156,100.42410278320312,103.23274993896484,99.63935089111328,99.48869323730469,99.48869323730469,97.30878448486328,98.41239929199219,99.08582305908203,97.58073425292969,99.72462463378906,96.42613983154297,98.59513092041016,100.89598846435547,97.80081939697266,102.00489807128906,103.2279052734375,104.62313079833984,104.8093490600586,106.60675048828125,102.61579132080078,107.41508483886719,103.4069595336914,101.82828521728516,99.80982208251953,99.80982208251953,98.60020446777344,101.04454803466797,96.82975006103516,95.13148498535156,94.4933853149414,90.90654754638672,86.55634307861328,87.32124328613281,87.78382873535156,79.5110092163086,79.64923095703125,77.33692169189453,77.46611785888672,76.69419860839844,76.69419860839844,75.00666809082031,75.69015502929688,73.66138458251953,75.69015502929688,73.59347534179688,75.82215881347656,74.02702331542969,74.3303451538086,73.35530090332031
0,-35,-95,11,36,100.28459167480469,100.62306213378906,102.42070007324219,102.1077880859375,101.11874389648438,100.62306213378906,98.65596771240234,98.84330749511719,98.27003479003906,92.6498794555664,97.01546478271484,98.76234436035156,100.28459167480469,97.08243560791016,100.5683822631836,97.69339752197266,100.31948852539062,101.23734283447266,103.36827087402344,104.78549194335938,102.69371795654297,107.15409088134766,102.69371795654297,106.6208267211914,104.54663848876953,104.92378234863281,103.61949920654297,101.95096588134766,101.95096588134766,97.86214447021484,96.79875946044922,96.13532257080078,94.86833190917969,91.76055908203125,89.4930191040039,86.64871978759766,83.52245330810547,84.11896514892578,82.2800064086914,80.36167907714844,77.49193572998047,76.92203521728516,75.96051788330078,76.92203521728516,75.69015502929688,74.73285675048828,74.73285675048828,74.3303451538086,73.16419982910156,76.41989135742188,75.02666473388672,76.16429901123047
0,-35,-95,11,37,101.98039245605469,104.0,104.92378234863281,104.27847290039062,104.3886947631836,102.45974731445312,104.92378234863281,104.0,101.95096588134766,98.97979736328125,101.51354217529297,101.92153930664062,101.39033508300781,101.86756134033203,98.48857879638672,102.61091613769531,102.9611587524414,101.78899383544922,106.0660171508789,109.83624267578125,105.9056167602539,107.2800064086914,106.09900665283203,109.4897232055664,110.21796417236328,107.48953247070312,105.11898040771484,104.78549194335938,103.5857162475586,101.13851928710938,100.16985321044922,100.42410278320312,98.23441314697266,94.64142608642578,92.6552734375,88.23265075683594,89.84430694580078,85.72631072998047,83.16850280761719,80.95677947998047,81.90848541259766,80.0062484741211,79.4040298461914,78.10890197753906,77.49193572998047,79.84986114501953,78.18567657470703,78.79086303710938,76.48529052734375,78.54934692382812,79.05693817138672,77.33692169189453
0,-35,-95,11,36,96.04686737060547,99.72462463378906,100.0,102.35721588134766,98.49365234375,99.72462463378906,97.1236343383789,98.67117309570312,98.03060913085938,93.92018127441406,98.68130493164062,98.0866928100586,96.25486755371094,98.41239929199219,97.94386291503906,98.41239929199219,102.4743881225586,97.1287841796875,102.57679748535156,103.94229125976562,103.83159637451172,107.42439270019531,100.23971557617188,106.17438507080078,104.70912170410156,101.53324890136719,102.42070007324219,99.29753112792969,97.94386291503906,97.04637908935547,97.49359130859375,94.84724426269531,92.61209106445312,88.56636047363281,89.05054473876953,85.42832946777344,86.8158950805664,80.41144561767578,80.62257385253906,79.84986114501953,78.0,76.69419860839844,77.6208724975586,75.96051788330078,71.86793518066406,71.16881561279297,69.89277648925781,72.42237091064453,74.46475982666016,74.3303451538086,74.67261505126953,74.06078338623047
0,-35,-95,11,37,100.7223892211914,102.15674591064453,102.04410552978516,105.19029998779297,104.27847290039062,99.00505065917969,102.55242919921875,99.31767272949219,99.31767272949219,99.36296844482422,98.48857879638672,97.94386291503906,99.5690689086914,99.04544067382812,98.73702239990234,100.12492370605469,100.80178833007812,99.6242904663086,103.71113586425781,104.20172882080078,103.6001968383789,105.43718719482422,103.2279052734375,105.8914566040039,105.0,105.80170440673828,104.04325866699219,102.64988708496094,100.95543670654297,96.5660400390625,94.87360382080078,92.11405944824219,91.4166259765625,90.21086120605469,89.69392395019531,85.4400405883789,85.4400405883789,80.4549560546875,79.07591247558594,79.07591247558594,77.5241928100586,75.29276275634766,74.4311752319336,76.15773010253906,76.02631378173828,74.6860122680664,72.91776275634766,75.7693862915039,74.84651184082031,76.5506362915039,75.69015502929688,74.96665954589844
0,-35,-95,11,36,96.7729263305664,97.51409912109375,101.98039245605469,99.92497253417969,102.61091613769531,98.48857879638672,100.0199966430664,96.69022369384766,96.69022369384766,100.28459167480469,98.85848236083984,97.41663360595703,96.25486755371094,97.1287841796875,96.13011932373047,99.02020263671875,96.02082824707031,102.00489807128906,103.07764434814453,104.04325866699219,103.01941680908203,106.01886749267578,106.0,107.01869201660156,103.0,103.07764434814453,100.0,101.0197982788086,98.0204086303711,99.08077239990234,93.08598327636719,91.0878677368164,94.19129180908203,89.27485656738281,87.28115844726562,87.3670425415039,83.21658325195312,82.2982406616211,80.22468566894531,77.3175277709961,76.41989135742188,74.24284362792969,76.2364730834961,73.43704986572266,71.70076751708984,71.44927978515625,72.83543395996094,75.31268310546875,73.75635528564453,70.88018035888672,72.11102294921875,71.5541763305664
0,-35,-95,11,37,101.98039245605469,102.72779846191406,105.36128234863281,106.79419708251953,103.3247299194336,101.91172790527344,100.41912078857422,100.41912078857422,101.17806243896484,102.068603515625,101.31633758544922,99.48869323730469,103.6001968383789,101.83319854736328,103.2279052734375,104.86181640625,103.17460632324219,103.46497344970703,105.81587982177734,106.32967376708984,107.91200256347656,108.90821838378906,105.9480972290039,108.22661590576172,107.070068359375,109.0,104.56098937988281,102.39628601074219,100.12492370605469,102.62553405761719,96.25486755371094,97.6524429321289,95.44107818603516,94.04785919189453,92.41753387451172,89.05054473876953,86.02325439453125,84.05355072021484,82.80096435546875,79.6303939819336,77.42092895507812,79.4040298461914,76.6093978881836,73.81734466552734,73.60027313232422,73.60027313232422,75.1664810180664,76.69419860839844,75.00666809082031,75.00666809082031,76.216796875,76.843994140625
0,-35,-95,12,33,100.31948852539062,103.31505584716797,102.41581726074219,102.41581726074219,102.41581726074219,97.94386291503906,103.353759765625,97.52947998046875,100.7223892211914,97.49359130859375,98.88377380371094,99.12618255615234,96.5660400390625,99.02020263671875,97.41663360595703,100.80178833007812,100.42410278320312,102.2007827758789,103.07764434814453,104.63746643066406,105.80170440673828,107.20074462890625,105.20931243896484,102.80078125,106.8316421508789,104.29285430908203,103.46980285644531,100.68763732910156,98.73702239990234,100.68763732910156,93.29522705078125,95.71833801269531,95.18928527832031,90.04998779296875,91.4166259765625,87.8179931640625,85.95928955078125,80.62257385253906,81.41252899169922,78.77182006835938,77.69813537597656,76.15773010253906,78.77182006835938,73.35530090332031,73.43023681640625,72.91776275634766,71.69379425048828,73.53910827636719,74.3303451538086,73.68174743652344,74.73285675048828,73.43704986572266
0,-35,-95,11,37,102.90287017822266,99.5690689086914,107.070068359375,101.83319854736328,106.25440979003906,101.2422866821289,102.39628601074219,97.94386291503906,97.41663360595703,102.88343048095703,100.23971557617188,99.74467468261719,100.31948852539062,101.23734283447266,94.02127075195312,103.87010955810547,101.0197982788086,105.84894561767578,102.52804565429688,106.97663116455078,105.84894561767578,106.97663116455078,107.70329284667969,107.70329284667969,106.23088073730469,106.4048843383789,103.36827087402344,106.92988586425781,99.74467468261719,102.88343048095703,95.2575454711914,97.50897216796875,93.91485595703125,91.67878723144531,90.04998779296875,89.94442749023438,89.06739044189453,82.76472473144531,83.24061584472656,78.892333984375,78.892333984375,73.57308959960938,76.85050201416016,74.4311752319336,73.24616241455078,74.88658142089844,74.625732421875,73.60027313232422,77.0064926147461,75.69015502929688,72.83543395996094,73.40980529785156
0,-35,-95,12,33,101.0197982788086,103.00485229492188,106.60675048828125,103.17460632324219,103.2279052734375,104.62313079833984,103.23274993896484,101.67103576660156,101.67103576660156,98.85848236083984,102.303466796875,102.17631530761719,99.82484436035156,101.86265563964844,97.58073425292969,101.98039245605469,103.4794692993164,101.98039245605469,105.26158142089844,105.8914566040039,108.37435150146484,106.66770935058594,105.55093383789062,106.30146026611328,109.62207794189453,103.3247299194336,103.96633911132812,103.3247299194336,99.72462463378906,99.76472473144531,96.87621307373047,96.87621307373047,95.48298645019531,90.52071380615234,90.52071380615234,89.14033508300781,88.45903015136719,82.87943267822266,81.46778869628906,79.98124694824219,79.24645233154297,77.89736938476562,78.51751708984375,75.07329559326172,73.66138458251953,74.3303451538086,73.10950469970703,74.20242309570312,75.1664810180664,74.30342864990234,72.91776275634766,73.16419982910156
0,-35,-95,11,37,101.63660430908203,101.13851928710938,102.83968353271484,103.3247299194336,102.1077880859375,100.66280364990234,100.22474670410156,99.68952178955078,98.84330749511719,101.27191162109375,98.99494934082031,100.7174301147461,100.40418243408203,99.08077239990234,98.24967956542969,101.0197982788086,101.0,101.00495147705078,105.0047607421875,104.01922607421875,106.04244232177734,108.0,105.01904296875,106.01886749267578,106.01886749267578,105.01904296875,104.01922607421875,102.04410552978516,101.04454803466797,100.07997131347656,95.13148498535156,96.13011932373047,95.2575454711914,92.19544219970703,90.3548583984375,87.14356231689453,84.2911605834961,81.3019027709961,78.31346893310547,79.30951690673828,78.10249328613281,77.10382843017578,76.16429901123047,74.24284362792969,74.3303451538086,72.44308471679688,70.71067810058594,73.16419982910156,73.54590606689453,74.21590423583984,74.0,73.82411193847656
0,-35,-95,11,37,105.36128234863281,105.55093383789062,103.3247299194336,104.80458068847656,102.72779846191406,102.8250961303711,103.5857162475586,100.00499725341797,99.63935089111328,100.12492370605469,102.44998931884766,102.80078125,100.20977783203125,100.12492370605469,100.95543670654297,101.3558120727539,101.71037292480469,103.24727630615234,105.11898040771484,105.11898040771484,107.42439270019531,110.63905334472656,109.77249145507812,106.0660171508789,109.41663360595703,107.070068359375,106.53168487548828,101.2422866821289,101.54801940917969,101.78899383544922,97.09788513183594,97.08243560791016,94.87360382080078,92.35800170898438,93.00537872314453,89.62700653076172,83.00602722167969,83.00602722167969,80.80223083496094,80.60397338867188,80.0,76.216796875,76.40026092529297,74.02702331542969,72.80110168457031,72.4706802368164,73.87828063964844,75.1664810180664,73.59347534179688,75.82215881347656,76.40026092529297,73.24616241455078
0,-37,-95,13,29,100.7174301147461,100.7174301147461,104.3886947631836,102.59142303466797,103.3924560546875,101.49384307861328,103.3924560546875,99.32270812988281,100.17984008789062,99.04544067382812,99.04544067382812,99.0,99.04544067382812,98.18350219726562,97.25225067138672,100.4987564086914,98.99494934082031,100.84146118164062,102.1077880859375,105.07616424560547,102.8250961303711,104.08650207519531,103.81714630126953,104.56098937988281,103.5857162475586,102.59142303466797,100.60317993164062,100.4987564086914,97.51409912109375,97.51409912109375,94.42987060546875,94.42987060546875,91.26883697509766,90.19977569580078,88.14192962646484,85.14693450927734,82.15229797363281,79.10120391845703,78.10249328613281,75.1065902709961,75.1664810180664,73.10950469970703,73.17103576660156,72.11102294921875,70.11418914794922,68.00735473632812,69.0,70.00714111328125,72.11102294921875,70.45565795898438,69.87130737304688,70.3420181274414
0,-35,-95,11,37,102.956298828125,104.27847290039062,108.67382049560547,106.51290893554688,107.78682708740234,102.85912322998047,106.00471496582031,105.11898040771484,103.83159637451172,101.212646484375,100.7223892211914,98.79270935058594,102.34255981445312,101.25709533691406,100.20977783203125,104.63746643066406,102.303466796875,103.07764434814453,107.56393432617188,108.57716369628906,106.4048843383789,109.7861557006836,109.01834869384766,108.57716369628906,108.07405090332031,105.60302734375,103.85566711425781,105.8914566040039,101.40019989013672,101.82828521728516,97.41663360595703,98.85848236083984,96.21330261230469,92.80086517333984,92.41753387451172,88.23265075683594,88.20430755615234,82.6619644165039,81.27114868164062,77.42092895507812,78.49203491210938,74.06078338623047,77.66595458984375,74.3303451538086,74.3303451538086,75.1664810180664,76.27581787109375,72.71863555908203,75.13321685791016,73.00685119628906,73.73601531982422,74.72616577148438
0,-37,-95,13,29,102.1077880859375,98.99494934082031,104.93807983398438,102.1077880859375,104.93807983398438,99.98500061035156,101.83319854736328,98.73196411132812,99.50376892089844,99.32270812988281,98.24967956542969,99.04544067382812,98.0,100.0,97.02061462402344,101.12368774414062,98.32598876953125,101.31633758544922,100.60317993164062,103.3924560546875,103.23758697509766,105.23307800292969,104.17293548583984,104.3886947631836,104.17293548583984,102.12247467041016,101.07917785644531,102.12247467041016,97.04637908935547,100.04499053955078,93.02149963378906,93.0,92.0,87.00574493408203,86.00581359863281,86.00581359863281,83.02409362792969,79.00633239746094,77.0064926147461,74.02702331542969,76.00657653808594,72.02777099609375,74.02702331542969,69.02897644042969,69.065185546875,69.1158447265625,69.18092346191406,70.34912872314453,72.69112396240234,70.61161041259766,70.88018035888672,70.00714111328125
0,-35,-95,11,37,101.17806243896484,98.12747192382812,109.07337188720703,103.17460632324219,105.01904296875,98.08159637451172,103.0436782836914,99.00505065917969,98.12747192382812,103.00485229492188,100.00499725341797,99.12618255615234,99.18164825439453,99.2471694946289,97.01546478271484,103.57605743408203,97.29337310791016,104.92378234863281,103.16007232666016,106.73331451416016,105.32331085205078,106.73331451416016,107.07940673828125,106.8877944946289,106.0660171508789,105.22357177734375,102.77159118652344,104.23531341552734,97.16481018066406,101.96568298339844,93.90420532226562,96.17691802978516,95.18928527832031,90.55384826660156,85.84288024902344,86.46965026855469,83.21658325195312,80.15609741210938,80.39900207519531,75.42546081542969,78.4091796875,73.43704986572266,76.65507507324219,72.3394775390625,72.44308471679688,73.43704986572266,72.11102294921875,74.1687240600586,76.05918884277344,75.32595825195312,73.16419982910156,71.30918884277344
0,-35,-95,12,33,102.44998931884766,105.11898040771484,103.71113586425781,107.44766235351562,100.42410278320312,105.8914566040039,107.1680908203125,102.94173431396484,102.068603515625,99.82484436035156,102.59142303466797,103.94710540771484,101.13851928710938,100.4987564086914,102.068603515625,105.26158142089844,104.63746643066406,102.00489807128906,105.42295837402344,106.82696533203125,106.66770935058594,108.70602416992188,106.52699279785156,108.07405090332031,106.4048843383789,110.53506469726562,104.9952392578125,102.59142303466797,104.06248474121094,98.49365234375,99.76472473144531,95.52486419677734,95.52486419677734,89.80534362792969,89.80534362792969,87.69264221191406,86.97700500488281,81.32035064697266,78.51751708984375,77.15568542480469,75.07329559326172,75.69015502929688,72.24956512451172,75.07329559326172,73.59347534179688,73.0,75.28611755371094,72.62230682373047,71.84706115722656,75.1664810180664,73.43023681640625,74.84651184082031
0,-35,-95,11,38,103.46980285644531,105.7024154663086,106.92988586425781,107.54068756103516,105.11898040771484,103.36827087402344,102.956298828125,105.11898040771484,102.88343048095703,104.23531341552734,103.5857162475586,101.3558120727539,103.46497344970703,103.46980285644531,101.0197982788086,104.62313079833984,102.61579132080078,103.4069595336914,106.04244232177734,108.23123168945312,108.4066390991211,110.80162811279297,109.40292358398438,107.93516540527344,109.20164489746094,108.60018157958984,108.00463104248047,104.62313079833984,101.25709533691406,100.68763732910156,96.26006317138672,100.70252990722656,96.51942443847656,92.6498794555664,91.06591033935547,90.13877868652344,85.14693450927734,82.37718200683594,80.99382781982422,80.4549560546875,79.92496490478516,76.15773010253906,75.1664810180664,72.71863555908203,74.79304504394531,71.58910369873047,72.00694274902344,74.24958038330078,75.64390563964844,75.23961639404297,73.73601531982422,76.68767547607422
0,-37,-95,13,29,107.01869201660156,106.10372161865234,110.98197937011719,106.23088073730469,108.33743286132812,103.36827087402344,106.92988586425781,103.7545166015625,104.65657806396484,103.76897430419922,103.353759765625,102.21546173095703,102.08329772949219,101.78899383544922,99.86490631103516,106.01886749267578,102.00489807128906,104.8093490600586,103.85566711425781,107.44766235351562,107.61505126953125,109.01834869384766,108.4066390991211,108.4066390991211,108.00463104248047,105.60302734375,103.00485229492188,104.04325866699219,99.86490631103516,102.64988708496094,94.57801055908203,96.51942443847656,92.9139404296875,91.26883697509766,89.04492950439453,88.5098876953125,84.90583038330078,81.3019027709961,77.69813537597656,75.1664810180664,76.32168579101562,74.625732421875,74.625732421875,70.49113464355469,71.86793518066406,69.6419448852539,70.8307876586914,71.58910369873047,73.34848022460938,71.69379425048828,71.47027587890625,69.63475799560547
0,-35,-95,12,33,105.26158142089844,102.44998931884766,105.64563751220703,107.1680908203125,105.26158142089844,104.9952392578125,105.64563751220703,102.64988708496094,102.068603515625,101.82337951660156,101.13851928710938,100.41912078857422,102.72779846191406,100.00499725341797,100.6578369140625,102.61579132080078,100.0,104.01922607421875,104.04325866699219,105.43718719482422,105.0,108.60018157958984,108.23123168945312,108.811767578125,107.44766235351562,105.42295837402344,106.82696533203125,103.71113586425781,99.48869323730469,102.80078125,95.90099334716797,97.18538665771484,95.67131042480469,92.69843292236328,91.43850708007812,87.1148681640625,86.27861785888672,84.17243957519531,79.93122100830078,75.74298858642578,79.20858764648438,73.66138458251953,75.07329559326172,74.96665954589844,71.4212875366211,71.4212875366211,72.83543395996094,72.13875579833984,76.69419860839844,73.40980529785156,73.24616241455078,75.1531753540039
0,-35,-95,11,37,105.0428466796875,106.04244232177734,106.00471496582031,109.01834869384766,106.01886749267578,108.0,108.00463104248047,105.01904296875,104.07689666748047,104.17293548583984,104.17293548583984,102.39628601074219,102.8250961303711,100.7174301147461,103.94710540771484,103.7545166015625,105.5367202758789,104.13932800292969,106.73331451416016,108.68302154541016,108.06016540527344,111.61093139648438,105.9056167602539,106.73331451416016,107.51744079589844,109.65856170654297,106.21205139160156,104.08650207519531,103.24727630615234,102.70345306396484,98.73196411132812,98.61541748046875,96.6281509399414,93.34345245361328,91.13726043701172,90.27181243896484,85.37564086914062,83.2946548461914,80.22468566894531,80.05622863769531,77.02597045898438,78.23043060302734,76.16429901123047,74.06078338623047,76.00657653808594,74.02702331542969,73.0,74.06078338623047,74.1687240600586,75.53807067871094,74.14849853515625,73.37574768066406
0,-35,-95,11,37,104.54663848876953,110.44002532958984,105.26158142089844,107.70329284667969,103.07764434814453,105.01904296875,105.99056243896484,105.5367202758789,105.5367202758789,101.60708618164062,103.7545166015625,102.1077880859375,103.5857162475586,101.59724426269531,103.23758697509766,104.17293548583984,105.0428466796875,102.12247467041016,105.0047607421875,108.01851654052734,109.04127502441406,111.07205200195312,108.11567687988281,110.01818084716797,109.22454071044922,110.22250366210938,108.22661590576172,102.59142303466797,102.48902130126953,98.61541748046875,98.85848236083984,96.33275604248047,95.75489807128906,92.9139404296875,88.81441497802734,86.5794448852539,84.17243957519531,80.8949966430664,82.73451232910156,79.07591247558594,76.11833190917969,76.29547882080078,74.14849853515625,76.11833190917969,75.31268310546875,74.14849853515625,73.75635528564453,76.65507507324219,70.88018035888672,74.67261505126953,74.73285675048828,75.29276275634766
0,-35,-95,11,36,100.12991333007812,100.28459167480469,104.7377700805664,104.39348602294922,107.35455322265625,100.28459167480469,102.77159118652344,97.86214447021484,100.22474670410156,99.46356201171875,98.95453643798828,96.3016128540039,98.08159637451172,95.81753540039062,98.35140991210938,100.46392059326172,100.84642028808594,102.15674591064453,103.36827087402344,104.69479370117188,104.27847290039062,105.60302734375,104.78549194335938,103.46980285644531,106.6208267211914,105.84894561767578,102.956298828125,102.31813049316406,98.23441314697266,100.6578369140625,94.9210205078125,91.08238220214844,92.35800170898438,89.4930191040039,86.97700500488281,84.43340301513672,82.2800064086914,81.32035064697266,78.84795379638672,75.89466094970703,76.65507507324219,71.51223754882812,69.89277648925781,69.2603759765625,70.83784484863281,68.96376037597656,68.4105224609375,73.54590606689453,70.61161041259766,71.56814575195312,72.3394775390625,72.02777099609375
0,-35,-95,11,36,101.53324890136719,100.89598846435547,105.26158142089844,104.48445129394531,104.63746643066406,98.40731811523438,102.44998931884766,100.0,99.20181274414062,102.41581726074219,101.51354217529297,100.84642028808594,99.12618255615234,98.48857879638672,98.41239929199219,103.76897430419922,101.63660430908203,103.36827087402344,103.07764434814453,103.46980285644531,104.27847290039062,109.65856170654297,104.65180206298828,105.19029998779297,105.99056243896484,104.65657806396484,101.98039245605469,102.42070007324219,100.18482971191406,99.7296371459961,95.7131118774414,96.17691802978516,94.82615661621094,92.66067504882812,87.32124328613281,86.60831451416016,86.95401000976562,77.17512512207031,79.92496490478516,74.94664764404297,76.85050201416016,71.34423828125,73.57308959960938,71.34423828125,69.6419448852539,70.45565795898438,68.60028839111328,69.89277648925781,71.21797180175781,73.10950469970703,72.83543395996094,71.84010314941406
0,-35,-95,11,37,105.72132873535156,106.30146026611328,107.48953247070312,108.06016540527344,104.3455810546875,106.8877944946289,102.9611587524414,103.81233215332031,102.35721588134766,103.07764434814453,102.61579132080078,102.48902130126953,101.51354217529297,102.88343048095703,103.07764434814453,102.45974731445312,105.55093383789062,101.98039245605469,108.67382049560547,110.05907440185547,106.45186614990234,110.01818084716797,106.51290893554688,111.01801300048828,108.7474136352539,107.83784484863281,107.78682708740234,105.19029998779297,104.69479370117188,98.89894104003906,99.5389404296875,95.75489807128906,96.93296813964844,94.33981323242188,89.31964874267578,89.53770446777344,86.97700500488281,83.21658325195312,81.59656524658203,78.77182006835938,74.67261505126953,77.6208724975586,73.53910827636719,74.09453582763672,70.93659210205078,70.22820281982422,71.51223754882812,72.42237091064453,72.80110168457031,71.58910369873047,73.43704986572266,74.00675964355469
0,-35,-95,11,37,105.20931243896484,105.0,104.86181640625,108.22661590576172,105.80170440673828,105.20931243896484,105.68348693847656,101.25709533691406,103.17460632324219,101.2422866821289,101.54801940917969,102.4743881225586,103.31021118164062,97.49359130859375,101.55294036865234,99.80982208251953,102.31813049316406,106.23088073730469,105.47511291503906,109.00458526611328,105.84894561767578,108.63240814208984,107.15409088134766,109.00458526611328,107.42439270019531,109.65856170654297,107.83784484863281,103.78824615478516,101.55294036865234,100.7223892211914,98.38699340820312,97.04637908935547,93.05912017822266,90.82400512695312,88.58893585205078,87.32124328613281,85.08818817138672,79.75587463378906,76.66159057617188,77.89736938476562,73.43023681640625,75.1797866821289,74.625732421875,73.43023681640625,70.23532104492188,71.69379425048828,71.86793518066406,72.94518280029297,71.40028381347656,74.5184555053711,73.59347534179688,74.65252685546875
0,-35,-95,11,37,102.59142303466797,103.94710540771484,105.38026428222656,108.2450942993164,104.66136169433594,105.36128234863281,100.44898986816406,103.3247299194336,101.17806243896484,100.89598846435547,99.63935089111328,100.80178833007812,100.95543670654297,100.12492370605469,98.73702239990234,101.78899383544922,101.212646484375,100.34440612792969,104.70912170410156,105.19029998779297,106.67708587646484,106.67708587646484,102.39628601074219,105.11898040771484,105.67875671386719,106.67708587646484,101.3558120727539,98.27003479003906,102.39628601074219,99.64437103271484,96.25486755371094,92.9139404296875,90.13877868652344,90.13877868652344,87.6584243774414,84.31488800048828,83.23461151123047,80.44873809814453,77.10382843017578,76.843994140625,75.45197296142578,74.63243103027344,73.23933410644531,71.84706115722656,72.20111083984375,68.4105224609375,73.60027313232422,73.10950469970703,73.10950469970703,71.4212875366211,72.91776275634766,73.60027313232422
0,-35,-95,11,37,101.2422866821289,100.68763732910156,102.48902130126953,102.48902130126953,104.40306854248047,98.08159637451172,102.78618621826172,100.24469757080078,99.02020263671875,97.73944854736328,99.95999145507812,98.61541748046875,98.89894104003906,97.50897216796875,94.81033325195312,98.88377380371094,95.88013458251953,99.84988403320312,99.64437103271484,104.30723571777344,104.9571304321289,106.32967376708984,102.956298828125,106.0660171508789,104.65657806396484,102.4743881225586,101.07422637939453,101.53324890136719,95.7078857421875,97.94386291503906,94.3663101196289,93.91485595703125,91.23595428466797,89.0,86.76404571533203,84.30895233154297,80.62257385253906,79.7057113647461,74.84651184082031,73.53910827636719,71.69379425048828,72.49827575683594,70.68238830566406,69.85699462890625,69.46221923828125,67.23094177246094,69.07966613769531,70.93659210205078,67.05221557617188,71.58910369873047,71.02112579345703,69.065185546875
0,-37,-95,14,25,105.3043212890625,108.15729522705078,109.11003875732422,109.11003875732422,105.3043212890625,106.25440979003906,106.25440979003906,103.73042297363281,103.46497344970703,102.31813049316406,102.15674591064453,102.45974731445312,102.41581726074219,101.53324890136719,102.42070007324219,100.7223892211914,104.9571304321289,101.3558120727539,107.37783813476562,107.70329284667969,107.54068756103516,108.90821838378906,105.81587982177734,109.60382843017578,107.54068756103516,105.19029998779297,103.353759765625,102.42070007324219,99.29753112792969,98.0051040649414,97.04637908935547,94.3716049194336,92.61209106445312,89.96110534667969,89.05054473876953,85.90692901611328,85.0,80.11241912841797,77.38862609863281,75.23961639404297,73.53910827636719,71.69379425048828,72.09021759033203,70.38465881347656,69.46221923828125,69.6419448852539,69.28924560546875,69.89277648925781,68.96376037597656,70.3420181274414,68.06614685058594,69.18092346191406
0,-37,-95,14,25,104.35516357421875,104.35516357421875,110.36756896972656,106.28263854980469,106.56922912597656,103.4069595336914,105.9480972290039,103.44564056396484,100.96038818359375,103.58088684082031,101.6513671875,100.89598846435547,100.22474670410156,99.63935089111328,96.33794403076172,103.09703826904297,101.71037292480469,102.70345306396484,104.47966003417969,105.47511291503906,106.56922912597656,106.67708587646484,105.9292221069336,108.5587387084961,105.07616424560547,105.07616424560547,101.11874389648438,102.77159118652344,97.67292022705078,99.63935089111328,93.94147491455078,95.90099334716797,91.98369598388672,87.32124328613281,87.32124328613281,86.34812927246094,82.71033477783203,79.8122787475586,77.6208724975586,74.46475982666016,75.69015502929688,70.60453033447266,71.56814575195312,69.6419448852539,69.6419448852539,67.72000885009766,67.05221557617188,69.57010650634766,70.00714111328125,69.35416412353516,68.0,68.24221801757812
0,-35,-95,11,37,103.4069595336914,104.69479370117188,106.28263854980469,106.60675048828125,104.9952392578125,103.44564056396484,102.45974731445312,101.843017578125,103.24727630615234,99.95999145507812,101.39033508300781,99.92497253417969,102.956298828125,101.13357543945312,101.07917785644531,99.76472473144531,101.71037292480469,103.83159637451172,106.8503646850586,105.67875671386719,104.8093490600586,108.4066390991211,106.0660171508789,106.55046081542969,107.42439270019531,106.00471496582031,105.99056243896484,101.07917785644531,102.41581726074219,99.74467468261719,98.0866928100586,97.08243560791016,93.52005004882812,89.69392395019531,89.31964874267578,87.09190368652344,82.2800064086914,79.12016296386719,80.41144561767578,78.54934692382812,73.16419982910156,74.3303451538086,73.16419982910156,72.44998168945312,70.57620239257812,70.83784484863281,70.83784484863281,72.2772445678711,70.61161041259766,71.02112579345703,72.56031799316406,73.00685119628906
0,-35,-95,11,37,107.00466918945312,107.61505126953125,107.81465911865234,111.82575988769531,105.8914566040039,107.00466918945312,106.04244232177734,107.44766235351562,105.11898040771484,99.90495300292969,99.90495300292969,103.23758697509766,105.38026428222656,103.3247299194336,104.13932800292969,104.23531341552734,104.01922607421875,104.01922607421875,108.60018157958984,109.20164489746094,109.34349822998047,111.21150970458984,107.29864501953125,109.80892181396484,108.85311126708984,107.93516540527344,105.75916290283203,104.35037231445312,104.23531341552734,102.17631530761719,98.41239929199219,97.67292022705078,96.2081069946289,91.24143981933594,90.52071380615234,89.14033508300781,85.5628433227539,82.07313537597656,79.19596099853516,79.19596099853516,74.96665954589844,73.53910827636719,72.13875579833984,72.12489318847656,72.83543395996094,70.00714111328125,73.10950469970703,73.10950469970703,72.00694274902344,74.88658142089844,73.57308959960938,72.91776275634766
0,-35,-95,11,37,105.80170440673828,107.20074462890625,108.60018157958984,108.4066390991211,106.01886749267578,105.80170440673828,104.20172882080078,103.4069595336914,102.80078125,102.44998931884766,101.53324890136719,103.3247299194336,103.94710540771484,103.24727630615234,103.23758697509766,105.418212890625,105.11898040771484,104.23531341552734,105.64563751220703,108.57716369628906,107.62899017333984,109.7861557006836,108.2450942993164,109.7861557006836,111.0360336303711,106.79419708251953,106.10372161865234,103.23758697509766,103.24727630615234,99.72462463378906,98.35140991210938,99.08582305908203,94.04785919189453,91.43850708007812,89.9388656616211,90.02777099609375,85.04116821289062,80.43009185791016,80.72174072265625,79.5110092163086,79.39773559570312,73.87828063964844,75.92759704589844,74.65252685546875,71.21797180175781,71.40028381347656,71.02816009521484,73.7834701538086,72.94518280029297,75.1797866821289,71.17584228515625,67.35725402832031
0,-35,-95,11,37,109.11461639404297,109.1650161743164,112.28534698486328,110.29052734375,109.29318237304688,105.1712875366211,109.11461639404297,104.04325866699219,104.00480651855469,106.00471496582031,105.0047607421875,104.01922607421875,103.17460632324219,105.385009765625,100.40418243408203,105.80170440673828,104.23531341552734,103.24727630615234,106.0660171508789,109.65856170654297,109.03668975830078,114.58621215820312,111.01801300048828,113.43721008300781,109.65856170654297,109.77249145507812,104.69001770019531,105.57461547851562,103.3924560546875,100.31948852539062,99.2471694946289,99.18164825439453,96.33275604248047,94.13288116455078,92.0869140625,88.09085845947266,86.05230712890625,82.09750366210938,82.02438354492188,80.05622863769531,76.02631378173828,76.16429901123047,75.02666473388672,74.06078338623047,75.00666809082031,73.0,74.02702331542969,72.11102294921875,77.3175277709961,73.82411193847656,73.54590606689453,70.51950073242188
0,-37,-95,13,29,104.08650207519531,106.0660171508789,106.53168487548828,107.20074462890625,106.53168487548828,104.23531341552734,103.57605743408203,102.77159118652344,101.0,101.20276641845703,100.89598846435547,100.96038818359375,99.32774353027344,98.97979736328125,98.97979736328125,101.59232330322266,101.39033508300781,101.39033508300781,103.46980285644531,103.46980285644531,105.84894561767578,106.77546691894531,104.177734375,104.78549194335938,106.4048843383789,104.177734375,101.59232330322266,100.24469757080078,98.03060913085938,96.4624252319336,94.25497436523438,92.34716796875,90.13877868652344,87.64131164550781,86.12781524658203,84.48076629638672,81.32035064697266,79.4040298461914,78.16009521484375,74.72616577148438,72.80110168457031,70.88018035888672,70.88018035888672,68.4105224609375,67.91170501708984,66.70832061767578,67.6830825805664,68.44705963134766,69.05070495605469,68.59300231933594,69.1158447265625,68.06614685058594
0,-35,-95,11,37,103.81233215332031,107.64757537841797,106.50821685791016,106.8316421508789,104.62313079833984,107.61505126953125,105.43718719482422,103.73042297363281,104.56098937988281,102.39628601074219,101.54801940917969,102.42070007324219,104.20172882080078,102.85912322998047,103.36827087402344,102.956298828125,104.0,104.54663848876953,105.68821716308594,107.70329284667969,106.23088073730469,110.49434661865234,104.78549194335938,109.20164489746094,109.77249145507812,109.65856170654297,106.6208267211914,103.78824615478516,102.85912322998047,100.22474670410156,95.7078857421875,97.06183624267578,93.91485595703125,90.82400512695312,89.89437866210938,84.11896514892578,85.0,79.25907135009766,81.88406372070312,78.39005279541016,77.41446685791016,73.9256362915039,74.30342864990234,70.8307876586914,71.69379425048828,72.71863555908203,72.40165710449219,74.3303451538086,70.60453033447266,72.20111083984375,70.0927963256836,69.42621612548828
0,-35,-95,11,37,104.56098937988281,107.87029266357422,110.16805267333984,110.0227279663086,109.83624267578125,105.9056167602539,104.8093490600586,104.08650207519531,102.8250961303711,103.5857162475586,101.40019989013672,101.17806243896484,104.12012481689453,104.00480651855469,104.0,102.07839965820312,102.17631530761719,104.12012481689453,106.23088073730469,108.29589080810547,108.11567687988281,111.11255645751953,104.01922607421875,109.29318237304688,109.01834869384766,109.0,106.00471496582031,104.00480651855469,103.01941680908203,102.04410552978516,99.02020263671875,99.12618255615234,96.02082824707031,91.13726043701172,90.27181243896484,85.14693450927734,86.28441619873047,80.22468566894531,81.3019027709961,79.15807342529297,75.42546081542969,75.32595825195312,76.2364730834961,72.24956512451172,72.24956512451172,72.24956512451172,72.56031799316406,73.55270385742188,73.34848022460938,72.12489318847656,71.16881561279297,72.91776275634766
0,-37,-95,14,25,109.4897232055664,111.62885284423828,110.81967163085938,112.14722442626953,109.65856170654297,107.51744079589844,106.53168487548828,105.72132873535156,104.92378234863281,103.16007232666016,104.56098937988281,104.04806518554688,102.88343048095703,102.78618621826172,101.83319854736328,104.40306854248047,105.10946655273438,104.177734375,106.6208267211914,106.77546691894531,107.91200256347656,109.93180084228516,106.97663116455078,108.63240814208984,108.50345611572266,107.22406768798828,105.6219711303711,104.04325866699219,102.48902130126953,99.6242904663086,96.84007263183594,96.5660400390625,94.3716049194336,90.9560317993164,89.73851013183594,85.86617279052734,84.40379333496094,81.25269317626953,78.33900451660156,78.10249328613281,75.70997619628906,75.18643188476562,73.75635528564453,71.58910369873047,69.42621612548828,69.23149871826172,70.03570556640625,70.85901641845703,69.46221923828125,70.06425476074219,70.00714111328125,69.46221923828125
0,-35,-95,11,36,97.32933807373047,97.41663360595703,102.17631530761719,103.5857162475586,100.17984008789062,98.24967956542969,97.1287841796875,96.04686737060547,94.04785919189453,94.02127075195312,93.00537872314453,93.04837799072266,96.13011932373047,95.2575454711914,95.2575454711914,93.64827728271484,96.02603912353516,94.04785919189453,97.49359130859375,99.14131164550781,100.28459167480469,99.98500061035156,99.14131164550781,101.43470764160156,99.98500061035156,99.84988403320312,97.73944854736328,95.88534545898438,93.4344711303711,90.44888305664062,91.26883697509766,88.36288452148438,87.3670425415039,87.20664978027344,84.148681640625,82.15229797363281,80.05622863769531,77.10382843017578,75.02666473388672,73.10950469970703,71.00704193115234,68.00735473632812,68.11754608154297,65.0076904296875,63.03173828125,65.0,69.00724792480469,66.0,67.18630981445312,65.76473236083984,66.0984115600586,64.19501495361328
0,-37,-95,13,29,104.29285430908203,104.86181640625,110.43550109863281,106.50821685791016,109.28861236572266,102.90287017822266,104.86181640625,102.64988708496094,101.0197982788086,103.00485229492188,102.2007827758789,99.63935089111328,100.00499725341797,98.49365234375,97.74456787109375,102.53292083740234,99.76472473144531,101.13851928710938,102.64988708496094,104.66136169433594,104.65180206298828,107.51744079589844,105.38026428222656,107.48953247070312,104.69001770019531,102.59142303466797,99.08582305908203,99.76472473144531,97.0,97.0,94.3663101196289,92.19544219970703,90.78546142578125,88.23831176757812,84.0238037109375,84.0238037109375,80.60397338867188,77.6208724975586,75.80237579345703,73.40980529785156,73.40980529785156,69.81404113769531,71.40028381347656,68.00735473632812,68.24221801757812,66.2872543334961,67.11929321289062,67.11929321289062,68.09552001953125,67.97793579101562,68.15423583984375,66.7607650756836
0,-37,-95,13,29,108.30050659179688,110.63905334472656,111.3058853149414,111.50785064697266,110.63905334472656,108.0462875366211,106.32967376708984,104.9571304321289,106.53168487548828,102.34255981445312,103.46980285644531,103.00485229492188,103.07764434814453,102.303466796875,102.94173431396484,102.64988708496094,103.24727630615234,102.59142303466797,106.79419708251953,108.89444732666016,108.2081298828125,111.01801300048828,104.69001770019531,108.90362548828125,108.2450942993164,107.62899017333984,105.55093383789062,101.98039245605469,102.068603515625,98.49365234375,97.18538665771484,95.13148498535156,93.7229995727539,89.49860382080078,88.09085845947266,83.24061584472656,82.46211242675781,79.64923095703125,78.8733139038086,77.6208724975586,73.40980529785156,73.24616241455078,71.70076751708984,71.21797180175781,72.00694274902344,69.40460968017578,70.21395874023438,70.21395874023438,68.26419067382812,69.83551788330078,69.35416412353516,70.83784484863281
0,-37,-95,13,29,103.81714630126953,105.9292221069336,108.46197509765625,108.90362548828125,105.80170440673828,103.94710540771484,104.8093490600586,102.70345306396484,101.49384307861328,102.17631530761719,101.17806243896484,100.04499053955078,100.00499725341797,99.08077239990234,98.04590606689453,101.2422866821289,100.40418243408203,102.39628601074219,102.70345306396484,103.5857162475586,104.23531341552734,105.385009765625,104.30723571777344,104.8093490600586,104.3886947631836,103.23758697509766,101.2422866821289,100.07997131347656,98.12747192382812,97.08243560791016,94.04785919189453,93.00537872314453,92.0,88.0227279663086,87.02298736572266,84.0238037109375,82.0,78.0,77.0,75.02666473388672,73.0,72.00694274902344,70.00714111328125,69.02897644042969,68.06614685058594,67.18630981445312,67.26811981201172,68.4689712524414,68.59300231933594,69.05070495605469,67.91170501708984,68.00735473632812
0,-35,-95,11,37,107.20074462890625,111.60645294189453,110.0,111.25196838378906,107.41508483886719,110.0,107.41508483886719,106.60675048828125,107.00466918945312,101.67103576660156,104.35037231445312,102.59142303466797,106.10372161865234,104.65180206298828,103.94710540771484,101.86265563964844,106.10372161865234,104.13932800292969,108.30050659179688,108.93116760253906,110.34491729736328,110.3177261352539,106.07544708251953,107.56393432617188,106.79419708251953,111.01801300048828,108.2081298828125,101.91172790527344,104.80458068847656,99.82484436035156,102.17631530761719,97.83660125732422,96.04686737060547,89.02246856689453,95.60334777832031,85.04116821289062,85.91275024414062,81.05553436279297,81.05553436279297,82.20097351074219,73.60027313232422,76.6093978881836,75.80237579345703,75.0,74.06078338623047,72.11102294921875,71.56116485595703,75.47184753417969,71.58910369873047,71.5541763305664,72.61542510986328,72.42237091064453
0,-35,-95,11,36,100.24469757080078,100.88111877441406,107.56393432617188,102.78618621826172,103.16007232666016,101.83319854736328,100.0,99.32774353027344,97.98469543457031,98.48857879638672,99.72462463378906,99.68952178955078,98.65596771240234,96.8813705444336,95.52486419677734,100.7174301147461,98.50888061523438,99.60923767089844,100.31948852539062,101.31633758544922,102.39628601074219,102.31324768066406,102.8250961303711,104.58011627197266,102.956298828125,103.09703826904297,99.98500061035156,101.27191162109375,97.32420349121094,96.17691802978516,93.5574722290039,92.57429504394531,92.76313781738281,87.66413116455078,83.74365997314453,83.43260955810547,83.19855499267578,77.6208724975586,75.96051788330078,73.76313781738281,73.24616241455078,74.46475982666016,71.30918884277344,70.88018035888672,69.6419448852539,67.44627380371094,67.35725402832031,66.73080444335938,69.07966613769531,69.7782211303711,69.1158447265625,68.00735473632812
0,-37,-95,14,25,107.68936920166016,109.4897232055664,110.81967163085938,110.16805267333984,107.68936920166016,107.51744079589844,106.21205139160156,104.7377700805664,103.57605743408203,102.18121337890625,103.5857162475586,101.13851928710938,100.96038818359375,101.2422866821289,101.92153930664062,101.19288635253906,104.40306854248047,102.52804565429688,106.97663116455078,107.56393432617188,107.22406768798828,107.51744079589844,104.67568969726562,107.22406768798828,106.90182495117188,105.9480972290039,103.44564056396484,101.39033508300781,101.6513671875,97.26766967773438,96.54014587402344,95.34149169921875,95.12622833251953,89.05054473876953,87.4757080078125,84.5280990600586,83.36066436767578,78.08969116210938,79.24645233154297,77.10382843017578,73.68174743652344,73.82411193847656,69.87130737304688,70.71067810058594,68.4689712524414,67.36467742919922,68.26419067382812,69.1158447265625,68.02940368652344,70.00714111328125,68.35934448242188,69.05070495605469
0,-37,-95,14,25,106.0235824584961,106.51290893554688,108.6876220703125,106.92988586425781,106.45186614990234,104.69479370117188,105.99056243896484,103.7545166015625,102.0,102.88343048095703,101.212646484375,99.98500061035156,100.70252990722656,100.12492370605469,99.6242904663086,102.61579132080078,99.48869323730469,101.67103576660156,103.5857162475586,104.23531341552734,104.48445129394531,104.9952392578125,103.85566711425781,105.11898040771484,103.4069595336914,102.61579132080078,101.82828521728516,101.212646484375,97.80081939697266,97.6166000366211,95.0,94.20191192626953,90.44335174560547,87.6584243774414,86.53323364257812,84.05355072021484,81.27114868164062,77.93586730957031,77.10382843017578,74.88658142089844,74.06078338623047,71.02816009521484,71.28113555908203,67.67569732666016,69.065185546875,67.11929321289062,67.95587158203125,68.26419067382812,69.35416412353516,69.35416412353516,68.3520278930664,67.72000885009766
0,-35,-95,11,37,108.5587387084961,110.45361328125,109.41663360595703,113.0177001953125,107.70329284667969,111.1395492553711,108.4066390991211,107.54068756103516,104.70912170410156,102.88343048095703,104.65180206298828,106.10372161865234,104.75209045410156,102.52804565429688,102.78618621826172,102.45974731445312,107.00466918945312,103.4069595336914,107.96759033203125,107.00466918945312,107.20541381835938,110.0636215209961,105.6503677368164,108.66921997070312,106.32027435302734,108.811767578125,106.56922912597656,102.78618621826172,103.73042297363281,99.6242904663086,100.6578369140625,99.5389404296875,95.4620361328125,95.4620361328125,89.55445098876953,86.53900909423828,89.31964874267578,83.21658325195312,80.23091888427734,79.30951690673828,76.15773010253906,73.9256362915039,73.9256362915039,74.84651184082031,74.24958038330078,72.91776275634766,70.21395874023438,74.24284362792969,73.06161499023438,75.1664810180664,74.20242309570312,72.13875579833984
0,-35,-95,11,37,104.56098937988281,102.18121337890625,108.17115783691406,108.06016540527344,104.92378234863281,101.41498565673828,102.1077880859375,101.13851928710938,100.68763732910156,101.53324890136719,101.2422866821289,99.29753112792969,99.6242904663086,99.16148376464844,97.69339752197266,98.48857879638672,100.23971557617188,101.96568298339844,102.0,105.58882141113281,104.20172882080078,105.11898040771484,104.21611785888672,107.35455322265625,104.21611785888672,102.41581726074219,101.51847076416016,102.956298828125,95.34149169921875,100.22474670410156,94.3716049194336,94.42987060546875,90.47099304199219,87.8464584350586,85.08818817138672,86.92525482177734,83.21658325195312,77.6208724975586,77.6208724975586,75.3923110961914,73.16419982910156,72.23572540283203,72.61542510986328,67.41661834716797,68.15423583984375,69.89277648925781,68.62215423583984,67.35725402832031,69.6419448852539,70.40596771240234,70.57620239257812,69.00724792480469
0,-35,-95,11,37,106.96260833740234,108.90821838378906,107.96759033203125,111.83023071289062,107.70793914794922,105.51303100585938,107.20074462890625,106.23088073730469,103.84603881835938,103.16007232666016,102.78618621826172,103.09219360351562,104.75209045410156,102.45974731445312,102.69371795654297,103.78824615478516,104.23531341552734,104.20172882080078,106.47064971923828,105.58882141113281,106.8877944946289,109.123779296875,105.0951919555664,109.2748794555664,107.35455322265625,108.22661590576172,106.0235824584961,104.69479370117188,103.36827087402344,99.74467468261719,98.48857879638672,94.5409927368164,93.62158203125,91.18113708496094,88.60022735595703,85.23497009277344,83.57032775878906,81.3449478149414,81.1541748046875,79.47956085205078,76.89603424072266,76.5506362915039,75.3923110961914,74.3303451538086,70.57620239257812,69.2603759765625,70.83784484863281,73.37574768066406,71.58910369873047,71.38627624511719,70.34912872314453,73.06161499023438
0,-35,-95,11,36,104.62313079833984,104.62313079833984,108.90821838378906,108.0462875366211,109.77249145507812,103.24727630615234,106.17438507080078,99.98500061035156,101.53324890136719,104.31682586669922,100.23971557617188,102.42070007324219,99.7296371459961,99.31767272949219,99.92497253417969,102.88343048095703,100.24469757080078,103.4069595336914,104.69479370117188,104.9952392578125,105.34230041503906,107.85638427734375,103.81714630126953,108.50345611572266,106.4048843383789,105.30906677246094,101.23734283447266,101.76934814453125,99.16148376464844,100.7223892211914,98.41239929199219,94.84724426269531,92.61209106445312,89.05054473876953,86.8158950805664,85.86617279052734,83.6480712890625,80.95059967041016,76.05918884277344,74.30342864990234,75.64390563964844,72.01388549804688,75.1797866821289,73.35530090332031,70.66116333007812,69.83551788330078,69.1158447265625,69.83551788330078,71.61005401611328,72.4706802368164,70.03570556640625,66.70832061767578
0,-37,-95,14,25,102.21546173095703,102.39628601074219,107.070068359375,105.81587982177734,105.47511291503906,100.84642028808594,101.2422866821289,100.70252990722656,98.73702239990234,98.18350219726562,97.09788513183594,96.26006317138672,96.40020751953125,96.21330261230469,94.64142608642578,97.0,96.2081069946289,97.0,98.99494934082031,100.41912078857422,100.4987564086914,102.53292083740234,100.6578369140625,101.98039245605469,99.48869323730469,99.48869323730469,98.59513092041016,96.54014587402344,94.64142608642578,93.86160278320312,88.40814208984375,88.86506652832031,87.61849212646484,84.20214080810547,80.80223083496094,79.88116455078125,77.93586730957031,75.1664810180664,73.7834701538086,71.56116485595703,70.72481536865234,68.50547790527344,69.065185546875,67.11929321289062,66.5732650756836,64.66065216064453,64.14047241210938,65.86349487304688,65.7419204711914,65.92420196533203,65.45991516113281,64.53681182861328
0,-37,-95,13,29,104.8093490600586,107.00466918945312,107.00466918945312,107.56393432617188,105.77334594726562,105.08092498779297,102.2007827758789,101.92153930664062,101.39033508300781,100.43903350830078,101.78899383544922,99.98500061035156,99.72462463378906,99.40824890136719,100.4987564086914,99.18164825439453,100.12492370605469,98.12747192382812,103.00485229492188,103.12128448486328,103.23758697509766,105.1712875366211,101.12368774414062,105.0,104.04325866699219,104.12012481689453,101.2422866821289,99.32270812988281,98.41239929199219,94.33981323242188,94.5304183959961,92.77930450439453,90.79647827148438,86.97700500488281,85.15867614746094,82.73451232910156,81.61495208740234,77.5241928100586,76.53103637695312,74.5452880859375,72.69112396240234,70.71067810058594,69.58448028564453,67.74215698242188,66.91038513183594,66.2872543334961,66.4906005859375,66.70832061767578,66.94026947021484,68.680419921875,68.3520278930664,66.18912506103516
0,-35,-95,12,33,104.67568969726562,106.56922912597656,108.63240814208984,105.68821716308594,106.97663116455078,102.78618621826172,104.40306854248047,99.6242904663086,102.69371795654297,100.7223892211914,99.92497253417969,101.98039245605469,99.29753112792969,100.23971557617188,98.97979736328125,99.64437103271484,102.08329772949219,96.04165649414062,104.62313079833984,105.43718719482422,104.00961303710938,107.61505126953125,108.16654205322266,108.00463104248047,105.9480972290039,106.0,103.46497344970703,97.75479888916016,100.4987564086914,97.24710845947266,95.38343811035156,92.78469848632812,93.94147491455078,88.1929702758789,88.1192398071289,83.72574615478516,83.6480712890625,78.29431915283203,79.17701721191406,77.41446685791016,72.44998168945312,73.35530090332031,71.11962127685547,71.5541763305664,71.17584228515625,70.7742919921875,68.42514038085938,69.07966613769531,69.28924560546875,68.680419921875,69.63475799560547,66.75328063964844
0,-35,-95,11,37,104.3886947631836,106.56922912597656,106.38138580322266,110.29052734375,105.47511291503906,103.5857162475586,105.57461547851562,103.94710540771484,102.8250961303711,99.63935089111328,99.63935089111328,99.63935089111328,102.1077880859375,99.92497253417969,100.96038818359375,99.72462463378906,99.92997741699219,101.19288635253906,103.24727630615234,103.81714630126953,106.97663116455078,106.6255111694336,103.09219360351562,104.75209045410156,105.6219711303711,104.04325866699219,104.40306854248047,100.96038818359375,98.76234436035156,98.08159637451172,96.3016128540039,93.68030548095703,93.40770721435547,88.32327270507812,87.80091094970703,82.71033477783203,82.0,77.1297607421875,78.10249328613281,78.58753204345703,76.68767547607422,73.75635528564453,72.2772445678711,70.61161041259766,69.85699462890625,67.91170501708984,69.42621612548828,69.87130737304688,69.35416412353516,69.065185546875,73.02738952636719,70.45565795898438
0,-35,-95,11,37,107.87029266357422,109.65856170654297,107.2800064086914,112.78740692138672,106.8877944946289,112.61438751220703,110.21796417236328,105.9056167602539,106.51290893554688,103.07764434814453,104.04806518554688,104.12012481689453,104.04325866699219,103.73042297363281,103.4069595336914,103.81714630126953,101.95096588134766,104.92378234863281,108.7474136352539,108.7474136352539,110.30865478515625,110.86027526855469,106.77546691894531,108.07867431640625,106.77546691894531,107.33592224121094,104.75209045410156,102.14205932617188,103.4069595336914,99.6242904663086,98.97979736328125,97.41663360595703,92.6552734375,89.84430694580078,88.76936340332031,86.68333435058594,85.16454315185547,82.56512451171875,80.77747344970703,79.12016296386719,75.70997619628906,75.18643188476562,71.84010314941406,76.65507507324219,73.54590606689453,70.40596771240234,71.02112579345703,73.82411193847656,72.44308471679688,72.17340087890625,74.00675964355469,73.24616241455078
0,-35,-95,11,36,104.08650207519531,105.38026428222656,108.85311126708984,105.07616424560547,107.87029266357422,105.22357177734375,103.7545166015625,98.84330749511719,100.80674743652344,101.0,100.0199966430664,100.66280364990234,101.92153930664062,97.80081939697266,97.41663360595703,100.24469757080078,98.08159637451172,102.88343048095703,102.69371795654297,104.54663848876953,105.10946655273438,104.75209045410156,104.75209045410156,104.40306854248047,104.9952392578125,104.40306854248047,101.92153930664062,100.28459167480469,98.37174224853516,99.45853424072266,92.89241027832031,95.33625030517578,94.83142852783203,90.47099304199219,89.26925659179688,84.17243957519531,84.72307586669922,80.60397338867188,79.90619659423828,77.46611785888672,74.81310272216797,73.97972869873047,72.99314880371094,72.83543395996094,68.73136138916016,69.87130737304688,69.87130737304688,66.61080932617188,69.065185546875,69.02897644042969,71.25306701660156,69.63475799560547
0,-35,-95,11,37,106.47064971923828,104.65657806396484,107.33126068115234,104.65657806396484,108.70602416992188,103.31505584716797,103.31021118164062,101.51847076416016,101.55294036865234,100.84642028808594,101.23734283447266,99.16148376464844,98.03060913085938,96.4624252319336,95.88013458251953,99.72462463378906,99.20181274414062,100.42410278320312,101.41498565673828,105.99056243896484,104.78549194335938,103.36827087402344,101.86756134033203,102.39140319824219,103.07764434814453,103.3247299194336,100.42410278320312,100.28459167480469,96.84007263183594,100.57833099365234,94.25497436523438,92.34716796875,92.6552734375,87.36132049560547,86.03487396240234,84.77027893066406,82.2800064086914,78.10890197753906,76.216796875,74.3303451538086,76.5506362915039,70.22820281982422,72.44998168945312,69.89277648925781,69.89277648925781,68.94925689697266,72.09021759033203,69.85699462890625,68.87670135498047,70.23532104492188,69.89277648925781,70.29224395751953
0,-35,-95,11,38,109.44404602050781,108.25894927978516,115.24755859375,111.83023071289062,114.97825622558594,107.48953247070312,109.44404602050781,105.77334594726562,108.52188873291016,108.811767578125,106.04244232177734,106.56922912597656,106.77546691894531,106.04244232177734,103.46980285644531,110.07270050048828,108.67382049560547,108.7474136352539,106.47064971923828,111.41364288330078,111.36426544189453,111.36426544189453,111.35977935791016,111.82575988769531,112.25862884521484,109.1650161743164,109.56732940673828,107.01869201660156,104.54663848876953,107.93516540527344,98.61541748046875,99.00505065917969,97.16995239257812,93.04837799072266,93.04837799072266,91.18113708496094,89.8109130859375,83.57032775878906,82.87339782714844,80.41144561767578,78.77182006835938,75.3923110961914,79.37883758544922,73.68174743652344,73.68174743652344,72.73238372802734,72.42237091064453,72.80110168457031,74.52516174316406,75.66372680664062,73.17103576660156,75.00666809082031
0,-37,-95,13,29,108.15729522705078,108.15729522705078,111.3283462524414,109.11003875732422,110.05453491210938,106.25440979003906,107.22406768798828,103.81714630126953,103.81714630126953,104.0,103.07764434814453,102.45974731445312,101.98039245605469,98.83824920654297,99.29753112792969,103.94229125976562,100.70252990722656,102.39628601074219,103.73042297363281,105.39450073242188,107.37783813476562,108.75660705566406,107.37783813476562,107.070068359375,106.0,105.81587982177734,103.24727630615234,101.212646484375,96.7470932006836,97.6166000366211,92.66067504882812,94.02127075195312,91.78779602050781,89.005615234375,88.54942321777344,85.8836441040039,83.18653869628906,77.82672882080078,76.02631378173828,74.24284362792969,74.24284362792969,70.71067810058594,72.00694274902344,69.77105712890625,70.21395874023438,68.02940368652344,68.54196166992188,68.54196166992188,69.28924560546875,70.21395874023438,67.6830825805664,66.61080932617188
0,-37,-95,14,25,107.20074462890625,108.17115783691406,110.85575866699219,111.57060241699219,109.1421127319336,105.01904296875,104.13932800292969,104.13932800292969,102.9611587524414,101.98039245605469,99.82484436035156,100.12991333007812,99.84988403320312,100.4987564086914,99.32270812988281,101.07917785644531,100.00499725341797,101.0197982788086,104.00480651855469,103.00485229492188,105.0,108.00463104248047,104.01922607421875,105.01904296875,106.11785888671875,103.12128448486328,101.07917785644531,101.12368774414062,98.12747192382812,97.25225067138672,93.26306915283203,93.19334411621094,91.19758605957031,88.36288452148438,86.46965026855469,83.38465118408203,80.62257385253906,78.63841247558594,77.78174591064453,75.53807067871094,73.43704986572266,70.45565795898438,70.45565795898438,67.74215698242188,66.61080932617188,66.61080932617188,66.91038513183594,67.08203887939453,67.6830825805664,68.3081283569336,67.779052734375,65.7419204711914
0,-35,-95,11,37,104.23531341552734,105.57461547851562,108.5587387084961,105.23307800292969,106.38138580322266,102.48902130126953,105.68348693847656,101.59724426269531,102.956298828125,100.7174301147461,100.9752426147461,101.11874389648438,100.80674743652344,96.8813705444336,98.23441314697266,100.28459167480469,100.28459167480469,102.48902130126953,103.09219360351562,103.4069595336914,103.74005889892578,105.9480972290039,104.69479370117188,105.6503677368164,105.26158142089844,104.8093490600586,102.61579132080078,102.35721588134766,98.95453643798828,97.98469543457031,96.54014587402344,93.39164733886719,90.24411010742188,88.45903015136719,86.31338500976562,85.5102310180664,81.88406372070312,78.91767883300781,77.92945861816406,75.66372680664062,75.95393371582031,71.02112579345703,73.97972869873047,69.72087097167969,68.59300231933594,68.35934448242188,68.26419067382812,70.25667572021484,70.0,72.06246948242188,67.47592163085938,69.42621612548828
0,-35,-95,11,37,106.30146026611328,112.04463195800781,107.1680908203125,113.35784149169922,106.52699279785156,104.9952392578125,104.35037231445312,102.44998931884766,104.63746643066406,103.4069595336914,98.60020446777344,101.78899383544922,100.70252990722656,100.4987564086914,103.94229125976562,99.4786376953125,103.76897430419922,97.52947998046875,105.55093383789062,102.41581726074219,107.33126068115234,109.59014892578125,106.89247131347656,108.6876220703125,107.82392883300781,107.35455322265625,104.23531341552734,103.24727630615234,104.9571304321289,97.6166000366211,95.52486419677734,96.04165649414062,93.49331665039062,90.42676544189453,89.87213134765625,84.72307586669922,81.27114868164062,81.27114868164062,80.70935821533203,79.05693817138672,75.45197296142578,76.27581787109375,72.67048645019531,73.60027313232422,71.61005401611328,69.40460968017578,70.60453033447266,70.43436431884766,70.93659210205078,72.12489318847656,71.0633544921875,73.23933410644531
0,-35,-95,11,37,108.46197509765625,109.3846435546875,109.65856170654297,109.5627670288086,111.2339859008789,109.77249145507812,108.7474136352539,106.45186614990234,107.35455322265625,103.7545166015625,104.69479370117188,100.7223892211914,104.9571304321289,100.84642028808594,101.2422866821289,104.00961303710938,104.29285430908203,101.83319854736328,105.43718719482422,109.20164489746094,107.07473754882812,109.28861236572266,105.11898040771484,110.67971801757812,106.50821685791016,107.61505126953125,104.30723571777344,105.47511291503906,101.3558120727539,100.34440612792969,96.25486755371094,96.3846435546875,95.29428100585938,91.7060546875,88.1192398071289,87.23531341552734,84.9705810546875,79.7057113647461,80.52949523925781,77.82672882080078,76.05918884277344,73.40980529785156,72.91776275634766,72.49827575683594,72.01388549804688,70.68238830566406,72.49827575683594,71.86793518066406,69.57010650634766,75.18643188476562,70.21395874023438,70.25667572021484
0,-35,-95,11,37,104.23531341552734,104.58011627197266,108.90362548828125,106.67708587646484,106.47064971923828,100.7174301147461,101.71037292480469,101.11874389648438,100.12991333007812,100.0199966430664,100.12991333007812,99.63935089111328,101.41498565673828,99.20181274414062,99.72462463378906,99.6242904663086,98.68130493164062,98.35140991210938,101.95096588134766,104.54663848876953,101.59232330322266,105.47511291503906,102.78618621826172,105.34230041503906,103.74005889892578,102.78618621826172,101.19288635253906,103.16007232666016,98.37174224853516,96.84007263183594,91.76055908203125,91.76055908203125,90.8019790649414,86.83317565917969,86.58522033691406,83.43260955810547,82.0,79.42921447753906,79.42921447753906,75.96051788330078,74.73285675048828,70.8307876586914,68.65857696533203,70.40596771240234,69.42621612548828,68.06614685058594,66.91038513183594,68.06614685058594,68.18357849121094,70.00714111328125,70.11418914794922,69.72087097167969
0,-35,-95,11,37,110.85575866699219,110.63453674316406,112.17842864990234,112.96902465820312,110.85575866699219,106.96260833740234,107.68936920166016,105.54619598388672,103.94229125976562,104.92378234863281,103.24727630615234,104.8093490600586,102.48902130126953,100.31948852539062,100.07997131347656,105.07616424560547,103.00485229492188,104.01922607421875,104.04325866699219,109.0,105.0,109.00458526611328,112.07140350341797,109.00458526611328,108.04165649414062,106.11785888671875,102.39628601074219,103.3924560546875,100.40418243408203,99.50376892089844,96.6281509399414,96.6281509399414,94.5304183959961,90.55384826660156,90.79647827148438,91.08238220214844,85.98837280273438,82.03657531738281,80.41144561767578,75.31268310546875,76.29547882080078,73.16419982910156,75.31268310546875,74.52516174316406,71.58910369873047,69.23149871826172,70.60453033447266,71.84010314941406,70.93659210205078,71.30918884277344,70.23532104492188,71.02112579345703
0,-37,-95,14,26,111.12605285644531,109.8954086303711,113.50770568847656,111.12605285644531,112.7918472290039,107.70329284667969,108.41586303710938,107.20074462890625,105.99056243896484,105.32331085205078,103.16007232666016,102.59142303466797,103.09703826904297,102.59142303466797,101.59724426269531,104.23531341552734,102.07839965820312,104.12012481689453,104.00480651855469,105.07616424560547,109.11461639404297,110.07270050048828,107.22872924804688,109.11461639404297,109.22454071044922,105.3043212890625,104.47966003417969,104.58011627197266,100.60317993164062,98.61541748046875,94.04785919189453,94.64142608642578,93.05912017822266,89.94442749023438,90.25519561767578,87.29833984375,82.20097351074219,80.23091888427734,79.42921447753906,75.31268310546875,75.31268310546875,72.36711883544922,72.18032836914062,69.63475799560547,68.44705963134766,67.6830825805664,68.65857696533203,69.37578582763672,69.57010650634766,69.6419448852539,69.7782211303711,68.60028839111328
0,-35,-95,11,37,106.169677734375,109.22454071044922,110.36756896972656,113.1591796875,106.23088073730469,106.04244232177734,105.07616424560547,102.07839965820312,103.23758697509766,102.48902130126953,102.70345306396484,100.12991333007812,102.39140319824219,101.0,102.61091613769531,102.61091613769531,102.35721588134766,100.42410278320312,103.84603881835938,105.51303100585938,107.20074462890625,108.17115783691406,102.83968353271484,107.2800064086914,106.48004150390625,106.96260833740234,105.5367202758789,101.98039245605469,102.77159118652344,99.82484436035156,95.18928527832031,95.35198211669922,94.04785919189453,92.9139404296875,91.78779602050781,85.47514343261719,84.71717834472656,80.5046615600586,78.51751708984375,78.31346893310547,75.32595825195312,74.4311752319336,73.55270385742188,72.24956512451172,69.065185546875,69.02897644042969,73.02738952636719,69.00724792480469,69.1158447265625,68.18357849121094,69.46221923828125,68.88395690917969
0,-35,-95,11,37,109.60382843017578,111.0360336303711,111.07205200195312,111.01801300048828,108.90362548828125,108.89444732666016,106.07544708251953,106.8316421508789,102.72779846191406,102.8250961303711,104.9952392578125,104.48445129394531,102.2007827758789,101.40019989013672,100.80178833007812,103.17460632324219,107.18675231933594,101.78899383544922,108.0462875366211,109.41663360595703,109.60382843017578,107.70329284667969,107.61505126953125,107.70329284667969,107.61505126953125,105.9480972290039,104.86181640625,102.41581726074219,101.60708618164062,99.4032211303711,97.6166000366211,97.00515747070312,95.42536163330078,89.64373779296875,92.00543212890625,88.72992706298828,83.63013458251953,81.68843078613281,78.74642944335938,77.89736938476562,77.46611785888672,73.87828063964844,73.0,73.10950469970703,73.0,70.72481536865234,72.13875579833984,70.71067810058594,68.7677230834961,72.00694274902344,72.67048645019531,72.4706802368164
0,-37,-95,14,25,105.01904296875,106.96260833740234,106.48004150390625,107.70793914794922,105.75916290283203,105.5367202758789,102.61091613769531,101.13851928710938,101.86756134033203,98.37174224853516,99.32774353027344,99.92997741699219,98.61541748046875,99.16148376464844,100.08995819091797,99.5389404296875,100.22474670410156,99.31767272949219,101.96568298339844,102.88343048095703,102.88343048095703,105.60302734375,102.956298828125,104.65180206298828,104.69479370117188,102.956298828125,101.76934814453125,98.79270935058594,98.08159637451172,93.98403930664062,92.35800170898438,91.08238220214844,89.8109130859375,86.02325439453125,86.40023040771484,80.65357971191406,79.4040298461914,77.49193572998047,76.24303436279297,75.28611755371094,70.60453033447266,69.6419448852539,67.72000885009766,67.44627380371094,65.96968841552734,64.76110076904297,65.51335906982422,67.08203887939453,64.62971496582031,65.37583923339844,66.0302963256836,66.12110137939453
0,-35,-95,12,33,107.83784484863281,106.45186614990234,109.25199890136719,109.77249145507812,109.1650161743164,106.51290893554688,105.11898040771484,103.76897430419922,103.353759765625,102.0,103.44564056396484,101.2422866821289,100.70252990722656,100.12492370605469,98.22932434082031,103.4069595336914,101.04454803466797,102.80078125,105.11898040771484,106.04244232177734,105.75916290283203,108.07405090332031,105.42295837402344,106.66770935058594,105.60302734375,104.40306854248047,102.44998931884766,102.90287017822266,100.68763732910156,98.22932434082031,96.5660400390625,92.35800170898438,92.6498794555664,89.58794403076172,89.69392395019531,85.23497009277344,81.6333236694336,80.77747344970703,77.17512512207031,75.47184753417969,73.9256362915039,71.34423828125,74.4311752319336,70.49113464355469,69.97142028808594,67.11929321289062,68.88395690917969,68.87670135498047,68.02940368652344,69.89277648925781,70.21395874023438,69.42621612548828
0,-35,-95,11,37,106.94390869140625,108.24047088623047,110.47624206542969,108.90821838378906,111.89280700683594,106.0660171508789,104.20172882080078,101.07422637939453,102.88343048095703,104.65180206298828,102.956298828125,100.7223892211914,103.24727630615234,101.95096588134766,98.08159637451172,103.09219360351562,101.53324890136719,106.32027435302734,102.88343048095703,105.51303100585938,107.85638427734375,107.2800064086914,108.15729522705078,107.2800064086914,107.91200256347656,102.45974731445312,103.73042297363281,104.40306854248047,98.79270935058594,100.90093994140625,94.15412902832031,95.07891082763672,93.10746765136719,90.47099304199219,87.8464584350586,87.23531341552734,84.07734680175781,81.39410400390625,78.29431915283203,73.82411193847656,76.94153594970703,72.00694274902344,75.13321685791016,70.21395874023438,68.42514038085938,68.96376037597656,68.96376037597656,69.97142028808594,69.6419448852539,71.0633544921875,68.62215423583984,68.680419921875
0,-37,-95,14,26,107.33592224121094,107.56393432617188,110.72488403320312,108.84851837158203,107.56393432617188,106.04244232177734,105.9480972290039,103.09219360351562,103.09219360351562,102.45974731445312,100.24469757080078,99.6242904663086,100.16985321044922,97.51409912109375,97.29337310791016,101.60708618164062,100.12991333007812,101.27191162109375,101.96568298339844,103.81714630126953,105.22357177734375,105.07616424560547,105.11898040771484,105.38026428222656,104.3455810546875,102.39140319824219,101.20276641845703,100.66280364990234,95.56673431396484,98.23441314697266,92.444580078125,92.89241027832031,90.9560317993164,85.72631072998047,84.77027893066406,82.861328125,81.59656524658203,77.49193572998047,74.67261505126953,71.51223754882812,73.38937377929688,69.57010650634766,70.83784484863281,67.779052734375,67.06713104248047,65.92420196533203,66.30987548828125,66.70832061767578,65.76473236083984,66.8879623413086,65.802734375,65.29930877685547
0,-35,-95,11,37,110.14535522460938,111.89280700683594,111.80339813232422,107.82392883300781,108.67382049560547,107.33126068115234,108.70602416992188,103.76897430419922,105.54619598388672,102.41581726074219,104.27847290039062,102.55242919921875,103.24727630615234,101.95096588134766,100.5683822631836,101.2422866821289,102.35721588134766,104.54663848876953,102.61091613769531,106.73799896240234,105.51303100585938,108.66921997070312,108.24047088623047,107.20074462890625,107.00466918945312,108.52188873291016,105.36128234863281,102.14205932617188,99.92997741699219,102.48902130126953,98.03060913085938,98.35140991210938,95.85926818847656,92.11405944824219,87.66413116455078,86.03487396240234,85.23497009277344,79.84986114501953,81.1541748046875,75.7693862915039,73.73601531982422,74.09453582763672,73.40980529785156,71.17584228515625,72.09021759033203,70.68238830566406,70.21395874023438,69.7782211303711,69.97142028808594,72.71863555908203,72.20111083984375,70.0927963256836
0,-35,-95,11,37,103.81233215332031,105.32331085205078,106.09900665283203,105.99056243896484,103.16007232666016,106.96260833740234,103.81233215332031,102.39140319824219,101.0,99.98500061035156,98.85848236083984,98.61541748046875,98.32598876953125,97.25225067138672,98.12747192382812,100.04499053955078,100.0199966430664,99.02020263671875,102.12247467041016,104.01922607421875,102.00489807128906,108.01851654052734,102.01960754394531,104.04325866699219,106.00471496582031,103.00485229492188,101.0197982788086,101.07917785644531,100.0199966430664,98.18350219726562,95.18928527832031,93.4344711303711,90.27181243896484,87.28115844726562,85.58621215820312,81.3019027709961,80.5046615600586,75.53807067871094,75.42546081542969,73.55270385742188,73.43704986572266,73.55270385742188,68.59300231933594,68.4689712524414,67.60177612304688,66.91038513183594,69.23149871826172,66.4906005859375,66.94026947021484,67.72000885009766,66.128662109375,67.97793579101562
0,-35,-95,11,37,104.9952392578125,108.57716369628906,111.28791809082031,110.63453674316406,108.37435150146484,105.55093383789062,106.8877944946289,102.068603515625,102.72779846191406,104.66136169433594,104.66136169433594,101.23734283447266,102.303466796875,100.89598846435547,100.12492370605469,104.01922607421875,99.6242904663086,102.2007827758789,108.16654205322266,105.43718719482422,105.80170440673828,109.28861236572266,106.01886749267578,109.28861236572266,108.00463104248047,105.0,103.4069595336914,102.61579132080078,103.4069595336914,101.04454803466797,97.94896697998047,95.2680435180664,94.4933853149414,91.43850708007812,90.78546142578125,85.04116821289062,85.58621215820312,79.98124694824219,77.98717498779297,76.41989135742188,74.2765121459961,74.5184555053711,73.66138458251953,72.13875579833984,70.72481536865234,71.44927978515625,70.72481536865234,70.93659210205078,70.76722717285156,73.60027313232422,68.50547790527344,69.31810760498047
0,-35,-95,11,37,107.35455322265625,107.35455322265625,112.2541732788086,111.89280700683594,110.14535522460938,107.33126068115234,104.70912170410156,102.88343048095703,102.4743881225586,102.08329772949219,102.08329772949219,99.6242904663086,101.60708618164062,99.80982208251953,101.04454803466797,101.67103576660156,102.17631530761719,103.4794692993164,103.3247299194336,105.64563751220703,108.37435150146484,108.57716369628906,107.1680908203125,108.2081298828125,106.4048843383789,106.52699279785156,104.48445129394531,103.4069595336914,101.212646484375,98.23441314697266,96.26006317138672,97.34988403320312,94.86833190917969,90.44335174560547,90.42676544189453,86.53323364257812,82.92768096923828,79.88116455078125,78.23681640625,78.77182006835938,75.1664810180664,74.94664764404297,73.00685119628906,67.95587158203125,70.8307876586914,68.0,68.96376037597656,69.77105712890625,70.26378631591797,70.7742919921875,71.7844009399414,70.3420181274414
0,-35,-95,11,37,109.4897232055664,106.8877944946289,112.17842864990234,107.05606079101562,111.62885284423828,104.92378234863281,106.51290893554688,105.32331085205078,105.75916290283203,104.29285430908203,103.58088684082031,101.53324890136719,102.14205932617188,100.5683822631836,97.73944854736328,105.19029998779297,100.64790344238281,103.36827087402344,103.78824615478516,104.69479370117188,104.69479370117188,107.35455322265625,107.01869201660156,105.55093383789062,108.7474136352539,104.3886947631836,104.92378234863281,104.54663848876953,101.0197982788086,98.68130493164062,93.98403930664062,96.79875946044922,91.4166259765625,92.04889678955078,89.8109130859375,87.59566497802734,84.43340301513672,80.65357971191406,77.16217041015625,72.73238372802734,75.58438873291016,71.16881561279297,75.0,71.7844009399414,70.88018035888672,68.96376037597656,67.72000885009766,71.30918884277344,73.34848022460938,69.72087097167969,67.18630981445312,67.00746154785156
0,-37,-95,14,25,106.7052001953125,109.4897232055664,106.8877944946289,110.16805267333984,104.56098937988281,106.7052001953125,105.54619598388672,102.59142303466797,102.9611587524414,100.66280364990234,99.92497253417969,99.72462463378906,99.92997741699219,98.68130493164062,100.24469757080078,99.72462463378906,103.61949920654297,99.16148376464844,104.27847290039062,103.87010955810547,104.54663848876953,106.23088073730469,102.31813049316406,106.10372161865234,105.84894561767578,105.10946655273438,101.843017578125,100.24469757080078,99.29753112792969,94.86833190917969,94.5568618774414,90.8019790649414,90.8019790649414,86.40023040771484,85.16454315185547,82.2800064086914,82.2800064086914,78.16009521484375,77.20103454589844,76.15773010253906,70.3420181274414,71.30918884277344,68.4105224609375,67.6830825805664,67.46851348876953,65.30696868896484,66.2872543334961,66.91038513183594,65.6201171875,66.27216339111328,66.0302963256836,66.18912506103516
0,-35,-95,11,37,107.56393432617188,107.51744079589844,112.64102172851562,109.11003875732422,108.46658325195312,106.60675048828125,103.16007232666016,102.61579132080078,101.39033508300781,103.5857162475586,99.92497253417969,99.46356201171875,102.59142303466797,101.27191162109375,100.7174301147461,101.40019989013672,100.17984008789062,103.31021118164062,106.07544708251953,105.07616424560547,105.07616424560547,108.11567687988281,104.30723571777344,110.29052734375,106.38138580322266,108.37435150146484,103.69667053222656,103.69667053222656,101.71037292480469,97.73944854736328,94.76286315917969,97.73944854736328,93.05912017822266,90.93404388427734,89.10667419433594,85.32877349853516,82.0,80.23091888427734,79.30951690673828,76.68767547607422,73.75635528564453,75.50496673583984,71.38627624511719,68.44705963134766,68.65857696533203,68.44705963134766,70.3420181274414,69.37578582763672,69.28924560546875,69.6419448852539,68.87670135498047,70.1783447265625
0,-35,-95,11,38,110.22250366210938,113.1591796875,112.07140350341797,113.28282928466797,112.21853637695312,110.16351318359375,110.07270050048828,107.01869201660156,109.00458526611328,106.00471496582031,105.0,104.17293548583984,101.2422866821289,102.31324768066406,103.48429870605469,102.956298828125,105.54619598388672,104.08650207519531,108.06016540527344,110.81967163085938,107.87029266357422,111.62885284423828,110.47624206542969,111.3058853149414,111.01801300048828,113.1370849609375,105.80170440673828,106.38138580322266,103.5857162475586,100.4987564086914,99.18164825439453,97.18538665771484,95.2575454711914,93.26306915283203,91.0878677368164,86.14522552490234,87.00574493408203,82.05486297607422,80.02499389648438,80.05622863769531,77.0064926147461,75.00666809082031,76.00657653808594,71.00704193115234,73.0,69.00724792480469,71.00704193115234,71.0633544921875,70.1783447265625,75.13321685791016,70.8307876586914,71.7844009399414
0,-35,-95,11,38,108.67382049560547,110.49434661865234,114.49017333984375,110.47624206542969,111.80339813232422,105.19029998779297,106.47064971923828,106.0660171508789,104.9571304321289,106.32967376708984,102.08329772949219,106.25440979003906,103.46980285644531,101.82828521728516,104.20172882080078,106.04244232177734,102.17631530761719,106.52699279785156,107.05606079101562,107.81465911865234,109.01834869384766,110.7519760131836,110.2587890625,108.30050659179688,109.4805908203125,108.85311126708984,107.00466918945312,108.811767578125,101.0197982788086,103.00485229492188,97.6524429321289,97.08243560791016,95.69221496582031,92.6498794555664,90.97252655029297,88.7524642944336,84.59905242919922,80.99382781982422,81.83519744873047,77.17512512207031,79.92496490478516,75.29276275634766,74.94664764404297,70.32780456542969,71.11962127685547,70.23532104492188,70.23532104492188,72.91776275634766,74.32361602783203,73.38937377929688,71.16881561279297,68.88395690917969
0,-35,-95,11,37,110.16805267333984,106.9205322265625,113.1591796875,107.87029266357422,107.68936920166016,104.23531341552734,104.3455810546875,102.61091613769531,103.36827087402344,101.63660430908203,102.18121337890625,101.39033508300781,103.44564056396484,101.19288635253906,99.29753112792969,105.30906677246094,101.39033508300781,101.76934814453125,106.0235824584961,105.54619598388672,107.83784484863281,108.6876220703125,107.54068756103516,108.33743286132812,106.04244232177734,108.07867431640625,105.84894561767578,106.4048843383789,100.08995819091797,98.68130493164062,97.14422607421875,94.33981323242188,96.4624252319336,89.8888168334961,86.37708282470703,85.72631072998047,83.93450164794922,80.65357971191406,79.12016296386719,73.05477142333984,75.89466094970703,72.12489318847656,72.73238372802734,69.2603759765625,72.42237091064453,66.48307800292969,69.37578582763672,70.88018035888672,71.02112579345703,67.60177612304688,70.11418914794922,72.02777099609375
0,-35,-95,11,37,106.21205139160156,110.47624206542969,110.02726745605469,107.20074462890625,110.16805267333984,106.21205139160156,105.07616424560547,102.8250961303711,102.48902130126953,99.40824890136719,99.12618255615234,101.0197982788086,100.0,100.0199966430664,101.0197982788086,100.17984008789062,101.49384307861328,102.48902130126953,104.8093490600586,106.56922912597656,105.23307800292969,109.55364227294922,104.3886947631836,105.9292221069336,108.29589080810547,108.22661590576172,103.17460632324219,102.07839965820312,102.07839965820312,97.08243560791016,96.02082824707031,96.00521087646484,96.02082824707031,92.0,88.0511245727539,86.0,85.0058822631836,81.0,79.02531433105469,78.025634765625,75.1065902709961,72.00694274902344,75.0,72.00694274902344,69.18092346191406,68.11754608154297,68.26419067382812,72.24956512451172,69.87130737304688,69.42621612548828,68.680419921875,69.28924560546875
0,-35,-95,11,37,106.92988586425781,112.69871520996094,109.59014892578125,110.07270050048828,106.00471496582031,107.33126068115234,105.55093383789062,104.20172882080078,103.76897430419922,100.4987564086914,102.39628601074219,100.95543670654297,102.41581726074219,101.82828521728516,102.61579132080078,100.42410278320312,105.26158142089844,99.35794067382812,108.97705841064453,108.37435150146484,110.53506469726562,109.34349822998047,105.8914566040039,108.97705841064453,109.123779296875,107.44766235351562,106.04244232177734,103.23274993896484,105.0,95.0,97.20082092285156,95.0,94.81033325195312,91.60785675048828,89.05054473876953,85.8021011352539,85.98255920410156,81.27114868164062,81.54139709472656,79.32212829589844,73.7834701538086,75.1664810180664,71.02816009521484,72.11102294921875,70.1783447265625,68.26419067382812,70.49113464355469,69.83551788330078,67.08203887939453,71.58910369873047,70.83784484863281,69.37578582763672
0,-35,-95,11,37,106.82696533203125,105.11898040771484,108.85311126708984,107.93516540527344,108.23123168945312,102.44998931884766,104.63746643066406,102.2007827758789,97.41663360595703,101.0197982788086,97.90811920166016,99.12618255615234,97.24710845947266,97.24710845947266,96.25486755371094,102.41581726074219,95.2732925415039,100.64790344238281,101.63660430908203,104.3886947631836,106.0235824584961,105.19029998779297,104.21611785888672,104.78549194335938,108.6876220703125,102.42070007324219,100.62306213378906,102.88343048095703,99.29753112792969,95.77056121826172,95.29428100585938,94.41397857666016,92.66067504882812,88.58893585205078,89.1852035522461,84.72307586669922,80.99382781982422,78.54934692382812,78.77182006835938,74.09453582763672,73.57308959960938,71.02112579345703,71.02112579345703,69.6419448852539,69.1158447265625,67.41661834716797,69.3397445678711,68.24221801757812,71.21797180175781,67.94115447998047,66.48307800292969,66.21932983398438
0,-37,-95,14,25,108.90821838378906,109.2748794555664,111.64676666259766,111.1395492553711,108.90821838378906,106.55046081542969,106.67708587646484,103.24727630615234,102.92716217041016,102.34255981445312,100.68763732910156,102.2007827758789,101.82828521728516,101.53324890136719,101.53324890136719,101.23734283447266,101.86265563964844,100.44898986816406,104.65180206298828,107.48023223876953,106.79419708251953,108.2081298828125,105.418212890625,106.77546691894531,106.15083312988281,105.55093383789062,103.3924560546875,102.8250961303711,101.41498565673828,97.94896697998047,94.4933853149414,93.08598327636719,91.83136749267578,87.45856475830078,86.40023040771484,82.61961364746094,82.20097351074219,78.4091796875,76.40026092529297,74.20242309570312,72.80110168457031,73.00685119628906,70.80254364013672,70.0,68.818603515625,66.85057830810547,67.11929321289062,69.3397445678711,66.73080444335938,67.08203887939453,66.30987548828125,67.05221557617188
0,-37,-95,13,29,108.46658325195312,106.90182495117188,110.05453491210938,107.85638427734375,107.85638427734375,105.6503677368164,105.6503677368164,104.35516357421875,102.45974731445312,101.843017578125,102.31813049316406,99.92497253417969,100.22474670410156,99.74467468261719,97.94386291503906,100.7223892211914,99.84988403320312,98.97979736328125,103.94229125976562,104.31682586669922,105.11898040771484,106.94390869140625,105.11898040771484,106.55046081542969,104.65657806396484,103.7545166015625,101.07917785644531,101.13357543945312,95.75489807128906,95.75489807128906,93.62158203125,92.11405944824219,90.2496566772461,87.66413116455078,85.4400405883789,82.87339782714844,81.93289947509766,77.16217041015625,75.89466094970703,72.73238372802734,73.05477142333984,70.51950073242188,70.51950073242188,68.96376037597656,67.72000885009766,67.44627380371094,65.96968841552734,67.46851348876953,66.91038513183594,66.48307800292969,65.0691909790039,64.03124237060547
0,-37,-95,14,26,111.01801300048828,112.43220520019531,112.44998931884766,113.14591979980469,111.72286987304688,109.60382843017578,107.51744079589844,107.48953247070312,106.10372161865234,104.80458068847656,102.8250961303711,103.85566711425781,103.4069595336914,104.62313079833984,102.90287017822266,103.46497344970703,104.10091400146484,103.24727630615234,106.17438507080078,107.54068756103516,109.07795715332031,109.93180084228516,107.070068359375,108.5587387084961,110.13627624511719,107.61505126953125,105.39450073242188,103.73042297363281,102.34255981445312,99.04544067382812,96.02082824707031,94.40338897705078,94.40338897705078,89.20201873779297,89.20201873779297,86.40023040771484,83.24061584472656,80.43009185791016,79.02531433105469,77.801025390625,74.65252685546875,72.62230682373047,72.62230682373047,70.29224395751953,68.88395690917969,68.11754608154297,69.35416412353516,69.35416412353516,70.00714111328125,68.7677230834961,68.60028839111328,69.3397445678711
0,-35,-95,11,37,109.4805908203125,107.00466918945312,109.8954086303711,109.8954086303711,108.24047088623047,106.73799896240234,107.44766235351562,103.44564056396484,102.78618621826172,104.35516357421875,102.52804565429688,103.07764434814453,100.46392059326172,100.64790344238281,99.31767272949219,103.7545166015625,100.7223892211914,103.83159637451172,104.9571304321289,108.4066390991211,106.47064971923828,108.24047088623047,107.35455322265625,108.5587387084961,109.59014892578125,107.33126068115234,104.65180206298828,105.11898040771484,99.80982208251953,100.64790344238281,95.75489807128906,97.30878448486328,92.70382690429688,91.18113708496094,87.66413116455078,87.46427917480469,84.50444030761719,79.12016296386719,79.71198272705078,75.02666473388672,77.49193572998047,70.57620239257812,73.16419982910156,72.11102294921875,70.51950073242188,70.21395874023438,69.6419448852539,66.70832061767578,70.40596771240234,70.03570556640625,68.35934448242188,68.0
0,-35,-95,11,37,106.00471496582031,105.11898040771484,105.11898040771484,107.82392883300781,104.31682586669922,103.353759765625,104.65657806396484,103.31505584716797,100.17984008789062,98.89894104003906,100.7223892211914,100.08995819091797,98.68130493164062,99.6242904663086,98.37174224853516,100.0,99.92497253417969,98.23441314697266,103.5857162475586,102.9611587524414,104.78549194335938,105.75916290283203,102.1077880859375,106.96260833740234,105.77334594726562,103.84603881835938,102.2007827758789,99.32774353027344,99.32774353027344,96.76776123046875,97.08243560791016,94.86833190917969,91.08238220214844,88.54377746582031,86.97700500488281,83.57032775878906,82.54090118408203,79.05693817138672,77.2528305053711,76.5506362915039,72.80110168457031,73.73601531982422,68.3520278930664,70.00714111328125,69.07966613769531,67.62396240234375,70.38465881347656,68.87670135498047,66.64833068847656,71.02112579345703,68.24221801757812,67.47592163085938
0,-35,-95,11,37,105.385009765625,109.37092590332031,106.38138580322266,111.28791809082031,109.29318237304688,105.3043212890625,105.23307800292969,103.3924560546875,100.60317993164062,99.50376892089844,100.12991333007812,97.86214447021484,99.68952178955078,99.68952178955078,100.89598846435547,98.49365234375,104.35516357421875,99.92997741699219,103.73042297363281,106.25440979003906,105.36128234863281,107.85638427734375,103.16007232666016,107.56393432617188,104.54663848876953,106.04244232177734,105.08092498779297,103.58088684082031,100.16985321044922,97.26766967773438,97.74456787109375,94.9210205078125,94.72592163085938,88.84255981445312,86.4927749633789,83.18653869628906,83.9523696899414,79.42921447753906,80.8949966430664,79.24645233154297,75.13321685791016,75.66372680664062,73.16419982910156,72.69112396240234,69.72087097167969,68.59300231933594,70.25667572021484,68.18357849121094,67.0,69.065185546875,70.1783447265625,69.05070495605469
0,-35,-95,11,37,106.45186614990234,105.54619598388672,109.59014892578125,110.46266174316406,109.59014892578125,106.51290893554688,107.35455322265625,103.76897430419922,103.83159637451172,100.84642028808594,102.21546173095703,102.92716217041016,101.83319854736328,100.20977783203125,98.60020446777344,101.04454803466797,102.303466796875,100.12492370605469,104.89041900634766,105.55093383789062,107.93516540527344,107.1680908203125,106.52699279785156,108.57716369628906,105.75916290283203,105.42295837402344,104.40306854248047,101.212646484375,101.40019989013672,96.60745239257812,95.8018798828125,94.40338897705078,93.81364440917969,89.87213134765625,89.04492950439453,84.87638092041016,84.38008880615234,81.27114868164062,78.77182006835938,76.32168579101562,76.00657653808594,74.625732421875,70.49113464355469,70.8307876586914,74.09453582763672,68.96376037597656,70.23532104492188,69.77105712890625,68.02940368652344,70.57620239257812,68.96376037597656,70.61161041259766
0,-35,-95,11,37,114.52947235107422,112.53887939453125,114.98260498046875,112.8716049194336,114.85643005371094,109.77249145507812,111.44953918457031,109.8954086303711,103.24727630615234,107.07940673828125,104.56098937988281,105.99056243896484,105.77334594726562,102.88343048095703,101.53324890136719,106.28263854980469,106.04244232177734,105.10946655273438,107.33592224121094,109.20164489746094,110.72488403320312,110.13627624511719,111.3283462524414,110.30865478515625,111.07205200195312,110.05453491210938,106.90182495117188,108.46658325195312,102.78618621826172,102.48902130126953,100.0,101.92153930664062,97.52947998046875,94.83142852783203,89.49860382080078,90.2496566772461,86.58522033691406,84.40379333496094,82.71033477783203,79.07591247558594,78.10249328613281,76.15773010253906,76.68767547607422,74.52516174316406,74.14849853515625,71.02112579345703,72.69112396240234,73.82411193847656,73.43704986572266,74.1080322265625,72.00694274902344,74.5452880859375
0,-35,-95,11,37,108.06016540527344,106.7052001953125,110.64356994628906,109.4897232055664,109.4897232055664,106.7052001953125,106.8877944946289,104.13932800292969,104.56098937988281,103.07764434814453,101.86756134033203,101.92153930664062,99.32774353027344,100.57833099365234,100.5683822631836,105.10946655273438,102.55242919921875,103.46980285644531,104.27847290039062,107.83784484863281,106.6208267211914,111.61540985107422,106.23088073730469,109.77249145507812,106.97663116455078,107.33592224121094,105.3043212890625,105.3043212890625,100.88111877441406,102.14205932617188,98.08159637451172,98.08159637451172,96.16651916503906,89.9888916015625,89.5600357055664,84.64632415771484,83.93450164794922,81.04319763183594,77.66595458984375,77.36924743652344,74.21590423583984,71.56814575195312,74.73285675048828,73.75635528564453,70.8307876586914,67.6830825805664,70.03570556640625,72.69112396240234,69.2603759765625,73.10950469970703,70.00714111328125,69.46221923828125
0,-35,-95,11,37,106.21205139160156,108.85311126708984,106.01886749267578,112.44554138183594,106.21205139160156,109.01834869384766,103.6001968383789,102.64988708496094,101.83319854736328,101.25709533691406,102.07839965820312,99.5690689086914,100.40418243408203,98.88377380371094,102.42070007324219,98.38699340820312,102.45974731445312,100.64790344238281,108.85311126708984,108.07867431640625,108.7474136352539,108.33743286132812,104.65180206298828,109.1650161743164,106.89247131347656,106.89247131347656,106.00471496582031,102.956298828125,103.83159637451172,97.1287841796875,97.24710845947266,94.66783905029297,94.15412902832031,89.69392395019531,88.20430755615234,82.92768096923828,84.62860107421875,80.80223083496094,80.80223083496094,80.21221923828125,73.23933410644531,74.88658142089844,71.84706115722656,72.20111083984375,72.11102294921875,69.40460968017578,69.02897644042969,69.65629577636719,67.17886352539062,69.35416412353516,70.60453033447266,69.6419448852539
0,-35,-95,11,37,111.61093139648438,112.5877456665039,111.83023071289062,111.83023071289062,112.5877456665039,111.61093139648438,108.90821838378906,105.26158142089844,104.8093490600586,101.6513671875,103.09219360351562,101.51354217529297,103.24727630615234,102.31813049316406,102.69371795654297,103.78824615478516,106.47064971923828,102.956298828125,108.67382049560547,109.123779296875,108.25894927978516,111.35977935791016,106.92988586425781,110.46266174316406,108.6876220703125,109.123779296875,103.46980285644531,104.54663848876953,103.61949920654297,102.15674591064453,98.35140991210938,96.13532257080078,96.4624252319336,91.7060546875,88.23265075683594,84.77027893066406,87.28115844726562,83.81526947021484,81.90848541259766,80.0062484741211,75.0,76.843994140625,73.08214569091797,73.08214569091797,74.21590423583984,71.30918884277344,70.8307876586914,70.21395874023438,72.69112396240234,74.67261505126953,70.028564453125,69.18092346191406
0,-35,-95,11,38,114.43775939941406,113.35784149169922,111.44953918457031,114.73883056640625,112.53887939453125,110.54862976074219,109.45775604248047,104.8093490600586,106.9205322265625,105.38026428222656,101.78899383544922,101.63660430908203,104.8093490600586,104.40306854248047,103.44564056396484,104.40306854248047,108.2681884765625,102.78618621826172,108.07867431640625,109.20164489746094,110.38568878173828,109.7861557006836,106.89247131347656,109.7861557006836,110.72488403320312,110.67971801757812,106.90182495117188,104.40306854248047,104.69479370117188,101.92153930664062,98.23441314697266,96.5660400390625,98.49365234375,91.92388153076172,91.0054931640625,87.80091094970703,88.0738296508789,80.28075408935547,83.43260955810547,78.85429382324219,77.27871704101562,76.68767547607422,73.00685119628906,74.95331573486328,71.58910369873047,72.18032836914062,71.19690704345703,71.44927978515625,69.35416412353516,69.1158447265625,70.00714111328125,70.57620239257812
0,-35,-95,11,37,107.18675231933594,104.8093490600586,111.82575988769531,108.90821838378906,112.37882232666016,101.212646484375,104.23531341552734,101.55294036865234,104.65657806396484,103.31505584716797,99.80982208251953,101.39033508300781,101.95096588134766,100.5683822631836,101.53324890136719,100.68763732910156,99.45853424072266,103.3247299194336,103.5857162475586,106.73331451416016,106.96260833740234,110.63453674316406,107.70793914794922,105.99056243896484,106.73799896240234,104.54663848876953,104.54663848876953,104.40306854248047,99.72462463378906,97.71898651123047,95.81753540039062,96.16651916503906,92.6552734375,88.23265075683594,87.59566497802734,84.43340301513672,80.99382781982422,82.2192153930664,79.71198272705078,74.67261505126953,77.49193572998047,74.0,72.44998168945312,69.28924560546875,67.41661834716797,68.70953369140625,68.70953369140625,71.69379425048828,68.42514038085938,69.83551788330078,71.02816009521484,66.06814575195312
0,-35,-95,11,37,105.57461547851562,109.65856170654297,109.55364227294922,110.54862976074219,108.66461944580078,103.94710540771484,105.9292221069336,103.48429870605469,100.60317993164062,101.07917785644531,101.07917785644531,99.00505065917969,102.01960754394531,101.17806243896484,99.18164825439453,102.31324768066406,100.7174301147461,100.40418243408203,104.08650207519531,106.79419708251953,105.57461547851562,104.69001770019531,108.37435150146484,108.90362548828125,106.79419708251953,106.38138580322266,103.23758697509766,101.12368774414062,100.12492370605469,98.12747192382812,94.00531768798828,94.02127075195312,94.00531768798828,90.0,90.00555419921875,87.00574493408203,82.00609588623047,78.025634765625,78.00640869140625,76.0,75.02666473388672,74.06078338623047,74.0,67.06713104248047,70.11418914794922,68.18357849121094,72.24956512451172,66.75328063964844,67.74215698242188,68.44705963134766,68.680419921875,70.93659210205078
0,-35,-95,11,37,109.01834869384766,110.01818084716797,113.0177001953125,114.07015228271484,108.01851654052734,109.01834869384766,106.00471496582031,104.0,102.01960754394531,101.04454803466797,102.12247467041016,101.40019989013672,100.7174301147461,98.73196411132812,101.11874389648438,100.62306213378906,103.5857162475586,101.0,109.3846435546875,107.48953247070312,107.2800064086914,110.0227279663086,106.7052001953125,111.61093139648438,107.68936920166016,107.51744079589844,104.23531341552734,102.956298828125,100.84146118164062,96.87621307373047,100.84146118164062,97.41663360595703,95.42536163330078,91.26883697509766,86.14522552490234,84.148681640625,85.14693450927734,80.09993743896484,78.05767059326172,79.15807342529297,75.1065902709961,75.1065902709961,73.02738952636719,75.00666809082031,70.028564453125,70.0,70.0,68.18357849121094,68.59300231933594,71.19690704345703,68.44705963134766,68.3081283569336
0,-35,-95,11,37,107.70329284667969,107.54068756103516,109.1650161743164,111.89280700683594,108.46197509765625,109.3846435546875,110.07270050048828,102.04410552978516,102.45974731445312,103.31505584716797,101.96568298339844,100.7223892211914,101.54801940917969,98.18350219726562,100.68763732910156,99.29753112792969,102.80078125,99.4032211303711,107.44766235351562,107.80074310302734,105.0,107.61505126953125,108.72441864013672,108.811767578125,106.01886749267578,108.16654205322266,105.9480972290039,103.46497344970703,102.08329772949219,97.24710845947266,95.52486419677734,95.71833801269531,92.78469848632812,88.1929702758789,87.70974731445312,84.53401947021484,85.86617279052734,81.41252899169922,76.92203521728516,76.5375747680664,76.02631378173828,71.58910369873047,72.01388549804688,69.77105712890625,70.26378631591797,67.62396240234375,68.54196166992188,67.62396240234375,68.3520278930664,70.88018035888672,68.24954223632812,72.44308471679688
0,-35,-95,11,37,107.54068756103516,108.46197509765625,111.40017700195312,109.77249145507812,109.65856170654297,107.54068756103516,107.78682708740234,105.99056243896484,103.31505584716797,102.42070007324219,101.51847076416016,98.88377380371094,100.84642028808594,99.02020263671875,100.43903350830078,102.64988708496094,99.80982208251953,100.80178833007812,103.07764434814453,106.21205139160156,106.82696533203125,106.21205139160156,107.41508483886719,107.80074310302734,109.28861236572266,106.25440979003906,101.51354217529297,107.070068359375,103.17460632324219,99.5690689086914,99.85990142822266,94.03190612792969,94.33981323242188,90.55384826660156,87.98295593261719,88.83692932128906,85.0,81.88406372070312,77.82672882080078,75.66372680664062,76.5375747680664,71.5541763305664,75.66372680664062,71.11962127685547,70.66116333007812,68.87670135498047,68.02940368652344,69.85699462890625,70.22820281982422,68.96376037597656,68.44705963134766,68.59300231933594
0,-35,-95,11,38,110.54862976074219,112.53887939453125,113.99122619628906,112.53887939453125,112.53887939453125,109.29318237304688,111.7586669921875,107.91200256347656,106.9205322265625,105.72132873535156,104.7377700805664,103.16007232666016,103.58088684082031,103.84603881835938,104.54663848876953,106.25440979003906,103.12128448486328,107.56393432617188,108.07867431640625,109.3846435546875,111.6646728515625,113.88591003417969,109.44404602050781,110.86027526855469,112.27198791503906,110.67971801757812,108.46658325195312,105.9480972290039,103.84603881835938,103.16007232666016,100.68763732910156,97.80081939697266,94.83142852783203,93.17188262939453,92.41753387451172,90.70832061767578,89.26925659179688,81.78630828857422,78.33900451660156,77.87811279296875,77.66595458984375,74.81310272216797,75.18643188476562,74.52516174316406,70.71067810058594,71.84706115722656,70.85901641845703,71.56814575195312,71.17584228515625,71.0,70.11418914794922,70.85901641845703
0,-35,-95,11,37,111.62885284423828,109.83624267578125,111.80339813232422,111.62885284423828,111.62885284423828,109.4897232055664,105.11898040771484,105.54619598388672,104.92378234863281,102.83968353271484,100.89598846435547,102.2007827758789,99.92997741699219,102.52804565429688,99.6242904663086,104.92378234863281,102.956298828125,102.45974731445312,104.78549194335938,107.83784484863281,106.6208267211914,111.40017700195312,107.42439270019531,108.6876220703125,109.77249145507812,107.01869201660156,109.5627670288086,105.10946655273438,101.39033508300781,103.61949920654297,96.76776123046875,98.35140991210938,95.81753540039062,90.8019790649414,91.39474487304688,89.1852035522461,85.72631072998047,82.2800064086914,82.56512451171875,78.44743347167969,77.20103454589844,76.24303436279297,75.69015502929688,72.80110168457031,70.60453033447266,70.3420181274414,70.40596771240234,71.19690704345703,72.69112396240234,69.35416412353516,72.00694274902344,70.11418914794922
0,-35,-95,12,33,110.42192077636719,114.80853271484375,106.52699279785156,112.20071411132812,107.61505126953125,108.23123168945312,106.21205139160156,105.8914566040039,102.17631530761719,101.31633758544922,104.89041900634766,103.23758697509766,101.82337951660156,100.44898986816406,101.98039245605469,102.94173431396484,104.63746643066406,99.63935089111328,105.42295837402344,106.82696533203125,104.48445129394531,106.66770935058594,104.48445129394531,109.63575744628906,105.26158142089844,108.57716369628906,106.4048843383789,101.17806243896484,103.3924560546875,99.08582305908203,96.87621307373047,96.16651916503906,96.16651916503906,90.5096664428711,89.1964111328125,87.69264221191406,85.58621215820312,84.2199478149414,80.65978240966797,79.93122100830078,74.41101837158203,74.2765121459961,73.0,71.58910369873047,73.75635528564453,67.35725402832031,72.4706802368164,72.20111083984375,68.818603515625,70.49113464355469,72.00694274902344,69.07966613769531
0,-37,-95,13,29,105.9056167602539,104.92378234863281,107.2800064086914,105.54619598388672,105.54619598388672,102.59142303466797,101.78899383544922,100.22474670410156,99.2471694946289,97.51409912109375,96.04686737060547,97.1236343383789,96.4624252319336,95.81753540039062,95.18928527832031,98.08159637451172,97.30878448486328,98.23441314697266,99.80982208251953,102.15674591064453,102.15674591064453,104.92378234863281,103.24727630615234,101.76934814453125,101.95096588134766,100.90093994140625,98.97979736328125,99.32774353027344,95.88013458251953,94.64142608642578,89.28605651855469,90.2496566772461,87.80091094970703,84.40379333496094,83.43260955810547,81.25269317626953,77.66595458984375,76.68767547607422,75.31268310546875,71.58910369873047,71.02112579345703,68.06614685058594,68.06614685058594,64.77654266357422,64.93843078613281,63.639610290527344,63.50590515136719,65.27633666992188,65.12296295166016,65.0,64.1248779296875,64.77654266357422
0,-35,-95,11,37,106.8877944946289,111.1980209350586,109.65856170654297,112.37882232666016,106.8877944946289,108.06016540527344,106.8877944946289,105.9056167602539,101.0,99.63935089111328,101.96568298339844,101.40019989013672,101.40019989013672,100.12492370605469,98.04590606689453,101.0197982788086,102.07839965820312,99.02020263671875,105.1712875366211,106.07544708251953,106.01886749267578,109.04127502441406,102.0,109.11461639404297,109.0,108.00463104248047,102.04410552978516,101.04454803466797,101.07917785644531,95.08417510986328,97.08243560791016,93.08598327636719,93.26306915283203,90.44888305664062,88.56636047363281,83.2946548461914,81.74349975585938,79.90619659423828,79.76214599609375,78.63841247558594,72.69112396240234,73.68174743652344,70.71067810058594,70.57620239257812,70.03570556640625,68.24954223632812,68.65857696533203,67.05221557617188,68.00735473632812,72.11102294921875,69.46221923828125,69.97142028808594
0,-35,-95,12,33,109.77249145507812,110.63905334472656,111.83023071289062,111.1395492553711,109.77249145507812,108.0462875366211,108.22661590576172,104.00961303710938,104.56098937988281,103.17460632324219,102.62553405761719,103.46980285644531,100.0,100.42410278320312,102.303466796875,104.13932800292969,104.69001770019531,101.31633758544922,107.48953247070312,106.07544708251953,108.2450942993164,109.62207794189453,107.62899017333984,109.7861557006836,108.57716369628906,105.75916290283203,101.82828521728516,106.04244232177734,101.82828521728516,100.80178833007812,96.83490753173828,96.40020751953125,94.02127075195312,93.23089599609375,90.44335174560547,86.02325439453125,87.132080078125,81.12335968017578,79.4040298461914,76.32168579101562,77.17512512207031,72.20111083984375,71.86793518066406,72.56031799316406,70.8307876586914,70.71067810058594,66.73080444335938,68.88395690917969,69.46221923828125,70.83784484863281,69.57010650634766,68.88395690917969
0,-35,-95,11,37,111.00450134277344,108.11567687988281,114.03946685791016,111.16204071044922,113.0398178100586,106.00471496582031,105.0047607421875,102.00489807128906,104.0,104.04325866699219,101.12368774414062,102.31324768066406,101.40019989013672,101.11874389648438,99.29753112792969,105.32331085205078,101.41498565673828,105.75916290283203,105.5367202758789,106.23088073730469,111.00450134277344,106.96260833740234,108.46658325195312,111.83023071289062,107.48953247070312,104.7377700805664,104.56098937988281,105.54619598388672,100.28459167480469,100.28459167480469,96.87621307373047,96.6281509399414,95.63471984863281,92.34716796875,91.4439697265625,88.36288452148438,87.3670425415039,83.21658325195312,81.3019027709961,76.2364730834961,76.16429901123047,73.24616241455078,75.1664810180664,70.25667572021484,72.24956512451172,72.00694274902344,67.02984619140625,69.00724792480469,73.24616241455078,73.24616241455078,70.57620239257812,66.48307800292969
0,-37,-95,14,25,108.93116760253906,107.2800064086914,112.7918472290039,109.4805908203125,110.16351318359375,105.36128234863281,106.04244232177734,101.92153930664062,102.35721588134766,103.07764434814453,100.22474670410156,99.82484436035156,100.84146118164062,99.72462463378906,97.62171936035156,100.31948852539062,99.08077239990234,102.12247467041016,102.07839965820312,104.12012481689453,104.30723571777344,108.22661590576172,105.3043212890625,106.11785888671875,105.385009765625,105.47511291503906,101.59724426269531,101.83319854736328,98.73196411132812,97.86725616455078,94.20191192626953,93.21480560302734,91.24143981933594,86.4927749633789,87.86353302001953,83.54639434814453,82.37718200683594,77.46611785888672,77.46611785888672,73.54590606689453,71.58910369873047,68.88395690917969,71.58910369873047,67.91170501708984,67.72000885009766,66.48307800292969,66.0984115600586,68.00735473632812,68.00735473632812,68.15423583984375,66.64833068847656,65.73431396484375
0,-37,-95,14,25,106.8877944946289,108.22661590576172,108.67382049560547,110.46266174316406,106.45186614990234,106.45186614990234,105.0951919555664,104.20172882080078,101.96568298339844,98.88377380371094,99.36296844482422,98.61541748046875,98.18350219726562,97.90811920166016,97.6524429321289,98.40731811523438,99.48869323730469,98.85848236083984,102.94173431396484,103.71113586425781,104.01922607421875,105.26158142089844,102.80078125,105.26158142089844,103.6001968383789,104.04325866699219,101.60708618164062,98.47334289550781,98.47334289550781,94.86833190917969,93.49331665039062,91.26883697509766,90.21086120605469,86.95401000976562,85.08818817138672,81.12335968017578,80.26206970214844,77.02597045898438,74.79304504394531,73.43023681640625,71.58910369873047,70.71067810058594,68.47627258300781,67.5351791381836,66.18912506103516,65.30696868896484,66.30987548828125,66.70832061767578,65.78753662109375,67.05221557617188,65.73431396484375,64.49806213378906
0,-35,-95,11,37,107.61505126953125,109.80892181396484,113.00442504882812,112.16059875488281,110.42192077636719,105.60302734375,104.63746643066406,104.01922607421875,102.00489807128906,100.43903350830078,101.2422866821289,100.34440612792969,98.0051040649414,98.41239929199219,101.07917785644531,101.07917785644531,102.45974731445312,101.55294036865234,107.01869201660156,108.25894927978516,106.89247131347656,107.35455322265625,103.36827087402344,108.33743286132812,105.55093383789062,106.45186614990234,104.65657806396484,104.70912170410156,102.4743881225586,96.64884948730469,97.75479888916016,98.18350219726562,95.18928527832031,87.66413116455078,87.6584243774414,85.23497009277344,83.76156616210938,80.15609741210938,78.49203491210938,77.66595458984375,75.45197296142578,73.00685119628906,74.63243103027344,70.80254364013672,72.00694274902344,68.4105224609375,71.58910369873047,69.35416412353516,68.62215423583984,70.00714111328125,67.94115447998047,71.28113555908203
0,-35,-95,11,37,107.35455322265625,107.35455322265625,105.19029998779297,108.67382049560547,105.11898040771484,103.353759765625,100.23971557617188,101.71037292480469,99.76472473144531,98.18350219726562,97.94386291503906,97.41663360595703,97.6166000366211,95.8018798828125,98.40731811523438,99.63935089111328,99.90495300292969,98.59513092041016,101.23734283447266,102.59142303466797,104.23531341552734,104.80458068847656,103.3247299194336,103.3247299194336,106.15083312988281,102.17631530761719,102.94173431396484,100.0,99.4032211303711,94.40338897705078,93.60021209716797,90.8019790649414,89.62700653076172,88.23265075683594,86.28441619873047,81.84130859375,82.09750366210938,76.5506362915039,78.77182006835938,74.625732421875,73.57308959960938,74.09453582763672,68.26419067382812,68.09552001953125,67.11929321289062,65.86349487304688,67.41661834716797,69.35416412353516,65.30696868896484,67.779052734375,66.40782928466797,66.2872543334961
0,-35,-95,11,37,109.59014892578125,111.40017700195312,107.83784484863281,111.40017700195312,106.92988586425781,109.59014892578125,107.01869201660156,104.27847290039062,103.24727630615234,102.52804565429688,103.46497344970703,103.4069595336914,103.16007232666016,100.68763732910156,100.89598846435547,100.43903350830078,104.3455810546875,103.16007232666016,105.22357177734375,105.54619598388672,108.06016540527344,111.98660278320312,105.11898040771484,106.7052001953125,106.30146026611328,106.96260833740234,104.78549194335938,104.29285430908203,102.83968353271484,100.16985321044922,98.23441314697266,96.3016128540039,96.04686737060547,91.0933609008789,90.13877868652344,86.68333435058594,85.72631072998047,82.56512451171875,80.3243408203125,80.3243408203125,73.73601531982422,74.3303451538086,71.7844009399414,74.3303451538086,71.16881561279297,70.57620239257812,70.93659210205078,68.54196166992188,68.88395690917969,70.8307876586914,69.1158447265625,71.84010314941406
0,-35,-95,11,38,110.86027526855469,110.60289001464844,111.40017700195312,113.03096771240234,110.35397338867188,107.70329284667969,107.93516540527344,107.2800064086914,103.36827087402344,101.78899383544922,101.78899383544922,103.24727630615234,102.8250961303711,101.40019989013672,101.17806243896484,103.17460632324219,102.01960754394531,102.01960754394531,105.0,110.01818084716797,107.0,111.00450134277344,107.11676025390625,112.01785278320312,107.29864501953125,109.1650161743164,105.23307800292969,104.3886947631836,102.39628601074219,100.4987564086914,96.02603912353516,98.50888061523438,93.64827728271484,91.08238220214844,90.25519561767578,87.29833984375,83.9523696899414,80.80841827392578,81.02468872070312,78.64476776123047,76.15773010253906,74.73285675048828,74.52516174316406,70.0927963256836,70.8307876586914,67.18630981445312,70.3420181274414,71.47027587890625,70.57620239257812,71.11258697509766,72.00694274902344,70.1783447265625
0,-35,-95,11,36,104.92378234863281,104.56098937988281,108.67382049560547,104.92378234863281,105.9056167602539,104.13932800292969,100.22474670410156,102.25947570800781,97.49359130859375,99.84988403320312,97.01546478271484,95.33625030517578,97.1287841796875,96.00521087646484,96.02082824707031,100.00499725341797,95.04735565185547,100.04499053955078,100.12492370605469,101.12368774414062,104.04325866699219,106.04244232177734,103.0436782836914,104.12012481689453,106.00471496582031,103.0,100.0,100.0199966430664,97.1287841796875,97.08243560791016,90.19977569580078,94.19129180908203,90.19977569580078,88.27796936035156,86.37129211425781,84.2911605834961,81.49846649169922,78.4091796875,76.41989135742188,73.43704986572266,74.5452880859375,69.72087097167969,71.84706115722656,66.61080932617188,67.74215698242188,65.92420196533203,66.0984115600586,67.6830825805664,68.88395690917969,68.94925689697266,66.85057830810547,66.24198150634766
0,-37,-95,13,28,103.94710540771484,103.94710540771484,106.79419708251953,103.24727630615234,104.65180206298828,101.82337951660156,101.11874389648438,96.17691802978516,95.48298645019531,95.58765411376953,94.9210205078125,95.90099334716797,95.0,93.60021209716797,93.23089599609375,95.96353149414062,94.87360382080078,96.04165649414062,96.3846435546875,99.64437103271484,99.32270812988281,100.16985321044922,99.85990142822266,101.0197982788086,100.12492370605469,98.73702239990234,96.26006317138672,94.62557983398438,92.41753387451172,91.02197265625,87.00574493408203,88.60022735595703,84.81155395507812,82.61961364746094,81.21575927734375,80.43009185791016,77.33692169189453,73.87828063964844,72.34638977050781,70.1783447265625,68.01470184326172,67.35725402832031,68.7677230834961,65.94694519042969,65.11528015136719,63.65532302856445,62.93647766113281,64.35060119628906,63.03173828125,64.03124237060547,62.42595672607422,62.265560150146484
0,-35,-95,11,37,108.16654205322266,105.34230041503906,110.13627624511719,107.51744079589844,108.50345611572266,103.4069595336914,103.81714630126953,101.59232330322266,99.72462463378906,100.31948852539062,100.7223892211914,99.31767272949219,97.52947998046875,96.3846435546875,96.3846435546875,99.85990142822266,98.47334289550781,100.95543670654297,101.0197982788086,104.40306854248047,103.46980285644531,104.62313079833984,103.73042297363281,107.20074462890625,104.56098937988281,102.07839965820312,102.92716217041016,101.54801940917969,96.3846435546875,96.04165649414062,94.5145492553711,92.43917083740234,91.4166259765625,88.32327270507812,88.58893585205078,84.53401947021484,82.76472473144531,77.5241928100586,77.02597045898438,72.89718627929688,74.6860122680664,72.00694274902344,74.24284362792969,69.35416412353516,69.35416412353516,67.08203887939453,67.5425796508789,68.54196166992188,67.41661834716797,68.96376037597656,67.6830825805664,65.4904556274414
0,-37,-95,14,25,106.09900665283203,105.9056167602539,108.25894927978516,107.51744079589844,104.56098937988281,104.13932800292969,104.7377700805664,100.62306213378906,100.22474670410156,97.51409912109375,100.16985321044922,97.80081939697266,96.76776123046875,96.13532257080078,94.86833190917969,96.93296813964844,98.0866928100586,95.85405731201172,102.04410552978516,103.07764434814453,101.59232330322266,104.0,102.31813049316406,104.78549194335938,102.31813049316406,102.52804565429688,98.97979736328125,97.71898651123047,96.16651916503906,94.5568618774414,91.76055908203125,89.02246856689453,88.60022735595703,85.16454315185547,83.6779556274414,81.74349975585938,80.28075408935547,76.40026092529297,72.2772445678711,71.38627624511719,70.61161041259766,67.6830825805664,68.44705963134766,68.44705963134766,65.92420196533203,63.78871536254883,65.6201171875,64.38167572021484,65.27633666992188,65.03076171875,64.0078125,63.50590515136719
0,-37,-95,14,25,105.19029998779297,105.7024154663086,106.6208267211914,107.42439270019531,103.87010955810547,103.87010955810547,103.46980285644531,100.46392059326172,100.08995819091797,96.4624252319336,98.03060913085938,95.88013458251953,95.07891082763672,95.07891082763672,95.8018798828125,95.12622833251953,98.31072998046875,95.7078857421875,99.98500061035156,100.28459167480469,101.27191162109375,102.59142303466797,99.82484436035156,102.1077880859375,100.62306213378906,101.0,100.43903350830078,96.54014587402344,95.8018798828125,92.6498794555664,89.73851013183594,89.9888916015625,86.83317565917969,84.20214080810547,83.52245330810547,80.36167907714844,78.16009521484375,76.24303436279297,72.42237091064453,71.47027587890625,68.62215423583984,68.62215423583984,65.45991516113281,65.78753662109375,64.51356506347656,62.96824645996094,64.25729370117188,63.694583892822266,63.56099319458008,63.52952194213867,62.7694206237793,64.20280456542969
0,-38,-95,14,25,104.93807983398438,107.51744079589844,109.83624267578125,107.51744079589844,106.21205139160156,104.08650207519531,103.57605743408203,101.78899383544922,99.04039764404297,99.2471694946289,98.48857879638672,97.98469543457031,96.4624252319336,96.13532257080078,93.6375961303711,98.61541748046875,98.89894104003906,98.48857879638672,101.55294036865234,102.88343048095703,102.45974731445312,103.36827087402344,103.46980285644531,103.36827087402344,102.15674591064453,101.39033508300781,100.46392059326172,98.79270935058594,94.33981323242188,93.04837799072266,90.47651672363281,89.53770446777344,87.66413116455078,85.70297241210938,83.48652648925781,81.90848541259766,80.65357971191406,76.24303436279297,72.42237091064453,70.51950073242188,70.21395874023438,69.57010650634766,69.2603759765625,67.05221557617188,65.14598846435547,63.60031509399414,65.52098846435547,65.0,65.11528015136719,66.61080932617188,65.19202423095703,65.0076904296875
0,-35,-95,11,37,107.42439270019531,105.11898040771484,108.85311126708984,107.42439270019531,105.11898040771484,101.98039245605469,104.27847290039062,101.23734283447266,96.25486755371094,98.08159637451172,99.02020263671875,97.08243560791016,95.07891082763672,94.9210205078125,95.33625030517578,99.46356201171875,96.10411071777344,101.20276641845703,99.29753112792969,101.60708618164062,101.78899383544922,101.98039245605469,104.13932800292969,103.94229125976562,102.9611587524414,101.20276641845703,100.89598846435547,100.42410278320312,96.3016128540039,97.41663360595703,90.2496566772461,90.2496566772461,88.8875732421875,87.09190368652344,85.38150024414062,82.861328125,80.99382781982422,79.69943237304688,75.02666473388672,71.16881561279297,73.73601531982422,70.22820281982422,68.70953369140625,68.3520278930664,67.23094177246094,69.07966613769531,65.79513549804688,68.02940368652344,67.97793579101562,68.26419067382812,66.85057830810547,66.70832061767578
0,-35,-95,11,37,106.169677734375,105.11898040771484,108.11567687988281,109.29318237304688,106.07544708251953,103.12128448486328,101.07917785644531,101.17806243896484,98.32598876953125,99.40824890136719,97.86725616455078,98.99494934082031,97.32420349121094,95.12622833251953,96.8813705444336,98.95453643798828,98.08159637451172,98.49365234375,101.83319854736328,100.28459167480469,104.69479370117188,103.58088684082031,103.58088684082031,102.78618621826172,104.8093490600586,99.68952178955078,100.66280364990234,99.20181274414062,98.48857879638672,95.12622833251953,93.17188262939453,92.76313781738281,88.45903015136719,86.14522552490234,84.85281372070312,84.34452819824219,79.76214599609375,76.11833190917969,74.81310272216797,74.67261505126953,69.72087097167969,69.46221923828125,72.56031799316406,67.47592163085938,68.35934448242188,68.26419067382812,67.11929321289062,66.0302963256836,66.0,68.00735473632812,66.37017059326172,64.53681182861328
0,-35,-95,11,37,105.80170440673828,108.46197509765625,106.47064971923828,106.79419708251953,105.9292221069336,103.48429870605469,105.3043212890625,103.48429870605469,98.12747192382812,98.12747192382812,98.18350219726562,98.04590606689453,99.0,98.04590606689453,96.08329772949219,96.42095184326172,99.98500061035156,97.51409912109375,104.08650207519531,103.24727630615234,103.69667053222656,104.8093490600586,103.5857162475586,104.3886947631836,103.31021118164062,105.385009765625,101.2422866821289,98.08159637451172,98.08159637451172,96.02082824707031,95.04735565185547,94.08506774902344,92.02173614501953,86.00581359863281,86.0,83.0,81.09870910644531,79.05693817138672,78.16009521484375,75.02666473388672,72.11102294921875,73.06161499023438,69.1158447265625,69.1158447265625,68.11754608154297,66.18912506103516,66.12110137939453,66.48307800292969,66.91038513183594,68.44705963134766,68.94925689697266,65.39112854003906
0,-35,-95,11,38,109.55364227294922,111.77208709716797,114.58621215820312,113.99122619628906,113.1591796875,109.85900115966797,111.77208709716797,107.91200256347656,104.62313079833984,103.5857162475586,103.83159637451172,100.18482971191406,101.51847076416016,101.13357543945312,99.4032211303711,103.12128448486328,103.73042297363281,102.45974731445312,106.25440979003906,110.72488403320312,110.13627624511719,108.50345611572266,107.15409088134766,109.44404602050781,110.86027526855469,107.01869201660156,103.78824615478516,103.87010955810547,98.89894104003906,101.13357543945312,96.60745239257812,97.50897216796875,95.7131118774414,92.1791763305664,90.42676544189453,88.1192398071289,85.0,81.4923324584961,82.49242401123047,75.66372680664062,74.79304504394531,75.66372680664062,74.79304504394531,73.57308959960938,71.34423828125,69.3397445678711,70.72481536865234,69.40460968017578,69.81404113769531,72.34638977050781,71.4212875366211,69.52696990966797
0,-35,-95,11,37,104.04325866699219,105.43718719482422,108.00463104248047,106.25440979003906,103.46980285644531,104.56098937988281,103.2279052734375,101.51354217529297,98.81295776367188,98.40731811523438,99.02020263671875,97.45255279541016,94.84724426269531,97.67292022705078,94.76286315917969,94.76286315917969,99.08582305908203,99.76472473144531,101.31633758544922,101.91172790527344,103.94710540771484,106.10372161865234,101.86265563964844,105.418212890625,103.94710540771484,103.96633911132812,100.4987564086914,98.41239929199219,96.42613983154297,97.74456787109375,92.8493423461914,93.7229995727539,91.21403503417969,84.20214080810547,86.02325439453125,81.60882568359375,81.4002456665039,79.2022705078125,76.27581787109375,74.06078338623047,73.60027313232422,70.21395874023438,72.67048645019531,71.84706115722656,68.79679870605469,65.86349487304688,64.88451385498047,66.64833068847656,66.64083099365234,68.02940368652344,67.35725402832031,67.44627380371094
0,-35,-95,11,37,112.64102172851562,109.11003875732422,109.4805908203125,108.46658325195312,111.01801300048828,105.9480972290039,106.04244232177734,103.84603881835938,103.07764434814453,102.39140319824219,100.66280364990234,100.0199966430664,99.84988403320312,96.87621307373047,99.40824890136719,100.17984008789062,100.0199966430664,101.04454803466797,103.0,104.0,105.0047607421875,106.00471496582031,105.0,108.0,109.11461639404297,103.01941680908203,103.0436782836914,102.07839965820312,98.24967956542969,100.12492370605469,95.33625030517578,95.33625030517578,93.19334411621094,90.27181243896484,87.46427917480469,86.14522552490234,81.39410400390625,79.5110092163086,76.53103637695312,75.42546081542969,75.1664810180664,70.45565795898438,70.34912872314453,68.59300231933594,65.4904556274414,66.91038513183594,68.73136138916016,70.03570556640625,68.44705963134766,68.4105224609375,69.57010650634766,68.88395690917969
0,-35,-95,11,37,108.6876220703125,106.0235824584961,103.87010955810547,107.83784484863281,105.55093383789062,104.69479370117188,100.64790344238281,100.7223892211914,97.50897216796875,97.69339752197266,97.86214447021484,97.40636444091797,96.76776123046875,94.9210205078125,94.25497436523438,97.80081939697266,97.29337310791016,96.54014587402344,102.18121337890625,100.80674743652344,102.39140319824219,102.1077880859375,101.13851928710938,104.29285430908203,101.6513671875,102.88343048095703,99.6242904663086,96.76776123046875,98.03060913085938,90.75791931152344,91.4166259765625,88.54377746582031,87.66413116455078,86.16263580322266,84.8646011352539,81.70679473876953,79.30951690673828,73.9256362915039,74.84651184082031,73.00685119628906,71.5541763305664,72.01388549804688,69.7782211303711,68.87670135498047,65.7419204711914,66.18912506103516,68.47627258300781,68.09552001953125,65.45991516113281,66.21932983398438,63.03173828125,66.48307800292969
0,-35,-95,11,37,107.51744079589844,109.20164489746094,112.60550689697266,112.64102172851562,109.41663360595703,107.56393432617188,105.6503677368164,104.04325866699219,102.78618621826172,104.0,100.6578369140625,102.45974731445312,98.83824920654297,98.83824920654297,99.29753112792969,100.7223892211914,103.83159637451172,99.64437103271484,104.8475112915039,106.8503646850586,108.0462875366211,109.59014892578125,106.67708587646484,108.22661590576172,108.30050659179688,106.0660171508789,103.83159637451172,103.31021118164062,103.31505584716797,96.15092468261719,97.04637908935547,95.2732925415039,93.52005004882812,91.78779602050781,88.0227279663086,85.08818817138672,85.08818817138672,81.93900299072266,78.39005279541016,80.23091888427734,73.73601531982422,71.51223754882812,72.23572540283203,71.16881561279297,71.7844009399414,69.92138671875,67.35725402832031,72.53275299072266,69.63475799560547,71.02112579345703,70.45565795898438,70.0
0,-38,-95,14,25,107.05606079101562,107.81465911865234,109.7861557006836,111.12605285644531,107.81465911865234,106.30146026611328,104.35037231445312,100.89598846435547,100.2646484375,100.60317993164062,100.60317993164062,99.04544067382812,99.5690689086914,97.41663360595703,97.24710845947266,97.1287841796875,99.76472473144531,97.52947998046875,104.21611785888672,104.65180206298828,104.65657806396484,105.54619598388672,100.23971557617188,103.76897430419922,103.83159637451172,101.71037292480469,99.4786376953125,97.09788513183594,98.27003479003906,93.81364440917969,92.6498794555664,91.26883697509766,89.58794403076172,87.66413116455078,84.05355072021484,80.70935821533203,80.21221923828125,76.843994140625,74.40430450439453,73.81734466552734,70.60453033447266,71.40028381347656,68.818603515625,70.0,67.80117797851562,65.29930877685547,66.06814575195312,65.19202423095703,64.38167572021484,66.48307800292969,65.4369888305664,67.11929321289062
0,-38,-95,13,30,110.7519760131836,108.57716369628906,116.21101379394531,111.52130126953125,115.108642578125,107.93516540527344,108.23123168945312,106.04244232177734,103.6001968383789,106.01886749267578,102.2007827758789,100.68763732910156,101.3558120727539,100.34440612792969,97.1287841796875,102.41581726074219,100.7223892211914,102.956298828125,103.07764434814453,108.46197509765625,106.92988586425781,107.93516540527344,107.83784484863281,108.33743286132812,107.78682708740234,103.7545166015625,100.62306213378906,102.41581726074219,97.49359130859375,99.28242492675781,92.59049987792969,93.05912017822266,91.7060546875,89.55445098876953,86.83317565917969,86.45230102539062,82.49242401123047,79.92496490478516,76.85050201416016,73.57308959960938,75.80237579345703,68.09552001953125,73.9256362915039,69.6419448852539,68.79679870605469,67.95587158203125,67.11929321289062,67.11929321289062,69.20259857177734,68.7677230834961,66.4680404663086,66.84310150146484
0,-37,-95,13,29,108.5587387084961,105.47511291503906,110.6526107788086,105.47511291503906,108.46197509765625,99.32270812988281,102.48902130126953,100.60317993164062,98.73196411132812,101.11874389648438,96.17691802978516,95.90099334716797,95.8018798828125,95.33625030517578,93.14505004882812,98.37174224853516,93.30059051513672,99.29753112792969,97.86214447021484,100.90093994140625,101.19288635253906,101.843017578125,103.74005889892578,101.51354217529297,100.88111877441406,99.04039764404297,96.84007263183594,99.72462463378906,93.40770721435547,94.83142852783203,86.83317565917969,88.76936340332031,86.83317565917969,84.40379333496094,82.97589874267578,82.0,78.44743347167969,75.31268310546875,73.16419982910156,70.21395874023438,71.02112579345703,66.0984115600586,69.23149871826172,63.78871536254883,64.77654266357422,62.64982223510742,63.50590515136719,64.38167572021484,66.12110137939453,64.03124237060547,63.071388244628906,62.64982223510742
0,-35,-95,11,37,105.11898040771484,103.07764434814453,111.11255645751953,104.3886947631836,108.16654205322266,99.18164825439453,102.04410552978516,98.0204086303711,98.12747192382812,100.0199966430664,97.00515747070312,96.08329772949219,95.13148498535156,96.25486755371094,92.43917083740234,98.85848236083984,95.35198211669922,100.28459167480469,97.86214447021484,101.78899383544922,101.27191162109375,102.59142303466797,102.956298828125,104.56098937988281,102.8250961303711,100.7174301147461,99.72462463378906,100.4987564086914,94.33981323242188,97.41663360595703,92.0869140625,93.26306915283203,92.0869140625,86.09297180175781,85.02352905273438,83.00602722167969,79.00633239746094,78.0,75.0,72.00694274902344,74.00675964355469,68.0,72.0,66.0302963256836,68.00735473632812,67.02984619140625,65.0691909790039,66.27216339111328,67.89698028564453,68.44705963134766,65.52098846435547,65.55150604248047
0,-35,-95,11,37,109.0,108.07405090332031,113.0707778930664,111.04053497314453,109.07337188720703,105.0047607421875,108.22661590576172,105.1712875366211,100.17984008789062,102.39628601074219,104.3886947631836,100.12991333007812,100.62306213378906,98.27003479003906,97.51409912109375,102.35721588134766,99.45853424072266,101.39033508300781,102.48902130126953,105.3043212890625,107.2800064086914,107.20541381835938,105.08092498779297,107.00466918945312,104.8093490600586,107.70329284667969,101.13851928710938,104.56098937988281,99.68952178955078,98.65596771240234,96.31718444824219,94.3663101196289,94.14881896972656,88.1192398071289,89.44271850585938,87.29833984375,83.86298370361328,81.21575927734375,77.92945861816406,75.95393371582031,75.53807067871094,72.83543395996094,72.83543395996094,68.73136138916016,68.35934448242188,67.47592163085938,68.26419067382812,68.18357849121094,69.02897644042969,69.00724792480469,68.35934448242188,66.2872543334961
0,-35,-95,11,36,104.29285430908203,101.83319854736328,106.7801513671875,104.29285430908203,106.50821685791016,100.12492370605469,100.16985321044922,98.61541748046875,96.5660400390625,97.6166000366211,96.3846435546875,93.94147491455078,93.471923828125,93.471923828125,93.62158203125,93.04837799072266,92.97311401367188,95.81753540039062,95.88013458251953,101.53324890136719,100.57833099365234,101.83319854736328,101.51354217529297,101.19288635253906,99.72462463378906,99.02020263671875,94.86833190917969,96.93296813964844,92.35800170898438,93.40770721435547,89.1964111328125,91.4166259765625,85.4400405883789,85.09406280517578,82.63776397705078,82.07923126220703,79.62411499023438,73.9256362915039,73.40980529785156,69.35416412353516,70.68238830566406,68.94200134277344,68.15423583984375,65.30696868896484,64.47480010986328,63.976558685302734,64.8459701538086,64.41273498535156,65.0,66.85057830810547,67.47592163085938,65.05382537841797
0,-35,-95,11,37,112.7696762084961,113.14591979980469,110.9414291381836,112.2541732788086,110.9414291381836,106.94390869140625,108.90821838378906,106.55046081542969,103.94229125976562,101.78899383544922,102.92716217041016,100.43903350830078,102.80078125,100.0,102.61579132080078,102.8250961303711,104.06248474121094,101.23734283447266,103.94710540771484,107.51744079589844,106.15083312988281,106.8877944946289,105.64563751220703,108.2450942993164,107.05606079101562,109.123779296875,106.4048843383789,102.17631530761719,101.82828521728516,101.53324890136719,97.00515747070312,97.6166000366211,94.02127075195312,88.23831176757812,88.81441497802734,84.62860107421875,84.87638092041016,81.02468872070312,78.81623840332031,76.6093978881836,73.81734466552734,74.06078338623047,74.63243103027344,72.67048645019531,70.45565795898438,70.72481536865234,71.34423828125,70.8307876586914,67.97793579101562,69.07966613769531,70.22820281982422,70.3420181274414
0,-35,-95,11,37,111.82575988769531,113.60017395019531,109.59014892578125,110.92339324951172,108.22661590576172,111.80339813232422,108.6876220703125,108.24047088623047,105.11898040771484,98.61541748046875,101.78899383544922,99.04544067382812,99.4032211303711,100.42410278320312,101.212646484375,99.2471694946289,104.06248474121094,100.00499725341797,108.2081298828125,108.2450942993164,107.81465911865234,108.57716369628906,103.3924560546875,109.62207794189453,108.97705841064453,109.7861557006836,106.4048843383789,99.35794067382812,101.67103576660156,98.71676635742188,100.2646484375,96.21330261230469,94.20191192626953,90.0,88.81441497802734,83.6002426147461,85.0,79.8122787475586,79.2022705078125,76.843994140625,74.20242309570312,75.0,71.61005401611328,71.28113555908203,70.1783447265625,69.6419448852539,69.6419448852539,71.34423828125,69.35416412353516,70.66116333007812,69.85699462890625,68.62215423583984
0,-35,-95,11,37,109.37092590332031,110.29052734375,111.28791809082031,110.54862976074219,109.37092590332031,103.31021118164062,105.3043212890625,103.17460632324219,99.12618255615234,100.04499053955078,101.00495147705078,98.0204086303711,99.12618255615234,98.32598876953125,98.50888061523438,100.60317993164062,101.60708618164062,98.0051040649414,102.9611587524414,104.56098937988281,106.0660171508789,107.05606079101562,105.07616424560547,106.7052001953125,104.69001770019531,105.68348693847656,100.7174301147461,101.49384307861328,97.41663360595703,98.50888061523438,97.18538665771484,95.42536163330078,94.19129180908203,93.13430786132812,88.09085845947266,85.05292510986328,84.148681640625,80.09993743896484,76.05918884277344,76.00657653808594,73.00685119628906,74.02702331542969,73.02738952636719,68.02940368652344,70.0,66.06814575195312,66.06814575195312,70.11418914794922,67.47592163085938,69.72087097167969,67.91170501708984,66.128662109375
0,-35,-95,11,37,108.6876220703125,112.25862884521484,111.40017700195312,112.2541732788086,109.12836456298828,107.33126068115234,104.69479370117188,104.3886947631836,100.7223892211914,100.84642028808594,99.92497253417969,99.95999145507812,98.67117309570312,98.08159637451172,99.04039764404297,98.95453643798828,100.43903350830078,100.66280364990234,104.7377700805664,106.09900665283203,105.5367202758789,108.68302154541016,104.04806518554688,107.48953247070312,106.48004150390625,105.51303100585938,102.88343048095703,102.78618621826172,98.67117309570312,98.37174224853516,98.03060913085938,94.86833190917969,92.02716827392578,89.1964111328125,87.66413116455078,85.79627227783203,85.23497009277344,81.1541748046875,79.84986114501953,73.53910827636719,71.69379425048828,72.23572540283203,71.69379425048828,69.6419448852539,68.15423583984375,68.02940368652344,69.7782211303711,68.0,67.60177612304688,68.50547790527344,66.84310150146484,68.59300231933594
0,-35,-95,11,37,107.33592224121094,107.33592224121094,108.07867431640625,105.34230041503906,107.56393432617188,103.61949920654297,105.84894561767578,102.15674591064453,98.48857879638672,98.89894104003906,97.08243560791016,94.82615661621094,97.1287841796875,97.75479888916016,96.25486755371094,96.26006317138672,97.20082092285156,100.80178833007812,101.04454803466797,103.4069595336914,102.80078125,105.0,102.41581726074219,104.01922607421875,101.83319854736328,102.90287017822266,99.6242904663086,99.5690689086914,95.69221496582031,95.44107818603516,92.6498794555664,94.04785919189453,92.6498794555664,89.35882568359375,86.09297180175781,82.68010711669922,80.77747344970703,77.17512512207031,78.03204345703125,74.09453582763672,72.40165710449219,72.71863555908203,70.49113464355469,69.35416412353516,67.60177612304688,68.0,66.73080444335938,69.31810760498047,68.54196166992188,68.70953369140625,65.802734375,64.32728576660156
0,-35,-95,12,33,108.97705841064453,109.71326446533203,108.93116760253906,110.45361328125,106.15083312988281,106.15083312988281,106.15083312988281,105.418212890625,102.53292083740234,101.17806243896484,100.6578369140625,97.94896697998047,99.02020263671875,98.60020446777344,97.00515747070312,101.25709533691406,103.24727630615234,99.02020263671875,102.21546173095703,103.77379608154297,106.53168487548828,106.0,109.0,106.32967376708984,104.56098937988281,105.9480972290039,103.17460632324219,100.20977783203125,96.40020751953125,97.34988403320312,95.21029663085938,93.00537872314453,92.00543212890625,91.21403503417969,88.40814208984375,84.0238037109375,82.61961364746094,78.24320983886719,78.24320983886719,75.28611755371094,73.24616241455078,70.60453033447266,72.4706802368164,71.84010314941406,68.680419921875,67.26811981201172,67.26811981201172,70.93659210205078,68.01470184326172,69.42621612548828,69.065185546875,67.23094177246094
0,-35,-95,11,38,111.36426544189453,112.71202087402344,113.17684936523438,114.49017333984375,111.36426544189453,110.05907440185547,109.56732940673828,108.6876220703125,104.21611785888672,102.15674591064453,102.69371795654297,101.95096588134766,99.92997741699219,100.24469757080078,103.74005889892578,101.13851928710938,104.13932800292969,103.07764434814453,105.9056167602539,108.06016540527344,106.30146026611328,109.44404602050781,105.11898040771484,110.81967163085938,109.63575744628906,108.17115783691406,105.99056243896484,102.88343048095703,102.35721588134766,99.04039764404297,97.1236343383789,96.4624252319336,95.21029663085938,90.13877868652344,90.13877868652344,87.28115844726562,84.77027893066406,79.05693817138672,81.59656524658203,78.10890197753906,74.09453582763672,75.61084747314453,71.7844009399414,71.51223754882812,70.83784484863281,69.46221923828125,69.46221923828125,71.69379425048828,70.21395874023438,73.06161499023438,71.28113555908203,72.4706802368164
0,-38,-95,14,25,105.8914566040039,106.66770935058594,106.4048843383789,107.29864501953125,104.48445129394531,102.303466796875,101.53324890136719,98.59513092041016,97.83660125732422,95.52486419677734,95.48298645019531,94.04785919189453,95.01578521728516,96.42613983154297,96.54014587402344,95.2680435180664,95.60334777832031,95.60334777832031,99.04544067382812,99.6242904663086,100.0,102.80078125,98.23441314697266,100.80178833007812,101.04454803466797,100.2646484375,98.71676635742188,93.50936126708984,93.50936126708984,90.02777099609375,89.1964111328125,87.78382873535156,87.04596710205078,82.75868225097656,83.4505844116211,78.49203491210938,78.49203491210938,73.53910827636719,72.83543395996094,71.4212875366211,68.62215423583984,67.20863342285156,65.76473236083984,65.0691909790039,63.70243453979492,63.03173828125,63.12685775756836,64.03124237060547,63.411354064941406,63.24555206298828,63.1347770690918,65.39112854003906
0,-35,-95,11,37,112.40106964111328,108.85311126708984,110.69326782226562,109.25199890136719,107.70329284667969,103.87010955810547,105.84894561767578,104.54663848876953,102.88343048095703,98.67117309570312,99.29753112792969,100.57833099365234,99.20181274414062,98.23441314697266,95.8018798828125,99.63935089111328,101.27191162109375,102.25947570800781,103.5857162475586,103.48429870605469,104.93807983398438,105.22357177734375,105.11898040771484,106.0660171508789,103.94229125976562,103.7545166015625,103.57605743408203,101.63660430908203,97.29337310791016,97.29337310791016,91.21403503417969,94.14881896972656,92.96235656738281,87.80091094970703,89.73851013183594,86.40023040771484,81.32035064697266,77.79460144042969,77.20103454589844,75.0,72.73238372802734,69.2603759765625,72.80110168457031,69.2603759765625,66.0984115600586,67.67569732666016,67.67569732666016,68.00735473632812,67.62396240234375,70.23532104492188,66.5732650756836,65.6048812866211
0,-35,-95,11,37,112.80514526367188,112.04463195800781,113.35784149169922,110.2587890625,108.57716369628906,107.81465911865234,105.8914566040039,102.72779846191406,103.4794692993164,101.82337951660156,100.44898986816406,99.15644073486328,98.59513092041016,98.85848236083984,100.42410278320312,102.2007827758789,100.95543670654297,101.51354217529297,104.00961303710938,104.29285430908203,106.8316421508789,107.07473754882812,105.43718719482422,108.75660705566406,105.68348693847656,107.07473754882812,103.2279052734375,102.00489807128906,99.80982208251953,99.80982208251953,96.04686737060547,94.81033325195312,92.45539093017578,88.72992706298828,88.61715698242188,85.2760238647461,84.38601684570312,78.8733139038086,79.5110092163086,76.5767593383789,74.41101837158203,72.34638977050781,71.58910369873047,71.0633544921875,68.62215423583984,69.35416412353516,67.89698028564453,69.35416412353516,70.03570556640625,71.0633544921875,68.60028839111328,69.83551788330078
0,-35,-95,11,37,110.86027526855469,111.2339859008789,110.38568878173828,110.49434661865234,109.20164489746094,108.63240814208984,107.33592224121094,105.47511291503906,104.67568969726562,101.19288635253906,101.53324890136719,101.39033508300781,101.63660430908203,100.43903350830078,99.82484436035156,101.27191162109375,101.71037292480469,100.84146118164062,105.68348693847656,104.58011627197266,104.93807983398438,110.76551818847656,107.05606079101562,106.79419708251953,105.07616424560547,106.0660171508789,103.09703826904297,101.98039245605469,101.11874389648438,98.31072998046875,95.90099334716797,95.90099334716797,94.3663101196289,89.26925659179688,88.76936340332031,85.14693450927734,83.9523696899414,79.30951690673828,77.6208724975586,78.33900451660156,74.46475982666016,74.46475982666016,69.63475799560547,69.6419448852539,70.51950073242188,69.57010650634766,67.05221557617188,70.93659210205078,70.38465881347656,71.17584228515625,67.60177612304688,68.818603515625
0,-35,-95,11,37,107.70329284667969,107.54068756103516,111.08555603027344,108.50345611572266,108.63240814208984,106.04244232177734,106.4048843383789,104.0,102.55242919921875,101.76934814453125,101.13357543945312,100.17984008789062,99.36296844482422,97.52947998046875,98.0051040649414,101.2422866821289,97.41663360595703,101.2422866821289,102.64988708496094,105.11898040771484,101.78899383544922,105.39450073242188,106.0,109.60382843017578,104.8093490600586,103.94229125976562,104.23531341552734,100.7223892211914,95.29428100585938,97.94896697998047,93.94147491455078,92.61209106445312,89.89994812011719,87.66413116455078,89.05054473876953,84.17243957519531,84.69356536865234,77.6208724975586,78.39005279541016,74.67261505126953,74.67261505126953,73.40980529785156,72.44998168945312,68.94925689697266,68.94925689697266,68.00735473632812,68.96376037597656,67.44627380371094,67.26811981201172,69.58448028564453,68.18357849121094,68.00735473632812
0,-35,-95,11,37,113.1591796875,111.77208709716797,110.98197937011719,112.60550689697266,105.39450073242188,110.9414291381836,107.37783813476562,104.30723571777344,104.9571304321289,100.34440612792969,103.24727630615234,99.4786376953125,102.85912322998047,99.74467468261719,100.84642028808594,102.31813049316406,101.59232330322266,103.46497344970703,104.67568969726562,108.46658325195312,104.67568969726562,107.51744079589844,106.04244232177734,106.97663116455078,106.23088073730469,107.15409088134766,104.54663848876953,102.956298828125,102.45974731445312,100.7223892211914,96.15092468261719,96.25486755371094,97.08243560791016,88.56636047363281,91.23595428466797,88.54942321777344,84.59905242919922,78.77182006835938,79.64923095703125,76.05918884277344,74.24284362792969,73.9256362915039,72.00694274902344,72.4706802368164,69.35416412353516,68.09552001953125,69.6419448852539,70.72481536865234,70.0,70.76722717285156,68.680419921875,70.0927963256836
0,-35,-95,11,38,107.78682708740234,108.6876220703125,111.41364288330078,108.25894927978516,108.6876220703125,104.65180206298828,104.20172882080078,104.20172882080078,100.64790344238281,99.98500061035156,99.98500061035156,100.12492370605469,98.81295776367188,99.02020263671875,96.21330261230469,98.85848236083984,99.82484436035156,100.5683822631836,102.55242919921875,104.06248474121094,105.11898040771484,109.71326446533203,103.85566711425781,106.79419708251953,104.89041900634766,102.303466796875,101.67103576660156,102.94173431396484,99.02020263671875,95.7757797241211,91.40021514892578,94.20191192626953,90.44335174560547,86.60831451416016,86.26702880859375,84.20214080810547,81.84130859375,78.00640869140625,78.23681640625,76.27581787109375,73.7834701538086,73.49829864501953,71.02816009521484,68.50547790527344,70.72481536865234,67.67569732666016,70.32780456542969,66.73080444335938,70.71067810058594,68.87670135498047,69.6419448852539,68.680419921875
0,-35,-95,11,38,110.81967163085938,113.77169799804688,113.77169799804688,114.93476104736328,112.96902465820312,108.50345611572266,107.68936920166016,107.51744079589844,104.23531341552734,102.25947570800781,103.5857162475586,101.2422866821289,102.07839965820312,103.12128448486328,102.01960754394531,102.01960754394531,104.23531341552734,103.0436782836914,107.1680908203125,111.16204071044922,110.04090118408203,107.07473754882812,109.01834869384766,109.11461639404297,112.04016876220703,109.0,105.0047607421875,102.01960754394531,105.0428466796875,100.04499053955078,98.04590606689453,97.1287841796875,94.19129180908203,90.13877868652344,88.20430755615234,89.20201873779297,85.28775024414062,81.22191619873047,79.22752380371094,76.41989135742188,74.3303451538086,74.3303451538086,75.66372680664062,71.56814575195312,69.35416412353516,68.73136138916016,69.42621612548828,69.42621612548828,71.58910369873047,70.60453033447266,69.89277648925781,71.11258697509766
0,-35,-95,12,33,105.07616424560547,106.11785888671875,108.11567687988281,111.04053497314453,106.04244232177734,105.11898040771484,101.2422866821289,99.32270812988281,99.32270812988281,99.60923767089844,99.60923767089844,98.15293884277344,97.08243560791016,96.54014587402344,97.01546478271484,99.72462463378906,99.92997741699219,97.41663360595703,104.35516357421875,103.09219360351562,99.32774353027344,104.35516357421875,100.24469757080078,105.34230041503906,104.40306854248047,102.2007827758789,100.28459167480469,97.01546478271484,97.98469543457031,93.40770721435547,95.07891082763672,89.9888916015625,88.76936340332031,87.80091094970703,82.97589874267578,80.28075408935547,79.42921447753906,78.10249328613281,76.48529052734375,74.52516174316406,70.40596771240234,70.40596771240234,69.42621612548828,69.05070495605469,65.30696868896484,68.06614685058594,65.92420196533203,65.92420196533203,65.37583923339844,68.18357849121094,67.00746154785156,66.48307800292969
0,-35,-95,11,37,108.07405090332031,110.2587890625,111.82575988769531,110.8873291015625,110.2587890625,104.63746643066406,104.63746643066406,101.0197982788086,102.61579132080078,100.68763732910156,99.04544067382812,97.90811920166016,102.21546173095703,100.23971557617188,99.98500061035156,101.96568298339844,102.55242919921875,97.94386291503906,105.19029998779297,105.60302734375,106.0235824584961,106.51290893554688,104.21611785888672,109.1650161743164,106.0235824584961,106.43777465820312,104.20172882080078,103.83159637451172,99.76472473144531,95.77056121826172,95.01578521728516,97.24710845947266,92.78469848632812,88.32327270507812,88.83692932128906,83.21658325195312,82.37718200683594,77.93586730957031,79.61155700683594,78.23043060302734,74.3303451538086,72.67048645019531,73.7834701538086,71.84706115722656,68.50547790527344,70.21395874023438,67.80117797851562,71.40028381347656,66.06814575195312,70.03570556640625,67.20863342285156,68.50547790527344
0,-35,-95,12,33,107.20074462890625,111.46299743652344,109.65856170654297,114.58621215820312,109.4897232055664,106.21205139160156,105.11898040771484,103.7545166015625,100.80674743652344,102.35721588134766,101.39033508300781,101.53324890136719,98.68130493164062,98.03060913085938,100.90093994140625,99.95999145507812,100.22474670410156,101.23734283447266,104.65180206298828,104.69479370117188,105.60302734375,106.51290893554688,106.92988586425781,108.6876220703125,106.23088073730469,104.3886947631836,102.31813049316406,100.6578369140625,99.16148376464844,96.4624252319336,95.81753540039062,95.85926818847656,90.47651672363281,87.92041778564453,87.64131164550781,84.11896514892578,82.56512451171875,80.65357971191406,75.02666473388672,77.79460144042969,71.56814575195312,73.05477142333984,71.47027587890625,70.21395874023438,69.6419448852539,69.37578582763672,68.4105224609375,66.70832061767578,67.08203887939453,69.58448028564453,69.2603759765625,68.00735473632812
0,-35,-95,11,37,109.07337188720703,109.04127502441406,112.1115493774414,112.00446319580078,112.04016876220703,104.01922607421875,104.04325866699219,105.07616424560547,102.17631530761719,100.17984008789062,101.2422866821289,99.50376892089844,100.62306213378906,98.84330749511719,96.69022369384766,102.61091613769531,100.42410278320312,103.07764434814453,101.83319854736328,106.32027435302734,107.70329284667969,107.00466918945312,107.44766235351562,106.73799896240234,105.75916290283203,105.5367202758789,102.39140319824219,102.39140319824219,97.67292022705078,98.27003479003906,95.35198211669922,93.94147491455078,93.38094329833984,88.28363037109375,86.97700500488281,84.85281372070312,82.60750579833984,76.79192352294922,75.66372680664062,73.55270385742188,76.79192352294922,72.69112396240234,70.57620239257812,69.2603759765625,69.2603759765625,67.47592163085938,69.18092346191406,69.065185546875,68.00735473632812,72.11102294921875,67.36467742919922,67.91170501708984
0,-35,-95,11,37,110.53506469726562,108.37435150146484,113.5693588256836,109.7861557006836,109.4805908203125,104.48445129394531,105.8914566040039,102.61579132080078,103.23274993896484,100.80178833007812,100.20977783203125,98.73702239990234,99.64437103271484,96.04165649414062,96.64884948730469,102.41581726074219,101.55294036865234,102.45974731445312,102.55242919921875,104.78549194335938,105.60302734375,107.42439270019531,107.35455322265625,107.35455322265625,104.65657806396484,106.00471496582031,102.85912322998047,102.88343048095703,97.52947998046875,97.52947998046875,90.91754150390625,93.53608703613281,91.78779602050781,88.1192398071289,88.83692932128906,87.132080078125,81.83519744873047,78.49203491210938,78.23043060302734,74.09453582763672,74.625732421875,72.71863555908203,73.24616241455078,69.3397445678711,70.1783447265625,67.95587158203125,69.065185546875,68.818603515625,70.0,67.89698028564453,65.76473236083984,68.4105224609375
0,-35,-95,12,33,109.60382843017578,112.43220520019531,110.34491729736328,109.60382843017578,108.18965148925781,106.79419708251953,106.0660171508789,103.94710540771484,101.98039245605469,98.59513092041016,100.6578369140625,99.02020263671875,100.20977783203125,96.83490753173828,99.04544067382812,100.70252990722656,98.27003479003906,97.41663360595703,104.8093490600586,103.24727630615234,103.24727630615234,107.070068359375,102.62553405761719,107.70329284667969,104.56098937988281,103.73042297363281,101.25709533691406,101.0197982788086,96.40020751953125,98.22932434082031,93.60021209716797,92.80086517333984,92.00543212890625,91.83136749267578,86.83317565917969,82.61961364746094,81.21575927734375,79.64923095703125,75.28611755371094,77.0064926147461,73.0,72.34638977050781,69.35416412353516,70.93659210205078,68.11754608154297,67.88224792480469,68.62215423583984,69.29646301269531,66.60330200195312,70.43436431884766,68.818603515625,67.5351791381836
0,-35,-95,11,37,109.62207794189453,108.90362548828125,111.01801300048828,111.73181915283203,111.72286987304688,106.77546691894531,105.36128234863281,103.3247299194336,101.13851928710938,103.5857162475586,98.08159637451172,96.21330261230469,96.83490753173828,101.51354217529297,99.6242904663086,100.40418243408203,97.41663360595703,99.98500061035156,103.94229125976562,106.8503646850586,104.00961303710938,107.37783813476562,104.8475112915039,107.54068756103516,109.07795715332031,107.91200256347656,104.29285430908203,102.2007827758789,99.4032211303711,98.0051040649414,94.62557983398438,96.04686737060547,91.83136749267578,88.72992706298828,89.27485656738281,83.40863037109375,81.68843078613281,79.5110092163086,79.39773559570312,75.07329559326172,75.00666809082031,70.76722717285156,71.58910369873047,68.62215423583984,71.44927978515625,67.88224792480469,69.3108901977539,69.35416412353516,68.62215423583984,70.60453033447266,71.02816009521484,66.64833068847656
0,-35,-95,12,34,110.64356994628906,112.61438751220703,110.47624206542969,114.2716064453125,108.34204864501953,107.51744079589844,105.72132873535156,105.9056167602539,103.57605743408203,99.2471694946289,99.68952178955078,101.2422866821289,99.04039764404297,99.6242904663086,99.95999145507812,100.30453491210938,105.30906677246094,99.5389404296875,104.21611785888672,109.25199890136719,107.54068756103516,107.54068756103516,105.84894561767578,107.83784484863281,107.33592224121094,106.4048843383789,103.12128448486328,99.29753112792969,100.24469757080078,96.76776123046875,93.60555267333984,95.18928527832031,94.25497436523438,88.76936340332031,85.16454315185547,82.9698715209961,82.9698715209961,79.8122787475586,78.16009521484375,77.1297607421875,73.24616241455078,72.03471374511719,69.85699462890625,72.03471374511719,70.61161041259766,67.46851348876953,68.44705963134766,70.71067810058594,68.4689712524414,71.0633544921875,68.0,69.2603759765625
0,-35,-95,11,37,106.92988586425781,110.46266174316406,109.1650161743164,110.90987396240234,106.45186614990234,107.35455322265625,103.31505584716797,103.36827087402344,102.45974731445312,101.59232330322266,99.02020263671875,99.32774353027344,98.08159637451172,99.72462463378906,100.42410278320312,100.66280364990234,103.16007232666016,100.22474670410156,104.23531341552734,103.7545166015625,105.32331085205078,105.32331085205078,104.13932800292969,107.68936920166016,107.07940673828125,104.56098937988281,101.63660430908203,99.92497253417969,98.95453643798828,98.95453643798828,94.11163330078125,89.9888916015625,89.5600357055664,86.68333435058594,86.33075714111328,83.52245330810547,81.32035064697266,79.4040298461914,77.49193572998047,76.843994140625,71.7844009399414,72.12489318847656,69.92138671875,70.83784484863281,68.62215423583984,66.48307800292969,69.28924560546875,69.07966613769531,66.70832061767578,70.23532104492188,68.26419067382812,69.40460968017578
0,-38,-95,14,25,108.24047088623047,107.82392883300781,110.47624206542969,108.30050659179688,106.94390869140625,104.70912170410156,103.83159637451172,102.0,99.76472473144531,100.17984008789062,98.89894104003906,97.69339752197266,96.2081069946289,95.85926818847656,96.4624252319336,98.37174224853516,98.23441314697266,98.76234436035156,99.20181274414062,100.68763732910156,101.53324890136719,103.16007232666016,103.09219360351562,102.88343048095703,101.83319854736328,101.51354217529297,99.95999145507812,97.14422607421875,93.98403930664062,93.04837799072266,89.31964874267578,87.8464584350586,87.46427917480469,83.25863647460938,83.19255065917969,81.93900299072266,79.2022705078125,74.24958038330078,73.34848022460938,71.11258697509766,70.68238830566406,68.87670135498047,66.64083099365234,64.8459701538086,64.41273498535156,63.52952194213867,64.49806213378906,64.14047241210938,65.45991516113281,64.20280456542969,63.78087615966797,64.35060119628906
0,-38,-95,14,26,109.11461639404297,115.21284484863281,111.01801300048828,116.10771179199219,107.07473754882812,112.16059875488281,107.07473754882812,104.12012481689453,103.0436782836914,99.00505065917969,103.07764434814453,100.24469757080078,100.60317993164062,99.98500061035156,101.83319854736328,98.47842407226562,104.13932800292969,98.84330749511719,106.96260833740234,106.51290893554688,105.9056167602539,106.8877944946289,101.60708618164062,106.96260833740234,103.94229125976562,107.51744079589844,102.25947570800781,98.15293884277344,101.27191162109375,93.21480560302734,95.88534545898438,93.64827728271484,90.55384826660156,87.3670425415039,86.37129211425781,79.5110092163086,82.49242401123047,77.5241928100586,75.42546081542969,75.32595825195312,70.25667572021484,71.25306701660156,67.26811981201172,70.25667572021484,68.18357849121094,66.0302963256836,66.0302963256836,65.0,64.0,67.02984619140625,66.48307800292969,66.94026947021484
0,-35,-95,12,34,113.43721008300781,111.62885284423828,111.1980209350586,116.7261734008789,112.44998931884766,107.68936920166016,105.9056167602539,103.5857162475586,105.01904296875,105.26158142089844,102.61091613769531,104.40306854248047,102.14205932617188,102.45974731445312,101.0197982788086,103.07764434814453,105.7024154663086,105.84894561767578,107.35455322265625,111.35977935791016,110.49434661865234,111.40017700195312,107.54068756103516,108.46197509765625,109.93180084228516,106.77546691894531,107.91200256347656,103.12128448486328,100.24469757080078,100.24469757080078,97.40636444091797,96.4624252319336,92.97311401367188,93.30059051513672,93.30059051513672,84.77027893066406,83.19855499267578,81.74349975585938,80.77747344970703,77.88452911376953,74.73285675048828,73.49829864501953,75.43209075927734,70.3420181274414,70.3420181274414,69.42621612548828,68.88395690917969,68.24954223632812,69.46221923828125,69.18092346191406,73.0,71.17584228515625
0,-35,-95,11,37,112.72976684570312,114.12712097167969,112.72976684570312,113.71894836425781,109.65856170654297,108.7474136352539,106.92988586425781,104.27847290039062,105.54619598388672,102.956298828125,102.4743881225586,100.70252990722656,102.64988708496094,100.68763732910156,99.04544067382812,101.25709533691406,102.61579132080078,103.6001968383789,105.11898040771484,109.4805908203125,107.29864501953125,108.23123168945312,106.66770935058594,107.1680908203125,107.20074462890625,106.8316421508789,103.73042297363281,104.04325866699219,101.51354217529297,99.86490631103516,96.51942443847656,97.34988403320312,94.57801055908203,92.11405944824219,90.73587799072266,87.46427917480469,85.08818817138672,80.77747344970703,81.83519744873047,75.66372680664062,76.05918884277344,74.30342864990234,74.4311752319336,69.35416412353516,68.88395690917969,68.88395690917969,68.44705963134766,71.58910369873047,70.38465881347656,70.22820281982422,70.60453033447266,68.88395690917969
0,-35,-95,11,37,106.30146026611328,111.36426544189453,111.36426544189453,111.7586669921875,110.54862976074219,106.38138580322266,101.40019989013672,103.3924560546875,102.39628601074219,101.04454803466797,98.04590606689453,99.00505065917969,99.12618255615234,98.18350219726562,98.12747192382812,97.41663360595703,99.60923767089844,98.73196411132812,102.1077880859375,105.22357177734375,104.47966003417969,106.67708587646484,102.48902130126953,105.68348693847656,105.47511291503906,104.47966003417969,102.17631530761719,102.07839965820312,99.12618255615234,99.18164825439453,95.08417510986328,94.00531768798828,93.02149963378906,88.0,87.00574493408203,85.0058822631836,82.15229797363281,80.0062484741211,77.05841827392578,75.1065902709961,74.02702331542969,74.06078338623047,74.1687240600586,69.065185546875,69.065185546875,68.11754608154297,68.26419067382812,67.60177612304688,68.88395690917969,69.42621612548828,67.67569732666016,68.02940368652344
0,-35,-95,11,37,103.4794692993164,106.4048843383789,103.23274993896484,106.4048843383789,102.8250961303711,104.89041900634766,104.23531341552734,100.2646484375,97.6166000366211,96.21330261230469,98.0051040649414,95.8018798828125,95.41488647460938,92.96235656738281,96.3846435546875,94.02127075195312,98.88377380371094,95.29428100585938,102.42070007324219,101.51847076416016,101.96568298339844,103.83159637451172,99.36296844482422,102.0,100.84642028808594,99.98500061035156,96.5660400390625,92.96235656738281,97.09788513183594,93.29522705078125,94.57801055908203,90.69729614257812,86.53323364257812,83.81526947021484,80.21221923828125,82.4196548461914,80.21221923828125,73.60027313232422,73.00685119628906,71.40028381347656,69.65629577636719,70.0,69.40460968017578,70.0,65.29930877685547,63.70243453979492,65.11528015136719,65.76473236083984,64.38167572021484,66.70832061767578,66.85057830810547,65.86349487304688
0,-35,-95,11,38,106.47064971923828,107.91200256347656,113.28282928466797,109.55364227294922,109.8954086303711,104.93807983398438,107.05606079101562,104.56098937988281,98.99494934082031,99.63935089111328,99.63935089111328,97.29337310791016,101.41498565673828,98.23441314697266,95.88013458251953,98.97979736328125,99.02020263671875,100.24469757080078,103.81714630126953,105.68821716308594,105.10946655273438,107.56393432617188,104.06248474121094,108.50345611572266,103.74005889892578,104.69479370117188,102.78618621826172,101.6513671875,96.7729263305664,95.88013458251953,92.19544219970703,92.89241027832031,89.9888916015625,87.55569458007812,87.32124328613281,82.22530364990234,81.58431243896484,78.64476776123047,76.11833190917969,74.73285675048828,71.38627624511719,70.61161041259766,71.38627624511719,70.40596771240234,67.74215698242188,66.61080932617188,66.75328063964844,69.2603759765625,68.11754608154297,68.02940368652344,67.11929321289062,66.2872543334961
0,-35,-95,11,37,111.46299743652344,109.65856170654297,113.60017395019531,111.1980209350586,111.62885284423828,107.68936920166016,107.20074462890625,102.956298828125,102.956298828125,100.84146118164062,102.59142303466797,99.32270812988281,101.17806243896484,100.04499053955078,99.02020263671875,102.0,99.04544067382812,99.08077239990234,103.07764434814453,105.11898040771484,109.04127502441406,111.04053497314453,105.0047607421875,110.04090118408203,106.01886749267578,103.01941680908203,102.01960754394531,102.12247467041016,98.12747192382812,96.08329772949219,93.34345245361328,94.33981323242188,94.19129180908203,87.57283020019531,88.45903015136719,86.46965026855469,82.60750579833984,79.6303939819336,77.78174591064453,76.65507507324219,74.96665954589844,73.68174743652344,70.85901641845703,69.72087097167969,68.88395690917969,67.26811981201172,68.65857696533203,69.92138671875,69.6419448852539,69.89277648925781,67.62396240234375,68.47627258300781
0,-35,-95,12,34,109.7861557006836,110.72488403320312,111.78997802734375,110.72488403320312,107.83784484863281,107.91200256347656,108.07867431640625,106.10372161865234,103.78824615478516,99.74467468261719,101.13357543945312,100.17984008789062,98.88377380371094,99.4786376953125,97.90811920166016,102.34255981445312,103.00485229492188,101.40019989013672,106.40018463134766,103.07764434814453,107.41508483886719,107.61505126953125,108.00463104248047,109.62207794189453,104.56098937988281,104.00961303710938,101.25709533691406,101.78899383544922,102.08329772949219,99.29753112792969,94.87360382080078,93.4772720336914,92.11405944824219,90.21086120605469,85.23497009277344,83.52843475341797,81.6333236694336,80.13114166259766,78.29431915283203,75.80237579345703,73.57308959960938,73.9256362915039,71.86793518066406,68.09552001953125,68.60028839111328,66.24198150634766,68.09552001953125,68.44705963134766,68.15423583984375,69.89277648925781,67.44627380371094,67.26811981201172
0,-38,-95,13,29,113.2254409790039,111.01801300048828,116.82893371582031,113.60017395019531,114.20157623291016,107.80074310302734,109.20164489746094,104.62313079833984,105.20931243896484,104.56098937988281,103.77379608154297,100.7223892211914,102.42070007324219,101.07422637939453,98.83824920654297,103.36827087402344,101.76934814453125,103.07764434814453,105.10946655273438,108.07867431640625,106.51290893554688,109.25199890136719,106.92988586425781,109.3846435546875,107.42439270019531,105.11898040771484,103.31505584716797,103.31021118164062,98.41239929199219,99.29753112792969,94.41397857666016,94.02127075195312,91.78779602050781,89.55445098876953,87.8179931640625,84.2199478149414,80.26206970214844,77.5241928100586,76.66159057617188,74.94664764404297,74.4311752319336,71.86793518066406,72.71863555908203,67.41661834716797,69.3397445678711,68.79679870605469,68.24221801757812,68.818603515625,66.84310150146484,68.01470184326172,65.76473236083984,66.70832061767578
0,-35,-95,11,37,106.30146026611328,111.44953918457031,111.01801300048828,113.35784149169922,108.66461944580078,108.66461944580078,104.3886947631836,103.5857162475586,103.81714630126953,101.27191162109375,101.78899383544922,101.20276641845703,101.86756134033203,101.6513671875,101.39033508300781,100.57833099365234,101.19288635253906,99.6242904663086,103.81714630126953,106.6255111694336,105.6219711303711,107.51744079589844,106.56922912597656,107.91200256347656,104.35516357421875,104.40306854248047,104.8093490600586,100.68763732910156,99.45853424072266,96.5660400390625,97.01546478271484,94.5938720703125,89.26925659179688,88.84255981445312,87.86353302001953,82.37718200683594,82.56512451171875,77.92945861816406,77.27871704101562,76.79192352294922,73.68174743652344,72.99314880371094,71.02112579345703,71.02112579345703,69.58448028564453,69.35416412353516,68.4689712524414,72.06246948242188,68.00735473632812,69.00724792480469,70.34912872314453,68.06614685058594
0,-35,-95,12,33,103.5857162475586,103.3924560546875,106.30146026611328,105.418212890625,101.98039245605469,100.4987564086914,100.00499725341797,98.59513092041016,95.13148498535156,95.42536163330078,95.60334777832031,94.62557983398438,93.49331665039062,94.5145492553711,92.28217315673828,94.81033325195312,95.7078857421875,95.2732925415039,98.0866928100586,100.64790344238281,102.41581726074219,101.98039245605469,99.76472473144531,101.55294036865234,100.17984008789062,98.41239929199219,96.60227966308594,93.94147491455078,93.94147491455078,90.91754150390625,90.91754150390625,89.005615234375,88.32327270507812,84.38008880615234,82.85529327392578,78.39005279541016,74.79304504394531,76.66159057617188,74.30342864990234,68.96376037597656,68.96376037597656,70.49113464355469,68.0,66.37017059326172,65.73431396484375,64.8999252319336,61.29437255859375,65.0,63.411354064941406,64.53681182861328,63.65532302856445,64.53681182861328
0,-35,-95,11,37,108.93116760253906,107.56393432617188,109.7861557006836,110.3177261352539,106.10372161865234,107.56393432617188,106.15083312988281,102.64988708496094,102.8250961303711,97.94896697998047,102.00489807128906,99.20181274414062,97.90811920166016,99.02020263671875,96.25486755371094,98.88377380371094,97.04637908935547,101.53324890136719,102.45974731445312,105.0951919555664,104.65657806396484,106.51290893554688,106.00471496582031,104.65180206298828,104.31682586669922,102.21546173095703,100.23971557617188,97.24710845947266,97.1287841796875,97.1287841796875,91.78779602050781,93.1504135131836,90.91754150390625,89.35882568359375,87.46427917480469,85.23497009277344,80.99382781982422,75.7165756225586,77.93586730957031,74.3303451538086,75.1664810180664,69.97142028808594,72.11102294921875,67.95587158203125,69.065185546875,69.1158447265625,66.61080932617188,68.00735473632812,67.47592163085938,68.62215423583984,67.94115447998047,69.40460968017578
0,-35,-95,12,34,107.070068359375,110.9414291381836,111.25196838378906,112.89818572998047,107.61505126953125,107.91200256347656,105.9480972290039,100.68763732910156,100.43903350830078,100.60317993164062,99.63935089111328,100.89598846435547,99.2471694946289,98.2903823852539,103.94710540771484,97.59098052978516,101.98039245605469,96.42613983154297,104.89041900634766,104.13932800292969,105.47511291503906,106.21675872802734,103.3247299194336,106.96260833740234,104.66136169433594,103.94710540771484,103.94710540771484,98.31072998046875,101.17806243896484,94.04785919189453,93.4344711303711,90.5096664428711,93.4344711303711,89.87213134765625,85.04116821289062,84.2911605834961,83.09632873535156,80.15609741210938,77.98717498779297,73.10950469970703,72.4706802368164,74.41101837158203,69.65629577636719,70.43436431884766,66.84310150146484,67.62396240234375,67.80117797851562,67.20118713378906,65.45991516113281,67.23094177246094,69.31810760498047,67.06713104248047
0,-35,-95,11,37,112.05802154541016,107.2800064086914,112.29425811767578,111.08555603027344,108.46658325195312,102.61091613769531,106.96260833740234,102.61091613769531,100.96038818359375,102.88343048095703,97.71898651123047,100.5683822631836,98.61541748046875,100.08995819091797,95.34149169921875,99.29753112792969,98.0051040649414,103.31021118164062,100.7223892211914,106.94390869140625,105.0951919555664,105.11898040771484,107.35455322265625,107.42439270019531,105.99056243896484,103.31505584716797,101.07917785644531,101.07917785644531,96.17691802978516,101.51847076416016,93.94147491455078,93.62158203125,92.19544219970703,86.92525482177734,87.8464584350586,84.8646011352539,82.63776397705078,77.2528305053711,76.89603424072266,70.93659210205078,73.9256362915039,71.69379425048828,73.9256362915039,69.85699462890625,67.06713104248047,66.73080444335938,66.0984115600586,67.72000885009766,69.85699462890625,66.70832061767578,67.74215698242188,66.00757598876953
0,-35,-95,11,38,106.8316421508789,108.22661590576172,110.67971801757812,109.40292358398438,107.00466918945312,104.8093490600586,108.22661590576172,100.43903350830078,99.29753112792969,100.4987564086914,96.8968505859375,99.84988403320312,96.60227966308594,95.75489807128906,97.94386291503906,101.23734283447266,99.36800384521484,100.84642028808594,103.73042297363281,105.10946655273438,103.07764434814453,104.54663848876953,106.77546691894531,104.67568969726562,104.92378234863281,106.10372161865234,101.55294036865234,102.04410552978516,98.41239929199219,98.41239929199219,91.67878723144531,93.52005004882812,89.89437866210938,88.58893585205078,84.11896514892578,85.47514343261719,81.4923324584961,76.47875213623047,75.13321685791016,72.4706802368164,72.06941223144531,70.66116333007812,70.71067810058594,67.60177612304688,66.37017059326172,67.95587158203125,65.51335906982422,67.95587158203125,69.40460968017578,68.4105224609375,68.01470184326172,68.11754608154297
0,-35,-95,11,37,109.00458526611328,110.30865478515625,109.3846435546875,109.20164489746094,106.77546691894531,109.00458526611328,106.23088073730469,102.04410552978516,101.95096588134766,101.55294036865234,100.62306213378906,98.1121826171875,99.98500061035156,96.8968505859375,98.27003479003906,100.95543670654297,101.83319854736328,96.83490753173828,103.6001968383789,106.01886749267578,105.43718719482422,106.50821685791016,103.46980285644531,106.25440979003906,102.90287017822266,104.00961303710938,102.21546173095703,99.84988403320312,99.64437103271484,93.1504135131836,94.02127075195312,91.30169677734375,92.66067504882812,89.47066497802734,87.20664978027344,84.53401947021484,80.95059967041016,76.967529296875,76.48529052734375,75.64390563964844,73.40980529785156,72.09021759033203,70.68238830566406,68.54196166992188,68.02940368652344,65.55150604248047,67.41661834716797,68.62215423583984,67.72000885009766,68.65857696533203,65.76473236083984,68.11754608154297
0,-35,-95,11,37,107.91200256347656,109.07795715332031,106.50821685791016,109.07795715332031,106.53168487548828,106.0,103.73042297363281,100.95543670654297,99.86490631103516,97.6524429321289,98.47334289550781,97.80081939697266,96.82975006103516,93.86160278320312,95.67131042480469,96.17691802978516,99.72462463378906,96.87621307373047,101.23734283447266,101.98039245605469,103.3247299194336,106.77546691894531,103.24727630615234,104.66136169433594,103.24727630615234,102.59142303466797,100.4987564086914,94.84724426269531,95.48298645019531,94.17536926269531,95.01578521728516,90.60904693603516,90.55384826660156,85.79627227783203,87.1148681640625,81.05553436279297,81.68843078613281,77.6208724975586,76.40026092529297,74.02702331542969,72.00694274902344,71.84010314941406,70.80254364013672,69.02897644042969,71.0633544921875,67.42403411865234,65.0,69.065185546875,66.73080444335938,65.7419204711914,69.07966613769531,67.67569732666016
0,-35,-95,11,37,108.46658325195312,108.46658325195312,111.61093139648438,112.44998931884766,111.1980209350586,103.7545166015625,106.7052001953125,103.36827087402344,102.18121337890625,101.39033508300781,98.23441314697266,99.32774353027344,101.19288635253906,99.95999145507812,99.95999145507812,102.69371795654297,100.31948852539062,101.23734283447266,99.74467468261719,105.60302734375,105.19029998779297,106.77546691894531,105.10946655273438,105.7024154663086,108.46197509765625,104.75209045410156,102.45974731445312,101.51354217529297,99.32774353027344,99.92997741699219,93.68030548095703,93.40770721435547,93.40770721435547,89.28605651855469,87.09190368652344,85.86617279052734,81.25269317626953,82.46211242675781,79.8122787475586,74.73285675048828,73.54590606689453,69.42621612548828,71.58910369873047,70.40596771240234,68.88395690917969,66.0984115600586,67.47592163085938,70.25667572021484,67.26811981201172,68.02940368652344,66.0302963256836,66.61080932617188
0,-35,-95,11,37,104.04325866699219,106.56922912597656,107.85638427734375,106.32027435302734,106.25440979003906,101.19288635253906,103.4069595336914,101.51354217529297,99.6242904663086,97.30878448486328,94.93682098388672,94.81033325195312,95.2575454711914,94.82615661621094,94.02127075195312,97.24710845947266,95.71833801269531,97.09788513183594,98.47334289550781,101.51354217529297,101.2422866821289,104.00961303710938,98.61541748046875,102.92716217041016,101.54801940917969,99.98500061035156,98.27003479003906,94.8946762084961,95.29428100585938,95.38343811035156,90.3548583984375,89.55445098876953,89.55445098876953,84.59905242919922,84.07734680175781,82.2982406616211,80.95059967041016,76.967529296875,72.91776275634766,72.01388549804688,69.46221923828125,69.85699462890625,69.7782211303711,67.11929321289062,65.30696868896484,63.324562072753906,63.324562072753906,63.90618133544922,66.73080444335938,65.52098846435547,63.348243713378906,64.38167572021484
0,-35,-95,11,38,116.46887969970703,119.364990234375,114.73883056640625,116.28413391113281,116.28413391113281,110.27692413330078,109.07795715332031,106.53168487548828,107.54068756103516,101.96568298339844,105.0951919555664,102.45974731445312,102.69371795654297,104.177734375,100.46392059326172,104.67568969726562,104.69479370117188,105.9480972290039,105.9480972290039,109.41663360595703,108.78418731689453,108.78418731689453,108.50345611572266,109.76793670654297,109.41663360595703,109.7861557006836,105.84894561767578,105.47511291503906,103.81714630126953,98.61541748046875,97.16995239257812,97.50897216796875,92.13577270507812,95.34149169921875,93.4772720336914,87.23531341552734,84.5813217163086,80.62257385253906,80.95677947998047,78.26238250732422,76.47875213623047,73.35530090332031,75.59100341796875,70.71067810058594,72.20111083984375,68.09552001953125,71.34423828125,71.84706115722656,72.80110168457031,71.40028381347656,71.58910369873047,70.83784484863281
0,-35,-95,11,37,111.42710876464844,112.72089385986328,109.5627670288086,113.3181381225586,109.5627670288086,105.47511291503906,105.10946655273438,102.88343048095703,102.52804565429688,99.92997741699219,99.04039764404297,100.16985321044922,99.68952178955078,101.0,101.27191162109375,98.85848236083984,102.59142303466797,99.60923767089844,103.23758697509766,106.47064971923828,106.67708587646484,110.29052734375,105.68348693847656,108.46197509765625,106.21205139160156,107.05606079101562,102.956298828125,101.27191162109375,102.25947570800781,97.32420349121094,95.90099334716797,94.72592163085938,89.44271850585938,88.0738296508789,85.90692901611328,82.37718200683594,80.04998779296875,81.02468872070312,79.62411499023438,76.48529052734375,74.21590423583984,73.34848022460938,71.80529022216797,70.8307876586914,67.44627380371094,68.4105224609375,70.3420181274414,72.12489318847656,70.00714111328125,71.30918884277344,67.08203887939453,68.79679870605469
0,-35,-95,11,37,110.34491729736328,108.97705841064453,111.12605285644531,109.60382843017578,106.8316421508789,104.66136169433594,108.37435150146484,102.64988708496094,102.303466796875,100.12492370605469,100.6578369140625,101.82828521728516,97.08243560791016,98.22932434082031,98.47334289550781,99.84988403320312,97.52947998046875,100.7223892211914,101.98039245605469,104.20172882080078,103.31021118164062,106.43777465820312,105.11898040771484,105.58882141113281,107.18675231933594,103.44564056396484,102.956298828125,99.4786376953125,96.04165649414062,96.7470932006836,92.96235656738281,91.92388153076172,90.55384826660156,89.35882568359375,88.20430755615234,84.90583038330078,80.80223083496094,77.20103454589844,78.00640869140625,73.23933410644531,74.3303451538086,69.89277648925781,71.28113555908203,71.84706115722656,67.67569732666016,68.24221801757812,67.80117797851562,69.40460968017578,66.60330200195312,70.03570556640625,67.35725402832031,69.065185546875
0,-35,-95,11,37,111.01801300048828,109.76793670654297,107.56393432617188,114.01753997802734,106.60675048828125,105.6503677368164,104.35516357421875,105.34230041503906,102.45974731445312,99.5389404296875,98.79270935058594,99.92497253417969,99.4032211303711,101.98039245605469,98.48857879638672,97.75479888916016,102.39628601074219,97.75479888916016,104.00961303710938,104.8475112915039,108.75660705566406,107.70329284667969,103.24727630615234,103.77379608154297,105.67875671386719,103.353759765625,99.84988403320312,98.88377380371094,101.53324890136719,94.41397857666016,93.02149963378906,91.24143981933594,91.24143981933594,88.56636047363281,86.31338500976562,83.19255065917969,81.02468872070312,79.2022705078125,78.39005279541016,76.55716705322266,72.49827575683594,72.01388549804688,70.00714111328125,68.54196166992188,68.70953369140625,66.85057830810547,68.15423583984375,68.3520278930664,66.7607650756836,70.40596771240234,65.76473236083984,69.1158447265625
0,-35,-95,11,37,113.1370849609375,112.8716049194336,113.99122619628906,110.47624206542969,111.15754699707031,107.51744079589844,103.94710540771484,102.956298828125,103.69667053222656,102.59142303466797,99.60923767089844,99.18164825439453,103.01941680908203,98.0,101.0197982788086,101.07917785644531,101.31633758544922,101.17806243896484,103.69667053222656,106.47064971923828,106.169677734375,108.29589080810547,105.07616424560547,105.23307800292969,105.0428466796875,108.04165649414062,104.00480651855469,100.00499725341797,99.02020263671875,99.02020263671875,95.08417510986328,92.04889678955078,92.02173614501953,91.19758605957031,90.13877868652344,86.28441619873047,83.38465118408203,77.41446685791016,76.41989135742188,78.4091796875,76.32168579101562,72.24956512451172,73.17103576660156,70.34912872314453,68.35934448242188,70.34912872314453,69.72087097167969,67.47592163085938,67.91170501708984,69.57010650634766,69.07966613769531,67.5425796508789
0,-35,-95,11,37,110.22250366210938,111.22050476074219,112.36102294921875,111.28791809082031,109.11461639404297,110.29052734375,108.5587387084961,101.27191162109375,102.8250961303711,100.7174301147461,102.956298828125,99.82484436035156,100.0199966430664,99.46356201171875,98.49365234375,100.0,100.88111877441406,100.28459167480469,104.75209045410156,105.34230041503906,105.6219711303711,108.50345611572266,103.73042297363281,106.90182495117188,105.08092498779297,105.08092498779297,101.53324890136719,99.45853424072266,99.46356201171875,97.01546478271484,95.56673431396484,94.83142852783203,92.6498794555664,88.0738296508789,89.73851013183594,84.92938232421875,83.9523696899414,80.23091888427734,79.90619659423828,75.31268310546875,72.83543395996094,71.19690704345703,71.02112579345703,68.06614685058594,68.88395690917969,68.88395690917969,69.87130737304688,70.45565795898438,68.18357849121094,72.0,67.11929321289062,69.05070495605469
0,-35,-95,11,37,105.84894561767578,107.93516540527344,110.16805267333984,108.63240814208984,105.30906677246094,103.61949920654297,109.25199890136719,100.64790344238281,98.83824920654297,98.38699340820312,102.42070007324219,96.25486755371094,97.41663360595703,95.71833801269531,95.69221496582031,99.20181274414062,96.04686737060547,99.63935089111328,102.303466796875,103.85566711425781,103.07764434814453,103.85566711425781,101.82828521728516,107.61505126953125,102.2007827758789,102.41581726074219,96.21330261230469,98.81295776367188,96.83490753173828,95.0,91.26883697509766,91.52595520019531,90.44335174560547,87.3670425415039,84.90583038330078,85.4400405883789,82.68010711669922,76.00657653808594,74.94664764404297,71.86793518066406,73.24616241455078,71.86793518066406,70.72481536865234,67.67569732666016,67.95587158203125,66.73080444335938,67.23094177246094,68.0,67.08203887939453,67.41661834716797,64.8459701538086,66.0984115600586
0,-35,-95,11,37,109.123779296875,108.37435150146484,111.07205200195312,113.454833984375,110.63453674316406,108.37435150146484,106.15083312988281,103.23758697509766,101.86265563964844,100.41912078857422,100.41912078857422,97.67292022705078,100.12492370605469,98.40731811523438,100.80178833007812,98.18350219726562,100.4987564086914,99.64437103271484,105.81587982177734,104.8093490600586,104.9571304321289,109.41663360595703,103.46497344970703,108.5587387084961,105.11898040771484,106.25440979003906,99.85990142822266,98.79270935058594,99.5690689086914,97.41663360595703,95.69221496582031,93.74433135986328,92.35800170898438,84.31488800048828,86.02325439453125,82.6619644165039,80.80223083496094,78.00640869140625,79.4040298461914,74.40430450439453,71.84706115722656,72.67048645019531,73.00685119628906,70.80254364013672,70.21395874023438,68.00735473632812,67.47592163085938,70.29224395751953,68.62215423583984,67.89698028564453,70.93659210205078,69.89277648925781
0,-35,-95,11,37,111.54371643066406,110.36756896972656,113.21660614013672,112.44554138183594,110.36756896972656,104.3886947631836,108.37435150146484,104.30723571777344,101.04454803466797,103.17460632324219,103.01941680908203,102.04410552978516,100.12492370605469,98.50888061523438,98.50888061523438,100.9752426147461,98.65596771240234,103.57605743408203,104.13932800292969,107.07940673828125,110.02726745605469,105.72132873535156,107.20074462890625,104.7377700805664,107.05606079101562,104.93807983398438,102.8250961303711,105.07616424560547,99.72462463378906,98.85848236083984,94.42987060546875,94.5304183959961,91.54779815673828,92.43917083740234,88.27796936035156,85.28775024414062,84.2140121459961,81.1541748046875,78.16009521484375,76.2364730834961,77.16217041015625,70.25667572021484,74.1687240600586,68.06614685058594,70.11418914794922,69.065185546875,68.0,73.00685119628906,72.00694274902344,70.25667572021484,69.23149871826172,67.44627380371094
0,-35,-95,11,37,110.05453491210938,108.16654205322266,110.13627624511719,111.3193588256836,109.11003875732422,104.69479370117188,108.46658325195312,103.74005889892578,101.51354217529297,102.31813049316406,101.13357543945312,100.22474670410156,102.0,99.84988403320312,100.34440612792969,102.39628601074219,101.51354217529297,102.08329772949219,103.2279052734375,104.00961303710938,106.53168487548828,104.8475112915039,107.54068756103516,108.16654205322266,107.91200256347656,100.84642028808594,98.61541748046875,101.212646484375,98.1121826171875,96.25486755371094,95.29428100585938,93.4772720336914,92.59049987792969,87.20664978027344,86.33075714111328,85.8836441040039,83.19255065917969,81.39410400390625,75.58438873291016,71.5541763305664,75.1531753540039,71.5541763305664,68.94200134277344,70.26378631591797,69.35416412353516,69.07966613769531,66.128662109375,68.3520278930664,68.3081283569336,70.60453033447266,69.23149871826172,67.26811981201172
0,-35,-95,11,37,108.46197509765625,110.36756896972656,111.54371643066406,112.16059875488281,110.45361328125,106.11785888671875,104.3886947631836,102.39628601074219,101.59724426269531,100.7174301147461,100.7174301147461,99.82484436035156,101.20276641845703,97.74456787109375,98.76234436035156,99.6242904663086,99.92997741699219,100.57833099365234,101.95096588134766,104.67568969726562,106.56922912597656,108.16654205322266,107.20541381835938,107.20541381835938,105.08092498779297,106.04244232177734,101.39033508300781,101.6513671875,98.23441314697266,99.04039764404297,96.04686737060547,93.86160278320312,93.62158203125,90.02777099609375,84.5280990600586,85.32877349853516,82.37718200683594,77.27871704101562,75.13321685791016,74.81310272216797,73.82411193847656,70.21395874023438,70.03570556640625,68.06614685058594,66.75328063964844,68.73136138916016,68.4689712524414,68.35934448242188,67.11929321289062,69.0,69.46221923828125,69.87130737304688
0,-35,-95,11,37,110.30865478515625,109.25199890136719,112.72976684570312,113.71894836425781,108.85311126708984,110.07270050048828,106.92988586425781,103.31505584716797,100.22474670410156,102.85912322998047,100.62306213378906,98.1121826171875,98.79270935058594,98.79270935058594,99.04544067382812,103.81233215332031,102.80078125,100.42410278320312,104.48445129394531,106.04244232177734,106.21205139160156,107.80074310302734,105.20931243896484,107.80074310302734,106.60675048828125,104.62313079833984,103.46980285644531,102.90287017822266,102.08329772949219,97.34988403320312,93.49331665039062,94.33981323242188,91.58602142333984,89.69392395019531,90.55384826660156,86.60831451416016,84.11896514892578,79.25907135009766,77.82672882080078,76.05918884277344,76.15773010253906,73.43023681640625,73.9256362915039,71.69379425048828,69.35416412353516,68.42514038085938,68.87670135498047,69.35416412353516,70.38465881347656,70.88018035888672,70.61161041259766,69.72087097167969
0,-35,-95,11,37,111.25196838378906,110.11357879638672,113.99122619628906,113.46365356445312,111.25196838378906,109.28861236572266,106.25440979003906,102.34255981445312,100.40418243408203,101.54801940917969,99.4786376953125,98.48857879638672,101.96568298339844,97.94386291503906,99.80982208251953,101.23734283447266,99.02020263671875,101.0197982788086,103.46497344970703,108.2681884765625,107.70329284667969,106.4048843383789,105.30906677246094,107.33592224121094,104.3886947631836,104.78549194335938,99.74467468261719,102.956298828125,97.50897216796875,99.31767272949219,94.81033325195312,93.02149963378906,95.29428100585938,91.30169677734375,86.35391998291016,84.72307586669922,83.35466766357422,80.4549560546875,78.03204345703125,75.1664810180664,73.57308959960938,71.69379425048828,74.625732421875,69.97142028808594,69.3397445678711,67.67569732666016,66.0302963256836,69.02897644042969,69.65629577636719,69.3108901977539,68.680419921875,69.20259857177734
0,-35,-95,11,36,110.38568878173828,110.13627624511719,109.60382843017578,106.23088073730469,107.61505126953125,101.2422866821289,105.39450073242188,101.0197982788086,99.85990142822266,98.61541748046875,96.7470932006836,99.28242492675781,97.08243560791016,99.00505065917969,97.16995239257812,100.46392059326172,98.67117309570312,98.35140991210938,101.2422866821289,104.67568969726562,101.59232330322266,105.68821716308594,104.177734375,104.40306854248047,103.24727630615234,102.55242919921875,102.15674591064453,99.5389404296875,94.42987060546875,96.25486755371094,90.47099304199219,91.7060546875,92.13577270507812,87.66413116455078,87.6584243774414,85.42247772216797,83.6480712890625,78.72102355957031,76.5375747680664,70.66116333007812,75.13321685791016,71.5541763305664,69.77105712890625,70.71067810058594,65.76473236083984,67.23094177246094,67.11929321289062,67.95587158203125,69.63475799560547,70.80254364013672,69.35416412353516,65.11528015136719
0,-35,-95,11,37,111.6646728515625,109.80892181396484,112.92918395996094,109.80892181396484,111.04053497314453,103.85566711425781,103.85566711425781,103.71113586425781,104.9952392578125,102.8250961303711,99.08582305908203,100.44898986816406,99.76472473144531,100.5683822631836,98.85848236083984,102.303466796875,101.04454803466797,102.61579132080078,104.20172882080078,103.6001968383789,107.44766235351562,107.93516540527344,104.48445129394531,106.21205139160156,106.52699279785156,103.5857162475586,101.41498565673828,104.13932800292969,99.90495300292969,99.15644073486328,94.06912231445312,93.38094329833984,91.24143981933594,89.10667419433594,87.72685241699219,84.85281372070312,82.07313537597656,80.62257385253906,77.077880859375,75.82215881347656,73.59347534179688,69.35416412353516,73.66138458251953,67.89698028564453,69.42621612548828,69.65629577636719,67.35725402832031,70.43436431884766,71.40028381347656,72.11102294921875,68.09552001953125,66.70832061767578
0,-35,-95,11,37,111.01801300048828,108.18965148925781,111.0360336303711,108.90362548828125,108.90362548828125,105.36128234863281,103.96633911132812,102.72779846191406,100.76705932617188,100.2646484375,98.59513092041016,99.80982208251953,99.6242904663086,97.6524429321289,95.71833801269531,103.24727630615234,99.36296844482422,105.81587982177734,101.51847076416016,103.76897430419922,103.83159637451172,108.70602416992188,105.67875671386719,105.67875671386719,104.30723571777344,105.47511291503906,102.92716217041016,102.08329772949219,96.5660400390625,99.02020263671875,93.19334411621094,90.42676544189453,89.30845642089844,88.48163604736328,90.42676544189453,89.05054473876953,81.02468872070312,79.4040298461914,77.0064926147461,75.60423278808594,74.02702331542969,70.60453033447266,70.60453033447266,69.20259857177734,68.60028839111328,67.80117797851562,66.84310150146484,68.01470184326172,69.35416412353516,67.26811981201172,68.4105224609375,68.50547790527344
0,-35,-95,11,37,104.23531341552734,104.23531341552734,105.3043212890625,105.11898040771484,104.30723571777344,100.24469757080078,99.40824890136719,95.63471984863281,94.8946762084961,94.64142608642578,94.04785919189453,93.38094329833984,93.17188262939453,93.62158203125,94.3716049194336,94.5568618774414,92.35800170898438,95.5196304321289,97.14422607421875,100.08995819091797,99.95999145507812,102.52804565429688,98.68130493164062,100.90093994140625,100.28459167480469,98.37174224853516,97.1236343383789,94.9210205078125,94.25497436523438,92.04889678955078,89.28605651855469,87.93179321289062,86.12781524658203,83.93450164794922,84.20214080810547,79.62411499023438,77.46611785888672,73.75635528564453,74.3303451538086,69.42621612548828,67.91170501708984,67.91170501708984,67.44627380371094,65.73431396484375,64.32728576660156,63.56099319458008,63.348243713378906,64.93843078613281,65.19202423095703,66.06814575195312,65.0076904296875,63.3876953125
0,-35,-95,11,37,109.1650161743164,109.37092590332031,110.6526107788086,106.30146026611328,106.47064971923828,102.17631530761719,100.24469757080078,100.4987564086914,99.60923767089844,98.99494934082031,96.87621307373047,99.2471694946289,96.7729263305664,97.80081939697266,97.80081939697266,97.80081939697266,98.97979736328125,98.35140991210938,100.6578369140625,102.45974731445312,100.24469757080078,106.28263854980469,103.09219360351562,102.52804565429688,105.6503677368164,101.2422866821289,100.88111877441406,100.42410278320312,96.84007263183594,95.60334777832031,90.47099304199219,92.41753387451172,89.73851013183594,85.90692901611328,87.86353302001953,80.60397338867188,81.39410400390625,79.42921447753906,75.31268310546875,74.14849853515625,70.21395874023438,69.23149871826172,70.21395874023438,68.73136138916016,64.62971496582031,66.75328063964844,66.37017059326172,67.26811981201172,68.06614685058594,68.00735473632812,66.12110137939453,67.08203887939453
0,-35,-95,11,37,110.16805267333984,110.69326782226562,112.40106964111328,111.08555603027344,111.08555603027344,106.51290893554688,107.01869201660156,103.78824615478516,101.55294036865234,101.07917785644531,101.07422637939453,99.4786376953125,100.70252990722656,101.2422866821289,100.68763732910156,101.40019989013672,101.67103576660156,102.00489807128906,102.303466796875,106.4048843383789,106.66770935058594,106.04244232177734,103.00485229492188,107.44766235351562,105.20931243896484,106.8316421508789,102.41581726074219,101.60708618164062,99.6242904663086,96.83490753173828,96.26006317138672,96.83490753173828,90.69729614257812,88.7524642944336,89.04492950439453,85.75546264648438,81.3019027709961,81.12335968017578,78.23043060302734,74.94664764404297,75.1664810180664,71.56116485595703,71.28113555908203,68.09552001953125,72.20111083984375,68.09552001953125,68.47627258300781,71.11962127685547,69.85699462890625,70.00714111328125,71.16881561279297,69.23149871826172
0,-35,-95,11,37,112.30760955810547,107.78682708740234,114.49017333984375,106.8877944946289,110.92339324951172,106.45186614990234,106.8877944946289,101.07422637939453,99.76472473144531,99.29753112792969,98.1121826171875,100.4987564086914,98.18350219726562,97.80081939697266,94.40338897705078,102.61579132080078,98.71676635742188,103.71113586425781,101.31633758544922,107.1680908203125,105.11898040771484,106.66770935058594,105.26158142089844,106.82696533203125,105.0,104.20172882080078,104.20172882080078,100.43903350830078,96.60745239257812,97.80081939697266,94.04785919189453,93.23089599609375,91.26335144042969,86.8216552734375,87.132080078125,86.8216552734375,83.86298370361328,79.07591247558594,78.03204345703125,71.34423828125,74.94664764404297,71.34423828125,71.34423828125,68.0,69.6419448852539,65.7419204711914,65.76473236083984,70.66116333007812,71.30918884277344,70.22820281982422,68.4105224609375,66.91038513183594
0,-35,-95,11,37,103.3247299194336,101.92153930664062,104.04806518554688,106.32027435302734,102.1077880859375,102.1077880859375,101.41498565673828,99.68952178955078,98.71676635742188,95.7078857421875,95.7078857421875,95.03683471679688,95.63471984863281,92.34716796875,94.33981323242188,95.04735565185547,97.02061462402344,95.04735565185547,98.0204086303711,98.0051040649414,101.0,102.00489807128906,99.08077239990234,99.0,99.18164825439453,99.18164825439453,97.25225067138672,96.18731689453125,92.19544219970703,92.34716796875,90.19977569580078,90.19977569580078,86.37129211425781,83.6002426147461,82.49242401123047,79.5110092163086,77.92945861816406,75.95393371582031,74.96665954589844,72.56031799316406,67.74215698242188,69.87130737304688,65.76473236083984,64.62971496582031,64.77654266357422,64.13267517089844,65.11528015136719,64.32728576660156,64.03124237060547,64.51356506347656,65.55150604248047,64.0078125
0,-38,-95,14,24,103.00485229492188,108.00463104248047,103.0436782836914,106.00471496582031,101.0197982788086,103.0,99.02020263671875,97.08243560791016,97.02061462402344,92.26592254638672,95.2575454711914,93.64827728271484,93.21480560302734,92.39588928222656,94.5409927368164,92.76313781738281,95.8018798828125,91.4439697265625,98.49365234375,99.20181274414062,97.74456787109375,99.68952178955078,95.34149169921875,99.68952178955078,98.06120300292969,98.84330749511719,95.7078857421875,91.08238220214844,92.39588928222656,87.132080078125,88.81441497802734,86.70063781738281,84.71717834472656,81.74349975585938,81.39410400390625,77.5241928100586,77.23341369628906,74.24284362792969,72.17340087890625,71.25306701660156,67.11929321289062,67.18630981445312,63.19810104370117,65.0691909790039,63.071388244628906,62.00806427001953,63.0079345703125,63.03173828125,61.073726654052734,63.28506851196289,61.98386764526367,63.60031509399414
0,-35,-95,11,36,109.01834869384766,105.80170440673828,113.46365356445312,108.4066390991211,110.80162811279297,99.63935089111328,105.20931243896484,97.00515747070312,98.81295776367188,103.2279052734375,99.32270812988281,98.79270935058594,98.1121826171875,98.0051040649414,94.81033325195312,99.31767272949219,96.66436767578125,102.956298828125,100.84642028808594,105.7024154663086,103.78824615478516,107.42439270019531,106.45186614990234,107.83784484863281,104.65180206298828,100.17984008789062,99.28242492675781,100.18482971191406,94.82615661621094,96.60227966308594,91.7060546875,94.15412902832031,89.69392395019531,90.21086120605469,85.4400405883789,82.37718200683594,81.3019027709961,78.77182006835938,76.00657653808594,72.40165710449219,75.1664810180664,68.50547790527344,71.86793518066406,66.2872543334961,68.4105224609375,68.4105224609375,67.80117797851562,68.4105224609375,69.42621612548828,67.88224792480469,65.79513549804688,64.40496826171875
0,-35,-95,11,37,108.66921997070312,112.05802154541016,111.3238525390625,115.9482650756836,109.63575744628906,108.66921997070312,106.73331451416016,102.83968353271484,100.22474670410156,97.86214447021484,97.86214447021484,100.28459167480469,101.96568298339844,100.4987564086914,100.40418243408203,100.04499053955078,101.00495147705078,101.04454803466797,106.01886749267578,106.00471496582031,105.01904296875,105.01904296875,102.07839965820312,104.07689666748047,105.1712875366211,105.1712875366211,101.2422866821289,98.41239929199219,101.40019989013672,94.33981323242188,97.41663360595703,96.7470932006836,90.66973114013672,90.66973114013672,86.97700500488281,82.37718200683594,82.03657531738281,78.26238250732422,77.46611785888672,76.94153594970703,74.52516174316406,73.54590606689453,71.80529022216797,70.21395874023438,68.65857696533203,66.70832061767578,67.44627380371094,69.92138671875,70.51950073242188,73.00685119628906,70.21395874023438,67.41661834716797
0,-35,-95,11,36,109.59014892578125,106.92988586425781,110.49434661865234,107.35455322265625,106.0235824584961,104.69479370117188,104.69479370117188,99.92497253417969,100.84642028808594,97.14422607421875,96.79875946044922,96.76776123046875,95.21029663085938,96.7729263305664,94.83142852783203,101.78899383544922,98.47842407226562,100.62306213378906,99.84988403320312,101.96568298339844,100.62306213378906,103.24727630615234,103.36827087402344,103.57605743408203,102.18121337890625,100.0199966430664,97.51409912109375,97.08243560791016,94.14881896972656,97.08243560791016,91.98369598388672,91.21951293945312,89.5600357055664,86.12781524658203,86.12781524658203,84.48076629638672,80.36167907714844,76.24303436279297,76.24303436279297,74.04052734375,70.88018035888672,69.92138671875,70.88018035888672,68.680419921875,65.802734375,67.05221557617188,66.128662109375,67.41661834716797,67.97793579101562,67.60177612304688,65.73431396484375,65.6048812866211
0,-35,-95,12,32,103.6001968383789,100.80178833007812,103.81233215332031,103.6001968383789,103.46980285644531,101.60708618164062,101.83319854736328,97.08243560791016,95.13148498535156,97.34988403320312,94.87360382080078,95.52486419677734,94.8946762084961,90.78546142578125,91.23595428466797,94.5409927368164,93.04837799072266,97.69339752197266,96.93296813964844,101.59232330322266,99.5389404296875,100.08995819091797,100.7223892211914,101.76934814453125,98.84330749511719,97.04637908935547,94.84724426269531,94.3716049194336,91.23595428466797,93.4772720336914,87.6584243774414,88.1929702758789,85.8836441040039,83.35466766357422,81.88406372070312,79.75587463378906,80.77747344970703,76.32168579101562,71.56116485595703,69.97142028808594,71.34423828125,67.60177612304688,69.6419448852539,64.66065216064453,65.51335906982422,65.45991516113281,62.801273345947266,67.20118713378906,66.06814575195312,65.79513549804688,63.65532302856445,61.22091293334961
0,-35,-95,11,36,108.85311126708984,106.66770935058594,108.70602416992188,111.21150970458984,108.23123168945312,106.66770935058594,103.85566711425781,100.76705932617188,98.71676635742188,99.76472473144531,96.87621307373047,95.4620361328125,97.83660125732422,95.2680435180664,100.2646484375,96.60745239257812,99.6242904663086,96.60745239257812,102.34255981445312,105.43718719482422,105.0,103.00485229492188,101.40019989013672,105.11898040771484,103.6001968383789,104.20172882080078,101.04454803466797,96.82975006103516,98.08159637451172,96.54014587402344,95.13148498535156,89.27485656738281,89.14033508300781,88.5268325805664,85.58621215820312,82.73451232910156,81.46778869628906,79.20858764648438,77.10382843017578,75.66372680664062,71.4212875366211,70.72481536865234,70.00714111328125,70.00714111328125,67.17886352539062,65.11528015136719,67.94115447998047,67.35725402832031,67.62396240234375,69.20259857177734,68.50547790527344,68.87670135498047
0,-35,-95,12,33,104.67568969726562,106.28263854980469,107.91200256347656,105.68821716308594,102.78618621826172,102.48902130126953,100.90093994140625,97.73944854736328,94.15412902832031,94.33981323242188,94.33981323242188,93.10746765136719,94.81033325195312,94.3716049194336,94.8946762084961,94.66783905029297,96.04165649414062,95.71833801269531,99.85990142822266,100.95543670654297,103.17460632324219,102.34255981445312,98.27003479003906,102.39628601074219,98.97979736328125,99.76472473144531,96.64884948730469,96.64884948730469,94.8946762084961,91.7060546875,91.67878723144531,89.005615234375,89.0,84.5280990600586,81.02468872070312,80.11241912841797,81.1541748046875,75.7693862915039,75.02666473388672,72.61542510986328,70.38465881347656,69.6419448852539,67.779052734375,65.19202423095703,64.62197875976562,64.8459701538086,64.8459701538086,65.45991516113281,66.70832061767578,67.89698028564453,63.19810104370117,64.0078125
0,-35,-95,11,36,101.76934814453125,102.15674591064453,107.70329284667969,103.87010955810547,103.07764434814453,97.57561492919922,100.08995819091797,99.16148376464844,96.00521087646484,95.5196304321289,94.57801055908203,93.68030548095703,90.70832061767578,93.17188262939453,91.98369598388672,96.50906372070312,93.77099609375,96.7470932006836,96.42095184326172,98.73196411132812,97.01546478271484,100.84146118164062,98.47842407226562,101.59724426269531,101.11874389648438,98.0051040649414,96.02603912353516,96.33794403076172,91.4111557006836,93.74433135986328,87.86353302001953,88.84255981445312,85.90692901611328,83.19855499267578,82.46211242675781,83.6779556274414,77.1297607421875,73.49829864501953,71.30918884277344,68.680419921875,68.4105224609375,68.00735473632812,66.70832061767578,64.03124237060547,66.7607650756836,63.324562072753906,64.19501495361328,66.73080444335938,65.79513549804688,66.21178436279297,63.52952194213867,64.637451171875
0,-35,-95,11,37,105.54619598388672,104.70912170410156,106.00471496582031,106.0660171508789,104.70912170410156,99.84988403320312,98.38699340820312,97.49359130859375,97.50897216796875,94.02127075195312,93.52005004882812,94.33981323242188,96.13532257080078,95.50916290283203,93.68030548095703,94.5938720703125,93.17188262939453,96.31718444824219,100.80674743652344,101.60708618164062,100.22474670410156,104.92378234863281,100.66280364990234,101.20276641845703,99.45853424072266,98.71676635742188,96.54014587402344,97.51409912109375,93.86160278320312,91.21403503417969,89.9888916015625,89.49860382080078,87.09190368652344,85.86617279052734,82.2800064086914,81.27114868164062,80.36167907714844,74.0,74.3303451538086,69.57010650634766,69.92138671875,67.05221557617188,71.16881561279297,65.802734375,64.8459701538086,66.128662109375,64.25729370117188,66.30987548828125,68.44705963134766,66.18912506103516,65.0,64.81512451171875
0,-35,-95,11,37,107.44766235351562,106.40018463134766,112.20071411132812,107.61505126953125,105.26158142089844,100.2646484375,102.2007827758789,99.20181274414062,98.81295776367188,101.0197982788086,100.0,98.27003479003906,97.75479888916016,96.7470932006836,95.01578521728516,98.83824920654297,100.22474670410156,102.45974731445312,100.31948852539062,102.55242919921875,102.88343048095703,105.11898040771484,105.11898040771484,102.85912322998047,102.4743881225586,102.956298828125,96.7470932006836,99.36296844482422,97.1287841796875,96.7470932006836,93.49331665039062,90.21086120605469,91.92388153076172,85.23497009277344,82.37718200683594,83.81526947021484,79.6303939819336,78.81623840332031,76.02631378173828,73.49829864501953,73.81734466552734,70.21395874023438,71.02816009521484,69.81404113769531,69.40460968017578,66.84310150146484,66.06814575195312,67.35725402832031,68.62215423583984,66.70832061767578,67.80117797851562,66.0302963256836
0,-35,-95,11,37,113.63538360595703,109.55364227294922,114.85643005371094,108.77959442138672,111.64676666259766,108.46197509765625,106.79419708251953,104.69001770019531,101.27191162109375,102.59142303466797,100.28459167480469,102.61091613769531,100.16985321044922,98.76234436035156,100.0,102.14205932617188,99.95999145507812,101.51354217529297,105.84894561767578,107.70329284667969,106.56922912597656,106.28263854980469,106.28263854980469,108.2681884765625,104.40306854248047,105.9480972290039,102.2007827758789,103.44564056396484,99.04039764404297,101.6513671875,96.3016128540039,94.3716049194336,93.86160278320312,88.76936340332031,88.5268325805664,84.34452819824219,84.5280990600586,81.02468872070312,79.24645233154297,76.48529052734375,75.31268310546875,70.40596771240234,73.54590606689453,69.87130737304688,70.40596771240234,67.89698028564453,67.36467742919922,70.34912872314453,72.17340087890625,69.00724792480469,68.26419067382812,71.02112579345703
0,-35,-95,11,37,106.30146026611328,101.2422866821289,108.11567687988281,104.30723571777344,104.12012481689453,101.31633758544922,99.2471694946289,97.18538665771484,97.1287841796875,98.0204086303711,97.00515747070312,96.04686737060547,94.19129180908203,92.26592254638672,93.4344711303711,96.7470932006836,96.17691802978516,99.84988403320312,98.65596771240234,102.956298828125,99.84988403320312,102.25947570800781,99.60923767089844,99.98500061035156,100.7174301147461,99.50376892089844,95.2575454711914,95.18928527832031,93.26306915283203,93.13430786132812,87.05171203613281,92.02173614501953,86.02325439453125,86.00581359863281,85.0058822631836,83.05419921875,80.0062484741211,75.00666809082031,75.02666473388672,72.0,74.02702331542969,68.00735473632812,69.02897644042969,67.18630981445312,67.11929321289062,66.12110137939453,66.37017059326172,64.62971496582031,67.26811981201172,65.73431396484375,64.8459701538086,64.47480010986328
0,-35,-95,11,37,112.16059875488281,112.69871520996094,113.454833984375,110.42192077636719,112.16059875488281,108.70602416992188,105.75916290283203,104.9952392578125,102.64988708496094,103.96633911132812,99.03534698486328,103.23758697509766,100.5683822631836,97.83660125732422,100.2646484375,103.6001968383789,101.60708618164062,102.41581726074219,104.04325866699219,106.50821685791016,106.40018463134766,106.60675048828125,107.20074462890625,108.811767578125,107.00466918945312,105.60302734375,104.01922607421875,103.23274993896484,100.76705932617188,99.63935089111328,97.83660125732422,96.54014587402344,93.4344711303711,90.68627166748047,88.5268325805664,87.72685241699219,82.75868225097656,82.07313537597656,80.62257385253906,77.79460144042969,75.69015502929688,72.13875579833984,73.59347534179688,70.00714111328125,69.29646301269531,68.62215423583984,70.76722717285156,69.42621612548828,70.43436431884766,71.84706115722656,71.02112579345703,67.5351791381836
0,-35,-95,11,37,107.48953247070312,106.77546691894531,110.3177261352539,109.60382843017578,108.18965148925781,101.86265563964844,104.66136169433594,98.99494934082031,99.08582305908203,98.59513092041016,96.67471313476562,98.60020446777344,97.08243560791016,96.51942443847656,94.03190612792969,98.61541748046875,98.97979736328125,98.48857879638672,101.07422637939453,103.83159637451172,104.30723571777344,103.44564056396484,105.67875671386719,105.99056243896484,103.353759765625,100.4987564086914,99.98500061035156,101.54801940917969,96.04165649414062,96.51942443847656,89.04492950439453,90.97252655029297,91.26335144042969,86.40023040771484,85.8021011352539,83.00602722167969,81.02468872070312,77.66595458984375,76.843994140625,73.60027313232422,72.20111083984375,70.0,73.00685119628906,68.4105224609375,66.84310150146484,69.02897644042969,67.35725402832031,68.62215423583984,69.35416412353516,67.17886352539062,67.47592163085938,67.41661834716797
0,-35,-95,11,36,107.83784484863281,109.56732940673828,112.80514526367188,108.25894927978516,109.1650161743164,106.8877944946289,102.45974731445312,99.4032211303711,101.13357543945312,97.73944854736328,97.14422607421875,98.97979736328125,95.8018798828125,98.23441314697266,96.3016128540039,100.22474670410156,99.82484436035156,101.78899383544922,102.1077880859375,102.25947570800781,106.09900665283203,108.06016540527344,104.92378234863281,105.54619598388672,102.9611587524414,104.13932800292969,100.66280364990234,100.66280364990234,100.66280364990234,96.3016128540039,92.444580078125,90.13877868652344,92.444580078125,89.1852035522461,86.02325439453125,83.81526947021484,80.95677947998047,78.84795379638672,79.05693817138672,76.5506362915039,74.94664764404297,73.38937377929688,71.16881561279297,69.89277648925781,69.89277648925781,70.00714111328125,68.15423583984375,67.08203887939453,70.21395874023438,68.47627258300781,67.95587158203125,68.88395690917969
0,-35,-95,11,37,102.8250961303711,103.5857162475586,104.06248474121094,109.123779296875,104.23531341552734,102.17631530761719,100.5683822631836,98.2903823852539,94.06912231445312,97.74456787109375,92.02173614501953,93.50936126708984,94.4933853149414,94.64142608642578,94.62557983398438,94.62557983398438,97.34988403320312,95.41488647460938,98.79270935058594,100.70252990722656,99.02020263671875,103.73042297363281,99.04544067382812,100.70252990722656,102.34255981445312,99.29753112792969,95.44107818603516,96.40020751953125,95.8018798828125,92.41753387451172,90.27181243896484,91.40021514892578,91.40021514892578,85.8021011352539,83.73768615722656,79.02531433105469,78.10249328613281,75.43209075927734,73.87828063964844,72.80110168457031,69.42621612548828,68.7677230834961,71.0633544921875,67.26811981201172,67.20863342285156,65.85590362548828,65.0691909790039,66.4680404663086,69.3108901977539,67.35725402832031,66.85057830810547,66.64833068847656
0,-35,-95,12,33,103.73042297363281,104.86181640625,109.0,104.62313079833984,105.11898040771484,100.68763732910156,101.78899383544922,97.94386291503906,95.69221496582031,97.24710845947266,95.52486419677734,94.82615661621094,99.74467468261719,96.25486755371094,94.84724426269531,98.23441314697266,96.2081069946289,98.68130493164062,100.24469757080078,101.51354217529297,101.95096588134766,105.34230041503906,97.86214447021484,101.59232330322266,100.6578369140625,103.07764434814453,97.69339752197266,95.75489807128906,92.19544219970703,93.52005004882812,91.28527069091797,92.13577270507812,88.56636047363281,84.5280990600586,84.07734680175781,82.73451232910156,78.29431915283203,76.94153594970703,71.5541763305664,71.58910369873047,71.5541763305664,67.5351791381836,68.88395690917969,64.88451385498047,66.24198150634766,65.51335906982422,64.66065216064453,67.95587158203125,68.00735473632812,67.80117797851562,67.20863342285156,66.60330200195312
0,-35,-95,11,37,110.9414291381836,110.11357879638672,115.6633071899414,112.32987213134766,109.28861236572266,109.28861236572266,103.77379608154297,103.77379608154297,104.9571304321289,100.23971557617188,102.956298828125,98.38699340820312,99.80982208251953,100.7223892211914,98.0866928100586,101.59232330322266,101.19288635253906,103.4069595336914,105.3043212890625,107.56393432617188,106.90182495117188,106.25440979003906,105.6219711303711,107.85638427734375,106.97663116455078,103.81714630126953,104.75209045410156,103.81714630126953,97.30878448486328,100.08995819091797,94.5409927368164,93.62158203125,93.23089599609375,90.47099304199219,86.33075714111328,86.00581359863281,84.09518432617188,80.95059967041016,76.94153594970703,72.44998168945312,74.73285675048828,73.34848022460938,73.35530090332031,70.26378631591797,67.08203887939453,70.21395874023438,69.97142028808594,69.1158447265625,71.84706115722656,71.21797180175781,70.93659210205078,69.29646301269531
0,-35,-95,11,36,105.54619598388672,105.07616424560547,109.03668975830078,102.25947570800781,104.7377700805664,100.12991333007812,102.25947570800781,96.6281509399414,98.61541748046875,97.32933807373047,96.33275604248047,96.04686737060547,95.00526428222656,93.04837799072266,92.0869140625,99.18164825439453,95.33625030517578,95.18928527832031,100.4987564086914,98.50888061523438,99.50376892089844,100.31948852539062,102.12247467041016,102.31324768066406,100.17984008789062,98.12747192382812,99.18164825439453,97.00515747070312,93.04837799072266,93.02149963378906,88.0227279663086,90.00555419921875,89.02246856689453,86.0,82.09750366210938,82.02438354492188,81.02468872070312,75.05997467041016,76.05918884277344,72.17340087890625,74.1080322265625,67.11929321289062,72.11102294921875,65.27633666992188,68.35934448242188,67.36467742919922,65.4904556274414,65.76473236083984,67.08203887939453,67.44627380371094,67.67569732666016,65.79513549804688
0,-35,-95,11,37,111.78997802734375,110.30865478515625,115.52056121826172,111.61540985107422,111.78997802734375,108.07867431640625,107.33592224121094,103.61949920654297,103.73042297363281,103.4069595336914,100.96038818359375,100.89598846435547,100.89598846435547,101.20276641845703,101.60708618164062,104.08650207519531,100.4987564086914,102.956298828125,104.47966003417969,109.65856170654297,106.21205139160156,109.65856170654297,109.65856170654297,108.66461944580078,110.16805267333984,106.53168487548828,104.7377700805664,105.9056167602539,100.12991333007812,101.0,96.54014587402344,95.34149169921875,95.56673431396484,90.70832061767578,87.80091094970703,87.80091094970703,86.83317565917969,80.77747344970703,77.36924743652344,76.15773010253906,76.92203521728516,76.15773010253906,71.58910369873047,69.37578582763672,69.92138671875,68.680419921875,71.16881561279297,70.83784484863281,71.69379425048828,73.40980529785156,69.83551788330078,71.02816009521484
0,-35,-95,11,37,112.16059875488281,110.2587890625,112.16059875488281,107.93516540527344,112.92918395996094,106.04244232177734,110.11357879638672,105.60302734375,106.40018463134766,101.25709533691406,101.25709533691406,102.62553405761719,100.84642028808594,99.84988403320312,99.76472473144531,102.88343048095703,102.55242919921875,104.3886947631836,106.23088073730469,109.00458526611328,105.7024154663086,110.16805267333984,107.42439270019531,109.25199890136719,104.21611785888672,106.45186614990234,104.65180206298828,102.85912322998047,97.94386291503906,99.31767272949219,99.29753112792969,96.64884948730469,93.05912017822266,90.82400512695312,90.04998779296875,86.83317565917969,83.35466766357422,80.77747344970703,78.54934692382812,77.5241928100586,75.80237579345703,74.4311752319336,75.29276275634766,72.20111083984375,71.34423828125,73.24616241455078,71.28113555908203,72.11102294921875,71.21797180175781,73.0,71.44927978515625,71.70076751708984
0,-35,-95,11,37,106.6208267211914,107.42439270019531,111.08555603027344,109.1650161743164,105.19029998779297,106.10372161865234,102.69371795654297,101.63660430908203,99.5389404296875,99.72462463378906,98.35140991210938,95.88013458251953,99.45853424072266,97.74456787109375,96.7729263305664,94.9210205078125,99.14131164550781,96.17691802978516,102.956298828125,103.09703826904297,102.77159118652344,102.9611587524414,99.63935089111328,105.22357177734375,102.59142303466797,100.80674743652344,97.86214447021484,97.01546478271484,96.7729263305664,94.3663101196289,94.83142852783203,90.02777099609375,89.73851013183594,87.64131164550781,83.16850280761719,82.00609588623047,81.32035064697266,78.58753204345703,78.84795379638672,75.96051788330078,70.88018035888672,69.92138671875,70.21395874023438,69.2603759765625,69.57010650634766,67.35725402832031,67.41661834716797,67.23094177246094,67.11929321289062,68.87670135498047,68.26419067382812,68.4105224609375
0,-35,-95,11,37,109.65856170654297,110.3177261352539,111.73181915283203,111.12605285644531,109.71326446533203,106.10372161865234,107.51744079589844,105.36128234863281,102.59142303466797,101.91172790527344,100.5683822631836,99.2471694946289,99.02020263671875,100.42410278320312,98.40731811523438,102.34255981445312,99.85990142822266,101.78899383544922,102.39628601074219,107.70329284667969,106.8503646850586,109.0,106.50821685791016,109.29318237304688,106.25440979003906,105.43718719482422,102.64988708496094,103.00485229492188,99.4032211303711,99.4032211303711,94.81033325195312,93.86160278320312,92.61749267578125,90.27181243896484,90.27181243896484,86.55634307861328,82.97589874267578,79.98124694824219,78.74642944335938,76.41989135742188,75.82215881347656,72.34638977050781,73.66138458251953,68.7677230834961,70.0927963256836,66.48307800292969,65.76473236083984,71.44927978515625,69.02897644042969,70.21395874023438,68.79679870605469,67.08203887939453
0,-35,-95,11,37,110.47624206542969,112.78740692138672,111.1980209350586,114.42464447021484,110.21796417236328,106.7052001953125,105.9056167602539,103.5857162475586,104.56098937988281,103.3247299194336,102.61579132080078,99.32774353027344,101.843017578125,100.08995819091797,100.84642028808594,101.76934814453125,102.45974731445312,98.89894104003906,105.54619598388672,105.54619598388672,107.83784484863281,108.22661590576172,105.19029998779297,107.35455322265625,107.93516540527344,105.7024154663086,104.78549194335938,100.46392059326172,100.46392059326172,97.30878448486328,96.93296813964844,93.98403930664062,93.04837799072266,89.53770446777344,89.8109130859375,83.81526947021484,83.52245330810547,80.0062484741211,79.4040298461914,77.79460144042969,75.0,75.58438873291016,71.7844009399414,68.62215423583984,69.2603759765625,68.4105224609375,70.3420181274414,69.63475799560547,68.24954223632812,68.88395690917969,70.06425476074219,69.1158447265625
0,-35,-95,11,37,111.83023071289062,109.0,114.90866088867188,113.44161224365234,112.89818572998047,108.75660705566406,108.22661590576172,105.47511291503906,101.3558120727539,102.4743881225586,102.0,101.13357543945312,99.92497253417969,98.23441314697266,101.0197982788086,100.57833099365234,102.2007827758789,102.48902130126953,106.23088073730469,108.24047088623047,108.15729522705078,108.24047088623047,104.40306854248047,109.20164489746094,104.69479370117188,104.9952392578125,104.04325866699219,102.78618621826172,98.97979736328125,99.95999145507812,96.13532257080078,96.79875946044922,93.40770721435547,89.8888168334961,89.8888168334961,87.31552124023438,85.79627227783203,81.3449478149414,79.30951690673828,77.6208724975586,74.09453582763672,73.9256362915039,71.30918884277344,71.17584228515625,71.17584228515625,72.49827575683594,69.7782211303711,71.58910369873047,71.11962127685547,69.6419448852539,70.80254364013672,70.29224395751953
0,-35,-95,11,36,110.39022064208984,109.04127502441406,110.45361328125,110.34491729736328,108.93116760253906,108.30050659179688,105.47511291503906,101.67103576660156,100.12492370605469,99.80982208251953,99.80982208251953,98.22932434082031,97.34988403320312,97.34988403320312,96.8968505859375,98.61541748046875,99.29753112792969,99.36296844482422,102.42070007324219,105.11898040771484,105.55093383789062,103.7545166015625,103.31021118164062,106.0660171508789,104.10091400146484,105.19029998779297,102.08329772949219,99.12618255615234,96.8968505859375,95.88013458251953,94.87360382080078,94.66783905029297,92.78469848632812,87.66413116455078,84.62860107421875,84.59905242919922,82.00609588623047,76.843994140625,78.23681640625,74.3303451538086,72.42237091064453,71.28113555908203,72.42237091064453,70.80254364013672,70.21395874023438,68.60028839111328,69.81404113769531,69.65629577636719,67.17886352539062,71.50524139404297,68.11754608154297,67.42403411865234
0,-35,-95,11,37,110.42192077636719,107.61505126953125,111.60645294189453,111.6646728515625,109.01834869384766,104.8093490600586,105.0,101.40019989013672,100.43903350830078,99.04544067382812,98.73702239990234,99.64437103271484,98.0051040649414,99.76472473144531,95.7078857421875,102.15674591064453,99.5389404296875,99.4032211303711,103.24727630615234,105.30906677246094,106.23088073730469,107.15409088134766,106.0235824584961,105.47511291503906,103.87010955810547,105.60302734375,103.7545166015625,97.50897216796875,96.15092468261719,95.7078857421875,92.57429504394531,93.1504135131836,93.05912017822266,89.005615234375,88.1929702758789,85.58621215820312,84.72307586669922,79.4040298461914,77.5241928100586,75.47184753417969,71.58910369873047,72.56031799316406,73.43023681640625,73.06161499023438,69.97142028808594,68.50547790527344,68.26419067382812,69.89277648925781,71.21797180175781,70.29224395751953,68.59300231933594,68.11754608154297
0,-35,-95,11,37,107.00466918945312,104.69479370117188,112.64102172851562,107.56393432617188,108.15729522705078,103.44564056396484,102.48902130126953,99.32774353027344,99.32774353027344,98.71676635742188,98.27003479003906,97.32420349121094,98.99494934082031,95.75489807128906,95.52486419677734,100.40418243408203,96.13011932373047,99.18164825439453,101.0197982788086,106.11785888671875,100.24469757080078,103.31021118164062,101.2422866821289,105.07616424560547,101.2422866821289,102.31324768066406,97.25225067138672,99.72462463378906,95.75489807128906,95.63471984863281,92.77930450439453,91.08238220214844,88.81441497802734,86.14522552490234,84.34452819824219,82.87339782714844,82.03657531738281,76.11833190917969,74.14849853515625,71.19690704345703,74.52516174316406,68.24954223632812,71.38627624511719,68.24954223632812,68.44705963134766,69.6419448852539,65.52098846435547,67.72000885009766,68.3081283569336,68.70953369140625,64.47480010986328,68.09552001953125
0,-35,-95,11,37,112.75193786621094,113.43721008300781,113.74533081054688,113.1370849609375,110.8873291015625,110.02726745605469,108.90362548828125,104.8093490600586,102.48902130126953,101.17806243896484,102.23991394042969,101.00495147705078,101.04454803466797,103.0436782836914,102.12247467041016,102.04410552978516,104.3886947631836,101.2422866821289,104.47966003417969,110.6526107788086,109.37092590332031,108.46197509765625,108.16654205322266,105.47511291503906,109.1650161743164,105.1712875366211,108.07405090332031,104.0,103.00485229492188,98.0051040649414,96.0,93.00537872314453,94.04785919189453,92.02173614501953,92.04889678955078,83.09632873535156,84.148681640625,83.09632873535156,81.1541748046875,80.15609741210938,74.4311752319336,75.32595825195312,72.11102294921875,70.25667572021484,72.44308471679688,68.88395690917969,72.56031799316406,72.83543395996094,73.54590606689453,74.46475982666016,71.47027587890625,70.26378631591797
0,-35,-95,11,37,104.04325866699219,105.0,108.00463104248047,106.60675048828125,104.29285430908203,101.0197982788086,102.41581726074219,97.08243560791016,97.34988403320312,95.71833801269531,94.15412902832031,94.8946762084961,94.82615661621094,97.04637908935547,95.2732925415039,94.5409927368164,96.93296813964844,96.2081069946289,99.95999145507812,101.95096588134766,100.6578369140625,103.24727630615234,99.92497253417969,100.6578369140625,101.76934814453125,100.31948852539062,99.4032211303711,97.08243560791016,95.2732925415039,91.67878723144531,91.7060546875,89.44271850585938,88.54942321777344,85.8836441040039,86.31338500976562,81.88406372070312,79.75587463378906,73.35530090332031,76.66159057617188,72.71863555908203,72.20111083984375,68.09552001953125,67.60177612304688,68.79679870605469,67.23094177246094,66.5732650756836,65.51335906982422,66.0302963256836,65.0,66.70832061767578,65.85590362548828,65.29930877685547
0,-35,-95,11,37,109.22454071044922,105.01904296875,111.11255645751953,110.04090118408203,105.0428466796875,102.04410552978516,104.07689666748047,101.12368774414062,100.31948852539062,100.4987564086914,98.99494934082031,97.67292022705078,97.86214447021484,98.48857879638672,96.04686737060547,100.0,99.6242904663086,101.53324890136719,102.45974731445312,105.3043212890625,104.8093490600586,105.6503677368164,102.78618621826172,106.6255111694336,103.74005889892578,103.16007232666016,100.42410278320312,99.72462463378906,97.26766967773438,95.8018798828125,93.86160278320312,94.5938720703125,92.41753387451172,88.0738296508789,84.34452819824219,84.92938232421875,81.39410400390625,77.66595458984375,76.29547882080078,75.50496673583984,73.75635528564453,69.42621612548828,70.40596771240234,68.06614685058594,68.73136138916016,68.4689712524414,66.37017059326172,67.36467742919922,69.35416412353516,70.06425476074219,67.11929321289062,67.74215698242188
0,-35,-95,11,37,111.94641876220703,113.2784194946289,113.95174407958984,115.6243896484375,111.39569091796875,110.53506469726562,107.05606079101562,104.89041900634766,101.86265563964844,99.72462463378906,104.69001770019531,100.4987564086914,100.5683822631836,99.35794067382812,98.71676635742188,102.61579132080078,105.11898040771484,102.2007827758789,105.68348693847656,104.56098937988281,107.41508483886719,108.22661590576172,107.41508483886719,107.20074462890625,109.01834869384766,109.63575744628906,105.11898040771484,101.41498565673828,100.76705932617188,98.59513092041016,96.54014587402344,96.42613983154297,92.8493423461914,90.60904693603516,88.45903015136719,87.68124389648438,84.85281372070312,80.61017608642578,80.62257385253906,80.62257385253906,74.96665954589844,72.83543395996094,72.13875579833984,72.13875579833984,70.00714111328125,71.44927978515625,72.24956512451172,72.62230682373047,68.818603515625,72.20111083984375,71.58910369873047,70.7742919921875
0,-35,-95,11,37,103.7545166015625,104.65180206298828,106.45186614990234,105.54619598388672,104.65180206298828,101.98039245605469,101.98039245605469,97.50897216796875,96.66436767578125,97.30878448486328,97.73944854736328,97.08243560791016,94.3716049194336,96.3016128540039,93.62158203125,95.12622833251953,96.8813705444336,96.69022369384766,100.12991333007812,102.25947570800781,101.98039245605469,104.7377700805664,100.0199966430664,102.956298828125,102.59142303466797,100.22474670410156,99.04039764404297,95.56673431396484,95.12622833251953,93.74433135986328,92.19544219970703,90.9560317993164,90.52071380615234,86.83317565917969,82.9698715209961,82.9698715209961,80.77747344970703,76.92203521728516,76.40026092529297,71.84010314941406,71.56814575195312,72.2772445678711,71.30918884277344,65.802734375,68.3081283569336,65.45991516113281,67.67569732666016,65.78753662109375,66.85057830810547,67.62396240234375,67.11929321289062,66.0302963256836
0,-35,-95,11,37,106.40018463134766,106.8316421508789,109.85900115966797,104.8093490600586,107.80074310302734,103.6001968383789,103.00485229492188,100.68763732910156,98.22932434082031,97.09788513183594,98.27003479003906,97.1287841796875,95.7078857421875,96.17691802978516,93.62158203125,99.5389404296875,98.03060913085938,96.79875946044922,99.92997741699219,103.09219360351562,103.73042297363281,102.45974731445312,101.843017578125,104.04325866699219,103.46497344970703,101.0197982788086,96.76776123046875,98.08159637451172,98.79270935058594,95.85926818847656,89.8888168334961,90.2496566772461,87.66413116455078,84.69356536865234,83.77350616455078,83.93450164794922,81.02468872070312,76.15773010253906,74.73285675048828,72.09021759033203,71.17584228515625,71.86793518066406,69.6419448852539,67.62396240234375,68.87670135498047,67.23094177246094,66.64083099365234,67.5425796508789,66.64833068847656,69.065185546875,68.60028839111328,68.01470184326172
0,-35,-95,11,36,105.19029998779297,108.78418731689453,108.5587387084961,110.14535522460938,109.65856170654297,103.83159637451172,102.4743881225586,102.72779846191406,98.1121826171875,99.02020263671875,97.6370849609375,98.47334289550781,101.60708618164062,96.04686737060547,97.6166000366211,96.67471313476562,100.4987564086914,98.49365234375,104.66136169433594,106.10372161865234,104.89041900634766,104.89041900634766,100.76705932617188,104.7377700805664,106.52699279785156,104.01922607421875,100.42410278320312,98.23441314697266,99.20181274414062,95.0,93.23089599609375,94.04785919189453,90.44335174560547,86.83892822265625,87.3670425415039,82.92768096923828,79.88116455078125,77.38862609863281,76.32168579101562,75.45197296142578,72.11102294921875,71.69379425048828,70.72481536865234,68.09552001953125,67.60177612304688,67.11929321289062,68.47627258300781,67.5425796508789,68.54196166992188,68.00735473632812,69.6419448852539,70.40596771240234
0,-35,-95,11,37,109.3846435546875,108.66921997070312,106.60675048828125,107.93516540527344,105.08092498779297,106.48004150390625,103.3247299194336,103.44564056396484,101.92153930664062,101.843017578125,99.02020263671875,101.0197982788086,100.7223892211914,97.08243560791016,99.31767272949219,96.60227966308594,100.84642028808594,99.36296844482422,104.31682586669922,106.67708587646484,102.4743881225586,104.65657806396484,100.34440612792969,105.81587982177734,104.23531341552734,102.42070007324219,100.62306213378906,100.22474670410156,97.50897216796875,96.60745239257812,94.84724426269531,92.61209106445312,89.96110534667969,87.46427917480469,86.53900909423828,84.69356536865234,84.50444030761719,78.54934692382812,77.2528305053711,74.09453582763672,69.89277648925781,70.00714111328125,70.00714111328125,68.00735473632812,70.22820281982422,69.2603759765625,66.0984115600586,68.680419921875,66.4906005859375,69.05070495605469,67.36467742919922,69.065185546875
0,-35,-95,11,37,112.8716049194336,112.14722442626953,114.12712097167969,113.74533081054688,111.7586669921875,110.54862976074219,107.05606079101562,103.81714630126953,103.7545166015625,103.57605743408203,102.77159118652344,99.2471694946289,102.88343048095703,100.0,96.13532257080078,101.59232330322266,102.88343048095703,101.95096588134766,102.15674591064453,108.07867431640625,106.28263854980469,107.70329284667969,107.56393432617188,109.00458526611328,102.78618621826172,104.35516357421875,102.14205932617188,101.83319854736328,96.76776123046875,99.6242904663086,94.64142608642578,93.40770721435547,91.48223876953125,89.28605651855469,86.40023040771484,84.40379333496094,81.4923324584961,78.64476776123047,78.10249328613281,73.54590606689453,71.56814575195312,71.58910369873047,71.38627624511719,67.6830825805664,68.88395690917969,67.26811981201172,68.06614685058594,68.73136138916016,68.35934448242188,69.1158447265625,67.00746154785156,67.74215698242188
0,-35,-95,11,36,103.81233215332031,104.86181640625,106.01886749267578,104.29285430908203,102.64988708496094,101.25709533691406,101.0197982788086,95.8018798828125,96.21330261230469,96.04686737060547,94.64142608642578,92.95697784423828,92.69843292236328,92.6552734375,92.6336898803711,95.58765411376953,95.90099334716797,94.3663101196289,97.45255279541016,97.6166000366211,100.12492370605469,100.12492370605469,100.76705932617188,99.2471694946289,99.08582305908203,99.08582305908203,98.41239929199219,92.6552734375,91.93476104736328,91.92388153076172,89.80534362792969,88.39117431640625,85.5628433227539,82.03657531738281,82.73451232910156,80.65978240966797,78.10249328613281,75.28611755371094,70.1783447265625,70.76722717285156,68.7677230834961,69.35416412353516,68.7677230834961,66.70832061767578,65.11528015136719,64.44377136230469,64.81512451171875,66.40029907226562,65.45991516113281,67.60177612304688,66.21178436279297,65.55150604248047
0,-35,-95,11,36,107.46627044677734,107.46627044677734,112.64102172851562,109.55364227294922,108.46197509765625,104.47966003417969,103.3924560546875,102.1077880859375,99.72462463378906,98.0051040649414,97.32420349121094,99.63935089111328,96.54014587402344,96.5660400390625,97.26766967773438,98.37174224853516,97.40636444091797,99.29753112792969,101.0197982788086,101.59232330322266,104.04325866699219,103.4069595336914,103.4069595336914,101.51354217529297,102.88343048095703,102.88343048095703,100.0,98.76234436035156,97.74456787109375,97.51409912109375,91.67878723144531,92.6498794555664,90.70832061767578,87.32124328613281,86.31338500976562,86.4927749633789,82.87339782714844,80.0624771118164,76.94153594970703,72.99314880371094,73.82411193847656,73.43704986572266,73.16419982910156,67.60177612304688,68.59300231933594,67.47592163085938,67.47592163085938,68.26419067382812,68.00735473632812,69.1158447265625,68.18357849121094,66.2872543334961
0,-37,-95,13,29,111.50336456298828,111.22050476074219,112.89375305175781,110.67520141601562,109.0,105.9480972290039,105.39450073242188,103.46980285644531,102.64988708496094,100.60317993164062,99.80982208251953,100.12492370605469,99.15644073486328,99.76472473144531,98.35140991210938,101.82337951660156,100.44898986816406,100.44898986816406,101.31633758544922,104.06248474121094,106.07544708251953,107.51744079589844,105.36128234863281,103.3247299194336,105.36128234863281,103.24727630615234,100.44898986816406,99.82484436035156,96.33275604248047,94.11163330078125,91.43850708007812,90.68627166748047,89.3756103515625,87.32124328613281,85.2760238647461,82.61961364746094,80.43009185791016,77.6208724975586,75.60423278808594,73.40980529785156,72.80110168457031,71.40028381347656,71.40028381347656,68.60028839111328,69.40460968017578,67.42403411865234,67.95587158203125,68.79679870605469,68.96376037597656,67.97793579101562,67.23094177246094,66.40782928466797
0,-35,-95,11,38,110.57124328613281,107.54068756103516,114.38968658447266,110.16805267333984,109.65856170654297,108.33743286132812,106.6208267211914,102.55242919921875,99.5389404296875,102.15674591064453,102.45974731445312,99.29753112792969,99.04039764404297,97.52947998046875,96.54014587402344,100.62306213378906,98.99494934082031,103.4069595336914,101.43470764160156,106.8877944946289,108.85311126708984,107.68936920166016,106.7052001953125,107.51744079589844,105.5367202758789,102.39140319824219,100.43903350830078,102.1077880859375,98.23441314697266,100.16985321044922,94.83142852783203,93.40770721435547,92.72000885009766,91.39474487304688,84.77027893066406,85.38150024414062,83.81526947021484,79.05693817138672,78.43468475341797,75.61084747314453,74.63243103027344,72.44998168945312,75.61084747314453,68.94925689697266,69.89277648925781,70.00714111328125,68.54196166992188,68.02940368652344,72.00694274902344,72.20111083984375,69.63475799560547,67.35725402832031
0,-35,-95,11,36,105.11898040771484,104.56098937988281,104.56098937988281,106.23088073730469,101.54801940917969,101.78899383544922,98.47842407226562,97.90811920166016,97.6524429321289,97.41663360595703,96.21330261230469,96.82975006103516,94.3663101196289,95.58765411376953,94.79451751708984,98.31072998046875,97.83660125732422,96.93812561035156,98.49365234375,99.03534698486328,101.83319854736328,103.96633911132812,102.53292083740234,100.5683822631836,101.83319854736328,101.11874389648438,98.31072998046875,96.93812561035156,94.9210205078125,92.6552734375,91.9673843383789,87.96590423583984,87.32124328613281,83.09632873535156,87.32124328613281,78.8733139038086,78.8733139038086,74.5184555053711,73.10950469970703,73.40980529785156,71.21797180175781,67.62396240234375,69.81404113769531,64.20280456542969,65.21502685546875,66.2872543334961,66.85057830810547,67.41661834716797,65.76473236083984,68.0,64.47480010986328,67.06713104248047
0,-35,-95,11,37,104.47966003417969,105.47511291503906,105.385009765625,105.68348693847656,101.49384307861328,100.4987564086914,101.40019989013672,98.12747192382812,98.08159637451172,96.13011932373047,96.04686737060547,95.00526428222656,97.08243560791016,95.33625030517578,94.33981323242188,97.73944854736328,96.17691802978516,98.31072998046875,98.65596771240234,100.62306213378906,101.11874389648438,102.77159118652344,100.7174301147461,101.78899383544922,102.8250961303711,100.84146118164062,98.61541748046875,97.62171936035156,95.88534545898438,93.77099609375,88.27796936035156,90.66973114013672,91.4439697265625,86.20904541015625,82.2982406616211,83.15046691894531,80.02499389648438,76.05918884277344,76.05918884277344,73.02738952636719,72.17340087890625,68.26419067382812,67.18630981445312,67.11929321289062,67.06713104248047,65.0,66.0302963256836,66.00757598876953,67.18630981445312,68.73136138916016,68.24954223632812,64.8459701538086
0,-35,-95,11,37,103.17460632324219,103.46980285644531,106.50821685791016,104.29285430908203,103.81233215332031,100.43903350830078,101.25709533691406,97.09788513183594,97.09788513183594,96.7470932006836,96.25486755371094,93.4772720336914,92.57429504394531,94.02127075195312,90.87353515625,96.79875946044922,91.08238220214844,97.73944854736328,96.4624252319336,98.67117309570312,99.29753112792969,101.51354217529297,101.843017578125,102.14205932617188,99.6242904663086,98.68130493164062,96.76776123046875,96.2081069946289,92.70382690429688,94.33981323242188,89.31964874267578,89.55445098876953,87.8464584350586,85.61541748046875,83.25863647460938,83.38465118408203,77.38862609863281,73.40980529785156,72.91776275634766,68.87670135498047,71.5541763305664,66.70832061767578,68.44705963134766,65.30696868896484,67.08203887939453,65.30696868896484,65.7419204711914,63.52952194213867,67.11929321289062,67.42403411865234,66.06814575195312,65.05382537841797
0,-35,-95,11,36,106.56922912597656,109.44404602050781,107.56393432617188,107.91200256347656,106.6255111694336,104.54663848876953,103.46497344970703,101.83319854736328,99.32774353027344,96.84007263183594,97.52947998046875,98.23441314697266,95.90099334716797,95.90099334716797,95.18928527832031,98.15293884277344,97.73944854736328,98.73196411132812,99.72462463378906,102.39628601074219,100.4987564086914,103.69667053222656,101.11874389648438,101.49384307861328,101.96568298339844,101.83319854736328,100.12991333007812,95.35198211669922,97.16481018066406,93.21480560302734,92.39588928222656,89.8220443725586,90.42676544189453,87.86353302001953,86.58522033691406,82.97589874267578,80.80841827392578,78.10249328613281,76.15773010253906,73.24616241455078,73.49829864501953,70.8307876586914,68.15423583984375,68.96376037597656,66.48307800292969,68.96376037597656,67.67569732666016,70.51950073242188,68.15423583984375,67.62396240234375,66.73080444335938,68.50547790527344
0,-35,-95,11,37,104.78549194335938,105.75916290283203,106.23088073730469,111.08555603027344,104.29285430908203,103.3247299194336,102.61579132080078,100.28459167480469,99.72462463378906,96.4624252319336,97.1236343383789,98.08159637451172,97.69339752197266,95.85405731201172,98.89894104003906,93.52005004882812,99.84988403320312,95.7078857421875,104.31682586669922,103.353759765625,103.31021118164062,104.23531341552734,98.83824920654297,104.20172882080078,102.42070007324219,102.41581726074219,100.22474670410156,95.75489807128906,97.08243560791016,92.70382690429688,94.42987060546875,89.96110534667969,90.87353515625,87.09190368652344,82.2800064086914,81.70679473876953,80.65357971191406,79.37883758544922,74.0,74.3303451538086,70.51950073242188,72.42237091064453,67.41661834716797,72.12489318847656,69.89277648925781,68.680419921875,67.44627380371094,65.96968841552734,65.30696868896484,70.45565795898438,66.06814575195312,70.028564453125
0,-35,-95,11,36,110.22250366210938,108.37435150146484,109.45775604248047,108.16654205322266,107.11676025390625,104.23531341552734,106.169677734375,101.31633758544922,102.31324768066406,97.73944854736328,98.15293884277344,96.50906372070312,98.27003479003906,98.48857879638672,93.86160278320312,98.49365234375,99.32774353027344,101.2422866821289,101.19288635253906,105.36128234863281,102.61579132080078,104.69479370117188,104.8093490600586,107.85638427734375,102.35721588134766,103.84603881835938,100.89598846435547,99.68952178955078,94.83142852783203,96.7729263305664,92.57429504394531,92.22798156738281,90.42676544189453,88.1192398071289,88.1192398071289,85.0,83.18653869628906,78.91767883300781,78.91767883300781,74.4311752319336,75.66372680664062,69.72087097167969,73.55270385742188,69.58448028564453,69.46221923828125,67.36467742919922,67.26811981201172,71.0633544921875,68.02940368652344,71.00704193115234,67.47592163085938,66.2872543334961
0,-35,-95,12,32,105.39450073242188,106.50821685791016,109.0,104.04325866699219,102.34255981445312,100.68763732910156,100.12492370605469,98.73702239990234,98.47842407226562,96.04165649414062,96.8968505859375,96.17691802978516,93.471923828125,95.2732925415039,91.78779602050781,98.23441314697266,96.13532257080078,98.68130493164062,98.35140991210938,99.92997741699219,100.46392059326172,101.59232330322266,101.23734283447266,99.02020263671875,100.46392059326172,99.00505065917969,98.89894104003906,97.16995239257812,94.42987060546875,93.52005004882812,89.0,89.47066497802734,88.14192962646484,85.42832946777344,82.76472473144531,83.18653869628906,81.41252899169922,76.05918884277344,77.02597045898438,73.35530090332031,72.56031799316406,68.88395690917969,67.60177612304688,65.29930877685547,65.3681869506836,68.79679870605469,64.14047241210938,66.2872543334961,65.21502685546875,67.80117797851562,68.62215423583984,65.94694519042969
0,-38,-95,14,25,105.07616424560547,104.12012481689453,105.01904296875,105.11898040771484,104.07689666748047,102.07839965820312,100.07997131347656,98.0204086303711,96.02082824707031,95.04735565185547,95.08417510986328,94.19129180908203,93.64827728271484,93.77099609375,93.05912017822266,94.04785919189453,95.7078857421875,94.3663101196289,97.74456787109375,98.27003479003906,99.04039764404297,100.0199966430664,97.67292022705078,100.43903350830078,98.65596771240234,97.16481018066406,96.02603912353516,92.9139404296875,91.78779602050781,88.6848373413086,87.57283020019531,86.5794448852539,84.48076629638672,82.38932037353516,81.22191619873047,79.22752380371094,76.2364730834961,73.24616241455078,73.17103576660156,70.1783447265625,67.11929321289062,67.11929321289062,66.12110137939453,65.0691909790039,63.03173828125,62.032249450683594,64.0,64.0078125,63.071388244628906,64.28063201904297,62.801273345947266,63.06346130371094
0,-35,-95,11,37,109.65856170654297,112.96902465820312,111.98660278320312,110.02726745605469,107.51744079589844,106.0660171508789,106.09900665283203,103.16007232666016,101.20276641845703,103.81233215332031,100.66280364990234,100.68763732910156,97.41663360595703,98.35140991210938,96.13532257080078,103.81714630126953,103.07764434814453,104.0,105.60302734375,107.93516540527344,105.30906677246094,107.93516540527344,106.77546691894531,107.01869201660156,107.56393432617188,105.10946655273438,100.6578369140625,101.19288635253906,97.71898651123047,97.73944854736328,95.21029663085938,94.25497436523438,92.04889678955078,89.4930191040039,88.05680084228516,86.12781524658203,82.71033477783203,78.84795379638672,78.58753204345703,71.30918884277344,75.18643188476562,70.8307876586914,74.73285675048828,67.46851348876953,68.65857696533203,67.26811981201172,70.03570556640625,69.05070495605469,67.47592163085938,72.06246948242188,70.028564453125,68.59300231933594
0,-35,-95,12,33,102.44998931884766,105.11898040771484,103.85566711425781,108.07405090332031,102.8250961303711,103.71113586425781,99.48869323730469,98.85848236083984,96.04686737060547,94.20191192626953,94.62557983398438,92.96235656738281,94.66783905029297,94.02127075195312,97.1287841796875,92.13034057617188,98.89894104003906,93.94147491455078,101.13357543945312,99.31767272949219,101.96568298339844,102.42070007324219,97.94386291503906,100.22474670410156,98.83824920654297,96.64884948730469,97.6166000366211,94.41397857666016,95.38343811035156,89.06739044189453,93.64827728271484,89.1852035522461,87.32124328613281,85.23497009277344,83.21658325195312,79.07591247558594,78.54934692382812,74.3303451538086,76.00657653808594,72.40165710449219,70.21395874023438,69.89277648925781,65.51335906982422,68.24221801757812,64.8999252319336,63.82006072998047,67.42403411865234,64.66065216064453,65.19202423095703,65.76473236083984,65.19202423095703,67.20118713378906
0,-35,-95,11,36,100.4987564086914,103.23758697509766,102.39628601074219,102.39628601074219,99.2471694946289,99.2471694946289,99.40824890136719,97.32933807373047,92.54188537597656,94.04785919189453,91.92388153076172,91.24143981933594,93.62158203125,91.67878723144531,94.5938720703125,92.1791763305664,93.92018127441406,90.52071380615234,96.4624252319336,97.41663360595703,97.08243560791016,99.92997741699219,97.08243560791016,98.97979736328125,95.60334777832031,96.3016128540039,93.86160278320312,92.89241027832031,92.89241027832031,89.26925659179688,90.70832061767578,88.29496002197266,84.92938232421875,83.74365997314453,82.37718200683594,78.26238250732422,78.64476776123047,75.13321685791016,72.00694274902344,71.84706115722656,68.06614685058594,67.74215698242188,68.24954223632812,65.37583923339844,65.6201171875,64.49806213378906,62.28964614868164,66.12110137939453,65.0691909790039,65.0,64.28063201904297,65.30696868896484
0,-35,-95,11,37,110.67520141601562,110.67520141601562,113.44161224365234,111.3058853149414,107.91200256347656,108.45275115966797,106.01886749267578,102.07839965820312,101.83319854736328,100.80178833007812,98.0051040649414,101.212646484375,98.59513092041016,99.15644073486328,100.5683822631836,100.4987564086914,101.17806243896484,100.41912078857422,102.068603515625,105.64563751220703,106.8316421508789,106.15083312988281,106.07544708251953,107.48953247070312,105.36128234863281,106.07544708251953,103.96633911132812,103.24727630615234,99.03534698486328,97.58073425292969,94.79451751708984,91.9673843383789,89.87213134765625,88.5268325805664,86.45230102539062,85.91275024414062,80.91971588134766,77.801025390625,77.801025390625,77.46611785888672,74.65252685546875,73.10950469970703,71.0633544921875,70.43436431884766,70.43436431884766,68.11754608154297,69.20259857177734,68.818603515625,70.1783447265625,70.21395874023438,68.94200134277344,69.89277648925781
0,-35,-95,11,37,108.77959442138672,113.53413391113281,113.74533081054688,108.77959442138672,111.15754699707031,110.02726745605469,104.69001770019531,101.59724426269531,102.70345306396484,101.07917785644531,100.07997131347656,100.00499725341797,100.0199966430664,102.12247467041016,101.07917785644531,101.2422866821289,103.5857162475586,102.31324768066406,106.79419708251953,106.47064971923828,108.22661590576172,105.47511291503906,105.385009765625,106.79419708251953,105.47511291503906,108.22661590576172,101.12368774414062,101.07917785644531,99.08077239990234,96.13011932373047,95.02104949951172,97.00515747070312,97.00515747070312,88.0227279663086,88.0227279663086,87.05171203613281,83.02409362792969,81.05553436279297,80.05622863769531,79.10120391845703,76.05918884277344,72.02777099609375,73.06161499023438,68.06614685058594,68.11754608154297,69.35416412353516,67.18630981445312,74.5452880859375,69.87130737304688,70.03570556640625,68.88395690917969,70.93659210205078
0,-35,-95,11,37,109.5627670288086,109.3846435546875,112.16059875488281,112.53887939453125,112.53887939453125,106.6208267211914,106.77546691894531,104.67568969726562,102.88343048095703,101.83319854736328,101.2422866821289,101.6513671875,100.43903350830078,100.22474670410156,98.06120300292969,102.59142303466797,101.96568298339844,101.27191162109375,105.385009765625,105.9292221069336,107.05606079101562,105.9292221069336,105.9292221069336,105.68348693847656,109.17874908447266,105.54619598388672,102.25947570800781,102.77159118652344,101.78899383544922,97.16481018066406,96.8813705444336,95.12622833251953,95.56673431396484,89.05054473876953,90.02777099609375,85.61541748046875,83.43260955810547,81.74349975585938,80.52328491210938,76.15773010253906,74.72616577148438,71.84010314941406,72.2772445678711,70.3420181274414,71.84010314941406,69.37578582763672,68.00735473632812,70.22820281982422,71.51223754882812,72.09021759033203,69.35416412353516,70.21395874023438
0,-35,-95,11,37,111.22050476074219,109.29318237304688,112.21853637695312,114.43775939941406,109.37092590332031,104.3886947631836,103.5857162475586,102.31324768066406,101.17806243896484,100.12492370605469,99.02020263671875,100.07997131347656,100.17984008789062,97.32933807373047,99.40824890136719,100.9752426147461,100.80674743652344,100.28459167480469,103.94229125976562,105.72132873535156,104.8093490600586,109.17874908447266,104.8093490600586,104.92378234863281,106.0660171508789,103.94710540771484,104.8093490600586,101.96568298339844,100.60317993164062,97.86725616455078,96.42095184326172,92.19544219970703,93.08598327636719,88.0511245727539,88.09085845947266,86.09297180175781,84.148681640625,76.16429901123047,76.05918884277344,74.06078338623047,73.06161499023438,73.10950469970703,72.11102294921875,70.0,67.02984619140625,69.0,69.02897644042969,70.06425476074219,69.2603759765625,70.71067810058594,68.65857696533203,68.00735473632812
0,-35,-95,11,37,110.47624206542969,110.47624206542969,113.87712860107422,112.37882232666016,109.12836456298828,107.82392883300781,105.67875671386719,103.44564056396484,103.77379608154297,103.46497344970703,99.98500061035156,98.73702239990234,99.20181274414062,102.00489807128906,99.48869323730469,102.068603515625,99.03534698486328,100.5683822631836,104.66136169433594,106.07544708251953,108.90362548828125,107.51744079589844,106.10372161865234,107.51744079589844,106.30146026611328,106.52699279785156,103.4794692993164,101.41498565673828,98.08159637451172,98.59513092041016,97.45255279541016,93.7229995727539,94.02127075195312,88.86506652832031,88.40814208984375,82.20097351074219,82.4196548461914,77.801025390625,79.88116455078125,77.20103454589844,73.23933410644531,73.60027313232422,72.42237091064453,71.84706115722656,69.89277648925781,70.45565795898438,67.11929321289062,71.86793518066406,69.31810760498047,71.17584228515625,68.3520278930664,75.18643188476562
0,-35,-95,11,38,110.01818084716797,111.01801300048828,111.07205200195312,113.21660614013672,105.11898040771484,109.11461639404297,104.07689666748047,105.01904296875,102.04410552978516,101.04454803466797,103.12128448486328,100.60317993164062,100.9752426147461,101.96568298339844,100.84146118164062,101.11874389648438,103.7545166015625,98.65596771240234,107.2800064086914,103.7545166015625,108.18965148925781,107.20074462890625,103.94229125976562,106.96260833740234,102.59142303466797,105.54619598388672,103.94710540771484,100.31948852539062,100.31948852539062,95.42536163330078,97.41663360595703,93.19334411621094,90.19977569580078,88.14192962646484,88.09085845947266,81.1541748046875,83.15046691894531,80.09993743896484,79.10120391845703,77.05841827392578,73.0,76.02631378173828,69.02897644042969,71.0633544921875,71.0,73.06161499023438,69.02897644042969,71.17584228515625,68.26419067382812,70.45565795898438,71.58910369873047,68.96376037597656
0,-35,-95,11,37,104.62313079833984,104.62313079833984,106.40018463134766,107.41508483886719,104.86181640625,103.81233215332031,100.80178833007812,98.40731811523438,98.85848236083984,98.71676635742188,97.45255279541016,95.52486419677734,95.48298645019531,93.34880828857422,94.76286315917969,99.15644073486328,98.08159637451172,98.71676635742188,100.2646484375,100.2646484375,102.94173431396484,103.71113586425781,102.068603515625,101.53324890136719,100.6578369140625,100.4987564086914,99.15644073486328,95.52486419677734,94.76286315917969,94.79451751708984,89.10667419433594,89.80534362792969,87.69264221191406,85.5628433227539,84.85281372070312,81.3449478149414,82.134033203125,77.79460144042969,75.74298858642578,72.13875579833984,69.42621612548828,69.42621612548828,67.94115447998047,66.60330200195312,65.94694519042969,68.01470184326172,65.19202423095703,69.02897644042969,68.50547790527344,67.41661834716797,65.76473236083984,65.55150604248047
0,-35,-95,11,37,110.67520141601562,110.67520141601562,113.99122619628906,109.0,110.98197937011719,107.18675231933594,106.32967376708984,106.8503646850586,102.62553405761719,100.20977783203125,100.0,100.42410278320312,99.35794067382812,101.41498565673828,97.67292022705078,104.66136169433594,100.41912078857422,101.13851928710938,105.38026428222656,105.36128234863281,108.18965148925781,108.89444732666016,107.51744079589844,105.36128234863281,105.38026428222656,104.06248474121094,102.068603515625,100.6578369140625,100.4987564086914,97.08243560791016,95.2680435180664,93.23625946044922,89.3756103515625,90.0,85.21150207519531,86.40023040771484,86.40023040771484,79.4040298461914,78.60025787353516,76.02631378173828,74.63243103027344,75.0,73.81734466552734,70.72481536865234,69.3397445678711,69.89277648925781,68.96376037597656,70.8307876586914,68.0,71.11258697509766,70.22820281982422,67.91170501708984
0,-35,-95,11,37,112.29425811767578,113.75851440429688,111.83023071289062,114.01753997802734,109.3846435546875,109.1421127319336,105.99056243896484,104.56098937988281,103.16007232666016,102.25947570800781,101.27191162109375,100.9752426147461,100.60317993164062,100.31948852539062,101.12368774414062,102.12247467041016,104.0,101.0,105.07616424560547,106.169677734375,108.04165649414062,109.01834869384766,105.0047607421875,108.00463104248047,106.01886749267578,104.01922607421875,104.01922607421875,101.07917785644531,100.24469757080078,97.1287841796875,96.13011932373047,95.13148498535156,93.26306915283203,90.27181243896484,90.27181243896484,86.28441619873047,84.59314727783203,80.5046615600586,78.63841247558594,76.41989135742188,73.68174743652344,75.53807067871094,73.33484649658203,70.71067810058594,72.69112396240234,72.69112396240234,70.71067810058594,67.46851348876953,69.85699462890625,71.7844009399414,70.57620239257812,69.7782211303711
0,-35,-95,11,37,113.60017395019531,110.90987396240234,115.83177185058594,114.12712097167969,108.67382049560547,105.54619598388672,105.54619598388672,103.31505584716797,101.13357543945312,102.956298828125,100.7223892211914,101.95096588134766,104.04325866699219,99.32774353027344,100.68763732910156,103.81233215332031,101.0,99.2471694946289,105.72132873535156,105.72132873535156,107.07940673828125,106.7052001953125,107.48953247070312,110.0227279663086,106.30146026611328,107.44766235351562,102.18121337890625,104.04806518554688,98.95453643798828,100.66280364990234,94.11163330078125,95.56673431396484,92.89241027832031,92.6498794555664,86.83317565917969,85.16454315185547,83.24061584472656,79.12016296386719,79.12016296386719,75.69015502929688,75.69015502929688,72.53275299072266,72.2772445678711,72.42237091064453,71.84010314941406,70.21395874023438,70.51950073242188,71.16881561279297,71.17584228515625,72.89718627929688,69.35416412353516,71.61005401611328
0,-38,-95,14,25,105.57461547851562,105.57461547851562,108.46197509765625,105.68348693847656,105.68348693847656,101.71037292480469,102.48902130126953,98.32598876953125,99.32270812988281,98.12747192382812,97.08243560791016,96.00521087646484,96.04686737060547,93.08598327636719,94.19129180908203,97.41663360595703,95.63471984863281,96.6281509399414,97.86725616455078,99.84988403320312,99.60923767089844,101.59724426269531,101.40019989013672,100.7174301147461,100.40418243408203,99.2471694946289,96.18731689453125,96.08329772949219,92.04889678955078,92.0869140625,87.05171203613281,86.05230712890625,85.05292510986328,83.02409362792969,81.00617218017578,81.00617218017578,78.00640869140625,75.0,74.02702331542969,69.00724792480469,70.028564453125,68.02940368652344,68.00735473632812,65.0691909790039,65.0691909790039,64.07027435302734,63.12685775756836,64.38167572021484,64.62971496582031,63.348243713378906,64.8459701538086,63.694583892822266
0,-35,-95,11,37,111.77208709716797,113.1591796875,111.51681518554688,113.74093627929688,109.83624267578125,107.91200256347656,108.16654205322266,103.73042297363281,104.29285430908203,101.40019989013672,102.80078125,101.04454803466797,100.00499725341797,99.82484436035156,99.82484436035156,103.24727630615234,103.23758697509766,102.53292083740234,104.66136169433594,110.3177261352539,109.62207794189453,108.89444732666016,107.48953247070312,107.48953247070312,106.79419708251953,106.8316421508789,101.98039245605469,102.068603515625,104.23531341552734,99.2471694946289,93.7229995727539,95.42536163330078,93.23625946044922,90.90654754638672,88.23831176757812,84.81155395507812,83.6002426147461,80.60397338867188,78.23681640625,77.20103454589844,75.80237579345703,74.63243103027344,73.23933410644531,72.67048645019531,68.50547790527344,72.40165710449219,70.49113464355469,72.56031799316406,68.42514038085938,71.17584228515625,69.28924560546875,70.60453033447266
0,-35,-95,11,37,105.22357177734375,105.22357177734375,106.9205322265625,104.7377700805664,105.07616424560547,102.25947570800781,101.27191162109375,99.72462463378906,99.72462463378906,98.61541748046875,97.25225067138672,95.13148498535156,97.00515747070312,95.02104949951172,94.08506774902344,97.08243560791016,98.24967956542969,98.32598876953125,100.60317993164062,103.48429870605469,102.31324768066406,102.59142303466797,101.12368774414062,103.48429870605469,102.31324768066406,101.17806243896484,101.07917785644531,99.02020263671875,96.00521087646484,95.00526428222656,90.00555419921875,92.0,90.04998779296875,86.02325439453125,84.05355072021484,82.00609588623047,80.05622863769531,77.0064926147461,76.05918884277344,74.1080322265625,72.11102294921875,69.1158447265625,72.11102294921875,67.11929321289062,65.19202423095703,65.27633666992188,68.4689712524414,67.36467742919922,67.74215698242188,69.85699462890625,64.8459701538086,66.30987548828125
0,-35,-95,11,38,111.41364288330078,114.94781494140625,114.49017333984375,113.6485824584961,110.90987396240234,110.9414291381836,109.59014892578125,105.99056243896484,103.7545166015625,102.04410552978516,103.46980285644531,99.36800384521484,101.2422866821289,103.4069595336914,100.24469757080078,101.83319854736328,104.54663848876953,102.1077880859375,109.1421127319336,107.70329284667969,108.41586303710938,110.44002532958984,106.73799896240234,110.11357879638672,108.811767578125,108.811767578125,104.9952392578125,103.4069595336914,103.12128448486328,97.71898651123047,98.08159637451172,98.68130493164062,96.79875946044922,91.18113708496094,89.96110534667969,86.16263580322266,85.49269104003906,83.38465118408203,78.72102355957031,79.15807342529297,76.48529052734375,76.05918884277344,74.24958038330078,72.01388549804688,71.5541763305664,71.11258697509766,67.60177612304688,71.34423828125,71.28113555908203,74.06078338623047,70.29224395751953,72.13875579833984
0,-35,-95,11,37,108.66921997070312,111.82575988769531,109.8954086303711,112.53887939453125,104.54663848876953,105.77334594726562,106.73799896240234,102.35721588134766,102.48902130126953,97.08243560791016,99.02020263671875,99.5389404296875,99.92497253417969,101.07917785644531,97.49359130859375,98.88377380371094,98.97979736328125,100.23971557617188,105.47511291503906,104.70912170410156,106.67708587646484,107.35455322265625,105.58882141113281,105.67875671386719,105.11898040771484,105.11898040771484,101.96568298339844,98.83824920654297,100.17984008789062,98.41239929199219,93.52005004882812,95.75489807128906,92.61209106445312,87.72685241699219,88.0227279663086,85.08818817138672,82.85529327392578,78.92401123046875,79.47956085205078,74.46475982666016,73.9256362915039,74.46475982666016,68.54196166992188,72.23572540283203,66.48307800292969,70.57620239257812,66.73080444335938,68.96376037597656,66.94026947021484,73.16419982910156,67.08203887939453,67.06713104248047
0,-38,-95,14,24,105.6219711303711,105.6219711303711,106.25440979003906,107.22406768798828,104.67568969726562,101.51354217529297,101.53324890136719,98.08159637451172,97.80081939697266,98.49365234375,96.5660400390625,96.7729263305664,95.90099334716797,92.76313781738281,94.04785919189453,96.6281509399414,96.33275604248047,96.51942443847656,99.32270812988281,100.24469757080078,99.50376892089844,101.40019989013672,100.60317993164062,101.49384307861328,101.83319854736328,97.86725616455078,96.87621307373047,95.88534545898438,93.05912017822266,91.92388153076172,90.09439849853516,86.97700500488281,86.31338500976562,84.34452819824219,82.56512451171875,80.41144561767578,78.85429382324219,75.70997619628906,72.7804946899414,72.56720733642578,69.63475799560547,67.46851348876953,67.6830825805664,65.73431396484375,64.53681182861328,63.78871536254883,65.25334930419922,65.802734375,64.51356506347656,65.39112854003906,64.41273498535156,62.96824645996094
0,-35,-95,11,37,104.56098937988281,105.5367202758789,106.8877944946289,107.93516540527344,102.61091613769531,104.29285430908203,99.46356201171875,98.71676635742188,98.84330749511719,96.17691802978516,97.01546478271484,96.51942443847656,94.19129180908203,95.13148498535156,95.08417510986328,97.02061462402344,100.00499725341797,97.0,101.04454803466797,100.04499053955078,103.00485229492188,102.01960754394531,99.00505065917969,103.0436782836914,101.00495147705078,99.00505065917969,101.17806243896484,95.04735565185547,94.08506774902344,92.13577270507812,93.08598327636719,91.13726043701172,88.20430755615234,87.28115844726562,85.37564086914062,81.3019027709961,81.22191619873047,76.32168579101562,75.32595825195312,73.43704986572266,74.3303451538086,70.25667572021484,67.18630981445312,69.72087097167969,66.61080932617188,66.0984115600586,67.08203887939453,68.06614685058594,66.70832061767578,67.72000885009766,67.06713104248047,66.64083099365234
0,-35,-95,11,38,114.01753997802734,115.69355773925781,113.26517486572266,118.1397476196289,109.8954086303711,112.53887939453125,109.8954086303711,109.1421127319336,105.32331085205078,103.16007232666016,103.94229125976562,103.94710540771484,104.58011627197266,102.17631530761719,104.23531341552734,103.12128448486328,107.0,104.00480651855469,111.04053497314453,111.01801300048828,110.00454711914062,112.04016876220703,107.0,111.00450134277344,110.07270050048828,111.16204071044922,105.07616424560547,102.17631530761719,103.12128448486328,100.04499053955078,100.17984008789062,97.1287841796875,93.13430786132812,94.2602767944336,92.54188537597656,86.28441619873047,89.27485656738281,83.21658325195312,82.2192153930664,79.4040298461914,76.32168579101562,79.22752380371094,75.32595825195312,77.41446685791016,74.4311752319336,70.57620239257812,70.85901641845703,74.14849853515625,74.73285675048828,71.56814575195312,73.73601531982422,71.5541763305664
0,-35,-95,11,38,114.49454498291016,113.6485824584961,115.41230773925781,112.30760955810547,114.06138610839844,109.1650161743164,107.82392883300781,105.99056243896484,105.67875671386719,105.19029998779297,102.4743881225586,103.24727630615234,105.39450073242188,102.34255981445312,98.81295776367188,105.26158142089844,100.6578369140625,103.07764434814453,104.89041900634766,108.46658325195312,107.29864501953125,112.80514526367188,107.80074310302734,110.2587890625,110.20889282226562,109.62207794189453,106.8316421508789,104.00961303710938,101.78899383544922,99.29753112792969,97.34988403320312,96.51942443847656,95.69221496582031,90.97252655029297,88.5098876953125,86.60831451416016,87.70974731445312,81.98780059814453,82.76472473144531,78.39005279541016,75.66372680664062,74.94664764404297,74.70609283447266,74.24284362792969,69.77105712890625,70.21395874023438,69.46221923828125,72.49827575683594,71.51223754882812,72.12489318847656,71.38627624511719,71.56814575195312
0,-35,-95,12,32,101.55294036865234,102.55242919921875,105.99056243896484,106.51290893554688,103.7545166015625,99.80982208251953,99.80982208251953,97.08243560791016,96.60745239257812,94.82615661621094,94.02127075195312,94.15412902832031,92.96235656738281,94.57801055908203,95.13148498535156,93.60021209716797,94.81033325195312,95.0,96.54014587402344,99.48869323730469,97.80081939697266,100.42410278320312,97.80081939697266,101.04454803466797,100.80178833007812,99.86490631103516,94.30270385742188,93.60021209716797,94.04785919189453,91.52595520019531,92.11405944824219,90.13877868652344,85.4400405883789,84.72307586669922,83.86298370361328,80.26206970214844,80.52949523925781,73.24616241455078,71.58910369873047,70.71067810058594,68.96376037597656,68.09552001953125,68.96376037597656,68.88395690917969,64.41273498535156,64.41273498535156,65.30696868896484,63.56099319458008,65.19202423095703,65.45991516113281,65.25334930419922,66.61080932617188
0,-35,-95,11,37,110.36756896972656,110.16351318359375,113.21660614013672,111.16204071044922,110.29052734375,108.22661590576172,106.11785888671875,105.0047607421875,101.07917785644531,100.0,102.00489807128906,99.18164825439453,101.31633758544922,99.50376892089844,100.60317993164062,102.77159118652344,98.65596771240234,101.60708618164062,102.18121337890625,106.30146026611328,106.8877944946289,107.87029266357422,109.83624267578125,110.21796417236328,107.68936920166016,104.23531341552734,104.08650207519531,102.8250961303711,101.71037292480469,95.63471984863281,96.42095184326172,97.62171936035156,92.43917083740234,88.27796936035156,85.21150207519531,87.3670425415039,83.2946548461914,81.39410400390625,80.22468566894531,77.10382843017578,75.1065902709961,76.10519409179688,75.1664810180664,69.18092346191406,72.11102294921875,67.00746154785156,72.06246948242188,68.02940368652344,72.11102294921875,69.46221923828125,70.03570556640625,71.16881561279297
0,-35,-95,11,38,112.78740692138672,112.44998931884766,112.78740692138672,115.12167358398438,111.98660278320312,110.64356994628906,106.8877944946289,104.92378234863281,103.16007232666016,102.1077880859375,104.29285430908203,102.2007827758789,100.5683822631836,101.95096588134766,99.16148376464844,103.46980285644531,102.45974731445312,102.45974731445312,105.99056243896484,105.0951919555664,108.6876220703125,111.40017700195312,107.42439270019531,110.01818084716797,110.98197937011719,108.46197509765625,106.6208267211914,103.07764434814453,99.92497253417969,99.4032211303711,97.49871826171875,95.63471984863281,96.2081069946289,92.69843292236328,88.95504760742188,88.60022735595703,85.09406280517578,80.65357971191406,81.59656524658203,79.37883758544922,79.12016296386719,74.63243103027344,73.73601531982422,73.38937377929688,70.21395874023438,70.21395874023438,69.92138671875,71.30918884277344,71.38627624511719,73.43704986572266,73.17103576660156,73.00685119628906
0,-35,-95,11,37,111.07205200195312,110.34491729736328,110.34491729736328,113.14591979980469,108.93116760253906,111.01801300048828,108.90362548828125,106.10372161865234,106.15083312988281,102.068603515625,103.07764434814453,100.20977783203125,101.83319854736328,98.18350219726562,101.78899383544922,100.70252990722656,102.21546173095703,101.3558120727539,105.54619598388672,107.82392883300781,108.0462875366211,108.90821838378906,103.44564056396484,106.0660171508789,108.0462875366211,107.37783813476562,105.39450073242188,101.25709533691406,102.07839965820312,97.90811920166016,95.44107818603516,93.23089599609375,91.40021514892578,85.6037368774414,86.40023040771484,83.81526947021484,84.40379333496094,80.0,80.43009185791016,77.801025390625,73.24616241455078,75.43209075927734,73.24616241455078,74.02702331542969,72.24956512451172,71.70076751708984,70.0927963256836,71.4212875366211,70.00714111328125,68.7677230834961,70.60453033447266,69.97142028808594
0,-35,-95,11,37,111.3238525390625,104.78549194335938,115.52056121826172,107.93516540527344,114.2365951538086,101.13851928710938,104.78549194335938,103.36827087402344,102.61091613769531,102.59142303466797,102.59142303466797,99.98500061035156,98.41239929199219,100.24469757080078,95.08417510986328,105.0047607421875,99.00505065917969,108.00463104248047,100.12492370605469,105.0428466796875,105.0047607421875,109.00458526611328,109.00458526611328,108.07405090332031,106.00471496582031,102.04410552978516,101.00495147705078,103.00485229492188,95.02104949951172,103.0436782836914,92.02173614501953,93.13430786132812,91.0494384765625,90.0888442993164,88.27796936035156,88.27796936035156,82.2982406616211,80.39900207519531,77.3175277709961,75.1664810180664,80.22468566894531,72.24956512451172,76.2364730834961,70.57620239257812,70.57620239257812,68.35934448242188,68.65857696533203,71.02112579345703,71.80529022216797,71.16881561279297,72.80110168457031,69.35416412353516
0,-35,-95,11,37,107.93516540527344,113.08846282958984,109.44404602050781,111.2339859008789,111.2339859008789,108.46197509765625,104.54663848876953,101.95096588134766,101.59232330322266,98.03060913085938,101.83319854736328,100.68763732910156,101.63660430908203,97.51409912109375,100.22474670410156,99.82484436035156,102.8250961303711,100.28459167480469,103.81714630126953,106.79419708251953,105.80170440673828,107.20074462890625,104.23531341552734,107.20074462890625,107.20074462890625,104.7377700805664,102.59142303466797,99.46356201171875,103.5857162475586,96.54014587402344,90.70832061767578,93.62158203125,87.55569458007812,89.28605651855469,86.40023040771484,83.93450164794922,82.00609588623047,81.32035064697266,79.4040298461914,78.74642944335938,75.58438873291016,72.73238372802734,72.12489318847656,70.51950073242188,68.62215423583984,68.94925689697266,70.38465881347656,70.93659210205078,69.85699462890625,70.71067810058594,68.26419067382812,68.60028839111328
0,-35,-95,12,34,113.0177001953125,115.96551513671875,110.98197937011719,116.28413391113281,107.37783813476562,109.07795715332031,108.75660705566406,105.11898040771484,105.9480972290039,103.73042297363281,103.6001968383789,101.82828521728516,101.41498565673828,101.41498565673828,101.13851928710938,101.13851928710938,103.3924560546875,103.3247299194336,106.21675872802734,107.71257781982422,108.93116760253906,111.1980209350586,106.79419708251953,108.97705841064453,108.89444732666016,108.89444732666016,106.07544708251953,101.83319854736328,105.36128234863281,97.59098052978516,94.06912231445312,95.48298645019531,92.6552734375,91.28527069091797,86.97700500488281,85.70297241210938,84.50444030761719,85.04116821289062,81.56592559814453,77.23341369628906,78.64476776123047,75.1664810180664,75.07329559326172,72.34638977050781,70.93659210205078,69.52696990966797,70.60453033447266,71.84706115722656,72.40165710449219,71.86793518066406,70.21395874023438,68.70953369140625
0,-35,-95,11,37,106.28263854980469,109.7861557006836,108.07867431640625,112.60550689697266,108.16654205322266,106.28263854980469,106.04244232177734,105.68821716308594,101.76934814453125,100.31948852539062,101.63660430908203,96.60745239257812,99.76472473144531,97.6166000366211,98.1121826171875,101.2422866821289,102.34255981445312,99.29753112792969,107.00466918945312,104.04325866699219,105.39450073242188,107.07473754882812,104.30723571777344,104.86181640625,104.30723571777344,103.24727630615234,102.21546173095703,98.27003479003906,101.3558120727539,96.25486755371094,95.01578521728516,94.15412902832031,93.91485595703125,91.24143981933594,86.76981353759766,84.53401947021484,84.5280990600586,79.62411499023438,76.92203521728516,76.92203521728516,72.49827575683594,72.49827575683594,71.5541763305664,69.85699462890625,70.7742919921875,70.38465881347656,69.6419448852539,69.28924560546875,69.6419448852539,70.3420181274414,69.05070495605469,69.1158447265625
0,-35,-95,11,37,108.50345611572266,112.92918395996094,112.27198791503906,115.108642578125,108.46658325195312,109.5627670288086,104.177734375,104.35516357421875,103.73042297363281,100.68763732910156,99.45853424072266,102.1077880859375,99.2471694946289,99.82484436035156,99.29753112792969,101.27191162109375,103.69667053222656,100.7174301147461,104.30723571777344,103.69667053222656,106.9205322265625,108.77959442138672,105.07616424560547,105.80170440673828,105.07616424560547,105.72132873535156,106.8877944946289,101.98039245605469,101.41498565673828,96.8813705444336,94.3663101196289,94.5938720703125,90.70832061767578,87.80091094970703,89.5600357055664,85.16454315185547,86.40023040771484,79.8122787475586,80.36167907714844,79.4040298461914,75.96051788330078,76.5375747680664,72.80110168457031,70.51950073242188,72.73238372802734,69.28924560546875,70.38465881347656,70.7742919921875,70.21395874023438,70.23532104492188,71.02112579345703,71.70076751708984
0,-38,-95,14,26,109.8954086303711,109.63575744628906,114.28472900390625,112.53887939453125,110.35397338867188,106.48004150390625,106.23088073730469,103.58088684082031,104.54663848876953,103.09219360351562,100.5683822631836,100.08995819091797,99.80982208251953,99.80982208251953,98.89894104003906,101.98039245605469,99.7296371459961,100.17984008789062,103.94229125976562,105.58882141113281,106.00471496582031,108.67382049560547,105.0951919555664,106.47064971923828,106.89247131347656,103.78824615478516,100.7223892211914,100.7223892211914,97.69339752197266,95.85405731201172,92.8493423461914,92.4770278930664,91.18113708496094,86.72946166992188,85.70297241210938,83.57032775878906,82.2800064086914,78.18567657470703,75.96051788330078,74.67261505126953,72.73238372802734,71.7844009399414,71.16881561279297,69.2603759765625,68.96376037597656,67.44627380371094,67.18630981445312,69.12307739257812,68.24954223632812,68.73136138916016,67.18630981445312,68.00735473632812
0,-35,-95,12,33,111.04053497314453,110.2587890625,110.11357879638672,109.63575744628906,108.70602416992188,107.00466918945312,107.1680908203125,104.9952392578125,104.35037231445312,99.82484436035156,99.15644073486328,102.53292083740234,99.76472473144531,101.86265563964844,99.15644073486328,102.94173431396484,99.63935089111328,100.89598846435547,104.20172882080078,106.82696533203125,105.8914566040039,108.85311126708984,106.66770935058594,107.44766235351562,105.11898040771484,105.75916290283203,104.06248474121094,103.96633911132812,99.03534698486328,94.79451751708984,94.75231170654297,94.06912231445312,92.6336898803711,88.39117431640625,89.10667419433594,84.85281372070312,84.17243957519531,81.39410400390625,79.90619659423828,79.93122100830078,75.07329559326172,75.1664810180664,75.1664810180664,74.41101837158203,68.7677230834961,71.40028381347656,69.81404113769531,71.61005401611328,71.28113555908203,71.69379425048828,69.31810760498047,71.30918884277344
0,-38,-95,14,25,109.04127502441406,104.9952392578125,109.34349822998047,108.37435150146484,107.81465911865234,102.068603515625,103.85566711425781,100.60317993164062,100.60317993164062,100.80178833007812,98.40731811523438,96.83490753173828,97.09788513183594,96.5660400390625,95.29428100585938,98.41239929199219,95.2732925415039,100.17984008789062,99.80982208251953,102.956298828125,102.04410552978516,104.27847290039062,102.41581726074219,104.65180206298828,102.88343048095703,99.76472473144531,97.04637908935547,97.52947998046875,94.41397857666016,94.8946762084961,89.55445098876953,88.58893585205078,86.76981353759766,85.8836441040039,84.59905242919922,82.85529327392578,79.07591247558594,76.00657653808594,73.7834701538086,72.20111083984375,72.71863555908203,68.26419067382812,71.02112579345703,66.37017059326172,66.37017059326172,66.5732650756836,67.11929321289062,67.11929321289062,67.80117797851562,65.85590362548828,65.79513549804688,65.4369888305664
0,-35,-95,11,37,108.811767578125,109.11003875732422,110.0636215209961,107.51744079589844,106.32027435302734,105.6503677368164,104.40306854248047,102.2007827758789,101.2422866821289,99.92497253417969,99.46356201171875,97.86214447021484,96.87621307373047,97.73944854736328,96.7470932006836,100.31948852539062,99.12618255615234,103.31021118164062,103.07764434814453,104.23531341552734,105.1712875366211,105.07616424560547,105.3043212890625,106.169677734375,103.48429870605469,103.31021118164062,101.40019989013672,98.99494934082031,95.88534545898438,96.6281509399414,93.64827728271484,94.64142608642578,92.9139404296875,86.70063781738281,88.1192398071289,85.70880889892578,80.0624771118164,79.76214599609375,76.65507507324219,77.78174591064453,74.73285675048828,68.44705963134766,71.38627624511719,69.05070495605469,68.88395690917969,68.44705963134766,68.65857696533203,70.21395874023438,69.2603759765625,68.00735473632812,70.38465881347656,69.35416412353516
0,-35,-95,11,37,115.52056121826172,107.91200256347656,117.54573822021484,111.07205200195312,116.24542999267578,106.77546691894531,108.07867431640625,107.15409088134766,106.23088073730469,106.43777465820312,100.22474670410156,102.0,100.4987564086914,100.70252990722656,99.02020263671875,106.25440979003906,102.07839965820312,104.40306854248047,104.48445129394531,107.61505126953125,108.4066390991211,108.4066390991211,106.60675048828125,107.00466918945312,108.22661590576172,104.56098937988281,104.04325866699219,105.43718719482422,100.12492370605469,102.34255981445312,94.86833190917969,95.69221496582031,92.9139404296875,90.97252655029297,92.96235656738281,89.58794403076172,85.75546264648438,79.92496490478516,82.15229797363281,76.85050201416016,79.92496490478516,72.94518280029297,76.32168579101562,74.09453582763672,71.34423828125,70.8307876586914,68.96376037597656,71.5541763305664,73.9256362915039,73.53910827636719,71.84010314941406,70.03570556640625
0,-35,-95,11,37,105.47511291503906,106.77546691894531,109.93180084228516,107.54068756103516,107.70329284667969,102.45974731445312,99.16148376464844,99.5389404296875,99.02020263671875,98.35140991210938,95.81753540039062,97.1236343383789,98.23441314697266,96.04686737060547,95.56673431396484,98.65596771240234,96.87621307373047,96.17691802978516,101.11874389648438,102.1077880859375,101.27191162109375,104.08650207519531,101.78899383544922,102.1077880859375,103.36827087402344,99.82484436035156,101.20276641845703,99.68952178955078,98.23441314697266,95.34149169921875,92.6498794555664,90.9560317993164,87.80091094970703,86.83317565917969,82.56512451171875,81.04319763183594,80.36167907714844,76.843994140625,73.68174743652344,72.42237091064453,72.11102294921875,70.93659210205078,71.7844009399414,67.67569732666016,68.70953369140625,66.85057830810547,66.48307800292969,68.15423583984375,68.42514038085938,67.60177612304688,68.24221801757812,67.26811981201172
0,-35,-95,11,37,105.47511291503906,104.31682586669922,107.42439270019531,104.8093490600586,105.19029998779297,102.21546173095703,102.0,96.17691802978516,97.94896697998047,95.2732925415039,95.34149169921875,95.4620361328125,93.98403930664062,93.6375961303711,96.16651916503906,97.80081939697266,97.01546478271484,96.04686737060547,99.46356201171875,99.82484436035156,103.16007232666016,102.61091613769531,101.86756134033203,102.1077880859375,103.07764434814453,101.39033508300781,100.16985321044922,95.21029663085938,93.40770721435547,91.76055908203125,89.5600357055664,91.0933609008789,87.36132049560547,84.77027893066406,83.16850280761719,80.65357971191406,80.95677947998047,74.67261505126953,76.216796875,72.42237091064453,73.68174743652344,72.80110168457031,67.67569732666016,68.94925689697266,68.94925689697266,65.55150604248047,66.85057830810547,65.39112854003906,66.21178436279297,67.60177612304688,67.95587158203125,66.70832061767578
0,-35,-95,11,37,107.35455322265625,106.47064971923828,112.00446319580078,109.59014892578125,110.9414291381836,105.11898040771484,108.4066390991211,103.44564056396484,97.24710845947266,102.62553405761719,97.94386291503906,99.6242904663086,100.0,99.63935089111328,96.21330261230469,101.23734283447266,99.03534698486328,101.17806243896484,104.65180206298828,107.48023223876953,106.8316421508789,106.79419708251953,109.71326446533203,108.97705841064453,106.15083312988281,101.41498565673828,101.53324890136719,100.6578369140625,94.84724426269531,97.94896697998047,92.8493423461914,95.2680435180664,92.45539093017578,90.90654754638672,84.0238037109375,85.0,82.00609588623047,80.0,79.2022705078125,72.20111083984375,77.42092895507812,71.84010314941406,74.20242309570312,70.80254364013672,69.065185546875,68.60028839111328,70.72481536865234,70.72481536865234,70.71067810058594,71.58910369873047,70.00714111328125,70.88018035888672
0,-35,-95,11,37,107.85638427734375,107.2800064086914,112.60550689697266,110.0636215209961,106.90182495117188,103.74005889892578,105.6219711303711,101.83319854736328,102.78618621826172,101.95096588134766,100.46392059326172,100.7223892211914,100.64790344238281,100.62306213378906,96.64884948730469,98.97979736328125,97.09788513183594,101.54801940917969,105.39450073242188,106.0,105.47511291503906,104.30723571777344,104.31682586669922,108.45275115966797,105.67875671386719,104.70912170410156,103.353759765625,99.36296844482422,96.25486755371094,97.1287841796875,95.29428100585938,92.59049987792969,89.44271850585938,86.76404571533203,86.76404571533203,82.29216003417969,85.0,80.11241912841797,78.79086303710938,77.6208724975586,74.24958038330078,71.58910369873047,72.49827575683594,71.17584228515625,70.7742919921875,68.3520278930664,69.6419448852539,69.89277648925781,68.96376037597656,68.44705963134766,68.59300231933594,68.06614685058594
0,-35,-95,12,34,109.1421127319336,106.23088073730469,110.60289001464844,110.35397338867188,107.44766235351562,105.11898040771484,105.26158142089844,104.3455810546875,100.68763732910156,99.32774353027344,101.2422866821289,98.67117309570312,99.36800384521484,97.30878448486328,97.16995239257812,100.64790344238281,97.94896697998047,100.62306213378906,102.42070007324219,104.20172882080078,103.7545166015625,107.78682708740234,103.36827087402344,107.35455322265625,103.87010955810547,101.63660430908203,101.76934814453125,100.31948852539062,96.7729263305664,96.7729263305664,94.9210205078125,93.40770721435547,91.76055908203125,87.92041778564453,86.97700500488281,84.43340301513672,84.11896514892578,80.3243408203125,75.27283477783203,75.27283477783203,74.63243103027344,72.12489318847656,70.83784484863281,68.4105224609375,69.37578582763672,68.680419921875,69.63475799560547,67.6830825805664,69.87130737304688,70.45565795898438,69.00724792480469,68.18357849121094
0,-38,-95,14,26,110.36756896972656,109.41663360595703,112.27198791503906,109.76793670654297,108.52188873291016,104.9952392578125,105.6219711303711,102.45974731445312,101.95096588134766,100.08995819091797,99.16148376464844,99.80982208251953,100.17984008789062,98.83824920654297,98.0051040649414,100.4987564086914,98.18350219726562,101.54801940917969,100.12492370605469,104.29285430908203,102.62553405761719,106.23088073730469,104.30723571777344,104.8475112915039,104.62313079833984,103.5857162475586,101.87246704101562,99.4786376953125,95.38343811035156,95.38343811035156,90.91754150390625,91.92388153076172,90.04998779296875,87.32124328613281,87.23531341552734,83.72574615478516,79.17701721191406,76.47875213623047,75.13321685791016,73.79024505615234,73.35530090332031,69.35416412353516,72.00694274902344,69.31810760498047,68.42514038085938,67.5425796508789,68.02940368652344,68.94200134277344,68.00735473632812,68.3081283569336,66.94026947021484,66.48307800292969
0,-35,-95,11,38,115.88356018066406,112.8716049194336,111.82575988769531,113.17684936523438,111.36426544189453,108.30050659179688,110.9414291381836,107.82392883300781,105.11898040771484,102.55242919921875,105.84894561767578,104.06248474121094,104.35516357421875,100.5683822631836,99.32774353027344,105.26158142089844,103.36827087402344,104.56098937988281,104.13932800292969,111.98660278320312,107.48953247070312,109.88175201416016,110.11357879638672,107.87029266357422,110.35397338867188,108.41586303710938,106.96260833740234,106.23088073730469,102.35721588134766,100.16985321044922,93.86160278320312,97.80081939697266,94.25497436523438,90.8019790649414,90.8019790649414,89.1852035522461,86.02325439453125,81.90848541259766,82.9698715209961,79.4040298461914,77.16217041015625,74.04052734375,74.3303451538086,72.73238372802734,71.7844009399414,74.09453582763672,69.6419448852539,73.00685119628906,74.24958038330078,73.34848022460938,73.57308959960938,71.61005401611328
0,-35,-95,11,37,110.11357879638672,110.8873291015625,116.18089294433594,109.4805908203125,111.82575988769531,104.63746643066406,106.52699279785156,105.75916290283203,105.8914566040039,105.38026428222656,101.91172790527344,100.4987564086914,101.41498565673828,101.41498565673828,98.49365234375,104.35037231445312,99.02020263671875,105.26158142089844,105.20931243896484,107.20074462890625,106.82696533203125,110.2587890625,109.80892181396484,108.00463104248047,106.04244232177734,104.9952392578125,103.3924560546875,106.15083312988281,100.4987564086914,98.35140991210938,94.06912231445312,94.79451751708984,91.9673843383789,89.80534362792969,89.80534362792969,87.69264221191406,83.4505844116211,81.3449478149414,81.32035064697266,75.74298858642578,78.74642944335938,73.0,75.07329559326172,71.70076751708984,70.93659210205078,74.5184555053711,71.21797180175781,72.80110168457031,70.72481536865234,72.40165710449219,72.4706802368164,73.16419982910156
0,-35,-95,11,37,109.1421127319336,114.28472900390625,109.8954086303711,114.2365951538086,109.1421127319336,111.57060241699219,109.8954086303711,106.60675048828125,104.8093490600586,99.6242904663086,102.48902130126953,101.59232330322266,103.24727630615234,103.46980285644531,104.27847290039062,99.74467468261719,103.31021118164062,100.17984008789062,107.82392883300781,106.94390869140625,108.30050659179688,109.123779296875,103.7545166015625,108.6876220703125,109.59014892578125,109.25199890136719,106.10372161865234,101.95096588134766,105.30906677246094,99.16148376464844,98.23441314697266,96.2081069946289,97.14422607421875,91.18113708496094,90.47651672363281,88.60022735595703,86.97700500488281,81.59656524658203,82.2192153930664,79.69943237304688,74.72616577148438,78.84795379638672,72.12489318847656,75.43209075927734,71.56814575195312,69.92138671875,71.58910369873047,69.42621612548828,70.85901641845703,74.1687240600586,74.00675964355469,73.17103576660156
0,-35,-95,11,38,112.07140350341797,114.40279388427734,113.00442504882812,113.2254409790039,110.43550109863281,109.04127502441406,109.20164489746094,103.85566711425781,105.42295837402344,101.82828521728516,103.71113586425781,101.41498565673828,102.55242919921875,103.94710540771484,103.3924560546875,100.5683822631836,104.35037231445312,100.6578369140625,108.4066390991211,109.63575744628906,109.4805908203125,111.52130126953125,107.05606079101562,107.81465911865234,110.34491729736328,109.04127502441406,107.56393432617188,103.27632904052734,101.86265563964844,100.44898986816406,97.58073425292969,94.79451751708984,94.06912231445312,90.55384826660156,89.8276138305664,87.69264221191406,85.04116821289062,81.46778869628906,81.3449478149414,79.98124694824219,74.3303451538086,75.74298858642578,74.2765121459961,72.18032836914062,72.91776275634766,69.02897644042969,72.18032836914062,72.80110168457031,69.89277648925781,70.32780456542969,72.44998168945312,73.38937377929688
0,-35,-95,11,37,107.51744079589844,108.15729522705078,112.7918472290039,111.01801300048828,106.25440979003906,106.56922912597656,104.35516357421875,104.04325866699219,101.53324890136719,98.23441314697266,100.42410278320312,101.20276641845703,99.14131164550781,97.32420349121094,99.84988403320312,100.7174301147461,102.48902130126953,99.2471694946289,103.23758697509766,105.47511291503906,106.47064971923828,108.5587387084961,105.57461547851562,109.37092590332031,103.48429870605469,104.93807983398438,102.956298828125,99.14131164550781,99.29753112792969,98.84330749511719,93.38094329833984,95.12622833251953,90.02777099609375,91.7823486328125,88.29496002197266,85.90692901611328,84.17243957519531,79.55501556396484,81.02468872070312,76.15773010253906,74.72616577148438,75.69015502929688,72.2772445678711,75.69015502929688,70.88018035888672,69.89277648925781,70.22820281982422,71.16881561279297,69.07966613769531,69.7782211303711,69.83551788330078,72.42237091064453
0,-35,-95,11,37,108.85311126708984,108.46197509765625,110.86027526855469,109.3846435546875,109.3846435546875,106.6208267211914,106.56922912597656,104.54663848876953,103.74005889892578,104.35516357421875,102.14205932617188,103.44564056396484,100.89598846435547,96.31718444824219,98.15293884277344,99.98500061035156,99.40824890136719,101.49384307861328,105.23307800292969,105.23307800292969,106.56922912597656,108.11567687988281,106.79419708251953,108.46197509765625,106.0660171508789,106.0660171508789,102.70345306396484,101.59724426269531,97.86725616455078,96.51942443847656,96.87621307373047,97.86725616455078,94.64142608642578,86.83317565917969,86.83317565917969,84.34452819824219,81.58431243896484,80.0624771118164,77.27871704101562,75.13321685791016,77.92945861816406,72.99314880371094,75.53807067871094,72.99314880371094,70.45565795898438,69.42621612548828,70.03570556640625,71.38627624511719,71.16881561279297,69.6419448852539,71.17584228515625,68.96376037597656
0,-38,-95,14,26,111.40017700195312,113.32254791259766,113.75851440429688,114.56002807617188,111.68258666992188,108.52188873291016,108.93116760253906,106.23088073730469,105.26158142089844,103.5857162475586,102.18121337890625,103.57605743408203,101.96568298339844,101.83319854736328,101.49384307861328,101.2422866821289,103.07764434814453,101.12368774414062,106.01886749267578,109.01834869384766,109.07337188720703,110.11357879638672,106.169677734375,109.11461639404297,107.29864501953125,104.30723571777344,103.31021118164062,101.49384307861328,100.84146118164062,95.42536163330078,94.64142608642578,93.53608703613281,92.6552734375,89.67720031738281,88.1192398071289,83.72574615478516,83.18653869628906,79.24645233154297,79.07591247558594,76.11833190917969,75.31268310546875,74.14849853515625,72.18032836914062,71.19690704345703,69.23149871826172,69.63475799560547,69.42621612548828,70.0927963256836,68.00735473632812,68.94925689697266,68.94200134277344,67.60177612304688
0,-35,-95,11,37,106.53168487548828,107.87029266357422,110.64356994628906,112.61438751220703,107.20074462890625,105.22357177734375,104.56098937988281,101.96568298339844,101.83319854736328,100.4987564086914,100.40418243408203,97.25225067138672,101.0197982788086,97.00515747070312,100.0,98.08159637451172,99.32270812988281,102.23991394042969,106.38138580322266,103.48429870605469,104.23531341552734,105.385009765625,105.11898040771484,105.23307800292969,108.01851654052734,103.01941680908203,103.0436782836914,99.0,100.00499725341797,98.0,96.00521087646484,94.00531768798828,91.0054931640625,86.05230712890625,84.0,83.05419921875,82.09750366210938,79.22752380371094,77.05841827392578,76.2364730834961,73.17103576660156,74.1687240600586,72.17340087890625,69.2603759765625,68.11754608154297,68.35934448242188,68.73136138916016,70.03570556640625,70.61161041259766,70.60453033447266,69.6419448852539,67.11929321289062
0,-36,-95,11,37,105.0951919555664,106.92988586425781,103.36827087402344,107.33126068115234,103.78824615478516,104.65657806396484,103.7545166015625,104.78549194335938,99.31767272949219,97.30878448486328,97.30878448486328,96.79875946044922,97.71898651123047,98.08159637451172,95.33625030517578,96.16651916503906,100.66280364990234,97.74456787109375,103.36827087402344,101.63660430908203,102.61091613769531,104.29285430908203,100.16985321044922,104.56098937988281,101.6513671875,102.61579132080078,101.2422866821289,96.13532257080078,98.67117309570312,90.75791931152344,91.76055908203125,91.08238220214844,88.25531005859375,84.50444030761719,86.16263580322266,81.70679473876953,81.93900299072266,78.92401123046875,79.30951690673828,76.15773010253906,70.68238830566406,71.69379425048828,69.46221923828125,71.58910369873047,67.11929321289062,68.44705963134766,66.64083099365234,66.73080444335938,67.95587158203125,67.20118713378906,67.47592163085938,67.89698028564453
0,-35,-95,9,40,75.07329559326172,75.07329559326172,76.38062286376953,75.69015502929688,75.74298858642578,72.34638977050781,73.59347534179688,70.72481536865234,70.71067810058594,67.89698028564453,69.3108901977539,68.88395690917969,68.11754608154297,66.84310150146484,69.02897644042969,68.818603515625,69.065185546875,68.24221801757812,69.1158447265625,70.1783447265625,72.67048645019531,74.3303451538086,72.42237091064453,74.06078338623047,73.00685119628906,72.20111083984375,69.81404113769531,69.20259857177734,66.40029907226562,64.81512451171875,64.66065216064453,65.6048812866211,61.84658432006836,60.30754470825195,59.54829788208008,58.13776779174805,54.5618896484375,51.088157653808594,51.7397346496582,52.40229034423828,50.32891845703125,49.57822036743164,48.166378021240234,48.83646011352539,46.010868072509766,46.66904830932617,46.66904830932617,46.66904830932617,45.343135833740234,47.801673889160156,45.79301071166992,46.52956008911133
0,-35,-95,11,38,108.0462875366211,113.86395263671875,112.36102294921875,116.7261734008789,107.78682708740234,110.76551818847656,105.47511291503906,105.385009765625,103.31021118164062,101.12368774414062,103.07764434814453,103.0436782836914,102.0,101.00495147705078,102.07839965820312,102.59142303466797,105.07616424560547,100.40418243408203,110.02726745605469,107.91200256347656,109.37092590332031,106.38138580322266,104.3886947631836,109.55364227294922,109.1650161743164,110.29052734375,107.07473754882812,101.0197982788086,104.00480651855469,95.02104949951172,99.00505065917969,97.00515747070312,93.02149963378906,92.02173614501953,90.022216796875,86.02325439453125,86.09297180175781,81.49846649169922,80.15609741210938,77.3175277709961,74.24284362792969,77.23341369628906,73.10950469970703,75.23961639404297,70.34912872314453,69.58448028564453,69.72087097167969,70.71067810058594,68.4105224609375,73.76313781738281,70.51950073242188,70.66116333007812
0,-35,-95,12,33,109.0,109.60382843017578,110.38568878173828,111.83023071289062,107.91200256347656,110.67520141601562,105.11898040771484,104.62313079833984,102.64988708496094,99.02020263671875,102.80078125,101.41498565673828,99.90495300292969,97.74456787109375,98.41239929199219,98.99494934082031,103.3247299194336,101.17806243896484,103.3924560546875,104.06248474121094,106.10372161865234,107.48953247070312,107.51744079589844,107.51744079589844,108.89444732666016,107.48953247070312,104.69001770019531,102.64988708496094,101.23734283447266,96.42613983154297,94.3663101196289,95.2680435180664,89.27485656738281,87.86353302001953,86.68333435058594,84.38601684570312,82.46211242675781,80.15609741210938,79.8122787475586,75.43209075927734,76.216796875,74.65252685546875,72.80110168457031,72.00694274902344,71.21797180175781,71.61005401611328,71.28113555908203,70.72481536865234,70.8307876586914,73.35530090332031,70.00714111328125,71.16881561279297
0,-35,-95,11,38,108.22661590576172,105.15226745605469,110.9414291381836,107.37783813476562,108.22661590576172,103.46497344970703,101.78899383544922,100.16985321044922,101.78899383544922,98.47334289550781,98.81295776367188,98.23441314697266,99.48869323730469,97.08243560791016,96.93812561035156,101.13851928710938,97.62171936035156,99.7045669555664,100.4987564086914,104.7377700805664,106.07544708251953,106.77546691894531,106.77546691894531,104.66136169433594,106.07544708251953,102.64988708496094,101.86265563964844,100.4987564086914,96.93812561035156,94.79451751708984,92.09777069091797,92.69843292236328,90.02777099609375,87.1148681640625,87.20664978027344,83.73768615722656,81.21575927734375,78.8733139038086,79.8122787475586,75.43209075927734,75.43209075927734,72.62230682373047,72.62230682373047,69.20259857177734,67.80117797851562,68.818603515625,68.24221801757812,70.80254364013672,70.32780456542969,68.87670135498047,66.85057830810547,68.4105224609375
0,-35,-95,11,37,106.60675048828125,107.56393432617188,108.24047088623047,112.64102172851562,105.9480972290039,108.811767578125,103.44564056396484,101.2422866821289,100.68763732910156,99.46356201171875,97.86214447021484,99.04039764404297,98.15293884277344,98.73196411132812,98.61541748046875,98.50888061523438,102.12247467041016,97.32933807373047,106.04244232177734,105.11898040771484,104.23531341552734,108.37435150146484,101.31633758544922,109.11461639404297,104.47966003417969,105.23307800292969,102.59142303466797,98.61541748046875,98.85848236083984,95.88534545898438,95.03683471679688,93.38094329833984,87.96590423583984,87.132080078125,86.4927749633789,81.21575927734375,82.37718200683594,79.24645233154297,76.29547882080078,77.46611785888672,70.8307876586914,73.54590606689453,69.63475799560547,72.2772445678711,69.37578582763672,68.4105224609375,71.16881561279297,71.56814575195312,67.35725402832031,71.30918884277344,68.87670135498047,69.3397445678711
0,-35,-95,11,38,110.20889282226562,111.01801300048828,113.2298583984375,111.60645294189453,112.00446319580078,108.811767578125,107.07473754882812,104.01922607421875,102.00489807128906,104.48445129394531,102.94173431396484,100.4987564086914,103.27632904052734,100.40916442871094,101.13851928710938,102.64988708496094,102.8250961303711,103.5857162475586,107.29864501953125,110.53506469726562,108.30050659179688,110.45361328125,105.47511291503906,110.7519760131836,109.04127502441406,107.48953247070312,104.65180206298828,101.86265563964844,102.55242919921875,99.00505065917969,94.79451751708984,96.2081069946289,93.4344711303711,92.09777069091797,90.60904693603516,87.20664978027344,85.04116821289062,82.2192153930664,77.98717498779297,74.81310272216797,77.33692169189453,73.40980529785156,72.62230682373047,74.20242309570312,70.21395874023438,68.818603515625,71.28113555908203,69.3397445678711,72.94518280029297,73.79024505615234,72.09021759033203,70.51950073242188
0,-35,-95,11,37,109.1421127319336,105.51303100585938,110.16351318359375,109.3846435546875,108.66921997070312,105.01904296875,103.84603881835938,101.2422866821289,100.28459167480469,100.57833099365234,99.6242904663086,97.08243560791016,102.31813049316406,99.5389404296875,99.74467468261719,100.17984008789062,97.94896697998047,103.76897430419922,104.31682586669922,103.44564056396484,104.70912170410156,108.70602416992188,106.00471496582031,105.54619598388672,104.69479370117188,102.88343048095703,101.13357543945312,102.04410552978516,95.75489807128906,99.92497253417969,94.5409927368164,91.78779602050781,89.89994812011719,89.05054473876953,86.92525482177734,86.16263580322266,82.54090118408203,78.77182006835938,78.43468475341797,73.73601531982422,76.216796875,70.22820281982422,71.7844009399414,70.57620239257812,68.94925689697266,67.67569732666016,68.96376037597656,69.92138671875,68.65857696533203,72.56031799316406,69.02897644042969,67.02984619140625
0,-38,-95,14,26,106.79419708251953,108.90362548828125,108.90362548828125,110.3177261352539,106.77546691894531,106.77546691894531,103.94710540771484,101.86265563964844,98.31072998046875,97.18538665771484,99.35794067382812,97.00515747070312,97.41663360595703,96.26006317138672,98.47334289550781,95.96353149414062,99.64437103271484,96.5660400390625,103.44564056396484,103.5857162475586,104.62313079833984,104.10091400146484,101.3558120727539,105.30906677246094,103.77379608154297,103.46497344970703,100.12492370605469,96.83490753173828,98.81295776367188,91.60785675048828,92.41753387451172,91.02197265625,89.62700653076172,85.0,84.64632415771484,80.60397338867188,80.43009185791016,77.0064926147461,74.65252685546875,73.40980529785156,70.29224395751953,71.21797180175781,68.88395690917969,69.65629577636719,67.47592163085938,65.19202423095703,65.19202423095703,65.76473236083984,63.65532302856445,67.35725402832031,65.0,66.37017059326172
0,-35,-95,11,37,112.80514526367188,111.82575988769531,114.76933288574219,107.81465911865234,113.5693588256836,105.8914566040039,110.53506469726562,102.94173431396484,103.3924560546875,103.3247299194336,102.59142303466797,102.53292083740234,103.3924560546875,99.15644073486328,97.94896697998047,103.4069595336914,103.81233215332031,102.80078125,102.07839965820312,108.00463104248047,108.00463104248047,108.00463104248047,110.0,109.40292358398438,107.93516540527344,108.07405090332031,105.64563751220703,106.30146026611328,100.6578369140625,102.8250961303711,92.8493423461914,96.42613983154297,95.48298645019531,91.93476104736328,89.10667419433594,88.45903015136719,86.26702880859375,84.148681640625,79.93122100830078,77.78174591064453,77.79460144042969,77.79460144042969,74.96665954589844,72.13875579833984,73.0,73.66138458251953,71.70076751708984,71.0633544921875,72.20111083984375,72.20111083984375,70.71067810058594,71.69379425048828
0,-35,-95,11,37,112.05802154541016,110.42192077636719,112.53887939453125,112.5877456665039,113.26517486572266,107.48953247070312,111.08555603027344,104.78549194335938,103.07764434814453,102.48902130126953,100.57833099365234,101.51354217529297,101.39033508300781,105.84894561767578,100.64790344238281,103.31505584716797,101.07422637939453,103.76897430419922,103.44564056396484,107.35455322265625,108.70602416992188,110.47624206542969,108.24047088623047,106.94390869140625,108.70602416992188,107.78682708740234,105.0951919555664,102.45974731445312,100.22474670410156,99.80982208251953,92.61209106445312,94.5409927368164,93.10746765136719,89.31964874267578,88.0227279663086,86.53900909423828,83.93450164794922,83.00602722167969,80.41144561767578,77.6208724975586,77.8331527709961,72.11102294921875,75.3923110961914,70.93659210205078,73.05477142333984,70.83784484863281,68.00735473632812,69.37578582763672,70.8307876586914,71.38627624511719,70.45565795898438,72.00694274902344
0,-35,-95,12,33,103.81233215332031,102.90287017822266,108.16654205322266,103.81233215332031,106.60675048828125,101.0197982788086,103.17460632324219,99.5690689086914,96.26006317138672,97.41663360595703,95.71833801269531,94.15412902832031,96.17691802978516,94.3663101196289,93.91485595703125,96.25486755371094,94.33981323242188,98.08159637451172,99.02020263671875,99.72462463378906,103.24727630615234,103.24727630615234,101.55294036865234,103.07764434814453,103.78824615478516,97.50897216796875,96.66436767578125,97.49359130859375,95.7131118774414,93.4772720336914,89.47066497802734,91.78779602050781,89.89437866210938,85.0,85.0,83.72574615478516,80.15609741210938,76.00657653808594,76.00657653808594,73.57308959960938,72.40165710449219,69.97142028808594,68.96376037597656,67.67569732666016,67.95587158203125,65.73431396484375,66.85057830810547,66.61080932617188,65.19202423095703,67.89698028564453,65.29930877685547,67.80117797851562
0,-38,-95,14,26,107.00466918945312,106.00471496582031,110.04090118408203,106.0,107.04204559326172,102.00489807128906,104.01922607421875,102.01960754394531,100.07997131347656,100.17984008789062,98.24967956542969,98.41239929199219,98.99494934082031,98.31072998046875,94.72592163085938,100.43903350830078,96.7729263305664,100.16985321044922,98.76234436035156,103.84603881835938,103.3247299194336,104.29285430908203,102.39140319824219,103.3247299194336,101.98039245605469,101.78899383544922,99.82484436035156,98.84330749511719,92.57429504394531,94.72592163085938,90.25519561767578,89.26925659179688,89.26925659179688,85.98837280273438,82.60750579833984,81.61495208740234,78.51751708984375,76.41989135742188,75.42546081542969,70.34912872314453,71.44927978515625,68.4689712524414,69.46221923828125,67.26811981201172,65.27633666992188,66.12110137939453,65.0691909790039,65.0691909790039,67.0,67.18630981445312,65.6201171875,64.76110076904297
0,-35,-95,11,37,112.44998931884766,110.16805267333984,114.85643005371094,110.47624206542969,107.68936920166016,106.21205139160156,104.93807983398438,103.94710540771484,101.96568298339844,101.59724426269531,103.48429870605469,101.12368774414062,101.04454803466797,100.00499725341797,99.0,100.07997131347656,99.2471694946289,103.17460632324219,104.3886947631836,106.38138580322266,108.22661590576172,111.28791809082031,105.07616424560547,109.29318237304688,108.07405090332031,104.01922607421875,106.01886749267578,101.0197982788086,99.00505065917969,99.00505065917969,96.00521087646484,96.02082824707031,92.13577270507812,91.0494384765625,87.09190368652344,87.14356231689453,82.2982406616211,80.09993743896484,81.39410400390625,77.41446685791016,78.51751708984375,70.25667572021484,75.42546081542969,70.34912872314453,69.58448028564453,69.87130737304688,67.08203887939453,71.02112579345703,71.30918884277344,70.60453033447266,69.28924560546875,70.21395874023438
0,-35,-95,11,38,114.33721923828125,114.33721923828125,115.52056121826172,115.74540710449219,113.0707778930664,111.52130126953125,109.71326446533203,107.51744079589844,105.38026428222656,104.7377700805664,103.94710540771484,103.94710540771484,103.3247299194336,103.3924560546875,100.12492370605469,103.4069595336914,105.20931243896484,107.20074462890625,109.85900115966797,111.22050476074219,110.43550109863281,109.04127502441406,108.46658325195312,113.2254409790039,111.82575988769531,112.29425811767578,108.85311126708984,106.52699279785156,105.75916290283203,102.8250961303711,100.6578369140625,98.41239929199219,99.35794067382812,93.50936126708984,91.28527069091797,87.78382873535156,84.8646011352539,84.17243957519531,81.3449478149414,78.51751708984375,74.95331573486328,75.66372680664062,75.66372680664062,72.83543395996094,75.00666809082031,75.66372680664062,73.59347534179688,72.91776275634766,72.4706802368164,76.843994140625,72.06941223144531,72.01388549804688
0,-35,-95,11,37,111.8659896850586,111.94641876220703,109.87720489501953,112.48555755615234,111.1980209350586,109.71326446533203,107.56393432617188,107.05606079101562,104.13932800292969,101.82828521728516,102.80078125,100.60317993164062,102.07839965820312,102.08329772949219,102.08329772949219,103.44564056396484,103.83159637451172,103.353759765625,106.47064971923828,106.55046081542969,108.4066390991211,109.2748794555664,108.22661590576172,109.17874908447266,105.81587982177734,109.07795715332031,107.70329284667969,106.53168487548828,101.51354217529297,98.18350219726562,96.02082824707031,96.26006317138672,98.47334289550781,90.60353088378906,90.60353088378906,84.40379333496094,85.6037368774414,83.40863037109375,81.4002456665039,79.4040298461914,76.05918884277344,75.43209075927734,75.43209075927734,74.02702331542969,73.0,72.24956512451172,70.0927963256836,71.4212875366211,70.72481536865234,73.24616241455078,71.40028381347656,72.71863555908203
0,-35,-95,11,38,112.37882232666016,111.01801300048828,112.00446319580078,112.37882232666016,111.89280700683594,106.55046081542969,107.54068756103516,104.8093490600586,105.15226745605469,104.00961303710938,103.46497344970703,100.43903350830078,102.61579132080078,102.17631530761719,99.2471694946289,102.72779846191406,101.23734283447266,104.00480651855469,106.77546691894531,109.60382843017578,109.65856170654297,111.07205200195312,105.55093383789062,110.30865478515625,109.7861557006836,108.30050659179688,105.64563751220703,102.17631530761719,100.12492370605469,101.53324890136719,97.83660125732422,95.90099334716797,94.64142608642578,90.42676544189453,88.23831176757812,86.83317565917969,85.8021011352539,82.00609588623047,78.60025787353516,78.00640869140625,74.20242309570312,72.80110168457031,74.20242309570312,73.49829864501953,73.49829864501953,70.45565795898438,71.84706115722656,68.50547790527344,72.4706802368164,72.91776275634766,72.44998168945312,71.56814575195312
0,-35,-95,11,38,111.0,116.03878784179688,114.00438690185547,116.03878784179688,113.00442504882812,110.0,111.01801300048828,109.01834869384766,106.04244232177734,104.30723571777344,104.23531341552734,102.8250961303711,102.25947570800781,102.25947570800781,104.39348602294922,104.3455810546875,105.99056243896484,102.61579132080078,111.40017700195312,109.63575744628906,110.35397338867188,112.7918472290039,108.41586303710938,110.44002532958984,109.3846435546875,109.88175201416016,107.93516540527344,106.09900665283203,103.16007232666016,100.0199966430664,99.04039764404297,98.84330749511719,95.7078857421875,94.5409927368164,91.24143981933594,88.6453628540039,88.45903015136719,83.36066436767578,82.56512451171875,81.21575927734375,79.07591247558594,78.08969116210938,79.07591247558594,75.13321685791016,70.85901641845703,73.55270385742188,69.35416412353516,73.24616241455078,71.02816009521484,74.00675964355469,71.0633544921875,70.21395874023438
0,-35,-95,12,34,110.53506469726562,108.46658325195312,112.69871520996094,110.53506469726562,110.11357879638672,110.11357879638672,110.11357879638672,103.23274993896484,101.82828521728516,99.4032211303711,101.0197982788086,102.34255981445312,102.39628601074219,99.64437103271484,99.64437103271484,101.98039245605469,101.98039245605469,101.55294036865234,106.6208267211914,107.01869201660156,109.56732940673828,108.7474136352539,109.56732940673828,110.57124328613281,109.12836456298828,107.35455322265625,105.58882141113281,100.64790344238281,101.53324890136719,100.7223892211914,97.1287841796875,96.60227966308594,93.05912017822266,89.55445098876953,89.1852035522461,88.32327270507812,85.75546264648438,80.77747344970703,78.892333984375,76.85050201416016,76.32168579101562,73.57308959960938,72.94518280029297,69.89277648925781,68.60028839111328,69.89277648925781,70.45565795898438,70.45565795898438,71.0633544921875,74.2765121459961,70.00714111328125,70.43436431884766
0,-35,-95,11,38,113.88591003417969,114.84336853027344,117.0042724609375,115.80155181884766,112.7918472290039,111.12605285644531,107.56393432617188,108.811767578125,106.25440979003906,109.44404602050781,103.4069595336914,102.55242919921875,102.04410552978516,104.27847290039062,103.31505584716797,106.94390869140625,103.07764434814453,103.83159637451172,107.18675231933594,109.41663360595703,110.9414291381836,113.3710708618164,110.9414291381836,113.74093627929688,110.47624206542969,110.01818084716797,107.83784484863281,107.35455322265625,104.69479370117188,102.45974731445312,96.60745239257812,99.00505065917969,98.48857879638672,91.92388153076172,93.40770721435547,88.25531005859375,86.37708282470703,83.00602722167969,84.43340301513672,78.77182006835938,80.65357971191406,78.43468475341797,75.96051788330078,74.3303451538086,70.88018035888672,73.08214569091797,72.12489318847656,73.49829864501953,69.42621612548828,74.81310272216797,71.11258697509766,73.0
0,-35,-95,11,38,108.85311126708984,112.96902465820312,112.44998931884766,114.14026641845703,110.81967163085938,106.7052001953125,106.53168487548828,106.21205139160156,104.23531341552734,101.83319854736328,101.49384307861328,100.24469757080078,102.07839965820312,101.00495147705078,104.01922607421875,102.04410552978516,103.31021118164062,101.17806243896484,106.30146026611328,109.45775604248047,106.169677734375,110.22250366210938,106.07544708251953,110.36756896972656,107.04204559326172,110.07270050048828,106.04244232177734,103.01941680908203,104.0,99.0,98.0051040649414,95.00526428222656,95.13148498535156,91.0494384765625,89.08984375,85.09406280517578,83.15046691894531,82.2192153930664,78.23043060302734,80.15609741210938,75.32595825195312,77.23341369628906,70.06425476074219,74.3303451538086,73.24616241455078,69.58448028564453,70.57620239257812,70.85901641845703,68.65857696533203,72.03471374511719,72.73238372802734,70.68238830566406
0,-35,-95,11,37,111.62885284423828,107.51744079589844,115.84903717041016,112.00892639160156,111.46299743652344,111.15754699707031,109.8954086303711,104.93807983398438,101.96568298339844,106.67708587646484,104.23531341552734,103.12128448486328,102.0,100.0199966430664,100.04499053955078,104.12012481689453,100.31948852539062,104.30723571777344,103.3924560546875,110.6526107788086,108.37435150146484,114.43775939941406,111.07205200195312,113.44161224365234,109.04127502441406,108.04165649414062,106.07544708251953,104.00480651855469,102.04410552978516,104.01922607421875,98.0204086303711,94.00531768798828,93.02149963378906,92.02173614501953,90.13877868652344,90.19977569580078,86.14522552490234,82.15229797363281,80.15609741210938,77.16217041015625,80.3056640625,74.1687240600586,77.10382843017578,72.83543395996094,72.44308471679688,73.43704986572266,70.57620239257812,69.87130737304688,70.61161041259766,71.56814575195312,72.11102294921875,69.35416412353516
0,-35,-95,11,38,113.03096771240234,112.05802154541016,113.77169799804688,109.88175201416016,111.1980209350586,107.93516540527344,108.06016540527344,108.06016540527344,103.7545166015625,104.23531341552734,104.56098937988281,103.94710540771484,102.31324768066406,102.17631530761719,100.04499053955078,104.01922607421875,102.01960754394531,105.0,109.11461639404297,109.04127502441406,110.07270050048828,111.01801300048828,111.00450134277344,110.07270050048828,110.00454711914062,110.01818084716797,107.00466918945312,104.04325866699219,101.2422866821289,102.12247467041016,98.41239929199219,95.13148498535156,93.19334411621094,90.0888442993164,91.26883697509766,88.36288452148438,85.70880889892578,83.2946548461914,80.5046615600586,78.4091796875,76.65507507324219,76.2364730834961,76.41989135742188,74.67261505126953,70.85901641845703,72.7804946899414,71.84706115722656,71.58910369873047,71.30918884277344,73.37574768066406,71.69379425048828,70.21395874023438
0,-35,-95,11,37,107.20074462890625,105.77334594726562,113.26517486572266,109.3846435546875,111.08555603027344,104.04806518554688,103.5857162475586,101.98039245605469,99.46356201171875,101.11874389648438,99.63935089111328,97.62171936035156,99.40824890136719,96.25486755371094,97.08243560791016,101.0197982788086,99.0,102.00489807128906,102.07839965820312,105.11898040771484,103.0436782836914,109.07337188720703,106.00471496582031,108.04165649414062,105.0,104.04325866699219,102.00489807128906,103.0436782836914,97.08243560791016,98.12747192382812,93.08598327636719,94.04785919189453,92.0869140625,88.20430755615234,86.09297180175781,85.09406280517578,83.38465118408203,78.16009521484375,78.23043060302734,73.24616241455078,75.42546081542969,70.25667572021484,73.33484649658203,70.25667572021484,70.45565795898438,68.35934448242188,68.73136138916016,68.73136138916016,71.38627624511719,72.2772445678711,68.3081283569336,68.94200134277344
0,-38,-95,13,29,109.65856170654297,111.64676666259766,111.64676666259766,113.0,109.77249145507812,106.79419708251953,105.80170440673828,103.69667053222656,103.48429870605469,102.17631530761719,101.12368774414062,100.0199966430664,100.0199966430664,99.02020263671875,100.07997131347656,100.24469757080078,101.49384307861328,101.40019989013672,104.8093490600586,106.47064971923828,106.47064971923828,109.45775604248047,104.3886947631836,109.65856170654297,108.22661590576172,104.17293548583984,103.07764434814453,101.0197982788086,100.0199966430664,96.02082824707031,94.02127075195312,93.00537872314453,92.0,87.02298736572266,87.05171203613281,83.00602722167969,82.05486297607422,79.02531433105469,78.10249328613281,76.10519409179688,73.17103576660156,73.17103576660156,72.17340087890625,69.18092346191406,67.26811981201172,67.47592163085938,67.60177612304688,67.74215698242188,68.06614685058594,67.91170501708984,67.05221557617188,67.62396240234375
0,-35,-95,11,38,109.77249145507812,109.77249145507812,112.75193786621094,112.14722442626953,110.8873291015625,109.77249145507812,104.47966003417969,102.39628601074219,103.23758697509766,104.07689666748047,103.00485229492188,102.01960754394531,101.12368774414062,102.12247467041016,101.12368774414062,102.31324768066406,104.8093490600586,101.11874389648438,107.20074462890625,107.05606079101562,110.16805267333984,110.8873291015625,107.91200256347656,110.16805267333984,110.76551818847656,105.80170440673828,105.47511291503906,105.23307800292969,103.17460632324219,101.31633758544922,92.04889678955078,98.08159637451172,94.19129180908203,93.02149963378906,88.00568389892578,88.0511245727539,86.05230712890625,82.02438354492188,83.00602722167969,79.02531433105469,75.0,76.16429901123047,75.00666809082031,71.02816009521484,69.065185546875,71.17584228515625,71.0633544921875,74.3303451538086,73.24616241455078,70.85901641845703,70.8307876586914,69.89277648925781
0,-35,-95,11,38,109.23827362060547,107.48953247070312,114.4770736694336,112.80514526367188,112.29425811767578,108.06016540527344,109.1421127319336,105.01904296875,104.8093490600586,103.16007232666016,103.84603881835938,102.14205932617188,101.0197982788086,99.5389404296875,102.55242919921875,102.88343048095703,103.353759765625,102.42070007324219,107.91200256347656,109.59014892578125,110.47624206542969,110.47624206542969,108.25894927978516,109.56732940673828,108.7474136352539,107.01869201660156,107.42439270019531,104.27847290039062,103.46980285644531,98.48857879638672,96.7729263305664,98.0866928100586,94.33981323242188,92.11405944824219,90.47651672363281,85.79627227783203,84.15461730957031,81.27114868164062,77.16217041015625,79.71198272705078,77.16217041015625,73.68174743652344,78.43468475341797,72.42237091064453,70.83784484863281,70.60453033447266,71.56814575195312,70.3420181274414,70.21395874023438,70.85901641845703,74.1080322265625,69.1158447265625
0,-35,-95,11,37,107.51744079589844,111.73181915283203,106.0660171508789,111.01801300048828,106.0660171508789,109.60382843017578,108.90362548828125,103.3247299194336,101.86265563964844,99.08582305908203,99.82484436035156,100.12492370605469,99.63935089111328,100.0,99.86490631103516,99.29753112792969,102.62553405761719,99.64437103271484,106.8503646850586,106.53168487548828,107.070068359375,105.9480972290039,105.11898040771484,107.61505126953125,107.64757537841797,108.22661590576172,105.20931243896484,100.0,103.07764434814453,99.20181274414062,97.30878448486328,93.86160278320312,92.8493423461914,88.72992706298828,87.86353302001953,86.45230102539062,84.95881652832031,81.39410400390625,78.64476776123047,80.62257385253906,73.66138458251953,75.74298858642578,72.13875579833984,73.53910827636719,69.3108901977539,69.29646301269531,67.89698028564453,71.70076751708984,70.43436431884766,70.45565795898438,70.49113464355469,69.7782211303711
0,-35,-95,11,38,116.21101379394531,113.4063491821289,114.40279388427734,115.42096710205078,113.2298583984375,113.4063491821289,109.40292358398438,109.62207794189453,107.80074310302734,105.9480972290039,107.61505126953125,104.44615936279297,106.0660171508789,102.42070007324219,102.85912322998047,106.00471496582031,108.25894927978516,104.27847290039062,111.08555603027344,109.77249145507812,114.9652099609375,113.1591796875,110.90987396240234,114.63420104980469,111.80339813232422,114.06138610839844,110.01818084716797,105.0951919555664,106.0660171508789,100.84642028808594,102.08329772949219,101.71037292480469,98.1121826171875,93.64827728271484,92.35800170898438,87.98295593261719,87.132080078125,87.132080078125,80.99382781982422,81.83519744873047,79.32212829589844,80.4549560546875,76.02631378173828,77.93586730957031,75.7165756225586,71.84706115722656,74.81310272216797,74.41101837158203,72.34638977050781,75.66372680664062,73.24616241455078,75.7165756225586
0,-35,-95,11,37,111.3058853149414,107.070068359375,114.0570068359375,112.89818572998047,111.51681518554688,108.22661590576172,106.0,105.47511291503906,103.24727630615234,104.23531341552734,98.38699340820312,100.31948852539062,101.63660430908203,100.46392059326172,99.72462463378906,102.88343048095703,101.92153930664062,102.48902130126953,104.40306854248047,107.85638427734375,106.90182495117188,110.36756896972656,107.56393432617188,110.72488403320312,110.36756896972656,106.6255111694336,104.35516357421875,103.24727630615234,102.52804565429688,99.02020263671875,94.15412902832031,97.30878448486328,92.11405944824219,91.18113708496094,88.63971710205078,86.53900909423828,83.38465118408203,81.02468872070312,80.77747344970703,77.6208724975586,76.15773010253906,72.49827575683594,72.61542510986328,71.58910369873047,69.35416412353516,68.42514038085938,69.7782211303711,72.56031799316406,71.86793518066406,72.11102294921875,72.62230682373047,68.62215423583984
0,-35,-95,11,37,111.22050476074219,112.05802154541016,111.25196838378906,108.16654205322266,109.55364227294922,106.50821685791016,105.9480972290039,105.68348693847656,104.40306854248047,101.212646484375,98.85848236083984,102.44998931884766,101.31633758544922,99.72462463378906,96.16651916503906,100.44898986816406,101.98039245605469,103.3247299194336,102.068603515625,106.30146026611328,107.51744079589844,108.93116760253906,108.2081298828125,109.65856170654297,106.79419708251953,106.77546691894531,103.23758697509766,101.86265563964844,96.87621307373047,99.76472473144531,93.4344711303711,91.3509750366211,92.19544219970703,89.27485656738281,88.61715698242188,87.1148681640625,85.79627227783203,79.02531433105469,79.64923095703125,76.216796875,73.40980529785156,72.00694274902344,74.65252685546875,72.00694274902344,70.0,68.818603515625,69.89277648925781,69.89277648925781,68.09552001953125,71.58910369873047,68.54196166992188,68.00735473632812
0,-35,-95,11,38,107.1680908203125,112.21853637695312,110.36756896972656,115.27792358398438,109.45775604248047,110.29052734375,107.37783813476562,104.30723571777344,103.5857162475586,104.08650207519531,105.22357177734375,101.78899383544922,102.1077880859375,102.88343048095703,102.2007827758789,102.2007827758789,102.45974731445312,99.92997741699219,109.93180084228516,106.6255111694336,108.46658325195312,109.41663360595703,106.56922912597656,110.72488403320312,108.811767578125,107.00466918945312,107.20541381835938,103.16007232666016,103.58088684082031,100.96038818359375,100.68763732910156,96.5660400390625,96.3016128540039,91.67878723144531,91.67878723144531,88.5268325805664,86.88497924804688,81.78630828857422,79.42921447753906,82.97589874267578,71.58910369873047,74.73285675048828,72.2772445678711,72.36711883544922,71.38627624511719,69.87130737304688,72.18032836914062,70.45565795898438,70.34912872314453,71.25306701660156,71.00704193115234,69.58448028564453
0,-38,-95,14,26,108.41586303710938,107.44766235351562,113.75851440429688,108.90821838378906,112.05802154541016,105.01904296875,106.48004150390625,103.58088684082031,103.16007232666016,102.2007827758789,98.97979736328125,99.6242904663086,100.08995819091797,98.61541748046875,97.69339752197266,101.07917785644531,98.41239929199219,100.64790344238281,102.08329772949219,104.70912170410156,105.0951919555664,107.42439270019531,105.0951919555664,106.00471496582031,105.11898040771484,103.36827087402344,101.13357543945312,102.04410552978516,96.25486755371094,98.89894104003906,92.8493423461914,93.77632904052734,89.69392395019531,86.72946166992188,84.8646011352539,84.8646011352539,80.99382781982422,78.77182006835938,75.61084747314453,72.44998168945312,73.73601531982422,70.57620239257812,73.38937377929688,67.35725402832031,68.3081283569336,67.35725402832031,66.7607650756836,67.44627380371094,68.65857696533203,69.58448028564453,67.18630981445312,66.0
0,-35,-95,12,34,108.90821838378906,112.80514526367188,109.63575744628906,113.35784149169922,107.93516540527344,108.46658325195312,106.30146026611328,107.20074462890625,104.04806518554688,99.6242904663086,102.78618621826172,99.95999145507812,100.46392059326172,100.31948852539062,102.15674591064453,100.64790344238281,104.20172882080078,101.07917785644531,106.94390869140625,110.05907440185547,108.67382049560547,114.06138610839844,105.0951919555664,110.90987396240234,109.59014892578125,108.25894927978516,104.27847290039062,101.63660430908203,101.76934814453125,97.69339752197266,101.39033508300781,99.5389404296875,93.77632904052734,87.31552124023438,87.92041778564453,84.30895233154297,86.16263580322266,80.77747344970703,78.18567657470703,79.05693817138672,72.73238372802734,75.27283477783203,75.61084747314453,72.73238372802734,74.04052734375,70.3420181274414,71.56814575195312,70.8307876586914,67.89698028564453,71.70076751708984,68.26419067382812,70.00714111328125
0,-35,-95,11,38,105.75916290283203,106.66770935058594,108.57716369628906,106.66770935058594,108.23123168945312,102.8250961303711,104.20172882080078,102.94173431396484,102.17631530761719,99.90495300292969,100.44898986816406,97.59098052978516,95.52486419677734,94.9210205078125,95.58765411376953,100.2646484375,97.20082092285156,102.80078125,99.04544067382812,103.00485229492188,104.01922607421875,107.00466918945312,104.48445129394531,105.80170440673828,105.42295837402344,102.94173431396484,102.068603515625,100.00499725341797,96.26006317138672,95.52486419677734,91.93476104736328,91.9673843383789,90.5096664428711,88.39117431640625,86.97700500488281,82.73451232910156,82.02438354492188,77.78174591064453,74.96665954589844,75.69015502929688,74.24958038330078,71.44927978515625,70.72481536865234,68.7677230834961,67.89698028564453,68.01470184326172,65.94694519042969,67.80117797851562,67.42403411865234,68.50547790527344,68.09552001953125,68.54196166992188
0,-35,-95,12,34,110.45361328125,114.33721923828125,113.86395263671875,113.454833984375,112.69871520996094,107.05606079101562,109.22454071044922,109.04127502441406,106.79419708251953,106.07544708251953,103.27632904052734,103.3924560546875,103.3924560546875,102.94173431396484,100.89598846435547,104.63746643066406,103.46980285644531,106.25440979003906,105.9480972290039,107.61505126953125,109.85900115966797,111.25196838378906,111.60645294189453,110.43550109863281,108.4066390991211,109.40292358398438,105.75916290283203,103.5857162475586,105.11898040771484,102.17631530761719,98.49365234375,97.18538665771484,96.26006317138672,92.76313781738281,91.9673843383789,87.78382873535156,87.78382873535156,83.54639434814453,79.93122100830078,79.19596099853516,77.8331527709961,77.077880859375,75.66372680664062,73.53910827636719,72.83543395996094,71.44927978515625,72.91776275634766,70.93659210205078,71.40028381347656,74.63243103027344,70.32780456542969,72.91776275634766
0,-35,-95,11,38,106.30146026611328,114.1095962524414,111.04053497314453,113.454833984375,112.04463195800781,110.53506469726562,106.4048843383789,104.01922607421875,103.07764434814453,100.43903350830078,103.00485229492188,103.17460632324219,103.5857162475586,103.07764434814453,104.23531341552734,104.23531341552734,102.41581726074219,101.55294036865234,108.85311126708984,108.7474136352539,108.33743286132812,110.07270050048828,105.55093383789062,111.08555603027344,110.49434661865234,110.01818084716797,109.56732940673828,103.94229125976562,103.31021118164062,99.84988403320312,99.4786376953125,94.5145492553711,94.41397857666016,91.06591033935547,91.92388153076172,87.8179931640625,85.23497009277344,83.52843475341797,78.77182006835938,81.83519744873047,75.1664810180664,76.66159057617188,73.57308959960938,74.94664764404297,74.625732421875,69.40460968017578,71.61005401611328,71.40028381347656,68.88395690917969,71.58910369873047,71.4212875366211,71.21797180175781
0,-35,-95,11,37,105.9480972290039,107.85638427734375,108.52188873291016,108.50345611572266,106.28263854980469,105.3043212890625,102.61579132080078,102.88343048095703,103.58088684082031,100.42410278320312,98.71676635742188,97.08243560791016,97.67292022705078,99.14131164550781,100.7174301147461,98.73196411132812,102.12247467041016,99.40824890136719,102.12247467041016,103.12128448486328,105.07616424560547,104.30723571777344,105.47511291503906,108.22661590576172,105.9292221069336,102.8250961303711,103.94710540771484,102.956298828125,98.15293884277344,98.65596771240234,94.72592163085938,92.22798156738281,93.21480560302734,88.45903015136719,87.32124328613281,84.34452819824219,83.19855499267578,79.07591247558594,77.1297607421875,76.68767547607422,74.21590423583984,70.3420181274414,74.21590423583984,69.85699462890625,68.00735473632812,71.30918884277344,68.00735473632812,70.21395874023438,70.00714111328125,70.21395874023438,68.47627258300781,69.89277648925781
0,-35,-95,12,33,105.11898040771484,103.12128448486328,111.16204071044922,108.07405090332031,108.11567687988281,103.07764434814453,104.23531341552734,101.2422866821289,102.31324768066406,101.49384307861328,99.84988403320312,98.99494934082031,100.62306213378906,99.2471694946289,98.27003479003906,99.72462463378906,99.04039764404297,100.96038818359375,104.69479370117188,104.12012481689453,106.48004150390625,107.96759033203125,104.54663848876953,108.24047088623047,104.29285430908203,105.01904296875,101.41498565673828,102.39140319824219,98.71676635742188,95.34149169921875,94.9210205078125,93.38094329833984,91.7823486328125,91.08238220214844,84.85281372070312,85.15867614746094,81.21575927734375,77.64663696289062,78.77182006835938,75.95393371582031,74.67261505126953,74.4311752319336,74.81310272216797,70.45565795898438,68.35934448242188,67.18630981445312,68.06614685058594,70.1783447265625,73.00685119628906,72.3394775390625,67.36467742919922,67.91170501708984
0,-35,-95,11,37,106.51290893554688,106.10372161865234,113.21660614013672,106.51290893554688,109.65856170654297,101.23734283447266,103.78824615478516,103.7545166015625,102.85912322998047,99.76472473144531,98.0051040649414,98.1121826171875,99.85990142822266,99.5690689086914,94.62557983398438,101.60708618164062,98.08159637451172,103.71113586425781,102.72779846191406,107.62899017333984,104.9952392578125,109.7861557006836,106.04244232177734,106.52699279785156,105.42295837402344,105.42295837402344,101.67103576660156,104.8093490600586,95.60334777832031,100.60317993164062,92.20086669921875,94.81033325195312,92.00543212890625,87.20092010498047,84.62860107421875,88.81441497802734,83.23461151123047,80.21221923828125,76.843994140625,75.1664810180664,78.60025787353516,71.84706115722656,74.63243103027344,70.45565795898438,69.89277648925781,69.89277648925781,69.1158447265625,67.23094177246094,72.00694274902344,71.17584228515625,68.3081283569336,69.6419448852539
0,-35,-95,11,38,113.21660614013672,111.3283462524414,116.38728332519531,112.60550689697266,116.05602264404297,108.78418731689453,110.0636215209961,107.85638427734375,104.69479370117188,105.51303100585938,104.54663848876953,101.0,103.57605743408203,106.21205139160156,101.11874389648438,105.47511291503906,105.3043212890625,105.47511291503906,110.07270050048828,112.21853637695312,111.28791809082031,112.36102294921875,111.28791809082031,112.28534698486328,111.7586669921875,110.76551818847656,105.9292221069336,107.05606079101562,102.1077880859375,102.8250961303711,98.15293884277344,99.14131164550781,99.46356201171875,92.9139404296875,90.25519561767578,88.45903015136719,87.132080078125,84.34452819824219,82.56512451171875,77.46611785888672,77.66595458984375,76.15773010253906,75.50496673583984,74.95331573486328,72.03471374511719,72.03471374511719,71.30918884277344,71.30918884277344,73.37574768066406,74.84651184082031,70.7742919921875,74.09453582763672
0,-35,-95,11,36,105.9480972290039,103.46980285644531,105.11898040771484,105.68348693847656,101.54801940917969,101.25709533691406,102.64988708496094,101.78899383544922,95.96353149414062,95.71833801269531,98.27003479003906,94.8946762084961,94.82615661621094,94.84724426269531,95.34149169921875,98.79270935058594,97.14422607421875,96.79875946044922,100.24469757080078,101.51354217529297,101.39033508300781,102.88343048095703,100.84642028808594,104.177734375,100.84642028808594,101.63660430908203,97.98979187011719,93.10746765136719,96.66436767578125,94.93682098388672,93.471923828125,92.13034057617188,89.0,85.86617279052734,82.2982406616211,83.6480712890625,82.36504364013672,75.29276275634766,74.4311752319336,73.43023681640625,70.23532104492188,70.8307876586914,68.0,70.8307876586914,66.37017059326172,67.11929321289062,62.96824645996094,65.51335906982422,65.6048812866211,67.26811981201172,66.4680404663086,66.06814575195312
0,-35,-95,11,38,115.74540710449219,113.0707778930664,113.4063491821289,116.2755355834961,111.82575988769531,115.74540710449219,113.85077667236328,110.0,109.40292358398438,105.43718719482422,106.7801513671875,105.15226745605469,105.19029998779297,103.83159637451172,104.70912170410156,105.99056243896484,109.65856170654297,105.7024154663086,109.00458526611328,111.48542785644531,111.35977935791016,111.40017700195312,109.1650161743164,115.55085754394531,111.89280700683594,111.80339813232422,112.2541732788086,106.94390869140625,104.70912170410156,101.07422637939453,102.956298828125,100.7223892211914,96.5660400390625,92.1791763305664,92.11405944824219,90.55384826660156,89.35882568359375,83.52843475341797,83.52843475341797,82.49242401123047,76.85050201416016,78.77182006835938,75.47184753417969,75.1664810180664,74.3303451538086,72.42237091064453,71.02816009521484,73.40980529785156,73.40980529785156,76.48529052734375,72.83543395996094,71.84010314941406
0,-35,-95,12,33,100.7174301147461,103.3924560546875,108.5587387084961,106.0660171508789,103.69667053222656,102.25947570800781,101.49384307861328,98.41239929199219,97.32933807373047,97.18538665771484,96.13011932373047,94.02127075195312,95.00526428222656,95.00526428222656,94.08506774902344,96.18731689453125,95.52486419677734,95.63471984863281,100.60317993164062,98.85848236083984,102.8250961303711,102.48902130126953,102.23991394042969,104.47966003417969,101.17806243896484,102.17631530761719,100.04499053955078,99.0,97.0,91.02197265625,92.02173614501953,91.0054931640625,90.00555419921875,85.02352905273438,82.05486297607422,82.02438354492188,78.16009521484375,77.3175277709961,74.1080322265625,72.11102294921875,72.11102294921875,70.11418914794922,69.00724792480469,68.26419067382812,67.18630981445312,65.37583923339844,65.37583923339844,66.0984115600586,65.30696868896484,68.4105224609375,67.41661834716797,66.21178436279297
0,-35,-95,11,38,113.03096771240234,113.26517486572266,116.91449737548828,114.4770736694336,115.20850372314453,108.17115783691406,109.63575744628906,108.24047088623047,105.77334594726562,106.56922912597656,103.09219360351562,103.73042297363281,103.07764434814453,102.45974731445312,105.7024154663086,105.11898040771484,106.89247131347656,108.6876220703125,108.78418731689453,109.59014892578125,110.47624206542969,114.49454498291016,110.07270050048828,112.7696762084961,113.1591796875,111.89280700683594,110.16805267333984,107.93516540527344,103.46980285644531,100.46392059326172,99.16148376464844,101.95096588134766,93.40770721435547,93.98403930664062,91.7060546875,89.8109130859375,85.70297241210938,84.50444030761719,81.59656524658203,80.36167907714844,78.10890197753906,78.10890197753906,73.08214569091797,73.08214569091797,73.08214569091797,71.30918884277344,70.3420181274414,76.11833190917969,74.81310272216797,73.43704986572266,74.1687240600586,71.0633544921875
0,-35,-95,11,37,109.3846435546875,112.00446319580078,111.48542785644531,115.15641784667969,109.00458526611328,108.46197509765625,105.30906677246094,105.30906677246094,101.76934814453125,102.45974731445312,102.41581726074219,100.7223892211914,100.84642028808594,102.08329772949219,102.92716217041016,103.77379608154297,104.86181640625,100.12492370605469,105.0,107.07473754882812,108.16654205322266,110.11357879638672,106.25440979003906,110.43550109863281,107.61505126953125,107.37783813476562,106.32967376708984,103.24727630615234,103.24727630615234,97.6166000366211,96.25486755371094,95.29428100585938,94.41397857666016,89.005615234375,90.8019790649414,84.9705810546875,84.53401947021484,82.36504364013672,81.39410400390625,81.41252899169922,76.05918884277344,76.15773010253906,71.58910369873047,72.49827575683594,71.69379425048828,67.06713104248047,68.3520278930664,70.83784484863281,70.88018035888672,70.60453033447266,68.73136138916016,73.33484649658203
0,-35,-95,11,37,110.13627624511719,109.29318237304688,111.3058853149414,113.44161224365234,112.68096923828125,111.51681518554688,107.70329284667969,105.47511291503906,104.8093490600586,101.212646484375,101.53324890136719,102.85912322998047,106.51290893554688,103.46980285644531,102.69371795654297,100.24469757080078,103.74005889892578,103.4069595336914,106.90182495117188,105.6503677368164,107.51744079589844,111.0,109.44404602050781,112.92918395996094,107.33592224121094,110.13627624511719,103.61949920654297,105.84894561767578,102.69371795654297,97.14422607421875,98.61541748046875,99.5389404296875,91.18113708496094,91.28527069091797,89.69392395019531,84.69356536865234,85.08818817138672,82.29216003417969,80.52949523925781,76.967529296875,75.1531753540039,75.64390563964844,73.79024505615234,71.58910369873047,69.77105712890625,71.58910369873047,69.35416412353516,72.56031799316406,72.40165710449219,71.61005401611328,73.10950469970703,70.72481536865234
0,-35,-95,11,38,111.73181915283203,111.73181915283203,113.89907836914062,111.73181915283203,110.30865478515625,111.01801300048828,108.93116760253906,108.30050659179688,108.2450942993164,103.5857162475586,101.67103576660156,103.4069595336914,103.6001968383789,104.29285430908203,101.83319854736328,104.10091400146484,103.5857162475586,107.18675231933594,105.19029998779297,109.59014892578125,109.2748794555664,113.6485824584961,109.41663360595703,112.29425811767578,110.45361328125,105.47511291503906,106.67708587646484,107.070068359375,103.77379608154297,102.08329772949219,95.41488647460938,98.18350219726562,93.49331665039062,89.35882568359375,91.80958557128906,91.52595520019531,87.41853332519531,79.6303939819336,80.21221923828125,79.6303939819336,75.7165756225586,75.45197296142578,76.6093978881836,71.40028381347656,72.80110168457031,68.818603515625,72.80110168457031,73.24616241455078,72.18032836914062,73.55270385742188,72.34638977050781,71.84706115722656
0,-35,-95,11,38,114.28472900390625,115.12167358398438,117.88553619384766,113.1591796875,115.6633071899414,110.9414291381836,113.0177001953125,106.8503646850586,107.18675231933594,106.67708587646484,105.19029998779297,104.21611785888672,106.92988586425781,102.956298828125,105.84894561767578,104.75209045410156,107.51744079589844,106.25440979003906,109.20164489746094,111.97321319580078,111.62885284423828,113.21660614013672,111.6646728515625,111.97321319580078,113.54734802246094,111.42710876464844,108.2681884765625,107.91200256347656,104.177734375,104.177734375,99.92497253417969,97.69339752197266,97.69339752197266,94.33981323242188,92.8493423461914,89.96110534667969,86.40602111816406,86.00581359863281,81.93900299072266,79.7057113647461,79.84986114501953,77.077880859375,79.7057113647461,75.1531753540039,74.24958038330078,72.01388549804688,70.71067810058594,75.59100341796875,74.625732421875,74.88658142089844,71.84010314941406,74.2765121459961
0,-35,-95,11,37,102.39628601074219,107.070068359375,110.7880859375,107.37783813476562,103.77379608154297,101.3558120727539,102.92716217041016,99.02020263671875,96.7470932006836,96.17691802978516,97.06183624267578,96.17691802978516,98.61541748046875,93.98403930664062,93.40770721435547,97.08243560791016,95.21029663085938,96.76776123046875,99.92497253417969,101.6513671875,103.16007232666016,105.36128234863281,103.44564056396484,103.58088684082031,103.16007232666016,101.51354217529297,101.95096588134766,99.6242904663086,98.08159637451172,93.40770721435547,91.76055908203125,89.8888168334961,88.39117431640625,84.69356536865234,81.1541748046875,82.2800064086914,80.05622863769531,75.7693862915039,74.46475982666016,73.9256362915039,73.00685119628906,70.38465881347656,70.00714111328125,66.30987548828125,66.21178436279297,63.976558685302734,67.5351791381836,67.11929321289062,69.6419448852539,67.95587158203125,67.42403411865234,67.20863342285156
0,-35,-95,11,37,107.42439270019531,109.5627670288086,111.89280700683594,108.85311126708984,109.00458526611328,107.01869201660156,106.6208267211914,106.51290893554688,103.31505584716797,102.85912322998047,102.4743881225586,99.4786376953125,101.2422866821289,98.18350219726562,96.5660400390625,103.00485229492188,103.85566711425781,102.2007827758789,104.63746643066406,105.0,108.60018157958984,107.44766235351562,108.60018157958984,107.93516540527344,105.60302734375,106.21205139160156,104.86181640625,105.43718719482422,98.73702239990234,100.12492370605469,95.18928527832031,94.66783905029297,91.58602142333984,91.26883697509766,91.06591033935547,86.60831451416016,81.83519744873047,80.4549560546875,78.892333984375,77.17512512207031,77.02597045898438,74.625732421875,75.66372680664062,71.69379425048828,71.5541763305664,70.66116333007812,70.21395874023438,72.09021759033203,70.93659210205078,72.44998168945312,69.92138671875,68.88395690917969
0,-36,-95,12,33,102.8250961303711,106.15083312988281,107.81465911865234,103.3924560546875,103.4794692993164,101.17806243896484,100.6578369140625,97.08243560791016,95.90099334716797,99.63935089111328,96.40020751953125,97.08243560791016,96.51942443847656,96.04165649414062,95.71833801269531,97.6166000366211,94.41397857666016,97.94896697998047,101.96568298339844,101.96568298339844,101.53324890136719,103.76897430419922,99.29753112792969,102.88343048095703,101.212646484375,101.3558120727539,98.61541748046875,98.79270935058594,96.25486755371094,93.29522705078125,89.58794403076172,88.7524642944336,87.6584243774414,84.87638092041016,83.23461151123047,80.70935821533203,79.4040298461914,76.02631378173828,75.45197296142578,72.20111083984375,72.00694274902344,69.20259857177734,71.84706115722656,67.20118713378906,67.42403411865234,67.47592163085938,66.60330200195312,67.26811981201172,66.4680404663086,66.52819061279297,66.84310150146484,69.3397445678711
0,-35,-95,11,38,111.80339813232422,113.77169799804688,114.14026641845703,115.31695556640625,113.1591796875,116.90166473388672,109.04127502441406,107.51744079589844,105.22357177734375,104.8093490600586,105.80170440673828,104.30723571777344,104.07689666748047,107.01869201660156,104.00480651855469,102.00489807128906,106.07544708251953,104.17293548583984,109.29318237304688,111.11255645751953,112.16059875488281,114.15778350830078,110.07270050048828,112.16059875488281,111.04053497314453,110.00454711914062,107.00466918945312,106.07544708251953,106.07544708251953,100.00499725341797,101.12368774414062,97.1287841796875,93.02149963378906,90.13877868652344,90.13877868652344,90.04998779296875,87.20664978027344,82.2192153930664,82.15229797363281,79.4040298461914,77.64663696289062,75.42546081542969,76.32168579101562,73.43704986572266,71.34423828125,70.71067810058594,70.71067810058594,71.80529022216797,72.7804946899414,72.53275299072266,72.44998168945312,72.49827575683594
0,-35,-95,11,38,112.7696762084961,111.89280700683594,115.24755859375,105.30906677246094,110.9414291381836,106.47064971923828,106.94390869140625,104.44615936279297,105.67875671386719,104.62313079833984,102.34255981445312,101.25709533691406,101.212646484375,100.42410278320312,98.71676635742188,102.64988708496094,101.17806243896484,104.06248474121094,106.07544708251953,109.62207794189453,108.30050659179688,108.30050659179688,109.22454071044922,109.65856170654297,108.30050659179688,107.1680908203125,104.9952392578125,103.85566711425781,102.17631530761719,100.89598846435547,95.60334777832031,94.81033325195312,93.60021209716797,91.0494384765625,86.60831451416016,88.00568389892578,85.42832946777344,79.88116455078125,78.23681640625,76.843994140625,77.42092895507812,72.42237091064453,75.80237579345703,70.72481536865234,70.72481536865234,68.79679870605469,69.83551788330078,70.71067810058594,71.11962127685547,70.7742919921875,70.57620239257812,71.0633544921875
0,-35,-95,11,37,103.84603881835938,107.2800064086914,107.56393432617188,107.70329284667969,107.70329284667969,104.54663848876953,107.00466918945312,102.78618621826172,100.88111877441406,101.95096588134766,99.95999145507812,99.00505065917969,101.98039245605469,97.94386291503906,96.64884948730469,101.53324890136719,100.34440612792969,101.3558120727539,102.62553405761719,107.70329284667969,105.81587982177734,108.22661590576172,106.67708587646484,106.53168487548828,108.4066390991211,106.0660171508789,100.7223892211914,100.23971557617188,101.96568298339844,98.41239929199219,94.3663101196289,93.91485595703125,89.89437866210938,88.10221099853516,86.76404571533203,85.42832946777344,82.85529327392578,81.39410400390625,79.7057113647461,75.64390563964844,75.1531753540039,72.61542510986328,73.34848022460938,69.85699462890625,70.7742919921875,69.07966613769531,69.28924560546875,70.22820281982422,69.57010650634766,68.65857696533203,72.99314880371094,69.2603759765625
0,-35,-95,11,38,113.4063491821289,112.61438751220703,115.42096710205078,112.44554138183594,113.85077667236328,110.60289001464844,112.80071258544922,110.2587890625,107.1680908203125,107.56393432617188,105.47511291503906,104.66136169433594,106.0660171508789,103.94710540771484,101.41498565673828,108.46658325195312,105.11898040771484,105.8914566040039,109.20164489746094,114.20157623291016,111.04053497314453,113.2298583984375,112.29425811767578,113.0707778930664,112.04463195800781,112.69871520996094,105.64563751220703,107.51744079589844,104.06248474121094,104.00480651855469,98.2903823852539,98.31072998046875,98.2903823852539,95.4620361328125,93.33809661865234,90.5096664428711,87.68124389648438,84.8646011352539,84.8646011352539,79.30951690673828,81.3449478149414,78.49203491210938,77.8331527709961,74.3303451538086,76.5767593383789,73.66138458251953,72.4706802368164,74.65252685546875,75.1664810180664,74.625732421875,73.79024505615234,73.00685119628906
0,-35,-95,11,38,111.16204071044922,115.27792358398438,116.34861755371094,113.21660614013672,115.15641784667969,111.07205200195312,109.11461639404297,107.22872924804688,107.1680908203125,106.79419708251953,106.0660171508789,104.23531341552734,103.7545166015625,102.77159118652344,102.18121337890625,105.26158142089844,105.36128234863281,105.26158142089844,108.52188873291016,111.97321319580078,114.28472900390625,110.16351318359375,114.4770736694336,114.28472900390625,111.83023071289062,108.25894927978516,105.72132873535156,106.8877944946289,103.94229125976562,102.1077880859375,98.99494934082031,99.14131164550781,96.02603912353516,93.05912017822266,90.93404388427734,90.66973114013672,87.46427917480469,83.38465118408203,79.4040298461914,77.3175277709961,80.22468566894531,75.32595825195312,77.41446685791016,74.24284362792969,74.1080322265625,70.00714111328125,74.06078338623047,71.0,71.11258697509766,73.43704986572266,71.38627624511719,71.84010314941406
0,-35,-95,12,33,108.00463104248047,111.25196838378906,107.41508483886719,110.67971801757812,106.01886749267578,109.28861236572266,104.86181640625,104.62313079833984,103.73042297363281,99.02020263671875,102.17631530761719,100.5683822631836,99.76472473144531,97.58073425292969,101.13851928710938,98.2903823852539,102.59142303466797,99.15644073486328,104.13932800292969,107.51744079589844,106.77546691894531,111.72286987304688,105.38026428222656,108.30050659179688,108.2081298828125,108.90362548828125,106.15083312988281,100.6578369140625,101.23734283447266,96.33275604248047,95.90099334716797,95.2680435180664,94.64142608642578,91.83136749267578,86.60831451416016,86.83317565917969,83.24061584472656,79.02531433105469,78.24320983886719,79.02531433105469,75.21302795410156,74.88658142089844,72.42237091064453,70.45565795898438,70.45565795898438,71.02112579345703,68.96376037597656,72.20111083984375,68.0,70.68238830566406,70.57620239257812,69.92138671875
0,-35,-95,11,37,111.12605285644531,113.89907836914062,114.62983703613281,112.53887939453125,108.37435150146484,112.53887939453125,108.37435150146484,106.15083312988281,102.64988708496094,102.53292083740234,103.94710540771484,101.23734283447266,103.85566711425781,100.2646484375,100.89598846435547,102.44998931884766,105.43718719482422,104.40306854248047,110.67971801757812,108.00463104248047,110.0,108.4066390991211,108.4066390991211,112.89375305175781,107.44766235351562,108.07405090332031,104.9952392578125,104.23531341552734,104.23531341552734,100.00499725341797,98.41239929199219,98.35140991210938,91.92388153076172,91.21951293945312,90.5096664428711,88.39117431640625,84.8646011352539,82.03657531738281,79.90619659423828,80.65978240966797,76.41989135742188,75.00666809082031,71.44927978515625,70.03570556640625,72.24956512451172,69.02897644042969,71.84010314941406,71.40028381347656,68.818603515625,71.56116485595703,70.66116333007812,70.00714111328125
0,-35,-95,11,37,110.29052734375,108.29589080810547,113.21660614013672,110.29052734375,110.36756896972656,108.46197509765625,105.47511291503906,104.3886947631836,103.17460632324219,103.07764434814453,100.00499725341797,101.04454803466797,99.32270812988281,99.50376892089844,98.50888061523438,102.70345306396484,103.24727630615234,102.8250961303711,104.23531341552734,106.21205139160156,106.9205322265625,108.90362548828125,108.77959442138672,109.65856170654297,106.79419708251953,106.56922912597656,104.3886947631836,103.48429870605469,99.32270812988281,100.12492370605469,95.08417510986328,95.02104949951172,94.02127075195312,90.04998779296875,88.00568389892578,86.0,84.00595092773438,82.02438354492188,81.02468872070312,76.0,77.0,75.02666473388672,72.02777099609375,70.028564453125,74.00675964355469,72.11102294921875,69.18092346191406,68.4689712524414,68.73136138916016,72.99314880371094,69.85699462890625,68.94925689697266
0,-35,-95,11,38,109.77249145507812,112.00892639160156,112.44554138183594,112.75193786621094,111.87940216064453,109.8954086303711,109.77249145507812,107.37783813476562,104.30723571777344,102.23991394042969,102.12247467041016,104.01922607421875,101.04454803466797,100.00499725341797,101.07917785644531,103.12128448486328,103.31021118164062,104.30723571777344,106.38138580322266,109.77249145507812,111.54371643066406,110.45361328125,110.36756896972656,107.37783813476562,109.07337188720703,110.07270050048828,104.00480651855469,104.01922607421875,102.00489807128906,101.0,100.00499725341797,97.02061462402344,94.00531768798828,92.04889678955078,89.14033508300781,87.05171203613281,87.09190368652344,82.2192153930664,79.22752380371094,80.15609741210938,76.41989135742188,75.23961639404297,74.24284362792969,75.32595825195312,74.4311752319336,68.73136138916016,74.3303451538086,71.38627624511719,70.3420181274414,69.92138671875,72.23572540283203,72.01388549804688
0,-38,-95,14,26,105.42295837402344,107.61505126953125,107.20074462890625,109.80892181396484,104.63746643066406,104.01922607421875,103.4069595336914,100.60317993164062,98.81295776367188,98.47334289550781,97.90811920166016,97.94386291503906,95.38343811035156,93.53608703613281,96.64884948730469,97.94386291503906,100.22474670410156,97.50897216796875,101.23734283447266,101.63660430908203,101.98039245605469,103.36827087402344,102.88343048095703,103.36827087402344,101.96568298339844,101.96568298339844,99.76472473144531,94.41397857666016,94.02127075195312,92.66067504882812,91.4166259765625,88.6848373413086,86.45230102539062,84.72307586669922,82.68010711669922,81.3019027709961,79.07591247558594,75.47184753417969,73.49829864501953,73.7834701538086,70.1783447265625,69.89277648925781,69.065185546875,68.24221801757812,66.0302963256836,65.21502685546875,65.0,67.00746154785156,65.94694519042969,65.76473236083984,65.85590362548828,64.40496826171875
0,-35,-95,12,33,101.51354217529297,105.68821716308594,101.843017578125,105.68821716308594,101.843017578125,102.14205932617188,100.90093994140625,98.97979736328125,98.37174224853516,94.25497436523438,98.23441314697266,95.34149169921875,96.33794403076172,96.33794403076172,93.90420532226562,95.52486419677734,96.51942443847656,97.51409912109375,100.24469757080078,101.17806243896484,102.39628601074219,104.47966003417969,100.60317993164062,103.23758697509766,100.60317993164062,102.1077880859375,99.60923767089844,97.01546478271484,96.02603912353516,92.07062530517578,92.07062530517578,88.45903015136719,87.132080078125,84.17243957519531,86.31338500976562,82.20097351074219,79.24645233154297,77.66595458984375,74.14849853515625,74.3303451538086,70.40596771240234,68.65857696533203,66.2872543334961,68.44705963134766,67.46851348876953,65.30696868896484,65.96968841552734,64.8459701538086,68.00735473632812,66.85057830810547,66.64083099365234,66.5732650756836
0,-35,-95,12,33,105.36128234863281,104.9952392578125,110.0636215209961,108.52188873291016,107.2800064086914,105.36128234863281,103.09219360351562,102.14205932617188,102.52804565429688,99.6242904663086,99.16148376464844,99.16148376464844,96.66436767578125,100.17984008789062,96.17691802978516,98.88377380371094,98.79270935058594,100.4987564086914,102.92716217041016,103.17460632324219,103.77379608154297,108.75660705566406,105.67875671386719,107.18675231933594,108.30050659179688,103.44564056396484,102.4743881225586,102.88343048095703,97.52947998046875,96.64884948730469,93.03762817382812,92.1791763305664,91.24143981933594,89.44271850585938,86.33075714111328,84.9705810546875,81.43709564208984,80.49844360351562,78.0,74.73285675048828,72.09021759033203,72.01388549804688,71.58910369873047,67.5425796508789,67.62396240234375,66.70832061767578,68.15423583984375,68.70953369140625,70.21395874023438,68.24954223632812,67.26811981201172,70.25667572021484
0,-38,-95,14,26,114.52947235107422,113.17684936523438,116.46887969970703,115.41230773925781,114.06138610839844,111.36426544189453,111.82575988769531,109.12836456298828,107.91200256347656,104.9571304321289,106.0,103.73042297363281,105.20931243896484,104.20172882080078,102.61579132080078,104.35037231445312,104.23531341552734,105.64563751220703,107.56393432617188,109.7861557006836,110.7519760131836,112.69871520996094,108.57716369628906,112.53887939453125,110.7519760131836,109.01834869384766,107.00466918945312,107.00466918945312,100.42410278320312,99.80982208251953,96.60745239257812,95.44107818603516,94.04785919189453,91.52595520019531,89.58794403076172,88.48163604736328,83.76156616210938,81.54139709472656,80.15609741210938,77.38862609863281,76.00657653808594,73.7834701538086,74.3303451538086,71.86793518066406,70.32780456542969,69.83551788330078,70.71067810058594,70.23532104492188,70.68238830566406,71.30918884277344,69.89277648925781,69.85699462890625
0,-35,-95,12,34,110.49434661865234,111.61540985107422,112.53887939453125,111.07205200195312,111.07205200195312,111.08555603027344,109.3846435546875,106.10372161865234,106.6208267211914,106.51290893554688,102.956298828125,101.96568298339844,102.4743881225586,103.94229125976562,101.3558120727539,105.15226745605469,102.90287017822266,105.39450073242188,106.60675048828125,108.811767578125,110.11357879638672,112.60550689697266,111.50336456298828,108.75660705566406,108.0462875366211,107.18675231933594,108.0462875366211,104.31682586669922,102.956298828125,102.08329772949219,96.15092468261719,98.38699340820312,93.02149963378906,91.67878723144531,89.47066497802734,88.56636047363281,89.05054473876953,82.85529327392578,80.62257385253906,78.92401123046875,78.54934692382812,73.9256362915039,76.55716705322266,72.23572540283203,72.61542510986328,70.7742919921875,73.38937377929688,72.80110168457031,71.0633544921875,72.36711883544922,69.72087097167969,69.1158447265625
0,-35,-95,11,37,103.84603881835938,103.84603881835938,103.58088684082031,106.04244232177734,107.00466918945312,103.16007232666016,101.39033508300781,99.92497253417969,98.49365234375,98.15293884277344,99.04039764404297,97.32420349121094,94.42987060546875,94.5304183959961,95.33625030517578,97.25225067138672,98.04590606689453,100.07997131347656,101.00495147705078,103.00485229492188,102.00489807128906,104.01922607421875,103.01941680908203,103.0436782836914,104.17293548583984,104.17293548583984,101.17806243896484,99.50376892089844,97.41663360595703,95.63471984863281,90.66973114013672,91.4439697265625,90.44888305664062,86.46965026855469,85.70880889892578,83.48652648925781,79.76214599609375,76.53103637695312,74.81310272216797,73.68174743652344,73.97972869873047,70.21395874023438,66.91038513183594,67.89698028564453,68.06614685058594,66.2872543334961,67.6830825805664,68.4105224609375,66.0984115600586,68.94925689697266,67.62396240234375,68.47627258300781
0,-35,-95,12,33,108.68302154541016,108.90821838378906,107.44766235351562,112.5877456665039,107.93516540527344,105.5367202758789,106.23088073730469,102.83968353271484,102.35721588134766,100.24469757080078,102.78618621826172,101.59232330322266,100.46392059326172,98.61541748046875,98.0866928100586,101.55294036865234,102.4743881225586,102.0,105.67875671386719,108.30050659179688,106.43777465820312,105.54619598388672,107.33126068115234,109.17874908447266,105.11898040771484,107.78682708740234,103.31505584716797,100.7223892211914,101.23734283447266,93.52005004882812,95.85405731201172,96.25486755371094,93.04837799072266,88.0227279663086,88.25531005859375,86.72946166992188,83.57032775878906,81.70679473876953,78.54934692382812,78.77182006835938,75.89466094970703,75.3923110961914,71.51223754882812,71.51223754882812,70.51950073242188,72.11102294921875,71.16881561279297,72.2772445678711,69.42621612548828,71.19690704345703,68.4689712524414,69.00724792480469
0,-35,-95,11,38,108.50345611572266,109.44404602050781,111.6646728515625,111.07205200195312,112.36102294921875,107.56393432617188,109.11003875732422,103.4069595336914,104.04325866699219,104.9952392578125,102.2007827758789,100.68763732910156,101.20276641845703,100.22474670410156,101.20276641845703,101.27191162109375,103.5857162475586,104.8093490600586,105.23307800292969,109.77249145507812,106.0660171508789,110.8873291015625,108.0462875366211,111.15754699707031,106.7052001953125,106.21205139160156,105.72132873535156,102.77159118652344,100.0199966430664,99.82484436035156,96.31718444824219,94.14881896972656,93.62158203125,92.19544219970703,89.26925659179688,87.55569458007812,84.89994049072266,80.52328491210938,78.84795379638672,75.18643188476562,75.96051788330078,75.18643188476562,73.24616241455078,72.80110168457031,70.21395874023438,72.42237091064453,70.51950073242188,72.44998168945312,73.40980529785156,73.34848022460938,71.34423828125,70.0
0,-35,-95,11,37,108.85311126708984,107.42439270019531,109.5627670288086,105.11898040771484,108.7474136352539,105.19029998779297,106.92988586425781,103.87010955810547,105.19029998779297,100.08995819091797,103.09219360351562,100.0,97.98469543457031,98.95453643798828,98.49365234375,101.41498565673828,100.80674743652344,101.98039245605469,104.23531341552734,106.09900665283203,105.99056243896484,107.48953247070312,107.48953247070312,106.8877944946289,108.46658325195312,105.01904296875,103.58088684082031,102.88343048095703,97.52947998046875,97.80081939697266,94.5568618774414,92.97311401367188,91.4166259765625,88.60022735595703,88.25531005859375,84.43340301513672,84.8646011352539,80.0062484741211,79.05693817138672,74.3303451538086,75.02666473388672,72.80110168457031,73.16419982910156,70.93659210205078,69.35416412353516,70.21395874023438,67.5425796508789,68.42514038085938,71.34423828125,72.11102294921875,70.45565795898438,69.35416412353516
0,-35,-95,11,38,113.87712860107422,108.4066390991211,115.96551513671875,109.77249145507812,109.2748794555664,105.67875671386719,106.67708587646484,106.32967376708984,104.10091400146484,106.0,104.8475112915039,103.46980285644531,103.00485229492188,100.42410278320312,100.89598846435547,104.80458068847656,101.17806243896484,104.06248474121094,106.77546691894531,108.2081298828125,108.2450942993164,110.39022064208984,109.7861557006836,111.07205200195312,107.1680908203125,108.57716369628906,105.11898040771484,104.48445129394531,101.82828521728516,99.63935089111328,95.60334777832031,95.0,94.40338897705078,92.00543212890625,90.21086120605469,87.20092010498047,86.26702880859375,83.00602722167969,78.77182006835938,77.10382843017578,78.23043060302734,71.84706115722656,76.843994140625,69.63475799560547,73.7834701538086,71.19690704345703,71.34423828125,73.57308959960938,72.01388549804688,73.53910827636719,70.88018035888672,69.85699462890625
0,-38,-95,13,29,110.44002532958984,112.08924865722656,113.75851440429688,112.36102294921875,110.44002532958984,106.60675048828125,105.51303100585938,103.81233215332031,102.83968353271484,102.61091613769531,101.41498565673828,100.62306213378906,100.9752426147461,99.84988403320312,98.61541748046875,101.40019989013672,101.07917785644531,101.12368774414062,105.07616424560547,105.0428466796875,108.04165649414062,109.11461639404297,106.30146026611328,109.1650161743164,108.5587387084961,105.57461547851562,102.59142303466797,101.83319854736328,98.85848236083984,97.73944854736328,95.03683471679688,93.90420532226562,91.92388153076172,88.1192398071289,86.4927749633789,84.34452819824219,81.58431243896484,78.64476776123047,77.46611785888672,74.3303451538086,73.54590606689453,71.58910369873047,70.61161041259766,69.85699462890625,67.91170501708984,66.70832061767578,67.72000885009766,68.3081283569336,68.00735473632812,68.54196166992188,68.42514038085938,67.11929321289062
0,-35,-95,11,37,106.01886749267578,107.64757537841797,108.22661590576172,110.43550109863281,109.85900115966797,104.04325866699219,105.0,102.00489807128906,103.6001968383789,100.76705932617188,100.76705932617188,99.82484436035156,97.58073425292969,98.99494934082031,97.59098052978516,101.31633758544922,100.76705932617188,98.59513092041016,104.63746643066406,106.04244232177734,106.52699279785156,105.75916290283203,103.5857162475586,108.07405090332031,105.75916290283203,106.30146026611328,102.8250961303711,101.91172790527344,101.17806243896484,94.84724426269531,92.6552734375,94.06912231445312,92.69843292236328,86.27861785888672,87.69264221191406,84.148681640625,83.4505844116211,81.32035064697266,77.78174591064453,77.077880859375,75.69015502929688,70.71067810058594,71.4212875366211,70.00714111328125,69.35416412353516,70.76722717285156,68.01470184326172,72.00694274902344,70.80254364013672,71.84706115722656,68.09552001953125,72.49827575683594
0,-35,-95,11,37,110.42192077636719,105.5367202758789,110.85575866699219,107.70793914794922,110.42192077636719,103.5857162475586,105.26158142089844,101.13851928710938,100.42410278320312,102.88343048095703,99.04039764404297,98.03060913085938,99.95999145507812,100.6578369140625,99.00505065917969,103.46980285644531,99.31767272949219,101.51847076416016,102.42070007324219,104.65657806396484,105.55093383789062,108.6876220703125,107.42439270019531,105.55093383789062,105.7024154663086,105.84894561767578,102.69371795654297,103.24727630615234,97.40636444091797,99.16148376464844,91.08238220214844,96.2081069946289,91.76055908203125,90.13877868652344,87.28115844726562,86.64871978759766,81.60882568359375,78.74642944335938,78.16009521484375,74.72616577148438,73.37574768066406,72.80110168457031,73.37574768066406,68.680419921875,68.00735473632812,67.91170501708984,68.4105224609375,69.63475799560547,68.73136138916016,69.2603759765625,70.028564453125,68.35934448242188
0,-35,-95,11,37,106.8877944946289,110.21796417236328,110.81967163085938,109.4897232055664,111.00450134277344,107.87029266357422,108.25894927978516,104.3455810546875,102.35721588134766,101.0,102.39140319824219,101.6513671875,100.0,98.97979736328125,97.40636444091797,102.69371795654297,99.31767272949219,105.11898040771484,102.956298828125,109.123779296875,104.69479370117188,105.55093383789062,108.46197509765625,108.85311126708984,105.47511291503906,104.75209045410156,102.69371795654297,102.52804565429688,99.72462463378906,96.4624252319336,96.13532257080078,95.81753540039062,92.02716827392578,89.8109130859375,88.25531005859375,87.64131164550781,85.86617279052734,81.04319763183594,78.84795379638672,76.5375747680664,77.20103454589844,71.16881561279297,75.89466094970703,70.3420181274414,71.56814575195312,68.88395690917969,70.8307876586914,68.88395690917969,69.46221923828125,75.32595825195312,69.00724792480469,67.18630981445312
0,-35,-95,11,37,102.72779846191406,107.81465911865234,105.418212890625,107.05606079101562,103.3247299194336,102.068603515625,103.3247299194336,99.03534698486328,99.03534698486328,94.75231170654297,97.59098052978516,95.67131042480469,95.01578521728516,96.54014587402344,95.2680435180664,97.08243560791016,97.90811920166016,96.51942443847656,97.94386291503906,99.02020263671875,100.43903350830078,102.64988708496094,98.22932434082031,103.46980285644531,102.07839965820312,102.41581726074219,99.4032211303711,93.86160278320312,96.04686737060547,93.23625946044922,90.78546142578125,87.96590423583984,88.86506652832031,84.2911605834961,83.54639434814453,80.15609741210938,80.15609741210938,77.23341369628906,73.66138458251953,73.0,70.72481536865234,70.76722717285156,67.89698028564453,67.89698028564453,67.17886352539062,66.48307800292969,65.79513549804688,66.52819061279297,66.06814575195312,69.065185546875,66.5732650756836,67.08203887939453
0,-35,-95,11,37,104.3886947631836,103.24727630615234,107.42439270019531,104.54663848876953,105.30906677246094,102.55242919921875,102.69371795654297,99.92497253417969,98.48857879638672,100.17984008789062,96.17691802978516,95.77056121826172,95.71833801269531,94.87360382080078,96.51942443847656,97.41663360595703,95.0,97.80081939697266,100.12492370605469,100.42410278320312,102.2007827758789,106.04244232177734,101.212646484375,105.8914566040039,101.83319854736328,101.83319854736328,100.20977783203125,99.6242904663086,97.90811920166016,94.57801055908203,90.97252655029297,91.26883697509766,87.92041778564453,85.75546264648438,85.75546264648438,81.3019027709961,78.23043060302734,76.85050201416016,77.69813537597656,73.57308959960938,74.625732421875,71.02112579345703,70.49113464355469,67.60177612304688,68.47627258300781,66.64833068847656,65.7419204711914,69.35416412353516,65.0,67.779052734375,66.7607650756836,67.46851348876953
0,-38,-95,13,29,104.54663848876953,108.17115783691406,106.73799896240234,108.90821838378906,105.01904296875,105.5367202758789,103.5857162475586,101.86756134033203,100.89598846435547,97.41663360595703,98.97979736328125,97.14422607421875,98.61541748046875,98.48857879638672,98.48857879638672,97.08243560791016,100.62306213378906,96.15092468261719,104.23531341552734,104.65657806396484,103.7545166015625,106.0235824584961,100.64790344238281,105.11898040771484,103.31505584716797,103.87010955810547,101.23734283447266,98.23441314697266,99.5389404296875,93.23089599609375,92.11405944824219,90.47651672363281,88.25531005859375,84.75848388671875,84.11896514892578,79.05693817138672,79.37883758544922,77.8331527709961,74.67261505126953,74.0,70.51950073242188,72.12489318847656,68.3081283569336,67.72000885009766,67.44627380371094,64.76110076904297,65.73431396484375,67.26811981201172,65.11528015136719,65.6201171875,64.1248779296875,66.00757598876953
0,-35,-95,11,37,103.46980285644531,105.43718719482422,103.73042297363281,106.53168487548828,103.73042297363281,104.00961303710938,102.41581726074219,97.41663360595703,96.67471313476562,95.42536163330078,98.08159637451172,95.52486419677734,94.75231170654297,93.33809661865234,91.93476104736328,96.2081069946289,95.7757797241211,96.33275604248047,99.63935089111328,100.2646484375,103.4794692993164,103.5857162475586,100.76705932617188,102.8250961303711,99.08582305908203,102.59142303466797,98.35140991210938,95.4620361328125,93.33809661865234,94.06912231445312,90.52071380615234,90.52071380615234,88.41380310058594,85.5628433227539,83.4505844116211,83.48652648925781,80.62257385253906,76.41989135742188,75.82215881347656,74.2765121459961,72.24956512451172,68.62215423583984,68.01470184326172,68.62215423583984,68.01470184326172,65.85590362548828,66.06814575195312,65.29930877685547,65.0,68.09552001953125,66.18912506103516,65.55150604248047
0,-35,-95,11,37,104.3455810546875,104.56098937988281,105.99056243896484,106.96260833740234,101.63660430908203,103.5857162475586,102.61091613769531,98.76234436035156,97.52947998046875,99.72462463378906,97.74456787109375,97.52947998046875,97.40636444091797,96.2081069946289,95.4620361328125,95.2732925415039,96.60745239257812,98.48857879638672,100.23971557617188,104.23531341552734,103.31021118164062,105.58882141113281,101.13357543945312,106.0235824584961,103.46980285644531,101.23734283447266,100.7223892211914,99.5389404296875,96.4624252319336,95.07891082763672,93.04837799072266,90.2496566772461,89.8888168334961,87.31552124023438,82.54090118408203,83.16850280761719,81.32035064697266,77.20103454589844,73.68174743652344,71.7844009399414,71.47027587890625,69.2603759765625,71.47027587890625,69.92138671875,67.67569732666016,68.4105224609375,67.44627380371094,65.51335906982422,68.73136138916016,67.26811981201172,66.00757598876953,67.11929321289062
0,-35,-95,12,33,107.33126068115234,109.56732940673828,106.0235824584961,107.33126068115234,104.65180206298828,108.6876220703125,103.78824615478516,104.27847290039062,103.31505584716797,98.61541748046875,99.72462463378906,98.68130493164062,100.57833099365234,97.41663360595703,99.72462463378906,98.23441314697266,101.86756134033203,100.66280364990234,104.7377700805664,106.09900665283203,104.78549194335938,105.26158142089844,103.81233215332031,110.21796417236328,106.23088073730469,105.26158142089844,104.29285430908203,99.32774353027344,97.80081939697266,94.9210205078125,97.40636444091797,93.96276092529297,91.39474487304688,87.93179321289062,89.53770446777344,79.69943237304688,80.99382781982422,79.12016296386719,77.8331527709961,74.67261505126953,71.51223754882812,74.46475982666016,70.22820281982422,70.83784484863281,70.51950073242188,66.70832061767578,68.54196166992188,68.44705963134766,67.5351791381836,68.96376037597656,66.85057830810547,70.29224395751953
0,-35,-95,12,33,108.90362548828125,108.30050659179688,109.62207794189453,107.56393432617188,104.13932800292969,102.59142303466797,104.06248474121094,101.91172790527344,102.53292083740234,102.72779846191406,99.15644073486328,98.23441314697266,98.81295776367188,97.20082092285156,96.60745239257812,101.78899383544922,99.98500061035156,100.4987564086914,104.31682586669922,104.31682586669922,104.8475112915039,106.8503646850586,106.8503646850586,106.55046081542969,104.30723571777344,106.0,102.92716217041016,100.70252990722656,98.18350219726562,100.12492370605469,94.04785919189453,93.74433135986328,93.23089599609375,83.81526947021484,86.60831451416016,86.53323364257812,83.23461151123047,79.6303939819336,76.6093978881836,75.0,74.02702331542969,73.60027313232422,72.20111083984375,71.61005401611328,69.20259857177734,70.0,70.0,69.65629577636719,70.76722717285156,68.59300231933594,68.01470184326172,68.00735473632812
0,-38,-95,13,29,111.7586669921875,108.93116760253906,113.84638977050781,110.39022064208984,112.48555755615234,106.10372161865234,106.8316421508789,105.38026428222656,105.36128234863281,103.96633911132812,101.31633758544922,100.76705932617188,100.60317993164062,99.80982208251953,99.4032211303711,104.29285430908203,100.40418243408203,104.30723571777344,102.21546173095703,106.0,105.9480972290039,109.83624267578125,109.55364227294922,107.37783813476562,109.0,106.25440979003906,104.40306854248047,104.20172882080078,97.80081939697266,99.20181274414062,93.23625946044922,93.23625946044922,90.13877868652344,87.32124328613281,86.55634307861328,85.14693450927734,80.28075408935547,78.74642944335938,78.10249328613281,73.75635528564453,75.1664810180664,70.93659210205078,73.75635528564453,68.01470184326172,67.89698028564453,67.20863342285156,67.88224792480469,69.3108901977539,69.42621612548828,66.21932983398438,69.065185546875,66.24198150634766
0,-35,-95,11,37,110.16351318359375,110.11357879638672,114.43775939941406,109.29318237304688,113.21660614013672,110.22250366210938,108.22661590576172,105.3043212890625,106.38138580322266,105.68348693847656,103.69667053222656,101.11874389648438,103.7545166015625,101.20276641845703,99.04039764404297,106.23088073730469,102.2007827758789,106.48004150390625,104.04325866699219,107.56393432617188,109.20164489746094,109.4805908203125,111.57060241699219,113.05308532714844,108.41586303710938,108.90821838378906,107.2800064086914,106.51290893554688,99.2471694946289,103.16007232666016,99.63935089111328,96.33794403076172,93.38094329833984,93.05912017822266,90.93404388427734,87.82368469238281,85.58621215820312,82.38932037353516,79.6303939819336,75.66372680664062,77.64663696289062,75.53807067871094,76.53103637695312,73.24616241455078,73.33484649658203,75.1664810180664,72.06246948242188,72.02777099609375,75.00666809082031,74.1080322265625,74.14849853515625,69.85699462890625
0,-35,-95,11,37,105.58882141113281,104.8093490600586,110.14535522460938,108.30050659179688,107.42439270019531,106.0660171508789,103.44564056396484,103.24727630615234,99.98500061035156,100.40418243408203,101.51354217529297,99.29753112792969,100.0,100.12492370605469,95.7757797241211,101.41498565673828,101.98039245605469,100.4987564086914,103.23758697509766,106.07544708251953,106.10372161865234,107.56393432617188,107.56393432617188,108.93116760253906,106.30146026611328,105.64563751220703,100.76705932617188,102.17631530761719,97.30878448486328,100.12492370605469,91.54779815673828,90.90654754638672,89.49860382080078,88.40814208984375,87.61849212646484,82.80096435546875,82.00609588623047,76.40026092529297,77.0064926147461,76.6093978881836,76.843994140625,73.00685119628906,71.40028381347656,71.28113555908203,69.065185546875,69.065185546875,69.89277648925781,70.49113464355469,68.88395690917969,71.58910369873047,68.70953369140625,68.4105224609375
0,-35,-95,11,36,103.94710540771484,107.05606079101562,106.79419708251953,106.79419708251953,107.05606079101562,102.1077880859375,103.4069595336914,102.9611587524414,97.67292022705078,97.49359130859375,97.67292022705078,96.7729263305664,98.49365234375,97.41663360595703,97.41663360595703,97.73944854736328,100.46392059326172,99.6242904663086,102.04410552978516,103.07764434814453,101.39033508300781,105.84894561767578,104.177734375,106.4048843383789,104.35516357421875,101.843017578125,103.09219360351562,99.45853424072266,95.88013458251953,93.68030548095703,94.9210205078125,94.3716049194336,91.21403503417969,90.52071380615234,86.83317565917969,83.19855499267578,80.52328491210938,79.83106994628906,77.1297607421875,73.97972869873047,73.97972869873047,73.54590606689453,69.63475799560547,68.44705963134766,68.65857696533203,68.24954223632812,69.23149871826172,67.08203887939453,69.2603759765625,71.0633544921875,71.02816009521484,69.58448028564453
0,-35,-95,11,36,103.73042297363281,107.33592224121094,105.43718719482422,108.72441864013672,102.64988708496094,102.07839965820312,100.80178833007812,98.60020446777344,99.63935089111328,95.90099334716797,97.94896697998047,96.33275604248047,96.16651916503906,93.34880828857422,96.26006317138672,97.0,99.2471694946289,95.90099334716797,102.303466796875,103.07764434814453,101.67103576660156,103.07764434814453,100.5683822631836,104.9952392578125,107.62899017333984,104.13932800292969,99.08582305908203,95.4620361328125,100.44898986816406,91.21951293945312,89.8276138305664,91.21951293945312,89.80534362792969,84.8646011352539,85.6329345703125,79.19596099853516,79.98124694824219,77.8331527709961,77.15568542480469,74.2765121459961,70.93659210205078,72.24956512451172,71.50524139404297,68.11754608154297,68.24954223632812,65.29930877685547,67.62396240234375,68.4105224609375,67.80117797851562,67.23094177246094,67.11929321289062,66.30987548828125
0,-35,-95,11,37,103.73042297363281,102.90287017822266,109.28861236572266,104.29285430908203,104.86181640625,100.68763732910156,101.25709533691406,99.6242904663086,98.22932434082031,96.40020751953125,96.04686737060547,98.59513092041016,94.79451751708984,96.8968505859375,96.17691802978516,96.16651916503906,97.67292022705078,96.2081069946289,102.8250961303711,101.98039245605469,103.96633911132812,103.3924560546875,102.53292083740234,105.418212890625,104.69001770019531,103.94710540771484,99.82484436035156,96.2081069946289,98.41239929199219,93.50936126708984,92.09777069091797,88.72992706298828,90.02777099609375,85.79627227783203,82.46211242675781,82.80096435546875,80.43009185791016,75.92759704589844,77.6208724975586,74.02702331542969,71.21797180175781,72.80110168457031,72.42237091064453,70.80254364013672,69.3397445678711,66.0302963256836,67.95587158203125,65.73431396484375,66.37017059326172,67.97793579101562,67.62396240234375,65.802734375
0,-35,-95,11,37,106.32027435302734,110.44002532958984,108.66921997070312,110.0636215209961,106.04244232177734,106.32027435302734,105.77334594726562,102.61091613769531,103.07764434814453,100.22474670410156,102.39140319824219,100.28459167480469,99.98500061035156,98.61541748046875,99.50376892089844,100.31948852539062,104.07689666748047,100.04499053955078,106.00471496582031,106.00471496582031,106.07544708251953,108.11567687988281,105.1712875366211,109.01834869384766,109.07337188720703,108.22661590576172,106.23088073730469,102.48902130126953,101.59724426269531,99.72462463378906,96.87621307373047,94.64142608642578,92.6552734375,87.82368469238281,88.95504760742188,85.98837280273438,84.71717834472656,79.90619659423828,79.76214599609375,77.78174591064453,74.96665954589844,77.10382843017578,75.80237579345703,71.02112579345703,67.89698028564453,70.21395874023438,70.8307876586914,66.94026947021484,67.35725402832031,70.22820281982422,69.46221923828125,70.8307876586914
0,-35,-95,11,37,107.42439270019531,108.22661590576172,110.46266174316406,109.59014892578125,111.82575988769531,109.123779296875,105.99056243896484,105.67875671386719,104.23531341552734,103.94229125976562,103.94229125976562,101.78899383544922,100.40418243408203,100.68763732910156,100.43903350830078,102.80078125,105.26158142089844,101.82828521728516,105.64563751220703,107.81465911865234,108.37435150146484,109.63575744628906,106.82696533203125,109.4805908203125,112.20071411132812,107.20074462890625,105.43718719482422,104.29285430908203,100.40418243408203,99.04544067382812,94.57801055908203,97.6524429321289,94.86833190917969,92.6498794555664,90.21086120605469,86.09297180175781,84.59905242919922,81.3019027709961,81.12335968017578,77.89736938476562,77.02597045898438,75.13321685791016,75.66372680664062,71.58910369873047,74.30342864990234,70.21395874023438,71.58910369873047,70.68238830566406,70.00714111328125,69.89277648925781,69.85699462890625,70.03570556640625
0,-37,-95,14,25,104.3886947631836,105.385009765625,105.23307800292969,108.5587387084961,103.31021118164062,105.47511291503906,103.31021118164062,100.24469757080078,99.12618255615234,96.02082824707031,98.0051040649414,96.02082824707031,97.1287841796875,96.33275604248047,96.42095184326172,96.6281509399414,98.99494934082031,97.01546478271484,102.77159118652344,101.27191162109375,102.1077880859375,103.24727630615234,100.84146118164062,103.24727630615234,101.83319854736328,101.59724426269531,98.61541748046875,94.42987060546875,96.33275604248047,92.34716796875,92.19544219970703,90.19977569580078,87.14356231689453,83.15046691894531,82.05486297607422,79.10120391845703,79.10120391845703,76.10519409179688,74.06078338623047,73.10950469970703,70.00714111328125,72.02777099609375,67.06713104248047,68.02940368652344,67.00746154785156,66.0,65.0076904296875,65.12296295166016,64.28063201904297,65.4904556274414,64.13267517089844,65.802734375
0,-35,-95,11,37,106.07544708251953,109.0,109.00458526611328,112.07140350341797,109.04127502441406,106.07544708251953,105.0,101.0,100.00499725341797,101.04454803466797,101.04454803466797,99.40824890136719,99.50376892089844,96.87621307373047,97.01546478271484,101.78899383544922,101.78899383544922,100.80674743652344,103.07764434814453,104.78549194335938,107.2800064086914,108.06016540527344,106.53168487548828,106.8877944946289,106.53168487548828,104.93807983398438,103.81714630126953,102.59142303466797,98.73196411132812,98.32598876953125,97.25225067138672,93.34345245361328,92.34716796875,86.37129211425781,88.20430755615234,83.21658325195312,82.09750366210938,79.05693817138672,78.05767059326172,76.00657653808594,74.06078338623047,73.06161499023438,72.00694274902344,73.0,68.0,69.02897644042969,73.10950469970703,69.18092346191406,65.4904556274414,70.85901641845703,67.44627380371094,68.62215423583984
0,-35,-95,12,33,101.0,103.16007232666016,107.51744079589844,106.8877944946289,103.7545166015625,101.60708618164062,103.16007232666016,98.71676635742188,96.10411071777344,97.52947998046875,98.95453643798828,96.84007263183594,97.08243560791016,95.5196304321289,95.07891082763672,96.25486755371094,96.60745239257812,98.38699340820312,100.17984008789062,104.20172882080078,103.31505584716797,105.55093383789062,104.65180206298828,103.31505584716797,102.55242919921875,102.15674591064453,100.7223892211914,98.0866928100586,94.93682098388672,95.34149169921875,90.47099304199219,90.62008666992188,88.76936340332031,86.53900909423828,84.50444030761719,84.15461730957031,79.37883758544922,77.16217041015625,78.43468475341797,72.44998168945312,72.44998168945312,69.07966613769531,70.00714111328125,69.28924560546875,67.67569732666016,68.00735473632812,65.802734375,67.05221557617188,65.51335906982422,67.74215698242188,66.18912506103516,66.0302963256836
0,-35,-95,11,38,106.0,111.01801300048828,112.04016876220703,114.1095962524414,112.21853637695312,109.01834869384766,107.07473754882812,109.00458526611328,102.04410552978516,104.04325866699219,103.23758697509766,101.83319854736328,101.27191162109375,104.08650207519531,103.24727630615234,102.77159118652344,101.63660430908203,101.0,105.99056243896484,109.88175201416016,106.30146026611328,108.25894927978516,107.48953247070312,109.3846435546875,111.83023071289062,107.2800064086914,106.7052001953125,104.39348602294922,103.24727630615234,100.12991333007812,98.31072998046875,94.8946762084961,94.64142608642578,90.44888305664062,92.54188537597656,86.97700500488281,86.70063781738281,82.03657531738281,79.76214599609375,79.07591247558594,75.23961639404297,76.53103637695312,74.4311752319336,71.17584228515625,73.17103576660156,69.18092346191406,70.028564453125,71.0,71.0,74.06078338623047,70.25667572021484,71.19690704345703
0,-35,-95,11,37,109.25199890136719,108.33743286132812,109.77249145507812,110.07270050048828,109.1650161743164,106.8877944946289,106.10372161865234,105.84894561767578,103.07764434814453,97.86214447021484,100.6578369140625,100.5683822631836,100.57833099365234,98.49365234375,99.72462463378906,100.66280364990234,102.59142303466797,101.20276641845703,104.23531341552734,106.0660171508789,102.18121337890625,109.65856170654297,105.32331085205078,106.09900665283203,104.04806518554688,105.99056243896484,102.83968353271484,101.63660430908203,98.23441314697266,99.45853424072266,95.60334777832031,94.9210205078125,90.2496566772461,88.60022735595703,86.40023040771484,85.72631072998047,83.48652648925781,80.95677947998047,76.5506362915039,75.58438873291016,76.843994140625,75.58438873291016,73.68174743652344,72.11102294921875,72.11102294921875,68.70953369140625,69.46221923828125,68.15423583984375,70.21395874023438,71.34423828125,67.67569732666016,69.65629577636719
0,-35,-95,11,37,103.07764434814453,103.46980285644531,104.78549194335938,105.84894561767578,104.3886947631836,102.15674591064453,102.956298828125,98.89894104003906,96.60745239257812,97.49359130859375,96.60745239257812,94.8946762084961,96.04165649414062,94.57801055908203,95.44107818603516,97.20082092285156,97.6166000366211,96.21330261230469,100.89598846435547,102.44998931884766,102.61579132080078,104.01922607421875,100.43903350830078,104.01922607421875,102.64988708496094,103.2279052734375,98.81295776367188,97.90811920166016,97.41663360595703,94.62557983398438,90.42676544189453,90.97252655029297,88.5098876953125,87.98295593261719,85.4400405883789,82.37718200683594,79.4040298461914,76.00657653808594,77.5241928100586,73.49829864501953,72.56031799316406,70.49113464355469,70.49113464355469,69.6419448852539,67.23094177246094,66.73080444335938,66.64083099365234,67.5425796508789,68.54196166992188,67.41661834716797,66.7607650756836,64.93843078613281
0,-35,-95,11,37,107.87029266357422,106.96260833740234,113.03096771240234,108.68302154541016,110.0227279663086,105.32331085205078,106.09900665283203,102.83968353271484,103.07764434814453,103.16007232666016,103.44564056396484,100.88111877441406,101.59232330322266,99.16148376464844,100.46392059326172,102.956298828125,100.22474670410156,102.956298828125,106.0660171508789,105.11898040771484,106.8877944946289,107.35455322265625,106.0235824584961,107.35455322265625,105.60302734375,105.30906677246094,101.76934814453125,102.15674591064453,101.39033508300781,101.0197982788086,93.98403930664062,93.98403930664062,92.11405944824219,89.1964111328125,89.1964111328125,87.28115844726562,84.11896514892578,82.2192153930664,79.69943237304688,76.216796875,76.5375747680664,73.37574768066406,73.37574768066406,71.47027587890625,71.47027587890625,69.42621612548828,67.91170501708984,69.23149871826172,69.87130737304688,72.44308471679688,68.06614685058594,72.17340087890625
0,-35,-95,11,37,106.169677734375,106.169677734375,109.1650161743164,109.37092590332031,106.169677734375,108.22661590576172,105.1712875366211,104.12012481689453,103.07764434814453,97.00515747070312,100.07997131347656,101.17806243896484,98.24967956542969,99.84988403320312,98.61541748046875,98.15293884277344,102.59142303466797,100.43903350830078,104.3455810546875,104.7377700805664,108.06016540527344,108.06016540527344,103.57605743408203,107.70793914794922,106.7052001953125,106.09900665283203,102.59142303466797,99.84988403320312,101.96568298339844,94.76286315917969,97.73944854736328,93.64827728271484,93.53608703613281,87.3670425415039,86.5794448852539,82.49242401123047,81.39410400390625,80.39900207519531,78.31346893310547,78.4091796875,73.33484649658203,72.24956512451172,74.4311752319336,73.24616241455078,70.1783447265625,67.02984619140625,67.02984619140625,69.00724792480469,69.02897644042969,72.24956512451172,69.87130737304688,68.680419921875
0,-35,-95,12,33,105.80170440673828,106.60675048828125,110.42192077636719,107.41508483886719,107.00466918945312,103.6001968383789,104.20172882080078,103.6001968383789,101.67103576660156,100.6578369140625,99.2471694946289,99.03534698486328,98.35140991210938,98.2903823852539,96.8968505859375,100.6578369140625,100.89598846435547,99.35794067382812,103.85566711425781,102.44998931884766,105.75916290283203,107.1680908203125,104.89041900634766,107.29864501953125,108.2450942993164,103.3924560546875,106.15083312988281,101.86265563964844,97.59098052978516,96.16651916503906,94.75231170654297,91.93476104736328,91.93476104736328,89.87213134765625,86.97700500488281,86.27861785888672,82.134033203125,79.98124694824219,77.23341369628906,75.07329559326172,73.10950469970703,72.91776275634766,73.10950469970703,70.43436431884766,71.0633544921875,69.20259857177734,67.80117797851562,71.61005401611328,70.1783447265625,68.47627258300781,68.87670135498047,67.35725402832031
0,-38,-95,14,25,113.0177001953125,112.00446319580078,114.00438690185547,114.01753997802734,112.00446319580078,110.00454711914062,110.0,106.0,106.04244232177734,103.12128448486328,104.17293548583984,103.48429870605469,101.83319854736328,101.96568298339844,101.27191162109375,103.16007232666016,103.81233215332031,103.5857162475586,105.51303100585938,108.17115783691406,108.46658325195312,110.63453674316406,107.48953247070312,111.08555603027344,108.06016540527344,107.07940673828125,105.72132873535156,102.25947570800781,101.27191162109375,98.15293884277344,95.88534545898438,94.76286315917969,93.64827728271484,88.6848373413086,87.46427917480469,84.59314727783203,83.6002426147461,80.39900207519531,79.4040298461914,76.32168579101562,73.33484649658203,73.55270385742188,72.44308471679688,70.25667572021484,69.2603759765625,68.11754608154297,69.065185546875,70.028564453125,68.00735473632812,72.11102294921875,68.4689712524414,69.63475799560547
0,-35,-95,11,38,107.51744079589844,108.2081298828125,108.18965148925781,110.3177261352539,108.93116760253906,104.00480651855469,105.38026428222656,98.99494934082031,99.76472473144531,99.35794067382812,99.2471694946289,99.63935089111328,99.4032211303711,96.83490753173828,101.83319854736328,100.68763732910156,100.16985321044922,101.87246704101562,103.07764434814453,105.47511291503906,104.10091400146484,105.9480972290039,107.070068359375,108.0462875366211,107.37783813476562,105.9480972290039,105.20931243896484,101.40019989013672,99.80982208251953,97.45255279541016,95.42536163330078,94.64142608642578,93.23625946044922,89.64373779296875,88.61715698242188,83.86894226074219,82.46211242675781,82.46211242675781,77.33692169189453,75.92759704589844,71.70076751708984,70.83784484863281,70.93659210205078,72.34638977050781,72.13875579833984,70.00714111328125,70.00714111328125,69.42621612548828,65.0691909790039,69.81404113769531,69.89277648925781,68.42514038085938
0,-37,-95,14,26,108.78418731689453,106.6255111694336,111.6646728515625,109.44404602050781,110.72488403320312,104.06248474121094,105.68821716308594,101.2422866821289,102.14205932617188,102.78618621826172,101.6513671875,101.13851928710938,100.22474670410156,100.80674743652344,96.69022369384766,101.96568298339844,99.50376892089844,101.59724426269531,101.40019989013672,104.58011627197266,105.07616424560547,107.78682708740234,106.0660171508789,105.47511291503906,105.22357177734375,104.39348602294922,101.60708618164062,101.78899383544922,95.52486419677734,96.50906372070312,91.98369598388672,92.96235656738281,92.19544219970703,87.32124328613281,84.40379333496094,84.17243957519531,79.07591247558594,77.36924743652344,78.10249328613281,74.95331573486328,73.24616241455078,70.0927963256836,71.0633544921875,69.12307739257812,67.72000885009766,67.05221557617188,66.40782928466797,67.67569732666016,68.70953369140625,66.70832061767578,65.76473236083984,65.19202423095703
0,-35,-95,11,36,101.843017578125,101.19288635253906,104.04325866699219,99.6242904663086,102.45974731445312,99.72462463378906,98.08159637451172,95.85926818847656,95.5196304321289,96.84007263183594,95.07891082763672,93.62158203125,95.52486419677734,95.18928527832031,92.22798156738281,93.90420532226562,95.42536163330078,97.73944854736328,97.25225067138672,101.71037292480469,100.12991333007812,101.83319854736328,100.9752426147461,101.40019989013672,99.98500061035156,100.28459167480469,96.69022369384766,96.50906372070312,93.5574722290039,91.4111557006836,89.05054473876953,87.55569458007812,88.29496002197266,81.4923324584961,83.24061584472656,80.28075408935547,80.04998779296875,74.95331573486328,71.30918884277344,73.24616241455078,71.30918884277344,69.92138671875,69.37578582763672,65.802734375,64.8459701538086,65.78753662109375,67.41661834716797,67.23094177246094,66.30987548828125,67.11929321289062,66.37017059326172,66.0302963256836
0,-35,-95,11,37,108.22661590576172,108.00463104248047,108.22661590576172,109.20164489746094,106.40018463134766,103.6001968383789,105.43718719482422,104.29285430908203,101.25709533691406,98.79270935058594,98.61541748046875,99.36296844482422,97.49359130859375,96.17691802978516,96.66436767578125,99.80982208251953,102.31813049316406,98.61541748046875,102.88343048095703,102.69371795654297,104.75209045410156,109.00458526611328,106.77546691894531,106.97663116455078,105.47511291503906,106.77546691894531,105.7024154663086,104.21611785888672,97.94386291503906,94.81033325195312,94.3716049194336,92.59049987792969,90.3382568359375,87.66413116455078,87.70974731445312,82.85529327392578,84.11896514892578,77.82672882080078,76.5375747680664,78.29431915283203,72.20111083984375,72.20111083984375,70.71067810058594,68.47627258300781,68.47627258300781,67.23094177246094,67.60177612304688,68.50547790527344,69.065185546875,68.4105224609375,68.01470184326172,67.94115447998047
0,-35,-95,11,38,104.01922607421875,109.0,109.00458526611328,107.00466918945312,106.04244232177734,104.00480651855469,105.07616424560547,102.04410552978516,100.12492370605469,100.12492370605469,100.17984008789062,99.32270812988281,99.84988403320312,98.99494934082031,97.86725616455078,99.82484436035156,100.22474670410156,100.43903350830078,103.07764434814453,105.99056243896484,105.01904296875,107.48953247070312,104.56098937988281,108.25894927978516,106.3672866821289,105.9056167602539,101.27191162109375,100.60317993164062,100.60317993164062,96.17691802978516,93.4344711303711,91.4439697265625,89.67720031738281,89.5600357055664,89.45389556884766,85.21150207519531,82.05486297607422,77.10382843017578,79.05693817138672,75.1065902709961,74.00675964355469,74.1080322265625,74.1080322265625,67.02984619140625,67.11929321289062,68.11754608154297,69.0,68.00735473632812,68.18357849121094,70.45565795898438,66.4906005859375,70.88018035888672
0,-35,-95,11,37,108.24047088623047,106.32027435302734,111.82575988769531,107.96759033203125,108.93116760253906,107.00466918945312,106.32027435302734,104.29285430908203,102.39140319824219,103.7545166015625,103.16007232666016,99.63935089111328,102.956298828125,98.50888061523438,99.40824890136719,101.17806243896484,99.00505065917969,102.07839965820312,104.00480651855469,108.01851654052734,108.04165649414062,110.04090118408203,106.169677734375,109.00458526611328,108.11567687988281,104.30723571777344,102.17631530761719,103.3924560546875,98.24967956542969,99.32270812988281,97.62171936035156,98.41239929199219,93.53608703613281,88.6848373413086,88.95504760742188,87.69264221191406,85.84288024902344,78.77182006835938,79.6303939819336,77.92945861816406,75.95393371582031,72.56031799316406,74.81310272216797,71.19690704345703,69.05070495605469,69.63475799560547,70.8307876586914,70.3420181274414,72.12489318847656,69.89277648925781,70.38465881347656,69.83551788330078
0,-35,-95,11,37,103.24727630615234,103.96633911132812,108.89444732666016,108.2081298828125,105.38026428222656,101.13851928710938,103.24727630615234,98.35140991210938,96.8968505859375,98.49365234375,98.41239929199219,98.59513092041016,97.6166000366211,98.22932434082031,97.6524429321289,98.73702239990234,96.25486755371094,98.97979736328125,102.4743881225586,103.94229125976562,101.71037292480469,105.67875671386719,102.39628601074219,105.67875671386719,103.94229125976562,103.73042297363281,98.73702239990234,99.02020263671875,96.51942443847656,97.08243560791016,91.26335144042969,90.69729614257812,86.53323364257812,87.6584243774414,87.09190368652344,83.23461151123047,81.84130859375,77.42092895507812,76.6093978881836,71.84706115722656,75.0,73.00685119628906,71.84706115722656,68.818603515625,68.818603515625,67.80117797851562,66.84310150146484,67.47592163085938,68.62215423583984,67.17886352539062,69.02897644042969,67.67569732666016
0,-35,-95,11,37,102.31813049316406,105.10946655273438,104.40306854248047,110.13627624511719,102.78618621826172,103.24727630615234,101.0197982788086,97.73944854736328,99.95999145507812,96.84007263183594,94.3716049194336,97.74456787109375,99.04039764404297,95.7078857421875,95.90099334716797,95.63471984863281,99.50376892089844,96.42095184326172,103.3924560546875,103.3924560546875,103.69667053222656,102.70345306396484,100.7174301147461,104.30723571777344,103.48429870605469,102.8250961303711,102.8250961303711,99.14131164550781,98.15293884277344,96.02603912353516,97.01546478271484,92.76313781738281,88.84255981445312,86.88497924804688,83.19855499267578,80.23091888427734,81.21575927734375,77.1297607421875,77.27871704101562,75.50496673583984,71.80529022216797,70.61161041259766,70.61161041259766,71.38627624511719,65.73431396484375,67.44627380371094,68.00735473632812,69.57010650634766,68.62215423583984,70.00714111328125,67.97793579101562,68.50547790527344
0,-35,-95,11,37,111.12605285644531,115.43396759033203,111.6646728515625,116.10340118408203,109.65856170654297,114.1095962524414,110.63453674316406,108.70602416992188,106.52699279785156,106.25440979003906,105.20931243896484,105.11898040771484,101.3558120727539,102.21546173095703,104.8093490600586,102.0,107.78682708740234,102.88343048095703,114.2365951538086,111.40017700195312,109.56732940673828,112.72976684570312,105.99056243896484,112.80514526367188,109.12836456298828,113.6485824584961,107.78682708740234,106.0660171508789,107.35455322265625,99.36296844482422,99.98500061035156,98.1121826171875,95.88013458251953,91.4166259765625,91.4166259765625,86.83317565917969,86.09297180175781,84.2199478149414,81.3019027709961,81.6333236694336,75.29276275634766,79.25907135009766,72.56031799316406,75.47184753417969,74.3303451538086,69.89277648925781,73.81734466552734,71.02816009521484,73.24616241455078,73.87828063964844,72.83543395996094,71.70076751708984
0,-35,-95,11,38,112.04016876220703,116.00431060791016,117.0,117.0,113.0,111.00450134277344,112.00446319580078,109.04127502441406,106.00471496582031,106.01886749267578,107.11676025390625,106.56922912597656,103.94710540771484,105.9292221069336,103.7545166015625,105.11898040771484,109.1421127319336,106.51290893554688,109.3846435546875,114.28472900390625,110.60289001464844,114.2365951538086,111.00450134277344,113.26517486572266,112.78740692138672,114.75626373291016,108.85311126708984,108.34204864501953,106.21205139160156,104.39348602294922,98.85848236083984,98.31072998046875,96.17691802978516,94.5304183959961,92.22798156738281,89.5600357055664,90.19977569580078,81.3019027709961,82.2982406616211,79.4040298461914,79.4040298461914,77.3175277709961,75.1664810180664,77.41446685791016,74.24284362792969,71.0633544921875,74.00675964355469,71.02816009521484,74.00675964355469,73.33484649658203,71.84706115722656,69.92138671875
0,-37,-95,14,26,110.64356994628906,112.61438751220703,112.44998931884766,113.95174407958984,111.80339813232422,110.81967163085938,110.64356994628906,106.3672866821289,105.38026428222656,101.96568298339844,105.80170440673828,103.48429870605469,102.23991394042969,102.12247467041016,103.0436782836914,102.0,105.0428466796875,102.04410552978516,111.07205200195312,109.07337188720703,107.01869201660156,110.01818084716797,106.00471496582031,111.00450134277344,109.00458526611328,109.01834869384766,104.07689666748047,102.17631530761719,103.17460632324219,98.18350219726562,97.41663360595703,95.42536163330078,92.34716796875,90.55384826660156,87.3670425415039,83.48652648925781,83.72574615478516,79.6303939819336,79.07591247558594,76.79192352294922,74.14849853515625,73.68174743652344,71.84706115722656,71.19690704345703,68.88395690917969,69.42621612548828,68.65857696533203,68.65857696533203,68.00735473632812,69.89277648925781,68.94200134277344,66.73080444335938
0,-35,-95,12,33,107.48023223876953,109.60382843017578,108.90362548828125,111.0360336303711,104.65180206298828,107.51744079589844,104.65180206298828,104.66136169433594,104.69001770019531,99.82484436035156,102.068603515625,103.07764434814453,102.00489807128906,100.60317993164062,101.0197982788086,102.08329772949219,106.32967376708984,99.64437103271484,108.90821838378906,105.81587982177734,107.70329284667969,108.22661590576172,103.17460632324219,107.18675231933594,109.0,109.55364227294922,105.43718719482422,100.43903350830078,101.0197982788086,96.83490753173828,98.0051040649414,97.20082092285156,92.00543212890625,89.02246856689453,92.00543212890625,86.05230712890625,85.2760238647461,81.21575927734375,76.69419860839844,80.28075408935547,74.65252685546875,74.81310272216797,73.0,73.10950469970703,67.94115447998047,68.680419921875,68.680419921875,70.72481536865234,67.17886352539062,71.0633544921875,72.00694274902344,69.97142028808594
0,-37,-95,14,25,107.83784484863281,107.35455322265625,111.48542785644531,109.59014892578125,109.1650161743164,105.55093383789062,106.0235824584961,102.956298828125,101.23734283447266,102.69371795654297,101.39033508300781,100.90093994140625,99.6242904663086,99.04039764404297,97.80081939697266,101.13851928710938,99.46356201171875,102.18121337890625,103.7545166015625,105.11898040771484,105.75916290283203,105.32331085205078,106.23088073730469,106.73331451416016,106.48004150390625,103.58088684082031,100.96038818359375,100.28459167480469,96.4624252319336,97.1236343383789,92.34716796875,92.6552734375,90.75791931152344,87.31552124023438,84.75848388671875,83.81526947021484,82.63776397705078,78.18567657470703,74.67261505126953,72.80110168457031,74.09453582763672,70.00714111328125,71.86793518066406,69.07966613769531,68.15423583984375,68.02940368652344,67.11929321289062,67.5425796508789,66.73080444335938,68.79679870605469,65.0,65.19202423095703
0,-35,-95,11,37,107.78682708740234,106.10372161865234,105.99056243896484,106.8877944946289,105.99056243896484,104.65180206298828,104.23531341552734,100.62306213378906,101.96568298339844,96.25486755371094,100.23971557617188,98.97979736328125,98.18350219726562,95.44107818603516,96.02082824707031,99.02020263671875,99.48869323730469,100.42410278320312,101.41498565673828,103.85566711425781,101.82828521728516,104.63746643066406,102.44998931884766,104.20172882080078,104.04325866699219,104.62313079833984,101.60708618164062,99.29753112792969,97.34988403320312,97.90811920166016,93.74433135986328,93.74433135986328,91.92388153076172,87.46427917480469,87.132080078125,84.2199478149414,82.15229797363281,76.66159057617188,77.89736938476562,76.05918884277344,74.79304504394531,71.69379425048828,72.4706802368164,69.83551788330078,68.47627258300781,68.87670135498047,67.11929321289062,68.94200134277344,69.6419448852539,68.3081283569336,66.70832061767578,66.75328063964844
0,-35,-95,11,37,109.55364227294922,113.1591796875,111.01801300048828,113.1591796875,112.07140350341797,109.0,105.39450073242188,105.0,106.01886749267578,101.04454803466797,103.07764434814453,102.068603515625,104.06248474121094,101.86265563964844,103.94710540771484,103.96633911132812,101.23734283447266,98.59513092041016,107.93516540527344,109.34349822998047,107.62899017333984,114.02192687988281,105.55093383789062,111.94641876220703,109.71326446533203,113.21660614013672,108.2450942993164,104.69001770019531,103.23758697509766,102.53292083740234,96.17691802978516,101.82337951660156,94.79451751708984,91.9673843383789,89.9388656616211,89.87213134765625,84.17243957519531,82.87943267822266,81.46778869628906,79.39773559570312,75.28611755371094,76.5767593383789,75.07329559326172,74.5184555053711,73.24616241455078,72.00694274902344,70.60453033447266,73.00685119628906,72.11102294921875,73.24616241455078,70.68238830566406,70.57620239257812
0,-35,-95,11,38,114.03946685791016,116.03878784179688,116.0,116.03878784179688,113.00442504882812,113.0398178100586,111.00450134277344,112.00446319580078,107.0,109.07337188720703,104.07689666748047,105.3043212890625,106.56922912597656,104.93807983398438,104.93807983398438,106.7052001953125,108.06016540527344,107.68936920166016,111.83023071289062,113.35784149169922,112.17842864990234,112.61438751220703,111.62885284423828,113.95174407958984,114.2716064453125,112.14722442626953,111.54371643066406,106.56922912597656,105.47511291503906,104.3886947631836,104.30723571777344,101.17806243896484,97.32933807373047,98.12747192382812,93.08598327636719,92.0869140625,90.022216796875,83.02409362792969,82.05486297607422,81.05553436279297,80.0062484741211,80.0062484741211,78.00640869140625,77.0064926147461,76.00657653808594,74.3303451538086,73.24616241455078,75.1664810180664,75.32595825195312,75.80237579345703,72.2772445678711,72.42237091064453
0,-35,-95,11,38,109.28861236572266,110.38568878173828,115.20850372314453,110.9414291381836,110.9414291381836,110.20889282226562,108.22661590576172,105.20931243896484,103.00485229492188,103.85566711425781,103.85566711425781,101.53324890136719,106.10372161865234,103.3247299194336,104.65180206298828,104.66136169433594,106.21675872802734,102.59142303466797,107.81465911865234,111.1980209350586,110.45361328125,109.71326446533203,108.18965148925781,113.35784149169922,109.60382843017578,107.48953247070312,108.30050659179688,106.07544708251953,102.72779846191406,99.90495300292969,97.18538665771484,99.35794067382812,96.54014587402344,90.02777099609375,89.64373779296875,86.05230712890625,84.81155395507812,82.61961364746094,80.21221923828125,77.20103454589844,76.843994140625,73.00685119628906,73.60027313232422,71.84706115722656,71.84706115722656,70.21395874023438,72.94518280029297,70.72481536865234,69.83551788330078,72.49827575683594,73.00685119628906,72.53275299072266
0,-35,-95,11,37,105.0,106.04244232177734,108.07405090332031,108.00463104248047,103.0436782836914,105.0428466796875,103.07764434814453,100.04499053955078,98.24967956542969,97.32933807373047,99.2471694946289,99.60923767089844,99.60923767089844,96.33794403076172,97.86214447021484,96.54014587402344,101.6513671875,98.95453643798828,102.2007827758789,103.84603881835938,104.54663848876953,104.29285430908203,102.1077880859375,104.29285430908203,106.51290893554688,104.3455810546875,100.66280364990234,99.82484436035156,98.06120300292969,93.38094329833984,95.35198211669922,89.26925659179688,90.93404388427734,86.14522552490234,85.84288024902344,81.74349975585938,82.2982406616211,79.30951690673828,77.3175277709961,76.53103637695312,70.1783447265625,72.17340087890625,69.58448028564453,72.44308471679688,68.35934448242188,66.27216339111328,66.18912506103516,67.02984619140625,67.00746154785156,67.18630981445312,64.93843078613281,69.85699462890625
0,-38,-95,13,29,103.44564056396484,104.9952392578125,106.56922912597656,107.85638427734375,104.40306854248047,101.53324890136719,102.14205932617188,100.24469757080078,98.03060913085938,97.86214447021484,97.14422607421875,95.85405731201172,96.60745239257812,96.15092468261719,94.82615661621094,95.77056121826172,95.52486419677734,96.8968505859375,99.85990142822266,101.2422866821289,101.54801940917969,102.39628601074219,99.4786376953125,102.92716217041016,102.956298828125,103.353759765625,99.36296844482422,96.60227966308594,95.2575454711914,92.59049987792969,91.23595428466797,89.0,86.76404571533203,85.42832946777344,83.25863647460938,80.11241912841797,78.0,74.84651184082031,74.84651184082031,71.69379425048828,70.38465881347656,69.46221923828125,68.15423583984375,66.48307800292969,65.19202423095703,65.19202423095703,65.19202423095703,65.14598846435547,65.0,65.51335906982422,65.4904556274414,64.1248779296875
0,-35,-95,11,36,99.31767272949219,103.36827087402344,102.04410552978516,110.07270050048828,101.63660430908203,101.55294036865234,101.13357543945312,98.48857879638672,95.4620361328125,94.33981323242188,93.60555267333984,92.04889678955078,97.52947998046875,94.3716049194336,92.89241027832031,94.3663101196289,96.33794403076172,94.3663101196289,99.14131164550781,101.43470764160156,99.82484436035156,101.78899383544922,100.0199966430664,102.42070007324219,101.78899383544922,101.20276641845703,98.27003479003906,95.56673431396484,97.98469543457031,88.5268325805664,90.70832061767578,91.21403503417969,87.93179321289062,87.36132049560547,83.81526947021484,80.36167907714844,79.05693817138672,77.6208724975586,74.3303451538086,75.0,68.62215423583984,69.57010650634766,67.05221557617188,68.62215423583984,64.62197875976562,66.48307800292969,65.92420196533203,65.92420196533203,65.30696868896484,67.11929321289062,65.51335906982422,67.47592163085938
0,-35,-95,11,37,104.21611785888672,108.6876220703125,110.92339324951172,112.72976684570312,108.7474136352539,103.36827087402344,104.3886947631836,103.61949920654297,101.76934814453125,102.88343048095703,100.24469757080078,100.57833099365234,101.2422866821289,100.16985321044922,98.48857879638672,100.43903350830078,100.28459167480469,99.82484436035156,105.54619598388672,105.22357177734375,105.72132873535156,107.68936920166016,102.77159118652344,107.20074462890625,108.25894927978516,104.3455810546875,103.16007232666016,100.42410278320312,100.66280364990234,98.71676635742188,96.31718444824219,95.60334777832031,90.2496566772461,90.52071380615234,89.28605651855469,83.6779556274414,81.32035064697266,81.04319763183594,80.08120727539062,78.58753204345703,73.08214569091797,71.84010314941406,75.28611755371094,70.51950073242188,70.51950073242188,68.94925689697266,70.21395874023438,70.93659210205078,72.09021759033203,69.77105712890625,70.8307876586914,68.00735473632812
0,-38,-95,13,29,107.93516540527344,106.6208267211914,110.86027526855469,109.25199890136719,109.25199890136719,104.27847290039062,105.19029998779297,102.956298828125,101.76934814453125,101.39033508300781,100.5683822631836,97.71898651123047,98.76234436035156,98.49365234375,97.52947998046875,100.0199966430664,98.31072998046875,101.78899383544922,102.59142303466797,104.13932800292969,104.78549194335938,106.30146026611328,104.78549194335938,106.09900665283203,104.78549194335938,105.26158142089844,100.68763732910156,100.96038818359375,97.52947998046875,96.5660400390625,91.39474487304688,92.02716827392578,88.86506652832031,87.31552124023438,85.09406280517578,82.54090118408203,80.65357971191406,78.18567657470703,74.67261505126953,72.23572540283203,72.23572540283203,69.07966613769531,70.00714111328125,68.54196166992188,66.70832061767578,65.30696868896484,65.7419204711914,66.18912506103516,67.60177612304688,67.41661834716797,65.0,65.11528015136719
0,-38,-95,14,26,107.2800064086914,107.93516540527344,111.1980209350586,107.2800064086914,107.93516540527344,105.01904296875,105.99056243896484,102.39140319824219,101.20276641845703,100.44898986816406,101.11874389648438,100.4987564086914,99.2471694946289,99.2471694946289,97.25225067138672,100.07997131347656,100.0199966430664,99.04544067382812,103.00485229492188,105.01904296875,104.04325866699219,106.04244232177734,105.01904296875,106.00471496582031,104.04325866699219,103.17460632324219,101.40019989013672,98.41239929199219,97.62171936035156,97.86725616455078,92.9139404296875,90.93404388427734,90.93404388427734,87.132080078125,84.34452819824219,83.02409362792969,82.20097351074219,76.11833190917969,75.13321685791016,72.36711883544922,71.58910369873047,69.23149871826172,69.42621612548828,68.65857696533203,66.94026947021484,67.18630981445312,65.52098846435547,66.0984115600586,66.40782928466797,67.779052734375,65.30696868896484,65.51335906982422
0,-37,-95,13,29,105.5367202758789,105.5367202758789,106.48004150390625,108.46658325195312,103.36827087402344,104.04806518554688,101.63660430908203,100.66280364990234,99.20181274414062,96.16651916503906,98.37174224853516,96.79875946044922,96.93296813964844,98.0866928100586,95.34149169921875,94.81033325195312,97.06183624267578,96.60227966308594,101.212646484375,102.4743881225586,101.53324890136719,103.76897430419922,99.29753112792969,102.956298828125,102.88343048095703,102.41581726074219,101.07917785644531,96.17691802978516,96.17691802978516,93.52005004882812,92.19544219970703,88.63971710205078,86.92525482177734,85.23497009277344,83.93450164794922,79.84986114501953,77.6208724975586,75.23961639404297,74.09453582763672,73.16419982910156,70.00714111328125,68.70953369140625,67.23094177246094,68.70953369140625,63.90618133544922,64.8459701538086,66.73080444335938,64.8459701538086,65.52098846435547,65.51335906982422,65.76473236083984,65.12296295166016
0,-35,-95,11,38,107.00466918945312,109.20164489746094,108.15729522705078,109.63575744628906,106.60675048828125,109.20164489746094,107.00466918945312,103.74005889892578,102.78618621826172,100.30453491210938,99.36800384521484,99.92497253417969,98.84330749511719,97.94386291503906,100.64790344238281,98.88377380371094,100.84642028808594,99.98500061035156,104.8475112915039,106.32967376708984,106.0,106.0,103.94229125976562,108.22661590576172,107.18675231933594,104.31682586669922,105.30906677246094,102.42070007324219,103.44564056396484,97.06183624267578,98.83824920654297,94.3716049194336,91.67878723144531,87.20664978027344,87.23531341552734,83.67198181152344,82.3468246459961,82.3468246459961,79.7057113647461,76.92203521728516,71.17584228515625,75.64390563964844,72.01388549804688,72.09021759033203,70.00714111328125,66.73080444335938,69.07966613769531,68.62215423583984,69.57010650634766,70.60453033447266,70.61161041259766,71.25306701660156
0,-35,-95,11,38,114.40279388427734,114.6211166381836,118.06777954101562,116.2497329711914,113.81124877929688,113.60017395019531,111.40017700195312,112.00446319580078,110.2587890625,107.93516540527344,106.4048843383789,105.55093383789062,106.77546691894531,106.07544708251953,106.8316421508789,106.30146026611328,107.1680908203125,108.46658325195312,110.60289001464844,112.29425811767578,112.29425811767578,117.15374755859375,114.76933288574219,112.04463195800781,114.76933288574219,112.53887939453125,108.93116760253906,106.77546691894531,106.77546691894531,105.36128234863281,103.94710540771484,99.76472473144531,99.7045669555664,95.52486419677734,94.17536926269531,91.28527069091797,88.5268325805664,86.37129211425781,82.32861328125,80.91971588134766,78.8733139038086,79.64923095703125,79.64923095703125,78.24320983886719,74.02702331542969,74.20242309570312,76.40026092529297,75.45197296142578,73.49829864501953,76.15773010253906,74.32361602783203,72.42237091064453
0,-35,-95,11,37,104.01922607421875,105.0047607421875,108.01851654052734,106.00471496582031,104.00480651855469,103.01941680908203,100.0199966430664,98.0051040649414,101.04454803466797,98.32598876953125,98.18350219726562,98.41239929199219,95.75489807128906,95.18928527832031,94.72592163085938,97.29337310791016,97.98469543457031,99.20181274414062,100.96038818359375,102.88343048095703,102.35721588134766,105.51303100585938,101.86756134033203,102.35721588134766,105.5367202758789,102.77159118652344,99.2471694946289,99.04039764404297,96.33794403076172,95.18928527832031,91.78779602050781,92.39588928222656,92.07062530517578,85.32877349853516,86.83317565917969,82.87339782714844,81.61495208740234,77.5241928100586,76.65507507324219,73.55270385742188,70.57620239257812,69.87130737304688,70.57620239257812,68.35934448242188,65.37583923339844,66.27216339111328,66.18912506103516,66.18912506103516,66.00757598876953,68.11754608154297,64.49806213378906,67.6830825805664
0,-35,-95,11,38,110.9414291381836,110.07270050048828,111.40017700195312,113.14591979980469,113.60017395019531,110.07270050048828,109.25199890136719,103.87010955810547,105.30906677246094,103.46980285644531,102.69371795654297,101.95096588134766,104.04325866699219,102.14205932617188,103.74005889892578,102.88343048095703,104.13932800292969,105.01904296875,107.68936920166016,111.98660278320312,108.46658325195312,111.40017700195312,108.17115783691406,110.35397338867188,111.12605285644531,111.12605285644531,107.00466918945312,107.56393432617188,103.09219360351562,98.03060913085938,98.68130493164062,96.76776123046875,93.30059051513672,92.97311401367188,90.82400512695312,86.64871978759766,85.23497009277344,82.85529327392578,81.43709564208984,78.54934692382812,75.7693862915039,74.32361602783203,71.30918884277344,73.82411193847656,72.23572540283203,70.26378631591797,71.17584228515625,72.01388549804688,69.83551788330078,71.02816009521484,70.60453033447266,71.4212875366211
0,-38,-95,13,29,106.01886749267578,106.01886749267578,111.25196838378906,107.41508483886719,107.41508483886719,105.20931243896484,104.29285430908203,102.34255981445312,100.12492370605469,100.70252990722656,101.2422866821289,99.4786376953125,98.0051040649414,97.06183624267578,94.81033325195312,100.7223892211914,98.61541748046875,101.63660430908203,102.88343048095703,104.177734375,104.54663848876953,104.92378234863281,103.87010955810547,105.7024154663086,104.65180206298828,103.31505584716797,100.64790344238281,98.41239929199219,94.82615661621094,95.7131118774414,90.91754150390625,93.05912017822266,89.06739044189453,85.95928955078125,85.08818817138672,83.86298370361328,80.70935821533203,77.69813537597656,74.88658142089844,73.24616241455078,71.56116485595703,70.72481536865234,70.72481536865234,67.67569732666016,67.95587158203125,66.2872543334961,66.0302963256836,67.20118713378906,65.94694519042969,65.76473236083984,64.44377136230469,64.40496826171875
0,-35,-95,11,37,105.75916290283203,108.46658325195312,111.40017700195312,107.2800064086914,104.78549194335938,105.5367202758789,102.61091613769531,104.78549194335938,98.71676635742188,97.86725616455078,99.84988403320312,100.40418243408203,100.12492370605469,100.0199966430664,99.04544067382812,101.04454803466797,101.00495147705078,98.0,104.04325866699219,104.00480651855469,105.0,108.0,106.0,106.04244232177734,105.0047607421875,104.07689666748047,104.07689666748047,100.24469757080078,100.4987564086914,97.32933807373047,95.52486419677734,92.54188537597656,92.43917083740234,88.6848373413086,87.69264221191406,83.6002426147461,81.74349975585938,77.5241928100586,77.78174591064453,77.10382843017578,74.3303451538086,72.99314880371094,70.85901641845703,70.85901641845703,69.23149871826172,66.4906005859375,66.70832061767578,68.680419921875,67.05221557617188,69.6419448852539,66.70832061767578,70.8307876586914
0,-35,-95,11,37,102.44998931884766,106.52699279785156,105.11898040771484,109.123779296875,103.5857162475586,102.8250961303711,98.71676635742188,99.48869323730469,100.89598846435547,97.20082092285156,98.22932434082031,95.69221496582031,94.87360382080078,95.38343811035156,98.88377380371094,93.94147491455078,97.49359130859375,96.15092468261719,102.55242919921875,101.07917785644531,102.45974731445312,105.55093383789062,101.53324890136719,104.27847290039062,105.11898040771484,103.353759765625,98.88377380371094,98.1121826171875,99.4786376953125,92.28217315673828,94.66783905029297,90.04998779296875,88.83692932128906,87.98295593261719,85.98255920410156,80.4549560546875,81.27114868164062,77.38862609863281,76.843994140625,77.38862609863281,71.84706115722656,72.67048645019531,69.3397445678711,71.61005401611328,68.818603515625,68.4105224609375,66.21932983398438,66.84310150146484,65.85590362548828,68.59300231933594,67.26811981201172,68.50547790527344
0,-35,-95,11,36,107.51744079589844,105.54619598388672,107.05606079101562,103.4069595336914,104.39348602294922,105.38026428222656,102.42070007324219,99.29753112792969,98.99494934082031,100.60317993164062,99.50376892089844,96.13011932373047,99.0,95.00526428222656,94.0,100.0199966430664,97.25225067138672,99.2471694946289,102.59142303466797,104.3886947631836,103.17460632324219,106.23088073730469,104.12012481689453,104.3886947631836,103.12128448486328,103.0436782836914,101.0,101.0197982788086,97.00515747070312,97.0,94.02127075195312,92.13577270507812,90.13877868652344,86.09297180175781,87.28115844726562,84.148681640625,85.09406280517578,75.1065902709961,75.1065902709961,73.33484649658203,74.24284362792969,73.10950469970703,71.25306701660156,69.46221923828125,69.46221923828125,68.59300231933594,66.61080932617188,67.08203887939453,66.4906005859375,66.48307800292969,68.3520278930664,66.64083099365234
0,-35,-95,11,37,104.69479370117188,105.99056243896484,106.45186614990234,106.45186614990234,101.98039245605469,103.31505584716797,102.85912322998047,101.13357543945312,97.50897216796875,97.14422607421875,95.5196304321289,97.71898651123047,96.5660400390625,95.33625030517578,95.07891082763672,99.2471694946289,97.86214447021484,99.04039764404297,101.27191162109375,100.22474670410156,104.56098937988281,105.75916290283203,104.13932800292969,103.24727630615234,101.78899383544922,104.78549194335938,100.68763732910156,100.68763732910156,95.33625030517578,93.14505004882812,88.8875732421875,90.13877868652344,88.54377746582031,87.59566497802734,86.64871978759766,81.90848541259766,81.60882568359375,77.49193572998047,76.843994140625,72.73238372802734,70.22820281982422,70.22820281982422,67.67569732666016,68.15423583984375,68.94925689697266,67.23094177246094,67.5425796508789,67.97793579101562,66.18912506103516,68.0,65.0,65.4369888305664
0,-35,-95,11,37,107.41508483886719,106.01886749267578,110.0,108.22661590576172,108.22661590576172,105.68348693847656,104.62313079833984,102.2007827758789,99.6242904663086,102.44998931884766,101.212646484375,99.2471694946289,99.76472473144531,100.41912078857422,96.87621307373047,105.418212890625,99.15644073486328,99.90495300292969,102.94173431396484,104.13932800292969,106.15083312988281,106.8877944946289,108.2081298828125,107.81465911865234,106.8316421508789,106.15083312988281,101.17806243896484,104.66136169433594,101.91172790527344,99.72462463378906,97.0,95.13148498535156,95.01578521728516,90.02777099609375,87.45856475830078,85.2760238647461,83.24061584472656,82.2192153930664,76.216796875,76.40026092529297,76.6093978881836,73.40980529785156,74.02702331542969,70.80254364013672,68.818603515625,69.63475799560547,68.24221801757812,68.79679870605469,69.83551788330078,69.31810760498047,69.46221923828125,67.35725402832031
0,-35,-95,11,37,106.07544708251953,110.04090118408203,110.0,106.23088073730469,110.07270050048828,104.12012481689453,108.01851654052734,100.00499725341797,101.00495147705078,103.00485229492188,101.04454803466797,103.17460632324219,100.31948852539062,98.50888061523438,99.98500061035156,102.77159118652344,101.20276641845703,101.20276641845703,103.81233215332031,105.5367202758789,105.72132873535156,110.63453674316406,110.81967163085938,109.83624267578125,110.47624206542969,104.08650207519531,105.54619598388672,102.956298828125,100.7174301147461,100.84146118164062,97.62171936035156,95.42536163330078,94.5304183959961,91.4439697265625,90.44888305664062,88.36288452148438,84.2140121459961,81.22191619873047,79.05693817138672,76.10519409179688,77.16217041015625,77.05841827392578,77.23341369628906,75.1664810180664,70.06425476074219,70.0,67.00746154785156,72.02777099609375,70.11418914794922,70.71067810058594,69.23149871826172,67.72000885009766
0,-35,-95,11,36,104.13932800292969,104.13932800292969,109.44404602050781,103.4069595336914,105.11898040771484,100.0199966430664,100.80674743652344,100.43903350830078,98.48857879638672,99.68952178955078,98.37174224853516,95.81753540039062,97.40636444091797,95.4620361328125,93.40770721435547,100.31948852539062,97.57561492919922,99.80982208251953,100.64790344238281,101.55294036865234,103.36827087402344,103.46980285644531,102.88343048095703,104.69479370117188,105.30906677246094,102.956298828125,101.0197982788086,101.59232330322266,96.13532257080078,93.98403930664062,92.6552734375,91.76055908203125,89.84430694580078,87.36132049560547,84.48076629638672,83.81526947021484,79.12016296386719,80.77747344970703,76.24303436279297,74.46475982666016,70.60453033447266,69.85699462890625,70.3420181274414,69.12307739257812,69.63475799560547,66.70832061767578,65.11528015136719,66.48307800292969,67.26811981201172,68.18357849121094,66.00757598876953,65.19202423095703
0,-35,-95,11,37,111.07205200195312,111.01801300048828,111.07205200195312,115.06954193115234,110.04090118408203,110.11357879638672,110.11357879638672,106.04244232177734,105.0047607421875,104.00480651855469,104.01922607421875,103.23758697509766,104.8093490600586,101.96568298339844,103.81714630126953,104.56098937988281,104.92378234863281,103.7545166015625,106.51290893554688,110.63453674316406,108.25894927978516,112.96902465820312,106.7052001953125,112.37882232666016,109.83624267578125,112.61438751220703,110.16805267333984,104.8093490600586,104.47966003417969,102.59142303466797,98.61541748046875,98.32598876953125,98.50888061523438,93.19334411621094,93.13430786132812,88.27796936035156,84.2140121459961,81.1541748046875,82.15229797363281,78.16009521484375,78.05767059326172,78.10249328613281,75.02666473388672,77.02597045898438,73.00685119628906,72.02777099609375,70.0,73.17103576660156,69.35416412353516,74.4311752319336,72.99314880371094,73.08214569091797
0,-35,-95,11,37,105.11898040771484,107.91200256347656,108.75660705566406,108.72441864013672,108.75660705566406,104.56098937988281,105.47511291503906,98.27003479003906,103.44564056396484,102.0,100.23971557617188,101.07422637939453,100.7223892211914,99.5389404296875,100.46392059326172,101.95096588134766,100.57833099365234,102.78618621826172,101.92153930664062,105.08092498779297,106.90182495117188,109.76793670654297,107.51744079589844,109.11003875732422,106.28263854980469,107.91200256347656,104.75209045410156,100.90093994140625,101.843017578125,98.79270935058594,96.79875946044922,92.4770278930664,93.23089599609375,87.72685241699219,86.53900909423828,86.16263580322266,83.25863647460938,78.92401123046875,79.7057113647461,76.15773010253906,75.64390563964844,72.61542510986328,74.32361602783203,70.68238830566406,69.85699462890625,69.31810760498047,66.64833068847656,69.35416412353516,71.86793518066406,71.28113555908203,69.65629577636719,67.88224792480469
0,-37,-95,14,26,109.29318237304688,108.45275115966797,110.9414291381836,108.45275115966797,108.45275115966797,105.68821716308594,106.23088073730469,104.00961303710938,102.90287017822266,102.2007827758789,100.60317993164062,101.67103576660156,99.90495300292969,99.15644073486328,98.41239929199219,102.55242919921875,100.4987564086914,101.17806243896484,102.72779846191406,104.80458068847656,106.07544708251953,106.8316421508789,106.79419708251953,108.97705841064453,106.0660171508789,106.0660171508789,102.55242919921875,100.44898986816406,99.08582305908203,96.2081069946289,93.50936126708984,93.50936126708984,90.78546142578125,87.32124328613281,86.55634307861328,83.73768615722656,81.56592559814453,77.33692169189453,75.92759704589844,73.87828063964844,73.87828063964844,70.29224395751953,71.84010314941406,69.02897644042969,69.20259857177734,66.61080932617188,68.00735473632812,67.67569732666016,67.74215698242188,67.11929321289062,67.5425796508789,66.73080444335938
0,-35,-95,11,37,110.63453674316406,110.63453674316406,110.63453674316406,112.37882232666016,107.70793914794922,107.48953247070312,107.07940673828125,106.7052001953125,104.7377700805664,98.0051040649414,102.1077880859375,99.40824890136719,98.12747192382812,101.07917785644531,97.02061462402344,101.00495147705078,103.07764434814453,101.04454803466797,105.1712875366211,106.169677734375,105.07616424560547,108.04165649414062,105.0428466796875,110.11357879638672,110.01818084716797,109.0,104.01922607421875,104.04325866699219,102.04410552978516,100.0199966430664,97.1287841796875,94.13288116455078,95.08417510986328,90.19977569580078,90.27181243896484,86.05230712890625,84.148681640625,81.22191619873047,79.22752380371094,77.23341369628906,76.16429901123047,76.2364730834961,73.10950469970703,72.3394775390625,72.3394775390625,70.1783447265625,70.57620239257812,68.88395690917969,70.40596771240234,71.56814575195312,72.12489318847656,70.26378631591797
0,-35,-95,11,37,106.52699279785156,105.75916290283203,108.37435150146484,109.63575744628906,108.70602416992188,106.4048843383789,103.71113586425781,104.35037231445312,100.4987564086914,99.03534698486328,99.72462463378906,101.17806243896484,99.15644073486328,99.2471694946289,99.48869323730469,101.04454803466797,101.60708618164062,103.00485229492188,105.68348693847656,106.01886749267578,105.80170440673828,108.60018157958984,104.8093490600586,109.0,107.61505126953125,104.48445129394531,105.11898040771484,102.8250961303711,100.76705932617188,97.08243560791016,97.83660125732422,96.2081069946289,95.52486419677734,91.21951293945312,86.26702880859375,85.5628433227539,87.04596710205078,79.90619659423828,79.19596099853516,77.78174591064453,74.96665954589844,72.83543395996094,72.83543395996094,70.00714111328125,67.89698028564453,67.35725402832031,66.70832061767578,70.60453033447266,68.4105224609375,69.065185546875,69.35416412353516,70.26378631591797
0,-35,-95,11,37,103.16007232666016,105.9480972290039,104.40306854248047,105.08092498779297,102.88343048095703,103.09219360351562,100.57833099365234,101.53324890136719,93.30059051513672,96.2081069946289,96.25486755371094,97.08243560791016,94.3663101196289,96.17691802978516,95.29428100585938,95.88013458251953,97.09788513183594,96.5660400390625,100.95543670654297,101.78899383544922,102.92716217041016,104.8475112915039,102.62553405761719,106.53168487548828,102.39628601074219,104.9571304321289,100.4987564086914,98.88377380371094,98.48857879638672,91.78779602050781,93.94147491455078,90.78546142578125,89.0,85.42247772216797,84.9705810546875,81.39410400390625,81.43709564208984,75.58438873291016,72.89718627929688,73.79024505615234,72.44998168945312,69.35416412353516,67.5425796508789,68.44705963134766,67.62396240234375,68.54196166992188,64.62197875976562,68.00735473632812,66.0984115600586,66.7607650756836,68.06614685058594,66.48307800292969
0,-35,-95,11,37,106.10372161865234,105.38026428222656,107.51744079589844,106.8877944946289,106.15083312988281,102.59142303466797,101.31633758544922,100.5683822631836,99.48869323730469,100.89598846435547,97.6166000366211,96.40020751953125,99.86490631103516,95.71833801269531,96.3846435546875,98.61541748046875,97.49359130859375,98.41239929199219,103.7545166015625,104.20172882080078,104.23531341552734,105.99056243896484,104.20172882080078,107.35455322265625,106.94390869140625,106.0660171508789,99.36296844482422,99.98500061035156,98.48857879638672,95.88013458251953,94.15412902832031,92.28217315673828,90.21086120605469,88.83692932128906,85.4400405883789,83.86298370361328,80.70935821533203,76.5506362915039,75.45197296142578,73.24616241455078,73.7834701538086,70.72481536865234,73.06161499023438,71.02816009521484,68.50547790527344,66.61080932617188,68.24221801757812,64.40496826171875,66.70832061767578,69.3108901977539,67.89698028564453,68.60028839111328
0,-35,-95,11,37,107.68936920166016,109.4897232055664,111.1980209350586,109.83624267578125,107.51744079589844,104.23531341552734,106.7052001953125,104.7377700805664,104.3455810546875,100.66280364990234,101.13851928710938,99.45853424072266,100.90093994140625,102.31813049316406,99.6242904663086,101.76934814453125,102.15674591064453,100.31948852539062,103.31505584716797,106.0235824584961,106.23088073730469,110.16805267333984,108.07867431640625,108.6876220703125,105.7024154663086,106.77546691894531,103.81714630126953,103.61949920654297,100.08995819091797,101.59232330322266,92.97311401367188,94.86833190917969,92.6552734375,89.4930191040039,87.93179321289062,87.28115844726562,81.60882568359375,81.60882568359375,78.10890197753906,77.20103454589844,75.0,72.42237091064453,76.24303436279297,72.12489318847656,68.65857696533203,67.91170501708984,68.24954223632812,69.23149871826172,70.71067810058594,68.26419067382812,69.02897644042969,68.26419067382812
0,-35,-95,11,37,106.169677734375,106.30146026611328,110.16351318359375,108.29589080810547,105.23307800292969,105.23307800292969,108.29589080810547,103.17460632324219,100.07997131347656,102.0,101.0,102.07839965820312,100.24469757080078,99.40824890136719,97.73944854736328,100.84146118164062,103.94229125976562,103.24727630615234,104.3455810546875,106.09900665283203,105.11898040771484,108.06016540527344,105.9056167602539,107.2800064086914,104.56098937988281,109.17874908447266,106.0660171508789,104.93807983398438,97.01546478271484,98.73196411132812,94.64142608642578,93.4344711303711,92.54188537597656,90.44888305664062,87.3670425415039,85.47514343261719,83.15046691894531,79.22752380371094,80.39900207519531,77.3175277709961,75.1664810180664,73.24616241455078,70.34912872314453,70.1783447265625,69.065185546875,68.06614685058594,70.0,70.00714111328125,68.02940368652344,70.45565795898438,66.91038513183594,68.680419921875
0,-35,-95,11,37,106.9205322265625,112.00892639160156,108.77959442138672,112.64102172851562,104.8093490600586,109.4897232055664,106.0660171508789,104.23531341552734,100.80674743652344,100.62306213378906,102.39140319824219,99.45853424072266,102.88343048095703,100.57833099365234,101.19288635253906,101.0197982788086,104.92378234863281,103.07764434814453,104.78549194335938,108.85311126708984,109.00458526611328,108.63240814208984,107.33592224121094,109.65856170654297,108.2681884765625,109.7861557006836,105.3043212890625,102.45974731445312,104.35516357421875,99.32774353027344,97.41663360595703,98.08159637451172,95.60334777832031,89.5600357055664,89.9888916015625,85.4400405883789,85.16454315185547,78.58753204345703,78.64476776123047,79.12016296386719,74.46475982666016,72.53275299072266,71.84010314941406,73.75635528564453,68.65857696533203,69.63475799560547,67.26811981201172,69.87130737304688,69.58448028564453,70.1783447265625,70.028564453125,69.35416412353516
0,-35,-95,11,37,106.73799896240234,107.00466918945312,111.08555603027344,108.41586303710938,108.66921997070312,104.54663848876953,104.29285430908203,102.83968353271484,102.61091613769531,100.62306213378906,100.28459167480469,99.84988403320312,99.50376892089844,100.31948852539062,98.12747192382812,101.0,103.0436782836914,102.0,104.07689666748047,105.07616424560547,105.0,109.07337188720703,106.00471496582031,109.01834869384766,106.0,103.01941680908203,104.00480651855469,103.01941680908203,99.0,99.02020263671875,94.08506774902344,93.02149963378906,93.02149963378906,92.34716796875,88.20430755615234,85.28775024414062,84.38008880615234,79.30951690673828,77.3175277709961,77.3175277709961,75.1664810180664,70.25667572021484,72.17340087890625,70.1783447265625,69.35416412353516,68.59300231933594,69.46221923828125,69.46221923828125,68.24954223632812,67.44627380371094,69.57010650634766,67.23094177246094
0,-37,-95,14,25,105.99056243896484,109.123779296875,106.92988586425781,109.56732940673828,105.0951919555664,105.99056243896484,103.7545166015625,101.55294036865234,102.45974731445312,96.25486755371094,99.16148376464844,97.73944854736328,97.41663360595703,97.80081939697266,98.49365234375,97.01546478271484,100.66280364990234,98.27003479003906,102.9611587524414,102.39140319824219,103.81233215332031,104.78549194335938,102.1077880859375,105.32331085205078,104.04806518554688,104.54663848876953,101.6513671875,98.08159637451172,99.32774353027344,93.96276092529297,91.7060546875,91.08238220214844,89.8109130859375,86.37708282470703,85.79627227783203,80.99382781982422,78.77182006835938,76.89603424072266,74.67261505126953,73.73601531982422,70.93659210205078,70.00714111328125,67.41661834716797,67.23094177246094,68.15423583984375,64.47480010986328,64.88451385498047,65.7419204711914,63.95310592651367,66.37017059326172,66.0302963256836,65.19202423095703
0,-35,-95,11,37,106.47064971923828,105.68348693847656,112.75193786621094,110.54862976074219,109.65856170654297,104.47966003417969,108.5587387084961,101.49384307861328,102.956298828125,100.62306213378906,99.98500061035156,101.0,99.20181274414062,101.13851928710938,100.68763732910156,101.19288635253906,100.90093994140625,102.14205932617188,103.24727630615234,105.84894561767578,107.22406768798828,109.7861557006836,106.90182495117188,106.6255111694336,105.6503677368164,104.69479370117188,104.40306854248047,103.44564056396484,99.72462463378906,97.74456787109375,97.26766967773438,94.3716049194336,94.3663101196289,89.8220443725586,88.76936340332031,85.90692901611328,82.03657531738281,78.44743347167969,77.46611785888672,76.48529052734375,75.50496673583984,74.14849853515625,74.96665954589844,73.16419982910156,71.02112579345703,69.58448028564453,69.46221923828125,69.46221923828125,67.00746154785156,70.0,69.1158447265625,66.2872543334961
0,-35,-95,11,38,106.10372161865234,109.1650161743164,108.7474136352539,111.48542785644531,107.83784484863281,107.42439270019531,104.69479370117188,100.7223892211914,100.17984008789062,99.76472473144531,101.53324890136719,96.8968505859375,101.78899383544922,97.90811920166016,99.29753112792969,98.0051040649414,100.89598846435547,101.04454803466797,105.26158142089844,104.48445129394531,107.61505126953125,109.63575744628906,106.60675048828125,107.61505126953125,108.22661590576172,108.46658325195312,102.90287017822266,98.73702239990234,101.78899383544922,95.41488647460938,96.25486755371094,95.18928527832031,92.96235656738281,90.42676544189453,87.32124328613281,85.58621215820312,83.72574615478516,79.4040298461914,78.39005279541016,77.02597045898438,74.4311752319336,72.4706802368164,71.11962127685547,72.89718627929688,71.5541763305664,68.87670135498047,68.94200134277344,69.85699462890625,68.62215423583984,71.16881561279297,69.85699462890625,67.47592163085938
0,-35,-95,12,33,104.78549194335938,110.21796417236328,104.56098937988281,106.30146026611328,104.13932800292969,104.3455810546875,105.54619598388672,99.84988403320312,99.98500061035156,96.51942443847656,99.29753112792969,99.84988403320312,99.12618255615234,98.18350219726562,97.04637908935547,98.0,100.0199966430664,99.04544067382812,102.07839965820312,103.23758697509766,103.17460632324219,109.11461639404297,103.00485229492188,108.01851654052734,105.0047607421875,106.04244232177734,103.0,100.24469757080078,99.12618255615234,97.04637908935547,92.34716796875,92.26592254638672,93.19334411621094,87.3670425415039,86.28441619873047,84.48076629638672,82.49242401123047,80.8949966430664,78.77182006835938,74.81310272216797,72.99314880371094,73.68174743652344,69.58448028564453,69.87130737304688,69.72087097167969,66.91038513183594,68.24954223632812,67.91170501708984,68.680419921875,68.94925689697266,68.02940368652344,68.47627258300781
0,-37,-95,14,25,105.01904296875,104.04806518554688,107.96759033203125,105.51303100585938,105.26158142089844,102.1077880859375,102.35721588134766,99.72462463378906,99.6242904663086,98.08159637451172,97.80081939697266,97.71898651123047,96.79875946044922,95.4620361328125,95.34149169921875,96.15092468261719,96.17691802978516,97.06183624267578,98.97979736328125,102.956298828125,102.0,103.83159637451172,101.98039245605469,103.31021118164062,104.27847290039062,101.63660430908203,101.13357543945312,99.80982208251953,94.93682098388672,93.62158203125,91.54779815673828,89.69392395019531,87.09190368652344,85.4400405883789,84.50444030761719,81.59656524658203,79.05693817138672,76.5375747680664,75.58438873291016,71.47027587890625,69.89277648925781,68.00735473632812,68.94925689697266,67.35725402832031,64.8459701538086,63.89052963256836,64.03124237060547,65.0,64.93843078613281,65.6201171875,65.12296295166016,64.07027435302734
0,-35,-95,12,33,106.60675048828125,104.69479370117188,107.20541381835938,108.24047088623047,106.04244232177734,105.36128234863281,103.44564056396484,103.4069595336914,100.5683822631836,99.72462463378906,97.86214447021484,100.84642028808594,99.00505065917969,101.07917785644531,98.83824920654297,103.353759765625,100.84642028808594,102.4743881225586,105.81587982177734,105.67875671386719,105.19029998779297,108.4066390991211,107.54068756103516,108.90821838378906,108.24047088623047,106.89247131347656,102.88343048095703,101.98039245605469,100.64790344238281,100.64790344238281,95.34149169921875,94.84724426269531,91.54779815673828,87.09190368652344,88.0227279663086,87.46427917480469,81.3449478149414,80.05622863769531,80.0062484741211,76.216796875,72.73238372802734,74.0,71.86793518066406,68.62215423583984,71.16881561279297,68.3081283569336,68.3081283569336,70.8307876586914,69.37578582763672,69.58448028564453,68.18357849121094,67.00746154785156
0,-38,-95,13,29,107.85638427734375,107.85638427734375,108.811767578125,108.24047088623047,107.56393432617188,105.6503677368164,104.69479370117188,101.51354217529297,100.88111877441406,100.08995819091797,99.16148376464844,99.80982208251953,97.50897216796875,96.15092468261719,96.60227966308594,98.0051040649414,98.61541748046875,98.61541748046875,102.92716217041016,105.47511291503906,104.8093490600586,105.67875671386719,103.94229125976562,106.8503646850586,105.19029998779297,105.11898040771484,101.96568298339844,100.17984008789062,97.50897216796875,93.91485595703125,92.19544219970703,92.61209106445312,88.63971710205078,85.61541748046875,85.61541748046875,81.54139709472656,80.77747344970703,77.6208724975586,74.46475982666016,73.16419982910156,69.6419448852539,70.57620239257812,68.70953369140625,66.128662109375,67.67569732666016,64.51356506347656,65.45991516113281,67.72000885009766,65.73431396484375,66.0984115600586,65.37583923339844,64.0078125
0,-35,-95,11,36,106.32967376708984,105.30906677246094,108.30050659179688,107.04204559326172,104.8093490600586,100.4987564086914,103.94229125976562,101.59724426269531,101.212646484375,100.17984008789062,99.28242492675781,96.66436767578125,96.93296813964844,99.02020263671875,97.14422607421875,100.24469757080078,96.5660400390625,101.83319854736328,98.95453643798828,104.12012481689453,103.44564056396484,105.6503677368164,104.9952392578125,105.08092498779297,103.09219360351562,103.09219360351562,102.88343048095703,101.95096588134766,98.23441314697266,98.0866928100586,91.18113708496094,95.4620361328125,90.62008666992188,89.55445098876953,87.72685241699219,84.69356536865234,82.85529327392578,77.47257232666016,76.48529052734375,74.6860122680664,75.58438873291016,70.68238830566406,72.49827575683594,68.42514038085938,68.87670135498047,68.47627258300781,68.09552001953125,68.79679870605469,68.50547790527344,68.4105224609375,67.35725402832031,67.89698028564453
0,-35,-95,11,37,109.04127502441406,106.00471496582031,111.04053497314453,110.0,106.0,108.01851654052734,106.00471496582031,103.0436782836914,101.04454803466797,99.32270812988281,98.50888061523438,97.73944854736328,101.60708618164062,100.0199966430664,99.04039764404297,99.46356201171875,101.2422866821289,100.68763732910156,104.69479370117188,105.51303100585938,107.96759033203125,105.36128234863281,106.23088073730469,107.2800064086914,107.20074462890625,106.73331451416016,105.01904296875,101.86756134033203,101.63660430908203,100.22474670410156,97.08243560791016,95.34149169921875,93.17188262939453,87.4757080078125,88.1192398071289,84.34452819824219,84.17243957519531,79.07591247558594,78.26238250732422,77.10382843017578,78.26238250732422,76.11833190917969,74.3303451538086,72.69112396240234,70.03570556640625,70.45565795898438,69.46221923828125,68.26419067382812,68.06614685058594,70.0,67.26811981201172,67.89698028564453
0,-35,-95,11,37,109.7861557006836,107.05606079101562,111.39569091796875,107.05606079101562,110.63453674316406,104.06248474121094,104.89041900634766,103.4794692993164,103.07764434814453,101.82828521728516,99.48869323730469,101.0197982788086,100.12492370605469,100.40418243408203,97.41663360595703,101.3558120727539,98.97979736328125,104.31682586669922,105.0951919555664,108.70602416992188,107.54068756103516,111.01801300048828,107.18675231933594,108.30050659179688,107.70329284667969,107.70329284667969,101.78899383544922,107.070068359375,99.04544067382812,102.34255981445312,96.60745239257812,95.21029663085938,90.60353088378906,89.64373779296875,86.60831451416016,84.20214080810547,81.83519744873047,79.64923095703125,79.2022705078125,76.83749389648438,74.65252685546875,74.65252685546875,73.10950469970703,68.7677230834961,71.70076751708984,67.20863342285156,67.94115447998047,67.88224792480469,69.35416412353516,71.0633544921875,69.40460968017578,68.09552001953125
0,-35,-95,11,37,105.20931243896484,106.8316421508789,107.07473754882812,111.50336456298828,106.25440979003906,110.11357879638672,103.17460632324219,104.8475112915039,102.07839965820312,97.75479888916016,100.4987564086914,98.0051040649414,101.07422637939453,101.07917785644531,102.956298828125,97.69339752197266,102.88343048095703,101.59232330322266,107.51744079589844,107.56393432617188,107.56393432617188,108.84851837158203,105.47511291503906,110.13627624511719,109.00458526611328,108.07867431640625,103.61949920654297,102.956298828125,103.87010955810547,95.2575454711914,95.7078857421875,99.31767272949219,97.69339752197266,88.54942321777344,88.10221099853516,84.5280990600586,82.76472473144531,82.36504364013672,80.62257385253906,77.82672882080078,74.4311752319336,73.43023681640625,68.96376037597656,73.43023681640625,70.8307876586914,67.23094177246094,65.51335906982422,68.818603515625,66.85057830810547,70.60453033447266,67.20863342285156,68.680419921875
0,-35,-95,11,37,109.41663360595703,108.16654205322266,111.01801300048828,109.11003875732422,110.72488403320312,102.14205932617188,107.85638427734375,104.40306854248047,103.58088684082031,104.8093490600586,103.07764434814453,101.98039245605469,101.11874389648438,99.14131164550781,98.0051040649414,104.58011627197266,99.2471694946289,103.23758697509766,105.01904296875,109.07337188720703,104.30723571777344,108.22661590576172,110.36756896972656,110.45361328125,108.37435150146484,103.31021118164062,101.59724426269531,102.8250961303711,99.84988403320312,99.98500061035156,95.03683471679688,95.03683471679688,93.90420532226562,89.44271850585938,89.05054473876953,88.45903015136719,82.22530364990234,78.44743347167969,78.44743347167969,76.68767547607422,78.64476776123047,70.61161041259766,76.68767547607422,70.61161041259766,71.30918884277344,70.8307876586914,68.4105224609375,69.6419448852539,72.11102294921875,71.17584228515625,69.31810760498047,67.41661834716797
0,-37,-95,14,25,104.56098937988281,107.61505126953125,107.070068359375,106.50821685791016,104.56098937988281,102.34255981445312,101.78899383544922,100.70252990722656,99.12618255615234,97.75479888916016,98.61541748046875,96.17691802978516,96.17691802978516,96.60745239257812,96.60745239257812,97.69339752197266,98.79270935058594,97.86214447021484,101.51354217529297,100.90093994140625,103.24727630615234,105.10946655273438,101.76934814453125,104.54663848876953,103.46980285644531,102.956298828125,99.74467468261719,98.38699340820312,97.06183624267578,93.4772720336914,92.59049987792969,89.94442749023438,88.58893585205078,85.95928955078125,83.35466766357422,79.75587463378906,77.69813537597656,76.32168579101562,75.47184753417969,73.24616241455078,71.02112579345703,68.79679870605469,68.79679870605469,67.67569732666016,66.0302963256836,63.82006072998047,64.40496826171875,64.81512451171875,63.89052963256836,65.0691909790039,64.44377136230469,65.0
0,-35,-95,11,38,110.47624206542969,113.43721008300781,110.3177261352539,113.60017395019531,108.67382049560547,110.3177261352539,107.05606079101562,106.79419708251953,104.8093490600586,104.30723571777344,104.47966003417969,103.17460632324219,102.04410552978516,101.0197982788086,105.01904296875,105.07616424560547,106.38138580322266,104.3886947631836,111.01801300048828,107.05606079101562,109.55364227294922,113.44161224365234,109.55364227294922,111.36426544189453,112.16059875488281,111.11255645751953,109.29318237304688,105.07616424560547,105.01904296875,102.01960754394531,99.02020263671875,98.04590606689453,95.00526428222656,94.02127075195312,92.00543212890625,88.00568389892578,89.14033508300781,83.05419921875,80.05622863769531,79.02531433105469,76.16429901123047,76.05918884277344,73.00685119628906,71.02816009521484,73.06161499023438,68.18357849121094,70.028564453125,71.34423828125,69.46221923828125,70.40596771240234,71.56814575195312,70.93659210205078
0,-37,-95,13,29,106.25440979003906,108.46658325195312,110.44002532958984,108.15729522705078,108.15729522705078,106.25440979003906,105.9480972290039,102.2007827758789,101.92153930664062,98.95453643798828,100.16985321044922,100.0199966430664,99.29753112792969,99.14131164550781,96.87621307373047,100.60317993164062,100.31948852539062,100.40418243408203,103.12128448486328,105.23307800292969,104.3886947631836,105.3043212890625,103.69667053222656,105.3043212890625,105.68348693847656,104.8093490600586,101.27191162109375,100.9752426147461,97.32420349121094,96.17691802978516,94.3663101196289,93.74433135986328,91.7823486328125,87.86353302001953,85.37564086914062,82.97589874267578,82.22530364990234,79.07591247558594,76.40026092529297,75.43209075927734,74.21590423583984,71.30918884277344,70.3420181274414,69.6419448852539,68.4105224609375,67.05221557617188,67.35725402832031,68.00735473632812,67.62396240234375,67.11929321289062,66.24198150634766,67.67569732666016
0,-38,-95,14,25,104.29285430908203,104.86181640625,107.070068359375,105.68348693847656,105.11898040771484,102.07839965820312,100.68763732910156,100.43903350830078,98.47334289550781,98.79270935058594,96.7470932006836,95.29428100585938,95.7078857421875,96.66436767578125,94.84724426269531,97.86214447021484,96.4624252319336,98.68130493164062,100.24469757080078,102.52804565429688,104.0,103.24727630615234,101.39033508300781,102.78618621826172,103.24727630615234,102.15674591064453,99.80982208251953,98.89894104003906,95.2732925415039,93.52005004882812,89.89994812011719,89.89437866210938,87.6584243774414,85.8836441040039,84.11896514892578,81.41252899169922,77.82672882080078,75.13321685791016,74.24284362792969,70.23532104492188,70.23532104492188,68.88395690917969,67.5351791381836,66.73080444335938,65.86349487304688,64.66065216064453,65.45991516113281,65.45991516113281,64.40496826171875,64.81512451171875,63.70243453979492,64.44377136230469
0,-35,-95,11,38,110.00454711914062,112.0,112.01785278320312,111.0,110.00454711914062,107.00466918945312,107.01869201660156,107.04204559326172,106.01886749267578,103.31021118164062,102.39628601074219,103.81714630126953,104.39348602294922,101.27191162109375,102.42070007324219,101.41498565673828,104.04806518554688,104.04806518554688,108.52188873291016,108.93116760253906,109.3846435546875,112.53887939453125,110.11357879638672,113.03096771240234,111.00450134277344,111.00450134277344,107.87029266357422,104.56098937988281,105.38026428222656,103.4069595336914,99.14131164550781,94.8946762084961,93.64827728271484,91.66242218017578,91.54779815673828,87.57283020019531,85.37564086914062,83.2946548461914,80.22468566894531,80.3056640625,76.10519409179688,76.2364730834961,76.10519409179688,73.17103576660156,71.0633544921875,71.00704193115234,71.02816009521484,70.00714111328125,70.1783447265625,69.2603759765625,71.84706115722656,71.84010314941406
0,-35,-95,12,34,111.82575988769531,111.82575988769531,111.82575988769531,110.42192077636719,111.6646728515625,107.61505126953125,108.811767578125,107.80074310302734,108.22661590576172,106.25440979003906,102.34255981445312,102.39628601074219,102.21546173095703,103.44564056396484,100.7223892211914,103.31021118164062,104.69479370117188,102.88343048095703,106.23088073730469,110.07270050048828,107.83784484863281,111.89280700683594,108.67382049560547,111.80339813232422,109.59014892578125,110.05907440185547,110.05907440185547,106.32967376708984,104.10091400146484,99.4786376953125,96.5660400390625,100.16985321044922,95.71833801269531,92.6498794555664,91.26335144042969,88.48163604736328,86.02325439453125,81.84130859375,81.02468872070312,77.42092895507812,77.42092895507812,77.801025390625,73.40980529785156,71.61005401611328,70.60453033447266,71.0633544921875,70.83784484863281,72.18032836914062,70.83784484863281,72.34638977050781,69.81404113769531,73.7834701538086
0,-35,-95,12,32,101.53324890136719,106.82696533203125,108.23123168945312,107.1680908203125,103.5857162475586,102.303466796875,101.67103576660156,100.42410278320312,100.0,97.6524429321289,98.18350219726562,96.04165649414062,96.7470932006836,95.77056121826172,93.53608703613281,95.7131118774414,97.98979187011719,98.84330749511719,99.00505065917969,100.31948852539062,101.55294036865234,103.36827087402344,101.98039245605469,102.55242919921875,103.31505584716797,104.65657806396484,100.64790344238281,100.7223892211914,95.88013458251953,96.25486755371094,92.43917083740234,88.83692932128906,91.26883697509766,84.90583038330078,85.4400405883789,80.77747344970703,83.00602722167969,78.23043060302734,76.00657653808594,75.1664810180664,71.86793518066406,69.89277648925781,69.065185546875,67.95587158203125,67.67569732666016,65.802734375,68.60028839111328,67.47592163085938,66.06814575195312,66.48307800292969,65.85590362548828,67.47592163085938
0,-35,-95,11,37,105.60302734375,107.64757537841797,102.41581726074219,106.50821685791016,102.64988708496094,103.81233215332031,103.46980285644531,99.20181274414062,99.20181274414062,97.45255279541016,96.33275604248047,97.0,97.67292022705078,96.2081069946289,94.79451751708984,97.83660125732422,101.53324890136719,98.08159637451172,104.01922607421875,100.89598846435547,102.94173431396484,106.52699279785156,100.12492370605469,102.00489807128906,102.303466796875,104.9952392578125,102.72779846191406,99.76472473144531,97.59098052978516,92.69843292236328,92.6336898803711,91.21951293945312,89.80534362792969,84.85281372070312,84.85281372070312,81.3449478149414,81.32035064697266,76.41989135742188,75.69015502929688,75.69015502929688,70.03570556640625,72.91776275634766,69.3108901977539,68.62215423583984,65.11528015136719,65.29930877685547,69.65629577636719,66.21932983398438,69.065185546875,67.41661834716797,67.11929321289062,65.7419204711914
0,-35,-95,11,37,109.77249145507812,105.57461547851562,109.77249145507812,108.90362548828125,108.66461944580078,104.58011627197266,104.93807983398438,100.12991333007812,100.28459167480469,101.20276641845703,99.82484436035156,98.71676635742188,102.88343048095703,99.04039764404297,100.88111877441406,100.88111877441406,101.76934814453125,100.6578369140625,105.7024154663086,106.6208267211914,104.54663848876953,107.54068756103516,107.56393432617188,106.77546691894531,107.56393432617188,104.69479370117188,102.78618621826172,104.35516357421875,99.92997741699219,97.80081939697266,95.21029663085938,95.50916290283203,93.96276092529297,89.5600357055664,88.05680084228516,86.12781524658203,83.6779556274414,79.30951690673828,77.1297607421875,76.40026092529297,75.70997619628906,68.4105224609375,74.46475982666016,68.65857696533203,69.42621612548828,68.06614685058594,69.23149871826172,68.88395690917969,68.35934448242188,70.028564453125,69.02897644042969,66.61080932617188
0,-35,-95,11,38,106.96260833740234,106.10372161865234,111.12605285644531,107.51744079589844,106.8316421508789,104.80458068847656,105.47511291503906,101.98039245605469,102.17631530761719,101.82828521728516,100.42410278320312,99.04544067382812,102.08329772949219,99.64437103271484,97.09788513183594,103.44564056396484,101.07422637939453,102.08329772949219,105.0951919555664,106.00471496582031,104.31682586669922,110.9414291381836,106.0660171508789,107.35455322265625,106.55046081542969,103.07764434814453,102.21546173095703,103.5857162475586,101.0197982788086,100.70252990722656,93.74433135986328,96.51942443847656,96.26006317138672,91.60785675048828,88.7524642944336,86.26702880859375,84.31488800048828,78.49203491210938,78.49203491210938,73.60027313232422,74.06078338623047,74.06078338623047,72.42237091064453,71.84706115722656,68.60028839111328,66.06814575195312,66.84310150146484,69.65629577636719,68.680419921875,71.4212875366211,66.70832061767578,67.42403411865234
0,-35,-95,12,33,105.38026428222656,106.79419708251953,104.65180206298828,106.77546691894531,103.24727630615234,106.07544708251953,101.13851928710938,100.41912078857422,96.8968505859375,97.83660125732422,96.82975006103516,97.20082092285156,95.44107818603516,92.9139404296875,96.83490753173828,97.34988403320312,98.27003479003906,97.41663360595703,100.34440612792969,99.12618255615234,100.70252990722656,102.62553405761719,100.70252990722656,103.44564056396484,105.47511291503906,104.30723571777344,100.68763732910156,98.0051040649414,100.43903350830078,95.44107818603516,92.00543212890625,92.80086517333984,85.6037368774414,87.20092010498047,88.09085845947266,82.00609588623047,81.4002456665039,76.83749389648438,76.83749389648438,75.28611755371094,70.93659210205078,73.87828063964844,68.11754608154297,67.47592163085938,65.85590362548828,65.85590362548828,65.0691909790039,66.4680404663086,65.0691909790039,67.47592163085938,67.80117797851562,67.23094177246094
0,-35,-95,11,38,117.64778137207031,114.49454498291016,116.2755355834961,116.7261734008789,114.06138610839844,113.14591979980469,110.46266174316406,107.93516540527344,109.65856170654297,107.33592224121094,107.56393432617188,107.91200256347656,104.69479370117188,105.08092498779297,106.73799896240234,108.90821838378906,107.07940673828125,106.09900665283203,110.81967163085938,111.80339813232422,112.80514526367188,115.31695556640625,116.92733001708984,114.14026641845703,112.80514526367188,114.2365951538086,108.41586303710938,109.8954086303711,107.20074462890625,106.73799896240234,102.14205932617188,98.76234436035156,98.37174224853516,93.60555267333984,94.86833190917969,94.25497436523438,88.25531005859375,82.87339782714844,82.87339782714844,80.99382781982422,78.10890197753906,80.3243408203125,78.18567657470703,72.80110168457031,72.23572540283203,72.23572540283203,75.23961639404297,74.32361602783203,73.79024505615234,75.66372680664062,74.3303451538086,73.87828063964844
